22:45:12.786 INFO:     Sampler preset "qwen38_thinking": temperature 0.6, top_k
                       20, top_p 0.95
22:45:12.823 INFO:     exllamav3 version: 1.5.0
22:45:14.148 INFO:     Using main model MTP component for drafting
22:45:14.168 INFO:     Context: max_seq_len 262,144 tokens (configured),
                       cache_size 983,040 tokens
22:45:14.219 INFO:     Using tool format: qwen3_coder
22:45:14.219 INFO:     Using template "chat_template" for chat completions.
22:45:16.317 INFO:     Loading model
                       /models/qwen3.8-flash-next-exl3-2.50bpw-r0b0tlab (manual
                       GPU split)
Loading vision modules ━━━━━━━━━━━━━━━━━━━━━━━━━━━━━━━━━━━━━━ 100% 30/30 0:00:00
Loading draft modules  ━━━━━━━━━━━━━━━━━━━━━━━━━━━━━━━━━━━━━━ 100% 3/3   0:00:00
Loading model modules  ━━━━━━━━━━━━━━━━━━━━━━━━━━━━━━━━━━━━━━ 100% 53/53 0:00:00
EXL3_EMBED_GPU_PRUNED=1: embedding mirror 65536 of 248320 rows (320.0 MiB, prefix) on cuda:1
22:45:23.842 INFO:     Model loaded in 9.6 s

22:45:23.842 WARNING:  Disabling authentication makes your instance vulnerable.
                       Set the `disable_auth` flag to False in config.yml if you
                       want to share this instance with others.
22:45:23.843 WARNING:  With authentication disabled and `allowed_origins` left
                       at ["*"], any website open in a browser on this machine
                       can send requests to this instance and read the
                       responses, including admin endpoints. Set
                       `network.allowed_origins` to your own frontends (or [])
                       unless you use a browser-based frontend that needs it.
22:45:23.843 INFO:     Serving OAI API on http://0.0.0.0:8022 (docs at
                       http://0.0.0.0:8022/redoc)
22:45:25.621 INFO:     #3 completions: 3 prompt tokens · temperature: 0, greedy
                       (req), max_tokens: 16 (req)
densegemm lcguard: device 1: dense calls on the QSA side branch use the side scratch (hctr upper half, side slots)
densegemm lcguard: device 0: dense calls on the QSA side branch use the side scratch (hctr upper half, side slots)
22:45:26.016 INFO:     #3 completions: 16 tokens generated at 106.4 T/s · prompt
                       3 tokens, none cached, 3 new in 0.23 s · first token 0.24
                       s, total 0.39 s · draft 8/24 accepted (33%) · max_tokens
                       reached
22:45:26.239 INFO:     #5 chat/completions: 73 prompt tokens · temperature: 0,
                       greedy (req), max_tokens: 64 (req), min_tokens: 64 (req)
22:45:26.240 INFO:     #6 chat/completions: 73 prompt tokens · temperature: 0,
                       greedy (req), max_tokens: 64 (req), min_tokens: 64 (req)
22:45:26.463 INFO:     #7 chat/completions: 73 prompt tokens · temperature: 0,
                       greedy (req), max_tokens: 64 (req), min_tokens: 64 (req)
22:45:26.568 INFO:     #8 chat/completions: 73 prompt tokens · temperature: 0,
                       greedy (req), max_tokens: 64 (req), min_tokens: 64 (req)
22:45:26.998 INFO:     #6 chat/completions: 64 tokens generated at 126.5 T/s ·
                       prompt 73 tokens, none cached, 73 new in 0.08 s · queued
                       0.12 s, first token 0.20 s, total 0.71 s · draft 44/60
                       accepted (73%) · max_tokens reached
22:45:26.999 INFO:     #5 chat/completions: 64 tokens generated at 117.9 T/s ·
                       prompt 73 tokens, none cached, 73 new in 0.19 s · first
                       token 0.20 s, total 0.74 s · draft 42/66 accepted (64%) ·
                       max_tokens reached
22:45:27.000 INFO:     #8 chat/completions: 64 tokens generated at 191.7 T/s ·
                       prompt 73 tokens, none cached, 73 new in 0.08 s · first
                       token 0.08 s, total 0.42 s · draft 44/60 accepted (73%) ·
                       max_tokens reached
22:45:27.000 INFO:     #7 chat/completions: 64 tokens generated at 143.1 T/s ·
                       prompt 73 tokens, none cached, 73 new in 0.08 s · first
                       token 0.09 s, total 0.53 s · draft 42/66 accepted (64%) ·
                       max_tokens reached
22:45:37.947 INFO:     #12 chat/completions (stream): 92 prompt tokens ·
                       temperature: 0, greedy (req), max_tokens: 256 (req),
                       min_tokens: 256 (req)
22:45:38.059 INFO:     #13 chat/completions (stream): 511 prompt tokens ·
                       temperature: 0, greedy (req), max_tokens: 256 (req),
                       min_tokens: 256 (req)
22:45:38.212 INFO:     #14 chat/completions (stream): 74 prompt tokens ·
                       temperature: 0, greedy (req), max_tokens: 256 (req),
                       min_tokens: 256 (req)
22:45:38.437 INFO:     #15 chat/completions (stream): 87 prompt tokens ·
                       temperature: 0, greedy (req), max_tokens: 256 (req),
                       min_tokens: 256 (req)
22:45:40.008 INFO:     #12 chat/completions (stream): 256 tokens generated at
                       135.1 T/s · prompt 92 tokens, none cached, 92 new in 0.09
                       s · first token 0.10 s, total 1.99 s · draft 175/243
                       accepted (72%) · max_tokens reached
22:45:40.057 INFO:     #16 chat/completions (stream): 105 prompt tokens ·
                       temperature: 0, greedy (req), max_tokens: 256 (req),
                       min_tokens: 256 (req)
22:45:40.273 INFO:     #13 chat/completions (stream): 256 tokens generated at
                       143.3 T/s · prompt 511 tokens, none cached, 511 new in
                       0.36 s (1,419 T/s) · first token 0.37 s, total 2.15 s ·
                       draft 167/267 accepted (63%) · max_tokens reached
22:45:40.323 INFO:     #17 chat/completions (stream): 121 prompt tokens ·
                       temperature: 0, greedy (req), max_tokens: 256 (req),
                       min_tokens: 256 (req)
22:45:40.525 INFO:     #15 chat/completions (stream): 256 tokens generated at
                       132.4 T/s · prompt 87 tokens, none cached, 87 new in 0.09
                       s · first token 0.09 s, total 2.03 s · draft 159/291
                       accepted (55%) · max_tokens reached
22:45:40.539 INFO:     #14 chat/completions (stream): 256 tokens generated at
                       124.5 T/s · prompt 74 tokens, none cached, 74 new in 0.08
                       s · queued 0.13 s, first token 0.21 s, total 2.27 s ·
                       draft 157/297 accepted (53%) · max_tokens reached
22:45:40.566 INFO:     #18 chat/completions (stream): 74 prompt tokens ·
                       temperature: 0, greedy (req), max_tokens: 256 (req),
                       min_tokens: 256 (req)
22:45:40.665 INFO:     #19 chat/completions (stream): 78 prompt tokens ·
                       temperature: 0, greedy (req), max_tokens: 256 (req),
                       min_tokens: 256 (req)
22:45:41.796 INFO:     #16 chat/completions (stream): 256 tokens generated at
                       162.5 T/s · prompt 105 tokens, none cached, 105 new in
                       0.09 s · first token 0.10 s, total 1.67 s · draft 181/225
                       accepted (80%) · max_tokens reached
22:45:41.845 INFO:     #20 chat/completions (stream): 62 prompt tokens ·
                       temperature: 0, greedy (req), max_tokens: 256 (req),
                       min_tokens: 256 (req)
22:45:42.109 INFO:     #17 chat/completions (stream): 256 tokens generated at
                       158.3 T/s · prompt 121 tokens, none cached, 121 new in
                       0.10 s · first token 0.10 s, total 1.72 s · draft 177/237
                       accepted (75%) · max_tokens reached
22:45:42.158 INFO:     #21 chat/completions (stream): 64 prompt tokens ·
                       temperature: 0, greedy (req), max_tokens: 256 (req),
                       min_tokens: 256 (req)
22:45:42.606 INFO:     #18 chat/completions (stream): 256 tokens generated at
                       134.7 T/s · prompt 74 tokens, none cached, 74 new in 0.08
                       s · first token 0.09 s, total 1.99 s · draft 161/285
                       accepted (56%) · max_tokens reached
22:45:42.620 INFO:     #19 chat/completions (stream): 256 tokens generated at
                       141.0 T/s · prompt 78 tokens, none cached, 78 new in 0.08
                       s · first token 0.08 s, total 1.90 s · draft 161/285
                       accepted (56%) · max_tokens reached
22:45:42.648 INFO:     #22 chat/completions (stream): 89 prompt tokens ·
                       temperature: 0, greedy (req), max_tokens: 256 (req),
                       min_tokens: 256 (req)
22:45:42.754 INFO:     #23 chat/completions (stream): 109 prompt tokens ·
                       temperature: 0, greedy (req), max_tokens: 256 (req),
                       min_tokens: 256 (req)
22:45:43.919 INFO:     #20 chat/completions (stream): 256 tokens generated at
                       132.4 T/s · prompt 62 tokens, none cached, 62 new in 0.07
                       s · first token 0.08 s, total 2.01 s · draft 163/279
                       accepted (58%) · max_tokens reached
22:45:43.970 INFO:     #24 chat/completions (stream): 829 prompt tokens ·
                       temperature: 0, greedy (req), max_tokens: 256 (req),
                       min_tokens: 256 (req)
22:45:44.608 INFO:     #22 chat/completions (stream): 256 tokens generated at
                       141.3 T/s · prompt 89 tokens, none cached, 89 new in 0.08
                       s · first token 0.09 s, total 1.90 s · draft 179/231
                       accepted (77%) · max_tokens reached
22:45:44.635 INFO:     #21 chat/completions (stream): 256 tokens generated at
                       109.1 T/s · prompt 64 tokens, none cached, 64 new in 0.07
                       s · first token 0.07 s, total 2.42 s · draft 152/312
                       accepted (49%) · max_tokens reached
22:45:44.648 INFO:     #25 chat/completions (stream): 67 prompt tokens ·
                       temperature: 0, greedy (req), max_tokens: 256 (req),
                       min_tokens: 256 (req)
22:45:44.760 INFO:     #26 chat/completions (stream): 201 prompt tokens ·
                       temperature: 0, greedy (req), max_tokens: 256 (req),
                       min_tokens: 256 (req)
22:45:44.912 INFO:     #23 chat/completions (stream): 256 tokens generated at
                       135.1 T/s · prompt 109 tokens, none cached, 109 new in
                       0.09 s · first token 0.09 s, total 1.99 s · draft 172/252
                       accepted (68%) · max_tokens reached
22:45:44.960 INFO:     #27 chat/completions (stream): 88 prompt tokens ·
                       temperature: 0, greedy (req), max_tokens: 256 (req),
                       min_tokens: 256 (req)
22:45:46.057 INFO:     #24 chat/completions (stream): 256 tokens generated at
                       150.3 T/s · prompt 829 tokens, none cached, 829 new in
                       0.31 s (2,674 T/s) · first token 0.32 s, total 2.02 s ·
                       draft 174/246 accepted (71%) · max_tokens reached
22:45:46.107 INFO:     #28 chat/completions (stream): 84 prompt tokens ·
                       temperature: 0, greedy (req), max_tokens: 256 (req),
                       min_tokens: 256 (req)
22:45:46.438 INFO:     #25 chat/completions (stream): 256 tokens generated at
                       155.7 T/s · prompt 67 tokens, none cached, 67 new in 0.07
                       s · first token 0.08 s, total 1.72 s · draft 179/231
                       accepted (77%) · max_tokens reached
22:45:46.490 INFO:     #29 chat/completions (stream): 735 prompt tokens ·
                       temperature: 0, greedy (req), max_tokens: 256 (req),
                       min_tokens: 256 (req)
22:45:46.868 INFO:     #26 chat/completions (stream): 256 tokens generated at
                       132.1 T/s · prompt 201 tokens, none cached, 201 new in
                       0.10 s · first token 0.11 s, total 2.04 s · draft 171/255
                       accepted (67%) · max_tokens reached
22:45:46.916 INFO:     #30 chat/completions (stream): 72 prompt tokens ·
                       temperature: 0, greedy (req), max_tokens: 256 (req),
                       min_tokens: 256 (req)
22:45:47.297 INFO:     #27 chat/completions (stream): 256 tokens generated at
                       117.1 T/s · prompt 88 tokens, none cached, 88 new in 0.08
                       s · first token 0.09 s, total 2.27 s · draft 157/297
                       accepted (53%) · max_tokens reached
22:45:47.349 INFO:     #32 chat/completions (stream): 1,231 prompt tokens ·
                       temperature: 0, greedy (req), max_tokens: 256 (req),
                       min_tokens: 256 (req)
22:45:48.493 INFO:     #28 chat/completions (stream): 256 tokens generated at
                       114.6 T/s · prompt 84 tokens, none cached, 84 new in 0.08
                       s · first token 0.09 s, total 2.32 s · draft 166/270
                       accepted (61%) · max_tokens reached
22:45:48.541 INFO:     #33 chat/completions (stream): 134 prompt tokens ·
                       temperature: 0, greedy (req), max_tokens: 256 (req),
                       min_tokens: 256 (req)
22:45:48.897 INFO:     #29 chat/completions (stream): 256 tokens generated at
                       124.1 T/s · prompt 735 tokens, none cached, 735 new in
                       0.27 s (2,722 T/s) · first token 0.28 s, total 2.34 s ·
                       draft 167/267 accepted (63%) · max_tokens reached
22:45:48.948 INFO:     #34 chat/completions (stream): 1,082 prompt tokens ·
                       temperature: 0, greedy (req), max_tokens: 256 (req),
                       min_tokens: 256 (req)
22:45:49.783 INFO:     #32 chat/completions (stream): 256 tokens generated at
                       125.8 T/s · prompt 1,231 tokens, none cached, 1,231 new
                       in 0.33 s (3,730 T/s) · first token 0.34 s, total 2.37 s
                       · draft 166/270 accepted (61%) · max_tokens reached
22:45:49.812 INFO:     #30 chat/completions (stream): 256 tokens generated at
                       92.8 T/s · prompt 72 tokens, none cached, 72 new in 0.07
                       s · first token 0.08 s, total 2.83 s · draft 143/339
                       accepted (42%) · max_tokens reached
22:45:49.826 INFO:     #35 chat/completions (stream): 84 prompt tokens ·
                       temperature: 0, greedy (req), max_tokens: 256 (req),
                       min_tokens: 256 (req)
22:45:49.946 INFO:     #36 chat/completions (stream): 78 prompt tokens ·
                       temperature: 0, greedy (req), max_tokens: 256 (req),
                       min_tokens: 256 (req)
22:45:50.559 INFO:     #33 chat/completions (stream): 256 tokens generated at
                       139.0 T/s · prompt 134 tokens, none cached, 134 new in
                       0.11 s · first token 0.12 s, total 1.96 s · draft 180/228
                       accepted (79%) · max_tokens reached
22:45:50.608 INFO:     #37 chat/completions (stream): 70 prompt tokens ·
                       temperature: 0, greedy (req), max_tokens: 256 (req),
                       min_tokens: 256 (req)
22:45:51.513 INFO:     #34 chat/completions (stream): 256 tokens generated at
                       119.3 T/s · prompt 1,082 tokens, none cached, 1,082 new
                       in 0.35 s (3,091 T/s) · first token 0.35 s, total 2.50 s
                       · draft 149/321 accepted (46%) · max_tokens reached
22:45:51.561 INFO:     #38 chat/completions (stream): 149 prompt tokens ·
                       temperature: 0, greedy (req), max_tokens: 256 (req),
                       min_tokens: 256 (req)
22:45:51.808 INFO:     #35 chat/completions (stream): 256 tokens generated at
                       139.9 T/s · prompt 84 tokens, none cached, 84 new in 0.08
                       s · first token 0.09 s, total 1.92 s · draft 167/267
                       accepted (63%) · max_tokens reached
22:45:51.854 INFO:     #39 chat/completions (stream): 258 prompt tokens ·
                       temperature: 0, greedy (req), max_tokens: 256 (req),
                       min_tokens: 256 (req)
22:45:52.044 INFO:     #36 chat/completions (stream): 256 tokens generated at
                       141.5 T/s · prompt 78 tokens, none cached, 78 new in 0.08
                       s · first token 0.09 s, total 1.89 s · draft 163/279
                       accepted (58%) · max_tokens reached
22:45:52.095 INFO:     #40 chat/completions (stream): 109 prompt tokens ·
                       temperature: 0, greedy (req), max_tokens: 256 (req),
                       min_tokens: 256 (req)
22:45:52.670 INFO:     #37 chat/completions (stream): 256 tokens generated at
                       133.8 T/s · prompt 70 tokens, none cached, 70 new in 0.08
                       s · first token 0.09 s, total 2.00 s · draft 166/270
                       accepted (61%) · max_tokens reached
22:45:52.719 INFO:     #41 chat/completions (stream): 105 prompt tokens ·
                       temperature: 0, greedy (req), max_tokens: 256 (req),
                       min_tokens: 256 (req)
22:45:53.522 INFO:     #38 chat/completions (stream): 256 tokens generated at
                       142.2 T/s · prompt 149 tokens, none cached, 149 new in
                       0.09 s · first token 0.10 s, total 1.90 s · draft 173/249
                       accepted (69%) · max_tokens reached
22:45:53.573 INFO:     #42 chat/completions (stream): 788 prompt tokens ·
                       temperature: 0, greedy (req), max_tokens: 256 (req),
                       min_tokens: 256 (req)
22:45:53.915 INFO:     #39 chat/completions (stream): 256 tokens generated at
                       139.5 T/s · prompt 258 tokens, none cached, 258 new in
                       0.15 s (1,720 T/s) · first token 0.16 s, total 1.99 s ·
                       draft 175/243 accepted (72%) · max_tokens reached
22:45:53.963 INFO:     #43 chat/completions (stream): 62 prompt tokens ·
                       temperature: 0, greedy (req), max_tokens: 256 (req),
                       min_tokens: 256 (req)
22:45:54.247 INFO:     #40 chat/completions (stream): 256 tokens generated at
                       128.9 T/s · prompt 109 tokens, none cached, 109 new in
                       0.09 s · first token 0.10 s, total 2.08 s · draft 165/273
                       accepted (60%) · max_tokens reached
22:45:54.299 INFO:     #44 chat/completions (stream): 1,445 prompt tokens ·
                       temperature: 0, greedy (req), max_tokens: 256 (req),
                       min_tokens: 256 (req)
22:45:55.148 INFO:     #41 chat/completions (stream): 256 tokens generated at
                       113.0 T/s · prompt 105 tokens, none cached, 105 new in
                       0.09 s · first token 0.10 s, total 2.36 s · draft 164/276
                       accepted (59%) · max_tokens reached
22:45:55.221 INFO:     #45 chat/completions (stream): 159 prompt tokens ·
                       temperature: 0, greedy (req), max_tokens: 256 (req),
                       min_tokens: 256 (req)
22:45:55.826 INFO:     #42 chat/completions (stream): 256 tokens generated at
                       130.1 T/s · prompt 788 tokens, none cached, 788 new in
                       0.22 s (3,582 T/s) · first token 0.23 s, total 2.19 s ·
                       draft 175/243 accepted (72%) · max_tokens reached
22:45:55.876 INFO:     #46 chat/completions (stream): 705 prompt tokens ·
                       temperature: 0, greedy (req), max_tokens: 256 (req),
                       min_tokens: 256 (req)
22:45:56.334 INFO:     #43 chat/completions (stream): 256 tokens generated at
                       114.7 T/s · prompt 62 tokens, none cached, 62 new in 0.07
                       s · first token 0.07 s, total 2.31 s · draft 171/255
                       accepted (67%) · max_tokens reached
22:45:56.383 INFO:     #47 chat/completions (stream): 62 prompt tokens ·
                       temperature: 0, greedy (req), max_tokens: 256 (req),
                       min_tokens: 256 (req)
22:45:56.896 INFO:     #44 chat/completions (stream): 256 tokens generated at
                       118.4 T/s · prompt 1,445 tokens, none cached, 1,445 new
                       in 0.37 s (3,905 T/s) · first token 0.37 s, total 2.54 s
                       · draft 159/291 accepted (55%) · max_tokens reached
22:45:56.938 INFO:     #48 chat/completions (stream): 796 prompt tokens ·
                       temperature: 0, greedy (req), max_tokens: 256 (req),
                       min_tokens: 256 (req)
22:45:56.939 INFO:     #45 chat/completions (stream): 256 tokens generated at
                       163.7 T/s · prompt 159 tokens, none cached, 159 new in
                       0.09 s · first token 0.10 s, total 1.66 s · draft 186/210
                       accepted (89%) · max_tokens reached
22:45:57.193 INFO:     #49 chat/completions (stream): 93 prompt tokens ·
                       temperature: 0, greedy (req), max_tokens: 256 (req),
                       min_tokens: 256 (req)
22:45:58.164 INFO:     #46 chat/completions (stream): 256 tokens generated at
                       131.3 T/s · prompt 705 tokens, none cached, 705 new in
                       0.27 s (2,611 T/s) · first token 0.28 s, total 2.23 s ·
                       draft 166/270 accepted (61%) · max_tokens reached
22:45:58.220 INFO:     #50 chat/completions (stream): 94 prompt tokens ·
                       temperature: 0, greedy (req), max_tokens: 256 (req),
                       min_tokens: 256 (req)
22:45:58.443 INFO:     #47 chat/completions (stream): 256 tokens generated at
                       133.2 T/s · prompt 62 tokens, none cached, 62 new in 0.07
                       s · first token 0.08 s, total 2.00 s · draft 168/264
                       accepted (64%) · max_tokens reached
22:45:58.492 INFO:     #51 chat/completions (stream): 65 prompt tokens ·
                       temperature: 0, greedy (req), max_tokens: 256 (req),
                       min_tokens: 256 (req)
22:45:58.860 INFO:     #49 chat/completions (stream): 256 tokens generated at
                       169.3 T/s · prompt 93 tokens, none cached, 93 new in 0.09
                       s · first token 0.10 s, total 1.61 s · draft 179/231
                       accepted (77%) · max_tokens reached
22:45:58.911 INFO:     #52 chat/completions (stream): 1,347 prompt tokens ·
                       temperature: 0, greedy (req), max_tokens: 256 (req),
                       min_tokens: 256 (req)
22:45:59.448 INFO:     #48 chat/completions (stream): 256 tokens generated at
                       115.1 T/s · prompt 796 tokens, none cached, 796 new in
                       0.22 s (3,618 T/s) · first token 0.23 s, total 2.45 s ·
                       draft 164/276 accepted (59%) · max_tokens reached
22:45:59.499 INFO:     #53 chat/completions (stream): 754 prompt tokens ·
                       temperature: 0, greedy (req), max_tokens: 256 (req),
                       min_tokens: 256 (req)
22:46:00.590 INFO:     #50 chat/completions (stream): 256 tokens generated at
                       115.0 T/s · prompt 94 tokens, none cached, 94 new in 0.09
                       s · first token 0.10 s, total 2.32 s · draft 169/261
                       accepted (65%) · max_tokens reached
22:46:00.591 INFO:     #51 chat/completions (stream): 256 tokens generated at
                       130.1 T/s · prompt 65 tokens, none cached, 65 new in 0.07
                       s · first token 0.08 s, total 2.04 s · draft 180/228
                       accepted (79%) · max_tokens reached
22:46:00.633 INFO:     #54 chat/completions (stream): 73 prompt tokens ·
                       temperature: 0, greedy (req), max_tokens: 256 (req),
                       min_tokens: 256 (req)
22:46:00.635 INFO:     #55 chat/completions (stream): 758 prompt tokens ·
                       temperature: 0, greedy (req), max_tokens: 256 (req),
                       min_tokens: 256 (req)
22:46:01.656 INFO:     #52 chat/completions (stream): 256 tokens generated at
                       111.5 T/s · prompt 1,347 tokens, none cached, 1,347 new
                       in 0.38 s (3,545 T/s) · first token 0.38 s, total 2.68 s
                       · draft 160/288 accepted (56%) · max_tokens reached
22:46:01.685 INFO:     #53 chat/completions (stream): 256 tokens generated at
                       138.9 T/s · prompt 754 tokens, none cached, 754 new in
                       0.28 s (2,693 T/s) · first token 0.29 s, total 2.13 s ·
                       draft 171/255 accepted (67%) · max_tokens reached
22:46:01.699 INFO:     #56 chat/completions (stream): 63 prompt tokens ·
                       temperature: 0, greedy (req), max_tokens: 256 (req),
                       min_tokens: 256 (req)
22:46:01.809 INFO:     #57 chat/completions (stream): 71 prompt tokens ·
                       temperature: 0, greedy (req), max_tokens: 256 (req),
                       min_tokens: 256 (req)
22:46:02.643 INFO:     #54 chat/completions (stream): 256 tokens generated at
                       149.4 T/s · prompt 73 tokens, none cached, 73 new in 0.22
                       s · first token 0.23 s, total 1.94 s · draft 175/243
                       accepted (72%) · max_tokens reached
22:46:02.691 INFO:     #59 chat/completions (stream): 71 prompt tokens ·
                       temperature: 0, greedy (req), max_tokens: 256 (req),
                       min_tokens: 256 (req)
22:46:02.957 INFO:     #55 chat/completions (stream): 256 tokens generated at
                       135.0 T/s · prompt 758 tokens, none cached, 758 new in
                       0.28 s (2,707 T/s) · first token 0.37 s, total 2.26 s ·
                       draft 162/282 accepted (57%) · max_tokens reached
22:46:03.007 INFO:     #60 chat/completions (stream): 741 prompt tokens ·
                       temperature: 0, greedy (req), max_tokens: 256 (req),
                       min_tokens: 256 (req)
22:46:03.998 INFO:     #56 chat/completions (stream): 256 tokens generated at
                       118.5 T/s · prompt 63 tokens, none cached, 63 new in 0.07
                       s · first token 0.08 s, total 2.24 s · draft 159/291
                       accepted (55%) · max_tokens reached
22:46:04.037 INFO:     #61 chat/completions (stream): 117 prompt tokens ·
                       temperature: 0, greedy (req), max_tokens: 256 (req),
                       min_tokens: 256 (req)
22:46:04.038 INFO:     #57 chat/completions (stream): 256 tokens generated at
                       122.3 T/s · prompt 71 tokens, none cached, 71 new in 0.08
                       s · first token 0.08 s, total 2.18 s · draft 158/294
                       accepted (54%) · max_tokens reached
22:46:04.198 INFO:     #62 chat/completions (stream): 72 prompt tokens ·
                       temperature: 0, greedy (req), max_tokens: 256 (req),
                       min_tokens: 256 (req)
22:46:04.627 INFO:     #59 chat/completions (stream): 256 tokens generated at
                       142.9 T/s · prompt 71 tokens, none cached, 71 new in 0.08
                       s · first token 0.09 s, total 1.88 s · draft 180/228
                       accepted (79%) · max_tokens reached
22:46:04.675 INFO:     #63 chat/completions (stream): 127 prompt tokens ·
                       temperature: 0, greedy (req), max_tokens: 256 (req),
                       min_tokens: 256 (req)
22:46:05.229 INFO:     #60 chat/completions (stream): 256 tokens generated at
                       139.4 T/s · prompt 741 tokens, none cached, 741 new in
                       0.31 s (2,390 T/s) · first token 0.31 s, total 2.15 s ·
                       draft 166/270 accepted (61%) · max_tokens reached
22:46:05.276 INFO:     #64 chat/completions (stream): 62 prompt tokens ·
                       temperature: 0, greedy (req), max_tokens: 256 (req),
                       min_tokens: 256 (req)
22:46:06.048 INFO:     #61 chat/completions (stream): 256 tokens generated at
                       138.8 T/s · prompt 117 tokens, none cached, 117 new in
                       0.10 s · first token 0.11 s, total 1.95 s · draft 165/273
                       accepted (60%) · max_tokens reached
22:46:06.088 INFO:     #65 chat/completions (stream): 104 prompt tokens ·
                       temperature: 0, greedy (req), max_tokens: 256 (req),
                       min_tokens: 256 (req)
22:46:06.201 INFO:     #62 chat/completions (stream): 256 tokens generated at
                       144.9 T/s · prompt 72 tokens, none cached, 72 new in 0.08
                       s · first token 0.08 s, total 1.85 s · draft 164/276
                       accepted (59%) · max_tokens reached
22:46:06.249 INFO:     #66 chat/completions (stream): 67 prompt tokens ·
                       temperature: 0, greedy (req), max_tokens: 256 (req),
                       min_tokens: 256 (req)
22:46:06.623 INFO:     #63 chat/completions (stream): 256 tokens generated at
                       144.0 T/s · prompt 127 tokens, none cached, 127 new in
                       0.10 s · first token 0.11 s, total 1.88 s · draft 167/267
                       accepted (63%) · max_tokens reached
22:46:06.672 INFO:     #67 chat/completions (stream): 676 prompt tokens ·
                       temperature: 0, greedy (req), max_tokens: 256 (req),
                       min_tokens: 256 (req)
22:46:07.499 INFO:     #64 chat/completions (stream): 256 tokens generated at
                       123.0 T/s · prompt 62 tokens, none cached, 62 new in 0.07
                       s · first token 0.08 s, total 2.16 s · draft 161/285
                       accepted (56%) · max_tokens reached
22:46:07.550 INFO:     #68 chat/completions (stream): 802 prompt tokens ·
                       temperature: 0, greedy (req), max_tokens: 256 (req),
                       min_tokens: 256 (req)
22:46:08.423 INFO:     #65 chat/completions (stream): 256 tokens generated at
                       117.7 T/s · prompt 104 tokens, none cached, 104 new in
                       0.09 s · first token 0.10 s, total 2.27 s · draft 165/273
                       accepted (60%) · max_tokens reached
22:46:08.473 INFO:     #69 chat/completions (stream): 992 prompt tokens ·
                       temperature: 0, greedy (req), max_tokens: 256 (req),
                       min_tokens: 256 (req)
22:46:08.857 INFO:     #66 chat/completions (stream): 256 tokens generated at
                       104.0 T/s · prompt 67 tokens, none cached, 67 new in 0.07
                       s · first token 0.07 s, total 2.54 s · draft 160/288
                       accepted (56%) · max_tokens reached
22:46:08.906 INFO:     #70 chat/completions (stream): 68 prompt tokens ·
                       temperature: 0, greedy (req), max_tokens: 256 (req),
                       min_tokens: 256 (req)
22:46:09.226 INFO:     #67 chat/completions (stream): 256 tokens generated at
                       115.2 T/s · prompt 676 tokens, none cached, 676 new in
                       0.26 s (2,600 T/s) · first token 0.27 s, total 2.49 s ·
                       draft 164/276 accepted (59%) · max_tokens reached
22:46:09.275 INFO:     #71 chat/completions (stream): 785 prompt tokens ·
                       temperature: 0, greedy (req), max_tokens: 256 (req),
                       min_tokens: 256 (req)
22:46:10.199 INFO:     #68 chat/completions (stream): 256 tokens generated at
                       110.8 T/s · prompt 802 tokens, none cached, 802 new in
                       0.25 s (3,208 T/s) · first token 0.26 s, total 2.57 s ·
                       draft 156/300 accepted (52%) · max_tokens reached
22:46:10.248 INFO:     #72 chat/completions (stream): 262 prompt tokens ·
                       temperature: 0, greedy (req), max_tokens: 256 (req),
                       min_tokens: 256 (req)
22:46:10.754 INFO:     #69 chat/completions (stream): 256 tokens generated at
                       133.7 T/s · prompt 992 tokens, none cached, 992 new in
                       0.30 s (3,307 T/s) · first token 0.31 s, total 2.22 s ·
                       draft 171/255 accepted (67%) · max_tokens reached
22:46:10.805 INFO:     #73 chat/completions (stream): 689 prompt tokens ·
                       temperature: 0, greedy (req), max_tokens: 256 (req),
                       min_tokens: 256 (req)
22:46:11.265 INFO:     #70 chat/completions (stream): 256 tokens generated at
                       115.6 T/s · prompt 68 tokens, none cached, 68 new in 0.07
                       s · first token 0.08 s, total 2.29 s · draft 164/276
                       accepted (59%) · max_tokens reached
22:46:11.316 INFO:     #74 chat/completions (stream): 702 prompt tokens ·
                       temperature: 0, greedy (req), max_tokens: 256 (req),
                       min_tokens: 256 (req)
22:46:11.723 INFO:     #71 chat/completions (stream): 256 tokens generated at
                       118.4 T/s · prompt 785 tokens, none cached, 785 new in
                       0.22 s (3,568 T/s) · first token 0.23 s, total 2.39 s ·
                       draft 170/258 accepted (66%) · max_tokens reached
22:46:11.775 INFO:     #75 chat/completions (stream): 785 prompt tokens ·
                       temperature: 0, greedy (req), max_tokens: 256 (req),
                       min_tokens: 256 (req)
22:46:12.573 INFO:     #72 chat/completions (stream): 256 tokens generated at
                       121.8 T/s · prompt 262 tokens, none cached, 262 new in
                       0.15 s (1,747 T/s) · first token 0.16 s, total 2.26 s ·
                       draft 178/234 accepted (76%) · max_tokens reached
22:46:12.622 INFO:     #76 chat/completions (stream): 67 prompt tokens ·
                       temperature: 0, greedy (req), max_tokens: 256 (req),
                       min_tokens: 256 (req)
22:46:13.536 INFO:     #75 chat/completions (stream): 256 tokens generated at
                       172.6 T/s · prompt 785 tokens, none cached, 785 new in
                       0.22 s (3,568 T/s) · first token 0.23 s, total 1.71 s ·
                       draft 178/234 accepted (76%) · max_tokens reached
22:46:13.549 INFO:     #73 chat/completions (stream): 256 tokens generated at
                       105.2 T/s · prompt 689 tokens, none cached, 689 new in
                       0.26 s (2,650 T/s) · first token 0.27 s, total 2.70 s ·
                       draft 150/318 accepted (47%) · max_tokens reached
22:46:13.549 INFO:     #74 chat/completions (stream): 256 tokens generated at
                       133.5 T/s · prompt 702 tokens, none cached, 702 new in
                       0.27 s (2,600 T/s) · first token 0.28 s, total 2.19 s ·
                       draft 165/273 accepted (60%) · max_tokens reached
22:46:13.573 INFO:     #77 chat/completions (stream): 724 prompt tokens ·
                       temperature: 0, greedy (req), max_tokens: 256 (req),
                       min_tokens: 256 (req)
22:46:13.731 INFO:     #78 chat/completions (stream): 414 prompt tokens ·
                       temperature: 0, greedy (req), max_tokens: 256 (req),
                       min_tokens: 256 (req)
22:46:13.732 INFO:     #79 chat/completions (stream): 63 prompt tokens ·
                       temperature: 0, greedy (req), max_tokens: 256 (req),
                       min_tokens: 256 (req)
22:46:14.735 INFO:     #76 chat/completions (stream): 256 tokens generated at
                       130.2 T/s · prompt 67 tokens, none cached, 67 new in 0.07
                       s · first token 0.08 s, total 2.04 s · draft 173/249
                       accepted (69%) · max_tokens reached
22:46:14.783 INFO:     #80 chat/completions (stream): 104 prompt tokens ·
                       temperature: 0, greedy (req), max_tokens: 256 (req),
                       min_tokens: 256 (req)
22:46:15.933 INFO:     #77 chat/completions (stream): 256 tokens generated at
                       139.2 T/s · prompt 724 tokens, none cached, 724 new in
                       0.46 s (1,574 T/s) · first token 0.47 s, total 2.30 s ·
                       draft 162/282 accepted (57%) · max_tokens reached
22:46:15.934 INFO:     #78 chat/completions (stream): 256 tokens generated at
                       147.9 T/s · prompt 414 tokens, none cached, 414 new in
                       0.30 s (1,380 T/s) · queued 0.12 s, first token 0.42 s,
                       total 2.15 s · draft 163/279 accepted (58%) · max_tokens
                       reached
22:46:15.968 INFO:     #81 chat/completions (stream): 666 prompt tokens ·
                       temperature: 0, greedy (req), max_tokens: 256 (req),
                       min_tokens: 256 (req)
22:46:15.969 INFO:     #82 chat/completions (stream): 90 prompt tokens ·
                       temperature: 0, greedy (req), max_tokens: 256 (req),
                       min_tokens: 256 (req)
22:46:16.228 INFO:     #79 chat/completions (stream): 256 tokens generated at
                       135.4 T/s · prompt 63 tokens, none cached, 63 new in 0.07
                       s · queued 0.24 s, first token 0.31 s, total 2.20 s ·
                       draft 158/294 accepted (54%) · max_tokens reached
22:46:16.374 INFO:     #83 chat/completions (stream): 61 prompt tokens ·
                       temperature: 0, greedy (req), max_tokens: 256 (req),
                       min_tokens: 256 (req)
22:46:16.972 INFO:     #80 chat/completions (stream): 256 tokens generated at
                       126.3 T/s · prompt 104 tokens, none cached, 104 new in
                       0.09 s · first token 0.10 s, total 2.12 s · draft 163/279
                       accepted (58%) · max_tokens reached
22:46:17.026 INFO:     #84 chat/completions (stream): 1,355 prompt tokens ·
                       temperature: 0, greedy (req), max_tokens: 256 (req),
                       min_tokens: 256 (req)
22:46:18.434 INFO:     #83 chat/completions (stream): 256 tokens generated at
                       133.4 T/s · prompt 61 tokens, none cached, 61 new in 0.07
                       s · first token 0.08 s, total 1.99 s · draft 168/264
                       accepted (64%) · max_tokens reached
22:46:18.470 INFO:     #86 chat/completions (stream): 67 prompt tokens ·
                       temperature: 0, greedy (req), max_tokens: 256 (req),
                       min_tokens: 256 (req)
22:46:18.565 INFO:     #82 chat/completions (stream): 256 tokens generated at
                       115.4 T/s · prompt 90 tokens, none cached, 90 new in 0.09
                       s · queued 0.16 s, first token 0.25 s, total 2.47 s ·
                       draft 160/288 accepted (56%) · max_tokens reached
22:46:18.581 INFO:     #81 chat/completions (stream): 256 tokens generated at
                       120.8 T/s · prompt 666 tokens, none cached, 666 new in
                       0.35 s (1,903 T/s) · first token 0.36 s, total 2.48 s ·
                       draft 160/288 accepted (56%) · max_tokens reached
22:46:18.609 INFO:     #87 chat/completions (stream): 1,173 prompt tokens ·
                       temperature: 0, greedy (req), max_tokens: 256 (req),
                       min_tokens: 256 (req)
22:46:18.835 INFO:     #88 chat/completions (stream): 65 prompt tokens ·
                       temperature: 0, greedy (req), max_tokens: 256 (req),
                       min_tokens: 256 (req)
22:46:19.561 INFO:     #84 chat/completions (stream): 256 tokens generated at
                       121.1 T/s · prompt 1,355 tokens, none cached, 1,355 new
                       in 0.35 s (3,871 T/s) · first token 0.36 s, total 2.47 s
                       · draft 163/279 accepted (58%) · max_tokens reached
22:46:19.609 INFO:     #89 chat/completions (stream): 100 prompt tokens ·
                       temperature: 0, greedy (req), max_tokens: 256 (req),
                       min_tokens: 256 (req)
22:46:20.584 INFO:     #86 chat/completions (stream): 256 tokens generated at
                       130.1 T/s · prompt 67 tokens, none cached, 67 new in 0.08
                       s · first token 0.09 s, total 2.05 s · draft 172/252
                       accepted (68%) · max_tokens reached
22:46:20.635 INFO:     #90 chat/completions (stream): 110 prompt tokens ·
                       temperature: 0, greedy (req), max_tokens: 256 (req),
                       min_tokens: 256 (req)
22:46:20.964 INFO:     #87 chat/completions (stream): 256 tokens generated at
                       135.2 T/s · prompt 1,173 tokens, none cached, 1,173 new
                       in 0.39 s (3,008 T/s) · first token 0.39 s, total 2.29 s
                       · draft 161/285 accepted (56%) · max_tokens reached
22:46:21.014 INFO:     #91 chat/completions (stream): 112 prompt tokens ·
                       temperature: 0, greedy (req), max_tokens: 256 (req),
                       min_tokens: 256 (req)
22:46:21.353 INFO:     #88 chat/completions (stream): 256 tokens generated at
                       112.1 T/s · prompt 65 tokens, none cached, 65 new in 0.07
                       s · queued 0.10 s, first token 0.17 s, total 2.45 s ·
                       draft 145/333 accepted (44%) · max_tokens reached
22:46:21.395 INFO:     #92 chat/completions (stream): 64 prompt tokens ·
                       temperature: 0, greedy (req), max_tokens: 256 (req),
                       min_tokens: 256 (req)
22:46:21.487 INFO:     #89 chat/completions (stream): 256 tokens generated at
                       155.5 T/s · prompt 100 tokens, none cached, 100 new in
                       0.09 s · first token 0.10 s, total 1.74 s · draft 175/243
                       accepted (72%) · max_tokens reached
22:46:21.534 INFO:     #93 chat/completions (stream): 63 prompt tokens ·
                       temperature: 0, greedy (req), max_tokens: 256 (req),
                       min_tokens: 256 (req)
22:46:22.642 INFO:     #90 chat/completions (stream): 256 tokens generated at
                       139.1 T/s · prompt 110 tokens, none cached, 110 new in
                       0.10 s · first token 0.11 s, total 1.95 s · draft 166/270
                       accepted (61%) · max_tokens reached
22:46:22.694 INFO:     #94 chat/completions (stream): 794 prompt tokens ·
                       temperature: 0, greedy (req), max_tokens: 256 (req),
                       min_tokens: 256 (req)
22:46:23.155 INFO:     #91 chat/completions (stream): 256 tokens generated at
                       129.5 T/s · prompt 112 tokens, none cached, 112 new in
                       0.09 s · first token 0.10 s, total 2.07 s · draft 165/273
                       accepted (60%) · max_tokens reached
22:46:23.218 INFO:     #95 chat/completions (stream): 440 prompt tokens ·
                       temperature: 0, greedy (req), max_tokens: 256 (req),
                       min_tokens: 256 (req)
22:46:23.641 INFO:     #92 chat/completions (stream): 256 tokens generated at
                       121.6 T/s · prompt 64 tokens, none cached, 64 new in 0.07
                       s · first token 0.08 s, total 2.18 s · draft 167/267
                       accepted (63%) · max_tokens reached
22:46:23.688 INFO:     #96 chat/completions (stream): 65 prompt tokens ·
                       temperature: 0, greedy (req), max_tokens: 256 (req),
                       min_tokens: 256 (req)
22:46:24.018 INFO:     #93 chat/completions (stream): 256 tokens generated at
                       109.2 T/s · prompt 63 tokens, none cached, 63 new in 0.07
                       s · first token 0.08 s, total 2.42 s · draft 153/309
                       accepted (50%) · max_tokens reached
22:46:24.070 INFO:     #97 chat/completions (stream): 1,320 prompt tokens ·
                       temperature: 0, greedy (req), max_tokens: 256 (req),
                       min_tokens: 256 (req)
22:46:25.176 INFO:     #94 chat/completions (stream): 256 tokens generated at
                       117.4 T/s · prompt 794 tokens, none cached, 794 new in
                       0.23 s (3,452 T/s) · first token 0.24 s, total 2.42 s ·
                       draft 169/261 accepted (65%) · max_tokens reached
22:46:25.238 INFO:     #98 chat/completions (stream): 795 prompt tokens ·
                       temperature: 0, greedy (req), max_tokens: 256 (req),
                       min_tokens: 256 (req)
22:46:25.734 INFO:     #95 chat/completions (stream): 256 tokens generated at
                       116.4 T/s · prompt 440 tokens, none cached, 440 new in
                       0.25 s (1,760 T/s) · first token 0.26 s, total 2.46 s ·
                       draft 167/267 accepted (63%) · max_tokens reached
22:46:25.784 INFO:     #99 chat/completions (stream): 267 prompt tokens ·
                       temperature: 0, greedy (req), max_tokens: 256 (req),
                       min_tokens: 256 (req)
22:46:26.149 INFO:     #96 chat/completions (stream): 256 tokens generated at
                       110.4 T/s · prompt 65 tokens, none cached, 65 new in 0.07
                       s · first token 0.08 s, total 2.39 s · draft 165/273
                       accepted (60%) · max_tokens reached
22:46:26.215 INFO:     #100 chat/completions (stream): 300 prompt tokens ·
                       temperature: 0, greedy (req), max_tokens: 256 (req),
                       min_tokens: 256 (req)
22:46:26.852 INFO:     #97 chat/completions (stream): 256 tokens generated at
                       108.9 T/s · prompt 1,320 tokens, none cached, 1,320 new
                       in 0.36 s (3,667 T/s) · first token 0.36 s, total 2.72 s
                       · draft 156/300 accepted (52%) · max_tokens reached
22:46:26.901 INFO:     #101 chat/completions (stream): 73 prompt tokens ·
                       temperature: 0, greedy (req), max_tokens: 256 (req),
                       min_tokens: 256 (req)
22:46:27.463 INFO:     #98 chat/completions (stream): 256 tokens generated at
                       133.1 T/s · prompt 795 tokens, none cached, 795 new in
                       0.23 s (3,457 T/s) · first token 0.24 s, total 2.16 s ·
                       draft 172/252 accepted (68%) · max_tokens reached
22:46:27.511 INFO:     #102 chat/completions (stream): 64 prompt tokens ·
                       temperature: 0, greedy (req), max_tokens: 256 (req),
                       min_tokens: 256 (req)
22:46:27.789 INFO:     #99 chat/completions (stream): 256 tokens generated at
                       145.0 T/s · prompt 267 tokens, none cached, 267 new in
                       0.17 s (1,571 T/s) · first token 0.18 s, total 1.94 s ·
                       draft 176/240 accepted (73%) · max_tokens reached
22:46:27.837 INFO:     #103 chat/completions (stream): 121 prompt tokens ·
                       temperature: 0, greedy (req), max_tokens: 256 (req),
                       min_tokens: 256 (req)
22:46:28.285 INFO:     #100 chat/completions (stream): 256 tokens generated at
                       143.2 T/s · prompt 300 tokens, none cached, 300 new in
                       0.21 s (1,429 T/s) · first token 0.22 s, total 2.00 s ·
                       draft 169/261 accepted (65%) · max_tokens reached
22:46:28.336 INFO:     #104 chat/completions (stream): 464 prompt tokens ·
                       temperature: 0, greedy (req), max_tokens: 256 (req),
                       min_tokens: 256 (req)
22:46:28.980 INFO:     #101 chat/completions (stream): 256 tokens generated at
                       132.7 T/s · prompt 73 tokens, none cached, 73 new in 0.08
                       s · first token 0.09 s, total 2.01 s · draft 170/258
                       accepted (66%) · max_tokens reached
22:46:29.032 INFO:     #105 chat/completions (stream): 443 prompt tokens ·
                       temperature: 0, greedy (req), max_tokens: 256 (req),
                       min_tokens: 256 (req)
22:46:29.974 INFO:     #103 chat/completions (stream): 256 tokens generated at
                       130.0 T/s · prompt 121 tokens, none cached, 121 new in
                       0.10 s · first token 0.10 s, total 2.07 s · draft 175/243
                       accepted (72%) · max_tokens reached
22:46:30.015 INFO:     #106 chat/completions (stream): 74 prompt tokens ·
                       temperature: 0, greedy (req), max_tokens: 256 (req),
                       min_tokens: 256 (req)
22:46:30.015 INFO:     #102 chat/completions (stream): 256 tokens generated at
                       107.9 T/s · prompt 64 tokens, none cached, 64 new in 0.07
                       s · first token 0.08 s, total 2.45 s · draft 157/297
                       accepted (53%) · max_tokens reached
22:46:30.146 INFO:     #107 chat/completions (stream): 153 prompt tokens ·
                       temperature: 0, greedy (req), max_tokens: 256 (req),
                       min_tokens: 256 (req)
22:46:30.787 INFO:     #104 chat/completions (stream): 256 tokens generated at
                       120.6 T/s · prompt 464 tokens, none cached, 464 new in
                       0.26 s (1,785 T/s) · first token 0.27 s, total 2.39 s ·
                       draft 161/285 accepted (56%) · max_tokens reached
22:46:30.837 INFO:     #108 chat/completions (stream): 63 prompt tokens ·
                       temperature: 0, greedy (req), max_tokens: 256 (req),
                       min_tokens: 256 (req)
22:46:31.341 INFO:     #105 chat/completions (stream): 256 tokens generated at
                       131.7 T/s · prompt 443 tokens, none cached, 443 new in
                       0.29 s (1,528 T/s) · first token 0.30 s, total 2.24 s ·
                       draft 161/285 accepted (56%) · max_tokens reached
22:46:31.393 INFO:     #109 chat/completions (stream): 729 prompt tokens ·
                       temperature: 0, greedy (req), max_tokens: 256 (req),
                       min_tokens: 256 (req)
22:46:32.168 INFO:     #107 chat/completions (stream): 256 tokens generated at
                       137.7 T/s · prompt 153 tokens, none cached, 153 new in
                       0.09 s · first token 0.10 s, total 1.95 s · draft 172/252
                       accepted (68%) · max_tokens reached
22:46:32.237 INFO:     #111 chat/completions (stream): 789 prompt tokens ·
                       temperature: 0, greedy (req), max_tokens: 256 (req),
                       min_tokens: 256 (req)
22:46:32.504 INFO:     #106 chat/completions (stream): 256 tokens generated at
                       120.5 T/s · prompt 74 tokens, none cached, 74 new in 0.08
                       s · first token 0.09 s, total 2.21 s · draft 163/279
                       accepted (58%) · max_tokens reached
22:46:32.554 INFO:     #112 chat/completions (stream): 168 prompt tokens ·
                       temperature: 0, greedy (req), max_tokens: 256 (req),
                       min_tokens: 256 (req)
22:46:33.486 INFO:     #108 chat/completions (stream): 256 tokens generated at
                       102.1 T/s · prompt 63 tokens, none cached, 63 new in 0.07
                       s · first token 0.08 s, total 2.58 s · draft 151/315
                       accepted (48%) · max_tokens reached
22:46:33.536 INFO:     #113 chat/completions (stream): 143 prompt tokens ·
                       temperature: 0, greedy (req), max_tokens: 256 (req),
                       min_tokens: 256 (req)
22:46:33.967 INFO:     #109 chat/completions (stream): 256 tokens generated at
                       115.7 T/s · prompt 729 tokens, none cached, 729 new in
                       0.29 s (2,514 T/s) · first token 0.30 s, total 2.51 s ·
                       draft 157/297 accepted (53%) · max_tokens reached
22:46:34.016 INFO:     #114 chat/completions (stream): 118 prompt tokens ·
                       temperature: 0, greedy (req), max_tokens: 256 (req),
                       min_tokens: 256 (req)
22:46:34.404 INFO:     #112 chat/completions (stream): 256 tokens generated at
                       153.2 T/s · prompt 168 tokens, none cached, 168 new in
                       0.10 s · first token 0.11 s, total 1.78 s · draft 175/243
                       accepted (72%) · max_tokens reached
22:46:34.454 INFO:     #115 chat/completions (stream): 273 prompt tokens ·
                       temperature: 0, greedy (req), max_tokens: 256 (req),
                       min_tokens: 256 (req)
22:46:34.823 INFO:     #111 chat/completions (stream): 256 tokens generated at
                       111.9 T/s · prompt 789 tokens, none cached, 789 new in
                       0.23 s (3,430 T/s) · first token 0.24 s, total 2.52 s ·
                       draft 154/306 accepted (50%) · max_tokens reached
22:46:34.871 INFO:     #116 chat/completions (stream): 87 prompt tokens ·
                       temperature: 0, greedy (req), max_tokens: 256 (req),
                       min_tokens: 256 (req)
22:46:35.919 INFO:     #113 chat/completions (stream): 256 tokens generated at
                       116.2 T/s · prompt 143 tokens, none cached, 143 new in
                       0.11 s · first token 0.12 s, total 2.32 s · draft 151/315
                       accepted (48%) · max_tokens reached
22:46:35.967 INFO:     #117 chat/completions (stream): 130 prompt tokens ·
                       temperature: 0, greedy (req), max_tokens: 256 (req),
                       min_tokens: 256 (req)
22:46:36.360 INFO:     #114 chat/completions (stream): 256 tokens generated at
                       117.0 T/s · prompt 118 tokens, none cached, 118 new in
                       0.10 s · first token 0.11 s, total 2.29 s · draft 152/312
                       accepted (49%) · max_tokens reached
22:46:36.360 INFO:     #116 chat/completions (stream): 256 tokens generated at
                       189.4 T/s · prompt 87 tokens, none cached, 87 new in 0.08
                       s · first token 0.09 s, total 1.44 s · draft 186/210
                       accepted (89%) · max_tokens reached
22:46:36.382 INFO:     #115 chat/completions (stream): 256 tokens generated at
                       149.0 T/s · prompt 273 tokens, none cached, 273 new in
                       0.16 s (1,706 T/s) · first token 0.17 s, total 1.88 s ·
                       draft 169/261 accepted (65%) · max_tokens reached
22:46:36.393 INFO:     #118 chat/completions (stream): 63 prompt tokens ·
                       temperature: 0, greedy (req), max_tokens: 256 (req),
                       min_tokens: 256 (req)
22:46:36.394 INFO:     #119 chat/completions (stream): 67 prompt tokens ·
                       temperature: 0, greedy (req), max_tokens: 256 (req),
                       min_tokens: 256 (req)
22:46:36.582 INFO:     #120 chat/completions (stream): 61 prompt tokens ·
                       temperature: 0, greedy (req), max_tokens: 256 (req),
                       min_tokens: 256 (req)
22:46:37.700 INFO:     #117 chat/completions (stream): 256 tokens generated at
                       164.5 T/s · prompt 130 tokens, none cached, 130 new in
                       0.11 s · first token 0.12 s, total 1.67 s · draft 180/228
                       accepted (79%) · max_tokens reached
22:46:37.750 INFO:     #121 chat/completions (stream): 96 prompt tokens ·
                       temperature: 0, greedy (req), max_tokens: 256 (req),
                       min_tokens: 256 (req)
22:46:38.417 INFO:     #119 chat/completions (stream): 256 tokens generated at
                       142.2 T/s · prompt 67 tokens, none cached, 67 new in 0.08
                       s · first token 0.16 s, total 1.96 s · draft 165/273
                       accepted (60%) · max_tokens reached
22:46:38.459 INFO:     #122 chat/completions (stream): 497 prompt tokens ·
                       temperature: 0, greedy (req), max_tokens: 256 (req),
                       min_tokens: 256 (req)
22:46:38.611 INFO:     #120 chat/completions (stream): 256 tokens generated at
                       145.7 T/s · prompt 61 tokens, none cached, 61 new in 0.07
                       s · first token 0.08 s, total 1.83 s · draft 163/279
                       accepted (58%) · max_tokens reached
22:46:38.774 INFO:     #123 chat/completions (stream): 357 prompt tokens ·
                       temperature: 0, greedy (req), max_tokens: 256 (req),
                       min_tokens: 256 (req)
22:46:39.059 INFO:     #118 chat/completions (stream): 256 tokens generated at
                       115.3 T/s · prompt 63 tokens, none cached, 63 new in 0.15
                       s · first token 0.16 s, total 2.38 s · draft 154/306
                       accepted (50%) · max_tokens reached
22:46:39.108 INFO:     #124 chat/completions (stream): 82 prompt tokens ·
                       temperature: 0, greedy (req), max_tokens: 256 (req),
                       min_tokens: 256 (req)
22:46:39.854 INFO:     #121 chat/completions (stream): 256 tokens generated at
                       131.7 T/s · prompt 96 tokens, none cached, 96 new in 0.09
                       s · first token 0.10 s, total 2.04 s · draft 177/237
                       accepted (75%) · max_tokens reached
22:46:39.905 INFO:     #125 chat/completions (stream): 851 prompt tokens ·
                       temperature: 0, greedy (req), max_tokens: 256 (req),
                       min_tokens: 256 (req)
22:46:40.907 INFO:     #122 chat/completions (stream): 256 tokens generated at
                       120.9 T/s · prompt 497 tokens, none cached, 497 new in
                       0.26 s (1,912 T/s) · first token 0.27 s, total 2.38 s ·
                       draft 170/258 accepted (66%) · max_tokens reached
22:46:40.957 INFO:     #126 chat/completions (stream): 121 prompt tokens ·
                       temperature: 0, greedy (req), max_tokens: 256 (req),
                       min_tokens: 256 (req)
22:46:41.215 INFO:     #123 chat/completions (stream): 256 tokens generated at
                       120.8 T/s · prompt 357 tokens, none cached, 357 new in
                       0.23 s (1,552 T/s) · first token 0.24 s, total 2.35 s ·
                       draft 163/279 accepted (58%) · max_tokens reached
22:46:41.265 INFO:     #127 chat/completions (stream): 62 prompt tokens ·
                       temperature: 0, greedy (req), max_tokens: 256 (req),
                       min_tokens: 256 (req)
22:46:41.405 INFO:     #124 chat/completions (stream): 256 tokens generated at
                       123.9 T/s · prompt 82 tokens, none cached, 82 new in 0.08
                       s · first token 0.09 s, total 2.15 s · draft 162/282
                       accepted (57%) · max_tokens reached
22:46:41.455 INFO:     #128 chat/completions (stream): 95 prompt tokens ·
                       temperature: 0, greedy (req), max_tokens: 256 (req),
                       min_tokens: 256 (req)
22:46:42.156 INFO:     #125 chat/completions (stream): 256 tokens generated at
                       136.4 T/s · prompt 851 tokens, none cached, 851 new in
                       0.30 s (2,837 T/s) · first token 0.31 s, total 2.18 s ·
                       draft 166/270 accepted (61%) · max_tokens reached
22:46:42.222 INFO:     #129 chat/completions (stream): 61 prompt tokens ·
                       temperature: 0, greedy (req), max_tokens: 256 (req),
                       min_tokens: 256 (req)
22:46:42.766 INFO:     #126 chat/completions (stream): 256 tokens generated at
                       156.3 T/s · prompt 121 tokens, none cached, 121 new in
                       0.10 s · first token 0.11 s, total 1.74 s · draft 179/231
                       accepted (77%) · max_tokens reached
22:46:42.818 INFO:     #130 chat/completions (stream): 1,431 prompt tokens ·
                       temperature: 0, greedy (req), max_tokens: 256 (req),
                       min_tokens: 256 (req)
22:46:43.615 INFO:     #128 chat/completions (stream): 256 tokens generated at
                       127.5 T/s · prompt 95 tokens, none cached, 95 new in 0.09
                       s · first token 0.10 s, total 2.10 s · draft 172/252
                       accepted (68%) · max_tokens reached
22:46:43.647 INFO:     #127 chat/completions (stream): 256 tokens generated at
                       113.9 T/s · prompt 62 tokens, none cached, 62 new in 0.07
                       s · first token 0.08 s, total 2.32 s · draft 163/279
                       accepted (58%) · max_tokens reached
22:46:43.661 INFO:     #131 chat/completions (stream): 670 prompt tokens ·
                       temperature: 0, greedy (req), max_tokens: 256 (req),
                       min_tokens: 256 (req)
22:46:43.951 INFO:     #132 chat/completions (stream): 393 prompt tokens ·
                       temperature: 0, greedy (req), max_tokens: 256 (req),
                       min_tokens: 256 (req)
22:46:45.129 INFO:     #129 chat/completions (stream): 256 tokens generated at
                       92.6 T/s · prompt 61 tokens, none cached, 61 new in 0.07
                       s · first token 0.08 s, total 2.84 s · draft 152/312
                       accepted (49%) · max_tokens reached
22:46:45.180 INFO:     #133 chat/completions (stream): 242 prompt tokens ·
                       temperature: 0, greedy (req), max_tokens: 256 (req),
                       min_tokens: 256 (req)
22:46:45.496 INFO:     #130 chat/completions (stream): 256 tokens generated at
                       116.8 T/s · prompt 1,431 tokens, none cached, 1,431 new
                       in 0.41 s (3,490 T/s) · first token 0.42 s, total 2.61 s
                       · draft 168/264 accepted (64%) · max_tokens reached
22:46:45.546 INFO:     #134 chat/completions (stream): 199 prompt tokens ·
                       temperature: 0, greedy (req), max_tokens: 256 (req),
                       min_tokens: 256 (req)
22:46:45.964 INFO:     #131 chat/completions (stream): 256 tokens generated at
                       130.5 T/s · prompt 670 tokens, none cached, 670 new in
                       0.27 s (2,481 T/s) · first token 0.28 s, total 2.24 s ·
                       draft 173/249 accepted (69%) · max_tokens reached
22:46:46.016 INFO:     #135 chat/completions (stream): 412 prompt tokens ·
                       temperature: 0, greedy (req), max_tokens: 256 (req),
                       min_tokens: 256 (req)
22:46:46.624 INFO:     #132 chat/completions (stream): 256 tokens generated at
                       109.5 T/s · prompt 393 tokens, none cached, 393 new in
                       0.26 s (1,512 T/s) · first token 0.27 s, total 2.60 s ·
                       draft 153/309 accepted (50%) · max_tokens reached
22:46:46.675 INFO:     #136 chat/completions (stream): 109 prompt tokens ·
                       temperature: 0, greedy (req), max_tokens: 256 (req),
                       min_tokens: 256 (req)
22:46:47.133 INFO:     #133 chat/completions (stream): 256 tokens generated at
                       145.2 T/s · prompt 242 tokens, none cached, 242 new in
                       0.12 s · first token 0.13 s, total 1.89 s · draft 184/216
                       accepted (85%) · max_tokens reached
22:46:47.205 INFO:     #138 chat/completions (stream): 92 prompt tokens ·
                       temperature: 0, greedy (req), max_tokens: 256 (req),
                       min_tokens: 256 (req)
22:46:48.002 INFO:     #134 chat/completions (stream): 256 tokens generated at
                       112.5 T/s · prompt 199 tokens, none cached, 199 new in
                       0.11 s · first token 0.12 s, total 2.39 s · draft 156/300
                       accepted (52%) · max_tokens reached
22:46:48.053 INFO:     #139 chat/completions (stream): 98 prompt tokens ·
                       temperature: 0, greedy (req), max_tokens: 256 (req),
                       min_tokens: 256 (req)
22:46:48.247 INFO:     #135 chat/completions (stream): 256 tokens generated at
                       137.4 T/s · prompt 412 tokens, none cached, 412 new in
                       0.28 s (1,471 T/s) · first token 0.29 s, total 2.15 s ·
                       draft 169/261 accepted (65%) · max_tokens reached
22:46:48.298 INFO:     #140 chat/completions (stream): 91 prompt tokens ·
                       temperature: 0, greedy (req), max_tokens: 256 (req),
                       min_tokens: 256 (req)
22:46:48.564 INFO:     #136 chat/completions (stream): 256 tokens generated at
                       148.8 T/s · prompt 109 tokens, none cached, 109 new in
                       0.10 s · first token 0.11 s, total 1.83 s · draft 177/237
                       accepted (75%) · max_tokens reached
22:46:48.617 INFO:     #141 chat/completions (stream): 774 prompt tokens ·
                       temperature: 0, greedy (req), max_tokens: 256 (req),
                       min_tokens: 256 (req)
22:46:49.587 INFO:     #138 chat/completions (stream): 256 tokens generated at
                       115.2 T/s · prompt 92 tokens, none cached, 92 new in 0.09
                       s · first token 0.10 s, total 2.32 s · draft 156/300
                       accepted (52%) · max_tokens reached
22:46:49.640 INFO:     #142 chat/completions (stream): 823 prompt tokens ·
                       temperature: 0, greedy (req), max_tokens: 256 (req),
                       min_tokens: 256 (req)
22:46:50.265 INFO:     #139 chat/completions (stream): 256 tokens generated at
                       124.8 T/s · prompt 98 tokens, none cached, 98 new in 0.09
                       s · first token 0.10 s, total 2.15 s · draft 176/240
                       accepted (73%) · max_tokens reached
22:46:50.312 INFO:     #143 chat/completions (stream): 75 prompt tokens ·
                       temperature: 0, greedy (req), max_tokens: 256 (req),
                       min_tokens: 256 (req)
22:46:50.444 INFO:     #140 chat/completions (stream): 256 tokens generated at
                       134.3 T/s · prompt 91 tokens, none cached, 91 new in 0.09
                       s · first token 0.10 s, total 2.00 s · draft 178/234
                       accepted (76%) · max_tokens reached
22:46:50.496 INFO:     #144 chat/completions (stream): 819 prompt tokens ·
                       temperature: 0, greedy (req), max_tokens: 256 (req),
                       min_tokens: 256 (req)
22:46:51.147 INFO:     #141 chat/completions (stream): 256 tokens generated at
                       114.7 T/s · prompt 774 tokens, none cached, 774 new in
                       0.23 s (3,365 T/s) · first token 0.24 s, total 2.47 s ·
                       draft 167/267 accepted (63%) · max_tokens reached
22:46:51.215 INFO:     #145 chat/completions (stream): 125 prompt tokens ·
                       temperature: 0, greedy (req), max_tokens: 256 (req),
                       min_tokens: 256 (req)
22:46:52.007 INFO:     #142 chat/completions (stream): 256 tokens generated at
                       127.5 T/s · prompt 823 tokens, none cached, 823 new in
                       0.29 s (2,838 T/s) · first token 0.30 s, total 2.30 s ·
                       draft 170/258 accepted (66%) · max_tokens reached
22:46:52.060 INFO:     #146 chat/completions (stream): 763 prompt tokens ·
                       temperature: 0, greedy (req), max_tokens: 256 (req),
                       min_tokens: 256 (req)
22:46:52.603 INFO:     #144 chat/completions (stream): 256 tokens generated at
                       146.2 T/s · prompt 819 tokens, none cached, 819 new in
                       0.28 s (2,925 T/s) · first token 0.29 s, total 2.04 s ·
                       draft 181/225 accepted (80%) · max_tokens reached
22:46:52.651 INFO:     #147 chat/completions (stream): 65 prompt tokens ·
                       temperature: 0, greedy (req), max_tokens: 256 (req),
                       min_tokens: 256 (req)
22:46:52.775 INFO:     #143 chat/completions (stream): 256 tokens generated at
                       114.3 T/s · prompt 75 tokens, none cached, 75 new in 0.08
                       s · first token 0.09 s, total 2.33 s · draft 168/264
                       accepted (64%) · max_tokens reached
22:46:52.826 INFO:     #148 chat/completions (stream): 536 prompt tokens ·
                       temperature: 0, greedy (req), max_tokens: 256 (req),
                       min_tokens: 256 (req)
22:46:53.323 INFO:     #145 chat/completions (stream): 256 tokens generated at
                       132.3 T/s · prompt 125 tokens, none cached, 125 new in
                       0.10 s · first token 0.11 s, total 2.04 s · draft 179/231
                       accepted (77%) · max_tokens reached
22:46:53.373 INFO:     #149 chat/completions (stream): 106 prompt tokens ·
                       temperature: 0, greedy (req), max_tokens: 256 (req),
                       min_tokens: 256 (req)
22:46:54.449 INFO:     #146 chat/completions (stream): 256 tokens generated at
                       127.3 T/s · prompt 763 tokens, none cached, 763 new in
                       0.30 s (2,543 T/s) · first token 0.31 s, total 2.32 s ·
                       draft 164/276 accepted (59%) · max_tokens reached
22:46:54.498 INFO:     #150 chat/completions (stream): 70 prompt tokens ·
                       temperature: 0, greedy (req), max_tokens: 256 (req),
                       min_tokens: 256 (req)
22:46:54.964 INFO:     #148 chat/completions (stream): 256 tokens generated at
                       136.7 T/s · prompt 536 tokens, none cached, 536 new in
                       0.20 s (2,680 T/s) · first token 0.20 s, total 2.08 s ·
                       draft 162/282 accepted (57%) · max_tokens reached
22:46:54.993 INFO:     #147 chat/completions (stream): 256 tokens generated at
                       115.9 T/s · prompt 65 tokens, none cached, 65 new in 0.07
                       s · first token 0.08 s, total 2.28 s · draft 153/309
                       accepted (50%) · max_tokens reached
22:46:55.008 INFO:     #151 chat/completions (stream): 1,053 prompt tokens ·
                       temperature: 0, greedy (req), max_tokens: 256 (req),
                       min_tokens: 256 (req)
22:46:55.309 INFO:     #152 chat/completions (stream): 1,100 prompt tokens ·
                       temperature: 0, greedy (req), max_tokens: 256 (req),
                       min_tokens: 256 (req)
22:46:55.790 INFO:     #149 chat/completions (stream): 256 tokens generated at
                       113.8 T/s · prompt 106 tokens, none cached, 106 new in
                       0.10 s · first token 0.11 s, total 2.36 s · draft 167/267
                       accepted (63%) · max_tokens reached
22:46:55.841 INFO:     #153 chat/completions (stream): 411 prompt tokens ·
                       temperature: 0, greedy (req), max_tokens: 256 (req),
                       min_tokens: 256 (req)
22:46:57.135 INFO:     #150 chat/completions (stream): 256 tokens generated at
                       103.0 T/s · prompt 70 tokens, none cached, 70 new in 0.08
                       s · first token 0.09 s, total 2.57 s · draft 164/276
                       accepted (59%) · max_tokens reached
22:46:57.198 INFO:     #154 chat/completions (stream): 128 prompt tokens ·
                       temperature: 0, greedy (req), max_tokens: 256 (req),
                       min_tokens: 256 (req)
22:46:57.569 INFO:     #152 chat/completions (stream): 256 tokens generated at
                       138.3 T/s · prompt 1,100 tokens, none cached, 1,100 new
                       in 0.34 s (3,235 T/s) · first token 0.35 s, total 2.20 s
                       · draft 174/246 accepted (71%) · max_tokens reached
22:46:57.613 INFO:     #155 chat/completions (stream): 84 prompt tokens ·
                       temperature: 0, greedy (req), max_tokens: 256 (req),
                       min_tokens: 256 (req)
22:46:57.735 INFO:     #151 chat/completions (stream): 256 tokens generated at
                       111.6 T/s · prompt 1,053 tokens, none cached, 1,053 new
                       in 0.28 s (3,761 T/s) · first token 0.29 s, total 2.58 s
                       · draft 167/267 accepted (63%) · max_tokens reached
22:46:57.785 INFO:     #156 chat/completions (stream): 74 prompt tokens ·
                       temperature: 0, greedy (req), max_tokens: 256 (req),
                       min_tokens: 256 (req)
22:46:58.004 INFO:     #153 chat/completions (stream): 256 tokens generated at
                       138.8 T/s · prompt 411 tokens, none cached, 411 new in
                       0.25 s (1,644 T/s) · first token 0.26 s, total 2.10 s ·
                       draft 170/258 accepted (66%) · max_tokens reached
22:46:58.052 INFO:     #157 chat/completions (stream): 61 prompt tokens ·
                       temperature: 0, greedy (req), max_tokens: 256 (req),
                       min_tokens: 256 (req)
22:46:58.910 INFO:     #154 chat/completions (stream): 256 tokens generated at
                       166.3 T/s · prompt 128 tokens, none cached, 128 new in
                       0.10 s · first token 0.11 s, total 1.65 s · draft 182/222
                       accepted (82%) · max_tokens reached
22:46:58.959 INFO:     #158 chat/completions (stream): 80 prompt tokens ·
                       temperature: 0, greedy (req), max_tokens: 256 (req),
                       min_tokens: 256 (req)
22:46:59.867 INFO:     #155 chat/completions (stream): 256 tokens generated at
                       122.0 T/s · prompt 84 tokens, none cached, 84 new in 0.08
                       s · first token 0.09 s, total 2.18 s · draft 152/312
                       accepted (49%) · max_tokens reached
22:46:59.910 INFO:     #159 chat/completions (stream): 112 prompt tokens ·
                       temperature: 0, greedy (req), max_tokens: 256 (req),
                       min_tokens: 256 (req)
22:47:00.045 INFO:     #157 chat/completions (stream): 256 tokens generated at
                       145.7 T/s · prompt 61 tokens, none cached, 61 new in 0.07
                       s · first token 0.07 s, total 1.83 s · draft 163/279
                       accepted (58%) · max_tokens reached
22:47:00.096 INFO:     #160 chat/completions (stream): 83 prompt tokens ·
                       temperature: 0, greedy (req), max_tokens: 256 (req),
                       min_tokens: 256 (req)
22:47:00.375 INFO:     #156 chat/completions (stream): 256 tokens generated at
                       104.8 T/s · prompt 74 tokens, none cached, 74 new in 0.08
                       s · first token 0.09 s, total 2.53 s · draft 138/354
                       accepted (39%) · max_tokens reached
22:47:00.425 INFO:     #161 chat/completions (stream): 100 prompt tokens ·
                       temperature: 0, greedy (req), max_tokens: 256 (req),
                       min_tokens: 256 (req)
22:47:00.768 INFO:     #158 chat/completions (stream): 256 tokens generated at
                       154.5 T/s · prompt 80 tokens, none cached, 80 new in 0.08
                       s · first token 0.09 s, total 1.74 s · draft 179/231
                       accepted (77%) · max_tokens reached
22:47:00.818 INFO:     #162 chat/completions (stream): 127 prompt tokens ·
                       temperature: 0, greedy (req), max_tokens: 256 (req),
                       min_tokens: 256 (req)
22:47:01.677 INFO:     #159 chat/completions (stream): 256 tokens generated at
                       160.1 T/s · prompt 112 tokens, none cached, 112 new in
                       0.10 s · first token 0.11 s, total 1.70 s · draft 182/222
                       accepted (82%) · max_tokens reached
22:47:01.728 INFO:     #163 chat/completions (stream): 90 prompt tokens ·
                       temperature: 0, greedy (req), max_tokens: 256 (req),
                       min_tokens: 256 (req)
22:47:02.277 INFO:     #160 chat/completions (stream): 256 tokens generated at
                       125.8 T/s · prompt 83 tokens, none cached, 83 new in 0.08
                       s · first token 0.09 s, total 2.12 s · draft 158/294
                       accepted (54%) · max_tokens reached
22:47:02.277 INFO:     #161 chat/completions (stream): 256 tokens generated at
                       150.7 T/s · prompt 100 tokens, none cached, 100 new in
                       0.09 s · first token 0.10 s, total 1.79 s · draft 172/252
                       accepted (68%) · max_tokens reached
22:47:02.320 INFO:     #165 chat/completions (stream): 63 prompt tokens ·
                       temperature: 0, greedy (req), max_tokens: 256 (req),
                       min_tokens: 256 (req)
22:47:02.321 INFO:     #166 chat/completions (stream): 104 prompt tokens ·
                       temperature: 0, greedy (req), max_tokens: 256 (req),
                       min_tokens: 256 (req)
22:47:02.593 INFO:     #162 chat/completions (stream): 256 tokens generated at
                       159.6 T/s · prompt 127 tokens, none cached, 127 new in
                       0.10 s · first token 0.11 s, total 1.71 s · draft 180/228
                       accepted (79%) · max_tokens reached
22:47:02.642 INFO:     #167 chat/completions (stream): 80 prompt tokens ·
                       temperature: 0, greedy (req), max_tokens: 256 (req),
                       min_tokens: 256 (req)
22:47:03.810 INFO:     #163 chat/completions (stream): 256 tokens generated at
                       133.0 T/s · prompt 90 tokens, none cached, 90 new in 0.09
                       s · first token 0.10 s, total 2.02 s · draft 162/282
                       accepted (57%) · max_tokens reached
22:47:03.858 INFO:     #168 chat/completions (stream): 82 prompt tokens ·
                       temperature: 0, greedy (req), max_tokens: 256 (req),
                       min_tokens: 256 (req)
22:47:04.438 INFO:     #165 chat/completions (stream): 256 tokens generated at
                       136.0 T/s · prompt 63 tokens, none cached, 63 new in 0.17
                       s · first token 0.18 s, total 2.06 s · draft 161/285
                       accepted (56%) · max_tokens reached
22:47:04.467 INFO:     #166 chat/completions (stream): 256 tokens generated at
                       133.7 T/s · prompt 104 tokens, none cached, 104 new in
                       0.09 s · first token 0.17 s, total 2.08 s · draft 159/291
                       accepted (55%) · max_tokens reached
22:47:04.480 INFO:     #169 chat/completions (stream): 809 prompt tokens ·
                       temperature: 0, greedy (req), max_tokens: 256 (req),
                       min_tokens: 256 (req)
22:47:04.782 INFO:     #170 chat/completions (stream): 77 prompt tokens ·
                       temperature: 0, greedy (req), max_tokens: 256 (req),
                       min_tokens: 256 (req)
22:47:05.220 INFO:     #167 chat/completions (stream): 256 tokens generated at
                       106.1 T/s · prompt 80 tokens, none cached, 80 new in 0.08
                       s · first token 0.09 s, total 2.50 s · draft 146/330
                       accepted (44%) · max_tokens reached
22:47:05.270 INFO:     #171 chat/completions (stream): 64 prompt tokens ·
                       temperature: 0, greedy (req), max_tokens: 256 (req),
                       min_tokens: 256 (req)
22:47:06.267 INFO:     #168 chat/completions (stream): 256 tokens generated at
                       113.6 T/s · prompt 82 tokens, none cached, 82 new in 0.08
                       s · first token 0.09 s, total 2.34 s · draft 155/303
                       accepted (51%) · max_tokens reached
22:47:06.317 INFO:     #172 chat/completions (stream): 104 prompt tokens ·
                       temperature: 0, greedy (req), max_tokens: 256 (req),
                       min_tokens: 256 (req)
22:47:06.572 INFO:     #170 chat/completions (stream): 256 tokens generated at
                       156.3 T/s · prompt 77 tokens, none cached, 77 new in 0.08
                       s · first token 0.09 s, total 1.72 s · draft 175/243
                       accepted (72%) · max_tokens reached
22:47:06.624 INFO:     #173 chat/completions (stream): 66 prompt tokens ·
                       temperature: 0, greedy (req), max_tokens: 256 (req),
                       min_tokens: 256 (req)
22:47:06.894 INFO:     #169 chat/completions (stream): 256 tokens generated at
                       124.0 T/s · prompt 809 tokens, none cached, 809 new in
                       0.28 s (2,889 T/s) · first token 0.29 s, total 2.35 s ·
                       draft 160/288 accepted (56%) · max_tokens reached
22:47:06.945 INFO:     #174 chat/completions (stream): 786 prompt tokens ·
                       temperature: 0, greedy (req), max_tokens: 256 (req),
                       min_tokens: 256 (req)
22:47:07.221 INFO:     #171 chat/completions (stream): 256 tokens generated at
                       160.6 T/s · prompt 64 tokens, none cached, 64 new in 0.07
                       s · first token 0.08 s, total 1.67 s · draft 176/240
                       accepted (73%) · max_tokens reached
22:47:07.274 INFO:     #175 chat/completions (stream): 67 prompt tokens ·
                       temperature: 0, greedy (req), max_tokens: 256 (req),
                       min_tokens: 256 (req)
22:47:08.160 INFO:     #172 chat/completions (stream): 256 tokens generated at
                       152.6 T/s · prompt 104 tokens, none cached, 104 new in
                       0.09 s · first token 0.10 s, total 1.77 s · draft 182/222
                       accepted (82%) · max_tokens reached
22:47:08.219 INFO:     #176 chat/completions (stream): 831 prompt tokens ·
                       temperature: 0, greedy (req), max_tokens: 256 (req),
                       min_tokens: 256 (req)
22:47:08.920 INFO:     #173 chat/completions (stream): 256 tokens generated at
                       119.1 T/s · prompt 66 tokens, none cached, 66 new in 0.08
                       s · first token 0.09 s, total 2.24 s · draft 167/267
                       accepted (63%) · max_tokens reached
22:47:08.971 INFO:     #177 chat/completions (stream): 731 prompt tokens ·
                       temperature: 0, greedy (req), max_tokens: 256 (req),
                       min_tokens: 256 (req)
22:47:09.305 INFO:     #174 chat/completions (stream): 256 tokens generated at
                       142.4 T/s · prompt 786 tokens, none cached, 786 new in
                       0.22 s (3,573 T/s) · first token 0.23 s, total 2.02 s ·
                       draft 175/243 accepted (72%) · max_tokens reached
22:47:09.355 INFO:     #178 chat/completions (stream): 87 prompt tokens ·
                       temperature: 0, greedy (req), max_tokens: 256 (req),
                       min_tokens: 256 (req)
22:47:09.967 INFO:     #175 chat/completions (stream): 256 tokens generated at
                       100.6 T/s · prompt 67 tokens, none cached, 67 new in 0.07
                       s · first token 0.08 s, total 2.62 s · draft 149/321
                       accepted (46%) · max_tokens reached
22:47:10.020 INFO:     #179 chat/completions (stream): 1,138 prompt tokens ·
                       temperature: 0, greedy (req), max_tokens: 256 (req),
                       min_tokens: 256 (req)
22:47:11.099 INFO:     #176 chat/completions (stream): 256 tokens generated at
                       101.6 T/s · prompt 831 tokens, none cached, 831 new in
                       0.29 s (2,866 T/s) · first token 0.30 s, total 2.82 s ·
                       draft 154/306 accepted (50%) · max_tokens reached
22:47:11.147 INFO:     #180 chat/completions (stream): 128 prompt tokens ·
                       temperature: 0, greedy (req), max_tokens: 256 (req),
                       min_tokens: 256 (req)
22:47:11.364 INFO:     #178 chat/completions (stream): 256 tokens generated at
                       137.6 T/s · prompt 87 tokens, none cached, 87 new in 0.08
                       s · first token 0.09 s, total 1.95 s · draft 177/237
                       accepted (75%) · max_tokens reached
22:47:11.393 INFO:     #177 chat/completions (stream): 256 tokens generated at
                       123.2 T/s · prompt 731 tokens, none cached, 731 new in
                       0.28 s (2,611 T/s) · first token 0.29 s, total 2.36 s ·
                       draft 169/261 accepted (65%) · max_tokens reached
22:47:11.407 INFO:     #181 chat/completions (stream): 592 prompt tokens ·
                       temperature: 0, greedy (req), max_tokens: 256 (req),
                       min_tokens: 256 (req)
22:47:11.682 INFO:     #182 chat/completions (stream): 63 prompt tokens ·
                       temperature: 0, greedy (req), max_tokens: 256 (req),
                       min_tokens: 256 (req)
22:47:12.397 INFO:     #179 chat/completions (stream): 256 tokens generated at
                       131.4 T/s · prompt 1,138 tokens, none cached, 1,138 new
                       in 0.36 s (3,161 T/s) · first token 0.37 s, total 2.31 s
                       · draft 170/258 accepted (66%) · max_tokens reached
22:47:12.449 INFO:     #183 chat/completions (stream): 654 prompt tokens ·
                       temperature: 0, greedy (req), max_tokens: 256 (req),
                       min_tokens: 256 (req)
22:47:13.422 INFO:     #180 chat/completions (stream): 256 tokens generated at
                       121.7 T/s · prompt 128 tokens, none cached, 128 new in
                       0.10 s · first token 0.11 s, total 2.21 s · draft 171/255
                       accepted (67%) · max_tokens reached
22:47:13.473 INFO:     #184 chat/completions (stream): 586 prompt tokens ·
                       temperature: 0, greedy (req), max_tokens: 256 (req),
                       min_tokens: 256 (req)
22:47:14.049 INFO:     #181 chat/completions (stream): 256 tokens generated at
                       110.5 T/s · prompt 592 tokens, none cached, 592 new in
                       0.25 s (2,368 T/s) · first token 0.26 s, total 2.57 s ·
                       draft 160/288 accepted (56%) · max_tokens reached
22:47:14.099 INFO:     #185 chat/completions (stream): 212 prompt tokens ·
                       temperature: 0, greedy (req), max_tokens: 256 (req),
                       min_tokens: 256 (req)
22:47:14.403 INFO:     #182 chat/completions (stream): 256 tokens generated at
                       99.2 T/s · prompt 63 tokens, none cached, 63 new in 0.07
                       s · first token 0.08 s, total 2.66 s · draft 147/327
                       accepted (45%) · max_tokens reached
22:47:14.455 INFO:     #186 chat/completions (stream): 960 prompt tokens ·
                       temperature: 0, greedy (req), max_tokens: 256 (req),
                       min_tokens: 256 (req)
22:47:15.343 INFO:     #183 chat/completions (stream): 256 tokens generated at
                       101.0 T/s · prompt 654 tokens, none cached, 654 new in
                       0.29 s (2,255 T/s) · first token 0.30 s, total 2.83 s ·
                       draft 151/315 accepted (48%) · max_tokens reached
22:47:15.394 INFO:     #187 chat/completions (stream): 77 prompt tokens ·
                       temperature: 0, greedy (req), max_tokens: 256 (req),
                       min_tokens: 256 (req)
22:47:15.984 INFO:     #184 chat/completions (stream): 256 tokens generated at
                       117.1 T/s · prompt 586 tokens, none cached, 586 new in
                       0.25 s (2,344 T/s) · first token 0.26 s, total 2.44 s ·
                       draft 162/282 accepted (57%) · max_tokens reached
22:47:16.033 INFO:     #188 chat/completions (stream): 819 prompt tokens ·
                       temperature: 0, greedy (req), max_tokens: 256 (req),
                       min_tokens: 256 (req)
22:47:16.348 INFO:     #185 chat/completions (stream): 256 tokens generated at
                       141.9 T/s · prompt 212 tokens, none cached, 212 new in
                       0.11 s · first token 0.12 s, total 1.92 s · draft 177/237
                       accepted (75%) · max_tokens reached
22:47:16.401 INFO:     #189 chat/completions (stream): 780 prompt tokens ·
                       temperature: 0, greedy (req), max_tokens: 256 (req),
                       min_tokens: 256 (req)
22:47:17.137 INFO:     #186 chat/completions (stream): 256 tokens generated at
                       111.7 T/s · prompt 960 tokens, none cached, 960 new in
                       0.32 s (3,000 T/s) · first token 0.33 s, total 2.62 s ·
                       draft 161/285 accepted (56%) · max_tokens reached
22:47:17.188 INFO:     #191 chat/completions (stream): 134 prompt tokens ·
                       temperature: 0, greedy (req), max_tokens: 256 (req),
                       min_tokens: 256 (req)
22:47:17.783 INFO:     #187 chat/completions (stream): 256 tokens generated at
                       114.4 T/s · prompt 77 tokens, none cached, 77 new in 0.08
                       s · first token 0.09 s, total 2.32 s · draft 165/273
                       accepted (60%) · max_tokens reached
22:47:17.836 INFO:     #192 chat/completions (stream): 695 prompt tokens ·
                       temperature: 0, greedy (req), max_tokens: 256 (req),
                       min_tokens: 256 (req)
22:47:18.741 INFO:     #189 chat/completions (stream): 256 tokens generated at
                       126.5 T/s · prompt 780 tokens, none cached, 780 new in
                       0.25 s (3,120 T/s) · first token 0.26 s, total 2.28 s ·
                       draft 165/273 accepted (60%) · max_tokens reached
22:47:18.792 INFO:     #193 chat/completions (stream): 88 prompt tokens ·
                       temperature: 0, greedy (req), max_tokens: 256 (req),
                       min_tokens: 256 (req)
22:47:19.042 INFO:     #188 chat/completions (stream): 256 tokens generated at
                       95.7 T/s · prompt 819 tokens, none cached, 819 new in
                       0.28 s (2,925 T/s) · first token 0.29 s, total 2.96 s ·
                       draft 146/330 accepted (44%) · max_tokens reached
22:47:19.042 INFO:     #191 chat/completions (stream): 256 tokens generated at
                       151.8 T/s · prompt 134 tokens, none cached, 134 new in
                       0.11 s · first token 0.12 s, total 1.80 s · draft 182/222
                       accepted (82%) · max_tokens reached
22:47:19.084 INFO:     #194 chat/completions (stream): 516 prompt tokens ·
                       temperature: 0, greedy (req), max_tokens: 256 (req),
                       min_tokens: 256 (req)
22:47:19.085 INFO:     #195 chat/completions (stream): 93 prompt tokens ·
                       temperature: 0, greedy (req), max_tokens: 256 (req),
                       min_tokens: 256 (req)
22:47:20.174 INFO:     #192 chat/completions (stream): 256 tokens generated at
                       128.9 T/s · prompt 695 tokens, none cached, 695 new in
                       0.28 s (2,482 T/s) · first token 0.29 s, total 2.27 s ·
                       draft 164/276 accepted (59%) · max_tokens reached
22:47:20.231 INFO:     #196 chat/completions (stream): 775 prompt tokens ·
                       temperature: 0, greedy (req), max_tokens: 256 (req),
                       min_tokens: 256 (req)
22:47:20.926 INFO:     #193 chat/completions (stream): 256 tokens generated at
                       129.3 T/s · prompt 88 tokens, none cached, 88 new in 0.09
                       s · first token 0.10 s, total 2.08 s · draft 171/255
                       accepted (67%) · max_tokens reached
22:47:20.967 INFO:     #197 chat/completions (stream): 386 prompt tokens ·
                       temperature: 0, greedy (req), max_tokens: 256 (req),
                       min_tokens: 256 (req)
22:47:20.968 INFO:     #195 chat/completions (stream): 256 tokens generated at
                       162.8 T/s · prompt 93 tokens, none cached, 93 new in 0.09
                       s · queued 0.16 s, first token 0.25 s, total 1.83 s ·
                       draft 181/225 accepted (80%) · max_tokens reached
22:47:21.260 INFO:     #198 chat/completions (stream): 123 prompt tokens ·
                       temperature: 0, greedy (req), max_tokens: 256 (req),
                       min_tokens: 256 (req)
22:47:21.570 INFO:     #194 chat/completions (stream): 256 tokens generated at
                       120.3 T/s · prompt 516 tokens, none cached, 516 new in
                       0.28 s (1,843 T/s) · first token 0.29 s, total 2.42 s ·
                       draft 167/267 accepted (63%) · max_tokens reached
22:47:21.620 INFO:     #199 chat/completions (stream): 78 prompt tokens ·
                       temperature: 0, greedy (req), max_tokens: 256 (req),
                       min_tokens: 256 (req)
22:47:22.464 INFO:     #196 chat/completions (stream): 256 tokens generated at
                       132.8 T/s · prompt 775 tokens, none cached, 775 new in
                       0.24 s (3,229 T/s) · first token 0.25 s, total 2.17 s ·
                       draft 171/255 accepted (67%) · max_tokens reached
22:47:22.514 INFO:     #200 chat/completions (stream): 116 prompt tokens ·
                       temperature: 0, greedy (req), max_tokens: 256 (req),
                       min_tokens: 256 (req)
22:47:23.295 INFO:     #197 chat/completions (stream): 256 tokens generated at
                       127.9 T/s · prompt 386 tokens, none cached, 386 new in
                       0.26 s (1,485 T/s) · first token 0.27 s, total 2.27 s ·
                       draft 160/288 accepted (56%) · max_tokens reached
22:47:23.338 INFO:     #201 chat/completions (stream): 67 prompt tokens ·
                       temperature: 0, greedy (req), max_tokens: 256 (req),
                       min_tokens: 256 (req)
22:47:23.452 INFO:     #198 chat/completions (stream): 256 tokens generated at
                       131.6 T/s · prompt 123 tokens, none cached, 123 new in
                       0.10 s · first token 0.11 s, total 2.05 s · draft 157/297
                       accepted (53%) · max_tokens reached
22:47:23.491 INFO:     #202 chat/completions (stream): 74 prompt tokens ·
                       temperature: 0, greedy (req), max_tokens: 256 (req),
                       min_tokens: 256 (req)
22:47:23.592 INFO:     #199 chat/completions (stream): 256 tokens generated at
                       147.0 T/s · prompt 78 tokens, none cached, 78 new in 0.08
                       s · first token 0.09 s, total 1.83 s · draft 168/264
                       accepted (64%) · max_tokens reached
22:47:23.640 INFO:     #203 chat/completions (stream): 148 prompt tokens ·
                       temperature: 0, greedy (req), max_tokens: 256 (req),
                       min_tokens: 256 (req)
22:47:24.441 INFO:     #200 chat/completions (stream): 256 tokens generated at
                       145.7 T/s · prompt 116 tokens, none cached, 116 new in
                       0.10 s · first token 0.11 s, total 1.86 s · draft 170/258
                       accepted (66%) · max_tokens reached
22:47:24.492 INFO:     #204 chat/completions (stream): 660 prompt tokens ·
                       temperature: 0, greedy (req), max_tokens: 256 (req),
                       min_tokens: 256 (req)
22:47:25.265 INFO:     #201 chat/completions (stream): 256 tokens generated at
                       143.8 T/s · prompt 67 tokens, none cached, 67 new in 0.08
                       s · first token 0.09 s, total 1.87 s · draft 180/228
                       accepted (79%) · max_tokens reached
22:47:25.316 INFO:     #205 chat/completions (stream): 62 prompt tokens ·
                       temperature: 0, greedy (req), max_tokens: 256 (req),
                       min_tokens: 256 (req)
22:47:25.511 INFO:     #203 chat/completions (stream): 256 tokens generated at
                       149.6 T/s · prompt 148 tokens, none cached, 148 new in
                       0.09 s · first token 0.09 s, total 1.81 s · draft 179/231
                       accepted (77%) · max_tokens reached
22:47:25.558 INFO:     #206 chat/completions (stream): 61 prompt tokens ·
                       temperature: 0, greedy (req), max_tokens: 256 (req),
                       min_tokens: 256 (req)
22:47:25.681 INFO:     #202 chat/completions (stream): 256 tokens generated at
                       130.2 T/s · prompt 74 tokens, none cached, 74 new in 0.08
                       s · first token 0.09 s, total 2.05 s · draft 169/261
                       accepted (65%) · max_tokens reached
22:47:25.732 INFO:     #207 chat/completions (stream): 91 prompt tokens ·
                       temperature: 0, greedy (req), max_tokens: 256 (req),
                       min_tokens: 256 (req)
22:47:26.722 INFO:     #204 chat/completions (stream): 256 tokens generated at
                       135.7 T/s · prompt 660 tokens, none cached, 660 new in
                       0.27 s (2,444 T/s) · first token 0.28 s, total 2.16 s ·
                       draft 165/273 accepted (60%) · max_tokens reached
22:47:26.770 INFO:     #208 chat/completions (stream): 86 prompt tokens ·
                       temperature: 0, greedy (req), max_tokens: 256 (req),
                       min_tokens: 256 (req)
22:47:27.319 INFO:     #207 chat/completions (stream): 256 tokens generated at
                       179.0 T/s · prompt 91 tokens, none cached, 91 new in 0.09
                       s · first token 0.10 s, total 1.53 s · draft 182/222
                       accepted (82%) · max_tokens reached
22:47:27.361 INFO:     #209 chat/completions (stream): 64 prompt tokens ·
                       temperature: 0, greedy (req), max_tokens: 256 (req),
                       min_tokens: 256 (req)
22:47:27.455 INFO:     #206 chat/completions (stream): 256 tokens generated at
                       152.0 T/s · prompt 61 tokens, none cached, 61 new in 0.07
                       s · first token 0.08 s, total 1.76 s · draft 172/252
                       accepted (68%) · max_tokens reached
22:47:27.507 INFO:     #210 chat/completions (stream): 745 prompt tokens ·
                       temperature: 0, greedy (req), max_tokens: 256 (req),
                       min_tokens: 256 (req)
22:47:27.906 INFO:     #205 chat/completions (stream): 256 tokens generated at
                       104.7 T/s · prompt 62 tokens, none cached, 62 new in 0.07
                       s · first token 0.08 s, total 2.52 s · draft 152/312
                       accepted (49%) · max_tokens reached
22:47:27.958 INFO:     #211 chat/completions (stream): 722 prompt tokens ·
                       temperature: 0, greedy (req), max_tokens: 256 (req),
                       min_tokens: 256 (req)
22:47:29.357 INFO:     #208 chat/completions (stream): 256 tokens generated at
                       105.3 T/s · prompt 86 tokens, none cached, 86 new in 0.09
                       s · first token 0.10 s, total 2.53 s · draft 154/306
                       accepted (50%) · max_tokens reached
22:47:29.405 INFO:     #212 chat/completions (stream): 115 prompt tokens ·
                       temperature: 0, greedy (req), max_tokens: 256 (req),
                       min_tokens: 256 (req)
22:47:29.776 INFO:     #209 chat/completions (stream): 256 tokens generated at
                       112.1 T/s · prompt 64 tokens, none cached, 64 new in 0.07
                       s · first token 0.08 s, total 2.36 s · draft 164/276
                       accepted (59%) · max_tokens reached
22:47:29.776 INFO:     #210 chat/completions (stream): 256 tokens generated at
                       133.5 T/s · prompt 745 tokens, none cached, 745 new in
                       0.29 s (2,569 T/s) · first token 0.30 s, total 2.21 s ·
                       draft 169/261 accepted (65%) · max_tokens reached
22:47:29.818 INFO:     #213 chat/completions (stream): 91 prompt tokens ·
                       temperature: 0, greedy (req), max_tokens: 256 (req),
                       min_tokens: 256 (req)
22:47:29.820 INFO:     #214 chat/completions (stream): 680 prompt tokens ·
                       temperature: 0, greedy (req), max_tokens: 256 (req),
                       min_tokens: 256 (req)
22:47:30.400 INFO:     #211 chat/completions (stream): 256 tokens generated at
                       122.6 T/s · prompt 722 tokens, none cached, 722 new in
                       0.28 s (2,579 T/s) · first token 0.29 s, total 2.37 s ·
                       draft 163/279 accepted (58%) · max_tokens reached
22:47:30.451 INFO:     #215 chat/completions (stream): 100 prompt tokens ·
                       temperature: 0, greedy (req), max_tokens: 256 (req),
                       min_tokens: 256 (req)
22:47:31.399 INFO:     #212 chat/completions (stream): 256 tokens generated at
                       140.2 T/s · prompt 115 tokens, none cached, 115 new in
                       0.10 s · first token 0.11 s, total 1.93 s · draft 177/237
                       accepted (75%) · max_tokens reached
22:47:31.447 INFO:     #216 chat/completions (stream): 64 prompt tokens ·
                       temperature: 0, greedy (req), max_tokens: 256 (req),
                       min_tokens: 256 (req)
22:47:31.695 INFO:     #213 chat/completions (stream): 256 tokens generated at
                       164.9 T/s · prompt 91 tokens, none cached, 91 new in 0.25
                       s · first token 0.26 s, total 1.81 s · draft 183/219
                       accepted (84%) · max_tokens reached
22:47:31.748 INFO:     #217 chat/completions (stream): 672 prompt tokens ·
                       temperature: 0, greedy (req), max_tokens: 256 (req),
                       min_tokens: 256 (req)
22:47:32.227 INFO:     #214 chat/completions (stream): 256 tokens generated at
                       129.8 T/s · prompt 680 tokens, none cached, 680 new in
                       0.27 s (2,519 T/s) · queued 0.10 s, first token 0.37 s,
                       total 2.34 s · draft 168/264 accepted (64%) · max_tokens
                       reached
22:47:32.243 INFO:     #215 chat/completions (stream): 256 tokens generated at
                       156.4 T/s · prompt 100 tokens, none cached, 100 new in
                       0.09 s · first token 0.10 s, total 1.73 s · draft 182/222
                       accepted (82%) · max_tokens reached
22:47:32.271 INFO:     #219 chat/completions (stream): 875 prompt tokens ·
                       temperature: 0, greedy (req), max_tokens: 256 (req),
                       min_tokens: 256 (req)
22:47:32.484 INFO:     #220 chat/completions (stream): 139 prompt tokens ·
                       temperature: 0, greedy (req), max_tokens: 256 (req),
                       min_tokens: 256 (req)
22:47:33.703 INFO:     #216 chat/completions (stream): 256 tokens generated at
                       121.0 T/s · prompt 64 tokens, none cached, 64 new in 0.07
                       s · first token 0.08 s, total 2.19 s · draft 174/246
                       accepted (71%) · max_tokens reached
22:47:33.754 INFO:     #221 chat/completions (stream): 63 prompt tokens ·
                       temperature: 0, greedy (req), max_tokens: 256 (req),
                       min_tokens: 256 (req)
22:47:34.106 INFO:     #217 chat/completions (stream): 256 tokens generated at
                       126.9 T/s · prompt 672 tokens, none cached, 672 new in
                       0.27 s (2,489 T/s) · first token 0.28 s, total 2.29 s ·
                       draft 169/261 accepted (65%) · max_tokens reached
22:47:34.158 INFO:     #222 chat/completions (stream): 778 prompt tokens ·
                       temperature: 0, greedy (req), max_tokens: 256 (req),
                       min_tokens: 256 (req)
22:47:34.505 INFO:     #220 chat/completions (stream): 256 tokens generated at
                       147.1 T/s · prompt 139 tokens, none cached, 139 new in
                       0.11 s · queued 0.11 s, first token 0.22 s, total 1.96 s
                       · draft 176/240 accepted (73%) · max_tokens reached
22:47:34.556 INFO:     #223 chat/completions (stream): 774 prompt tokens ·
                       temperature: 0, greedy (req), max_tokens: 256 (req),
                       min_tokens: 256 (req)
22:47:34.849 INFO:     #219 chat/completions (stream): 256 tokens generated at
                       123.4 T/s · prompt 875 tokens, none cached, 875 new in
                       0.42 s (2,083 T/s) · first token 0.43 s, total 2.50 s ·
                       draft 168/264 accepted (64%) · max_tokens reached
22:47:34.898 INFO:     #224 chat/completions (stream): 65 prompt tokens ·
                       temperature: 0, greedy (req), max_tokens: 256 (req),
                       min_tokens: 256 (req)
22:47:36.213 INFO:     #222 chat/completions (stream): 256 tokens generated at
                       149.0 T/s · prompt 778 tokens, none cached, 778 new in
                       0.26 s (2,992 T/s) · first token 0.27 s, total 1.98 s ·
                       draft 176/240 accepted (73%) · max_tokens reached
22:47:36.256 INFO:     #225 chat/completions (stream): 117 prompt tokens ·
                       temperature: 0, greedy (req), max_tokens: 256 (req),
                       min_tokens: 256 (req)
22:47:36.394 INFO:     #223 chat/completions (stream): 256 tokens generated at
                       177.2 T/s · prompt 774 tokens, none cached, 774 new in
                       0.22 s (3,518 T/s) · first token 0.23 s, total 1.67 s ·
                       draft 180/228 accepted (79%) · max_tokens reached
22:47:36.444 INFO:     #226 chat/completions (stream): 405 prompt tokens ·
                       temperature: 0, greedy (req), max_tokens: 256 (req),
                       min_tokens: 256 (req)
22:47:36.749 INFO:     #221 chat/completions (stream): 256 tokens generated at
                       92.7 T/s · prompt 63 tokens, none cached, 63 new in 0.07
                       s · first token 0.08 s, total 2.84 s · draft 143/339
                       accepted (42%) · max_tokens reached
22:47:36.798 INFO:     #227 chat/completions (stream): 96 prompt tokens ·
                       temperature: 0, greedy (req), max_tokens: 256 (req),
                       min_tokens: 256 (req)
22:47:37.235 INFO:     #224 chat/completions (stream): 256 tokens generated at
                       117.3 T/s · prompt 65 tokens, none cached, 65 new in 0.07
                       s · first token 0.08 s, total 2.26 s · draft 157/297
                       accepted (53%) · max_tokens reached
22:47:37.290 INFO:     #228 chat/completions (stream): 1,533 prompt tokens ·
                       temperature: 0, greedy (req), max_tokens: 256 (req),
                       min_tokens: 256 (req)
22:47:38.610 INFO:     #225 chat/completions (stream): 256 tokens generated at
                       117.3 T/s · prompt 117 tokens, none cached, 117 new in
                       0.10 s · first token 0.11 s, total 2.29 s · draft 174/246
                       accepted (71%) · max_tokens reached
22:47:38.663 INFO:     #229 chat/completions (stream): 786 prompt tokens ·
                       temperature: 0, greedy (req), max_tokens: 256 (req),
                       min_tokens: 256 (req)
22:47:39.149 INFO:     #226 chat/completions (stream): 256 tokens generated at
                       106.8 T/s · prompt 405 tokens, none cached, 405 new in
                       0.24 s (1,688 T/s) · first token 0.25 s, total 2.64 s ·
                       draft 162/282 accepted (57%) · max_tokens reached
22:47:39.204 INFO:     #230 chat/completions (stream): 61 prompt tokens ·
                       temperature: 0, greedy (req), max_tokens: 256 (req),
                       min_tokens: 256 (req)
22:47:39.312 INFO:     #227 chat/completions (stream): 256 tokens generated at
                       112.7 T/s · prompt 96 tokens, none cached, 96 new in 0.09
                       s · first token 0.10 s, total 2.37 s · draft 164/276
                       accepted (59%) · max_tokens reached
22:47:39.361 INFO:     #231 chat/completions (stream): 84 prompt tokens ·
                       temperature: 0, greedy (req), max_tokens: 256 (req),
                       min_tokens: 256 (req)
22:47:39.708 INFO:     #228 chat/completions (stream): 256 tokens generated at
                       132.1 T/s · prompt 1,533 tokens, none cached, 1,533 new
                       in 0.41 s (3,739 T/s) · first token 0.42 s, total 2.35 s
                       · draft 169/261 accepted (65%) · max_tokens reached
22:47:39.757 INFO:     #232 chat/completions (stream): 92 prompt tokens ·
                       temperature: 0, greedy (req), max_tokens: 256 (req),
                       min_tokens: 256 (req)
22:47:40.696 INFO:     #229 chat/completions (stream): 256 tokens generated at
                       148.2 T/s · prompt 786 tokens, none cached, 786 new in
                       0.24 s (3,275 T/s) · first token 0.25 s, total 1.97 s ·
                       draft 173/249 accepted (69%) · max_tokens reached
22:47:40.746 INFO:     #233 chat/completions (stream): 388 prompt tokens ·
                       temperature: 0, greedy (req), max_tokens: 256 (req),
                       min_tokens: 256 (req)
22:47:41.200 INFO:     #230 chat/completions (stream): 256 tokens generated at
                       138.1 T/s · prompt 61 tokens, none cached, 61 new in 0.07
                       s · first token 0.08 s, total 1.93 s · draft 175/243
                       accepted (72%) · max_tokens reached
22:47:41.249 INFO:     #234 chat/completions (stream): 63 prompt tokens ·
                       temperature: 0, greedy (req), max_tokens: 256 (req),
                       min_tokens: 256 (req)
22:47:41.563 INFO:     #231 chat/completions (stream): 256 tokens generated at
                       125.0 T/s · prompt 84 tokens, none cached, 84 new in 0.09
                       s · first token 0.09 s, total 2.14 s · draft 163/279
                       accepted (58%) · max_tokens reached
22:47:41.604 INFO:     #235 chat/completions (stream): 78 prompt tokens ·
                       temperature: 0, greedy (req), max_tokens: 256 (req),
                       min_tokens: 256 (req)
22:47:41.704 INFO:     #232 chat/completions (stream): 256 tokens generated at
                       149.7 T/s · prompt 92 tokens, none cached, 92 new in 0.09
                       s · first token 0.10 s, total 1.81 s · draft 177/237
                       accepted (75%) · max_tokens reached
22:47:41.755 INFO:     #236 chat/completions (stream): 707 prompt tokens ·
                       temperature: 0, greedy (req), max_tokens: 256 (req),
                       min_tokens: 256 (req)
22:47:42.962 INFO:     #233 chat/completions (stream): 256 tokens generated at
                       135.8 T/s · prompt 388 tokens, none cached, 388 new in
                       0.26 s (1,492 T/s) · first token 0.27 s, total 2.15 s ·
                       draft 174/246 accepted (71%) · max_tokens reached
22:47:43.014 INFO:     #237 chat/completions (stream): 316 prompt tokens ·
                       temperature: 0, greedy (req), max_tokens: 256 (req),
                       min_tokens: 256 (req)
22:47:43.766 INFO:     #236 chat/completions (stream): 256 tokens generated at
                       154.3 T/s · prompt 707 tokens, none cached, 707 new in
                       0.29 s (2,438 T/s) · first token 0.30 s, total 1.95 s ·
                       draft 179/231 accepted (77%) · max_tokens reached
22:47:43.808 INFO:     #238 chat/completions (stream): 70 prompt tokens ·
                       temperature: 0, greedy (req), max_tokens: 256 (req),
                       min_tokens: 256 (req)
22:47:43.809 INFO:     #234 chat/completions (stream): 256 tokens generated at
                       105.5 T/s · prompt 63 tokens, none cached, 63 new in 0.07
                       s · first token 0.08 s, total 2.50 s · draft 154/306
                       accepted (50%) · max_tokens reached
22:47:43.940 INFO:     #239 chat/completions (stream): 85 prompt tokens ·
                       temperature: 0, greedy (req), max_tokens: 256 (req),
                       min_tokens: 256 (req)
22:47:44.232 INFO:     #235 chat/completions (stream): 256 tokens generated at
                       104.0 T/s · prompt 78 tokens, none cached, 78 new in 0.08
                       s · first token 0.09 s, total 2.55 s · draft 157/297
                       accepted (53%) · max_tokens reached
22:47:44.283 INFO:     #240 chat/completions (stream): 689 prompt tokens ·
                       temperature: 0, greedy (req), max_tokens: 256 (req),
                       min_tokens: 256 (req)
22:47:45.274 INFO:     #237 chat/completions (stream): 256 tokens generated at
                       133.6 T/s · prompt 316 tokens, none cached, 316 new in
                       0.27 s (1,170 T/s) · first token 0.28 s, total 2.19 s ·
                       draft 173/249 accepted (69%) · max_tokens reached
22:47:45.324 INFO:     #241 chat/completions (stream): 118 prompt tokens ·
                       temperature: 0, greedy (req), max_tokens: 256 (req),
                       min_tokens: 256 (req)
22:47:46.283 INFO:     #238 chat/completions (stream): 256 tokens generated at
                       109.7 T/s · prompt 70 tokens, none cached, 70 new in 0.08
                       s · first token 0.09 s, total 2.42 s · draft 153/309
                       accepted (50%) · max_tokens reached
22:47:46.311 INFO:     #239 chat/completions (stream): 256 tokens generated at
                       115.0 T/s · prompt 85 tokens, none cached, 85 new in 0.09
                       s · first token 0.09 s, total 2.32 s · draft 154/306
                       accepted (50%) · max_tokens reached
22:47:46.326 INFO:     #242 chat/completions (stream): 811 prompt tokens ·
                       temperature: 0, greedy (req), max_tokens: 256 (req),
                       min_tokens: 256 (req)
22:47:46.624 INFO:     #243 chat/completions (stream): 560 prompt tokens ·
                       temperature: 0, greedy (req), max_tokens: 256 (req),
                       min_tokens: 256 (req)
22:47:46.967 INFO:     #240 chat/completions (stream): 256 tokens generated at
                       109.3 T/s · prompt 689 tokens, none cached, 689 new in
                       0.27 s (2,552 T/s) · first token 0.28 s, total 2.62 s ·
                       draft 159/291 accepted (55%) · max_tokens reached
22:47:47.016 INFO:     #244 chat/completions (stream): 105 prompt tokens ·
                       temperature: 0, greedy (req), max_tokens: 256 (req),
                       min_tokens: 256 (req)
22:47:47.408 INFO:     #241 chat/completions (stream): 256 tokens generated at
                       133.8 T/s · prompt 118 tokens, none cached, 118 new in
                       0.10 s · first token 0.11 s, total 2.02 s · draft 181/225
                       accepted (80%) · max_tokens reached
22:47:47.459 INFO:     #246 chat/completions (stream): 715 prompt tokens ·
                       temperature: 0, greedy (req), max_tokens: 256 (req),
                       min_tokens: 256 (req)
22:47:48.807 INFO:     #242 chat/completions (stream): 256 tokens generated at
                       120.0 T/s · prompt 811 tokens, none cached, 811 new in
                       0.27 s (3,004 T/s) · first token 0.28 s, total 2.41 s ·
                       draft 169/261 accepted (65%) · max_tokens reached
22:47:48.856 INFO:     #247 chat/completions (stream): 116 prompt tokens ·
                       temperature: 0, greedy (req), max_tokens: 256 (req),
                       min_tokens: 256 (req)
22:47:49.090 INFO:     #244 chat/completions (stream): 256 tokens generated at
                       133.8 T/s · prompt 105 tokens, none cached, 105 new in
                       0.10 s · first token 0.11 s, total 2.02 s · draft 169/261
                       accepted (65%) · max_tokens reached
22:47:49.118 INFO:     #243 chat/completions (stream): 256 tokens generated at
                       116.6 T/s · prompt 560 tokens, none cached, 560 new in
                       0.24 s (2,333 T/s) · first token 0.25 s, total 2.44 s ·
                       draft 158/294 accepted (54%) · max_tokens reached
22:47:49.131 INFO:     #248 chat/completions (stream): 69 prompt tokens ·
                       temperature: 0, greedy (req), max_tokens: 256 (req),
                       min_tokens: 256 (req)
22:47:49.245 INFO:     #249 chat/completions (stream): 63 prompt tokens ·
                       temperature: 0, greedy (req), max_tokens: 256 (req),
                       min_tokens: 256 (req)
22:47:49.696 INFO:     #246 chat/completions (stream): 256 tokens generated at
                       135.9 T/s · prompt 715 tokens, none cached, 715 new in
                       0.28 s (2,554 T/s) · first token 0.29 s, total 2.17 s ·
                       draft 164/276 accepted (59%) · max_tokens reached
22:47:49.746 INFO:     #250 chat/completions (stream): 74 prompt tokens ·
                       temperature: 0, greedy (req), max_tokens: 256 (req),
                       min_tokens: 256 (req)
22:47:50.709 INFO:     #247 chat/completions (stream): 256 tokens generated at
                       151.9 T/s · prompt 116 tokens, none cached, 116 new in
                       0.10 s · first token 0.11 s, total 1.79 s · draft 174/246
                       accepted (71%) · max_tokens reached
22:47:50.760 INFO:     #251 chat/completions (stream): 755 prompt tokens ·
                       temperature: 0, greedy (req), max_tokens: 256 (req),
                       min_tokens: 256 (req)
22:47:51.339 INFO:     #249 chat/completions (stream): 256 tokens generated at
                       131.2 T/s · prompt 63 tokens, none cached, 63 new in 0.07
                       s · first token 0.08 s, total 2.03 s · draft 167/267
                       accepted (63%) · max_tokens reached
22:47:51.390 INFO:     #252 chat/completions (stream): 119 prompt tokens ·
                       temperature: 0, greedy (req), max_tokens: 256 (req),
                       min_tokens: 256 (req)
22:47:51.687 INFO:     #248 chat/completions (stream): 256 tokens generated at
                       106.3 T/s · prompt 69 tokens, none cached, 69 new in 0.08
                       s · first token 0.09 s, total 2.49 s · draft 151/315
                       accepted (48%) · max_tokens reached
22:47:51.734 INFO:     #253 chat/completions (stream): 157 prompt tokens ·
                       temperature: 0, greedy (req), max_tokens: 256 (req),
                       min_tokens: 256 (req)
22:47:51.883 INFO:     #250 chat/completions (stream): 256 tokens generated at
                       135.5 T/s · prompt 74 tokens, none cached, 74 new in 0.08
                       s · first token 0.09 s, total 1.98 s · draft 171/255
                       accepted (67%) · max_tokens reached
22:47:51.933 INFO:     #254 chat/completions (stream): 588 prompt tokens ·
                       temperature: 0, greedy (req), max_tokens: 256 (req),
                       min_tokens: 256 (req)
22:47:53.121 INFO:     #251 chat/completions (stream): 256 tokens generated at
                       127.7 T/s · prompt 755 tokens, none cached, 755 new in
                       0.29 s (2,603 T/s) · first token 0.30 s, total 2.30 s ·
                       draft 167/267 accepted (63%) · max_tokens reached
22:47:53.165 INFO:     #255 chat/completions (stream): 86 prompt tokens ·
                       temperature: 0, greedy (req), max_tokens: 256 (req),
                       min_tokens: 256 (req)
22:47:53.308 INFO:     #252 chat/completions (stream): 256 tokens generated at
                       156.1 T/s · prompt 119 tokens, none cached, 119 new in
                       0.10 s · first token 0.11 s, total 1.75 s · draft 181/225
                       accepted (80%) · max_tokens reached
22:47:53.357 INFO:     #256 chat/completions (stream): 71 prompt tokens ·
                       temperature: 0, greedy (req), max_tokens: 256 (req),
                       min_tokens: 256 (req)
22:47:53.719 INFO:     #253 chat/completions (stream): 256 tokens generated at
                       140.7 T/s · prompt 157 tokens, none cached, 157 new in
                       0.10 s · first token 0.11 s, total 1.93 s · draft 176/240
                       accepted (73%) · max_tokens reached
22:47:53.772 INFO:     #257 chat/completions (stream): 1,392 prompt tokens ·
                       temperature: 0, greedy (req), max_tokens: 256 (req),
                       min_tokens: 256 (req)
22:47:54.630 INFO:     #254 chat/completions (stream): 256 tokens generated at
                       107.9 T/s · prompt 588 tokens, none cached, 588 new in
                       0.25 s (2,352 T/s) · first token 0.25 s, total 2.63 s ·
                       draft 154/306 accepted (50%) · max_tokens reached
22:47:54.681 INFO:     #258 chat/completions (stream): 107 prompt tokens ·
                       temperature: 0, greedy (req), max_tokens: 256 (req),
                       min_tokens: 256 (req)
22:47:55.484 INFO:     #255 chat/completions (stream): 256 tokens generated at
                       119.5 T/s · prompt 86 tokens, none cached, 86 new in 0.11
                       s · first token 0.12 s, total 2.26 s · draft 168/264
                       accepted (64%) · max_tokens reached
22:47:55.535 INFO:     #259 chat/completions (stream): 75 prompt tokens ·
                       temperature: 0, greedy (req), max_tokens: 256 (req),
                       min_tokens: 256 (req)
22:47:55.973 INFO:     #256 chat/completions (stream): 256 tokens generated at
                       103.8 T/s · prompt 71 tokens, none cached, 71 new in 0.08
                       s · first token 0.09 s, total 2.55 s · draft 150/318
                       accepted (47%) · max_tokens reached
22:47:56.023 INFO:     #260 chat/completions (stream): 97 prompt tokens ·
                       temperature: 0, greedy (req), max_tokens: 256 (req),
                       min_tokens: 256 (req)
22:47:56.232 INFO:     #257 chat/completions (stream): 256 tokens generated at
                       129.6 T/s · prompt 1,392 tokens, none cached, 1,392 new
                       in 0.41 s (3,395 T/s) · first token 0.42 s, total 2.39 s
                       · draft 161/285 accepted (56%) · max_tokens reached
22:47:56.281 INFO:     #261 chat/completions (stream): 81 prompt tokens ·
                       temperature: 0, greedy (req), max_tokens: 256 (req),
                       min_tokens: 256 (req)
22:47:56.928 INFO:     #258 chat/completions (stream): 256 tokens generated at
                       123.0 T/s · prompt 107 tokens, none cached, 107 new in
                       0.09 s · first token 0.10 s, total 2.18 s · draft 154/306
                       accepted (50%) · max_tokens reached
22:47:56.979 INFO:     #262 chat/completions (stream): 642 prompt tokens ·
                       temperature: 0, greedy (req), max_tokens: 256 (req),
                       min_tokens: 256 (req)
22:47:57.813 INFO:     #259 chat/completions (stream): 256 tokens generated at
                       120.3 T/s · prompt 75 tokens, none cached, 75 new in 0.08
                       s · first token 0.09 s, total 2.21 s · draft 160/288
                       accepted (56%) · max_tokens reached
22:47:57.861 INFO:     #263 chat/completions (stream): 61 prompt tokens ·
                       temperature: 0, greedy (req), max_tokens: 256 (req),
                       min_tokens: 256 (req)
22:47:58.016 INFO:     #260 chat/completions (stream): 256 tokens generated at
                       140.4 T/s · prompt 97 tokens, none cached, 97 new in 0.10
                       s · first token 0.11 s, total 1.93 s · draft 175/243
                       accepted (72%) · max_tokens reached
22:47:58.056 INFO:     #264 chat/completions (stream): 128 prompt tokens ·
                       temperature: 0, greedy (req), max_tokens: 256 (req),
                       min_tokens: 256 (req)
22:47:58.177 INFO:     #261 chat/completions (stream): 256 tokens generated at
                       155.3 T/s · prompt 81 tokens, none cached, 81 new in 0.08
                       s · first token 0.09 s, total 1.73 s · draft 180/228
                       accepted (79%) · max_tokens reached
22:47:58.238 INFO:     #265 chat/completions (stream): 712 prompt tokens ·
                       temperature: 0, greedy (req), max_tokens: 256 (req),
                       min_tokens: 256 (req)
22:47:59.489 INFO:     #262 chat/completions (stream): 256 tokens generated at
                       118.1 T/s · prompt 642 tokens, none cached, 642 new in
                       0.27 s (2,378 T/s) · first token 0.28 s, total 2.44 s ·
                       draft 159/291 accepted (55%) · max_tokens reached
22:47:59.540 INFO:     #266 chat/completions (stream): 94 prompt tokens ·
                       temperature: 0, greedy (req), max_tokens: 256 (req),
                       min_tokens: 256 (req)
22:47:59.908 INFO:     #264 chat/completions (stream): 256 tokens generated at
                       152.1 T/s · prompt 128 tokens, none cached, 128 new in
                       0.10 s · first token 0.11 s, total 1.79 s · draft 183/219
                       accepted (84%) · max_tokens reached
22:47:59.957 INFO:     #267 chat/completions (stream): 66 prompt tokens ·
                       temperature: 0, greedy (req), max_tokens: 256 (req),
                       min_tokens: 256 (req)
22:48:00.204 INFO:     #263 chat/completions (stream): 256 tokens generated at
                       117.1 T/s · prompt 61 tokens, none cached, 61 new in 0.07
                       s · first token 0.08 s, total 2.26 s · draft 163/279
                       accepted (58%) · max_tokens reached
22:48:00.244 INFO:     #268 chat/completions (stream): 93 prompt tokens ·
                       temperature: 0, greedy (req), max_tokens: 256 (req),
                       min_tokens: 256 (req)
22:48:00.353 INFO:     #265 chat/completions (stream): 256 tokens generated at
                       152.6 T/s · prompt 712 tokens, none cached, 712 new in
                       0.28 s (2,543 T/s) · first token 0.29 s, total 1.96 s ·
                       draft 172/252 accepted (68%) · max_tokens reached
22:48:00.401 INFO:     #269 chat/completions (stream): 108 prompt tokens ·
                       temperature: 0, greedy (req), max_tokens: 256 (req),
                       min_tokens: 256 (req)
22:48:01.679 INFO:     #266 chat/completions (stream): 256 tokens generated at
                       129.3 T/s · prompt 94 tokens, none cached, 94 new in 0.09
                       s · first token 0.10 s, total 2.08 s · draft 159/291
                       accepted (55%) · max_tokens reached
22:48:01.727 INFO:     #270 chat/completions (stream): 93 prompt tokens ·
                       temperature: 0, greedy (req), max_tokens: 256 (req),
                       min_tokens: 256 (req)
22:48:01.956 INFO:     #267 chat/completions (stream): 256 tokens generated at
                       138.0 T/s · prompt 66 tokens, none cached, 66 new in 0.07
                       s · first token 0.08 s, total 1.93 s · draft 167/267
                       accepted (63%) · max_tokens reached
22:48:02.005 INFO:     #271 chat/completions (stream): 86 prompt tokens ·
                       temperature: 0, greedy (req), max_tokens: 256 (req),
                       min_tokens: 256 (req)
22:48:02.144 INFO:     #268 chat/completions (stream): 256 tokens generated at
                       155.0 T/s · prompt 93 tokens, none cached, 93 new in 0.09
                       s · first token 0.10 s, total 1.75 s · draft 173/249
                       accepted (69%) · max_tokens reached
22:48:02.204 INFO:     #273 chat/completions (stream): 87 prompt tokens ·
                       temperature: 0, greedy (req), max_tokens: 256 (req),
                       min_tokens: 256 (req)
22:48:02.394 INFO:     #269 chat/completions (stream): 256 tokens generated at
                       140.1 T/s · prompt 108 tokens, none cached, 108 new in
                       0.10 s · first token 0.10 s, total 1.93 s · draft 168/264
                       accepted (64%) · max_tokens reached
22:48:02.443 INFO:     #274 chat/completions (stream): 91 prompt tokens ·
                       temperature: 0, greedy (req), max_tokens: 256 (req),
                       min_tokens: 256 (req)
22:48:03.490 INFO:     #270 chat/completions (stream): 256 tokens generated at
                       159.6 T/s · prompt 93 tokens, none cached, 93 new in 0.09
                       s · first token 0.10 s, total 1.70 s · draft 180/228
                       accepted (79%) · max_tokens reached
22:48:03.541 INFO:     #275 chat/completions (stream): 849 prompt tokens ·
                       temperature: 0, greedy (req), max_tokens: 256 (req),
                       min_tokens: 256 (req)
22:48:04.387 INFO:     #271 chat/completions (stream): 256 tokens generated at
                       114.7 T/s · prompt 86 tokens, none cached, 86 new in 0.09
                       s · first token 0.10 s, total 2.33 s · draft 156/300
                       accepted (52%) · max_tokens reached
22:48:04.402 INFO:     #273 chat/completions (stream): 256 tokens generated at
                       124.9 T/s · prompt 87 tokens, none cached, 87 new in 0.09
                       s · first token 0.10 s, total 2.14 s · draft 161/285
                       accepted (56%) · max_tokens reached
22:48:04.429 INFO:     #276 chat/completions (stream): 82 prompt tokens ·
                       temperature: 0, greedy (req), max_tokens: 256 (req),
                       min_tokens: 256 (req)
22:48:04.536 INFO:     #277 chat/completions (stream): 64 prompt tokens ·
                       temperature: 0, greedy (req), max_tokens: 256 (req),
                       min_tokens: 256 (req)
22:48:04.800 INFO:     #274 chat/completions (stream): 256 tokens generated at
                       116.3 T/s · prompt 91 tokens, none cached, 91 new in 0.09
                       s · first token 0.10 s, total 2.30 s · draft 156/300
                       accepted (52%) · max_tokens reached
22:48:04.849 INFO:     #278 chat/completions (stream): 117 prompt tokens ·
                       temperature: 0, greedy (req), max_tokens: 256 (req),
                       min_tokens: 256 (req)
22:48:05.663 INFO:     #275 chat/completions (stream): 256 tokens generated at
                       145.3 T/s · prompt 849 tokens, none cached, 849 new in
                       0.29 s (2,928 T/s) · first token 0.30 s, total 2.06 s ·
                       draft 172/252 accepted (68%) · max_tokens reached
22:48:05.716 INFO:     #279 chat/completions (stream): 1,307 prompt tokens ·
                       temperature: 0, greedy (req), max_tokens: 256 (req),
                       min_tokens: 256 (req)
22:48:06.651 INFO:     #278 chat/completions (stream): 256 tokens generated at
                       156.0 T/s · prompt 117 tokens, none cached, 117 new in
                       0.10 s · first token 0.11 s, total 1.75 s · draft 182/222
                       accepted (82%) · max_tokens reached
22:48:06.665 INFO:     #276 chat/completions (stream): 256 tokens generated at
                       122.5 T/s · prompt 82 tokens, none cached, 82 new in 0.09
                       s · first token 0.10 s, total 2.19 s · draft 166/270
                       accepted (61%) · max_tokens reached
22:48:06.695 INFO:     #280 chat/completions (stream): 93 prompt tokens ·
                       temperature: 0, greedy (req), max_tokens: 256 (req),
                       min_tokens: 256 (req)
22:48:06.806 INFO:     #281 chat/completions (stream): 108 prompt tokens ·
                       temperature: 0, greedy (req), max_tokens: 256 (req),
                       min_tokens: 256 (req)
22:48:07.473 INFO:     #277 chat/completions (stream): 256 tokens generated at
                       91.5 T/s · prompt 64 tokens, none cached, 64 new in 0.07
                       s · first token 0.08 s, total 2.87 s · draft 132/372
                       accepted (35%) · max_tokens reached
22:48:07.523 INFO:     #282 chat/completions (stream): 97 prompt tokens ·
                       temperature: 0, greedy (req), max_tokens: 256 (req),
                       min_tokens: 256 (req)
22:48:08.002 INFO:     #279 chat/completions (stream): 256 tokens generated at
                       134.5 T/s · prompt 1,307 tokens, none cached, 1,307 new
                       in 0.31 s (4,216 T/s) · first token 0.32 s, total 2.22 s
                       · draft 164/276 accepted (59%) · max_tokens reached
22:48:08.053 INFO:     #283 chat/completions (stream): 752 prompt tokens ·
                       temperature: 0, greedy (req), max_tokens: 256 (req),
                       min_tokens: 256 (req)
22:48:08.885 INFO:     #281 chat/completions (stream): 256 tokens generated at
                       133.9 T/s · prompt 108 tokens, none cached, 108 new in
                       0.10 s · first token 0.11 s, total 2.02 s · draft 168/264
                       accepted (64%) · max_tokens reached
22:48:08.936 INFO:     #284 chat/completions (stream): 772 prompt tokens ·
                       temperature: 0, greedy (req), max_tokens: 256 (req),
                       min_tokens: 256 (req)
22:48:09.266 INFO:     #280 chat/completions (stream): 256 tokens generated at
                       106.2 T/s · prompt 93 tokens, none cached, 93 new in 0.09
                       s · first token 0.10 s, total 2.51 s · draft 157/297
                       accepted (53%) · max_tokens reached
22:48:09.316 INFO:     #285 chat/completions (stream): 84 prompt tokens ·
                       temperature: 0, greedy (req), max_tokens: 256 (req),
                       min_tokens: 256 (req)
22:48:09.609 INFO:     #282 chat/completions (stream): 256 tokens generated at
                       132.8 T/s · prompt 97 tokens, none cached, 97 new in 0.09
                       s · first token 0.10 s, total 2.02 s · draft 178/234
                       accepted (76%) · max_tokens reached
22:48:09.657 INFO:     #286 chat/completions (stream): 76 prompt tokens ·
                       temperature: 0, greedy (req), max_tokens: 256 (req),
                       min_tokens: 256 (req)
22:48:10.395 INFO:     #283 chat/completions (stream): 256 tokens generated at
                       128.6 T/s · prompt 752 tokens, none cached, 752 new in
                       0.28 s (2,686 T/s) · first token 0.29 s, total 2.28 s ·
                       draft 165/273 accepted (60%) · max_tokens reached
22:48:10.447 INFO:     #287 chat/completions (stream): 881 prompt tokens ·
                       temperature: 0, greedy (req), max_tokens: 256 (req),
                       min_tokens: 256 (req)
22:48:11.204 INFO:     #284 chat/completions (stream): 256 tokens generated at
                       129.7 T/s · prompt 772 tokens, none cached, 772 new in
                       0.22 s (3,509 T/s) · first token 0.23 s, total 2.20 s ·
                       draft 171/255 accepted (67%) · max_tokens reached
22:48:11.255 INFO:     #288 chat/completions (stream): 78 prompt tokens ·
                       temperature: 0, greedy (req), max_tokens: 256 (req),
                       min_tokens: 256 (req)
22:48:11.668 INFO:     #286 chat/completions (stream): 256 tokens generated at
                       137.5 T/s · prompt 76 tokens, none cached, 76 new in 0.08
                       s · first token 0.09 s, total 1.95 s · draft 173/249
                       accepted (69%) · max_tokens reached
22:48:11.721 INFO:     #289 chat/completions (stream): 681 prompt tokens ·
                       temperature: 0, greedy (req), max_tokens: 256 (req),
                       min_tokens: 256 (req)
22:48:12.051 INFO:     #285 chat/completions (stream): 256 tokens generated at
                       103.2 T/s · prompt 84 tokens, none cached, 84 new in 0.08
                       s · first token 0.09 s, total 2.57 s · draft 150/318
                       accepted (47%) · max_tokens reached
22:48:12.103 INFO:     #290 chat/completions (stream): 947 prompt tokens ·
                       temperature: 0, greedy (req), max_tokens: 256 (req),
                       min_tokens: 256 (req)
22:48:12.980 INFO:     #287 chat/completions (stream): 256 tokens generated at
                       119.0 T/s · prompt 881 tokens, none cached, 881 new in
                       0.31 s (2,842 T/s) · first token 0.32 s, total 2.47 s ·
                       draft 169/261 accepted (65%) · max_tokens reached
22:48:13.030 INFO:     #291 chat/completions (stream): 98 prompt tokens ·
                       temperature: 0, greedy (req), max_tokens: 256 (req),
                       min_tokens: 256 (req)
22:48:13.553 INFO:     #288 chat/completions (stream): 256 tokens generated at
                       119.2 T/s · prompt 78 tokens, none cached, 78 new in 0.08
                       s · first token 0.09 s, total 2.23 s · draft 170/258
                       accepted (66%) · max_tokens reached
22:48:13.603 INFO:     #292 chat/completions (stream): 96 prompt tokens ·
                       temperature: 0, greedy (req), max_tokens: 256 (req),
                       min_tokens: 256 (req)
22:48:14.117 INFO:     #289 chat/completions (stream): 256 tokens generated at
                       123.9 T/s · prompt 681 tokens, none cached, 681 new in
                       0.26 s (2,619 T/s) · first token 0.27 s, total 2.33 s ·
                       draft 166/270 accepted (61%) · max_tokens reached
22:48:14.161 INFO:     #293 chat/completions (stream): 191 prompt tokens ·
                       temperature: 0, greedy (req), max_tokens: 256 (req),
                       min_tokens: 256 (req)
22:48:14.322 INFO:     #290 chat/completions (stream): 256 tokens generated at
                       149.0 T/s · prompt 947 tokens, none cached, 947 new in
                       0.31 s (3,055 T/s) · first token 0.32 s, total 2.03 s ·
                       draft 169/261 accepted (65%) · max_tokens reached
22:48:14.372 INFO:     #294 chat/completions (stream): 166 prompt tokens ·
                       temperature: 0, greedy (req), max_tokens: 256 (req),
                       min_tokens: 256 (req)
22:48:15.270 INFO:     #291 chat/completions (stream): 256 tokens generated at
                       123.4 T/s · prompt 98 tokens, none cached, 98 new in 0.09
                       s · first token 0.10 s, total 2.17 s · draft 157/297
                       accepted (53%) · max_tokens reached
22:48:15.319 INFO:     #295 chat/completions (stream): 85 prompt tokens ·
                       temperature: 0, greedy (req), max_tokens: 256 (req),
                       min_tokens: 256 (req)
22:48:15.833 INFO:     #292 chat/completions (stream): 256 tokens generated at
                       123.6 T/s · prompt 96 tokens, none cached, 96 new in 0.09
                       s · first token 0.10 s, total 2.17 s · draft 157/297
                       accepted (53%) · max_tokens reached
22:48:15.884 INFO:     #296 chat/completions (stream): 62 prompt tokens ·
                       temperature: 0, greedy (req), max_tokens: 256 (req),
                       min_tokens: 256 (req)
22:48:16.112 INFO:     #294 chat/completions (stream): 256 tokens generated at
                       162.5 T/s · prompt 166 tokens, none cached, 166 new in
                       0.10 s · first token 0.11 s, total 1.68 s · draft 177/237
                       accepted (75%) · max_tokens reached
22:48:16.161 INFO:     #297 chat/completions (stream): 775 prompt tokens ·
                       temperature: 0, greedy (req), max_tokens: 256 (req),
                       min_tokens: 256 (req)
22:48:16.469 INFO:     #293 chat/completions (stream): 256 tokens generated at
                       122.1 T/s · prompt 191 tokens, none cached, 191 new in
                       0.12 s · first token 0.13 s, total 2.22 s · draft 164/276
                       accepted (59%) · max_tokens reached
22:48:16.519 INFO:     #298 chat/completions (stream): 63 prompt tokens ·
                       temperature: 0, greedy (req), max_tokens: 256 (req),
                       min_tokens: 256 (req)
22:48:17.441 INFO:     #295 chat/completions (stream): 256 tokens generated at
                       130.2 T/s · prompt 85 tokens, none cached, 85 new in 0.09
                       s · first token 0.10 s, total 2.06 s · draft 166/270
                       accepted (61%) · max_tokens reached
22:48:17.491 INFO:     #300 chat/completions (stream): 97 prompt tokens ·
                       temperature: 0, greedy (req), max_tokens: 256 (req),
                       min_tokens: 256 (req)
22:48:17.865 INFO:     #296 chat/completions (stream): 256 tokens generated at
                       139.1 T/s · prompt 62 tokens, none cached, 62 new in 0.07
                       s · first token 0.08 s, total 1.92 s · draft 174/246
                       accepted (71%) · max_tokens reached
22:48:17.914 INFO:     #301 chat/completions (stream): 65 prompt tokens ·
                       temperature: 0, greedy (req), max_tokens: 256 (req),
                       min_tokens: 256 (req)
22:48:18.213 INFO:     #297 chat/completions (stream): 256 tokens generated at
                       148.1 T/s · prompt 775 tokens, none cached, 775 new in
                       0.24 s (3,229 T/s) · first token 0.25 s, total 1.97 s ·
                       draft 172/252 accepted (68%) · max_tokens reached
22:48:18.263 INFO:     #302 chat/completions (stream): 61 prompt tokens ·
                       temperature: 0, greedy (req), max_tokens: 256 (req),
                       min_tokens: 256 (req)
22:48:18.618 INFO:     #298 chat/completions (stream): 256 tokens generated at
                       130.8 T/s · prompt 63 tokens, none cached, 63 new in 0.07
                       s · first token 0.08 s, total 2.03 s · draft 160/288
                       accepted (56%) · max_tokens reached
22:48:18.669 INFO:     #303 chat/completions (stream): 797 prompt tokens ·
                       temperature: 0, greedy (req), max_tokens: 256 (req),
                       min_tokens: 256 (req)
22:48:19.547 INFO:     #300 chat/completions (stream): 256 tokens generated at
                       135.2 T/s · prompt 97 tokens, none cached, 97 new in 0.09
                       s · first token 0.10 s, total 1.99 s · draft 170/258
                       accepted (66%) · max_tokens reached
22:48:19.597 INFO:     #304 chat/completions (stream): 822 prompt tokens ·
                       temperature: 0, greedy (req), max_tokens: 256 (req),
                       min_tokens: 256 (req)
22:48:20.063 INFO:     #301 chat/completions (stream): 256 tokens generated at
                       127.6 T/s · prompt 65 tokens, none cached, 65 new in 0.07
                       s · first token 0.08 s, total 2.08 s · draft 175/243
                       accepted (72%) · max_tokens reached
22:48:20.113 INFO:     #305 chat/completions (stream): 63 prompt tokens ·
                       temperature: 0, greedy (req), max_tokens: 256 (req),
                       min_tokens: 256 (req)
22:48:20.679 INFO:     #303 chat/completions (stream): 256 tokens generated at
                       148.8 T/s · prompt 797 tokens, none cached, 797 new in
                       0.22 s (3,623 T/s) · first token 0.23 s, total 1.95 s ·
                       draft 179/231 accepted (77%) · max_tokens reached
22:48:20.728 INFO:     #306 chat/completions (stream): 94 prompt tokens ·
                       temperature: 0, greedy (req), max_tokens: 256 (req),
                       min_tokens: 256 (req)
22:48:20.924 INFO:     #302 chat/completions (stream): 256 tokens generated at
                       101.6 T/s · prompt 61 tokens, none cached, 61 new in 0.07
                       s · first token 0.08 s, total 2.59 s · draft 150/318
                       accepted (47%) · max_tokens reached
22:48:20.973 INFO:     #307 chat/completions (stream): 104 prompt tokens ·
                       temperature: 0, greedy (req), max_tokens: 256 (req),
                       min_tokens: 256 (req)
22:48:21.847 INFO:     #304 chat/completions (stream): 256 tokens generated at
                       135.4 T/s · prompt 822 tokens, none cached, 822 new in
                       0.29 s (2,834 T/s) · first token 0.30 s, total 2.19 s ·
                       draft 164/276 accepted (59%) · max_tokens reached
22:48:21.888 INFO:     #308 chat/completions (stream): 470 prompt tokens ·
                       temperature: 0, greedy (req), max_tokens: 256 (req),
                       min_tokens: 256 (req)
22:48:22.034 INFO:     #305 chat/completions (stream): 256 tokens generated at
                       154.7 T/s · prompt 63 tokens, none cached, 63 new in 0.07
                       s · first token 0.08 s, total 1.73 s · draft 173/249
                       accepted (69%) · max_tokens reached
22:48:22.197 INFO:     #309 chat/completions (stream): 957 prompt tokens ·
                       temperature: 0, greedy (req), max_tokens: 256 (req),
                       min_tokens: 256 (req)
22:48:22.818 INFO:     #306 chat/completions (stream): 256 tokens generated at
                       132.6 T/s · prompt 94 tokens, none cached, 94 new in 0.09
                       s · first token 0.10 s, total 2.03 s · draft 182/222
                       accepted (82%) · max_tokens reached
22:48:22.869 INFO:     #310 chat/completions (stream): 90 prompt tokens ·
                       temperature: 0, greedy (req), max_tokens: 256 (req),
                       min_tokens: 256 (req)
22:48:23.358 INFO:     #307 chat/completions (stream): 256 tokens generated at
                       115.3 T/s · prompt 104 tokens, none cached, 104 new in
                       0.09 s · first token 0.10 s, total 2.32 s · draft 166/270
                       accepted (61%) · max_tokens reached
22:48:23.408 INFO:     #311 chat/completions (stream): 72 prompt tokens ·
                       temperature: 0, greedy (req), max_tokens: 256 (req),
                       min_tokens: 256 (req)
22:48:24.130 INFO:     #308 chat/completions (stream): 256 tokens generated at
                       133.0 T/s · prompt 470 tokens, none cached, 470 new in
                       0.24 s (1,958 T/s) · first token 0.25 s, total 2.17 s ·
                       draft 174/246 accepted (71%) · max_tokens reached
22:48:24.181 INFO:     #312 chat/completions (stream): 748 prompt tokens ·
                       temperature: 0, greedy (req), max_tokens: 256 (req),
                       min_tokens: 256 (req)
22:48:24.599 INFO:     #309 chat/completions (stream): 256 tokens generated at
                       126.5 T/s · prompt 957 tokens, none cached, 957 new in
                       0.31 s (3,087 T/s) · first token 0.32 s, total 2.34 s ·
                       draft 166/270 accepted (61%) · max_tokens reached
22:48:24.650 INFO:     #313 chat/completions (stream): 135 prompt tokens ·
                       temperature: 0, greedy (req), max_tokens: 256 (req),
                       min_tokens: 256 (req)
22:48:24.864 INFO:     #310 chat/completions (stream): 256 tokens generated at
                       139.4 T/s · prompt 90 tokens, none cached, 90 new in 0.09
                       s · first token 0.10 s, total 1.93 s · draft 178/234
                       accepted (76%) · max_tokens reached
22:48:24.913 INFO:     #314 chat/completions (stream): 109 prompt tokens ·
                       temperature: 0, greedy (req), max_tokens: 256 (req),
                       min_tokens: 256 (req)
22:48:25.297 INFO:     #311 chat/completions (stream): 256 tokens generated at
                       147.1 T/s · prompt 72 tokens, none cached, 72 new in 0.08
                       s · first token 0.09 s, total 1.83 s · draft 184/216
                       accepted (85%) · max_tokens reached
22:48:25.348 INFO:     #315 chat/completions (stream): 748 prompt tokens ·
                       temperature: 0, greedy (req), max_tokens: 256 (req),
                       min_tokens: 256 (req)
22:48:26.565 INFO:     #312 chat/completions (stream): 256 tokens generated at
                       125.2 T/s · prompt 748 tokens, none cached, 748 new in
                       0.28 s (2,671 T/s) · first token 0.29 s, total 2.33 s ·
                       draft 169/261 accepted (65%) · max_tokens reached
22:48:26.594 INFO:     #313 chat/completions (stream): 256 tokens generated at
                       144.2 T/s · prompt 135 tokens, none cached, 135 new in
                       0.11 s · first token 0.12 s, total 1.89 s · draft 178/234
                       accepted (76%) · max_tokens reached
22:48:26.609 INFO:     #316 chat/completions (stream): 1,170 prompt tokens ·
                       temperature: 0, greedy (req), max_tokens: 256 (req),
                       min_tokens: 256 (req)
22:48:26.963 INFO:     #317 chat/completions (stream): 832 prompt tokens ·
                       temperature: 0, greedy (req), max_tokens: 256 (req),
                       min_tokens: 256 (req)
22:48:27.302 INFO:     #314 chat/completions (stream): 256 tokens generated at
                       160.5 T/s · prompt 109 tokens, none cached, 109 new in
                       0.09 s · first token 0.10 s, total 1.69 s · draft 182/222
                       accepted (82%) · max_tokens reached
22:48:27.351 INFO:     #318 chat/completions (stream): 64 prompt tokens ·
                       temperature: 0, greedy (req), max_tokens: 256 (req),
                       min_tokens: 256 (req)
22:48:27.868 INFO:     #315 chat/completions (stream): 256 tokens generated at
                       119.8 T/s · prompt 748 tokens, none cached, 748 new in
                       0.31 s (2,413 T/s) · first token 0.32 s, total 2.45 s ·
                       draft 174/246 accepted (71%) · max_tokens reached
22:48:27.918 INFO:     #319 chat/completions (stream): 103 prompt tokens ·
                       temperature: 0, greedy (req), max_tokens: 256 (req),
                       min_tokens: 256 (req)
22:48:29.100 INFO:     #317 chat/completions (stream): 256 tokens generated at
                       145.9 T/s · prompt 832 tokens, none cached, 832 new in
                       0.32 s (2,600 T/s) · first token 0.33 s, total 2.08 s ·
                       draft 167/267 accepted (63%) · max_tokens reached
22:48:29.127 INFO:     #316 chat/completions (stream): 256 tokens generated at
                       120.5 T/s · prompt 1,170 tokens, none cached, 1,170 new
                       in 0.33 s (3,545 T/s) · first token 0.34 s, total 2.46 s
                       · draft 163/279 accepted (58%) · max_tokens reached
22:48:29.141 INFO:     #320 chat/completions (stream): 101 prompt tokens ·
                       temperature: 0, greedy (req), max_tokens: 256 (req),
                       min_tokens: 256 (req)
22:48:29.275 INFO:     #321 chat/completions (stream): 63 prompt tokens ·
                       temperature: 0, greedy (req), max_tokens: 256 (req),
                       min_tokens: 256 (req)
22:48:29.482 INFO:     #318 chat/completions (stream): 256 tokens generated at
                       128.6 T/s · prompt 64 tokens, none cached, 64 new in 0.07
                       s · first token 0.08 s, total 2.07 s · draft 158/294
                       accepted (54%) · max_tokens reached
22:48:29.530 INFO:     #322 chat/completions (stream): 63 prompt tokens ·
                       temperature: 0, greedy (req), max_tokens: 256 (req),
                       min_tokens: 256 (req)
22:48:29.936 INFO:     #319 chat/completions (stream): 256 tokens generated at
                       138.0 T/s · prompt 103 tokens, none cached, 103 new in
                       0.09 s · first token 0.10 s, total 1.95 s · draft 164/276
                       accepted (59%) · max_tokens reached
22:48:29.984 INFO:     #323 chat/completions (stream): 155 prompt tokens ·
                       temperature: 0, greedy (req), max_tokens: 256 (req),
                       min_tokens: 256 (req)
22:48:31.146 INFO:     #321 chat/completions (stream): 256 tokens generated at
                       147.7 T/s · prompt 63 tokens, none cached, 63 new in 0.07
                       s · first token 0.08 s, total 1.81 s · draft 168/264
                       accepted (64%) · max_tokens reached
22:48:31.194 INFO:     #324 chat/completions (stream): 71 prompt tokens ·
                       temperature: 0, greedy (req), max_tokens: 256 (req),
                       min_tokens: 256 (req)
22:48:31.195 INFO:     #320 chat/completions (stream): 256 tokens generated at
                       135.6 T/s · prompt 101 tokens, none cached, 101 new in
                       0.09 s · first token 0.10 s, total 1.99 s · draft 163/279
                       accepted (58%) · max_tokens reached
22:48:31.319 INFO:     #325 chat/completions (stream): 102 prompt tokens ·
                       temperature: 0, greedy (req), max_tokens: 256 (req),
                       min_tokens: 256 (req)
22:48:31.434 INFO:     #322 chat/completions (stream): 256 tokens generated at
                       161.5 T/s · prompt 63 tokens, none cached, 63 new in 0.07
                       s · first token 0.08 s, total 1.66 s · draft 172/252
                       accepted (68%) · max_tokens reached
22:48:31.483 INFO:     #326 chat/completions (stream): 91 prompt tokens ·
                       temperature: 0, greedy (req), max_tokens: 256 (req),
                       min_tokens: 256 (req)
22:48:31.867 INFO:     #323 chat/completions (stream): 256 tokens generated at
                       148.8 T/s · prompt 155 tokens, none cached, 155 new in
                       0.09 s · first token 0.10 s, total 1.82 s · draft 174/246
                       accepted (71%) · max_tokens reached
22:48:31.916 INFO:     #327 chat/completions (stream): 788 prompt tokens ·
                       temperature: 0, greedy (req), max_tokens: 256 (req),
                       min_tokens: 256 (req)
22:48:33.506 INFO:     #326 chat/completions (stream): 256 tokens generated at
                       137.2 T/s · prompt 91 tokens, none cached, 91 new in 0.09
                       s · first token 0.10 s, total 1.96 s · draft 164/276
                       accepted (59%) · max_tokens reached
22:48:33.558 INFO:     #329 chat/completions (stream): 809 prompt tokens ·
                       temperature: 0, greedy (req), max_tokens: 256 (req),
                       min_tokens: 256 (req)
22:48:33.880 INFO:     #324 chat/completions (stream): 256 tokens generated at
                       112.5 T/s · prompt 71 tokens, none cached, 71 new in 0.08
                       s · first token 0.09 s, total 2.36 s · draft 150/318
                       accepted (47%) · max_tokens reached
22:48:33.921 INFO:     #330 chat/completions (stream): 106 prompt tokens ·
                       temperature: 0, greedy (req), max_tokens: 256 (req),
                       min_tokens: 256 (req)
22:48:34.037 INFO:     #325 chat/completions (stream): 256 tokens generated at
                       104.0 T/s · prompt 102 tokens, none cached, 102 new in
                       0.09 s · first token 0.10 s, total 2.56 s · draft 149/321
                       accepted (46%) · max_tokens reached
22:48:34.085 INFO:     #331 chat/completions (stream): 87 prompt tokens ·
                       temperature: 0, greedy (req), max_tokens: 256 (req),
                       min_tokens: 256 (req)
22:48:34.266 INFO:     #327 chat/completions (stream): 256 tokens generated at
                       124.5 T/s · prompt 788 tokens, none cached, 788 new in
                       0.22 s (3,582 T/s) · first token 0.23 s, total 2.28 s ·
                       draft 166/270 accepted (61%) · max_tokens reached
22:48:34.315 INFO:     #332 chat/completions (stream): 95 prompt tokens ·
                       temperature: 0, greedy (req), max_tokens: 256 (req),
                       min_tokens: 256 (req)
22:48:35.556 INFO:     #331 chat/completions (stream): 256 tokens generated at
                       193.7 T/s · prompt 87 tokens, none cached, 87 new in 0.09
                       s · first token 0.10 s, total 1.42 s · draft 187/207
                       accepted (90%) · max_tokens reached
22:48:35.583 INFO:     #330 chat/completions (stream): 256 tokens generated at
                       169.8 T/s · prompt 106 tokens, none cached, 106 new in
                       0.09 s · first token 0.10 s, total 1.60 s · draft 181/225
                       accepted (80%) · max_tokens reached
22:48:35.597 INFO:     #333 chat/completions (stream): 133 prompt tokens ·
                       temperature: 0, greedy (req), max_tokens: 256 (req),
                       min_tokens: 256 (req)
22:48:35.744 INFO:     #334 chat/completions (stream): 125 prompt tokens ·
                       temperature: 0, greedy (req), max_tokens: 256 (req),
                       min_tokens: 256 (req)
22:48:36.250 INFO:     #329 chat/completions (stream): 256 tokens generated at
                       109.4 T/s · prompt 809 tokens, none cached, 809 new in
                       0.27 s (2,996 T/s) · first token 0.28 s, total 2.62 s ·
                       draft 150/318 accepted (47%) · max_tokens reached
22:48:36.298 INFO:     #335 chat/completions (stream): 92 prompt tokens ·
                       temperature: 0, greedy (req), max_tokens: 256 (req),
                       min_tokens: 256 (req)
22:48:36.507 INFO:     #332 chat/completions (stream): 256 tokens generated at
                       125.7 T/s · prompt 95 tokens, none cached, 95 new in 0.09
                       s · first token 0.10 s, total 2.13 s · draft 158/294
                       accepted (54%) · max_tokens reached
22:48:36.557 INFO:     #336 chat/completions (stream): 143 prompt tokens ·
                       temperature: 0, greedy (req), max_tokens: 256 (req),
                       min_tokens: 256 (req)
22:48:37.495 INFO:     #334 chat/completions (stream): 256 tokens generated at
                       161.6 T/s · prompt 125 tokens, none cached, 125 new in
                       0.10 s · first token 0.11 s, total 1.69 s · draft 178/234
                       accepted (76%) · max_tokens reached
22:48:37.525 INFO:     #333 chat/completions (stream): 256 tokens generated at
                       145.8 T/s · prompt 133 tokens, none cached, 133 new in
                       0.11 s · first token 0.12 s, total 1.87 s · draft 174/246
                       accepted (71%) · max_tokens reached
22:48:37.540 INFO:     #337 chat/completions (stream): 832 prompt tokens ·
                       temperature: 0, greedy (req), max_tokens: 256 (req),
                       min_tokens: 256 (req)
22:48:37.842 INFO:     #338 chat/completions (stream): 91 prompt tokens ·
                       temperature: 0, greedy (req), max_tokens: 256 (req),
                       min_tokens: 256 (req)
22:48:38.214 INFO:     #335 chat/completions (stream): 256 tokens generated at
                       147.0 T/s · prompt 92 tokens, none cached, 92 new in 0.09
                       s · first token 0.10 s, total 1.84 s · draft 183/219
                       accepted (84%) · max_tokens reached
22:48:38.263 INFO:     #339 chat/completions (stream): 62 prompt tokens ·
                       temperature: 0, greedy (req), max_tokens: 256 (req),
                       min_tokens: 256 (req)
22:48:38.972 INFO:     #336 chat/completions (stream): 256 tokens generated at
                       114.2 T/s · prompt 143 tokens, none cached, 143 new in
                       0.11 s · first token 0.12 s, total 2.36 s · draft 154/306
                       accepted (50%) · max_tokens reached
22:48:39.022 INFO:     #340 chat/completions (stream): 62 prompt tokens ·
                       temperature: 0, greedy (req), max_tokens: 256 (req),
                       min_tokens: 256 (req)
22:48:39.467 INFO:     #338 chat/completions (stream): 256 tokens generated at
                       174.4 T/s · prompt 91 tokens, none cached, 91 new in 0.09
                       s · first token 0.10 s, total 1.56 s · draft 183/219
                       accepted (84%) · max_tokens reached
22:48:39.517 INFO:     #341 chat/completions (stream): 71 prompt tokens ·
                       temperature: 0, greedy (req), max_tokens: 256 (req),
                       min_tokens: 256 (req)
22:48:39.948 INFO:     #337 chat/completions (stream): 256 tokens generated at
                       124.4 T/s · prompt 832 tokens, none cached, 832 new in
                       0.28 s (2,971 T/s) · first token 0.29 s, total 2.34 s ·
                       draft 159/291 accepted (55%) · max_tokens reached
22:48:39.997 INFO:     #342 chat/completions (stream): 93 prompt tokens ·
                       temperature: 0, greedy (req), max_tokens: 256 (req),
                       min_tokens: 256 (req)
22:48:40.464 INFO:     #339 chat/completions (stream): 256 tokens generated at
                       124.2 T/s · prompt 62 tokens, none cached, 62 new in 0.07
                       s · first token 0.08 s, total 2.14 s · draft 154/306
                       accepted (50%) · max_tokens reached
22:48:40.513 INFO:     #343 chat/completions (stream): 74 prompt tokens ·
                       temperature: 0, greedy (req), max_tokens: 256 (req),
                       min_tokens: 256 (req)
22:48:41.223 INFO:     #340 chat/completions (stream): 256 tokens generated at
                       124.2 T/s · prompt 62 tokens, none cached, 62 new in 0.07
                       s · first token 0.08 s, total 2.14 s · draft 154/306
                       accepted (50%) · max_tokens reached
22:48:41.265 INFO:     #344 chat/completions (stream): 892 prompt tokens ·
                       temperature: 0, greedy (req), max_tokens: 256 (req),
                       min_tokens: 256 (req)
22:48:41.267 INFO:     #341 chat/completions (stream): 256 tokens generated at
                       159.1 T/s · prompt 71 tokens, none cached, 71 new in 0.08
                       s · first token 0.09 s, total 1.69 s · draft 174/246
                       accepted (71%) · max_tokens reached
22:48:41.609 INFO:     #345 chat/completions (stream): 726 prompt tokens ·
                       temperature: 0, greedy (req), max_tokens: 256 (req),
                       min_tokens: 256 (req)
22:48:42.023 INFO:     #342 chat/completions (stream): 256 tokens generated at
                       137.2 T/s · prompt 93 tokens, none cached, 93 new in 0.09
                       s · first token 0.10 s, total 1.96 s · draft 185/213
                       accepted (87%) · max_tokens reached
22:48:42.073 INFO:     #346 chat/completions (stream): 433 prompt tokens ·
                       temperature: 0, greedy (req), max_tokens: 256 (req),
                       min_tokens: 256 (req)
22:48:43.376 INFO:     #343 chat/completions (stream): 256 tokens generated at
                       94.6 T/s · prompt 74 tokens, none cached, 74 new in 0.08
                       s · first token 0.09 s, total 2.79 s · draft 148/324
                       accepted (46%) · max_tokens reached
22:48:43.430 INFO:     #347 chat/completions (stream): 116 prompt tokens ·
                       temperature: 0, greedy (req), max_tokens: 256 (req),
                       min_tokens: 256 (req)
22:48:43.712 INFO:     #344 chat/completions (stream): 256 tokens generated at
                       123.7 T/s · prompt 892 tokens, none cached, 892 new in
                       0.30 s (2,973 T/s) · first token 0.31 s, total 2.38 s ·
                       draft 175/243 accepted (72%) · max_tokens reached
22:48:43.762 INFO:     #348 chat/completions (stream): 81 prompt tokens ·
                       temperature: 0, greedy (req), max_tokens: 256 (req),
                       min_tokens: 256 (req)
22:48:44.054 INFO:     #346 chat/completions (stream): 256 tokens generated at
                       152.9 T/s · prompt 433 tokens, none cached, 433 new in
                       0.24 s (1,804 T/s) · first token 0.25 s, total 1.92 s ·
                       draft 175/243 accepted (72%) · max_tokens reached
22:48:44.105 INFO:     #349 chat/completions (stream): 634 prompt tokens ·
                       temperature: 0, greedy (req), max_tokens: 256 (req),
                       min_tokens: 256 (req)
22:48:44.419 INFO:     #345 chat/completions (stream): 256 tokens generated at
                       115.6 T/s · prompt 726 tokens, none cached, 726 new in
                       0.27 s (2,689 T/s) · first token 0.28 s, total 2.49 s ·
                       draft 156/300 accepted (52%) · max_tokens reached
22:48:44.468 INFO:     #350 chat/completions (stream): 71 prompt tokens ·
                       temperature: 0, greedy (req), max_tokens: 256 (req),
                       min_tokens: 256 (req)
22:48:45.305 INFO:     #347 chat/completions (stream): 256 tokens generated at
                       150.4 T/s · prompt 116 tokens, none cached, 116 new in
                       0.10 s · first token 0.11 s, total 1.81 s · draft 183/219
                       accepted (84%) · max_tokens reached
22:48:45.353 INFO:     #351 chat/completions (stream): 100 prompt tokens ·
                       temperature: 0, greedy (req), max_tokens: 256 (req),
                       min_tokens: 256 (req)
22:48:45.805 INFO:     #348 chat/completions (stream): 256 tokens generated at
                       135.4 T/s · prompt 81 tokens, none cached, 81 new in 0.08
                       s · first token 0.09 s, total 1.98 s · draft 173/249
                       accepted (69%) · max_tokens reached
22:48:45.855 INFO:     #352 chat/completions (stream): 96 prompt tokens ·
                       temperature: 0, greedy (req), max_tokens: 256 (req),
                       min_tokens: 256 (req)
22:48:46.251 INFO:     #349 chat/completions (stream): 256 tokens generated at
                       141.2 T/s · prompt 634 tokens, none cached, 634 new in
                       0.26 s (2,438 T/s) · first token 0.27 s, total 2.08 s ·
                       draft 169/261 accepted (65%) · max_tokens reached
22:48:46.299 INFO:     #353 chat/completions (stream): 93 prompt tokens ·
                       temperature: 0, greedy (req), max_tokens: 256 (req),
                       min_tokens: 256 (req)
22:48:46.439 INFO:     #350 chat/completions (stream): 256 tokens generated at
                       147.8 T/s · prompt 71 tokens, none cached, 71 new in 0.08
                       s · first token 0.09 s, total 1.82 s · draft 169/261
                       accepted (65%) · max_tokens reached
22:48:46.491 INFO:     #354 chat/completions (stream): 804 prompt tokens ·
                       temperature: 0, greedy (req), max_tokens: 256 (req),
                       min_tokens: 256 (req)
22:48:47.429 INFO:     #351 chat/completions (stream): 256 tokens generated at
                       133.8 T/s · prompt 100 tokens, none cached, 100 new in
                       0.09 s · first token 0.10 s, total 2.01 s · draft 173/249
                       accepted (69%) · max_tokens reached
22:48:47.481 INFO:     #356 chat/completions (stream): 745 prompt tokens ·
                       temperature: 0, greedy (req), max_tokens: 256 (req),
                       min_tokens: 256 (req)
22:48:48.241 INFO:     #352 chat/completions (stream): 256 tokens generated at
                       115.4 T/s · prompt 96 tokens, none cached, 96 new in 0.09
                       s · first token 0.10 s, total 2.31 s · draft 166/270
                       accepted (61%) · max_tokens reached
22:48:48.293 INFO:     #357 chat/completions (stream): 740 prompt tokens ·
                       temperature: 0, greedy (req), max_tokens: 256 (req),
                       min_tokens: 256 (req)
22:48:48.998 INFO:     #354 chat/completions (stream): 256 tokens generated at
                       117.6 T/s · prompt 804 tokens, none cached, 804 new in
                       0.27 s (2,978 T/s) · first token 0.28 s, total 2.45 s ·
                       draft 165/273 accepted (60%) · max_tokens reached
22:48:49.013 INFO:     #353 chat/completions (stream): 256 tokens generated at
                       99.8 T/s · prompt 93 tokens, none cached, 93 new in 0.09
                       s · first token 0.10 s, total 2.66 s · draft 157/297
                       accepted (53%) · max_tokens reached
22:48:49.042 INFO:     #358 chat/completions (stream): 93 prompt tokens ·
                       temperature: 0, greedy (req), max_tokens: 256 (req),
                       min_tokens: 256 (req)
22:48:49.152 INFO:     #359 chat/completions (stream): 108 prompt tokens ·
                       temperature: 0, greedy (req), max_tokens: 256 (req),
                       min_tokens: 256 (req)
22:48:49.620 INFO:     #356 chat/completions (stream): 256 tokens generated at
                       143.6 T/s · prompt 745 tokens, none cached, 745 new in
                       0.28 s (2,661 T/s) · first token 0.29 s, total 2.07 s ·
                       draft 182/222 accepted (82%) · max_tokens reached
22:48:49.671 INFO:     #360 chat/completions (stream): 63 prompt tokens ·
                       temperature: 0, greedy (req), max_tokens: 256 (req),
                       min_tokens: 256 (req)
22:48:50.571 INFO:     #357 chat/completions (stream): 256 tokens generated at
                       132.8 T/s · prompt 740 tokens, none cached, 740 new in
                       0.28 s (2,643 T/s) · first token 0.29 s, total 2.21 s ·
                       draft 163/279 accepted (58%) · max_tokens reached
22:48:50.621 INFO:     #361 chat/completions (stream): 395 prompt tokens ·
                       temperature: 0, greedy (req), max_tokens: 256 (req),
                       min_tokens: 256 (req)
22:48:50.985 INFO:     #359 chat/completions (stream): 256 tokens generated at
                       153.0 T/s · prompt 108 tokens, none cached, 108 new in
                       0.10 s · first token 0.11 s, total 1.78 s · draft 179/231
                       accepted (77%) · max_tokens reached
22:48:51.014 INFO:     #358 chat/completions (stream): 256 tokens generated at
                       140.4 T/s · prompt 93 tokens, none cached, 93 new in 0.09
                       s · first token 0.10 s, total 1.92 s · draft 176/240
                       accepted (73%) · max_tokens reached
22:48:51.028 INFO:     #362 chat/completions (stream): 692 prompt tokens ·
                       temperature: 0, greedy (req), max_tokens: 256 (req),
                       min_tokens: 256 (req)
22:48:51.338 INFO:     #363 chat/completions (stream): 714 prompt tokens ·
                       temperature: 0, greedy (req), max_tokens: 256 (req),
                       min_tokens: 256 (req)
22:48:52.476 INFO:     #360 chat/completions (stream): 256 tokens generated at
                       96.1 T/s · prompt 63 tokens, none cached, 63 new in 0.07
                       s · first token 0.08 s, total 2.74 s · draft 147/327
                       accepted (45%) · max_tokens reached
22:48:52.525 INFO:     #364 chat/completions (stream): 79 prompt tokens ·
                       temperature: 0, greedy (req), max_tokens: 256 (req),
                       min_tokens: 256 (req)
22:48:53.040 INFO:     #361 chat/completions (stream): 256 tokens generated at
                       120.2 T/s · prompt 395 tokens, none cached, 395 new in
                       0.23 s (1,717 T/s) · first token 0.24 s, total 2.37 s ·
                       draft 168/264 accepted (64%) · max_tokens reached
22:48:53.040 INFO:     #363 chat/completions (stream): 256 tokens generated at
                       186.1 T/s · prompt 714 tokens, none cached, 714 new in
                       0.27 s (2,644 T/s) · first token 0.28 s, total 1.65 s ·
                       draft 182/222 accepted (82%) · max_tokens reached
22:48:53.082 INFO:     #365 chat/completions (stream): 120 prompt tokens ·
                       temperature: 0, greedy (req), max_tokens: 256 (req),
                       min_tokens: 256 (req)
22:48:53.084 INFO:     #366 chat/completions (stream): 587 prompt tokens ·
                       temperature: 0, greedy (req), max_tokens: 256 (req),
                       min_tokens: 256 (req)
22:48:53.720 INFO:     #362 chat/completions (stream): 256 tokens generated at
                       109.7 T/s · prompt 692 tokens, none cached, 692 new in
                       0.28 s (2,471 T/s) · first token 0.29 s, total 2.62 s ·
                       draft 160/288 accepted (56%) · max_tokens reached
22:48:53.771 INFO:     #367 chat/completions (stream): 111 prompt tokens ·
                       temperature: 0, greedy (req), max_tokens: 256 (req),
                       min_tokens: 256 (req)
22:48:54.839 INFO:     #365 chat/completions (stream): 256 tokens generated at
                       179.0 T/s · prompt 120 tokens, none cached, 120 new in
                       0.25 s · first token 0.26 s, total 1.69 s · draft 186/210
                       accepted (89%) · max_tokens reached
22:48:54.891 INFO:     #368 chat/completions (stream): 894 prompt tokens ·
                       temperature: 0, greedy (req), max_tokens: 256 (req),
                       min_tokens: 256 (req)
22:48:55.294 INFO:     #364 chat/completions (stream): 256 tokens generated at
                       97.7 T/s · prompt 79 tokens, none cached, 79 new in 0.08
                       s · first token 0.09 s, total 2.71 s · draft 147/327
                       accepted (45%) · max_tokens reached
22:48:55.346 INFO:     #369 chat/completions (stream): 1,157 prompt tokens ·
                       temperature: 0, greedy (req), max_tokens: 256 (req),
                       min_tokens: 256 (req)
22:48:55.848 INFO:     #367 chat/completions (stream): 256 tokens generated at
                       133.8 T/s · prompt 111 tokens, none cached, 111 new in
                       0.10 s · first token 0.11 s, total 2.02 s · draft 183/219
                       accepted (84%) · max_tokens reached
22:48:55.888 INFO:     #370 chat/completions (stream): 93 prompt tokens ·
                       temperature: 0, greedy (req), max_tokens: 256 (req),
                       min_tokens: 256 (req)
22:48:55.889 INFO:     #366 chat/completions (stream): 256 tokens generated at
                       107.0 T/s · prompt 587 tokens, none cached, 587 new in
                       0.25 s (2,348 T/s) · queued 0.11 s, first token 0.36 s,
                       total 2.75 s · draft 161/285 accepted (56%) · max_tokens
                       reached
22:48:56.032 INFO:     #371 chat/completions (stream): 61 prompt tokens ·
                       temperature: 0, greedy (req), max_tokens: 256 (req),
                       min_tokens: 256 (req)
22:48:57.180 INFO:     #368 chat/completions (stream): 256 tokens generated at
                       133.3 T/s · prompt 894 tokens, none cached, 894 new in
                       0.30 s (2,980 T/s) · first token 0.31 s, total 2.23 s ·
                       draft 175/243 accepted (72%) · max_tokens reached
22:48:57.232 INFO:     #372 chat/completions (stream): 1,540 prompt tokens ·
                       temperature: 0, greedy (req), max_tokens: 256 (req),
                       min_tokens: 256 (req)
22:48:57.857 INFO:     #369 chat/completions (stream): 256 tokens generated at
                       122.3 T/s · prompt 1,157 tokens, none cached, 1,157 new
                       in 0.35 s (3,306 T/s) · first token 0.36 s, total 2.45 s
                       · draft 163/279 accepted (58%) · max_tokens reached
22:48:57.894 INFO:     #373 chat/completions (stream): 64 prompt tokens ·
                       temperature: 0, greedy (req), max_tokens: 256 (req),
                       min_tokens: 256 (req)
22:48:57.984 INFO:     #370 chat/completions (stream): 256 tokens generated at
                       136.8 T/s · prompt 93 tokens, none cached, 93 new in 0.09
                       s · first token 0.10 s, total 1.97 s · draft 171/255
                       accepted (67%) · max_tokens reached
22:48:58.011 INFO:     #371 chat/completions (stream): 256 tokens generated at
                       144.2 T/s · prompt 61 tokens, none cached, 61 new in 0.07
                       s · first token 0.08 s, total 1.85 s · draft 172/252
                       accepted (68%) · max_tokens reached
22:48:58.025 INFO:     #374 chat/completions (stream): 123 prompt tokens ·
                       temperature: 0, greedy (req), max_tokens: 256 (req),
                       min_tokens: 256 (req)
22:48:58.162 INFO:     #375 chat/completions (stream): 72 prompt tokens ·
                       temperature: 0, greedy (req), max_tokens: 256 (req),
                       min_tokens: 256 (req)
22:48:59.620 INFO:     #372 chat/completions (stream): 256 tokens generated at
                       127.4 T/s · prompt 1,540 tokens, none cached, 1,540 new
                       in 0.31 s (4,968 T/s) · first token 0.32 s, total 2.32 s
                       · draft 157/297 accepted (53%) · max_tokens reached
22:48:59.659 INFO:     #376 chat/completions (stream): 81 prompt tokens ·
                       temperature: 0, greedy (req), max_tokens: 256 (req),
                       min_tokens: 256 (req)
22:48:59.761 INFO:     #373 chat/completions (stream): 256 tokens generated at
                       155.4 T/s · prompt 64 tokens, none cached, 64 new in 0.07
                       s · first token 0.08 s, total 1.72 s · draft 174/246
                       accepted (71%) · max_tokens reached
22:48:59.789 INFO:     #374 chat/completions (stream): 256 tokens generated at
                       168.8 T/s · prompt 123 tokens, none cached, 123 new in
                       0.10 s · first token 0.11 s, total 1.62 s · draft 176/240
                       accepted (73%) · max_tokens reached
22:48:59.803 INFO:     #377 chat/completions (stream): 64 prompt tokens ·
                       temperature: 0, greedy (req), max_tokens: 256 (req),
                       min_tokens: 256 (req)
22:48:59.913 INFO:     #378 chat/completions (stream): 73 prompt tokens ·
                       temperature: 0, greedy (req), max_tokens: 256 (req),
                       min_tokens: 256 (req)
22:49:00.145 INFO:     #375 chat/completions (stream): 256 tokens generated at
                       141.0 T/s · prompt 72 tokens, none cached, 72 new in 0.10
                       s · first token 0.11 s, total 1.92 s · draft 166/270
                       accepted (61%) · max_tokens reached
22:49:00.195 INFO:     #379 chat/completions (stream): 63 prompt tokens ·
                       temperature: 0, greedy (req), max_tokens: 256 (req),
                       min_tokens: 256 (req)
22:49:01.560 INFO:     #376 chat/completions (stream): 256 tokens generated at
                       146.4 T/s · prompt 81 tokens, none cached, 81 new in 0.08
                       s · first token 0.09 s, total 1.83 s · draft 168/264
                       accepted (64%) · max_tokens reached
22:49:01.610 INFO:     #380 chat/completions (stream): 720 prompt tokens ·
                       temperature: 0, greedy (req), max_tokens: 256 (req),
                       min_tokens: 256 (req)
22:49:01.924 INFO:     #378 chat/completions (stream): 256 tokens generated at
                       158.8 T/s · prompt 73 tokens, none cached, 73 new in 0.08
                       s · first token 0.09 s, total 1.70 s · draft 167/267
                       accepted (63%) · max_tokens reached
22:49:01.951 INFO:     #377 chat/completions (stream): 256 tokens generated at
                       126.8 T/s · prompt 64 tokens, none cached, 64 new in 0.07
                       s · first token 0.08 s, total 2.09 s · draft 163/279
                       accepted (58%) · max_tokens reached
22:49:01.964 INFO:     #381 chat/completions (stream): 110 prompt tokens ·
                       temperature: 0, greedy (req), max_tokens: 256 (req),
                       min_tokens: 256 (req)
22:49:02.097 INFO:     #382 chat/completions (stream): 751 prompt tokens ·
                       temperature: 0, greedy (req), max_tokens: 256 (req),
                       min_tokens: 256 (req)
22:49:02.696 INFO:     #379 chat/completions (stream): 256 tokens generated at
                       108.3 T/s · prompt 63 tokens, none cached, 63 new in 0.07
                       s · first token 0.08 s, total 2.44 s · draft 155/303
                       accepted (51%) · max_tokens reached
22:49:02.746 INFO:     #384 chat/completions (stream): 128 prompt tokens ·
                       temperature: 0, greedy (req), max_tokens: 256 (req),
                       min_tokens: 256 (req)
22:49:03.849 INFO:     #381 chat/completions (stream): 256 tokens generated at
                       148.8 T/s · prompt 110 tokens, none cached, 110 new in
                       0.09 s · first token 0.10 s, total 1.82 s · draft 180/228
                       accepted (79%) · max_tokens reached
22:49:03.898 INFO:     #385 chat/completions (stream): 103 prompt tokens ·
                       temperature: 0, greedy (req), max_tokens: 256 (req),
                       min_tokens: 256 (req)
22:49:04.090 INFO:     #382 chat/completions (stream): 256 tokens generated at
                       155.4 T/s · prompt 751 tokens, none cached, 751 new in
                       0.28 s (2,682 T/s) · first token 0.29 s, total 1.93 s ·
                       draft 174/246 accepted (71%) · max_tokens reached
22:49:04.131 INFO:     #386 chat/completions (stream): 64 prompt tokens ·
                       temperature: 0, greedy (req), max_tokens: 256 (req),
                       min_tokens: 256 (req)
22:49:04.132 INFO:     #380 chat/completions (stream): 256 tokens generated at
                       116.8 T/s · prompt 720 tokens, none cached, 720 new in
                       0.27 s (2,667 T/s) · first token 0.28 s, total 2.47 s ·
                       draft 162/282 accepted (57%) · max_tokens reached
22:49:04.256 INFO:     #387 chat/completions (stream): 114 prompt tokens ·
                       temperature: 0, greedy (req), max_tokens: 256 (req),
                       min_tokens: 256 (req)
22:49:04.424 INFO:     #384 chat/completions (stream): 256 tokens generated at
                       182.8 T/s · prompt 128 tokens, none cached, 128 new in
                       0.10 s · first token 0.11 s, total 1.51 s · draft 185/213
                       accepted (87%) · max_tokens reached
22:49:04.473 INFO:     #388 chat/completions (stream): 135 prompt tokens ·
                       temperature: 0, greedy (req), max_tokens: 256 (req),
                       min_tokens: 256 (req)
22:49:05.964 INFO:     #388 chat/completions (stream): 256 tokens generated at
                       194.1 T/s · prompt 135 tokens, none cached, 135 new in
                       0.11 s · first token 0.12 s, total 1.44 s · draft 181/225
                       accepted (80%) · max_tokens reached
22:49:05.992 INFO:     #385 chat/completions (stream): 256 tokens generated at
                       131.9 T/s · prompt 103 tokens, none cached, 103 new in
                       0.09 s · first token 0.10 s, total 2.04 s · draft 160/288
                       accepted (56%) · max_tokens reached
22:49:06.005 INFO:     #389 chat/completions (stream): 80 prompt tokens ·
                       temperature: 0, greedy (req), max_tokens: 256 (req),
                       min_tokens: 256 (req)
22:49:06.124 INFO:     #390 chat/completions (stream): 73 prompt tokens ·
                       temperature: 0, greedy (req), max_tokens: 256 (req),
                       min_tokens: 256 (req)
22:49:06.375 INFO:     #386 chat/completions (stream): 256 tokens generated at
                       121.7 T/s · prompt 64 tokens, none cached, 64 new in 0.07
                       s · first token 0.08 s, total 2.18 s · draft 156/300
                       accepted (52%) · max_tokens reached
22:49:06.425 INFO:     #391 chat/completions (stream): 62 prompt tokens ·
                       temperature: 0, greedy (req), max_tokens: 256 (req),
                       min_tokens: 256 (req)
22:49:06.621 INFO:     #387 chat/completions (stream): 256 tokens generated at
                       116.6 T/s · prompt 114 tokens, none cached, 114 new in
                       0.10 s · first token 0.11 s, total 2.30 s · draft 149/321
                       accepted (46%) · max_tokens reached
22:49:06.673 INFO:     #392 chat/completions (stream): 785 prompt tokens ·
                       temperature: 0, greedy (req), max_tokens: 256 (req),
                       min_tokens: 256 (req)
22:49:08.073 INFO:     #390 chat/completions (stream): 256 tokens generated at
                       142.1 T/s · prompt 73 tokens, none cached, 73 new in 0.08
                       s · first token 0.09 s, total 1.89 s · draft 170/258
                       accepted (66%) · max_tokens reached
22:49:08.114 INFO:     #393 chat/completions (stream): 92 prompt tokens ·
                       temperature: 0, greedy (req), max_tokens: 256 (req),
                       min_tokens: 256 (req)
22:49:08.223 INFO:     #389 chat/completions (stream): 256 tokens generated at
                       129.3 T/s · prompt 80 tokens, none cached, 80 new in 0.08
                       s · first token 0.09 s, total 2.07 s · draft 164/276
                       accepted (59%) · max_tokens reached
22:49:08.274 INFO:     #394 chat/completions (stream): 680 prompt tokens ·
                       temperature: 0, greedy (req), max_tokens: 256 (req),
                       min_tokens: 256 (req)
22:49:08.577 INFO:     #391 chat/completions (stream): 256 tokens generated at
                       144.7 T/s · prompt 62 tokens, none cached, 62 new in 0.07
                       s · first token 0.08 s, total 1.85 s · draft 172/252
                       accepted (68%) · max_tokens reached
22:49:08.625 INFO:     #395 chat/completions (stream): 125 prompt tokens ·
                       temperature: 0, greedy (req), max_tokens: 256 (req),
                       min_tokens: 256 (req)
22:49:08.986 INFO:     #392 chat/completions (stream): 256 tokens generated at
                       126.1 T/s · prompt 785 tokens, none cached, 785 new in
                       0.21 s (3,738 T/s) · first token 0.22 s, total 2.24 s ·
                       draft 165/273 accepted (60%) · max_tokens reached
22:49:09.036 INFO:     #396 chat/completions (stream): 79 prompt tokens ·
                       temperature: 0, greedy (req), max_tokens: 256 (req),
                       min_tokens: 256 (req)
22:49:10.300 INFO:     #393 chat/completions (stream): 256 tokens generated at
                       126.2 T/s · prompt 92 tokens, none cached, 92 new in 0.09
                       s · first token 0.10 s, total 2.12 s · draft 166/270
                       accepted (61%) · max_tokens reached
22:49:10.342 INFO:     #397 chat/completions (stream): 86 prompt tokens ·
                       temperature: 0, greedy (req), max_tokens: 256 (req),
                       min_tokens: 256 (req)
22:49:10.449 INFO:     #394 chat/completions (stream): 256 tokens generated at
                       144.8 T/s · prompt 680 tokens, none cached, 680 new in
                       0.25 s (2,720 T/s) · first token 0.26 s, total 2.02 s ·
                       draft 167/267 accepted (63%) · max_tokens reached
22:49:10.497 INFO:     #398 chat/completions (stream): 69 prompt tokens ·
                       temperature: 0, greedy (req), max_tokens: 256 (req),
                       min_tokens: 256 (req)
22:49:10.659 INFO:     #395 chat/completions (stream): 256 tokens generated at
                       137.1 T/s · prompt 125 tokens, none cached, 125 new in
                       0.10 s · first token 0.11 s, total 1.97 s · draft 165/273
                       accepted (60%) · max_tokens reached
22:49:10.706 INFO:     #399 chat/completions (stream): 80 prompt tokens ·
                       temperature: 0, greedy (req), max_tokens: 256 (req),
                       min_tokens: 256 (req)
22:49:11.079 INFO:     #396 chat/completions (stream): 256 tokens generated at
                       135.2 T/s · prompt 79 tokens, none cached, 79 new in 0.08
                       s · first token 0.09 s, total 1.98 s · draft 163/279
                       accepted (58%) · max_tokens reached
22:49:11.127 INFO:     #400 chat/completions (stream): 80 prompt tokens ·
                       temperature: 0, greedy (req), max_tokens: 256 (req),
                       min_tokens: 256 (req)
22:49:12.219 INFO:     #397 chat/completions (stream): 256 tokens generated at
                       149.2 T/s · prompt 86 tokens, none cached, 86 new in 0.09
                       s · first token 0.10 s, total 1.81 s · draft 171/255
                       accepted (67%) · max_tokens reached
22:49:12.266 INFO:     #401 chat/completions (stream): 62 prompt tokens ·
                       temperature: 0, greedy (req), max_tokens: 256 (req),
                       min_tokens: 256 (req)
22:49:12.389 INFO:     #398 chat/completions (stream): 256 tokens generated at
                       153.1 T/s · prompt 69 tokens, none cached, 69 new in 0.08
                       s · first token 0.09 s, total 1.76 s · draft 169/261
                       accepted (65%) · max_tokens reached
22:49:12.441 INFO:     #402 chat/completions (stream): 635 prompt tokens ·
                       temperature: 0, greedy (req), max_tokens: 256 (req),
                       min_tokens: 256 (req)
22:49:12.894 INFO:     #399 chat/completions (stream): 256 tokens generated at
                       125.5 T/s · prompt 80 tokens, none cached, 80 new in 0.08
                       s · first token 0.09 s, total 2.12 s · draft 162/282
                       accepted (57%) · max_tokens reached
22:49:12.945 INFO:     #403 chat/completions (stream): 828 prompt tokens ·
                       temperature: 0, greedy (req), max_tokens: 256 (req),
                       min_tokens: 256 (req)
22:49:13.636 INFO:     #400 chat/completions (stream): 256 tokens generated at
                       108.7 T/s · prompt 80 tokens, none cached, 80 new in 0.08
                       s · first token 0.09 s, total 2.44 s · draft 154/306
                       accepted (50%) · max_tokens reached
22:49:13.687 INFO:     #404 chat/completions (stream): 62 prompt tokens ·
                       temperature: 0, greedy (req), max_tokens: 256 (req),
                       min_tokens: 256 (req)
22:49:14.724 INFO:     #401 chat/completions (stream): 256 tokens generated at
                       110.5 T/s · prompt 62 tokens, none cached, 62 new in 0.07
                       s · first token 0.08 s, total 2.39 s · draft 157/297
                       accepted (53%) · max_tokens reached
22:49:14.764 INFO:     #405 chat/completions (stream): 79 prompt tokens ·
                       temperature: 0, greedy (req), max_tokens: 256 (req),
                       min_tokens: 256 (req)
22:49:14.865 INFO:     #402 chat/completions (stream): 256 tokens generated at
                       127.0 T/s · prompt 635 tokens, none cached, 635 new in
                       0.26 s (2,442 T/s) · first token 0.27 s, total 2.28 s ·
                       draft 160/288 accepted (56%) · max_tokens reached
22:49:14.914 INFO:     #406 chat/completions (stream): 492 prompt tokens ·
                       temperature: 0, greedy (req), max_tokens: 256 (req),
                       min_tokens: 256 (req)
22:49:15.387 INFO:     #403 chat/completions (stream): 256 tokens generated at
                       121.7 T/s · prompt 828 tokens, none cached, 828 new in
                       0.27 s (3,067 T/s) · first token 0.28 s, total 2.38 s ·
                       draft 159/291 accepted (55%) · max_tokens reached
22:49:15.438 INFO:     #407 chat/completions (stream): 65 prompt tokens ·
                       temperature: 0, greedy (req), max_tokens: 256 (req),
                       min_tokens: 256 (req)
22:49:16.122 INFO:     #404 chat/completions (stream): 256 tokens generated at
                       111.5 T/s · prompt 62 tokens, none cached, 62 new in 0.07
                       s · first token 0.08 s, total 2.37 s · draft 148/324
                       accepted (46%) · max_tokens reached
22:49:16.170 INFO:     #408 chat/completions (stream): 63 prompt tokens ·
                       temperature: 0, greedy (req), max_tokens: 256 (req),
                       min_tokens: 256 (req)
22:49:16.551 INFO:     #405 chat/completions (stream): 256 tokens generated at
                       156.3 T/s · prompt 79 tokens, none cached, 79 new in 0.08
                       s · first token 0.09 s, total 1.72 s · draft 185/213
                       accepted (87%) · max_tokens reached
22:49:16.603 INFO:     #409 chat/completions (stream): 724 prompt tokens ·
                       temperature: 0, greedy (req), max_tokens: 256 (req),
                       min_tokens: 256 (req)
22:49:17.430 INFO:     #406 chat/completions (stream): 256 tokens generated at
                       116.9 T/s · prompt 492 tokens, none cached, 492 new in
                       0.26 s (1,892 T/s) · first token 0.27 s, total 2.46 s ·
                       draft 156/300 accepted (52%) · max_tokens reached
22:49:17.482 INFO:     #411 chat/completions (stream): 760 prompt tokens ·
                       temperature: 0, greedy (req), max_tokens: 256 (req),
                       min_tokens: 256 (req)
22:49:17.820 INFO:     #407 chat/completions (stream): 256 tokens generated at
                       120.5 T/s · prompt 65 tokens, none cached, 65 new in 0.07
                       s · first token 0.08 s, total 2.20 s · draft 163/279
                       accepted (58%) · max_tokens reached
22:49:17.872 INFO:     #412 chat/completions (stream): 742 prompt tokens ·
                       temperature: 0, greedy (req), max_tokens: 256 (req),
                       min_tokens: 256 (req)
22:49:18.784 INFO:     #408 chat/completions (stream): 256 tokens generated at
                       103.9 T/s · prompt 63 tokens, none cached, 63 new in 0.08
                       s · first token 0.09 s, total 2.55 s · draft 162/282
                       accepted (57%) · max_tokens reached
22:49:18.832 INFO:     #413 chat/completions (stream): 61 prompt tokens ·
                       temperature: 0, greedy (req), max_tokens: 256 (req),
                       min_tokens: 256 (req)
22:49:19.078 INFO:     #409 chat/completions (stream): 256 tokens generated at
                       120.0 T/s · prompt 724 tokens, none cached, 724 new in
                       0.27 s (2,681 T/s) · first token 0.28 s, total 2.41 s ·
                       draft 170/258 accepted (66%) · max_tokens reached
22:49:19.129 INFO:     #414 chat/completions (stream): 764 prompt tokens ·
                       temperature: 0, greedy (req), max_tokens: 256 (req),
                       min_tokens: 256 (req)
22:49:19.863 INFO:     #411 chat/completions (stream): 256 tokens generated at
                       125.3 T/s · prompt 760 tokens, none cached, 760 new in
                       0.27 s (2,815 T/s) · first token 0.28 s, total 2.32 s ·
                       draft 174/246 accepted (71%) · max_tokens reached
22:49:19.911 INFO:     #415 chat/completions (stream): 833 prompt tokens ·
                       temperature: 0, greedy (req), max_tokens: 256 (req),
                       min_tokens: 256 (req)
22:49:20.221 INFO:     #412 chat/completions (stream): 256 tokens generated at
                       146.7 T/s · prompt 742 tokens, none cached, 742 new in
                       0.27 s (2,748 T/s) · first token 0.28 s, total 2.02 s ·
                       draft 176/240 accepted (73%) · max_tokens reached
22:49:20.270 INFO:     #416 chat/completions (stream): 71 prompt tokens ·
                       temperature: 0, greedy (req), max_tokens: 256 (req),
                       min_tokens: 256 (req)
22:49:21.135 INFO:     #414 chat/completions (stream): 256 tokens generated at
                       154.3 T/s · prompt 764 tokens, none cached, 764 new in
                       0.28 s (2,729 T/s) · first token 0.29 s, total 1.94 s ·
                       draft 180/228 accepted (79%) · max_tokens reached
22:49:21.201 INFO:     #417 chat/completions (stream): 798 prompt tokens ·
                       temperature: 0, greedy (req), max_tokens: 256 (req),
                       min_tokens: 256 (req)
22:49:21.723 INFO:     #413 chat/completions (stream): 256 tokens generated at
                       93.1 T/s · prompt 61 tokens, none cached, 61 new in 0.07
                       s · first token 0.08 s, total 2.83 s · draft 145/333
                       accepted (44%) · max_tokens reached
22:49:21.773 INFO:     #418 chat/completions (stream): 87 prompt tokens ·
                       temperature: 0, greedy (req), max_tokens: 256 (req),
                       min_tokens: 256 (req)
22:49:22.051 INFO:     #415 chat/completions (stream): 256 tokens generated at
                       142.5 T/s · prompt 833 tokens, none cached, 833 new in
                       0.27 s (3,085 T/s) · first token 0.28 s, total 2.07 s ·
                       draft 175/243 accepted (72%) · max_tokens reached
22:49:22.102 INFO:     #419 chat/completions (stream): 773 prompt tokens ·
                       temperature: 0, greedy (req), max_tokens: 256 (req),
                       min_tokens: 256 (req)
22:49:22.590 INFO:     #416 chat/completions (stream): 256 tokens generated at
                       117.7 T/s · prompt 71 tokens, none cached, 71 new in 0.08
                       s · first token 0.09 s, total 2.26 s · draft 160/288
                       accepted (56%) · max_tokens reached
22:49:22.641 INFO:     #420 chat/completions (stream): 114 prompt tokens ·
                       temperature: 0, greedy (req), max_tokens: 256 (req),
                       min_tokens: 256 (req)
22:49:23.458 INFO:     #417 chat/completions (stream): 256 tokens generated at
                       130.4 T/s · prompt 798 tokens, none cached, 798 new in
                       0.22 s (3,627 T/s) · first token 0.23 s, total 2.19 s ·
                       draft 166/270 accepted (61%) · max_tokens reached
22:49:23.509 INFO:     #421 chat/completions (stream): 312 prompt tokens ·
                       temperature: 0, greedy (req), max_tokens: 256 (req),
                       min_tokens: 256 (req)
22:49:23.876 INFO:     #418 chat/completions (stream): 256 tokens generated at
                       131.4 T/s · prompt 87 tokens, none cached, 87 new in 0.09
                       s · first token 0.10 s, total 2.04 s · draft 173/249
                       accepted (69%) · max_tokens reached
22:49:23.924 INFO:     #422 chat/completions (stream): 63 prompt tokens ·
                       temperature: 0, greedy (req), max_tokens: 256 (req),
                       min_tokens: 256 (req)
22:49:24.249 INFO:     #419 chat/completions (stream): 256 tokens generated at
                       137.3 T/s · prompt 773 tokens, none cached, 773 new in
                       0.21 s (3,681 T/s) · first token 0.22 s, total 2.08 s ·
                       draft 171/255 accepted (67%) · max_tokens reached
22:49:24.298 INFO:     #423 chat/completions (stream): 66 prompt tokens ·
                       temperature: 0, greedy (req), max_tokens: 256 (req),
                       min_tokens: 256 (req)
22:49:24.814 INFO:     #420 chat/completions (stream): 256 tokens generated at
                       127.8 T/s · prompt 114 tokens, none cached, 114 new in
                       0.10 s · first token 0.11 s, total 2.11 s · draft 162/282
                       accepted (57%) · max_tokens reached
22:49:24.865 INFO:     #424 chat/completions (stream): 912 prompt tokens ·
                       temperature: 0, greedy (req), max_tokens: 256 (req),
                       min_tokens: 256 (req)
22:49:25.780 INFO:     #421 chat/completions (stream): 256 tokens generated at
                       128.6 T/s · prompt 312 tokens, none cached, 312 new in
                       0.21 s (1,486 T/s) · first token 0.22 s, total 2.21 s ·
                       draft 168/264 accepted (64%) · max_tokens reached
22:49:25.819 INFO:     #425 chat/completions (stream): 66 prompt tokens ·
                       temperature: 0, greedy (req), max_tokens: 256 (req),
                       min_tokens: 256 (req)
22:49:25.917 INFO:     #422 chat/completions (stream): 256 tokens generated at
                       144.1 T/s · prompt 63 tokens, none cached, 63 new in 0.07
                       s · first token 0.08 s, total 1.85 s · draft 176/240
                       accepted (73%) · max_tokens reached
22:49:25.965 INFO:     #426 chat/completions (stream): 75 prompt tokens ·
                       temperature: 0, greedy (req), max_tokens: 256 (req),
                       min_tokens: 256 (req)
22:49:26.783 INFO:     #423 chat/completions (stream): 256 tokens generated at
                       109.4 T/s · prompt 66 tokens, none cached, 66 new in 0.08
                       s · first token 0.09 s, total 2.43 s · draft 149/321
                       accepted (46%) · max_tokens reached
22:49:26.832 INFO:     #427 chat/completions (stream): 624 prompt tokens ·
                       temperature: 0, greedy (req), max_tokens: 256 (req),
                       min_tokens: 256 (req)
22:49:27.543 INFO:     #424 chat/completions (stream): 256 tokens generated at
                       111.7 T/s · prompt 912 tokens, none cached, 912 new in
                       0.31 s (2,942 T/s) · first token 0.32 s, total 2.61 s ·
                       draft 150/318 accepted (47%) · max_tokens reached
22:49:27.595 INFO:     #428 chat/completions (stream): 63 prompt tokens ·
                       temperature: 0, greedy (req), max_tokens: 256 (req),
                       min_tokens: 256 (req)
22:49:27.916 INFO:     #425 chat/completions (stream): 256 tokens generated at
                       131.3 T/s · prompt 66 tokens, none cached, 66 new in 0.08
                       s · first token 0.09 s, total 2.04 s · draft 170/258
                       accepted (66%) · max_tokens reached
22:49:27.966 INFO:     #429 chat/completions (stream): 78 prompt tokens ·
                       temperature: 0, greedy (req), max_tokens: 256 (req),
                       min_tokens: 256 (req)
22:49:28.165 INFO:     #426 chat/completions (stream): 256 tokens generated at
                       124.7 T/s · prompt 75 tokens, none cached, 75 new in 0.08
                       s · first token 0.09 s, total 2.14 s · draft 164/276
                       accepted (59%) · max_tokens reached
22:49:28.221 INFO:     #430 chat/completions (stream): 136 prompt tokens ·
                       temperature: 0, greedy (req), max_tokens: 256 (req),
                       min_tokens: 256 (req)
22:49:29.043 INFO:     #427 chat/completions (stream): 256 tokens generated at
                       136.6 T/s · prompt 624 tokens, none cached, 624 new in
                       0.27 s (2,311 T/s) · first token 0.28 s, total 2.15 s ·
                       draft 166/270 accepted (61%) · max_tokens reached
22:49:29.093 INFO:     #431 chat/completions (stream): 87 prompt tokens ·
                       temperature: 0, greedy (req), max_tokens: 256 (req),
                       min_tokens: 256 (req)
22:49:29.726 INFO:     #428 chat/completions (stream): 256 tokens generated at
                       128.7 T/s · prompt 63 tokens, none cached, 63 new in 0.07
                       s · first token 0.08 s, total 2.07 s · draft 159/291
                       accepted (55%) · max_tokens reached
22:49:29.775 INFO:     #432 chat/completions (stream): 63 prompt tokens ·
                       temperature: 0, greedy (req), max_tokens: 256 (req),
                       min_tokens: 256 (req)
22:49:30.016 INFO:     #429 chat/completions (stream): 256 tokens generated at
                       134.2 T/s · prompt 78 tokens, none cached, 78 new in 0.08
                       s · first token 0.09 s, total 1.99 s · draft 163/279
                       accepted (58%) · max_tokens reached
22:49:30.042 INFO:     #430 chat/completions (stream): 256 tokens generated at
                       154.7 T/s · prompt 136 tokens, none cached, 136 new in
                       0.11 s · first token 0.12 s, total 1.77 s · draft 171/255
                       accepted (67%) · max_tokens reached
22:49:30.057 INFO:     #433 chat/completions (stream): 106 prompt tokens ·
                       temperature: 0, greedy (req), max_tokens: 256 (req),
                       min_tokens: 256 (req)
22:49:30.197 INFO:     #434 chat/completions (stream): 121 prompt tokens ·
                       temperature: 0, greedy (req), max_tokens: 256 (req),
                       min_tokens: 256 (req)
22:49:31.035 INFO:     #431 chat/completions (stream): 256 tokens generated at
                       143.4 T/s · prompt 87 tokens, none cached, 87 new in 0.09
                       s · first token 0.10 s, total 1.88 s · draft 169/261
                       accepted (65%) · max_tokens reached
22:49:31.084 INFO:     #435 chat/completions (stream): 88 prompt tokens ·
                       temperature: 0, greedy (req), max_tokens: 256 (req),
                       min_tokens: 256 (req)
22:49:31.801 INFO:     #432 chat/completions (stream): 256 tokens generated at
                       135.5 T/s · prompt 63 tokens, none cached, 63 new in 0.07
                       s · first token 0.08 s, total 1.97 s · draft 165/273
                       accepted (60%) · max_tokens reached
22:49:31.830 INFO:     #434 chat/completions (stream): 256 tokens generated at
                       174.1 T/s · prompt 121 tokens, none cached, 121 new in
                       0.10 s · first token 0.11 s, total 1.58 s · draft 178/234
                       accepted (76%) · max_tokens reached
22:49:31.844 INFO:     #436 chat/completions (stream): 728 prompt tokens ·
                       temperature: 0, greedy (req), max_tokens: 256 (req),
                       min_tokens: 256 (req)
22:49:32.140 INFO:     #437 chat/completions (stream): 749 prompt tokens ·
                       temperature: 0, greedy (req), max_tokens: 256 (req),
                       min_tokens: 256 (req)
22:49:32.534 INFO:     #433 chat/completions (stream): 256 tokens generated at
                       110.7 T/s · prompt 106 tokens, none cached, 106 new in
                       0.09 s · first token 0.10 s, total 2.41 s · draft 165/273
                       accepted (60%) · max_tokens reached
22:49:32.582 INFO:     #439 chat/completions (stream): 89 prompt tokens ·
                       temperature: 0, greedy (req), max_tokens: 256 (req),
                       min_tokens: 256 (req)
22:49:33.396 INFO:     #435 chat/completions (stream): 256 tokens generated at
                       118.9 T/s · prompt 88 tokens, none cached, 88 new in 0.09
                       s · first token 0.10 s, total 2.25 s · draft 169/261
                       accepted (65%) · max_tokens reached
22:49:33.447 INFO:     #440 chat/completions (stream): 341 prompt tokens ·
                       temperature: 0, greedy (req), max_tokens: 256 (req),
                       min_tokens: 256 (req)
22:49:34.319 INFO:     #437 chat/completions (stream): 256 tokens generated at
                       139.3 T/s · prompt 749 tokens, none cached, 749 new in
                       0.27 s (2,774 T/s) · first token 0.28 s, total 2.11 s ·
                       draft 170/258 accepted (66%) · max_tokens reached
22:49:34.376 INFO:     #441 chat/completions (stream): 66 prompt tokens ·
                       temperature: 0, greedy (req), max_tokens: 256 (req),
                       min_tokens: 256 (req)
22:49:34.520 INFO:     #436 chat/completions (stream): 256 tokens generated at
                       113.7 T/s · prompt 728 tokens, none cached, 728 new in
                       0.27 s (2,696 T/s) · first token 0.28 s, total 2.53 s ·
                       draft 161/285 accepted (56%) · max_tokens reached
22:49:34.564 INFO:     #442 chat/completions (stream): 63 prompt tokens ·
                       temperature: 0, greedy (req), max_tokens: 256 (req),
                       min_tokens: 256 (req)
22:49:34.671 INFO:     #439 chat/completions (stream): 256 tokens generated at
                       137.7 T/s · prompt 89 tokens, none cached, 89 new in 0.09
                       s · first token 0.10 s, total 1.96 s · draft 168/264
                       accepted (64%) · max_tokens reached
22:49:34.721 INFO:     #443 chat/completions (stream): 74 prompt tokens ·
                       temperature: 0, greedy (req), max_tokens: 256 (req),
                       min_tokens: 256 (req)
22:49:35.673 INFO:     #440 chat/completions (stream): 256 tokens generated at
                       132.6 T/s · prompt 341 tokens, none cached, 341 new in
                       0.22 s (1,550 T/s) · first token 0.23 s, total 2.16 s ·
                       draft 161/285 accepted (56%) · max_tokens reached
22:49:35.723 INFO:     #444 chat/completions (stream): 107 prompt tokens ·
                       temperature: 0, greedy (req), max_tokens: 256 (req),
                       min_tokens: 256 (req)
22:49:36.343 INFO:     #442 chat/completions (stream): 256 tokens generated at
                       156.3 T/s · prompt 63 tokens, none cached, 63 new in 0.07
                       s · first token 0.08 s, total 1.71 s · draft 175/243
                       accepted (72%) · max_tokens reached
22:49:36.393 INFO:     #445 chat/completions (stream): 165 prompt tokens ·
                       temperature: 0, greedy (req), max_tokens: 256 (req),
                       min_tokens: 256 (req)
22:49:36.630 INFO:     #441 chat/completions (stream): 256 tokens generated at
                       121.5 T/s · prompt 66 tokens, none cached, 66 new in 0.07
                       s · first token 0.08 s, total 2.18 s · draft 157/297
                       accepted (53%) · max_tokens reached
22:49:36.682 INFO:     #446 chat/completions (stream): 780 prompt tokens ·
                       temperature: 0, greedy (req), max_tokens: 256 (req),
                       min_tokens: 256 (req)
22:49:37.138 INFO:     #443 chat/completions (stream): 256 tokens generated at
                       112.8 T/s · prompt 74 tokens, none cached, 74 new in 0.08
                       s · first token 0.09 s, total 2.35 s · draft 152/312
                       accepted (49%) · max_tokens reached
22:49:37.187 INFO:     #447 chat/completions (stream): 79 prompt tokens ·
                       temperature: 0, greedy (req), max_tokens: 256 (req),
                       min_tokens: 256 (req)
22:49:37.638 INFO:     #444 chat/completions (stream): 256 tokens generated at
                       146.4 T/s · prompt 107 tokens, none cached, 107 new in
                       0.09 s · first token 0.10 s, total 1.84 s · draft 179/231
                       accepted (77%) · max_tokens reached
22:49:37.691 INFO:     #448 chat/completions (stream): 1,083 prompt tokens ·
                       temperature: 0, greedy (req), max_tokens: 256 (req),
                       min_tokens: 256 (req)
22:49:38.594 INFO:     #445 chat/completions (stream): 256 tokens generated at
                       125.8 T/s · prompt 165 tokens, none cached, 165 new in
                       0.10 s · first token 0.11 s, total 2.14 s · draft 174/246
                       accepted (71%) · max_tokens reached
22:49:38.644 INFO:     #449 chat/completions (stream): 82 prompt tokens ·
                       temperature: 0, greedy (req), max_tokens: 256 (req),
                       min_tokens: 256 (req)
22:49:38.952 INFO:     #446 chat/completions (stream): 256 tokens generated at
                       129.3 T/s · prompt 780 tokens, none cached, 780 new in
                       0.22 s (3,545 T/s) · first token 0.23 s, total 2.21 s ·
                       draft 170/258 accepted (66%) · max_tokens reached
22:49:38.980 INFO:     #447 chat/completions (stream): 256 tokens generated at
                       155.0 T/s · prompt 79 tokens, none cached, 79 new in 0.08
                       s · first token 0.09 s, total 1.74 s · draft 184/216
                       accepted (85%) · max_tokens reached
22:49:38.994 INFO:     #450 chat/completions (stream): 91 prompt tokens ·
                       temperature: 0, greedy (req), max_tokens: 256 (req),
                       min_tokens: 256 (req)
22:49:39.119 INFO:     #451 chat/completions (stream): 82 prompt tokens ·
                       temperature: 0, greedy (req), max_tokens: 256 (req),
                       min_tokens: 256 (req)
22:49:39.976 INFO:     #448 chat/completions (stream): 256 tokens generated at
                       134.8 T/s · prompt 1,083 tokens, none cached, 1,083 new
                       in 0.32 s (3,384 T/s) · first token 0.33 s, total 2.23 s
                       · draft 162/282 accepted (57%) · max_tokens reached
22:49:40.025 INFO:     #452 chat/completions (stream): 70 prompt tokens ·
                       temperature: 0, greedy (req), max_tokens: 256 (req),
                       min_tokens: 256 (req)
22:49:40.249 INFO:     #449 chat/completions (stream): 256 tokens generated at
                       177.4 T/s · prompt 82 tokens, none cached, 82 new in 0.08
                       s · first token 0.09 s, total 1.53 s · draft 187/207
                       accepted (90%) · max_tokens reached
22:49:40.300 INFO:     #453 chat/completions (stream): 816 prompt tokens ·
                       temperature: 0, greedy (req), max_tokens: 256 (req),
                       min_tokens: 256 (req)
22:49:41.007 INFO:     #450 chat/completions (stream): 256 tokens generated at
                       137.9 T/s · prompt 91 tokens, none cached, 91 new in 0.09
                       s · first token 0.10 s, total 1.95 s · draft 174/246
                       accepted (71%) · max_tokens reached
22:49:41.056 INFO:     #454 chat/completions (stream): 103 prompt tokens ·
                       temperature: 0, greedy (req), max_tokens: 256 (req),
                       min_tokens: 256 (req)
22:49:41.328 INFO:     #451 chat/completions (stream): 256 tokens generated at
                       124.5 T/s · prompt 82 tokens, none cached, 82 new in 0.08
                       s · first token 0.09 s, total 2.14 s · draft 163/279
                       accepted (58%) · max_tokens reached
22:49:41.377 INFO:     #455 chat/completions (stream): 96 prompt tokens ·
                       temperature: 0, greedy (req), max_tokens: 256 (req),
                       min_tokens: 256 (req)
22:49:42.124 INFO:     #452 chat/completions (stream): 256 tokens generated at
                       130.4 T/s · prompt 70 tokens, none cached, 70 new in 0.08
                       s · first token 0.09 s, total 2.05 s · draft 169/261
                       accepted (65%) · max_tokens reached
22:49:42.125 INFO:     #453 chat/completions (stream): 256 tokens generated at
                       170.0 T/s · prompt 816 tokens, none cached, 816 new in
                       0.26 s (3,138 T/s) · first token 0.27 s, total 1.77 s ·
                       draft 181/225 accepted (80%) · max_tokens reached
22:49:42.167 INFO:     #456 chat/completions (stream): 64 prompt tokens ·
                       temperature: 0, greedy (req), max_tokens: 256 (req),
                       min_tokens: 256 (req)
22:49:42.169 INFO:     #457 chat/completions (stream): 494 prompt tokens ·
                       temperature: 0, greedy (req), max_tokens: 256 (req),
                       min_tokens: 256 (req)
22:49:42.851 INFO:     #454 chat/completions (stream): 256 tokens generated at
                       156.8 T/s · prompt 103 tokens, none cached, 103 new in
                       0.09 s · first token 0.10 s, total 1.73 s · draft 185/213
                       accepted (87%) · max_tokens reached
22:49:42.904 INFO:     #458 chat/completions (stream): 814 prompt tokens ·
                       temperature: 0, greedy (req), max_tokens: 256 (req),
                       min_tokens: 256 (req)
22:49:43.643 INFO:     #455 chat/completions (stream): 256 tokens generated at
                       121.5 T/s · prompt 96 tokens, none cached, 96 new in 0.09
                       s · first token 0.10 s, total 2.20 s · draft 169/261
                       accepted (65%) · max_tokens reached
22:49:43.693 INFO:     #459 chat/completions (stream): 64 prompt tokens ·
                       temperature: 0, greedy (req), max_tokens: 256 (req),
                       min_tokens: 256 (req)
22:49:44.552 INFO:     #456 chat/completions (stream): 256 tokens generated at
                       121.3 T/s · prompt 64 tokens, none cached, 64 new in 0.20
                       s · first token 0.21 s, total 2.32 s · draft 163/279
                       accepted (58%) · max_tokens reached
22:49:44.602 INFO:     #460 chat/completions (stream): 82 prompt tokens ·
                       temperature: 0, greedy (req), max_tokens: 256 (req),
                       min_tokens: 256 (req)
22:49:44.787 INFO:     #457 chat/completions (stream): 256 tokens generated at
                       115.3 T/s · prompt 494 tokens, none cached, 494 new in
                       0.25 s (1,976 T/s) · first token 0.34 s, total 2.56 s ·
                       draft 155/303 accepted (51%) · max_tokens reached
22:49:44.834 INFO:     #461 chat/completions (stream): 97 prompt tokens ·
                       temperature: 0, greedy (req), max_tokens: 256 (req),
                       min_tokens: 256 (req)
22:49:45.041 INFO:     #458 chat/completions (stream): 256 tokens generated at
                       142.6 T/s · prompt 814 tokens, none cached, 814 new in
                       0.27 s (3,015 T/s) · first token 0.28 s, total 2.07 s ·
                       draft 169/261 accepted (65%) · max_tokens reached
22:49:45.090 INFO:     #462 chat/completions (stream): 64 prompt tokens ·
                       temperature: 0, greedy (req), max_tokens: 256 (req),
                       min_tokens: 256 (req)
22:49:45.624 INFO:     #459 chat/completions (stream): 256 tokens generated at
                       143.2 T/s · prompt 64 tokens, none cached, 64 new in 0.07
                       s · first token 0.08 s, total 1.86 s · draft 168/264
                       accepted (64%) · max_tokens reached
22:49:45.674 INFO:     #463 chat/completions (stream): 684 prompt tokens ·
                       temperature: 0, greedy (req), max_tokens: 256 (req),
                       min_tokens: 256 (req)
22:49:46.653 INFO:     #461 chat/completions (stream): 256 tokens generated at
                       153.8 T/s · prompt 97 tokens, none cached, 97 new in 0.09
                       s · first token 0.10 s, total 1.76 s · draft 179/231
                       accepted (77%) · max_tokens reached
22:49:46.698 INFO:     #464 chat/completions (stream): 704 prompt tokens ·
                       temperature: 0, greedy (req), max_tokens: 256 (req),
                       min_tokens: 256 (req)
22:49:46.699 INFO:     #460 chat/completions (stream): 256 tokens generated at
                       131.5 T/s · prompt 82 tokens, none cached, 82 new in 0.08
                       s · first token 0.09 s, total 2.03 s · draft 167/267
                       accepted (63%) · max_tokens reached
22:49:47.012 INFO:     #465 chat/completions (stream): 583 prompt tokens ·
                       temperature: 0, greedy (req), max_tokens: 256 (req),
                       min_tokens: 256 (req)
22:49:47.950 INFO:     #462 chat/completions (stream): 256 tokens generated at
                       94.2 T/s · prompt 64 tokens, none cached, 64 new in 0.07
                       s · first token 0.08 s, total 2.79 s · draft 145/333
                       accepted (44%) · max_tokens reached
22:49:47.999 INFO:     #467 chat/completions (stream): 255 prompt tokens ·
                       temperature: 0, greedy (req), max_tokens: 256 (req),
                       min_tokens: 256 (req)
22:49:48.319 INFO:     #463 chat/completions (stream): 256 tokens generated at
                       110.5 T/s · prompt 684 tokens, none cached, 684 new in
                       0.26 s (2,631 T/s) · first token 0.27 s, total 2.58 s ·
                       draft 161/285 accepted (56%) · max_tokens reached
22:49:48.368 INFO:     #468 chat/completions (stream): 61 prompt tokens ·
                       temperature: 0, greedy (req), max_tokens: 256 (req),
                       min_tokens: 256 (req)
22:49:49.197 INFO:     #465 chat/completions (stream): 256 tokens generated at
                       140.0 T/s · prompt 583 tokens, none cached, 583 new in
                       0.28 s (2,082 T/s) · first token 0.29 s, total 2.11 s ·
                       draft 164/276 accepted (59%) · max_tokens reached
22:49:49.237 INFO:     #469 chat/completions (stream): 66 prompt tokens ·
                       temperature: 0, greedy (req), max_tokens: 256 (req),
                       min_tokens: 256 (req)
22:49:49.335 INFO:     #464 chat/completions (stream): 256 tokens generated at
                       115.5 T/s · prompt 704 tokens, none cached, 704 new in
                       0.27 s (2,607 T/s) · first token 0.28 s, total 2.49 s ·
                       draft 157/297 accepted (53%) · max_tokens reached
22:49:49.395 INFO:     #470 chat/completions (stream): 479 prompt tokens ·
                       temperature: 0, greedy (req), max_tokens: 256 (req),
                       min_tokens: 256 (req)
22:49:50.469 INFO:     #468 chat/completions (stream): 256 tokens generated at
                       130.1 T/s · prompt 61 tokens, none cached, 61 new in 0.07
                       s · first token 0.08 s, total 2.04 s · draft 164/276
                       accepted (59%) · max_tokens reached
22:49:50.497 INFO:     #467 chat/completions (stream): 256 tokens generated at
                       110.4 T/s · prompt 255 tokens, none cached, 255 new in
                       0.12 s · first token 0.13 s, total 2.45 s · draft 148/324
                       accepted (46%) · max_tokens reached
22:49:50.511 INFO:     #471 chat/completions (stream): 93 prompt tokens ·
                       temperature: 0, greedy (req), max_tokens: 256 (req),
                       min_tokens: 256 (req)
22:49:50.639 INFO:     #472 chat/completions (stream): 743 prompt tokens ·
                       temperature: 0, greedy (req), max_tokens: 256 (req),
                       min_tokens: 256 (req)
22:49:51.347 INFO:     #469 chat/completions (stream): 256 tokens generated at
                       130.4 T/s · prompt 66 tokens, none cached, 66 new in 0.07
                       s · first token 0.08 s, total 2.04 s · draft 179/231
                       accepted (77%) · max_tokens reached
22:49:51.398 INFO:     #473 chat/completions (stream): 82 prompt tokens ·
                       temperature: 0, greedy (req), max_tokens: 256 (req),
                       min_tokens: 256 (req)
22:49:51.872 INFO:     #470 chat/completions (stream): 256 tokens generated at
                       118.7 T/s · prompt 479 tokens, none cached, 479 new in
                       0.25 s (1,916 T/s) · first token 0.26 s, total 2.41 s ·
                       draft 159/291 accepted (55%) · max_tokens reached
22:49:51.923 INFO:     #474 chat/completions (stream): 124 prompt tokens ·
                       temperature: 0, greedy (req), max_tokens: 256 (req),
                       min_tokens: 256 (req)
22:49:52.499 INFO:     #471 chat/completions (stream): 256 tokens generated at
                       140.0 T/s · prompt 93 tokens, none cached, 93 new in 0.09
                       s · first token 0.10 s, total 1.93 s · draft 179/231
                       accepted (77%) · max_tokens reached
22:49:52.547 INFO:     #475 chat/completions (stream): 228 prompt tokens ·
                       temperature: 0, greedy (req), max_tokens: 256 (req),
                       min_tokens: 256 (req)
22:49:52.961 INFO:     #472 chat/completions (stream): 256 tokens generated at
                       129.4 T/s · prompt 743 tokens, none cached, 743 new in
                       0.27 s (2,752 T/s) · first token 0.28 s, total 2.25 s ·
                       draft 162/282 accepted (57%) · max_tokens reached
22:49:53.011 INFO:     #476 chat/completions (stream): 69 prompt tokens ·
                       temperature: 0, greedy (req), max_tokens: 256 (req),
                       min_tokens: 256 (req)
22:49:53.271 INFO:     #473 chat/completions (stream): 256 tokens generated at
                       148.9 T/s · prompt 82 tokens, none cached, 82 new in 0.08
                       s · first token 0.09 s, total 1.80 s · draft 176/240
                       accepted (73%) · max_tokens reached
22:49:53.319 INFO:     #477 chat/completions (stream): 73 prompt tokens ·
                       temperature: 0, greedy (req), max_tokens: 256 (req),
                       min_tokens: 256 (req)
22:49:53.804 INFO:     #474 chat/completions (stream): 256 tokens generated at
                       149.9 T/s · prompt 124 tokens, none cached, 124 new in
                       0.10 s · first token 0.11 s, total 1.81 s · draft 175/243
                       accepted (72%) · max_tokens reached
22:49:53.854 INFO:     #478 chat/completions (stream): 66 prompt tokens ·
                       temperature: 0, greedy (req), max_tokens: 256 (req),
                       min_tokens: 256 (req)
22:49:54.514 INFO:     #475 chat/completions (stream): 256 tokens generated at
                       143.3 T/s · prompt 228 tokens, none cached, 228 new in
                       0.11 s · first token 0.12 s, total 1.90 s · draft 169/261
                       accepted (65%) · max_tokens reached
22:49:54.567 INFO:     #479 chat/completions (stream): 736 prompt tokens ·
                       temperature: 0, greedy (req), max_tokens: 256 (req),
                       min_tokens: 256 (req)
22:49:55.203 INFO:     #476 chat/completions (stream): 256 tokens generated at
                       125.8 T/s · prompt 69 tokens, none cached, 69 new in 0.08
                       s · first token 0.09 s, total 2.12 s · draft 165/273
                       accepted (60%) · max_tokens reached
22:49:55.254 INFO:     #480 chat/completions (stream): 106 prompt tokens ·
                       temperature: 0, greedy (req), max_tokens: 256 (req),
                       min_tokens: 256 (req)
22:49:55.876 INFO:     #477 chat/completions (stream): 256 tokens generated at
                       106.0 T/s · prompt 73 tokens, none cached, 73 new in 0.08
                       s · first token 0.09 s, total 2.50 s · draft 145/333
                       accepted (44%) · max_tokens reached
22:49:55.903 INFO:     #478 chat/completions (stream): 256 tokens generated at
                       133.8 T/s · prompt 66 tokens, none cached, 66 new in 0.08
                       s · first token 0.09 s, total 2.00 s · draft 169/261
                       accepted (65%) · max_tokens reached
22:49:55.918 INFO:     #481 chat/completions (stream): 63 prompt tokens ·
                       temperature: 0, greedy (req), max_tokens: 256 (req),
                       min_tokens: 256 (req)
22:49:56.027 INFO:     #482 chat/completions (stream): 76 prompt tokens ·
                       temperature: 0, greedy (req), max_tokens: 256 (req),
                       min_tokens: 256 (req)
22:49:56.809 INFO:     #479 chat/completions (stream): 256 tokens generated at
                       134.7 T/s · prompt 736 tokens, none cached, 736 new in
                       0.27 s (2,726 T/s) · first token 0.28 s, total 2.18 s ·
                       draft 162/282 accepted (57%) · max_tokens reached
22:49:56.851 INFO:     #483 chat/completions (stream): 833 prompt tokens ·
                       temperature: 0, greedy (req), max_tokens: 256 (req),
                       min_tokens: 256 (req)
22:49:57.057 INFO:     #480 chat/completions (stream): 256 tokens generated at
                       176.1 T/s · prompt 106 tokens, none cached, 106 new in
                       0.09 s · first token 0.10 s, total 1.55 s · draft 181/225
                       accepted (80%) · max_tokens reached
22:49:57.188 INFO:     #484 chat/completions (stream): 61 prompt tokens ·
                       temperature: 0, greedy (req), max_tokens: 256 (req),
                       min_tokens: 256 (req)
22:49:58.001 INFO:     #482 chat/completions (stream): 256 tokens generated at
                       140.3 T/s · prompt 76 tokens, none cached, 76 new in 0.08
                       s · first token 0.09 s, total 1.91 s · draft 171/255
                       accepted (67%) · max_tokens reached
22:49:58.052 INFO:     #485 chat/completions (stream): 85 prompt tokens ·
                       temperature: 0, greedy (req), max_tokens: 256 (req),
                       min_tokens: 256 (req)
22:49:58.461 INFO:     #481 chat/completions (stream): 256 tokens generated at
                       106.7 T/s · prompt 63 tokens, none cached, 63 new in 0.07
                       s · first token 0.08 s, total 2.48 s · draft 148/324
                       accepted (46%) · max_tokens reached
22:49:58.512 INFO:     #486 chat/completions (stream): 100 prompt tokens ·
                       temperature: 0, greedy (req), max_tokens: 256 (req),
                       min_tokens: 256 (req)
22:49:58.957 INFO:     #483 chat/completions (stream): 256 tokens generated at
                       145.6 T/s · prompt 833 tokens, none cached, 833 new in
                       0.28 s (2,975 T/s) · first token 0.29 s, total 2.04 s ·
                       draft 171/255 accepted (67%) · max_tokens reached
22:49:59.007 INFO:     #487 chat/completions (stream): 723 prompt tokens ·
                       temperature: 0, greedy (req), max_tokens: 256 (req),
                       min_tokens: 256 (req)
22:49:59.738 INFO:     #484 chat/completions (stream): 256 tokens generated at
                       106.2 T/s · prompt 61 tokens, none cached, 61 new in 0.07
                       s · first token 0.08 s, total 2.49 s · draft 146/330
                       accepted (44%) · max_tokens reached
22:49:59.786 INFO:     #488 chat/completions (stream): 120 prompt tokens ·
                       temperature: 0, greedy (req), max_tokens: 256 (req),
                       min_tokens: 256 (req)
22:50:00.403 INFO:     #485 chat/completions (stream): 256 tokens generated at
                       116.5 T/s · prompt 85 tokens, none cached, 85 new in 0.08
                       s · first token 0.09 s, total 2.28 s · draft 159/291
                       accepted (55%) · max_tokens reached
22:50:00.453 INFO:     #489 chat/completions (stream): 66 prompt tokens ·
                       temperature: 0, greedy (req), max_tokens: 256 (req),
                       min_tokens: 256 (req)
22:50:00.613 INFO:     #486 chat/completions (stream): 256 tokens generated at
                       132.0 T/s · prompt 100 tokens, none cached, 100 new in
                       0.09 s · first token 0.10 s, total 2.04 s · draft 172/252
                       accepted (68%) · max_tokens reached
22:50:00.661 INFO:     #490 chat/completions (stream): 68 prompt tokens ·
                       temperature: 0, greedy (req), max_tokens: 256 (req),
                       min_tokens: 256 (req)
22:50:01.122 INFO:     #487 chat/completions (stream): 256 tokens generated at
                       147.5 T/s · prompt 723 tokens, none cached, 723 new in
                       0.31 s (2,332 T/s) · first token 0.32 s, total 2.05 s ·
                       draft 171/255 accepted (67%) · max_tokens reached
22:50:01.172 INFO:     #491 chat/completions (stream): 70 prompt tokens ·
                       temperature: 0, greedy (req), max_tokens: 256 (req),
                       min_tokens: 256 (req)
22:50:01.742 INFO:     #488 chat/completions (stream): 256 tokens generated at
                       143.5 T/s · prompt 120 tokens, none cached, 120 new in
                       0.10 s · first token 0.11 s, total 1.89 s · draft 168/264
                       accepted (64%) · max_tokens reached
22:50:01.794 INFO:     #492 chat/completions (stream): 737 prompt tokens ·
                       temperature: 0, greedy (req), max_tokens: 256 (req),
                       min_tokens: 256 (req)
22:50:02.648 INFO:     #490 chat/completions (stream): 256 tokens generated at
                       139.0 T/s · prompt 68 tokens, none cached, 68 new in 0.08
                       s · first token 0.09 s, total 1.93 s · draft 172/252
                       accepted (68%) · max_tokens reached
22:50:02.699 INFO:     #494 chat/completions (stream): 61 prompt tokens ·
                       temperature: 0, greedy (req), max_tokens: 256 (req),
                       min_tokens: 256 (req)
22:50:03.090 INFO:     #489 chat/completions (stream): 256 tokens generated at
                       102.8 T/s · prompt 66 tokens, none cached, 66 new in 0.07
                       s · first token 0.08 s, total 2.57 s · draft 143/339
                       accepted (42%) · max_tokens reached
22:50:03.142 INFO:     #495 chat/completions (stream): 1,015 prompt tokens ·
                       temperature: 0, greedy (req), max_tokens: 256 (req),
                       min_tokens: 256 (req)
22:50:03.590 INFO:     #491 chat/completions (stream): 256 tokens generated at
                       113.3 T/s · prompt 70 tokens, none cached, 70 new in 0.09
                       s · first token 0.10 s, total 2.36 s · draft 166/270
                       accepted (61%) · max_tokens reached
22:50:03.640 INFO:     #496 chat/completions (stream): 62 prompt tokens ·
                       temperature: 0, greedy (req), max_tokens: 256 (req),
                       min_tokens: 256 (req)
22:50:04.172 INFO:     #492 chat/completions (stream): 256 tokens generated at
                       126.2 T/s · prompt 737 tokens, none cached, 737 new in
                       0.28 s (2,632 T/s) · first token 0.29 s, total 2.32 s ·
                       draft 168/264 accepted (64%) · max_tokens reached
22:50:04.230 INFO:     #497 chat/completions (stream): 84 prompt tokens ·
                       temperature: 0, greedy (req), max_tokens: 256 (req),
                       min_tokens: 256 (req)
22:50:04.961 INFO:     #494 chat/completions (stream): 256 tokens generated at
                       120.6 T/s · prompt 61 tokens, none cached, 61 new in 0.07
                       s · first token 0.08 s, total 2.20 s · draft 163/279
                       accepted (58%) · max_tokens reached
22:50:05.011 INFO:     #498 chat/completions (stream): 783 prompt tokens ·
                       temperature: 0, greedy (req), max_tokens: 256 (req),
                       min_tokens: 256 (req)
22:50:05.499 INFO:     #495 chat/completions (stream): 256 tokens generated at
                       131.3 T/s · prompt 1,015 tokens, none cached, 1,015 new
                       in 0.34 s (2,985 T/s) · first token 0.35 s, total 2.29 s
                       · draft 166/270 accepted (61%) · max_tokens reached
22:50:05.550 INFO:     #499 chat/completions (stream): 766 prompt tokens ·
                       temperature: 0, greedy (req), max_tokens: 256 (req),
                       min_tokens: 256 (req)
22:50:06.223 INFO:     #497 chat/completions (stream): 256 tokens generated at
                       139.3 T/s · prompt 84 tokens, none cached, 84 new in 0.08
                       s · first token 0.09 s, total 1.92 s · draft 178/234
                       accepted (76%) · max_tokens reached
22:50:06.269 INFO:     #500 chat/completions (stream): 1,490 prompt tokens ·
                       temperature: 0, greedy (req), max_tokens: 256 (req),
                       min_tokens: 256 (req)
22:50:06.674 INFO:     #496 chat/completions (stream): 256 tokens generated at
                       101.6 T/s · prompt 62 tokens, none cached, 62 new in 0.07
                       s · first token 0.08 s, total 2.60 s · draft 144/336
                       accepted (43%) · max_tokens reached
22:50:06.724 INFO:     #501 chat/completions (stream): 61 prompt tokens ·
                       temperature: 0, greedy (req), max_tokens: 256 (req),
                       min_tokens: 256 (req)
22:50:07.448 INFO:     #498 chat/completions (stream): 256 tokens generated at
                       119.5 T/s · prompt 783 tokens, none cached, 783 new in
                       0.22 s (3,559 T/s) · first token 0.23 s, total 2.37 s ·
                       draft 175/243 accepted (72%) · max_tokens reached
22:50:07.498 INFO:     #502 chat/completions (stream): 65 prompt tokens ·
                       temperature: 0, greedy (req), max_tokens: 256 (req),
                       min_tokens: 256 (req)
22:50:08.031 INFO:     #499 chat/completions (stream): 256 tokens generated at
                       120.4 T/s · prompt 766 tokens, none cached, 766 new in
                       0.28 s (2,736 T/s) · first token 0.29 s, total 2.41 s ·
                       draft 165/273 accepted (60%) · max_tokens reached
22:50:08.081 INFO:     #503 chat/completions (stream): 89 prompt tokens ·
                       temperature: 0, greedy (req), max_tokens: 256 (req),
                       min_tokens: 256 (req)
22:50:08.486 INFO:     #500 chat/completions (stream): 256 tokens generated at
                       145.3 T/s · prompt 1,490 tokens, none cached, 1,490 new
                       in 0.38 s (3,921 T/s) · first token 0.39 s, total 2.15 s
                       · draft 171/255 accepted (67%) · max_tokens reached
22:50:08.537 INFO:     #504 chat/completions (stream): 90 prompt tokens ·
                       temperature: 0, greedy (req), max_tokens: 256 (req),
                       min_tokens: 256 (req)
22:50:08.853 INFO:     #501 chat/completions (stream): 256 tokens generated at
                       128.7 T/s · prompt 61 tokens, none cached, 61 new in 0.07
                       s · first token 0.08 s, total 2.07 s · draft 159/291
                       accepted (55%) · max_tokens reached
22:50:08.905 INFO:     #505 chat/completions (stream): 875 prompt tokens ·
                       temperature: 0, greedy (req), max_tokens: 256 (req),
                       min_tokens: 256 (req)
22:50:09.677 INFO:     #502 chat/completions (stream): 256 tokens generated at
                       125.8 T/s · prompt 65 tokens, none cached, 65 new in 0.07
                       s · first token 0.08 s, total 2.11 s · draft 167/267
                       accepted (63%) · max_tokens reached
22:50:09.730 INFO:     #506 chat/completions (stream): 749 prompt tokens ·
                       temperature: 0, greedy (req), max_tokens: 256 (req),
                       min_tokens: 256 (req)
22:50:10.460 INFO:     #503 chat/completions (stream): 256 tokens generated at
                       115.2 T/s · prompt 89 tokens, none cached, 89 new in 0.09
                       s · first token 0.10 s, total 2.32 s · draft 167/267
                       accepted (63%) · max_tokens reached
22:50:10.511 INFO:     #507 chat/completions (stream): 94 prompt tokens ·
                       temperature: 0, greedy (req), max_tokens: 256 (req),
                       min_tokens: 256 (req)
22:50:11.020 INFO:     #504 chat/completions (stream): 256 tokens generated at
                       110.0 T/s · prompt 90 tokens, none cached, 90 new in 0.08
                       s · first token 0.09 s, total 2.41 s · draft 160/288
                       accepted (56%) · max_tokens reached
22:50:11.071 INFO:     #508 chat/completions (stream): 1,065 prompt tokens ·
                       temperature: 0, greedy (req), max_tokens: 256 (req),
                       min_tokens: 256 (req)
22:50:11.578 INFO:     #505 chat/completions (stream): 256 tokens generated at
                       110.9 T/s · prompt 875 tokens, none cached, 875 new in
                       0.29 s (3,017 T/s) · first token 0.30 s, total 2.60 s ·
                       draft 161/285 accepted (56%) · max_tokens reached
22:50:11.631 INFO:     #509 chat/completions (stream): 761 prompt tokens ·
                       temperature: 0, greedy (req), max_tokens: 256 (req),
                       min_tokens: 256 (req)
22:50:12.113 INFO:     #506 chat/completions (stream): 256 tokens generated at
                       125.5 T/s · prompt 749 tokens, none cached, 749 new in
                       0.27 s (2,774 T/s) · first token 0.28 s, total 2.32 s ·
                       draft 177/237 accepted (75%) · max_tokens reached
22:50:12.564 INFO:     #507 chat/completions (stream): 256 tokens generated at
                       134.4 T/s · prompt 94 tokens, none cached, 94 new in 0.09
                       s · first token 0.10 s, total 2.00 s · draft 176/240
                       accepted (73%) · max_tokens reached
22:50:12.970 INFO:     #508 chat/completions (stream): 256 tokens generated at
                       164.3 T/s · prompt 1,065 tokens, none cached, 1,065 new
                       in 0.29 s (3,672 T/s) · first token 0.30 s, total 1.85 s
                       · draft 171/255 accepted (67%) · max_tokens reached
22:50:13.103 INFO:     #509 chat/completions (stream): 256 tokens generated at
                       217.8 T/s · prompt 761 tokens, none cached, 761 new in
                       0.28 s (2,718 T/s) · first token 0.29 s, total 1.46 s ·
                       draft 170/258 accepted (66%) · max_tokens reached
