21:41:47.661 INFO:     Sampler preset "qwen38_thinking": temperature 0.6, top_k
                       20, top_p 0.95
21:41:47.698 INFO:     exllamav3 version: 1.5.0
21:41:49.017 INFO:     Using main model MTP component for drafting
21:41:49.037 INFO:     Context: max_seq_len 262,144 tokens (configured),
                       cache_size 983,040 tokens
21:41:49.088 INFO:     Using tool format: qwen3_coder
21:41:49.089 INFO:     Using template "chat_template" for chat completions.
21:41:51.201 INFO:     Loading model
                       /models/qwen3.8-flash-next-exl3-2.50bpw-r0b0tlab (manual
                       GPU split)
Loading vision modules ━━━━━━━━━━━━━━━━━━━━━━━━━━━━━━━━━━━━━━ 100% 30/30 0:00:00
Loading draft modules  ━━━━━━━━━━━━━━━━━━━━━━━━━━━━━━━━━━━━━━ 100% 3/3   0:00:00
Loading model modules  ━━━━━━━━━━━━━━━━━━━━━━━━━━━━━━━━━━━━━━ 100% 53/53 0:00:00
EXL3_EMBED_GPU_PRUNED=1: embedding mirror 65536 of 248320 rows (320.0 MiB, prefix) on cuda:1
21:41:58.538 INFO:     Model loaded in 9.4 s

21:41:58.539 WARNING:  Disabling authentication makes your instance vulnerable.
                       Set the `disable_auth` flag to False in config.yml if you
                       want to share this instance with others.
21:41:58.539 WARNING:  With authentication disabled and `allowed_origins` left
                       at ["*"], any website open in a browser on this machine
                       can send requests to this instance and read the
                       responses, including admin endpoints. Set
                       `network.allowed_origins` to your own frontends (or [])
                       unless you use a browser-based frontend that needs it.
21:41:58.539 INFO:     Serving OAI API on http://0.0.0.0:8022 (docs at
                       http://0.0.0.0:8022/redoc)
21:42:00.462 INFO:     #3 completions: 3 prompt tokens · temperature: 0, greedy
                       (req), max_tokens: 16 (req)
densegemm lcguard: device 1: dense calls on the QSA side branch use the side scratch (hctr upper half, side slots)
densegemm lcguard: device 0: dense calls on the QSA side branch use the side scratch (hctr upper half, side slots)
21:42:00.848 INFO:     #3 completions: 16 tokens generated at 113.0 T/s · prompt
                       3 tokens, none cached, 3 new in 0.23 s · first token 0.24
                       s, total 0.38 s · draft 8/24 accepted (33%) · max_tokens
                       reached
21:42:01.071 INFO:     #5 chat/completions: 74 prompt tokens · temperature: 0,
                       greedy (req), max_tokens: 64 (req), min_tokens: 64 (req)
21:42:01.072 INFO:     #6 chat/completions: 74 prompt tokens · temperature: 0,
                       greedy (req), max_tokens: 64 (req), min_tokens: 64 (req)
21:42:01.289 INFO:     #7 chat/completions: 74 prompt tokens · temperature: 0,
                       greedy (req), max_tokens: 64 (req), min_tokens: 64 (req)
21:42:01.394 INFO:     #8 chat/completions: 74 prompt tokens · temperature: 0,
                       greedy (req), max_tokens: 64 (req), min_tokens: 64 (req)
21:42:01.498 INFO:     #9 chat/completions: 74 prompt tokens · temperature: 0,
                       greedy (req), max_tokens: 64 (req), min_tokens: 64 (req)
21:42:01.602 INFO:     #10 chat/completions: 74 prompt tokens · temperature: 0,
                       greedy (req), max_tokens: 64 (req), min_tokens: 64 (req)
21:42:01.707 INFO:     #11 chat/completions: 74 prompt tokens · temperature: 0,
                       greedy (req), max_tokens: 64 (req), min_tokens: 64 (req)
21:42:01.813 INFO:     #12 chat/completions: 74 prompt tokens · temperature: 0,
                       greedy (req), max_tokens: 64 (req), min_tokens: 64 (req)
21:42:02.375 INFO:     #5 chat/completions: 64 tokens generated at 63.4 T/s ·
                       prompt 74 tokens, none cached, 74 new in 0.19 s · first
                       token 0.20 s, total 1.21 s · draft 39/53 accepted (74%) ·
                       max_tokens reached
21:42:02.375 INFO:     #6 chat/completions: 64 tokens generated at 63.4 T/s ·
                       prompt 74 tokens, none cached, 74 new in 0.08 s · queued
                       0.12 s, first token 0.20 s, total 1.21 s · draft 39/53
                       accepted (74%) · max_tokens reached
21:42:02.394 INFO:     #8 chat/completions: 64 tokens generated at 77.2 T/s ·
                       prompt 74 tokens, none cached, 74 new in 0.08 s · first
                       token 0.09 s, total 0.91 s · draft 40/49 accepted (82%) ·
                       max_tokens reached
21:42:02.405 INFO:     #7 chat/completions: 64 tokens generated at 67.1 T/s ·
                       prompt 74 tokens, none cached, 74 new in 0.08 s · first
                       token 0.09 s, total 1.04 s · draft 38/54 accepted (70%) ·
                       max_tokens reached
21:42:02.406 INFO:     #10 chat/completions: 64 tokens generated at 95.9 T/s ·
                       prompt 74 tokens, none cached, 74 new in 0.08 s · first
                       token 0.09 s, total 0.75 s · draft 40/49 accepted (82%) ·
                       max_tokens reached
21:42:02.407 INFO:     #9 chat/completions: 64 tokens generated at 81.0 T/s ·
                       prompt 74 tokens, none cached, 74 new in 0.08 s · first
                       token 0.09 s, total 0.88 s · draft 38/54 accepted (70%) ·
                       max_tokens reached
21:42:02.407 INFO:     #12 chat/completions: 64 tokens generated at 129.1 T/s ·
                       prompt 74 tokens, none cached, 74 new in 0.08 s · first
                       token 0.09 s, total 0.58 s · draft 40/51 accepted (78%) ·
                       max_tokens reached
21:42:02.408 INFO:     #11 chat/completions: 64 tokens generated at 104.5 T/s ·
                       prompt 74 tokens, none cached, 74 new in 0.08 s · first
                       token 0.09 s, total 0.70 s · draft 38/56 accepted (68%) ·
                       max_tokens reached
21:42:15.412 INFO:     #16 chat/completions (stream): 737 prompt tokens ·
                       temperature: 0, greedy (req), max_tokens: 49 (req),
                       min_tokens: 49 (req)
21:42:15.638 INFO:     #17 chat/completions (stream): 927 prompt tokens ·
                       temperature: 0, greedy (req), max_tokens: 165 (req),
                       min_tokens: 165 (req)
21:42:16.001 INFO:     #18 chat/completions (stream): 218 prompt tokens ·
                       temperature: 0, greedy (req), max_tokens: 783 (req),
                       min_tokens: 783 (req)
21:42:16.244 INFO:     #19 chat/completions (stream): 133 prompt tokens ·
                       temperature: 0, greedy (req), max_tokens: 188 (req),
                       min_tokens: 188 (req)
21:42:16.377 INFO:     #20 chat/completions (stream): 291 prompt tokens ·
                       temperature: 0, greedy (req), max_tokens: 400 (req),
                       min_tokens: 400 (req)
21:42:16.543 INFO:     #21 chat/completions (stream): 343 prompt tokens ·
                       temperature: 0, greedy (req), max_tokens: 41 (req),
                       min_tokens: 41 (req)
21:42:16.763 INFO:     #22 chat/completions (stream): 234 prompt tokens ·
                       temperature: 0, greedy (req), max_tokens: 536 (req),
                       min_tokens: 536 (req)
21:42:16.996 INFO:     #23 chat/completions (stream): 57 prompt tokens ·
                       temperature: 0, greedy (req), max_tokens: 275 (req),
                       min_tokens: 275 (req)
21:42:17.456 INFO:     #16 chat/completions (stream): 49 tokens generated at
                       35.6 T/s · prompt 737 tokens, none cached, 737 new in
                       0.57 s (1,293 T/s) · first token 0.58 s, total 1.96 s ·
                       draft 30/42 accepted (71%) · max_tokens reached
21:42:17.523 INFO:     #25 chat/completions (stream): 75 prompt tokens ·
                       temperature: 0, greedy (req), max_tokens: 234 (req),
                       min_tokens: 234 (req)
21:42:17.674 INFO:     #21 chat/completions (stream): 41 tokens generated at
                       77.2 T/s · prompt 343 tokens, none cached, 343 new in
                       0.36 s (953 T/s) · first token 0.43 s, total 0.96 s ·
                       draft 21/40 accepted (52%) · max_tokens reached
21:42:17.745 INFO:     #26 chat/completions (stream): 256 prompt tokens ·
                       temperature: 0, greedy (req), max_tokens: 85 (req),
                       min_tokens: 85 (req)
21:42:18.726 INFO:     #26 chat/completions (stream): 85 tokens generated at
                       111.2 T/s · prompt 256 tokens, none cached, 256 new in
                       0.12 s (2,133 T/s) · first token 0.13 s, total 0.89 s ·
                       draft 54/62 accepted (87%) · max_tokens reached
21:42:18.791 INFO:     #27 chat/completions (stream): 292 prompt tokens ·
                       temperature: 0, greedy (req), max_tokens: 46 (req),
                       min_tokens: 46 (req)
21:42:18.946 INFO:     #17 chat/completions (stream): 165 tokens generated at
                       66.1 T/s · prompt 927 tokens, none cached, 927 new in
                       0.46 s (2,015 T/s) · queued 0.13 s, first token 0.59 s,
                       total 3.09 s · draft 99/135 accepted (73%) · max_tokens
                       reached
21:42:19.074 INFO:     #28 chat/completions (stream): 68 prompt tokens ·
                       temperature: 0, greedy (req), max_tokens: 335 (req),
                       min_tokens: 335 (req)
21:42:19.352 INFO:     #19 chat/completions (stream): 188 tokens generated at
                       64.9 T/s · prompt 133 tokens, none cached, 133 new in
                       0.11 s · first token 0.12 s, total 3.01 s · draft 112/154
                       accepted (73%) · max_tokens reached
21:42:19.438 INFO:     #29 chat/completions (stream): 183 prompt tokens ·
                       temperature: 0, greedy (req), max_tokens: 818 (req),
                       min_tokens: 818 (req)
21:42:19.780 INFO:     #27 chat/completions (stream): 46 tokens generated at
                       67.5 T/s · prompt 292 tokens, none cached, 292 new in
                       0.21 s (1,390 T/s) · first token 0.22 s, total 0.90 s ·
                       draft 26/40 accepted (65%) · max_tokens reached
21:42:19.853 INFO:     #30 chat/completions (stream): 608 prompt tokens ·
                       temperature: 0, greedy (req), max_tokens: 12 (req),
                       min_tokens: 12 (req)
21:42:20.331 INFO:     #30 chat/completions (stream): 12 tokens generated at
                       103.9 T/s · prompt 608 tokens, none cached, 608 new in
                       0.26 s (2,338 T/s) · first token 0.27 s, total 0.38 s ·
                       draft 8/8 accepted (100%) · max_tokens reached
21:42:20.403 INFO:     #31 chat/completions (stream): 423 prompt tokens ·
                       temperature: 0, greedy (req), max_tokens: 72 (req),
                       min_tokens: 72 (req)
21:42:20.937 INFO:     #23 chat/completions (stream): 275 tokens generated at
                       72.7 T/s · prompt 57 tokens, none cached, 57 new in 0.07
                       s · first token 0.08 s, total 3.86 s · draft 162/226
                       accepted (72%) · max_tokens reached
21:42:20.938 INFO:     #25 chat/completions (stream): 234 tokens generated at
                       72.1 T/s · prompt 75 tokens, none cached, 75 new in 0.08
                       s · first token 0.09 s, total 3.33 s · draft 141/186
                       accepted (76%) · max_tokens reached
21:42:21.005 INFO:     #32 chat/completions (stream): 414 prompt tokens ·
                       temperature: 0, greedy (req), max_tokens: 8 (req),
                       min_tokens: 8 (req)
21:42:21.006 INFO:     #33 chat/completions (stream): 69 prompt tokens ·
                       temperature: 0, greedy (req), max_tokens: 58 (req),
                       min_tokens: 58 (req)
21:42:21.506 INFO:     #32 chat/completions (stream): 8 tokens generated at
                       112.6 T/s · prompt 414 tokens, none cached, 414 new in
                       0.33 s (1,255 T/s) · first token 0.34 s, total 0.41 s ·
                       draft 5/6 accepted (83%) · max_tokens reached
21:42:21.576 INFO:     #34 chat/completions (stream): 352 prompt tokens ·
                       temperature: 0, greedy (req), max_tokens: 38 (req),
                       min_tokens: 38 (req)
21:42:22.088 INFO:     #31 chat/completions (stream): 72 tokens generated at
                       54.0 T/s · prompt 423 tokens, none cached, 423 new in
                       0.25 s (1,692 T/s) · first token 0.26 s, total 1.59 s ·
                       draft 38/68 accepted (56%) · max_tokens reached
21:42:22.157 INFO:     #35 chat/completions (stream): 58 prompt tokens ·
                       temperature: 0, greedy (req), max_tokens: 306 (req),
                       min_tokens: 306 (req)
21:42:22.301 INFO:     #33 chat/completions (stream): 58 tokens generated at
                       63.6 T/s · prompt 69 tokens, none cached, 69 new in 0.08
                       s · queued 0.14 s, first token 0.22 s, total 1.13 s ·
                       draft 33/50 accepted (66%) · max_tokens reached
21:42:22.367 INFO:     #36 chat/completions (stream): 63 prompt tokens ·
                       temperature: 0, greedy (req), max_tokens: 286 (req),
                       min_tokens: 286 (req)
21:42:22.466 INFO:     #34 chat/completions (stream): 38 tokens generated at
                       80.1 T/s · prompt 352 tokens, none cached, 352 new in
                       0.24 s (1,467 T/s) · first token 0.25 s, total 0.72 s ·
                       draft 21/34 accepted (62%) · max_tokens reached
21:42:22.538 INFO:     #37 chat/completions (stream): 498 prompt tokens ·
                       temperature: 0, greedy (req), max_tokens: 30 (req),
                       min_tokens: 30 (req)
21:42:22.880 INFO:     #20 chat/completions (stream): 400 tokens generated at
                       69.1 T/s · prompt 291 tokens, none cached, 291 new in
                       0.36 s (808 T/s) · first token 0.37 s, total 6.16 s ·
                       draft 242/316 accepted (77%) · max_tokens reached
21:42:22.952 INFO:     #38 chat/completions (stream): 235 prompt tokens ·
                       temperature: 0, greedy (req), max_tokens: 47 (req),
                       min_tokens: 47 (req)
21:42:23.330 INFO:     #37 chat/completions (stream): 30 tokens generated at
                       70.3 T/s · prompt 498 tokens, none cached, 498 new in
                       0.27 s (1,844 T/s) · first token 0.28 s, total 0.70 s ·
                       draft 18/24 accepted (75%) · max_tokens reached
21:42:23.402 INFO:     #39 chat/completions (stream): 927 prompt tokens ·
                       temperature: 0, greedy (req), max_tokens: 333 (req),
                       min_tokens: 333 (req)
21:42:24.039 INFO:     #38 chat/completions (stream): 47 tokens generated at
                       53.5 T/s · prompt 235 tokens, none cached, 235 new in
                       0.11 s · first token 0.12 s, total 0.99 s · draft 24/46
                       accepted (52%) · max_tokens reached
21:42:24.109 INFO:     #40 chat/completions (stream): 303 prompt tokens ·
                       temperature: 0, greedy (req), max_tokens: 89 (req),
                       min_tokens: 89 (req)
21:42:25.150 INFO:     #28 chat/completions (stream): 335 tokens generated at
                       56.8 T/s · prompt 68 tokens, none cached, 68 new in 0.08
                       s · first token 0.09 s, total 5.98 s · draft 180/310
                       accepted (58%) · max_tokens reached
21:42:25.233 INFO:     #41 chat/completions (stream): 413 prompt tokens ·
                       temperature: 0, greedy (req), max_tokens: 8 (req),
                       min_tokens: 8 (req)
21:42:25.566 INFO:     #40 chat/completions (stream): 89 tokens generated at
                       84.5 T/s · prompt 303 tokens, none cached, 303 new in
                       0.22 s (1,377 T/s) · first token 0.23 s, total 1.28 s ·
                       draft 52/74 accepted (70%) · max_tokens reached
21:42:25.587 INFO:     #22 chat/completions (stream): 536 tokens generated at
                       62.8 T/s · prompt 234 tokens, none cached, 234 new in
                       0.11 s · first token 0.20 s, total 8.74 s · draft 303/466
                       accepted (65%) · max_tokens reached
21:42:25.625 INFO:     #42 chat/completions (stream): 206 prompt tokens ·
                       temperature: 0, greedy (req), max_tokens: 271 (req),
                       min_tokens: 271 (req)
21:42:25.626 INFO:     #41 chat/completions (stream): 8 tokens generated at
                       121.9 T/s · prompt 413 tokens, none cached, 413 new in
                       0.24 s (1,721 T/s) · first token 0.25 s, total 0.31 s ·
                       draft 5/6 accepted (83%) · max_tokens reached
21:42:25.765 INFO:     #43 chat/completions (stream): 180 prompt tokens ·
                       temperature: 0, greedy (req), max_tokens: 20 (req),
                       min_tokens: 20 (req)
21:42:25.917 INFO:     #44 chat/completions (stream): 509 prompt tokens ·
                       temperature: 0, greedy (req), max_tokens: 22 (req),
                       min_tokens: 22 (req)
21:42:26.382 INFO:     #43 chat/completions (stream): 20 tokens generated at
                       47.8 T/s · prompt 180 tokens, none cached, 180 new in
                       0.10 s · first token 0.11 s, total 0.53 s · draft 13/14
                       accepted (93%) · max_tokens reached
21:42:26.449 INFO:     #45 chat/completions (stream): 330 prompt tokens ·
                       temperature: 0, greedy (req), max_tokens: 19 (req),
                       min_tokens: 19 (req)
21:42:26.606 INFO:     #44 chat/completions (stream): 22 tokens generated at
                       118.5 T/s · prompt 509 tokens, none cached, 509 new in
                       0.27 s (1,885 T/s) · first token 0.28 s, total 0.46 s ·
                       draft 14/16 accepted (88%) · max_tokens reached
21:42:26.757 INFO:     #46 chat/completions (stream): 386 prompt tokens ·
                       temperature: 0, greedy (req), max_tokens: 26 (req),
                       min_tokens: 26 (req)
21:42:27.209 INFO:     #45 chat/completions (stream): 19 tokens generated at
                       44.5 T/s · prompt 330 tokens, none cached, 330 new in
                       0.23 s (1,435 T/s) · first token 0.24 s, total 0.66 s ·
                       draft 11/16 accepted (69%) · max_tokens reached
21:42:27.281 INFO:     #47 chat/completions (stream): 100 prompt tokens ·
                       temperature: 0, greedy (req), max_tokens: 136 (req),
                       min_tokens: 136 (req)
21:42:27.467 INFO:     #46 chat/completions (stream): 26 tokens generated at
                       100.5 T/s · prompt 386 tokens, none cached, 386 new in
                       0.26 s (1,485 T/s) · first token 0.27 s, total 0.52 s ·
                       draft 15/22 accepted (68%) · max_tokens reached
21:42:27.532 INFO:     #48 chat/completions (stream): 76 prompt tokens ·
                       temperature: 0, greedy (req), max_tokens: 401 (req),
                       min_tokens: 401 (req)
21:42:27.533 INFO:     #36 chat/completions (stream): 286 tokens generated at
                       57.2 T/s · prompt 63 tokens, none cached, 63 new in 0.07
                       s · first token 0.08 s, total 5.08 s · draft 166/240
                       accepted (69%) · max_tokens reached
21:42:27.688 INFO:     #49 chat/completions (stream): 62 prompt tokens ·
                       temperature: 0, greedy (req), max_tokens: 155 (req),
                       min_tokens: 155 (req)
21:42:27.903 INFO:     #35 chat/completions (stream): 306 tokens generated at
                       54.9 T/s · prompt 58 tokens, none cached, 58 new in 0.07
                       s · first token 0.08 s, total 5.65 s · draft 171/270
                       accepted (63%) · max_tokens reached
21:42:27.973 INFO:     #50 chat/completions (stream): 73 prompt tokens ·
                       temperature: 0, greedy (req), max_tokens: 222 (req),
                       min_tokens: 222 (req)
21:42:28.969 INFO:     #18 chat/completions (stream): 783 tokens generated at
                       61.9 T/s · prompt 218 tokens, none cached, 218 new in
                       0.11 s · queued 0.12 s, first token 0.23 s, total 12.9 s
                       · draft 457/655 accepted (70%) · max_tokens reached
21:42:29.037 INFO:     #51 chat/completions (stream): 194 prompt tokens ·
                       temperature: 0, greedy (req), max_tokens: 201 (req),
                       min_tokens: 201 (req)
21:42:29.038 INFO:     #47 chat/completions (stream): 136 tokens generated at
                       86.7 T/s · prompt 100 tokens, none cached, 100 new in
                       0.09 s · first token 0.10 s, total 1.66 s · draft 81/110
                       accepted (74%) · max_tokens reached
21:42:29.234 INFO:     #52 chat/completions (stream): 656 prompt tokens ·
                       temperature: 0, greedy (req), max_tokens: 595 (req),
                       min_tokens: 595 (req)
21:42:29.577 INFO:     #39 chat/completions (stream): 333 tokens generated at
                       60.8 T/s · prompt 927 tokens, none cached, 927 new in
                       0.33 s (2,809 T/s) · first token 0.34 s, total 5.81 s ·
                       draft 180/306 accepted (59%) · max_tokens reached
21:42:29.649 INFO:     #53 chat/completions (stream): 73 prompt tokens ·
                       temperature: 0, greedy (req), max_tokens: 664 (req),
                       min_tokens: 664 (req)
21:42:30.088 INFO:     #42 chat/completions (stream): 271 tokens generated at
                       63.6 T/s · prompt 206 tokens, none cached, 206 new in
                       0.11 s · first token 0.12 s, total 4.37 s · draft 161/220
                       accepted (73%) · max_tokens reached
21:42:30.111 INFO:     #49 chat/completions (stream): 155 tokens generated at
                       68.5 T/s · prompt 62 tokens, none cached, 62 new in 0.07
                       s · first token 0.07 s, total 2.34 s · draft 85/140
                       accepted (61%) · max_tokens reached
21:42:30.156 INFO:     #54 chat/completions (stream): 85 prompt tokens ·
                       temperature: 0, greedy (req), max_tokens: 50 (req),
                       min_tokens: 50 (req)
21:42:30.275 INFO:     #55 chat/completions (stream): 75 prompt tokens ·
                       temperature: 0, greedy (req), max_tokens: 202 (req),
                       min_tokens: 202 (req)
21:42:30.836 INFO:     #54 chat/completions (stream): 50 tokens generated at
                       101.5 T/s · prompt 85 tokens, none cached, 85 new in 0.09
                       s · first token 0.10 s, total 0.59 s · draft 33/34
                       accepted (97%) · max_tokens reached
21:42:30.907 INFO:     #56 chat/completions (stream): 87 prompt tokens ·
                       temperature: 0, greedy (req), max_tokens: 683 (req),
                       min_tokens: 683 (req)
21:42:31.331 INFO:     #50 chat/completions (stream): 222 tokens generated at
                       69.8 T/s · prompt 73 tokens, none cached, 73 new in 0.08
                       s · first token 0.09 s, total 3.27 s · draft 122/200
                       accepted (61%) · max_tokens reached
21:42:31.406 INFO:     #57 chat/completions (stream): 796 prompt tokens ·
                       temperature: 0, greedy (req), max_tokens: 13 (req),
                       min_tokens: 13 (req)
21:42:31.859 INFO:     #57 chat/completions (stream): 13 tokens generated at
                       105.2 T/s · prompt 796 tokens, none cached, 796 new in
                       0.23 s (3,461 T/s) · first token 0.24 s, total 0.36 s ·
                       draft 8/10 accepted (80%) · max_tokens reached
21:42:31.927 INFO:     #58 chat/completions (stream): 349 prompt tokens ·
                       temperature: 0, greedy (req), max_tokens: 70 (req),
                       min_tokens: 70 (req)
21:42:32.215 INFO:     #51 chat/completions (stream): 201 tokens generated at
                       73.6 T/s · prompt 194 tokens, none cached, 194 new in
                       0.10 s · first token 0.11 s, total 2.84 s · draft 123/156
                       accepted (79%) · max_tokens reached
21:42:32.287 INFO:     #59 chat/completions (stream): 345 prompt tokens ·
                       temperature: 0, greedy (req), max_tokens: 18 (req),
                       min_tokens: 18 (req)
21:42:32.821 INFO:     #59 chat/completions (stream): 18 tokens generated at
                       93.0 T/s · prompt 345 tokens, none cached, 345 new in
                       0.24 s (1,438 T/s) · first token 0.25 s, total 0.44 s ·
                       draft 10/16 accepted (62%) · max_tokens reached
21:42:32.894 INFO:     #61 chat/completions (stream): 353 prompt tokens ·
                       temperature: 0, greedy (req), max_tokens: 52 (req),
                       min_tokens: 52 (req)
21:42:33.490 INFO:     #29 chat/completions (stream): 818 tokens generated at
                       59.0 T/s · prompt 183 tokens, none cached, 183 new in
                       0.10 s · first token 0.11 s, total 14.0 s · draft 457/722
                       accepted (63%) · max_tokens reached
21:42:33.491 INFO:     #58 chat/completions (stream): 70 tokens generated at
                       56.8 T/s · prompt 349 tokens, none cached, 349 new in
                       0.24 s (1,454 T/s) · first token 0.25 s, total 1.48 s ·
                       draft 39/62 accepted (63%) · max_tokens reached
21:42:33.558 INFO:     #62 chat/completions (stream): 786 prompt tokens ·
                       temperature: 0, greedy (req), max_tokens: 792 (req),
                       min_tokens: 792 (req)
21:42:33.559 INFO:     #63 chat/completions (stream): 75 prompt tokens ·
                       temperature: 0, greedy (req), max_tokens: 218 (req),
                       min_tokens: 218 (req)
21:42:33.950 INFO:     #55 chat/completions (stream): 202 tokens generated at
                       63.1 T/s · prompt 75 tokens, none cached, 75 new in 0.08
                       s · first token 0.09 s, total 3.28 s · draft 111/182
                       accepted (61%) · max_tokens reached
21:42:34.004 INFO:     #64 chat/completions (stream): 95 prompt tokens ·
                       temperature: 0, greedy (req), max_tokens: 25 (req),
                       min_tokens: 25 (req)
21:42:34.005 INFO:     #48 chat/completions (stream): 401 tokens generated at
                       63.5 T/s · prompt 76 tokens, none cached, 76 new in 0.08
                       s · first token 0.09 s, total 6.40 s · draft 227/348
                       accepted (65%) · max_tokens reached
21:42:34.006 INFO:     #61 chat/completions (stream): 52 tokens generated at
                       66.8 T/s · prompt 353 tokens, none cached, 353 new in
                       0.25 s (1,412 T/s) · first token 0.26 s, total 1.03 s ·
                       draft 32/40 accepted (80%) · max_tokens reached
21:42:34.161 INFO:     #65 chat/completions (stream): 238 prompt tokens ·
                       temperature: 0, greedy (req), max_tokens: 23 (req),
                       min_tokens: 23 (req)
21:42:34.162 INFO:     #66 chat/completions (stream): 477 prompt tokens ·
                       temperature: 0, greedy (req), max_tokens: 7 (req),
                       min_tokens: 7 (req)
21:42:34.721 INFO:     #66 chat/completions (stream): 7 tokens generated at
                       100.6 T/s · prompt 477 tokens, none cached, 477 new in
                       0.26 s (1,835 T/s) · queued 0.14 s, first token 0.40 s,
                       total 0.47 s · draft 4/6 accepted (67%) · max_tokens
                       reached
21:42:34.760 INFO:     #64 chat/completions (stream): 25 tokens generated at
                       42.9 T/s · prompt 95 tokens, none cached, 95 new in 0.09
                       s · first token 0.10 s, total 0.68 s · draft 16/18
                       accepted (89%) · max_tokens reached
21:42:34.778 INFO:     #67 chat/completions (stream): 62 prompt tokens ·
                       temperature: 0, greedy (req), max_tokens: 408 (req),
                       min_tokens: 408 (req)
21:42:34.876 INFO:     #65 chat/completions (stream): 23 tokens generated at
                       80.2 T/s · prompt 238 tokens, none cached, 238 new in
                       0.26 s · first token 0.27 s, total 0.56 s · draft 15/16
                       accepted (94%) · max_tokens reached
21:42:34.897 INFO:     #68 chat/completions (stream): 507 prompt tokens ·
                       temperature: 0, greedy (req), max_tokens: 8 (req),
                       min_tokens: 8 (req)
21:42:35.207 INFO:     #69 chat/completions (stream): 151 prompt tokens ·
                       temperature: 0, greedy (req), max_tokens: 7 (req),
                       min_tokens: 7 (req)
21:42:35.436 INFO:     #68 chat/completions (stream): 8 tokens generated at 44.4
                       T/s · prompt 507 tokens, none cached, 507 new in 0.27 s
                       (1,878 T/s) · first token 0.28 s, total 0.46 s · draft
                       5/6 accepted (83%) · max_tokens reached
21:42:35.459 INFO:     #69 chat/completions (stream): 7 tokens generated at
                       101.8 T/s · prompt 151 tokens, none cached, 151 new in
                       0.09 s · first token 0.10 s, total 0.16 s · draft 4/6
                       accepted (67%) · max_tokens reached
21:42:35.503 INFO:     #70 chat/completions (stream): 92 prompt tokens ·
                       temperature: 0, greedy (req), max_tokens: 171 (req),
                       min_tokens: 171 (req)
21:42:35.618 INFO:     #71 chat/completions (stream): 534 prompt tokens ·
                       temperature: 0, greedy (req), max_tokens: 59 (req),
                       min_tokens: 59 (req)
21:42:36.515 INFO:     #71 chat/completions (stream): 59 tokens generated at
                       98.0 T/s · prompt 534 tokens, none cached, 534 new in
                       0.20 s (2,670 T/s) · first token 0.21 s, total 0.81 s ·
                       draft 34/50 accepted (68%) · max_tokens reached
21:42:36.585 INFO:     #72 chat/completions (stream): 63 prompt tokens ·
                       temperature: 0, greedy (req), max_tokens: 327 (req),
                       min_tokens: 327 (req)
21:42:37.091 INFO:     #63 chat/completions (stream): 218 tokens generated at
                       69.1 T/s · prompt 75 tokens, none cached, 75 new in 0.08
                       s · queued 0.21 s, first token 0.29 s, total 3.44 s ·
                       draft 136/164 accepted (83%) · max_tokens reached
21:42:37.161 INFO:     #73 chat/completions (stream): 58 prompt tokens ·
                       temperature: 0, greedy (req), max_tokens: 312 (req),
                       min_tokens: 312 (req)
21:42:37.514 INFO:     #52 chat/completions (stream): 595 tokens generated at
                       75.4 T/s · prompt 656 tokens, none cached, 656 new in
                       0.29 s (2,262 T/s) · first token 0.30 s, total 8.18 s ·
                       draft 384/422 accepted (91%) · max_tokens reached
21:42:37.583 INFO:     #74 chat/completions (stream): 253 prompt tokens ·
                       temperature: 0, greedy (req), max_tokens: 227 (req),
                       min_tokens: 227 (req)
21:42:38.038 INFO:     #70 chat/completions (stream): 171 tokens generated at
                       72.7 T/s · prompt 92 tokens, none cached, 92 new in 0.09
                       s · first token 0.10 s, total 2.45 s · draft 92/158
                       accepted (58%) · max_tokens reached
21:42:38.111 INFO:     #75 chat/completions (stream): 328 prompt tokens ·
                       temperature: 0, greedy (req), max_tokens: 161 (req),
                       min_tokens: 161 (req)
21:42:39.544 INFO:     #53 chat/completions (stream): 664 tokens generated at
                       68.3 T/s · prompt 73 tokens, none cached, 73 new in 0.08
                       s · first token 0.09 s, total 9.81 s · draft 388/552
                       accepted (70%) · max_tokens reached
21:42:39.615 INFO:     #76 chat/completions (stream): 62 prompt tokens ·
                       temperature: 0, greedy (req), max_tokens: 158 (req),
                       min_tokens: 158 (req)
21:42:40.373 INFO:     #75 chat/completions (stream): 161 tokens generated at
                       83.4 T/s · prompt 328 tokens, none cached, 328 new in
                       0.23 s (1,426 T/s) · first token 0.24 s, total 2.17 s ·
                       draft 86/150 accepted (57%) · max_tokens reached
21:42:40.441 INFO:     #77 chat/completions (stream): 450 prompt tokens ·
                       temperature: 0, greedy (req), max_tokens: 172 (req),
                       min_tokens: 172 (req)
21:42:40.751 INFO:     #67 chat/completions (stream): 408 tokens generated at
                       73.3 T/s · prompt 62 tokens, none cached, 62 new in 0.07
                       s · first token 0.08 s, total 5.64 s · draft 227/362
                       accepted (63%) · max_tokens reached
21:42:40.796 INFO:     #74 chat/completions (stream): 227 tokens generated at
                       78.5 T/s · prompt 253 tokens, none cached, 253 new in
                       0.12 s · first token 0.13 s, total 3.02 s · draft 126/202
                       accepted (62%) · max_tokens reached
21:42:40.818 INFO:     #78 chat/completions (stream): 840 prompt tokens ·
                       temperature: 0, greedy (req), max_tokens: 16 (req),
                       min_tokens: 16 (req)
21:42:41.154 INFO:     #79 chat/completions (stream): 63 prompt tokens ·
                       temperature: 0, greedy (req), max_tokens: 373 (req),
                       min_tokens: 373 (req)
21:42:41.298 INFO:     #72 chat/completions (stream): 327 tokens generated at
                       74.5 T/s · prompt 63 tokens, none cached, 63 new in 0.07
                       s · first token 0.08 s, total 4.47 s · draft 185/284
                       accepted (65%) · max_tokens reached
21:42:41.367 INFO:     #80 chat/completions (stream): 63 prompt tokens ·
                       temperature: 0, greedy (req), max_tokens: 361 (req),
                       min_tokens: 361 (req)
21:42:41.580 INFO:     #78 chat/completions (stream): 16 tokens generated at
                       44.6 T/s · prompt 840 tokens, none cached, 840 new in
                       0.31 s (2,710 T/s) · first token 0.32 s, total 0.68 s ·
                       draft 7/18 accepted (39%) · max_tokens reached
21:42:41.644 INFO:     #81 chat/completions (stream): 64 prompt tokens ·
                       temperature: 0, greedy (req), max_tokens: 400 (req),
                       min_tokens: 400 (req)
21:42:41.645 INFO:     #73 chat/completions (stream): 312 tokens generated at
                       72.5 T/s · prompt 58 tokens, none cached, 58 new in 0.08
                       s · first token 0.09 s, total 4.39 s · draft 179/266
                       accepted (67%) · max_tokens reached
21:42:41.792 INFO:     #82 chat/completions (stream): 677 prompt tokens ·
                       temperature: 0, greedy (req), max_tokens: 6 (req),
                       min_tokens: 6 (req)
21:42:42.232 INFO:     #82 chat/completions (stream): 6 tokens generated at
                       123.9 T/s · prompt 677 tokens, none cached, 677 new in
                       0.28 s (2,418 T/s) · first token 0.29 s, total 0.33 s ·
                       draft 4/4 accepted (100%) · max_tokens reached
21:42:42.303 INFO:     #83 chat/completions (stream): 114 prompt tokens ·
                       temperature: 0, greedy (req), max_tokens: 443 (req),
                       min_tokens: 443 (req)
21:42:42.762 INFO:     #56 chat/completions (stream): 683 tokens generated at
                       58.5 T/s · prompt 87 tokens, none cached, 87 new in 0.08
                       s · first token 0.09 s, total 11.8 s · draft 365/636
                       accepted (57%) · max_tokens reached
21:42:42.787 INFO:     #76 chat/completions (stream): 158 tokens generated at
                       52.6 T/s · prompt 62 tokens, none cached, 62 new in 0.07
                       s · first token 0.08 s, total 3.08 s · draft 80/156
                       accepted (51%) · max_tokens reached
21:42:42.833 INFO:     #84 chat/completions (stream): 739 prompt tokens ·
                       temperature: 0, greedy (req), max_tokens: 620 (req),
                       min_tokens: 620 (req)
21:42:43.028 INFO:     #85 chat/completions (stream): 502 prompt tokens ·
                       temperature: 0, greedy (req), max_tokens: 8 (req),
                       min_tokens: 8 (req)
21:42:43.662 INFO:     #85 chat/completions (stream): 8 tokens generated at
                       108.4 T/s · prompt 502 tokens, none cached, 502 new in
                       0.33 s (1,521 T/s) · queued 0.13 s, first token 0.46 s,
                       total 0.54 s · draft 5/6 accepted (83%) · max_tokens
                       reached
21:42:43.730 INFO:     #86 chat/completions (stream): 67 prompt tokens ·
                       temperature: 0, greedy (req), max_tokens: 309 (req),
                       min_tokens: 309 (req)
21:42:44.146 INFO:     #77 chat/completions (stream): 172 tokens generated at
                       51.5 T/s · prompt 450 tokens, none cached, 450 new in
                       0.26 s (1,731 T/s) · first token 0.27 s, total 3.61 s ·
                       draft 97/150 accepted (65%) · max_tokens reached
21:42:44.237 INFO:     #87 chat/completions (stream): 684 prompt tokens ·
                       temperature: 0, greedy (req), max_tokens: 19 (req),
                       min_tokens: 19 (req)
21:42:44.783 INFO:     #87 chat/completions (stream): 19 tokens generated at
                       111.6 T/s · prompt 684 tokens, none cached, 684 new in
                       0.27 s (2,533 T/s) · first token 0.28 s, total 0.45 s ·
                       draft 12/14 accepted (86%) · max_tokens reached
21:42:44.856 INFO:     #88 chat/completions (stream): 67 prompt tokens ·
                       temperature: 0, greedy (req), max_tokens: 161 (req),
                       min_tokens: 161 (req)
21:42:46.145 INFO:     #62 chat/completions (stream): 792 tokens generated at
                       65.1 T/s · prompt 786 tokens, none cached, 786 new in
                       0.32 s (2,456 T/s) · first token 0.33 s, total 12.5 s ·
                       draft 448/688 accepted (65%) · max_tokens reached
21:42:46.238 INFO:     #89 chat/completions (stream): 345 prompt tokens ·
                       temperature: 0, greedy (req), max_tokens: 20 (req),
                       min_tokens: 20 (req)
21:42:46.781 INFO:     #89 chat/completions (stream): 20 tokens generated at
                       99.4 T/s · prompt 345 tokens, none cached, 345 new in
                       0.24 s (1,438 T/s) · first token 0.25 s, total 0.45 s ·
                       draft 12/16 accepted (75%) · max_tokens reached
21:42:46.853 INFO:     #90 chat/completions (stream): 870 prompt tokens ·
                       temperature: 0, greedy (req), max_tokens: 44 (req),
                       min_tokens: 44 (req)
21:42:47.284 INFO:     #79 chat/completions (stream): 373 tokens generated at
                       63.9 T/s · prompt 63 tokens, none cached, 63 new in 0.07
                       s · first token 0.08 s, total 5.91 s · draft 215/316
                       accepted (68%) · max_tokens reached
21:42:47.353 INFO:     #92 chat/completions (stream): 77 prompt tokens ·
                       temperature: 0, greedy (req), max_tokens: 142 (req),
                       min_tokens: 142 (req)
21:42:47.543 INFO:     #80 chat/completions (stream): 361 tokens generated at
                       60.0 T/s · prompt 63 tokens, none cached, 63 new in 0.07
                       s · first token 0.08 s, total 6.09 s · draft 201/320
                       accepted (63%) · max_tokens reached
21:42:47.566 INFO:     #88 chat/completions (stream): 161 tokens generated at
                       63.3 T/s · prompt 67 tokens, none cached, 67 new in 0.08
                       s · first token 0.09 s, total 2.63 s · draft 84/154
                       accepted (55%) · max_tokens reached
21:42:47.610 INFO:     #93 chat/completions (stream): 116 prompt tokens ·
                       temperature: 0, greedy (req), max_tokens: 79 (req),
                       min_tokens: 79 (req)
21:42:47.736 INFO:     #94 chat/completions (stream): 121 prompt tokens ·
                       temperature: 0, greedy (req), max_tokens: 9 (req),
                       min_tokens: 9 (req)
21:42:48.002 INFO:     #90 chat/completions (stream): 44 tokens generated at
                       59.0 T/s · prompt 870 tokens, none cached, 870 new in
                       0.31 s (2,806 T/s) · first token 0.32 s, total 1.06 s ·
                       draft 25/38 accepted (66%) · max_tokens reached
21:42:48.024 INFO:     #94 chat/completions (stream): 9 tokens generated at 95.6
                       T/s · prompt 121 tokens, none cached, 121 new in 0.10 s ·
                       first token 0.10 s, total 0.20 s · draft 5/8 accepted
                       (62%) · max_tokens reached
21:42:48.070 INFO:     #95 chat/completions (stream): 188 prompt tokens ·
                       temperature: 0, greedy (req), max_tokens: 337 (req),
                       min_tokens: 337 (req)
21:42:48.214 INFO:     #96 chat/completions (stream): 546 prompt tokens ·
                       temperature: 0, greedy (req), max_tokens: 16 (req),
                       min_tokens: 16 (req)
21:42:48.692 INFO:     #96 chat/completions (stream): 16 tokens generated at
                       108.8 T/s · prompt 546 tokens, none cached, 546 new in
                       0.23 s (2,374 T/s) · first token 0.23 s, total 0.38 s ·
                       draft 10/12 accepted (83%) · max_tokens reached
21:42:48.759 INFO:     #97 chat/completions (stream): 346 prompt tokens ·
                       temperature: 0, greedy (req), max_tokens: 18 (req),
                       min_tokens: 18 (req)
21:42:48.759 INFO:     #86 chat/completions (stream): 309 tokens generated at
                       63.6 T/s · prompt 67 tokens, none cached, 67 new in 0.08
                       s · first token 0.09 s, total 4.94 s · draft 172/274
                       accepted (63%) · max_tokens reached
21:42:49.043 INFO:     #98 chat/completions (stream): 399 prompt tokens ·
                       temperature: 0, greedy (req), max_tokens: 350 (req),
                       min_tokens: 350 (req)
21:42:49.384 INFO:     #93 chat/completions (stream): 79 tokens generated at
                       65.9 T/s · prompt 116 tokens, none cached, 116 new in
                       0.10 s · first token 0.11 s, total 1.30 s · draft 52/54
                       accepted (96%) · max_tokens reached
21:42:49.455 INFO:     #99 chat/completions (stream): 832 prompt tokens ·
                       temperature: 0, greedy (req), max_tokens: 25 (req),
                       min_tokens: 25 (req)
21:42:49.840 INFO:     #81 chat/completions (stream): 400 tokens generated at
                       50.3 T/s · prompt 64 tokens, none cached, 64 new in 0.07
                       s · first token 0.08 s, total 8.03 s · draft 207/386
                       accepted (54%) · max_tokens reached
21:42:49.841 INFO:     #97 chat/completions (stream): 18 tokens generated at
                       26.5 T/s · prompt 346 tokens, none cached, 346 new in
                       0.23 s (1,504 T/s) · first token 0.24 s, total 0.92 s ·
                       draft 10/16 accepted (62%) · max_tokens reached
21:42:49.907 INFO:     #100 chat/completions (stream): 62 prompt tokens ·
                       temperature: 0, greedy (req), max_tokens: 163 (req),
                       min_tokens: 163 (req)
21:42:49.908 INFO:     #101 chat/completions (stream): 794 prompt tokens ·
                       temperature: 0, greedy (req), max_tokens: 12 (req),
                       min_tokens: 12 (req)
21:42:50.423 INFO:     #99 chat/completions (stream): 25 tokens generated at
                       43.2 T/s · prompt 832 tokens, none cached, 832 new in
                       0.30 s (2,773 T/s) · first token 0.31 s, total 0.88 s ·
                       draft 14/22 accepted (64%) · max_tokens reached
21:42:50.443 INFO:     #101 chat/completions (stream): 12 tokens generated at
                       130.5 T/s · prompt 794 tokens, none cached, 794 new in
                       0.28 s (2,836 T/s) · first token 0.36 s, total 0.45 s ·
                       draft 8/8 accepted (100%) · max_tokens reached
21:42:50.480 INFO:     #102 chat/completions (stream): 489 prompt tokens ·
                       temperature: 0, greedy (req), max_tokens: 32 (req),
                       min_tokens: 32 (req)
21:42:50.633 INFO:     #103 chat/completions (stream): 378 prompt tokens ·
                       temperature: 0, greedy (req), max_tokens: 447 (req),
                       min_tokens: 447 (req)
21:42:50.634 INFO:     #83 chat/completions (stream): 443 tokens generated at
                       55.3 T/s · prompt 114 tokens, none cached, 114 new in
                       0.10 s · first token 0.11 s, total 8.12 s · draft 248/390
                       accepted (64%) · max_tokens reached
21:42:51.040 INFO:     #104 chat/completions (stream): 72 prompt tokens ·
                       temperature: 0, greedy (req), max_tokens: 731 (req),
                       min_tokens: 731 (req)
21:42:51.144 INFO:     #92 chat/completions (stream): 142 tokens generated at
                       44.5 T/s · prompt 77 tokens, none cached, 77 new in 0.08
                       s · first token 0.09 s, total 3.28 s · draft 80/124
                       accepted (65%) · max_tokens reached
21:42:51.226 INFO:     #105 chat/completions (stream): 76 prompt tokens ·
                       temperature: 0, greedy (req), max_tokens: 393 (req),
                       min_tokens: 393 (req)
21:42:51.515 INFO:     #102 chat/completions (stream): 32 tokens generated at
                       58.9 T/s · prompt 489 tokens, none cached, 489 new in
                       0.39 s (1,254 T/s) · first token 0.40 s, total 0.94 s ·
                       draft 20/24 accepted (83%) · max_tokens reached
21:42:51.585 INFO:     #106 chat/completions (stream): 60 prompt tokens ·
                       temperature: 0, greedy (req), max_tokens: 636 (req),
                       min_tokens: 636 (req)
21:42:52.779 INFO:     #100 chat/completions (stream): 163 tokens generated at
                       65.1 T/s · prompt 62 tokens, none cached, 62 new in 0.27
                       s · first token 0.28 s, total 2.78 s · draft 90/146
                       accepted (62%) · max_tokens reached
21:42:52.846 INFO:     #107 chat/completions (stream): 87 prompt tokens ·
                       temperature: 0, greedy (req), max_tokens: 38 (req),
                       min_tokens: 38 (req)
21:42:53.351 INFO:     #107 chat/completions (stream): 38 tokens generated at
                       117.7 T/s · prompt 87 tokens, none cached, 87 new in 0.09
                       s · first token 0.10 s, total 0.42 s · draft 25/26
                       accepted (96%) · max_tokens reached
21:42:53.417 INFO:     #108 chat/completions (stream): 132 prompt tokens ·
                       temperature: 0, greedy (req), max_tokens: 61 (req),
                       min_tokens: 61 (req)
21:42:53.574 INFO:     #84 chat/completions (stream): 620 tokens generated at
                       61.9 T/s · prompt 739 tokens, none cached, 739 new in
                       0.51 s (1,449 T/s) · first token 0.52 s, total 10.5 s ·
                       draft 354/532 accepted (67%) · max_tokens reached
21:42:53.643 INFO:     #109 chat/completions (stream): 76 prompt tokens ·
                       temperature: 0, greedy (req), max_tokens: 411 (req),
                       min_tokens: 411 (req)
21:42:54.236 INFO:     #108 chat/completions (stream): 61 tokens generated at
                       103.2 T/s · prompt 132 tokens, none cached, 132 new in
                       0.11 s · first token 0.12 s, total 0.71 s · draft 40/42
                       accepted (95%) · max_tokens reached
21:42:54.305 INFO:     #110 chat/completions (stream): 68 prompt tokens ·
                       temperature: 0, greedy (req), max_tokens: 367 (req),
                       min_tokens: 367 (req)
21:42:54.474 INFO:     #95 chat/completions (stream): 337 tokens generated at
                       55.0 T/s · prompt 188 tokens, none cached, 188 new in
                       0.10 s · first token 0.11 s, total 6.23 s · draft 178/318
                       accepted (56%) · max_tokens reached
21:42:54.543 INFO:     #111 chat/completions (stream): 123 prompt tokens ·
                       temperature: 0, greedy (req), max_tokens: 289 (req),
                       min_tokens: 289 (req)
21:42:54.901 INFO:     #98 chat/completions (stream): 350 tokens generated at
                       64.1 T/s · prompt 399 tokens, none cached, 399 new in
                       0.30 s (1,330 T/s) · first token 0.31 s, total 5.77 s ·
                       draft 196/308 accepted (64%) · max_tokens reached
21:42:54.969 INFO:     #112 chat/completions (stream): 101 prompt tokens ·
                       temperature: 0, greedy (req), max_tokens: 518 (req),
                       min_tokens: 518 (req)
21:42:56.215 INFO:     #105 chat/completions (stream): 393 tokens generated at
                       82.1 T/s · prompt 76 tokens, none cached, 76 new in 0.08
                       s · first token 0.08 s, total 4.87 s · draft 220/346
                       accepted (64%) · max_tokens reached
21:42:56.284 INFO:     #113 chat/completions (stream): 145 prompt tokens ·
                       temperature: 0, greedy (req), max_tokens: 144 (req),
                       min_tokens: 144 (req)
21:42:56.903 INFO:     #103 chat/completions (stream): 447 tokens generated at
                       77.0 T/s · prompt 378 tokens, none cached, 378 new in
                       0.25 s (1,512 T/s) · queued 0.12 s, first token 0.37 s,
                       total 6.18 s · draft 244/406 accepted (60%) · max_tokens
                       reached
21:42:56.974 INFO:     #114 chat/completions (stream): 360 prompt tokens ·
                       temperature: 0, greedy (req), max_tokens: 8 (req),
                       min_tokens: 8 (req)
21:42:57.386 INFO:     #114 chat/completions (stream): 8 tokens generated at
                       111.7 T/s · prompt 360 tokens, none cached, 360 new in
                       0.24 s (1,500 T/s) · first token 0.25 s, total 0.32 s ·
                       draft 5/6 accepted (83%) · max_tokens reached
21:42:57.457 INFO:     #115 chat/completions (stream): 469 prompt tokens ·
                       temperature: 0, greedy (req), max_tokens: 465 (req),
                       min_tokens: 465 (req)
21:42:58.398 INFO:     #111 chat/completions (stream): 289 tokens generated at
                       79.0 T/s · prompt 123 tokens, none cached, 123 new in
                       0.10 s · first token 0.11 s, total 3.76 s · draft 165/248
                       accepted (67%) · max_tokens reached
21:42:58.466 INFO:     #116 chat/completions (stream): 327 prompt tokens ·
                       temperature: 0, greedy (req), max_tokens: 420 (req),
                       min_tokens: 420 (req)
21:42:58.466 INFO:     #113 chat/completions (stream): 144 tokens generated at
                       72.9 T/s · prompt 145 tokens, none cached, 145 new in
                       0.11 s · first token 0.12 s, total 2.09 s · draft 81/126
                       accepted (64%) · max_tokens reached
21:42:58.751 INFO:     #117 chat/completions (stream): 93 prompt tokens ·
                       temperature: 0, greedy (req), max_tokens: 298 (req),
                       min_tokens: 298 (req)
21:42:59.329 INFO:     #109 chat/completions (stream): 411 tokens generated at
                       74.6 T/s · prompt 76 tokens, none cached, 76 new in 0.08
                       s · first token 0.09 s, total 5.60 s · draft 232/358
                       accepted (65%) · max_tokens reached
21:42:59.393 INFO:     #118 chat/completions (stream): 126 prompt tokens ·
                       temperature: 0, greedy (req), max_tokens: 325 (req),
                       min_tokens: 325 (req)
21:42:59.394 INFO:     #106 chat/completions (stream): 636 tokens generated at
                       83.2 T/s · prompt 60 tokens, none cached, 60 new in 0.07
                       s · first token 0.08 s, total 7.72 s · draft 380/512
                       accepted (74%) · max_tokens reached
21:42:59.571 INFO:     #119 chat/completions (stream): 487 prompt tokens ·
                       temperature: 0, greedy (req), max_tokens: 7 (req),
                       min_tokens: 7 (req)
21:42:59.949 INFO:     #110 chat/completions (stream): 367 tokens generated at
                       67.0 T/s · prompt 68 tokens, none cached, 68 new in 0.07
                       s · first token 0.08 s, total 5.55 s · draft 199/336
                       accepted (59%) · max_tokens reached
21:42:59.994 INFO:     #119 chat/completions (stream): 7 tokens generated at
                       105.3 T/s · prompt 487 tokens, none cached, 487 new in
                       0.26 s (1,873 T/s) · first token 0.27 s, total 0.33 s ·
                       draft 4/6 accepted (67%) · max_tokens reached
21:43:00.016 INFO:     #120 chat/completions (stream): 334 prompt tokens ·
                       temperature: 0, greedy (req), max_tokens: 377 (req),
                       min_tokens: 377 (req)
21:43:00.307 INFO:     #121 chat/completions (stream): 841 prompt tokens ·
                       temperature: 0, greedy (req), max_tokens: 429 (req),
                       min_tokens: 429 (req)
21:43:01.937 INFO:     #104 chat/completions (stream): 731 tokens generated at
                       68.2 T/s · prompt 72 tokens, none cached, 72 new in 0.08
                       s · first token 0.09 s, total 10.8 s · draft 390/682
                       accepted (57%) · max_tokens reached
21:43:02.009 INFO:     #122 chat/completions (stream): 57 prompt tokens ·
                       temperature: 0, greedy (req), max_tokens: 99 (req),
                       min_tokens: 99 (req)
21:43:03.042 INFO:     #112 chat/completions (stream): 518 tokens generated at
                       65.7 T/s · prompt 101 tokens, none cached, 101 new in
                       0.09 s · first token 0.10 s, total 7.98 s · draft 269/498
                       accepted (54%) · max_tokens reached
21:43:03.114 INFO:     #124 chat/completions (stream): 147 prompt tokens ·
                       temperature: 0, greedy (req), max_tokens: 30 (req),
                       min_tokens: 30 (req)
21:43:03.300 INFO:     #122 chat/completions (stream): 99 tokens generated at
                       96.2 T/s · prompt 57 tokens, none cached, 57 new in 0.07
                       s · first token 0.08 s, total 1.11 s · draft 57/84
                       accepted (68%) · max_tokens reached
21:43:03.344 INFO:     #117 chat/completions (stream): 298 tokens generated at
                       67.5 T/s · prompt 93 tokens, none cached, 93 new in 0.09
                       s · first token 0.10 s, total 4.51 s · draft 160/276
                       accepted (58%) · max_tokens reached
21:43:03.366 INFO:     #125 chat/completions (stream): 232 prompt tokens ·
                       temperature: 0, greedy (req), max_tokens: 78 (req),
                       min_tokens: 78 (req)
21:43:03.532 INFO:     #126 chat/completions (stream): 63 prompt tokens ·
                       temperature: 0, greedy (req), max_tokens: 321 (req),
                       min_tokens: 321 (req)
21:43:03.750 INFO:     #124 chat/completions (stream): 30 tokens generated at
                       67.2 T/s · prompt 147 tokens, none cached, 147 new in
                       0.09 s · first token 0.10 s, total 0.54 s · draft 19/22
                       accepted (86%) · max_tokens reached
21:43:03.821 INFO:     #127 chat/completions (stream): 78 prompt tokens ·
                       temperature: 0, greedy (req), max_tokens: 254 (req),
                       min_tokens: 254 (req)
21:43:04.045 INFO:     #115 chat/completions (stream): 465 tokens generated at
                       74.6 T/s · prompt 469 tokens, none cached, 469 new in
                       0.25 s (1,876 T/s) · first token 0.26 s, total 6.49 s ·
                       draft 275/380 accepted (72%) · max_tokens reached
21:43:04.117 INFO:     #128 chat/completions (stream): 63 prompt tokens ·
                       temperature: 0, greedy (req), max_tokens: 194 (req),
                       min_tokens: 194 (req)
21:43:04.309 INFO:     #118 chat/completions (stream): 325 tokens generated at
                       68.9 T/s · prompt 126 tokens, none cached, 126 new in
                       0.10 s · first token 0.11 s, total 4.82 s · draft 183/284
                       accepted (64%) · max_tokens reached
21:43:04.381 INFO:     #129 chat/completions (stream): 629 prompt tokens ·
                       temperature: 0, greedy (req), max_tokens: 9 (req),
                       min_tokens: 9 (req)
21:43:04.689 INFO:     #125 chat/completions (stream): 78 tokens generated at
                       92.1 T/s · prompt 232 tokens, none cached, 232 new in
                       0.11 s · first token 0.12 s, total 0.96 s · draft 52/52
                       accepted (100%) · max_tokens reached
21:43:04.759 INFO:     #130 chat/completions (stream): 57 prompt tokens ·
                       temperature: 0, greedy (req), max_tokens: 78 (req),
                       min_tokens: 78 (req)
21:43:04.921 INFO:     #129 chat/completions (stream): 9 tokens generated at
                       97.2 T/s · prompt 629 tokens, none cached, 629 new in
                       0.28 s (2,246 T/s) · first token 0.29 s, total 0.38 s ·
                       draft 5/8 accepted (62%) · max_tokens reached
21:43:04.943 INFO:     #116 chat/completions (stream): 420 tokens generated at
                       68.3 T/s · prompt 327 tokens, none cached, 327 new in
                       0.23 s (1,422 T/s) · first token 0.24 s, total 6.39 s ·
                       draft 241/358 accepted (67%) · max_tokens reached
21:43:04.986 INFO:     #131 chat/completions (stream): 148 prompt tokens ·
                       temperature: 0, greedy (req), max_tokens: 15 (req),
                       min_tokens: 15 (req)
21:43:05.105 INFO:     #132 chat/completions (stream): 346 prompt tokens ·
                       temperature: 0, greedy (req), max_tokens: 11 (req),
                       min_tokens: 11 (req)
21:43:05.533 INFO:     #132 chat/completions (stream): 11 tokens generated at
                       114.3 T/s · prompt 346 tokens, none cached, 346 new in
                       0.24 s (1,442 T/s) · first token 0.25 s, total 0.34 s ·
                       draft 7/8 accepted (88%) · max_tokens reached
21:43:05.553 INFO:     #131 chat/completions (stream): 15 tokens generated at
                       38.6 T/s · prompt 148 tokens, none cached, 148 new in
                       0.09 s · first token 0.10 s, total 0.48 s · draft 8/14
                       accepted (57%) · max_tokens reached
21:43:05.592 INFO:     #133 chat/completions (stream): 74 prompt tokens ·
                       temperature: 0, greedy (req), max_tokens: 296 (req),
                       min_tokens: 296 (req)
21:43:05.593 INFO:     #120 chat/completions (stream): 377 tokens generated at
                       72.1 T/s · prompt 334 tokens, none cached, 334 new in
                       0.26 s (1,285 T/s) · first token 0.27 s, total 5.50 s ·
                       draft 220/314 accepted (70%) · max_tokens reached
21:43:05.699 INFO:     #134 chat/completions (stream): 468 prompt tokens ·
                       temperature: 0, greedy (req), max_tokens: 17 (req),
                       min_tokens: 17 (req)
21:43:05.992 INFO:     #135 chat/completions (stream): 400 prompt tokens ·
                       temperature: 0, greedy (req), max_tokens: 4 (req),
                       min_tokens: 4 (req)
21:43:06.395 INFO:     #135 chat/completions (stream): 4 tokens generated at
                       83.8 T/s · prompt 400 tokens, none cached, 400 new in
                       0.26 s (1,538 T/s) · first token 0.27 s, total 0.31 s ·
                       draft 2/4 accepted (50%) · max_tokens reached
21:43:06.460 INFO:     #136 chat/completions (stream): 216 prompt tokens ·
                       temperature: 0, greedy (req), max_tokens: 30 (req),
                       min_tokens: 30 (req)
21:43:06.461 INFO:     #134 chat/completions (stream): 17 tokens generated at
                       42.0 T/s · prompt 468 tokens, none cached, 468 new in
                       0.26 s (1,800 T/s) · first token 0.27 s, total 0.67 s ·
                       draft 10/14 accepted (71%) · max_tokens reached
21:43:06.638 INFO:     #137 chat/completions (stream): 200 prompt tokens ·
                       temperature: 0, greedy (req), max_tokens: 12 (req),
                       min_tokens: 12 (req)
21:43:06.840 INFO:     #130 chat/completions (stream): 78 tokens generated at
                       43.2 T/s · prompt 57 tokens, none cached, 57 new in 0.07
                       s · first token 0.08 s, total 1.88 s · draft 42/72
                       accepted (58%) · max_tokens reached
21:43:06.905 INFO:     #138 chat/completions (stream): 160 prompt tokens ·
                       temperature: 0, greedy (req), max_tokens: 60 (req),
                       min_tokens: 60 (req)
21:43:07.047 INFO:     #137 chat/completions (stream): 12 tokens generated at
                       107.0 T/s · prompt 200 tokens, none cached, 200 new in
                       0.11 s · first token 0.12 s, total 0.23 s · draft 7/10
                       accepted (70%) · max_tokens reached
21:43:07.091 INFO:     #136 chat/completions (stream): 30 tokens generated at
                       89.4 T/s · prompt 216 tokens, none cached, 216 new in
                       0.10 s · first token 0.11 s, total 0.44 s · draft 20/20
                       accepted (100%) · max_tokens reached
21:43:07.114 INFO:     #139 chat/completions (stream): 572 prompt tokens ·
                       temperature: 0, greedy (req), max_tokens: 60 (req),
                       min_tokens: 60 (req)
21:43:07.383 INFO:     #140 chat/completions (stream): 68 prompt tokens ·
                       temperature: 0, greedy (req), max_tokens: 733 (req),
                       min_tokens: 733 (req)
21:43:08.029 INFO:     #138 chat/completions (stream): 60 tokens generated at
                       64.3 T/s · prompt 160 tokens, none cached, 160 new in
                       0.09 s · first token 0.10 s, total 1.03 s · draft 33/54
                       accepted (61%) · max_tokens reached
21:43:08.099 INFO:     #141 chat/completions (stream): 59 prompt tokens ·
                       temperature: 0, greedy (req), max_tokens: 81 (req),
                       min_tokens: 81 (req)
21:43:08.262 INFO:     #121 chat/completions (stream): 429 tokens generated at
                       57.4 T/s · prompt 841 tokens, none cached, 841 new in
                       0.31 s (2,713 T/s) · first token 0.32 s, total 7.79 s ·
                       draft 213/432 accepted (49%) · max_tokens reached
21:43:08.263 INFO:     #139 chat/completions (stream): 60 tokens generated at
                       81.5 T/s · prompt 572 tokens, none cached, 572 new in
                       0.24 s (2,383 T/s) · first token 0.25 s, total 0.98 s ·
                       draft 32/56 accepted (57%) · max_tokens reached
21:43:08.285 INFO:     #128 chat/completions (stream): 194 tokens generated at
                       48.4 T/s · prompt 63 tokens, none cached, 63 new in 0.07
                       s · first token 0.08 s, total 4.09 s · draft 103/182
                       accepted (57%) · max_tokens reached
21:43:08.324 INFO:     #142 chat/completions (stream): 694 prompt tokens ·
                       temperature: 0, greedy (req), max_tokens: 34 (req),
                       min_tokens: 34 (req)
21:43:08.325 INFO:     #143 chat/completions (stream): 66 prompt tokens ·
                       temperature: 0, greedy (req), max_tokens: 198 (req),
                       min_tokens: 198 (req)
21:43:08.582 INFO:     #144 chat/completions (stream): 477 prompt tokens ·
                       temperature: 0, greedy (req), max_tokens: 38 (req),
                       min_tokens: 38 (req)
21:43:08.835 INFO:     #127 chat/completions (stream): 254 tokens generated at
                       58.0 T/s · prompt 78 tokens, none cached, 78 new in 0.08
                       s · first token 0.08 s, total 4.46 s · draft 150/208
                       accepted (72%) · max_tokens reached
21:43:09.013 INFO:     #145 chat/completions (stream): 80 prompt tokens ·
                       temperature: 0, greedy (req), max_tokens: 49 (req),
                       min_tokens: 49 (req)
21:43:09.406 INFO:     #142 chat/completions (stream): 34 tokens generated at
                       68.3 T/s · prompt 694 tokens, none cached, 694 new in
                       0.48 s (1,446 T/s) · first token 0.49 s, total 0.99 s ·
                       draft 22/24 accepted (92%) · max_tokens reached
21:43:09.472 INFO:     #146 chat/completions (stream): 124 prompt tokens ·
                       temperature: 0, greedy (req), max_tokens: 635 (req),
                       min_tokens: 635 (req)
21:43:09.601 INFO:     #144 chat/completions (stream): 38 tokens generated at
                       82.7 T/s · prompt 477 tokens, none cached, 477 new in
                       0.26 s (1,835 T/s) · queued 0.10 s, first token 0.36 s,
                       total 0.82 s · draft 23/30 accepted (77%) · max_tokens
                       reached
21:43:09.670 INFO:     #147 chat/completions (stream): 411 prompt tokens ·
                       temperature: 0, greedy (req), max_tokens: 7 (req),
                       min_tokens: 7 (req)
21:43:10.007 INFO:     #145 chat/completions (stream): 49 tokens generated at
                       67.8 T/s · prompt 80 tokens, none cached, 80 new in 0.08
                       s · first token 0.09 s, total 0.81 s · draft 29/40
                       accepted (72%) · max_tokens reached
21:43:10.074 INFO:     #148 chat/completions (stream): 315 prompt tokens ·
                       temperature: 0, greedy (req), max_tokens: 707 (req),
                       min_tokens: 707 (req)
21:43:10.075 INFO:     #147 chat/completions (stream): 7 tokens generated at
                       108.9 T/s · prompt 411 tokens, none cached, 411 new in
                       0.25 s (1,644 T/s) · first token 0.26 s, total 0.32 s ·
                       draft 4/6 accepted (67%) · max_tokens reached
21:43:10.350 INFO:     #149 chat/completions (stream): 77 prompt tokens ·
                       temperature: 0, greedy (req), max_tokens: 380 (req),
                       min_tokens: 380 (req)
21:43:10.475 INFO:     #141 chat/completions (stream): 81 tokens generated at
                       39.4 T/s · prompt 59 tokens, none cached, 59 new in 0.07
                       s · first token 0.08 s, total 2.13 s · draft 41/82
                       accepted (50%) · max_tokens reached
21:43:10.541 INFO:     #150 chat/completions (stream): 266 prompt tokens ·
                       temperature: 0, greedy (req), max_tokens: 147 (req),
                       min_tokens: 147 (req)
21:43:10.541 INFO:     #126 chat/completions (stream): 321 tokens generated at
                       46.9 T/s · prompt 63 tokens, none cached, 63 new in 0.07
                       s · first token 0.08 s, total 6.92 s · draft 170/304
                       accepted (56%) · max_tokens reached
21:43:10.768 INFO:     #151 chat/completions (stream): 232 prompt tokens ·
                       temperature: 0, greedy (req), max_tokens: 41 (req),
                       min_tokens: 41 (req)
21:43:11.350 INFO:     #151 chat/completions (stream): 41 tokens generated at
                       109.4 T/s · prompt 232 tokens, none cached, 232 new in
                       0.11 s · first token 0.12 s, total 0.49 s · draft 26/30
                       accepted (87%) · max_tokens reached
21:43:11.419 INFO:     #152 chat/completions (stream): 137 prompt tokens ·
                       temperature: 0, greedy (req), max_tokens: 101 (req),
                       min_tokens: 101 (req)
21:43:11.854 INFO:     #143 chat/completions (stream): 198 tokens generated at
                       61.9 T/s · prompt 66 tokens, none cached, 66 new in 0.07
                       s · queued 0.16 s, first token 0.23 s, total 3.44 s ·
                       draft 123/150 accepted (82%) · max_tokens reached
21:43:11.919 INFO:     #153 chat/completions (stream): 135 prompt tokens ·
                       temperature: 0, greedy (req), max_tokens: 433 (req),
                       min_tokens: 433 (req)
21:43:12.098 INFO:     #133 chat/completions (stream): 296 tokens generated at
                       47.6 T/s · prompt 74 tokens, none cached, 74 new in 0.08
                       s · first token 0.09 s, total 6.31 s · draft 151/292
                       accepted (52%) · max_tokens reached
21:43:12.168 INFO:     #154 chat/completions (stream): 456 prompt tokens ·
                       temperature: 0, greedy (req), max_tokens: 342 (req),
                       min_tokens: 342 (req)
21:43:12.587 INFO:     #150 chat/completions (stream): 147 tokens generated at
                       82.9 T/s · prompt 266 tokens, none cached, 266 new in
                       0.18 s (1,478 T/s) · first token 0.19 s, total 1.96 s ·
                       draft 97/100 accepted (97%) · max_tokens reached
21:43:12.658 INFO:     #155 chat/completions (stream): 301 prompt tokens ·
                       temperature: 0, greedy (req), max_tokens: 14 (req),
                       min_tokens: 14 (req)
21:43:13.100 INFO:     #152 chat/completions (stream): 101 tokens generated at
                       68.0 T/s · prompt 137 tokens, none cached, 137 new in
                       0.11 s · first token 0.12 s, total 1.60 s · draft 61/80
                       accepted (76%) · max_tokens reached
21:43:13.101 INFO:     #155 chat/completions (stream): 14 tokens generated at
                       99.6 T/s · prompt 301 tokens, none cached, 301 new in
                       0.21 s (1,433 T/s) · first token 0.22 s, total 0.36 s ·
                       draft 8/12 accepted (67%) · max_tokens reached
21:43:13.166 INFO:     #156 chat/completions (stream): 823 prompt tokens ·
                       temperature: 0, greedy (req), max_tokens: 11 (req),
                       min_tokens: 11 (req)
21:43:13.167 INFO:     #157 chat/completions (stream): 80 prompt tokens ·
                       temperature: 0, greedy (req), max_tokens: 159 (req),
                       min_tokens: 159 (req)
21:43:13.729 INFO:     #156 chat/completions (stream): 11 tokens generated at
                       117.9 T/s · prompt 823 tokens, none cached, 823 new in
                       0.37 s (2,224 T/s) · first token 0.38 s, total 0.47 s ·
                       draft 7/8 accepted (88%) · max_tokens reached
21:43:13.798 INFO:     #158 chat/completions (stream): 71 prompt tokens ·
                       temperature: 0, greedy (req), max_tokens: 749 (req),
                       min_tokens: 749 (req)
21:43:15.280 INFO:     #157 chat/completions (stream): 159 tokens generated at
                       92.6 T/s · prompt 80 tokens, none cached, 80 new in 0.08
                       s · queued 0.20 s, first token 0.28 s, total 2.00 s ·
                       draft 94/130 accepted (72%) · max_tokens reached
21:43:15.351 INFO:     #159 chat/completions (stream): 181 prompt tokens ·
                       temperature: 0, greedy (req), max_tokens: 482 (req),
                       min_tokens: 482 (req)
21:43:16.207 INFO:     #149 chat/completions (stream): 380 tokens generated at
                       66.9 T/s · prompt 77 tokens, none cached, 77 new in 0.08
                       s · first token 0.09 s, total 5.76 s · draft 204/352
                       accepted (58%) · max_tokens reached
21:43:16.277 INFO:     #160 chat/completions (stream): 336 prompt tokens ·
                       temperature: 0, greedy (req), max_tokens: 772 (req),
                       min_tokens: 772 (req)
21:43:16.954 INFO:     #154 chat/completions (stream): 342 tokens generated at
                       77.5 T/s · prompt 456 tokens, none cached, 456 new in
                       0.28 s (1,629 T/s) · first token 0.29 s, total 4.70 s ·
                       draft 197/290 accepted (68%) · max_tokens reached
21:43:17.025 INFO:     #161 chat/completions (stream): 410 prompt tokens ·
                       temperature: 0, greedy (req), max_tokens: 34 (req),
                       min_tokens: 34 (req)
21:43:17.730 INFO:     #161 chat/completions (stream): 34 tokens generated at
                       101.1 T/s · prompt 410 tokens, none cached, 410 new in
                       0.27 s (1,519 T/s) · first token 0.28 s, total 0.61 s ·
                       draft 20/28 accepted (71%) · max_tokens reached
21:43:17.795 INFO:     #163 chat/completions (stream): 241 prompt tokens ·
                       temperature: 0, greedy (req), max_tokens: 9 (req),
                       min_tokens: 9 (req)
21:43:17.795 INFO:     #153 chat/completions (stream): 433 tokens generated at
                       76.3 T/s · prompt 135 tokens, none cached, 135 new in
                       0.11 s · first token 0.12 s, total 5.79 s · draft 256/354
                       accepted (72%) · max_tokens reached
21:43:17.995 INFO:     #164 chat/completions (stream): 68 prompt tokens ·
                       temperature: 0, greedy (req), max_tokens: 539 (req),
                       min_tokens: 539 (req)
21:43:18.212 INFO:     #163 chat/completions (stream): 9 tokens generated at
                       51.7 T/s · prompt 241 tokens, none cached, 241 new in
                       0.12 s · first token 0.13 s, total 0.30 s · draft 5/8
                       accepted (62%) · max_tokens reached
21:43:18.280 INFO:     #165 chat/completions (stream): 59 prompt tokens ·
                       temperature: 0, greedy (req), max_tokens: 82 (req),
                       min_tokens: 82 (req)
21:43:18.757 INFO:     #140 chat/completions (stream): 733 tokens generated at
                       65.5 T/s · prompt 68 tokens, none cached, 68 new in 0.07
                       s · first token 0.08 s, total 11.3 s · draft 412/644
                       accepted (64%) · max_tokens reached
21:43:18.824 INFO:     #166 chat/completions (stream): 424 prompt tokens ·
                       temperature: 0, greedy (req), max_tokens: 590 (req),
                       min_tokens: 590 (req)
21:43:19.091 INFO:     #146 chat/completions (stream): 635 tokens generated at
                       69.0 T/s · prompt 124 tokens, none cached, 124 new in
                       0.10 s · first token 0.11 s, total 9.31 s · draft 363/544
                       accepted (67%) · max_tokens reached
21:43:19.156 INFO:     #167 chat/completions (stream): 126 prompt tokens ·
                       temperature: 0, greedy (req), max_tokens: 273 (req),
                       min_tokens: 273 (req)
21:43:19.647 INFO:     #165 chat/completions (stream): 82 tokens generated at
                       68.3 T/s · prompt 59 tokens, none cached, 59 new in 0.07
                       s · first token 0.08 s, total 1.28 s · draft 46/72
                       accepted (64%) · max_tokens reached
21:43:19.720 INFO:     #168 chat/completions (stream): 522 prompt tokens ·
                       temperature: 0, greedy (req), max_tokens: 21 (req),
                       min_tokens: 21 (req)
21:43:20.207 INFO:     #168 chat/completions (stream): 21 tokens generated at
                       112.5 T/s · prompt 522 tokens, none cached, 522 new in
                       0.20 s (2,610 T/s) · first token 0.21 s, total 0.39 s ·
                       draft 13/16 accepted (81%) · max_tokens reached
21:43:20.281 INFO:     #169 chat/completions (stream): 707 prompt tokens ·
                       temperature: 0, greedy (req), max_tokens: 16 (req),
                       min_tokens: 16 (req)
21:43:20.842 INFO:     #169 chat/completions (stream): 16 tokens generated at
                       92.2 T/s · prompt 707 tokens, none cached, 707 new in
                       0.29 s (2,438 T/s) · first token 0.30 s, total 0.47 s ·
                       draft 9/14 accepted (64%) · max_tokens reached
21:43:20.909 INFO:     #170 chat/completions (stream): 853 prompt tokens ·
                       temperature: 0, greedy (req), max_tokens: 6 (req),
                       min_tokens: 6 (req)
21:43:21.129 INFO:     #148 chat/completions (stream): 707 tokens generated at
                       67.1 T/s · prompt 315 tokens, none cached, 315 new in
                       0.23 s (1,370 T/s) · first token 0.24 s, total 10.8 s ·
                       draft 395/624 accepted (63%) · max_tokens reached
21:43:21.287 INFO:     #171 chat/completions (stream): 58 prompt tokens ·
                       temperature: 0, greedy (req), max_tokens: 261 (req),
                       min_tokens: 261 (req)
21:43:21.430 INFO:     #170 chat/completions (stream): 6 tokens generated at
                       131.6 T/s · prompt 853 tokens, none cached, 853 new in
                       0.30 s (2,843 T/s) · first token 0.31 s, total 0.35 s ·
                       draft 4/4 accepted (100%) · max_tokens reached
21:43:21.502 INFO:     #172 chat/completions (stream): 121 prompt tokens ·
                       temperature: 0, greedy (req), max_tokens: 355 (req),
                       min_tokens: 355 (req)
21:43:22.674 INFO:     #159 chat/completions (stream): 482 tokens generated at
                       67.7 T/s · prompt 181 tokens, none cached, 181 new in
                       0.10 s · first token 0.11 s, total 7.23 s · draft 268/428
                       accepted (63%) · max_tokens reached
21:43:22.744 INFO:     #173 chat/completions (stream): 364 prompt tokens ·
                       temperature: 0, greedy (req), max_tokens: 16 (req),
                       min_tokens: 16 (req)
21:43:23.260 INFO:     #173 chat/completions (stream): 16 tokens generated at
                       110.5 T/s · prompt 364 tokens, none cached, 364 new in
                       0.25 s (1,456 T/s) · first token 0.26 s, total 0.40 s ·
                       draft 10/12 accepted (83%) · max_tokens reached
21:43:23.333 INFO:     #174 chat/completions (stream): 100 prompt tokens ·
                       temperature: 0, greedy (req), max_tokens: 152 (req),
                       min_tokens: 152 (req)
21:43:23.896 INFO:     #167 chat/completions (stream): 273 tokens generated at
                       60.4 T/s · prompt 126 tokens, none cached, 126 new in
                       0.12 s · first token 0.13 s, total 4.64 s · draft 138/270
                       accepted (51%) · max_tokens reached
21:43:23.967 INFO:     #175 chat/completions (stream): 648 prompt tokens ·
                       temperature: 0, greedy (req), max_tokens: 16 (req),
                       min_tokens: 16 (req)
21:43:24.573 INFO:     #175 chat/completions (stream): 16 tokens generated at
                       71.4 T/s · prompt 648 tokens, none cached, 648 new in
                       0.29 s (2,234 T/s) · first token 0.30 s, total 0.52 s ·
                       draft 7/18 accepted (39%) · max_tokens reached
21:43:24.596 INFO:     #158 chat/completions (stream): 749 tokens generated at
                       70.5 T/s · prompt 71 tokens, none cached, 71 new in 0.08
                       s · first token 0.09 s, total 10.7 s · draft 421/656
                       accepted (64%) · max_tokens reached
21:43:24.641 INFO:     #176 chat/completions (stream): 86 prompt tokens ·
                       temperature: 0, greedy (req), max_tokens: 442 (req),
                       min_tokens: 442 (req)
21:43:24.755 INFO:     #177 chat/completions (stream): 112 prompt tokens ·
                       temperature: 0, greedy (req), max_tokens: 375 (req),
                       min_tokens: 375 (req)
21:43:25.476 INFO:     #174 chat/completions (stream): 152 tokens generated at
                       77.9 T/s · prompt 100 tokens, none cached, 100 new in
                       0.09 s · first token 0.10 s, total 2.05 s · draft 91/122
                       accepted (75%) · max_tokens reached
21:43:25.547 INFO:     #178 chat/completions (stream): 56 prompt tokens ·
                       temperature: 0, greedy (req), max_tokens: 157 (req),
                       min_tokens: 157 (req)
21:43:25.712 INFO:     #171 chat/completions (stream): 261 tokens generated at
                       62.4 T/s · prompt 58 tokens, none cached, 58 new in 0.07
                       s · first token 0.08 s, total 4.26 s · draft 126/270
                       accepted (47%) · max_tokens reached
21:43:25.783 INFO:     #179 chat/completions (stream): 199 prompt tokens ·
                       temperature: 0, greedy (req), max_tokens: 17 (req),
                       min_tokens: 17 (req)
21:43:26.131 INFO:     #179 chat/completions (stream): 17 tokens generated at
                       116.7 T/s · prompt 199 tokens, none cached, 199 new in
                       0.10 s · first token 0.11 s, total 0.25 s · draft 11/12
                       accepted (92%) · max_tokens reached
21:43:26.209 INFO:     #180 chat/completions (stream): 337 prompt tokens ·
                       temperature: 0, greedy (req), max_tokens: 61 (req),
                       min_tokens: 61 (req)
21:43:26.672 INFO:     #166 chat/completions (stream): 590 tokens generated at
                       78.4 T/s · prompt 424 tokens, none cached, 424 new in
                       0.24 s (1,767 T/s) · first token 0.25 s, total 7.77 s ·
                       draft 371/438 accepted (85%) · max_tokens reached
21:43:26.673 INFO:     #172 chat/completions (stream): 355 tokens generated at
                       71.2 T/s · prompt 121 tokens, none cached, 121 new in
                       0.10 s · first token 0.11 s, total 5.09 s · draft 199/312
                       accepted (64%) · max_tokens reached
21:43:26.713 INFO:     #164 chat/completions (stream): 539 tokens generated at
                       63.0 T/s · prompt 68 tokens, none cached, 68 new in 0.08
                       s · first token 0.09 s, total 8.64 s · draft 289/500
                       accepted (58%) · max_tokens reached
21:43:26.732 INFO:     #181 chat/completions (stream): 156 prompt tokens ·
                       temperature: 0, greedy (req), max_tokens: 153 (req),
                       min_tokens: 153 (req)
21:43:26.732 INFO:     #182 chat/completions (stream): 64 prompt tokens ·
                       temperature: 0, greedy (req), max_tokens: 114 (req),
                       min_tokens: 114 (req)
21:43:26.950 INFO:     #183 chat/completions (stream): 63 prompt tokens ·
                       temperature: 0, greedy (req), max_tokens: 85 (req),
                       min_tokens: 85 (req)
21:43:27.426 INFO:     #180 chat/completions (stream): 61 tokens generated at
                       68.9 T/s · prompt 337 tokens, none cached, 337 new in
                       0.23 s (1,465 T/s) · first token 0.24 s, total 1.12 s ·
                       draft 34/54 accepted (63%) · max_tokens reached
21:43:27.499 INFO:     #184 chat/completions (stream): 482 prompt tokens ·
                       temperature: 0, greedy (req), max_tokens: 225 (req),
                       min_tokens: 225 (req)
21:43:27.882 INFO:     #160 chat/completions (stream): 772 tokens generated at
                       68.4 T/s · prompt 336 tokens, none cached, 336 new in
                       0.22 s (1,527 T/s) · first token 0.23 s, total 11.5 s ·
                       draft 447/650 accepted (69%) · max_tokens reached
21:43:27.953 INFO:     #185 chat/completions (stream): 66 prompt tokens ·
                       temperature: 0, greedy (req), max_tokens: 345 (req),
                       min_tokens: 345 (req)
21:43:28.250 INFO:     #178 chat/completions (stream): 157 tokens generated at
                       62.0 T/s · prompt 56 tokens, none cached, 56 new in 0.07
                       s · first token 0.08 s, total 2.61 s · draft 88/138
                       accepted (64%) · max_tokens reached
21:43:28.291 INFO:     #183 chat/completions (stream): 85 tokens generated at
                       71.9 T/s · prompt 63 tokens, none cached, 63 new in 0.07
                       s · first token 0.08 s, total 1.26 s · draft 50/70
                       accepted (71%) · max_tokens reached
21:43:28.311 INFO:     #186 chat/completions (stream): 76 prompt tokens ·
                       temperature: 0, greedy (req), max_tokens: 139 (req),
                       min_tokens: 139 (req)
21:43:28.441 INFO:     #187 chat/completions (stream): 389 prompt tokens ·
                       temperature: 0, greedy (req), max_tokens: 13 (req),
                       min_tokens: 13 (req)
21:43:28.906 INFO:     #182 chat/completions (stream): 114 tokens generated at
                       59.6 T/s · prompt 64 tokens, none cached, 64 new in 0.07
                       s · queued 0.10 s, first token 0.17 s, total 2.09 s ·
                       draft 64/100 accepted (64%) · max_tokens reached
21:43:28.928 INFO:     #187 chat/completions (stream): 13 tokens generated at
                       91.6 T/s · prompt 389 tokens, none cached, 389 new in
                       0.25 s (1,556 T/s) · first token 0.26 s, total 0.40 s ·
                       draft 7/12 accepted (58%) · max_tokens reached
21:43:28.971 INFO:     #188 chat/completions (stream): 68 prompt tokens ·
                       temperature: 0, greedy (req), max_tokens: 264 (req),
                       min_tokens: 264 (req)
21:43:29.077 INFO:     #189 chat/completions (stream): 71 prompt tokens ·
                       temperature: 0, greedy (req), max_tokens: 307 (req),
                       min_tokens: 307 (req)
21:43:29.274 INFO:     #181 chat/completions (stream): 153 tokens generated at
                       67.3 T/s · prompt 156 tokens, none cached, 156 new in
                       0.16 s · first token 0.17 s, total 2.45 s · draft 94/118
                       accepted (80%) · max_tokens reached
21:43:29.344 INFO:     #190 chat/completions (stream): 59 prompt tokens ·
                       temperature: 0, greedy (req), max_tokens: 191 (req),
                       min_tokens: 191 (req)
21:43:30.274 INFO:     #177 chat/completions (stream): 375 tokens generated at
                       70.4 T/s · prompt 112 tokens, none cached, 112 new in
                       0.09 s · first token 0.10 s, total 5.42 s · draft 215/320
                       accepted (67%) · max_tokens reached
21:43:30.341 INFO:     #191 chat/completions (stream): 64 prompt tokens ·
                       temperature: 0, greedy (req), max_tokens: 1181 (req),
                       min_tokens: 1181 (req)
21:43:30.441 INFO:     #186 chat/completions (stream): 139 tokens generated at
                       74.1 T/s · prompt 76 tokens, none cached, 76 new in 0.08
                       s · first token 0.09 s, total 1.96 s · draft 79/120
                       accepted (66%) · max_tokens reached
21:43:30.509 INFO:     #192 chat/completions (stream): 101 prompt tokens ·
                       temperature: 0, greedy (req), max_tokens: 236 (req),
                       min_tokens: 236 (req)
21:43:30.808 INFO:     #184 chat/completions (stream): 225 tokens generated at
                       76.2 T/s · prompt 482 tokens, none cached, 482 new in
                       0.26 s (1,854 T/s) · first token 0.27 s, total 3.22 s ·
                       draft 133/184 accepted (72%) · max_tokens reached
21:43:30.871 INFO:     #193 chat/completions (stream): 448 prompt tokens ·
                       temperature: 0, greedy (req), max_tokens: 360 (req),
                       min_tokens: 360 (req)
21:43:30.872 INFO:     #176 chat/completions (stream): 442 tokens generated at
                       73.0 T/s · prompt 86 tokens, none cached, 86 new in 0.08
                       s · first token 0.09 s, total 6.14 s · draft 262/360
                       accepted (73%) · max_tokens reached
21:43:31.174 INFO:     #194 chat/completions (stream): 72 prompt tokens ·
                       temperature: 0, greedy (req), max_tokens: 294 (req),
                       min_tokens: 294 (req)
21:43:31.764 INFO:     #190 chat/completions (stream): 191 tokens generated at
                       84.7 T/s · prompt 59 tokens, none cached, 59 new in 0.07
                       s · first token 0.08 s, total 2.33 s · draft 116/150
                       accepted (77%) · max_tokens reached
21:43:31.833 INFO:     #195 chat/completions (stream): 276 prompt tokens ·
                       temperature: 0, greedy (req), max_tokens: 6 (req),
                       min_tokens: 6 (req)
21:43:32.149 INFO:     #195 chat/completions (stream): 6 tokens generated at
                       128.4 T/s · prompt 276 tokens, none cached, 276 new in
                       0.17 s (1,624 T/s) · first token 0.18 s, total 0.22 s ·
                       draft 4/4 accepted (100%) · max_tokens reached
21:43:32.237 INFO:     #197 chat/completions (stream): 186 prompt tokens ·
                       temperature: 0, greedy (req), max_tokens: 42 (req),
                       min_tokens: 42 (req)
21:43:32.576 INFO:     #188 chat/completions (stream): 264 tokens generated at
                       77.0 T/s · prompt 68 tokens, none cached, 68 new in 0.08
                       s · first token 0.09 s, total 3.52 s · draft 157/214
                       accepted (73%) · max_tokens reached
21:43:32.646 INFO:     #198 chat/completions (stream): 219 prompt tokens ·
                       temperature: 0, greedy (req), max_tokens: 11 (req),
                       min_tokens: 11 (req)
21:43:32.939 INFO:     #197 chat/completions (stream): 42 tokens generated at
                       82.2 T/s · prompt 186 tokens, none cached, 186 new in
                       0.10 s · first token 0.11 s, total 0.62 s · draft 25/34
                       accepted (74%) · max_tokens reached
21:43:32.961 INFO:     #198 chat/completions (stream): 11 tokens generated at
                       95.6 T/s · prompt 219 tokens, none cached, 219 new in
                       0.11 s · first token 0.12 s, total 0.23 s · draft 6/10
                       accepted (60%) · max_tokens reached
21:43:33.003 INFO:     #199 chat/completions (stream): 62 prompt tokens ·
                       temperature: 0, greedy (req), max_tokens: 304 (req),
                       min_tokens: 304 (req)
21:43:33.103 INFO:     #200 chat/completions (stream): 66 prompt tokens ·
                       temperature: 0, greedy (req), max_tokens: 225 (req),
                       min_tokens: 225 (req)
21:43:33.323 INFO:     #185 chat/completions (stream): 345 tokens generated at
                       66.4 T/s · prompt 66 tokens, none cached, 66 new in 0.08
                       s · first token 0.09 s, total 5.28 s · draft 190/310
                       accepted (61%) · max_tokens reached
21:43:33.395 INFO:     #201 chat/completions (stream): 584 prompt tokens ·
                       temperature: 0, greedy (req), max_tokens: 10 (req),
                       min_tokens: 10 (req)
21:43:33.875 INFO:     #201 chat/completions (stream): 10 tokens generated at
                       81.7 T/s · prompt 584 tokens, none cached, 584 new in
                       0.26 s (2,246 T/s) · first token 0.27 s, total 0.39 s ·
                       draft 5/10 accepted (50%) · max_tokens reached
21:43:33.947 INFO:     #202 chat/completions (stream): 442 prompt tokens ·
                       temperature: 0, greedy (req), max_tokens: 86 (req),
                       min_tokens: 86 (req)
21:43:34.339 INFO:     #189 chat/completions (stream): 307 tokens generated at
                       60.3 T/s · prompt 71 tokens, none cached, 71 new in 0.08
                       s · first token 0.09 s, total 5.18 s · draft 157/300
                       accepted (52%) · max_tokens reached
21:43:34.405 INFO:     #203 chat/completions (stream): 78 prompt tokens ·
                       temperature: 0, greedy (req), max_tokens: 147 (req),
                       min_tokens: 147 (req)
21:43:34.536 INFO:     #192 chat/completions (stream): 236 tokens generated at
                       62.9 T/s · prompt 101 tokens, none cached, 101 new in
                       0.09 s · first token 0.10 s, total 3.85 s · draft 132/208
                       accepted (63%) · max_tokens reached
21:43:34.607 INFO:     #204 chat/completions (stream): 64 prompt tokens ·
                       temperature: 0, greedy (req), max_tokens: 450 (req),
                       min_tokens: 450 (req)
21:43:35.401 INFO:     #202 chat/completions (stream): 86 tokens generated at
                       77.9 T/s · prompt 442 tokens, none cached, 442 new in
                       0.25 s (1,768 T/s) · first token 0.26 s, total 1.36 s ·
                       draft 47/78 accepted (60%) · max_tokens reached
21:43:35.467 INFO:     #205 chat/completions (stream): 69 prompt tokens ·
                       temperature: 0, greedy (req), max_tokens: 300 (req),
                       min_tokens: 300 (req)
21:43:35.572 INFO:     #194 chat/completions (stream): 294 tokens generated at
                       71.1 T/s · prompt 72 tokens, none cached, 72 new in 0.08
                       s · first token 0.09 s, total 4.22 s · draft 169/250
                       accepted (68%) · max_tokens reached
21:43:35.641 INFO:     #206 chat/completions (stream): 70 prompt tokens ·
                       temperature: 0, greedy (req), max_tokens: 540 (req),
                       min_tokens: 540 (req)
21:43:36.054 INFO:     #193 chat/completions (stream): 360 tokens generated at
                       74.4 T/s · prompt 448 tokens, none cached, 448 new in
                       0.25 s (1,792 T/s) · first token 0.26 s, total 5.10 s ·
                       draft 216/288 accepted (75%) · max_tokens reached
21:43:36.055 INFO:     #203 chat/completions (stream): 147 tokens generated at
                       99.4 T/s · prompt 78 tokens, none cached, 78 new in 0.08
                       s · first token 0.09 s, total 1.57 s · draft 96/102
                       accepted (94%) · max_tokens reached
21:43:36.120 INFO:     #207 chat/completions (stream): 72 prompt tokens ·
                       temperature: 0, greedy (req), max_tokens: 830 (req),
                       min_tokens: 830 (req)
21:43:36.121 INFO:     #208 chat/completions (stream): 97 prompt tokens ·
                       temperature: 0, greedy (req), max_tokens: 31 (req),
                       min_tokens: 31 (req)
21:43:36.500 INFO:     #200 chat/completions (stream): 225 tokens generated at
                       69.8 T/s · prompt 66 tokens, none cached, 66 new in 0.07
                       s · first token 0.08 s, total 3.30 s · draft 130/190
                       accepted (68%) · max_tokens reached
21:43:36.570 INFO:     #209 chat/completions (stream): 798 prompt tokens ·
                       temperature: 0, greedy (req), max_tokens: 9 (req),
                       min_tokens: 9 (req)
21:43:36.865 INFO:     #208 chat/completions (stream): 31 tokens generated at
                       121.1 T/s · prompt 97 tokens, none cached, 97 new in 0.09
                       s · first token 0.18 s, total 0.43 s · draft 20/22
                       accepted (91%) · max_tokens reached
21:43:36.932 INFO:     #210 chat/completions (stream): 69 prompt tokens ·
                       temperature: 0, greedy (req), max_tokens: 29 (req),
                       min_tokens: 29 (req)
21:43:37.059 INFO:     #209 chat/completions (stream): 9 tokens generated at
                       132.0 T/s · prompt 798 tokens, none cached, 798 new in
                       0.24 s (3,325 T/s) · first token 0.25 s, total 0.31 s ·
                       draft 6/6 accepted (100%) · max_tokens reached
21:43:37.130 INFO:     #211 chat/completions (stream): 486 prompt tokens ·
                       temperature: 0, greedy (req), max_tokens: 16 (req),
                       min_tokens: 16 (req)
21:43:37.609 INFO:     #210 chat/completions (stream): 29 tokens generated at
                       57.1 T/s · prompt 69 tokens, none cached, 69 new in 0.08
                       s · first token 0.09 s, total 0.59 s · draft 18/22
                       accepted (82%) · max_tokens reached
21:43:37.631 INFO:     #211 chat/completions (stream): 16 tokens generated at
                       111.2 T/s · prompt 486 tokens, none cached, 486 new in
                       0.27 s (1,800 T/s) · first token 0.28 s, total 0.42 s ·
                       draft 10/12 accepted (83%) · max_tokens reached
21:43:37.674 INFO:     #212 chat/completions (stream): 254 prompt tokens ·
                       temperature: 0, greedy (req), max_tokens: 10 (req),
                       min_tokens: 10 (req)
21:43:37.819 INFO:     #213 chat/completions (stream): 626 prompt tokens ·
                       temperature: 0, greedy (req), max_tokens: 59 (req),
                       min_tokens: 59 (req)
21:43:38.229 INFO:     #212 chat/completions (stream): 10 tokens generated at
                       29.1 T/s · prompt 254 tokens, none cached, 254 new in
                       0.11 s · first token 0.12 s, total 0.46 s · draft 6/8
                       accepted (75%) · max_tokens reached
21:43:38.300 INFO:     #214 chat/completions (stream): 692 prompt tokens ·
                       temperature: 0, greedy (req), max_tokens: 109 (req),
                       min_tokens: 109 (req)
21:43:38.938 INFO:     #213 chat/completions (stream): 59 tokens generated at
                       77.7 T/s · prompt 626 tokens, none cached, 626 new in
                       0.27 s (2,319 T/s) · first token 0.28 s, total 1.03 s ·
                       draft 38/42 accepted (90%) · max_tokens reached
21:43:38.959 INFO:     #199 chat/completions (stream): 304 tokens generated at
                       52.5 T/s · prompt 62 tokens, none cached, 62 new in 0.07
                       s · first token 0.08 s, total 5.87 s · draft 153/302
                       accepted (51%) · max_tokens reached
21:43:39.002 INFO:     #215 chat/completions (stream): 66 prompt tokens ·
                       temperature: 0, greedy (req), max_tokens: 207 (req),
                       min_tokens: 207 (req)
21:43:39.106 INFO:     #216 chat/completions (stream): 655 prompt tokens ·
                       temperature: 0, greedy (req), max_tokens: 24 (req),
                       min_tokens: 24 (req)
21:43:39.741 INFO:     #216 chat/completions (stream): 24 tokens generated at
                       93.5 T/s · prompt 655 tokens, none cached, 655 new in
                       0.28 s (2,339 T/s) · first token 0.29 s, total 0.54 s ·
                       draft 13/22 accepted (59%) · max_tokens reached
21:43:39.809 INFO:     #217 chat/completions (stream): 87 prompt tokens ·
                       temperature: 0, greedy (req), max_tokens: 385 (req),
                       min_tokens: 385 (req)
21:43:40.131 INFO:     #214 chat/completions (stream): 109 tokens generated at
                       75.2 T/s · prompt 692 tokens, none cached, 692 new in
                       0.28 s (2,471 T/s) · first token 0.29 s, total 1.74 s ·
                       draft 65/88 accepted (74%) · max_tokens reached
21:43:40.209 INFO:     #218 chat/completions (stream): 190 prompt tokens ·
                       temperature: 0, greedy (req), max_tokens: 51 (req),
                       min_tokens: 51 (req)
21:43:40.857 INFO:     #205 chat/completions (stream): 300 tokens generated at
                       57.5 T/s · prompt 69 tokens, none cached, 69 new in 0.08
                       s · first token 0.09 s, total 5.31 s · draft 161/278
                       accepted (58%) · max_tokens reached
21:43:40.858 INFO:     #218 chat/completions (stream): 51 tokens generated at
                       111.4 T/s · prompt 190 tokens, none cached, 190 new in
                       0.10 s · first token 0.11 s, total 0.56 s · draft 32/38
                       accepted (84%) · max_tokens reached
21:43:40.923 INFO:     #219 chat/completions (stream): 350 prompt tokens ·
                       temperature: 0, greedy (req), max_tokens: 47 (req),
                       min_tokens: 47 (req)
21:43:40.925 INFO:     #220 chat/completions (stream): 119 prompt tokens ·
                       temperature: 0, greedy (req), max_tokens: 5 (req),
                       min_tokens: 5 (req)
21:43:41.419 INFO:     #220 chat/completions (stream): 5 tokens generated at
                       31.6 T/s · prompt 119 tokens, none cached, 119 new in
                       0.10 s · queued 0.14 s, first token 0.24 s, total 0.40 s
                       · draft 3/4 accepted (75%) · max_tokens reached
21:43:41.490 INFO:     #221 chat/completions (stream): 496 prompt tokens ·
                       temperature: 0, greedy (req), max_tokens: 29 (req),
                       min_tokens: 29 (req)
21:43:42.095 INFO:     #221 chat/completions (stream): 29 tokens generated at
                       110.5 T/s · prompt 496 tokens, none cached, 496 new in
                       0.26 s (1,908 T/s) · first token 0.27 s, total 0.53 s ·
                       draft 18/22 accepted (82%) · max_tokens reached
21:43:42.116 INFO:     #219 chat/completions (stream): 47 tokens generated at
                       63.9 T/s · prompt 350 tokens, none cached, 350 new in
                       0.37 s (946 T/s) · first token 0.38 s, total 1.12 s ·
                       draft 26/42 accepted (62%) · max_tokens reached
21:43:42.136 INFO:     #204 chat/completions (stream): 450 tokens generated at
                       61.0 T/s · prompt 64 tokens, none cached, 64 new in 0.07
                       s · first token 0.08 s, total 7.45 s · draft 249/402
                       accepted (62%) · max_tokens reached
21:43:42.155 INFO:     #222 chat/completions (stream): 773 prompt tokens ·
                       temperature: 0, greedy (req), max_tokens: 29 (req),
                       min_tokens: 29 (req)
21:43:42.396 INFO:     #223 chat/completions (stream): 59 prompt tokens ·
                       temperature: 0, greedy (req), max_tokens: 300 (req),
                       min_tokens: 300 (req)
21:43:42.503 INFO:     #224 chat/completions (stream): 84 prompt tokens ·
                       temperature: 0, greedy (req), max_tokens: 308 (req),
                       min_tokens: 308 (req)
21:43:42.852 INFO:     #215 chat/completions (stream): 207 tokens generated at
                       56.3 T/s · prompt 66 tokens, none cached, 66 new in 0.07
                       s · first token 0.08 s, total 3.75 s · draft 111/192
                       accepted (58%) · max_tokens reached
21:43:42.920 INFO:     #225 chat/completions (stream): 309 prompt tokens ·
                       temperature: 0, greedy (req), max_tokens: 12 (req),
                       min_tokens: 12 (req)
21:43:43.177 INFO:     #222 chat/completions (stream): 29 tokens generated at
                       73.5 T/s · prompt 773 tokens, none cached, 773 new in
                       0.32 s (2,416 T/s) · first token 0.33 s, total 0.72 s ·
                       draft 16/26 accepted (62%) · max_tokens reached
21:43:43.263 INFO:     #226 chat/completions (stream): 124 prompt tokens ·
                       temperature: 0, greedy (req), max_tokens: 8 (req),
                       min_tokens: 8 (req)
21:43:43.516 INFO:     #225 chat/completions (stream): 12 tokens generated at
                       43.4 T/s · prompt 309 tokens, none cached, 309 new in
                       0.23 s (1,343 T/s) · first token 0.24 s, total 0.51 s ·
                       draft 6/12 accepted (50%) · max_tokens reached
21:43:43.539 INFO:     #226 chat/completions (stream): 8 tokens generated at
                       107.6 T/s · prompt 124 tokens, none cached, 124 new in
                       0.11 s · first token 0.12 s, total 0.19 s · draft 5/6
                       accepted (83%) · max_tokens reached
21:43:43.581 INFO:     #227 chat/completions (stream): 217 prompt tokens ·
                       temperature: 0, greedy (req), max_tokens: 607 (req),
                       min_tokens: 607 (req)
21:43:43.718 INFO:     #228 chat/completions (stream): 384 prompt tokens ·
                       temperature: 0, greedy (req), max_tokens: 805 (req),
                       min_tokens: 805 (req)
21:43:45.275 INFO:     #206 chat/completions (stream): 540 tokens generated at
                       57.1 T/s · prompt 70 tokens, none cached, 70 new in 0.07
                       s · first token 0.08 s, total 9.53 s · draft 289/502
                       accepted (58%) · max_tokens reached
21:43:45.347 INFO:     #229 chat/completions (stream): 72 prompt tokens ·
                       temperature: 0, greedy (req), max_tokens: 223 (req),
                       min_tokens: 223 (req)
21:43:46.153 INFO:     #217 chat/completions (stream): 385 tokens generated at
                       62.5 T/s · prompt 87 tokens, none cached, 87 new in 0.09
                       s · first token 0.10 s, total 6.26 s · draft 204/362
                       accepted (56%) · max_tokens reached
21:43:46.233 INFO:     #230 chat/completions (stream): 268 prompt tokens ·
                       temperature: 0, greedy (req), max_tokens: 21 (req),
                       min_tokens: 21 (req)
21:43:46.654 INFO:     #224 chat/completions (stream): 308 tokens generated at
                       77.6 T/s · prompt 84 tokens, none cached, 84 new in 0.09
                       s · first token 0.10 s, total 4.07 s · draft 182/252
                       accepted (72%) · max_tokens reached
21:43:46.719 INFO:     #231 chat/completions (stream): 209 prompt tokens ·
                       temperature: 0, greedy (req), max_tokens: 209 (req),
                       min_tokens: 209 (req)
21:43:46.720 INFO:     #230 chat/completions (stream): 21 tokens generated at
                       97.5 T/s · prompt 268 tokens, none cached, 268 new in
                       0.18 s (1,489 T/s) · first token 0.19 s, total 0.40 s ·
                       draft 12/18 accepted (67%) · max_tokens reached
21:43:46.897 INFO:     #232 chat/completions (stream): 178 prompt tokens ·
                       temperature: 0, greedy (req), max_tokens: 18 (req),
                       min_tokens: 18 (req)
21:43:47.276 INFO:     #232 chat/completions (stream): 18 tokens generated at
                       107.5 T/s · prompt 178 tokens, none cached, 178 new in
                       0.10 s · first token 0.11 s, total 0.27 s · draft 11/14
                       accepted (79%) · max_tokens reached
21:43:47.345 INFO:     #234 chat/completions (stream): 62 prompt tokens ·
                       temperature: 0, greedy (req), max_tokens: 94 (req),
                       min_tokens: 94 (req)
21:43:47.508 INFO:     #223 chat/completions (stream): 300 tokens generated at
                       61.7 T/s · prompt 59 tokens, none cached, 59 new in 0.07
                       s · first token 0.09 s, total 4.95 s · draft 149/302
                       accepted (49%) · max_tokens reached
21:43:47.551 INFO:     #191 chat/completions (stream): 1,181 tokens generated at
                       69.3 T/s · prompt 64 tokens, none cached, 64 new in 0.07
                       s · first token 0.08 s, total 17.1 s · draft 706/950
                       accepted (74%) · max_tokens reached
21:43:47.572 INFO:     #235 chat/completions (stream): 100 prompt tokens ·
                       temperature: 0, greedy (req), max_tokens: 91 (req),
                       min_tokens: 91 (req)
21:43:47.716 INFO:     #236 chat/completions (stream): 73 prompt tokens ·
                       temperature: 0, greedy (req), max_tokens: 229 (req),
                       min_tokens: 229 (req)
21:43:48.493 INFO:     #207 chat/completions (stream): 830 tokens generated at
                       68.5 T/s · prompt 72 tokens, none cached, 72 new in 0.16
                       s · first token 0.17 s, total 12.3 s · draft 491/678
                       accepted (72%) · max_tokens reached
21:43:48.559 INFO:     #237 chat/completions (stream): 88 prompt tokens ·
                       temperature: 0, greedy (req), max_tokens: 323 (req),
                       min_tokens: 323 (req)
21:43:48.703 INFO:     #229 chat/completions (stream): 223 tokens generated at
                       71.8 T/s · prompt 72 tokens, none cached, 72 new in 0.08
                       s · first token 0.09 s, total 3.19 s · draft 119/208
                       accepted (57%) · max_tokens reached
21:43:48.722 INFO:     #235 chat/completions (stream): 91 tokens generated at
                       102.6 T/s · prompt 100 tokens, none cached, 100 new in
                       0.09 s · first token 0.10 s, total 0.98 s · draft 57/68
                       accepted (84%) · max_tokens reached
21:43:48.741 INFO:     #234 chat/completions (stream): 94 tokens generated at
                       75.4 T/s · prompt 62 tokens, none cached, 62 new in 0.07
                       s · first token 0.08 s, total 1.32 s · draft 52/84
                       accepted (62%) · max_tokens reached
21:43:48.759 INFO:     #238 chat/completions (stream): 68 prompt tokens ·
                       temperature: 0, greedy (req), max_tokens: 534 (req),
                       min_tokens: 534 (req)
21:43:48.865 INFO:     #239 chat/completions (stream): 164 prompt tokens ·
                       temperature: 0, greedy (req), max_tokens: 41 (req),
                       min_tokens: 41 (req)
21:43:48.984 INFO:     #240 chat/completions (stream): 662 prompt tokens ·
                       temperature: 0, greedy (req), max_tokens: 243 (req),
                       min_tokens: 243 (req)
21:43:49.574 INFO:     #231 chat/completions (stream): 209 tokens generated at
                       78.8 T/s · prompt 209 tokens, none cached, 209 new in
                       0.10 s · first token 0.11 s, total 2.76 s · draft 132/154
                       accepted (86%) · max_tokens reached
21:43:49.645 INFO:     #241 chat/completions (stream): 106 prompt tokens ·
                       temperature: 0, greedy (req), max_tokens: 40 (req),
                       min_tokens: 40 (req)
21:43:49.812 INFO:     #239 chat/completions (stream): 41 tokens generated at
                       62.2 T/s · prompt 164 tokens, none cached, 164 new in
                       0.09 s · first token 0.10 s, total 0.75 s · draft 23/36
                       accepted (64%) · max_tokens reached
21:43:49.882 INFO:     #242 chat/completions (stream): 802 prompt tokens ·
                       temperature: 0, greedy (req), max_tokens: 6 (req),
                       min_tokens: 6 (req)
21:43:50.299 INFO:     #242 chat/completions (stream): 6 tokens generated at
                       119.5 T/s · prompt 802 tokens, none cached, 802 new in
                       0.27 s (2,970 T/s) · first token 0.28 s, total 0.33 s ·
                       draft 4/4 accepted (100%) · max_tokens reached
21:43:50.370 INFO:     #243 chat/completions (stream): 717 prompt tokens ·
                       temperature: 0, greedy (req), max_tokens: 21 (req),
                       min_tokens: 21 (req)
21:43:50.699 INFO:     #241 chat/completions (stream): 40 tokens generated at
                       66.4 T/s · prompt 106 tokens, none cached, 106 new in
                       0.09 s · first token 0.10 s, total 0.70 s · draft 25/30
                       accepted (83%) · max_tokens reached
21:43:50.767 INFO:     #244 chat/completions (stream): 114 prompt tokens ·
                       temperature: 0, greedy (req), max_tokens: 93 (req),
                       min_tokens: 93 (req)
21:43:51.038 INFO:     #243 chat/completions (stream): 21 tokens generated at
                       71.9 T/s · prompt 717 tokens, none cached, 717 new in
                       0.28 s (2,561 T/s) · first token 0.29 s, total 0.58 s ·
                       draft 13/16 accepted (81%) · max_tokens reached
21:43:51.107 INFO:     #245 chat/completions (stream): 75 prompt tokens ·
                       temperature: 0, greedy (req), max_tokens: 517 (req),
                       min_tokens: 517 (req)
21:43:51.597 INFO:     #236 chat/completions (stream): 229 tokens generated at
                       61.8 T/s · prompt 73 tokens, none cached, 73 new in 0.08
                       s · first token 0.08 s, total 3.79 s · draft 126/206
                       accepted (61%) · max_tokens reached
21:43:51.668 INFO:     #246 chat/completions (stream): 61 prompt tokens ·
                       temperature: 0, greedy (req), max_tokens: 201 (req),
                       min_tokens: 201 (req)
21:43:52.664 INFO:     #244 chat/completions (stream): 93 tokens generated at
                       54.8 T/s · prompt 114 tokens, none cached, 114 new in
                       0.10 s · first token 0.11 s, total 1.80 s · draft 29/128
                       accepted (23%) · max_tokens reached
21:43:52.734 INFO:     #247 chat/completions (stream): 167 prompt tokens ·
                       temperature: 0, greedy (req), max_tokens: 13 (req),
                       min_tokens: 13 (req)
21:43:52.947 INFO:     #240 chat/completions (stream): 243 tokens generated at
                       67.3 T/s · prompt 662 tokens, none cached, 662 new in
                       0.26 s (2,546 T/s) · first token 0.27 s, total 3.88 s ·
                       draft 132/222 accepted (59%) · max_tokens reached
21:43:53.005 INFO:     #248 chat/completions (stream): 65 prompt tokens ·
                       temperature: 0, greedy (req), max_tokens: 177 (req),
                       min_tokens: 177 (req)
21:43:53.106 INFO:     #227 chat/completions (stream): 607 tokens generated at
                       65.6 T/s · prompt 217 tokens, none cached, 217 new in
                       0.11 s · first token 0.12 s, total 9.36 s · draft 320/574
                       accepted (56%) · max_tokens reached
21:43:53.130 INFO:     #247 chat/completions (stream): 13 tokens generated at
                       96.3 T/s · prompt 167 tokens, none cached, 167 new in
                       0.09 s · first token 0.10 s, total 0.23 s · draft 7/12
                       accepted (58%) · max_tokens reached
21:43:53.174 INFO:     #249 chat/completions (stream): 637 prompt tokens ·
                       temperature: 0, greedy (req), max_tokens: 1147 (req),
                       min_tokens: 1147 (req)
21:43:53.359 INFO:     #250 chat/completions (stream): 690 prompt tokens ·
                       temperature: 0, greedy (req), max_tokens: 10 (req),
                       min_tokens: 10 (req)
21:43:53.929 INFO:     #250 chat/completions (stream): 10 tokens generated at
                       106.3 T/s · prompt 690 tokens, none cached, 690 new in
                       0.28 s (2,464 T/s) · queued 0.11 s, first token 0.39 s,
                       total 0.48 s · draft 6/8 accepted (75%) · max_tokens
                       reached
21:43:53.998 INFO:     #251 chat/completions (stream): 57 prompt tokens ·
                       temperature: 0, greedy (req), max_tokens: 285 (req),
                       min_tokens: 285 (req)
21:43:54.162 INFO:     #237 chat/completions (stream): 323 tokens generated at
                       60.4 T/s · prompt 88 tokens, none cached, 88 new in 0.08
                       s · first token 0.09 s, total 5.43 s · draft 179/288
                       accepted (62%) · max_tokens reached
21:43:54.230 INFO:     #252 chat/completions (stream): 76 prompt tokens ·
                       temperature: 0, greedy (req), max_tokens: 562 (req),
                       min_tokens: 562 (req)
21:43:54.542 INFO:     #246 chat/completions (stream): 201 tokens generated at
                       74.2 T/s · prompt 61 tokens, none cached, 61 new in 0.07
                       s · first token 0.08 s, total 2.79 s · draft 122/158
                       accepted (77%) · max_tokens reached
21:43:54.610 INFO:     #253 chat/completions (stream): 540 prompt tokens ·
                       temperature: 0, greedy (req), max_tokens: 8 (req),
                       min_tokens: 8 (req)
21:43:54.974 INFO:     #253 chat/completions (stream): 8 tokens generated at
                       113.3 T/s · prompt 540 tokens, none cached, 540 new in
                       0.20 s (2,700 T/s) · first token 0.21 s, total 0.28 s ·
                       draft 5/6 accepted (83%) · max_tokens reached
21:43:55.041 INFO:     #254 chat/completions (stream): 60 prompt tokens ·
                       temperature: 0, greedy (req), max_tokens: 198 (req),
                       min_tokens: 198 (req)
21:43:55.885 INFO:     #248 chat/completions (stream): 177 tokens generated at
                       65.2 T/s · prompt 65 tokens, none cached, 65 new in 0.07
                       s · first token 0.08 s, total 2.79 s · draft 100/154
                       accepted (65%) · max_tokens reached
21:43:55.909 INFO:     #228 chat/completions (stream): 805 tokens generated at
                       67.9 T/s · prompt 384 tokens, none cached, 384 new in
                       0.24 s (1,600 T/s) · first token 0.24 s, total 12.1 s ·
                       draft 439/732 accepted (60%) · max_tokens reached
21:43:55.953 INFO:     #255 chat/completions (stream): 58 prompt tokens ·
                       temperature: 0, greedy (req), max_tokens: 31 (req),
                       min_tokens: 31 (req)
21:43:56.050 INFO:     #256 chat/completions (stream): 449 prompt tokens ·
                       temperature: 0, greedy (req), max_tokens: 25 (req),
                       min_tokens: 25 (req)
21:43:56.556 INFO:     #238 chat/completions (stream): 534 tokens generated at
                       70.1 T/s · prompt 68 tokens, none cached, 68 new in 0.08
                       s · first token 0.09 s, total 7.71 s · draft 322/424
                       accepted (76%) · max_tokens reached
21:43:56.619 INFO:     #257 chat/completions (stream): 392 prompt tokens ·
                       temperature: 0, greedy (req), max_tokens: 17 (req),
                       min_tokens: 17 (req)
21:43:56.767 INFO:     #255 chat/completions (stream): 31 tokens generated at
                       58.8 T/s · prompt 58 tokens, none cached, 58 new in 0.07
                       s · first token 0.08 s, total 0.60 s · draft 20/22
                       accepted (91%) · max_tokens reached
21:43:56.914 INFO:     #256 chat/completions (stream): 25 tokens generated at
                       98.2 T/s · prompt 449 tokens, none cached, 449 new in
                       0.29 s (1,548 T/s) · first token 0.30 s, total 0.55 s ·
                       draft 14/22 accepted (64%) · max_tokens reached
21:43:56.936 INFO:     #258 chat/completions (stream): 112 prompt tokens ·
                       temperature: 0, greedy (req), max_tokens: 556 (req),
                       min_tokens: 556 (req)
21:43:57.082 INFO:     #259 chat/completions (stream): 79 prompt tokens ·
                       temperature: 0, greedy (req), max_tokens: 165 (req),
                       min_tokens: 165 (req)
21:43:57.347 INFO:     #257 chat/completions (stream): 17 tokens generated at
                       44.5 T/s · prompt 392 tokens, none cached, 392 new in
                       0.25 s (1,568 T/s) · first token 0.26 s, total 0.64 s ·
                       draft 9/16 accepted (56%) · max_tokens reached
21:43:57.417 INFO:     #260 chat/completions (stream): 63 prompt tokens ·
                       temperature: 0, greedy (req), max_tokens: 650 (req),
                       min_tokens: 650 (req)
21:43:58.107 INFO:     #254 chat/completions (stream): 198 tokens generated at
                       68.2 T/s · prompt 60 tokens, none cached, 60 new in 0.07
                       s · first token 0.08 s, total 2.98 s · draft 110/176
                       accepted (62%) · max_tokens reached
21:43:58.129 INFO:     #251 chat/completions (stream): 285 tokens generated at
                       71.8 T/s · prompt 57 tokens, none cached, 57 new in 0.07
                       s · first token 0.08 s, total 4.05 s · draft 165/240
                       accepted (69%) · max_tokens reached
21:43:58.172 INFO:     #261 chat/completions (stream): 68 prompt tokens ·
                       temperature: 0, greedy (req), max_tokens: 434 (req),
                       min_tokens: 434 (req)
21:43:58.286 INFO:     #262 chat/completions (stream): 527 prompt tokens ·
                       temperature: 0, greedy (req), max_tokens: 78 (req),
                       min_tokens: 78 (req)
21:43:59.059 INFO:     #245 chat/completions (stream): 517 tokens generated at
                       66.5 T/s · prompt 75 tokens, none cached, 75 new in 0.08
                       s · first token 0.09 s, total 7.86 s · draft 282/470
                       accepted (60%) · max_tokens reached
21:43:59.126 INFO:     #263 chat/completions (stream): 65 prompt tokens ·
                       temperature: 0, greedy (req), max_tokens: 352 (req),
                       min_tokens: 352 (req)
21:43:59.518 INFO:     #259 chat/completions (stream): 165 tokens generated at
                       72.7 T/s · prompt 79 tokens, none cached, 79 new in 0.08
                       s · first token 0.09 s, total 2.35 s · draft 86/158
                       accepted (54%) · max_tokens reached
21:43:59.540 INFO:     #262 chat/completions (stream): 78 tokens generated at
                       80.4 T/s · prompt 527 tokens, none cached, 527 new in
                       0.20 s (2,635 T/s) · first token 0.20 s, total 1.18 s ·
                       draft 39/78 accepted (50%) · max_tokens reached
21:43:59.583 INFO:     #264 chat/completions (stream): 342 prompt tokens ·
                       temperature: 0, greedy (req), max_tokens: 44 (req),
                       min_tokens: 44 (req)
21:43:59.737 INFO:     #265 chat/completions (stream): 448 prompt tokens ·
                       temperature: 0, greedy (req), max_tokens: 55 (req),
                       min_tokens: 55 (req)
21:44:00.598 INFO:     #264 chat/completions (stream): 44 tokens generated at
                       78.5 T/s · prompt 342 tokens, none cached, 342 new in
                       0.36 s (950 T/s) · first token 0.37 s, total 0.93 s ·
                       draft 24/40 accepted (60%) · max_tokens reached
21:44:00.663 INFO:     #266 chat/completions (stream): 399 prompt tokens ·
                       temperature: 0, greedy (req), max_tokens: 15 (req),
                       min_tokens: 15 (req)
21:44:00.941 INFO:     #265 chat/completions (stream): 55 tokens generated at
                       100.3 T/s · prompt 448 tokens, none cached, 448 new in
                       0.24 s (1,867 T/s) · first token 0.33 s, total 0.88 s ·
                       draft 31/48 accepted (65%) · max_tokens reached
21:44:01.004 INFO:     #267 chat/completions (stream): 72 prompt tokens ·
                       temperature: 0, greedy (req), max_tokens: 279 (req),
                       min_tokens: 279 (req)
21:44:01.254 INFO:     #266 chat/completions (stream): 15 tokens generated at
                       63.4 T/s · prompt 399 tokens, none cached, 399 new in
                       0.25 s (1,596 T/s) · first token 0.26 s, total 0.49 s ·
                       draft 8/14 accepted (57%) · max_tokens reached
21:44:01.320 INFO:     #268 chat/completions (stream): 64 prompt tokens ·
                       temperature: 0, greedy (req), max_tokens: 150 (req),
                       min_tokens: 150 (req)
21:44:02.864 INFO:     #252 chat/completions (stream): 562 tokens generated at
                       66.4 T/s · prompt 76 tokens, none cached, 76 new in 0.08
                       s · first token 0.09 s, total 8.55 s · draft 297/530
                       accepted (56%) · max_tokens reached
21:44:02.934 INFO:     #270 chat/completions (stream): 340 prompt tokens ·
                       temperature: 0, greedy (req), max_tokens: 26 (req),
                       min_tokens: 26 (req)
21:44:03.329 INFO:     #268 chat/completions (stream): 150 tokens generated at
                       81.5 T/s · prompt 64 tokens, none cached, 64 new in 0.07
                       s · first token 0.08 s, total 1.92 s · draft 84/132
                       accepted (64%) · max_tokens reached
21:44:03.399 INFO:     #271 chat/completions (stream): 66 prompt tokens ·
                       temperature: 0, greedy (req), max_tokens: 12 (req),
                       min_tokens: 12 (req)
21:44:03.663 INFO:     #270 chat/completions (stream): 26 tokens generated at
                       63.8 T/s · prompt 340 tokens, none cached, 340 new in
                       0.23 s (1,478 T/s) · first token 0.24 s, total 0.64 s ·
                       draft 13/26 accepted (50%) · max_tokens reached
21:44:03.664 INFO:     #271 chat/completions (stream): 12 tokens generated at
                       122.5 T/s · prompt 66 tokens, none cached, 66 new in 0.07
                       s · first token 0.08 s, total 0.17 s · draft 8/8 accepted
                       (100%) · max_tokens reached
21:44:03.731 INFO:     #272 chat/completions (stream): 446 prompt tokens ·
                       temperature: 0, greedy (req), max_tokens: 8 (req),
                       min_tokens: 8 (req)
21:44:03.732 INFO:     #273 chat/completions (stream): 99 prompt tokens ·
                       temperature: 0, greedy (req), max_tokens: 429 (req),
                       min_tokens: 429 (req)
21:44:04.258 INFO:     #272 chat/completions (stream): 8 tokens generated at
                       113.5 T/s · prompt 446 tokens, none cached, 446 new in
                       0.33 s (1,352 T/s) · first token 0.34 s, total 0.41 s ·
                       draft 5/6 accepted (83%) · max_tokens reached
21:44:04.324 INFO:     #274 chat/completions (stream): 70 prompt tokens ·
                       temperature: 0, greedy (req), max_tokens: 772 (req),
                       min_tokens: 772 (req)
21:44:04.431 INFO:     #263 chat/completions (stream): 352 tokens generated at
                       69.6 T/s · prompt 65 tokens, none cached, 65 new in 0.07
                       s · first token 0.08 s, total 5.13 s · draft 200/304
                       accepted (66%) · max_tokens reached
21:44:04.504 INFO:     #275 chat/completions (stream): 391 prompt tokens ·
                       temperature: 0, greedy (req), max_tokens: 46 (req),
                       min_tokens: 46 (req)
21:44:04.829 INFO:     #258 chat/completions (stream): 556 tokens generated at
                       74.5 T/s · prompt 112 tokens, none cached, 112 new in
                       0.09 s · first token 0.10 s, total 7.56 s · draft 326/460
                       accepted (71%) · max_tokens reached
21:44:04.897 INFO:     #276 chat/completions (stream): 60 prompt tokens ·
                       temperature: 0, greedy (req), max_tokens: 75 (req),
                       min_tokens: 75 (req)
21:44:05.041 INFO:     #267 chat/completions (stream): 279 tokens generated at
                       73.7 T/s · prompt 72 tokens, none cached, 72 new in 0.08
                       s · first token 0.09 s, total 3.87 s · draft 164/230
                       accepted (71%) · max_tokens reached
21:44:05.106 INFO:     #277 chat/completions (stream): 691 prompt tokens ·
                       temperature: 0, greedy (req), max_tokens: 139 (req),
                       min_tokens: 139 (req)
21:44:05.280 INFO:     #261 chat/completions (stream): 434 tokens generated at
                       64.0 T/s · prompt 68 tokens, none cached, 68 new in 0.08
                       s · first token 0.09 s, total 6.86 s · draft 235/398
                       accepted (59%) · max_tokens reached
21:44:05.447 INFO:     #278 chat/completions (stream): 68 prompt tokens ·
                       temperature: 0, greedy (req), max_tokens: 282 (req),
                       min_tokens: 282 (req)
21:44:05.827 INFO:     #275 chat/completions (stream): 46 tokens generated at
                       47.0 T/s · prompt 391 tokens, none cached, 391 new in
                       0.25 s (1,564 T/s) · first token 0.26 s, total 1.23 s ·
                       draft 21/50 accepted (42%) · max_tokens reached
21:44:05.894 INFO:     #279 chat/completions (stream): 63 prompt tokens ·
                       temperature: 0, greedy (req), max_tokens: 98 (req),
                       min_tokens: 98 (req)
21:44:06.208 INFO:     #276 chat/completions (stream): 75 tokens generated at
                       65.8 T/s · prompt 60 tokens, none cached, 60 new in 0.07
                       s · first token 0.08 s, total 1.22 s · draft 43/64
                       accepted (67%) · max_tokens reached
21:44:06.277 INFO:     #280 chat/completions (stream): 815 prompt tokens ·
                       temperature: 0, greedy (req), max_tokens: 282 (req),
                       min_tokens: 282 (req)
21:44:06.906 INFO:     #260 chat/completions (stream): 650 tokens generated at
                       69.7 T/s · prompt 63 tokens, none cached, 63 new in 0.07
                       s · first token 0.08 s, total 9.40 s · draft 374/552
                       accepted (68%) · max_tokens reached
21:44:06.973 INFO:     #281 chat/completions (stream): 84 prompt tokens ·
                       temperature: 0, greedy (req), max_tokens: 278 (req),
                       min_tokens: 278 (req)
21:44:07.343 INFO:     #277 chat/completions (stream): 139 tokens generated at
                       74.0 T/s · prompt 691 tokens, none cached, 691 new in
                       0.27 s (2,559 T/s) · first token 0.28 s, total 2.15 s ·
                       draft 80/118 accepted (68%) · max_tokens reached
21:44:07.344 INFO:     #279 chat/completions (stream): 98 tokens generated at
                       76.2 T/s · prompt 63 tokens, none cached, 63 new in 0.07
                       s · first token 0.08 s, total 1.36 s · draft 58/80
                       accepted (72%) · max_tokens reached
21:44:07.411 INFO:     #282 chat/completions (stream): 62 prompt tokens ·
                       temperature: 0, greedy (req), max_tokens: 105 (req),
                       min_tokens: 105 (req)
21:44:07.414 INFO:     #283 chat/completions (stream): 60 prompt tokens ·
                       temperature: 0, greedy (req), max_tokens: 202 (req),
                       min_tokens: 202 (req)
21:44:08.820 INFO:     #282 chat/completions (stream): 105 tokens generated at
                       90.3 T/s · prompt 62 tokens, none cached, 62 new in 0.14
                       s · first token 0.15 s, total 1.31 s · draft 57/96
                       accepted (59%) · max_tokens reached
21:44:08.892 INFO:     #284 chat/completions (stream): 61 prompt tokens ·
                       temperature: 0, greedy (req), max_tokens: 61 (req),
                       min_tokens: 61 (req)
21:44:09.230 INFO:     #278 chat/completions (stream): 282 tokens generated at
                       78.6 T/s · prompt 68 tokens, none cached, 68 new in 0.07
                       s · first token 0.08 s, total 3.67 s · draft 158/248
                       accepted (64%) · max_tokens reached
21:44:09.301 INFO:     #285 chat/completions (stream): 65 prompt tokens ·
                       temperature: 0, greedy (req), max_tokens: 210 (req),
                       min_tokens: 210 (req)
21:44:09.792 INFO:     #284 chat/completions (stream): 61 tokens generated at
                       83.7 T/s · prompt 61 tokens, none cached, 61 new in 0.07
                       s · first token 0.08 s, total 0.80 s · draft 35/52
                       accepted (67%) · max_tokens reached
21:44:09.858 INFO:     #286 chat/completions (stream): 60 prompt tokens ·
                       temperature: 0, greedy (req), max_tokens: 41 (req),
                       min_tokens: 41 (req)
21:44:09.956 INFO:     #249 chat/completions (stream): 1,147 tokens generated at
                       71.0 T/s · prompt 637 tokens, none cached, 637 new in
                       0.44 s (1,448 T/s) · first token 0.45 s, total 16.6 s ·
                       draft 655/984 accepted (67%) · max_tokens reached
21:44:10.028 INFO:     #287 chat/completions (stream): 60 prompt tokens ·
                       temperature: 0, greedy (req), max_tokens: 287 (req),
                       min_tokens: 287 (req)
21:44:10.234 INFO:     #280 chat/completions (stream): 282 tokens generated at
                       78.9 T/s · prompt 815 tokens, none cached, 815 new in
                       0.27 s (3,019 T/s) · first token 0.28 s, total 3.85 s ·
                       draft 156/252 accepted (62%) · max_tokens reached
21:44:10.300 INFO:     #288 chat/completions (stream): 70 prompt tokens ·
                       temperature: 0, greedy (req), max_tokens: 276 (req),
                       min_tokens: 276 (req)
21:44:10.402 INFO:     #283 chat/completions (stream): 202 tokens generated at
                       75.7 T/s · prompt 60 tokens, none cached, 60 new in 0.07
                       s · first token 0.15 s, total 2.82 s · draft 105/194
                       accepted (54%) · max_tokens reached
21:44:10.466 INFO:     #289 chat/completions (stream): 107 prompt tokens ·
                       temperature: 0, greedy (req), max_tokens: 176 (req),
                       min_tokens: 176 (req)
21:44:10.466 INFO:     #273 chat/completions (stream): 429 tokens generated at
                       67.6 T/s · prompt 99 tokens, none cached, 99 new in 0.09
                       s · queued 0.13 s, first token 0.22 s, total 6.56 s ·
                       draft 234/390 accepted (60%) · max_tokens reached
21:44:10.628 INFO:     #290 chat/completions (stream): 987 prompt tokens ·
                       temperature: 0, greedy (req), max_tokens: 113 (req),
                       min_tokens: 113 (req)
21:44:10.966 INFO:     #281 chat/completions (stream): 278 tokens generated at
                       78.8 T/s · prompt 84 tokens, none cached, 84 new in 0.08
                       s · first token 0.09 s, total 3.61 s · draft 158/240
                       accepted (66%) · max_tokens reached
21:44:10.967 INFO:     #286 chat/completions (stream): 41 tokens generated at
                       62.7 T/s · prompt 60 tokens, none cached, 60 new in 0.07
                       s · first token 0.08 s, total 0.73 s · draft 24/34
                       accepted (71%) · max_tokens reached
21:44:11.033 INFO:     #291 chat/completions (stream): 731 prompt tokens ·
                       temperature: 0, greedy (req), max_tokens: 694 (req),
                       min_tokens: 694 (req)
21:44:11.034 INFO:     #292 chat/completions (stream): 67 prompt tokens ·
                       temperature: 0, greedy (req), max_tokens: 84 (req),
                       min_tokens: 84 (req)
21:44:12.490 INFO:     #285 chat/completions (stream): 210 tokens generated at
                       69.4 T/s · prompt 65 tokens, none cached, 65 new in 0.07
                       s · first token 0.08 s, total 3.10 s · draft 127/166
                       accepted (77%) · max_tokens reached
21:44:12.490 INFO:     #292 chat/completions (stream): 84 tokens generated at
                       75.8 T/s · prompt 67 tokens, none cached, 67 new in 0.11
                       s · queued 0.15 s, first token 0.26 s, total 1.37 s ·
                       draft 45/78 accepted (58%) · max_tokens reached
21:44:12.550 INFO:     #293 chat/completions (stream): 91 prompt tokens ·
                       temperature: 0, greedy (req), max_tokens: 464 (req),
                       min_tokens: 464 (req)
21:44:12.551 INFO:     #294 chat/completions (stream): 114 prompt tokens ·
                       temperature: 0, greedy (req), max_tokens: 425 (req),
                       min_tokens: 425 (req)
21:44:12.787 INFO:     #290 chat/completions (stream): 113 tokens generated at
                       72.2 T/s · prompt 987 tokens, none cached, 987 new in
                       0.31 s (3,184 T/s) · first token 0.32 s, total 1.88 s ·
                       draft 65/96 accepted (68%) · max_tokens reached
21:44:12.855 INFO:     #295 chat/completions (stream): 60 prompt tokens ·
                       temperature: 0, greedy (req), max_tokens: 64 (req),
                       min_tokens: 64 (req)
21:44:13.306 INFO:     #289 chat/completions (stream): 176 tokens generated at
                       66.5 T/s · prompt 107 tokens, none cached, 107 new in
                       0.09 s · first token 0.10 s, total 2.74 s · draft 106/140
                       accepted (76%) · max_tokens reached
21:44:13.377 INFO:     #296 chat/completions (stream): 89 prompt tokens ·
                       temperature: 0, greedy (req), max_tokens: 609 (req),
                       min_tokens: 609 (req)
21:44:13.807 INFO:     #295 chat/completions (stream): 64 tokens generated at
                       81.6 T/s · prompt 60 tokens, none cached, 60 new in 0.07
                       s · first token 0.08 s, total 0.86 s · draft 36/56
                       accepted (64%) · max_tokens reached
21:44:13.881 INFO:     #297 chat/completions (stream): 648 prompt tokens ·
                       temperature: 0, greedy (req), max_tokens: 6 (req),
                       min_tokens: 6 (req)
21:44:14.327 INFO:     #297 chat/completions (stream): 6 tokens generated at
                       83.7 T/s · prompt 648 tokens, none cached, 648 new in
                       0.28 s (2,314 T/s) · first token 0.29 s, total 0.36 s ·
                       draft 4/4 accepted (100%) · max_tokens reached
21:44:14.395 INFO:     #298 chat/completions (stream): 113 prompt tokens ·
                       temperature: 0, greedy (req), max_tokens: 71 (req),
                       min_tokens: 71 (req)
21:44:15.170 INFO:     #287 chat/completions (stream): 287 tokens generated at
                       57.6 T/s · prompt 60 tokens, none cached, 60 new in 0.07
                       s · first token 0.08 s, total 5.06 s · draft 147/280
                       accepted (52%) · max_tokens reached
21:44:15.209 INFO:     #298 chat/completions (stream): 71 tokens generated at
                       115.5 T/s · prompt 113 tokens, none cached, 113 new in
                       0.10 s · first token 0.11 s, total 0.72 s · draft 46/50
                       accepted (92%) · max_tokens reached
21:44:15.229 INFO:     #288 chat/completions (stream): 276 tokens generated at
                       58.1 T/s · prompt 70 tokens, none cached, 70 new in 0.08
                       s · first token 0.09 s, total 4.84 s · draft 142/268
                       accepted (53%) · max_tokens reached
21:44:15.248 INFO:     #299 chat/completions (stream): 68 prompt tokens ·
                       temperature: 0, greedy (req), max_tokens: 169 (req),
                       min_tokens: 169 (req)
21:44:15.351 INFO:     #300 chat/completions (stream): 164 prompt tokens ·
                       temperature: 0, greedy (req), max_tokens: 302 (req),
                       min_tokens: 302 (req)
21:44:15.473 INFO:     #301 chat/completions (stream): 75 prompt tokens ·
                       temperature: 0, greedy (req), max_tokens: 306 (req),
                       min_tokens: 306 (req)
21:44:16.380 INFO:     #274 chat/completions (stream): 772 tokens generated at
                       65.0 T/s · prompt 70 tokens, none cached, 70 new in 0.08
                       s · first token 0.09 s, total 12.0 s · draft 418/708
                       accepted (59%) · max_tokens reached
21:44:16.450 INFO:     #302 chat/completions (stream): 256 prompt tokens ·
                       temperature: 0, greedy (req), max_tokens: 28 (req),
                       min_tokens: 28 (req)
21:44:17.007 INFO:     #302 chat/completions (stream): 28 tokens generated at
                       81.8 T/s · prompt 256 tokens, none cached, 256 new in
                       0.11 s (2,327 T/s) · first token 0.12 s, total 0.46 s ·
                       draft 14/28 accepted (50%) · max_tokens reached
21:44:17.077 INFO:     #304 chat/completions (stream): 137 prompt tokens ·
                       temperature: 0, greedy (req), max_tokens: 52 (req),
                       min_tokens: 52 (req)
21:44:17.503 INFO:     #299 chat/completions (stream): 169 tokens generated at
                       81.2 T/s · prompt 68 tokens, none cached, 68 new in 0.08
                       s · first token 0.09 s, total 2.17 s · draft 101/136
                       accepted (74%) · max_tokens reached
21:44:17.576 INFO:     #305 chat/completions (stream): 840 prompt tokens ·
                       temperature: 0, greedy (req), max_tokens: 11 (req),
                       min_tokens: 11 (req)
21:44:18.014 INFO:     #304 chat/completions (stream): 52 tokens generated at
                       71.2 T/s · prompt 137 tokens, none cached, 137 new in
                       0.11 s · first token 0.12 s, total 0.85 s · draft 33/38
                       accepted (87%) · max_tokens reached
21:44:18.080 INFO:     #306 chat/completions (stream): 77 prompt tokens ·
                       temperature: 0, greedy (req), max_tokens: 259 (req),
                       min_tokens: 259 (req)
21:44:18.081 INFO:     #305 chat/completions (stream): 11 tokens generated at
                       94.9 T/s · prompt 840 tokens, none cached, 840 new in
                       0.29 s (2,897 T/s) · first token 0.30 s, total 0.41 s ·
                       draft 6/10 accepted (60%) · max_tokens reached
21:44:18.263 INFO:     #307 chat/completions (stream): 434 prompt tokens ·
                       temperature: 0, greedy (req), max_tokens: 25 (req),
                       min_tokens: 25 (req)
21:44:18.815 INFO:     #307 chat/completions (stream): 25 tokens generated at
                       114.5 T/s · prompt 434 tokens, none cached, 434 new in
                       0.24 s (1,808 T/s) · first token 0.25 s, total 0.46 s ·
                       draft 16/18 accepted (89%) · max_tokens reached
21:44:18.887 INFO:     #308 chat/completions (stream): 136 prompt tokens ·
                       temperature: 0, greedy (req), max_tokens: 292 (req),
                       min_tokens: 292 (req)
21:44:19.258 INFO:     #294 chat/completions (stream): 425 tokens generated at
                       66.4 T/s · prompt 114 tokens, none cached, 114 new in
                       0.10 s · queued 0.10 s, first token 0.20 s, total 6.60 s
                       · draft 233/384 accepted (61%) · max_tokens reached
21:44:19.326 INFO:     #309 chat/completions (stream): 151 prompt tokens ·
                       temperature: 0, greedy (req), max_tokens: 435 (req),
                       min_tokens: 435 (req)
21:44:20.117 INFO:     #293 chat/completions (stream): 464 tokens generated at
                       63.6 T/s · prompt 91 tokens, none cached, 91 new in 0.18
                       s · first token 0.19 s, total 7.48 s · draft 240/448
                       accepted (54%) · max_tokens reached
21:44:20.118 INFO:     #300 chat/completions (stream): 302 tokens generated at
                       65.8 T/s · prompt 164 tokens, none cached, 164 new in
                       0.09 s · first token 0.10 s, total 4.68 s · draft 160/284
                       accepted (56%) · max_tokens reached
21:44:20.159 INFO:     #301 chat/completions (stream): 306 tokens generated at
                       67.7 T/s · prompt 75 tokens, none cached, 75 new in 0.08
                       s · first token 0.09 s, total 4.61 s · draft 163/286
                       accepted (57%) · max_tokens reached
21:44:20.179 INFO:     #310 chat/completions (stream): 884 prompt tokens ·
                       temperature: 0, greedy (req), max_tokens: 18 (req),
                       min_tokens: 18 (req)
21:44:20.180 INFO:     #311 chat/completions (stream): 311 prompt tokens ·
                       temperature: 0, greedy (req), max_tokens: 195 (req),
                       min_tokens: 195 (req)
21:44:20.717 INFO:     #312 chat/completions (stream): 425 prompt tokens ·
                       temperature: 0, greedy (req), max_tokens: 28 (req),
                       min_tokens: 28 (req)
21:44:21.165 INFO:     #310 chat/completions (stream): 18 tokens generated at
                       47.3 T/s · prompt 884 tokens, none cached, 884 new in
                       0.50 s (1,768 T/s) · first token 0.51 s, total 0.89 s ·
                       draft 11/14 accepted (79%) · max_tokens reached
21:44:21.259 INFO:     #313 chat/completions (stream): 804 prompt tokens ·
                       temperature: 0, greedy (req), max_tokens: 15 (req),
                       min_tokens: 15 (req)
21:44:21.622 INFO:     #312 chat/completions (stream): 28 tokens generated at
                       54.6 T/s · prompt 425 tokens, none cached, 425 new in
                       0.24 s (1,771 T/s) · first token 0.25 s, total 0.76 s ·
                       draft 15/26 accepted (58%) · max_tokens reached
21:44:21.688 INFO:     #314 chat/completions (stream): 614 prompt tokens ·
                       temperature: 0, greedy (req), max_tokens: 11 (req),
                       min_tokens: 11 (req)
21:44:21.994 INFO:     #313 chat/completions (stream): 15 tokens generated at
                       113.3 T/s · prompt 804 tokens, none cached, 804 new in
                       0.27 s (2,978 T/s) · first token 0.28 s, total 0.41 s ·
                       draft 9/12 accepted (75%) · max_tokens reached
21:44:22.038 INFO:     #291 chat/completions (stream): 694 tokens generated at
                       66.5 T/s · prompt 731 tokens, none cached, 731 new in
                       0.38 s (1,924 T/s) · first token 0.39 s, total 10.8 s ·
                       draft 394/600 accepted (66%) · max_tokens reached
21:44:22.057 INFO:     #315 chat/completions (stream): 289 prompt tokens ·
                       temperature: 0, greedy (req), max_tokens: 22 (req),
                       min_tokens: 22 (req)
21:44:22.252 INFO:     #316 chat/completions (stream): 63 prompt tokens ·
                       temperature: 0, greedy (req), max_tokens: 193 (req),
                       min_tokens: 193 (req)
21:44:22.350 INFO:     #314 chat/completions (stream): 11 tokens generated at
                       132.0 T/s · prompt 614 tokens, none cached, 614 new in
                       0.26 s (2,362 T/s) · first token 0.27 s, total 0.35 s ·
                       draft 7/8 accepted (88%) · max_tokens reached
21:44:22.419 INFO:     #317 chat/completions (stream): 225 prompt tokens ·
                       temperature: 0, greedy (req), max_tokens: 242 (req),
                       min_tokens: 242 (req)
21:44:22.691 INFO:     #315 chat/completions (stream): 22 tokens generated at
                       59.5 T/s · prompt 289 tokens, none cached, 289 new in
                       0.17 s (1,700 T/s) · first token 0.18 s, total 0.55 s ·
                       draft 14/16 accepted (88%) · max_tokens reached
21:44:22.759 INFO:     #318 chat/completions (stream): 70 prompt tokens ·
                       temperature: 0, greedy (req), max_tokens: 102 (req),
                       min_tokens: 102 (req)
21:44:23.002 INFO:     #306 chat/completions (stream): 259 tokens generated at
                       54.6 T/s · prompt 77 tokens, none cached, 77 new in 0.08
                       s · first token 0.09 s, total 4.83 s · draft 146/226
                       accepted (65%) · max_tokens reached
21:44:23.070 INFO:     #319 chat/completions (stream): 248 prompt tokens ·
                       temperature: 0, greedy (req), max_tokens: 8 (req),
                       min_tokens: 8 (req)
21:44:23.346 INFO:     #319 chat/completions (stream): 8 tokens generated at
                       114.3 T/s · prompt 248 tokens, none cached, 248 new in
                       0.11 s · first token 0.12 s, total 0.19 s · draft 5/6
                       accepted (83%) · max_tokens reached
21:44:23.415 INFO:     #320 chat/completions (stream): 91 prompt tokens ·
                       temperature: 0, greedy (req), max_tokens: 333 (req),
                       min_tokens: 333 (req)
21:44:23.755 INFO:     #296 chat/completions (stream): 609 tokens generated at
                       59.7 T/s · prompt 89 tokens, none cached, 89 new in 0.08
                       s · first token 0.09 s, total 10.3 s · draft 329/560
                       accepted (59%) · max_tokens reached
21:44:23.756 INFO:     #308 chat/completions (stream): 292 tokens generated at
                       62.6 T/s · prompt 136 tokens, none cached, 136 new in
                       0.11 s · first token 0.12 s, total 4.78 s · draft 175/234
                       accepted (75%) · max_tokens reached
21:44:23.837 INFO:     #321 chat/completions (stream): 86 prompt tokens ·
                       temperature: 0, greedy (req), max_tokens: 334 (req),
                       min_tokens: 334 (req)
21:44:23.838 INFO:     #322 chat/completions (stream): 322 prompt tokens ·
                       temperature: 0, greedy (req), max_tokens: 326 (req),
                       min_tokens: 326 (req)
21:44:24.418 INFO:     #318 chat/completions (stream): 102 tokens generated at
                       68.6 T/s · prompt 70 tokens, none cached, 70 new in 0.08
                       s · first token 0.09 s, total 1.57 s · draft 62/80
                       accepted (78%) · max_tokens reached
21:44:24.460 INFO:     #311 chat/completions (stream): 195 tokens generated at
                       53.0 T/s · prompt 311 tokens, none cached, 311 new in
                       0.32 s (972 T/s) · queued 0.20 s, first token 0.52 s,
                       total 4.20 s · draft 109/172 accepted (63%) · max_tokens
                       reached
21:44:24.480 INFO:     #323 chat/completions (stream): 81 prompt tokens ·
                       temperature: 0, greedy (req), max_tokens: 353 (req),
                       min_tokens: 353 (req)
21:44:24.610 INFO:     #324 chat/completions (stream): 218 prompt tokens ·
                       temperature: 0, greedy (req), max_tokens: 599 (req),
                       min_tokens: 599 (req)
21:44:25.377 INFO:     #316 chat/completions (stream): 193 tokens generated at
                       65.3 T/s · prompt 63 tokens, none cached, 63 new in 0.07
                       s · first token 0.08 s, total 3.03 s · draft 107/172
                       accepted (62%) · max_tokens reached
21:44:25.449 INFO:     #325 chat/completions (stream): 274 prompt tokens ·
                       temperature: 0, greedy (req), max_tokens: 94 (req),
                       min_tokens: 94 (req)
21:44:25.741 INFO:     #317 chat/completions (stream): 242 tokens generated at
                       77.6 T/s · prompt 225 tokens, none cached, 225 new in
                       0.11 s · first token 0.12 s, total 3.23 s · draft 151/182
                       accepted (83%) · max_tokens reached
21:44:25.811 INFO:     #326 chat/completions (stream): 90 prompt tokens ·
                       temperature: 0, greedy (req), max_tokens: 1439 (req),
                       min_tokens: 1439 (req)
21:44:26.658 INFO:     #309 chat/completions (stream): 435 tokens generated at
                       60.9 T/s · prompt 151 tokens, none cached, 151 new in
                       0.09 s · first token 0.10 s, total 7.24 s · draft 242/386
                       accepted (63%) · max_tokens reached
21:44:26.723 INFO:     #327 chat/completions (stream): 322 prompt tokens ·
                       temperature: 0, greedy (req), max_tokens: 23 (req),
                       min_tokens: 23 (req)
21:44:26.724 INFO:     #325 chat/completions (stream): 94 tokens generated at
                       93.0 T/s · prompt 274 tokens, none cached, 274 new in
                       0.17 s (1,612 T/s) · first token 0.18 s, total 1.19 s ·
                       draft 55/78 accepted (71%) · max_tokens reached
21:44:26.989 INFO:     #328 chat/completions (stream): 628 prompt tokens ·
                       temperature: 0, greedy (req), max_tokens: 93 (req),
                       min_tokens: 93 (req)
21:44:27.520 INFO:     #327 chat/completions (stream): 23 tokens generated at
                       47.4 T/s · prompt 322 tokens, none cached, 322 new in
                       0.21 s (1,533 T/s) · first token 0.22 s, total 0.70 s ·
                       draft 13/20 accepted (65%) · max_tokens reached
21:44:27.591 INFO:     #329 chat/completions (stream): 73 prompt tokens ·
                       temperature: 0, greedy (req), max_tokens: 327 (req),
                       min_tokens: 327 (req)
21:44:28.442 INFO:     #328 chat/completions (stream): 93 tokens generated at
                       85.8 T/s · prompt 628 tokens, none cached, 628 new in
                       0.27 s (2,326 T/s) · first token 0.28 s, total 1.36 s ·
                       draft 51/84 accepted (61%) · max_tokens reached
21:44:28.510 INFO:     #330 chat/completions (stream): 90 prompt tokens ·
                       temperature: 0, greedy (req), max_tokens: 131 (req),
                       min_tokens: 131 (req)
21:44:28.744 INFO:     #320 chat/completions (stream): 333 tokens generated at
                       64.7 T/s · prompt 91 tokens, none cached, 91 new in 0.09
                       s · first token 0.10 s, total 5.24 s · draft 175/316
                       accepted (55%) · max_tokens reached
21:44:28.814 INFO:     #331 chat/completions (stream): 828 prompt tokens ·
                       temperature: 0, greedy (req), max_tokens: 39 (req),
                       min_tokens: 39 (req)
21:44:29.133 INFO:     #321 chat/completions (stream): 334 tokens generated at
                       71.5 T/s · prompt 86 tokens, none cached, 86 new in 0.27
                       s · first token 0.28 s, total 4.96 s · draft 184/300
                       accepted (61%) · max_tokens reached
21:44:29.210 INFO:     #332 chat/completions (stream): 579 prompt tokens ·
                       temperature: 0, greedy (req), max_tokens: 213 (req),
                       min_tokens: 213 (req)
21:44:29.383 INFO:     #322 chat/completions (stream): 326 tokens generated at
                       66.3 T/s · prompt 322 tokens, none cached, 322 new in
                       0.22 s (1,464 T/s) · queued 0.16 s, first token 0.38 s,
                       total 5.30 s · draft 173/306 accepted (57%) · max_tokens
                       reached
21:44:29.531 INFO:     #333 chat/completions (stream): 57 prompt tokens ·
                       temperature: 0, greedy (req), max_tokens: 56 (req),
                       min_tokens: 56 (req)
21:44:29.888 INFO:     #331 chat/completions (stream): 39 tokens generated at
                       55.0 T/s · prompt 828 tokens, none cached, 828 new in
                       0.27 s (3,067 T/s) · first token 0.28 s, total 0.98 s ·
                       draft 22/34 accepted (65%) · max_tokens reached
21:44:29.955 INFO:     #334 chat/completions (stream): 56 prompt tokens ·
                       temperature: 0, greedy (req), max_tokens: 277 (req),
                       min_tokens: 277 (req)
21:44:30.324 INFO:     #323 chat/completions (stream): 353 tokens generated at
                       62.3 T/s · prompt 81 tokens, none cached, 81 new in 0.08
                       s · first token 0.09 s, total 5.75 s · draft 182/342
                       accepted (53%) · max_tokens reached
21:44:30.390 INFO:     #335 chat/completions (stream): 196 prompt tokens ·
                       temperature: 0, greedy (req), max_tokens: 362 (req),
                       min_tokens: 362 (req)
21:44:30.542 INFO:     #333 chat/completions (stream): 56 tokens generated at
                       75.5 T/s · prompt 57 tokens, none cached, 57 new in 0.07
                       s · first token 0.08 s, total 0.82 s · draft 28/56
                       accepted (50%) · max_tokens reached
21:44:30.610 INFO:     #336 chat/completions (stream): 81 prompt tokens ·
                       temperature: 0, greedy (req), max_tokens: 1003 (req),
                       min_tokens: 1003 (req)
21:44:30.764 INFO:     #330 chat/completions (stream): 131 tokens generated at
                       66.0 T/s · prompt 90 tokens, none cached, 90 new in 0.09
                       s · first token 0.10 s, total 2.08 s · draft 78/106
                       accepted (74%) · max_tokens reached
21:44:30.837 INFO:     #337 chat/completions (stream): 255 prompt tokens ·
                       temperature: 0, greedy (req), max_tokens: 819 (req),
                       min_tokens: 819 (req)
21:44:32.210 INFO:     #329 chat/completions (stream): 327 tokens generated at
                       73.7 T/s · prompt 73 tokens, none cached, 73 new in 0.08
                       s · first token 0.09 s, total 4.53 s · draft 185/284
                       accepted (65%) · max_tokens reached
21:44:32.279 INFO:     #339 chat/completions (stream): 891 prompt tokens ·
                       temperature: 0, greedy (req), max_tokens: 37 (req),
                       min_tokens: 37 (req)
21:44:32.604 INFO:     #332 chat/completions (stream): 213 tokens generated at
                       76.9 T/s · prompt 579 tokens, none cached, 579 new in
                       0.24 s (2,412 T/s) · first token 0.25 s, total 3.02 s ·
                       draft 117/192 accepted (61%) · max_tokens reached
21:44:32.676 INFO:     #340 chat/completions (stream): 442 prompt tokens ·
                       temperature: 0, greedy (req), max_tokens: 43 (req),
                       min_tokens: 43 (req)
21:44:33.061 INFO:     #324 chat/completions (stream): 599 tokens generated at
                       72.6 T/s · prompt 218 tokens, none cached, 218 new in
                       0.11 s · first token 0.12 s, total 8.36 s · draft 350/498
                       accepted (70%) · max_tokens reached
21:44:33.130 INFO:     #341 chat/completions (stream): 63 prompt tokens ·
                       temperature: 0, greedy (req), max_tokens: 241 (req),
                       min_tokens: 241 (req)
21:44:33.318 INFO:     #339 chat/completions (stream): 37 tokens generated at
                       57.1 T/s · prompt 891 tokens, none cached, 891 new in
                       0.30 s (2,970 T/s) · first token 0.31 s, total 0.95 s ·
                       draft 22/30 accepted (73%) · max_tokens reached
21:44:33.388 INFO:     #342 chat/completions (stream): 155 prompt tokens ·
                       temperature: 0, greedy (req), max_tokens: 692 (req),
                       min_tokens: 692 (req)
21:44:33.574 INFO:     #340 chat/completions (stream): 43 tokens generated at
                       92.7 T/s · prompt 442 tokens, none cached, 442 new in
                       0.24 s (1,842 T/s) · first token 0.25 s, total 0.71 s ·
                       draft 26/34 accepted (76%) · max_tokens reached
21:44:33.645 INFO:     #343 chat/completions (stream): 340 prompt tokens ·
                       temperature: 0, greedy (req), max_tokens: 14 (req),
                       min_tokens: 14 (req)
21:44:34.088 INFO:     #343 chat/completions (stream): 14 tokens generated at
                       116.0 T/s · prompt 340 tokens, none cached, 340 new in
                       0.23 s (1,478 T/s) · first token 0.24 s, total 0.36 s ·
                       draft 9/10 accepted (90%) · max_tokens reached
21:44:34.152 INFO:     #344 chat/completions (stream): 59 prompt tokens ·
                       temperature: 0, greedy (req), max_tokens: 35 (req),
                       min_tokens: 35 (req)
21:44:34.270 INFO:     #334 chat/completions (stream): 277 tokens generated at
                       67.9 T/s · prompt 56 tokens, none cached, 56 new in 0.07
                       s · first token 0.08 s, total 4.16 s · draft 156/242
                       accepted (64%) · max_tokens reached
21:44:34.340 INFO:     #345 chat/completions (stream): 71 prompt tokens ·
                       temperature: 0, greedy (req), max_tokens: 88 (req),
                       min_tokens: 88 (req)
21:44:34.734 INFO:     #344 chat/completions (stream): 35 tokens generated at
                       84.3 T/s · prompt 59 tokens, none cached, 59 new in 0.07
                       s · first token 0.08 s, total 0.49 s · draft 21/28
                       accepted (75%) · max_tokens reached
21:44:34.806 INFO:     #346 chat/completions (stream): 282 prompt tokens ·
                       temperature: 0, greedy (req), max_tokens: 6 (req),
                       min_tokens: 6 (req)
21:44:35.124 INFO:     #346 chat/completions (stream): 6 tokens generated at
                       120.0 T/s · prompt 282 tokens, none cached, 282 new in
                       0.17 s (1,659 T/s) · first token 0.18 s, total 0.23 s ·
                       draft 4/4 accepted (100%) · max_tokens reached
21:44:35.212 INFO:     #347 chat/completions (stream): 94 prompt tokens ·
                       temperature: 0, greedy (req), max_tokens: 262 (req),
                       min_tokens: 262 (req)
21:44:35.755 INFO:     #345 chat/completions (stream): 88 tokens generated at
                       71.1 T/s · prompt 71 tokens, none cached, 71 new in 0.08
                       s · first token 0.09 s, total 1.32 s · draft 48/80
                       accepted (60%) · max_tokens reached
21:44:35.822 INFO:     #348 chat/completions (stream): 491 prompt tokens ·
                       temperature: 0, greedy (req), max_tokens: 604 (req),
                       min_tokens: 604 (req)
21:44:35.970 INFO:     #335 chat/completions (stream): 362 tokens generated at
                       68.9 T/s · prompt 196 tokens, none cached, 196 new in
                       0.10 s · first token 0.11 s, total 5.36 s · draft 205/314
                       accepted (65%) · max_tokens reached
21:44:36.145 INFO:     #349 chat/completions (stream): 334 prompt tokens ·
                       temperature: 0, greedy (req), max_tokens: 28 (req),
                       min_tokens: 28 (req)
21:44:36.750 INFO:     #349 chat/completions (stream): 28 tokens generated at
                       102.7 T/s · prompt 334 tokens, none cached, 334 new in
                       0.23 s (1,452 T/s) · first token 0.24 s, total 0.51 s ·
                       draft 17/22 accepted (77%) · max_tokens reached
21:44:36.824 INFO:     #350 chat/completions (stream): 528 prompt tokens ·
                       temperature: 0, greedy (req), max_tokens: 15 (req),
                       min_tokens: 15 (req)
21:44:37.260 INFO:     #350 chat/completions (stream): 15 tokens generated at
                       119.2 T/s · prompt 528 tokens, none cached, 528 new in
                       0.19 s (2,779 T/s) · first token 0.20 s, total 0.32 s ·
                       draft 10/10 accepted (100%) · max_tokens reached
21:44:37.332 INFO:     #351 chat/completions (stream): 67 prompt tokens ·
                       temperature: 0, greedy (req), max_tokens: 318 (req),
                       min_tokens: 318 (req)
21:44:37.555 INFO:     #341 chat/completions (stream): 241 tokens generated at
                       56.6 T/s · prompt 63 tokens, none cached, 63 new in 0.07
                       s · first token 0.08 s, total 4.33 s · draft 123/236
                       accepted (52%) · max_tokens reached
21:44:37.626 INFO:     #352 chat/completions (stream): 416 prompt tokens ·
                       temperature: 0, greedy (req), max_tokens: 10 (req),
                       min_tokens: 10 (req)
21:44:38.065 INFO:     #352 chat/completions (stream): 10 tokens generated at
                       102.2 T/s · prompt 416 tokens, none cached, 416 new in
                       0.24 s (1,733 T/s) · first token 0.25 s, total 0.34 s ·
                       draft 6/8 accepted (75%) · max_tokens reached
21:44:38.137 INFO:     #353 chat/completions (stream): 118 prompt tokens ·
                       temperature: 0, greedy (req), max_tokens: 345 (req),
                       min_tokens: 345 (req)
21:44:38.936 INFO:     #347 chat/completions (stream): 262 tokens generated at
                       74.2 T/s · prompt 94 tokens, none cached, 94 new in 0.09
                       s · first token 0.10 s, total 3.63 s · draft 160/204
                       accepted (78%) · max_tokens reached
21:44:39.011 INFO:     #354 chat/completions (stream): 697 prompt tokens ·
                       temperature: 0, greedy (req), max_tokens: 1321 (req),
                       min_tokens: 1321 (req)
21:44:40.540 WARNING:  #326 chat/completions (stream): generation stopped
                       because a token loop was detected
21:44:40.632 INFO:     #326 chat/completions (stream): 1,134 tokens generated at
                       77.5 T/s · prompt 90 tokens, none cached, 90 new in 0.08
                       s · first token 0.09 s, total 14.7 s · draft 700/868
                       accepted (81%) · loop detected
21:44:40.705 INFO:     #355 chat/completions (stream): 683 prompt tokens ·
                       temperature: 0, greedy (req), max_tokens: 9 (req),
                       min_tokens: 9 (req)
21:44:41.168 INFO:     #355 chat/completions (stream): 9 tokens generated at
                       92.7 T/s · prompt 683 tokens, none cached, 683 new in
                       0.27 s (2,530 T/s) · first token 0.28 s, total 0.37 s ·
                       draft 5/8 accepted (62%) · max_tokens reached
21:44:41.255 INFO:     #356 chat/completions (stream): 763 prompt tokens ·
                       temperature: 0, greedy (req), max_tokens: 35 (req),
                       min_tokens: 35 (req)
21:44:41.974 INFO:     #356 chat/completions (stream): 35 tokens generated at
                       102.8 T/s · prompt 763 tokens, none cached, 763 new in
                       0.28 s (2,725 T/s) · first token 0.29 s, total 0.63 s ·
                       draft 21/28 accepted (75%) · max_tokens reached
21:44:42.048 INFO:     #357 chat/completions (stream): 596 prompt tokens ·
                       temperature: 0, greedy (req), max_tokens: 11 (req),
                       min_tokens: 11 (req)
21:44:42.419 INFO:     #351 chat/completions (stream): 318 tokens generated at
                       64.7 T/s · prompt 67 tokens, none cached, 67 new in 0.08
                       s · first token 0.09 s, total 5.00 s · draft 174/288
                       accepted (60%) · max_tokens reached
21:44:42.486 INFO:     #358 chat/completions (stream): 67 prompt tokens ·
                       temperature: 0, greedy (req), max_tokens: 72 (req),
                       min_tokens: 72 (req)
21:44:42.593 INFO:     #357 chat/completions (stream): 11 tokens generated at
                       95.6 T/s · prompt 596 tokens, none cached, 596 new in
                       0.25 s (2,384 T/s) · first token 0.26 s, total 0.37 s ·
                       draft 6/10 accepted (60%) · max_tokens reached
21:44:42.664 INFO:     #359 chat/completions (stream): 266 prompt tokens ·
                       temperature: 0, greedy (req), max_tokens: 6 (req),
                       min_tokens: 6 (req)
21:44:42.965 INFO:     #359 chat/completions (stream): 6 tokens generated at
                       120.1 T/s · prompt 266 tokens, none cached, 266 new in
                       0.15 s (1,773 T/s) · first token 0.16 s, total 0.21 s ·
                       draft 4/4 accepted (100%) · max_tokens reached
21:44:43.038 INFO:     #360 chat/completions (stream): 104 prompt tokens ·
                       temperature: 0, greedy (req), max_tokens: 354 (req),
                       min_tokens: 354 (req)
21:44:43.315 INFO:     #337 chat/completions (stream): 819 tokens generated at
                       66.8 T/s · prompt 255 tokens, none cached, 255 new in
                       0.11 s · first token 0.11 s, total 12.4 s · draft 467/704
                       accepted (66%) · max_tokens reached
21:44:43.339 INFO:     #353 chat/completions (stream): 345 tokens generated at
                       69.0 T/s · prompt 118 tokens, none cached, 118 new in
                       0.10 s · first token 0.11 s, total 5.11 s · draft 198/294
                       accepted (67%) · max_tokens reached
21:44:43.385 INFO:     #361 chat/completions (stream): 65 prompt tokens ·
                       temperature: 0, greedy (req), max_tokens: 243 (req),
                       min_tokens: 243 (req)
21:44:43.491 INFO:     #362 chat/completions (stream): 62 prompt tokens ·
                       temperature: 0, greedy (req), max_tokens: 242 (req),
                       min_tokens: 242 (req)
21:44:43.846 INFO:     #358 chat/completions (stream): 72 tokens generated at
                       60.6 T/s · prompt 67 tokens, none cached, 67 new in 0.08
                       s · first token 0.09 s, total 1.28 s · draft 40/64
                       accepted (62%) · max_tokens reached
21:44:43.909 INFO:     #363 chat/completions (stream): 74 prompt tokens ·
                       temperature: 0, greedy (req), max_tokens: 19 (req),
                       min_tokens: 19 (req)
21:44:43.909 INFO:     #336 chat/completions (stream): 1,003 tokens generated at
                       76.4 T/s · prompt 81 tokens, none cached, 81 new in 0.08
                       s · first token 0.09 s, total 13.2 s · draft 626/754
                       accepted (83%) · max_tokens reached
21:44:44.060 INFO:     #364 chat/completions (stream): 871 prompt tokens ·
                       temperature: 0, greedy (req), max_tokens: 110 (req),
                       min_tokens: 110 (req)
21:44:44.509 INFO:     #363 chat/completions (stream): 19 tokens generated at
                       45.0 T/s · prompt 74 tokens, none cached, 74 new in 0.08
                       s · first token 0.09 s, total 0.51 s · draft 12/14
                       accepted (86%) · max_tokens reached
21:44:44.581 INFO:     #365 chat/completions (stream): 386 prompt tokens ·
                       temperature: 0, greedy (req), max_tokens: 37 (req),
                       min_tokens: 37 (req)
21:44:45.253 INFO:     #365 chat/completions (stream): 37 tokens generated at
                       116.7 T/s · prompt 386 tokens, none cached, 386 new in
                       0.25 s (1,544 T/s) · first token 0.26 s, total 0.57 s ·
                       draft 24/26 accepted (92%) · max_tokens reached
21:44:45.325 INFO:     #366 chat/completions (stream): 365 prompt tokens ·
                       temperature: 0, greedy (req), max_tokens: 10 (req),
                       min_tokens: 10 (req)
21:44:45.730 INFO:     #348 chat/completions (stream): 604 tokens generated at
                       63.1 T/s · prompt 491 tokens, none cached, 491 new in
                       0.25 s (1,964 T/s) · first token 0.26 s, total 9.82 s ·
                       draft 340/528 accepted (64%) · max_tokens reached
21:44:45.774 INFO:     #366 chat/completions (stream): 10 tokens generated at
                       84.6 T/s · prompt 365 tokens, none cached, 365 new in
                       0.24 s (1,521 T/s) · first token 0.25 s, total 0.36 s ·
                       draft 5/10 accepted (50%) · max_tokens reached
21:44:45.796 INFO:     #367 chat/completions (stream): 125 prompt tokens ·
                       temperature: 0, greedy (req), max_tokens: 236 (req),
                       min_tokens: 236 (req)
21:44:45.951 INFO:     #368 chat/completions (stream): 68 prompt tokens ·
                       temperature: 0, greedy (req), max_tokens: 212 (req),
                       min_tokens: 212 (req)
21:44:46.170 INFO:     #364 chat/completions (stream): 110 tokens generated at
                       63.4 T/s · prompt 871 tokens, none cached, 871 new in
                       0.28 s (3,111 T/s) · first token 0.29 s, total 2.02 s ·
                       draft 64/92 accepted (70%) · max_tokens reached
21:44:46.260 INFO:     #369 chat/completions (stream): 604 prompt tokens ·
                       temperature: 0, greedy (req), max_tokens: 103 (req),
                       min_tokens: 103 (req)
21:44:46.714 INFO:     #342 chat/completions (stream): 692 tokens generated at
                       52.7 T/s · prompt 155 tokens, none cached, 155 new in
                       0.09 s · first token 0.10 s, total 13.2 s · draft 332/720
                       accepted (46%) · max_tokens reached
21:44:46.784 INFO:     #370 chat/completions (stream): 62 prompt tokens ·
                       temperature: 0, greedy (req), max_tokens: 76 (req),
                       min_tokens: 76 (req)
21:44:47.775 INFO:     #361 chat/completions (stream): 243 tokens generated at
                       57.6 T/s · prompt 65 tokens, none cached, 65 new in 0.07
                       s · first token 0.08 s, total 4.29 s · draft 125/236
                       accepted (53%) · max_tokens reached
21:44:47.832 INFO:     #372 chat/completions (stream): 87 prompt tokens ·
                       temperature: 0, greedy (req), max_tokens: 22 (req),
                       min_tokens: 22 (req)
21:44:47.833 INFO:     #369 chat/completions (stream): 103 tokens generated at
                       83.8 T/s · prompt 604 tokens, none cached, 604 new in
                       0.26 s (2,323 T/s) · first token 0.27 s, total 1.49 s ·
                       draft 56/94 accepted (60%) · max_tokens reached
21:44:47.945 INFO:     #362 chat/completions (stream): 242 tokens generated at
                       57.5 T/s · prompt 62 tokens, none cached, 62 new in 0.07
                       s · first token 0.08 s, total 4.28 s · draft 121/242
                       accepted (50%) · max_tokens reached
21:44:47.946 INFO:     #370 chat/completions (stream): 76 tokens generated at
                       83.1 T/s · prompt 62 tokens, none cached, 62 new in 0.07
                       s · first token 0.08 s, total 0.99 s · draft 39/74
                       accepted (53%) · max_tokens reached
21:44:47.985 INFO:     #373 chat/completions (stream): 62 prompt tokens ·
                       temperature: 0, greedy (req), max_tokens: 160 (req),
                       min_tokens: 160 (req)
21:44:48.081 INFO:     #374 chat/completions (stream): 58 prompt tokens ·
                       temperature: 0, greedy (req), max_tokens: 30 (req),
                       min_tokens: 30 (req)
21:44:48.083 INFO:     #375 chat/completions (stream): 103 prompt tokens ·
                       temperature: 0, greedy (req), max_tokens: 483 (req),
                       min_tokens: 483 (req)
21:44:48.437 INFO:     #372 chat/completions (stream): 22 tokens generated at
                       52.4 T/s · prompt 87 tokens, none cached, 87 new in 0.09
                       s · first token 0.10 s, total 0.52 s · draft 14/16
                       accepted (88%) · max_tokens reached
21:44:48.507 INFO:     #376 chat/completions (stream): 71 prompt tokens ·
                       temperature: 0, greedy (req), max_tokens: 68 (req),
                       min_tokens: 68 (req)
21:44:48.727 INFO:     #374 chat/completions (stream): 30 tokens generated at
                       78.3 T/s · prompt 58 tokens, none cached, 58 new in 0.16
                       s · first token 0.17 s, total 0.55 s · draft 17/26
                       accepted (65%) · max_tokens reached
21:44:48.797 INFO:     #377 chat/completions (stream): 828 prompt tokens ·
                       temperature: 0, greedy (req), max_tokens: 6 (req),
                       min_tokens: 6 (req)
21:44:49.127 INFO:     #367 chat/completions (stream): 236 tokens generated at
                       81.7 T/s · prompt 125 tokens, none cached, 125 new in
                       0.10 s · first token 0.11 s, total 3.00 s · draft 149/177
                       accepted (84%) · max_tokens reached
21:44:49.211 INFO:     #378 chat/completions (stream): 93 prompt tokens ·
                       temperature: 0, greedy (req), max_tokens: 257 (req),
                       min_tokens: 257 (req)
21:44:49.212 INFO:     #377 chat/completions (stream): 6 tokens generated at
                       138.4 T/s · prompt 828 tokens, none cached, 828 new in
                       0.26 s (3,185 T/s) · first token 0.27 s, total 0.31 s ·
                       draft 4/4 accepted (100%) · max_tokens reached
21:44:49.382 INFO:     #379 chat/completions (stream): 223 prompt tokens ·
                       temperature: 0, greedy (req), max_tokens: 96 (req),
                       min_tokens: 96 (req)
21:44:49.608 INFO:     #368 chat/completions (stream): 212 tokens generated at
                       60.8 T/s · prompt 68 tokens, none cached, 68 new in 0.08
                       s · first token 0.09 s, total 3.57 s · draft 116/195
                       accepted (59%) · max_tokens reached
21:44:49.680 INFO:     #380 chat/completions (stream): 542 prompt tokens ·
                       temperature: 0, greedy (req), max_tokens: 91 (req),
                       min_tokens: 91 (req)
21:44:49.993 INFO:     #376 chat/completions (stream): 68 tokens generated at
                       51.8 T/s · prompt 71 tokens, none cached, 71 new in 0.08
                       s · first token 0.09 s, total 1.40 s · draft 39/58
                       accepted (67%) · max_tokens reached
21:44:50.060 INFO:     #381 chat/completions (stream): 99 prompt tokens ·
                       temperature: 0, greedy (req), max_tokens: 413 (req),
                       min_tokens: 413 (req)
21:44:50.273 INFO:     #360 chat/completions (stream): 354 tokens generated at
                       50.4 T/s · prompt 104 tokens, none cached, 104 new in
                       0.10 s · first token 0.11 s, total 7.14 s · draft 168/375
                       accepted (45%) · max_tokens reached
21:44:50.343 INFO:     #382 chat/completions (stream): 382 prompt tokens ·
                       temperature: 0, greedy (req), max_tokens: 794 (req),
                       min_tokens: 794 (req)
21:44:50.876 INFO:     #373 chat/completions (stream): 160 tokens generated at
                       58.8 T/s · prompt 62 tokens, none cached, 62 new in 0.07
                       s · first token 0.08 s, total 2.80 s · draft 95/130
                       accepted (73%) · max_tokens reached
21:44:50.949 INFO:     #383 chat/completions (stream): 470 prompt tokens ·
                       temperature: 0, greedy (req), max_tokens: 7 (req),
                       min_tokens: 7 (req)
21:44:51.278 INFO:     #379 chat/completions (stream): 96 tokens generated at
                       66.1 T/s · prompt 223 tokens, none cached, 223 new in
                       0.11 s · first token 0.12 s, total 1.57 s · draft 55/82
                       accepted (67%) · max_tokens reached
21:44:51.342 INFO:     #384 chat/completions (stream): 74 prompt tokens ·
                       temperature: 0, greedy (req), max_tokens: 535 (req),
                       min_tokens: 535 (req)
21:44:51.448 INFO:     #383 chat/completions (stream): 7 tokens generated at
                       102.8 T/s · prompt 470 tokens, none cached, 470 new in
                       0.25 s (1,880 T/s) · first token 0.26 s, total 0.32 s ·
                       draft 4/6 accepted (67%) · max_tokens reached
21:44:51.518 INFO:     #385 chat/completions (stream): 787 prompt tokens ·
                       temperature: 0, greedy (req), max_tokens: 9 (req),
                       min_tokens: 9 (req)
21:44:51.796 INFO:     #380 chat/completions (stream): 91 tokens generated at
                       56.3 T/s · prompt 542 tokens, none cached, 542 new in
                       0.19 s (2,853 T/s) · first token 0.20 s, total 1.81 s ·
                       draft 49/84 accepted (58%) · max_tokens reached
21:44:51.862 INFO:     #386 chat/completions (stream): 87 prompt tokens ·
                       temperature: 0, greedy (req), max_tokens: 696 (req),
                       min_tokens: 696 (req)
21:44:51.997 INFO:     #385 chat/completions (stream): 9 tokens generated at
                       134.3 T/s · prompt 787 tokens, none cached, 787 new in
                       0.23 s (3,422 T/s) · first token 0.24 s, total 0.30 s ·
                       draft 6/6 accepted (100%) · max_tokens reached
21:44:52.064 INFO:     #387 chat/completions (stream): 307 prompt tokens ·
                       temperature: 0, greedy (req), max_tokens: 204 (req),
                       min_tokens: 204 (req)
21:44:53.601 INFO:     #378 chat/completions (stream): 257 tokens generated at
                       61.1 T/s · prompt 93 tokens, none cached, 93 new in 0.08
                       s · first token 0.09 s, total 4.29 s · draft 140/234
                       accepted (60%) · max_tokens reached
21:44:53.670 INFO:     #388 chat/completions (stream): 68 prompt tokens ·
                       temperature: 0, greedy (req), max_tokens: 367 (req),
                       min_tokens: 367 (req)
21:44:54.669 INFO:     #387 chat/completions (stream): 204 tokens generated at
                       88.9 T/s · prompt 307 tokens, none cached, 307 new in
                       0.21 s (1,462 T/s) · first token 0.22 s, total 2.51 s ·
                       draft 113/182 accepted (62%) · max_tokens reached
21:44:54.739 INFO:     #389 chat/completions (stream): 245 prompt tokens ·
                       temperature: 0, greedy (req), max_tokens: 9 (req),
                       min_tokens: 9 (req)
21:44:55.021 INFO:     #389 chat/completions (stream): 9 tokens generated at
                       125.4 T/s · prompt 245 tokens, none cached, 245 new in
                       0.11 s · first token 0.12 s, total 0.19 s · draft 6/6
                       accepted (100%) · max_tokens reached
21:44:55.095 INFO:     #390 chat/completions (stream): 330 prompt tokens ·
                       temperature: 0, greedy (req), max_tokens: 8 (req),
                       min_tokens: 8 (req)
21:44:55.515 INFO:     #390 chat/completions (stream): 8 tokens generated at
                       82.4 T/s · prompt 330 tokens, none cached, 330 new in
                       0.23 s (1,435 T/s) · first token 0.24 s, total 0.33 s ·
                       draft 4/8 accepted (50%) · max_tokens reached
21:44:55.587 INFO:     #391 chat/completions (stream): 64 prompt tokens ·
                       temperature: 0, greedy (req), max_tokens: 10 (req),
                       min_tokens: 10 (req)
21:44:55.852 INFO:     #391 chat/completions (stream): 10 tokens generated at
                       102.5 T/s · prompt 64 tokens, none cached, 64 new in 0.07
                       s · first token 0.08 s, total 0.17 s · draft 6/8 accepted
                       (75%) · max_tokens reached
21:44:55.922 INFO:     #392 chat/completions (stream): 436 prompt tokens ·
                       temperature: 0, greedy (req), max_tokens: 44 (req),
                       min_tokens: 44 (req)
21:44:56.280 INFO:     #375 chat/completions (stream): 483 tokens generated at
                       61.8 T/s · prompt 103 tokens, none cached, 103 new in
                       0.09 s · first token 0.17 s, total 7.99 s · draft 257/452
                       accepted (57%) · max_tokens reached
21:44:56.347 INFO:     #393 chat/completions (stream): 435 prompt tokens ·
                       temperature: 0, greedy (req), max_tokens: 79 (req),
                       min_tokens: 79 (req)
21:44:56.499 INFO:     #381 chat/completions (stream): 413 tokens generated at
                       67.5 T/s · prompt 99 tokens, none cached, 99 new in 0.09
                       s · first token 0.10 s, total 6.22 s · draft 230/366
                       accepted (63%) · max_tokens reached
21:44:56.668 INFO:     #394 chat/completions (stream): 94 prompt tokens ·
                       temperature: 0, greedy (req), max_tokens: 246 (req),
                       min_tokens: 246 (req)
21:44:56.999 INFO:     #392 chat/completions (stream): 44 tokens generated at
                       60.2 T/s · prompt 436 tokens, none cached, 436 new in
                       0.25 s (1,744 T/s) · first token 0.26 s, total 0.99 s ·
                       draft 27/34 accepted (79%) · max_tokens reached
21:44:57.071 INFO:     #395 chat/completions (stream): 63 prompt tokens ·
                       temperature: 0, greedy (req), max_tokens: 265 (req),
                       min_tokens: 265 (req)
21:44:57.662 INFO:     #393 chat/completions (stream): 79 tokens generated at
                       81.1 T/s · prompt 435 tokens, none cached, 435 new in
                       0.24 s (1,812 T/s) · first token 0.25 s, total 1.22 s ·
                       draft 46/66 accepted (70%) · max_tokens reached
21:44:57.734 INFO:     #396 chat/completions (stream): 154 prompt tokens ·
                       temperature: 0, greedy (req), max_tokens: 385 (req),
                       min_tokens: 385 (req)
21:44:57.995 INFO:     #354 chat/completions (stream): 1,321 tokens generated at
                       71.1 T/s · prompt 697 tokens, none cached, 697 new in
                       0.30 s (2,323 T/s) · first token 0.31 s, total 18.9 s ·
                       draft 794/1057 accepted (75%) · max_tokens reached
21:44:58.068 INFO:     #397 chat/completions (stream): 61 prompt tokens ·
                       temperature: 0, greedy (req), max_tokens: 128 (req),
                       min_tokens: 128 (req)
21:44:59.096 INFO:     #388 chat/completions (stream): 367 tokens generated at
                       69.8 T/s · prompt 68 tokens, none cached, 68 new in 0.07
                       s · first token 0.08 s, total 5.33 s · draft 199/336
                       accepted (59%) · max_tokens reached
21:44:59.120 INFO:     #384 chat/completions (stream): 535 tokens generated at
                       70.3 T/s · prompt 74 tokens, none cached, 74 new in 0.08
                       s · first token 0.09 s, total 7.69 s · draft 293/484
                       accepted (61%) · max_tokens reached
21:44:59.161 INFO:     #398 chat/completions (stream): 442 prompt tokens ·
                       temperature: 0, greedy (req), max_tokens: 153 (req),
                       min_tokens: 153 (req)
21:44:59.327 INFO:     #399 chat/completions (stream): 116 prompt tokens ·
                       temperature: 0, greedy (req), max_tokens: 276 (req),
                       min_tokens: 276 (req)
21:44:59.935 INFO:     #397 chat/completions (stream): 128 tokens generated at
                       75.4 T/s · prompt 61 tokens, none cached, 61 new in 0.07
                       s · first token 0.08 s, total 1.77 s · draft 72/112
                       accepted (64%) · max_tokens reached
21:45:00.003 INFO:     #400 chat/completions (stream): 213 prompt tokens ·
                       temperature: 0, greedy (req), max_tokens: 7 (req),
                       min_tokens: 7 (req)
21:45:00.156 INFO:     #394 chat/completions (stream): 246 tokens generated at
                       77.0 T/s · prompt 94 tokens, none cached, 94 new in 0.09
                       s · first token 0.10 s, total 3.29 s · draft 138/216
                       accepted (64%) · max_tokens reached
21:45:00.227 INFO:     #401 chat/completions (stream): 62 prompt tokens ·
                       temperature: 0, greedy (req), max_tokens: 342 (req),
                       min_tokens: 342 (req)
21:45:00.349 INFO:     #400 chat/completions (stream): 7 tokens generated at
                       103.3 T/s · prompt 213 tokens, none cached, 213 new in
                       0.10 s · first token 0.11 s, total 0.17 s · draft 4/6
                       accepted (67%) · max_tokens reached
21:45:00.422 INFO:     #402 chat/completions (stream): 457 prompt tokens ·
                       temperature: 0, greedy (req), max_tokens: 24 (req),
                       min_tokens: 24 (req)
21:45:01.026 INFO:     #402 chat/completions (stream): 24 tokens generated at
                       91.6 T/s · prompt 457 tokens, none cached, 457 new in
                       0.25 s (1,828 T/s) · first token 0.26 s, total 0.52 s ·
                       draft 13/22 accepted (59%) · max_tokens reached
21:45:01.095 INFO:     #403 chat/completions (stream): 145 prompt tokens ·
                       temperature: 0, greedy (req), max_tokens: 9 (req),
                       min_tokens: 9 (req)
21:45:01.342 INFO:     #395 chat/completions (stream): 265 tokens generated at
                       64.5 T/s · prompt 63 tokens, none cached, 63 new in 0.07
                       s · first token 0.08 s, total 4.18 s · draft 137/256
                       accepted (54%) · max_tokens reached
21:45:01.364 INFO:     #403 chat/completions (stream): 9 tokens generated at
                       125.9 T/s · prompt 145 tokens, none cached, 145 new in
                       0.11 s · first token 0.12 s, total 0.19 s · draft 6/6
                       accepted (100%) · max_tokens reached
21:45:01.410 INFO:     #404 chat/completions (stream): 90 prompt tokens ·
                       temperature: 0, greedy (req), max_tokens: 196 (req),
                       min_tokens: 196 (req)
21:45:01.526 INFO:     #405 chat/completions (stream): 73 prompt tokens ·
                       temperature: 0, greedy (req), max_tokens: 491 (req),
                       min_tokens: 491 (req)
21:45:01.796 INFO:     #382 chat/completions (stream): 794 tokens generated at
                       71.5 T/s · prompt 382 tokens, none cached, 382 new in
                       0.24 s (1,592 T/s) · first token 0.25 s, total 11.3 s ·
                       draft 460/668 accepted (69%) · max_tokens reached
21:45:01.862 INFO:     #406 chat/completions (stream): 59 prompt tokens ·
                       temperature: 0, greedy (req), max_tokens: 169 (req),
                       min_tokens: 169 (req)
21:45:01.863 INFO:     #398 chat/completions (stream): 153 tokens generated at
                       68.1 T/s · prompt 442 tokens, none cached, 442 new in
                       0.36 s (1,228 T/s) · first token 0.37 s, total 2.61 s ·
                       draft 87/132 accepted (66%) · max_tokens reached
21:45:02.006 INFO:     #407 chat/completions (stream): 566 prompt tokens ·
                       temperature: 0, greedy (req), max_tokens: 21 (req),
                       min_tokens: 21 (req)
21:45:02.600 INFO:     #407 chat/completions (stream): 21 tokens generated at
                       95.9 T/s · prompt 566 tokens, none cached, 566 new in
                       0.28 s (2,021 T/s) · first token 0.29 s, total 0.50 s ·
                       draft 12/18 accepted (67%) · max_tokens reached
21:45:02.673 INFO:     #409 chat/completions (stream): 179 prompt tokens ·
                       temperature: 0, greedy (req), max_tokens: 263 (req),
                       min_tokens: 263 (req)
21:45:02.992 INFO:     #386 chat/completions (stream): 696 tokens generated at
                       63.6 T/s · prompt 87 tokens, none cached, 87 new in 0.08
                       s · first token 0.09 s, total 11.0 s · draft 362/668
                       accepted (54%) · max_tokens reached
21:45:03.068 INFO:     #410 chat/completions (stream): 1,070 prompt tokens ·
                       temperature: 0, greedy (req), max_tokens: 168 (req),
                       min_tokens: 168 (req)
21:45:03.762 INFO:     #399 chat/completions (stream): 276 tokens generated at
                       66.7 T/s · prompt 116 tokens, none cached, 116 new in
                       0.10 s · queued 0.10 s, first token 0.20 s, total 4.34 s
                       · draft 161/230 accepted (70%) · max_tokens reached
21:45:03.835 INFO:     #411 chat/completions (stream): 225 prompt tokens ·
                       temperature: 0, greedy (req), max_tokens: 232 (req),
                       min_tokens: 232 (req)
21:45:04.091 INFO:     #396 chat/completions (stream): 385 tokens generated at
                       62.4 T/s · prompt 154 tokens, none cached, 154 new in
                       0.09 s · first token 0.10 s, total 6.26 s · draft 208/354
                       accepted (59%) · max_tokens reached
21:45:04.166 INFO:     #412 chat/completions (stream): 489 prompt tokens ·
                       temperature: 0, greedy (req), max_tokens: 205 (req),
                       min_tokens: 205 (req)
21:45:04.590 INFO:     #406 chat/completions (stream): 169 tokens generated at
                       66.0 T/s · prompt 59 tokens, none cached, 59 new in 0.07
                       s · first token 0.08 s, total 2.64 s · draft 106/126
                       accepted (84%) · max_tokens reached
21:45:04.659 INFO:     #413 chat/completions (stream): 64 prompt tokens ·
                       temperature: 0, greedy (req), max_tokens: 66 (req),
                       min_tokens: 66 (req)
21:45:04.986 INFO:     #401 chat/completions (stream): 342 tokens generated at
                       74.4 T/s · prompt 62 tokens, none cached, 62 new in 0.07
                       s · first token 0.08 s, total 4.68 s · draft 220/244
                       accepted (90%) · max_tokens reached
21:45:05.009 INFO:     #404 chat/completions (stream): 196 tokens generated at
                       57.3 T/s · prompt 90 tokens, none cached, 90 new in 0.09
                       s · first token 0.10 s, total 3.52 s · draft 106/180
                       accepted (59%) · max_tokens reached
21:45:05.051 INFO:     #414 chat/completions (stream): 113 prompt tokens ·
                       temperature: 0, greedy (req), max_tokens: 352 (req),
                       min_tokens: 352 (req)
21:45:05.175 INFO:     #415 chat/completions (stream): 447 prompt tokens ·
                       temperature: 0, greedy (req), max_tokens: 792 (req),
                       min_tokens: 792 (req)
21:45:05.764 INFO:     #413 chat/completions (stream): 66 tokens generated at
                       70.6 T/s · prompt 64 tokens, none cached, 64 new in 0.07
                       s · first token 0.08 s, total 1.01 s · draft 40/52
                       accepted (77%) · max_tokens reached
21:45:05.834 INFO:     #416 chat/completions (stream): 397 prompt tokens ·
                       temperature: 0, greedy (req), max_tokens: 5 (req),
                       min_tokens: 5 (req)
21:45:06.244 INFO:     #416 chat/completions (stream): 5 tokens generated at
                       99.3 T/s · prompt 397 tokens, none cached, 397 new in
                       0.25 s (1,588 T/s) · first token 0.26 s, total 0.31 s ·
                       draft 3/4 accepted (75%) · max_tokens reached
21:45:06.267 INFO:     #410 chat/completions (stream): 168 tokens generated at
                       60.1 T/s · prompt 1,070 tokens, none cached, 1,070 new in
                       0.29 s (3,690 T/s) · first token 0.30 s, total 3.09 s ·
                       draft 94/148 accepted (64%) · max_tokens reached
21:45:06.312 INFO:     #417 chat/completions (stream): 64 prompt tokens ·
                       temperature: 0, greedy (req), max_tokens: 34 (req),
                       min_tokens: 34 (req)
21:45:06.412 INFO:     #418 chat/completions (stream): 746 prompt tokens ·
                       temperature: 0, greedy (req), max_tokens: 9 (req),
                       min_tokens: 9 (req)
21:45:06.874 INFO:     #418 chat/completions (stream): 9 tokens generated at
                       97.0 T/s · prompt 746 tokens, none cached, 746 new in
                       0.27 s (2,763 T/s) · first token 0.28 s, total 0.37 s ·
                       draft 5/8 accepted (62%) · max_tokens reached
21:45:06.942 INFO:     #419 chat/completions (stream): 123 prompt tokens ·
                       temperature: 0, greedy (req), max_tokens: 129 (req),
                       min_tokens: 129 (req)
21:45:07.183 INFO:     #417 chat/completions (stream): 34 tokens generated at
                       48.2 T/s · prompt 64 tokens, none cached, 64 new in 0.07
                       s · first token 0.08 s, total 0.78 s · draft 19/30
                       accepted (63%) · max_tokens reached
21:45:07.252 INFO:     #420 chat/completions (stream): 159 prompt tokens ·
                       temperature: 0, greedy (req), max_tokens: 67 (req),
                       min_tokens: 67 (req)
21:45:07.440 INFO:     #409 chat/completions (stream): 263 tokens generated at
                       58.8 T/s · prompt 179 tokens, none cached, 179 new in
                       0.10 s · first token 0.11 s, total 4.58 s · draft 148/230
                       accepted (64%) · max_tokens reached
21:45:07.508 INFO:     #421 chat/completions (stream): 207 prompt tokens ·
                       temperature: 0, greedy (req), max_tokens: 123 (req),
                       min_tokens: 123 (req)
21:45:08.076 INFO:     #411 chat/completions (stream): 232 tokens generated at
                       57.4 T/s · prompt 225 tokens, none cached, 225 new in
                       0.11 s · first token 0.12 s, total 4.16 s · draft 126/212
                       accepted (59%) · max_tokens reached
21:45:08.116 INFO:     #412 chat/completions (stream): 205 tokens generated at
                       57.6 T/s · prompt 489 tokens, none cached, 489 new in
                       0.30 s (1,630 T/s) · first token 0.31 s, total 3.86 s ·
                       draft 107/196 accepted (55%) · max_tokens reached
21:45:08.134 INFO:     #422 chat/completions (stream): 516 prompt tokens ·
                       temperature: 0, greedy (req), max_tokens: 39 (req),
                       min_tokens: 39 (req)
21:45:08.337 INFO:     #423 chat/completions (stream): 726 prompt tokens ·
                       temperature: 0, greedy (req), max_tokens: 98 (req),
                       min_tokens: 98 (req)
21:45:08.338 INFO:     #420 chat/completions (stream): 67 tokens generated at
                       90.2 T/s · prompt 159 tokens, none cached, 159 new in
                       0.09 s · first token 0.10 s, total 0.84 s · draft 39/56
                       accepted (70%) · max_tokens reached
21:45:08.672 INFO:     #424 chat/completions (stream): 536 prompt tokens ·
                       temperature: 0, greedy (req), max_tokens: 8 (req),
                       min_tokens: 8 (req)
21:45:09.024 INFO:     #424 chat/completions (stream): 8 tokens generated at
                       114.1 T/s · prompt 536 tokens, none cached, 536 new in
                       0.19 s (2,821 T/s) · first token 0.20 s, total 0.27 s ·
                       draft 5/6 accepted (83%) · max_tokens reached
21:45:09.090 INFO:     #425 chat/completions (stream): 102 prompt tokens ·
                       temperature: 0, greedy (req), max_tokens: 222 (req),
                       min_tokens: 222 (req)
21:45:09.255 INFO:     #419 chat/completions (stream): 129 tokens generated at
                       63.8 T/s · prompt 123 tokens, none cached, 123 new in
                       0.10 s · first token 0.11 s, total 2.13 s · draft 75/108
                       accepted (69%) · max_tokens reached
21:45:09.319 INFO:     #426 chat/completions (stream): 67 prompt tokens ·
                       temperature: 0, greedy (req), max_tokens: 425 (req),
                       min_tokens: 425 (req)
21:45:09.443 INFO:     #422 chat/completions (stream): 39 tokens generated at
                       40.6 T/s · prompt 516 tokens, none cached, 516 new in
                       0.17 s (3,035 T/s) · first token 0.18 s, total 1.14 s ·
                       draft 20/38 accepted (53%) · max_tokens reached
21:45:09.513 INFO:     #427 chat/completions (stream): 677 prompt tokens ·
                       temperature: 0, greedy (req), max_tokens: 420 (req),
                       min_tokens: 420 (req)
21:45:10.015 INFO:     #405 chat/completions (stream): 491 tokens generated at
                       59.0 T/s · prompt 73 tokens, none cached, 73 new in 0.07
                       s · first token 0.08 s, total 8.39 s · draft 281/420
                       accepted (67%) · max_tokens reached
21:45:10.145 INFO:     #421 chat/completions (stream): 123 tokens generated at
                       50.4 T/s · prompt 207 tokens, none cached, 207 new in
                       0.11 s · first token 0.12 s, total 2.56 s · draft 60/126
                       accepted (48%) · max_tokens reached
21:45:10.284 INFO:     #423 chat/completions (stream): 98 tokens generated at
                       61.8 T/s · prompt 726 tokens, none cached, 726 new in
                       0.28 s (2,593 T/s) · first token 0.29 s, total 1.87 s ·
                       draft 55/86 accepted (64%) · max_tokens reached
21:45:10.820 INFO:     #414 chat/completions (stream): 352 tokens generated at
                       62.9 T/s · prompt 113 tokens, none cached, 113 new in
                       0.10 s · first token 0.11 s, total 5.70 s · draft 195/314
                       accepted (62%) · max_tokens reached
21:45:11.242 INFO:     #425 chat/completions (stream): 222 tokens generated at
                       112.4 T/s · prompt 102 tokens, none cached, 102 new in
                       0.09 s · first token 0.10 s, total 2.07 s · draft 139/189
                       accepted (74%) · max_tokens reached
21:45:12.658 INFO:     #427 chat/completions (stream): 420 tokens generated at
                       148.6 T/s · prompt 677 tokens, none cached, 677 new in
                       0.26 s (2,604 T/s) · first token 0.27 s, total 3.09 s ·
                       draft 258/438 accepted (59%) · max_tokens reached
21:45:12.802 INFO:     #426 chat/completions (stream): 425 tokens generated at
                       126.5 T/s · prompt 67 tokens, none cached, 67 new in 0.07
                       s · first token 0.08 s, total 3.44 s · draft 245/486
                       accepted (50%) · max_tokens reached
21:45:13.252 INFO:     #415 chat/completions (stream): 792 tokens generated at
                       101.3 T/s · prompt 447 tokens, none cached, 447 new in
                       0.25 s (1,788 T/s) · first token 0.26 s, total 8.07 s ·
                       draft 462/835 accepted (55%) · max_tokens reached
