22:26:20.051 INFO:     Sampler preset "qwen38_thinking": temperature 0.6, top_k
                       20, top_p 0.95
22:26:20.088 INFO:     exllamav3 version: 1.5.0
22:26:21.423 INFO:     Using main model MTP component for drafting
22:26:21.444 INFO:     Context: max_seq_len 262,144 tokens (configured),
                       cache_size 983,040 tokens
22:26:21.502 INFO:     Using tool format: qwen3_coder
22:26:21.502 INFO:     Using template "chat_template" for chat completions.
22:26:23.597 INFO:     Loading model
                       /models/qwen3.8-flash-next-exl3-2.50bpw-r0b0tlab (manual
                       GPU split)
Loading vision modules ━━━━━━━━━━━━━━━━━━━━━━━━━━━━━━━━━━━━━━ 100% 30/30 0:00:00
Loading draft modules  ━━━━━━━━━━━━━━━━━━━━━━━━━━━━━━━━━━━━━━ 100% 3/3   0:00:00
Loading model modules  ━━━━━━━━━━━━━━━━━━━━━━━━━━━━━━━━━━━━━━ 100% 53/53 0:00:00
EXL3_EMBED_GPU_PRUNED=1: embedding mirror 65536 of 248320 rows (320.0 MiB, prefix) on cuda:1
22:26:30.967 INFO:     Model loaded in 9.5 s

22:26:30.968 WARNING:  Disabling authentication makes your instance vulnerable.
                       Set the `disable_auth` flag to False in config.yml if you
                       want to share this instance with others.
22:26:30.968 WARNING:  With authentication disabled and `allowed_origins` left
                       at ["*"], any website open in a browser on this machine
                       can send requests to this instance and read the
                       responses, including admin endpoints. Set
                       `network.allowed_origins` to your own frontends (or [])
                       unless you use a browser-based frontend that needs it.
22:26:30.969 INFO:     Serving OAI API on http://0.0.0.0:8022 (docs at
                       http://0.0.0.0:8022/redoc)
22:26:32.819 INFO:     #4 completions: 3 prompt tokens · temperature: 0, greedy
                       (req), max_tokens: 16 (req)
densegemm lcguard: device 1: dense calls on the QSA side branch use the side scratch (hctr upper half, side slots)
densegemm lcguard: device 0: dense calls on the QSA side branch use the side scratch (hctr upper half, side slots)
22:26:33.208 INFO:     #4 completions: 16 tokens generated at 108.8 T/s · prompt
                       3 tokens, none cached, 3 new in 0.23 s · first token 0.24
                       s, total 0.39 s · draft 8/24 accepted (33%) · max_tokens
                       reached
22:26:33.435 INFO:     #6 chat/completions: 74 prompt tokens · temperature: 0,
                       greedy (req), max_tokens: 64 (req), min_tokens: 64 (req)
22:26:33.436 INFO:     #7 chat/completions: 74 prompt tokens · temperature: 0,
                       greedy (req), max_tokens: 64 (req), min_tokens: 64 (req)
22:26:33.653 INFO:     #8 chat/completions: 74 prompt tokens · temperature: 0,
                       greedy (req), max_tokens: 64 (req), min_tokens: 64 (req)
22:26:33.760 INFO:     #9 chat/completions: 74 prompt tokens · temperature: 0,
                       greedy (req), max_tokens: 64 (req), min_tokens: 64 (req)
22:26:33.865 INFO:     #10 chat/completions: 74 prompt tokens · temperature: 0,
                       greedy (req), max_tokens: 64 (req), min_tokens: 64 (req)
22:26:33.969 INFO:     #11 chat/completions: 74 prompt tokens · temperature: 0,
                       greedy (req), max_tokens: 64 (req), min_tokens: 64 (req)
22:26:34.077 INFO:     #12 chat/completions: 74 prompt tokens · temperature: 0,
                       greedy (req), max_tokens: 64 (req), min_tokens: 64 (req)
22:26:34.185 INFO:     #13 chat/completions: 74 prompt tokens · temperature: 0,
                       greedy (req), max_tokens: 64 (req), min_tokens: 64 (req)
22:26:34.750 INFO:     #6 chat/completions: 64 tokens generated at 62.5 T/s ·
                       prompt 74 tokens, none cached, 74 new in 0.19 s · first
                       token 0.20 s, total 1.23 s · draft 39/53 accepted (74%) ·
                       max_tokens reached
22:26:34.766 INFO:     #7 chat/completions: 64 tokens generated at 60.9 T/s ·
                       prompt 74 tokens, none cached, 74 new in 0.08 s · queued
                       0.12 s, first token 0.20 s, total 1.25 s · draft 38/55
                       accepted (69%) · max_tokens reached
22:26:34.766 INFO:     #8 chat/completions: 64 tokens generated at 67.7 T/s ·
                       prompt 74 tokens, none cached, 74 new in 0.08 s · first
                       token 0.09 s, total 1.03 s · draft 39/52 accepted (75%) ·
                       max_tokens reached
22:26:34.777 INFO:     #9 chat/completions: 64 tokens generated at 72.7 T/s ·
                       prompt 74 tokens, none cached, 74 new in 0.08 s · first
                       token 0.09 s, total 0.97 s · draft 38/53 accepted (72%) ·
                       max_tokens reached
22:26:34.778 INFO:     #10 chat/completions: 64 tokens generated at 82.4 T/s ·
                       prompt 74 tokens, none cached, 74 new in 0.08 s · first
                       token 0.09 s, total 0.86 s · draft 39/50 accepted (78%) ·
                       max_tokens reached
22:26:34.779 INFO:     #11 chat/completions: 64 tokens generated at 90.3 T/s ·
                       prompt 74 tokens, none cached, 74 new in 0.08 s · first
                       token 0.09 s, total 0.79 s · draft 38/54 accepted (70%) ·
                       max_tokens reached
22:26:34.779 INFO:     #13 chat/completions: 64 tokens generated at 129.3 T/s ·
                       prompt 74 tokens, none cached, 74 new in 0.08 s · first
                       token 0.09 s, total 0.58 s · draft 40/50 accepted (80%) ·
                       max_tokens reached
22:26:34.780 INFO:     #12 chat/completions: 64 tokens generated at 104.4 T/s ·
                       prompt 74 tokens, none cached, 74 new in 0.08 s · first
                       token 0.09 s, total 0.70 s · draft 38/55 accepted (69%) ·
                       max_tokens reached
22:26:47.636 INFO:     #17 chat/completions (stream): 737 prompt tokens ·
                       temperature: 0, greedy (req), max_tokens: 49 (req),
                       min_tokens: 49 (req)
22:26:47.863 INFO:     #18 chat/completions (stream): 927 prompt tokens ·
                       temperature: 0, greedy (req), max_tokens: 165 (req),
                       min_tokens: 165 (req)
22:26:48.224 INFO:     #19 chat/completions (stream): 291 prompt tokens ·
                       temperature: 0, greedy (req), max_tokens: 400 (req),
                       min_tokens: 400 (req)
22:26:48.497 INFO:     #20 chat/completions (stream): 57 prompt tokens ·
                       temperature: 0, greedy (req), max_tokens: 275 (req),
                       min_tokens: 275 (req)
22:26:48.658 INFO:     #21 chat/completions (stream): 218 prompt tokens ·
                       temperature: 0, greedy (req), max_tokens: 783 (req),
                       min_tokens: 783 (req)
22:26:48.790 INFO:     #22 chat/completions (stream): 343 prompt tokens ·
                       temperature: 0, greedy (req), max_tokens: 41 (req),
                       min_tokens: 41 (req)
22:26:48.946 INFO:     #23 chat/completions (stream): 133 prompt tokens ·
                       temperature: 0, greedy (req), max_tokens: 188 (req),
                       min_tokens: 188 (req)
22:26:49.171 INFO:     #24 chat/completions (stream): 234 prompt tokens ·
                       temperature: 0, greedy (req), max_tokens: 536 (req),
                       min_tokens: 536 (req)
22:26:49.805 INFO:     #17 chat/completions (stream): 49 tokens generated at
                       32.8 T/s · prompt 737 tokens, none cached, 737 new in
                       0.57 s (1,293 T/s) · first token 0.58 s, total 2.07 s ·
                       draft 26/49 accepted (53%) · max_tokens reached
22:26:49.850 INFO:     #22 chat/completions (stream): 41 tokens generated at
                       67.7 T/s · prompt 343 tokens, none cached, 343 new in
                       0.35 s (980 T/s) · first token 0.36 s, total 0.96 s ·
                       draft 21/40 accepted (52%) · max_tokens reached
22:26:49.871 INFO:     #25 chat/completions (stream): 75 prompt tokens ·
                       temperature: 0, greedy (req), max_tokens: 234 (req),
                       min_tokens: 234 (req)
22:26:50.002 INFO:     #26 chat/completions (stream): 256 prompt tokens ·
                       temperature: 0, greedy (req), max_tokens: 85 (req),
                       min_tokens: 85 (req)
22:26:50.989 INFO:     #26 chat/completions (stream): 85 tokens generated at
                       109.7 T/s · prompt 256 tokens, none cached, 256 new in
                       0.12 s (2,133 T/s) · first token 0.13 s, total 0.90 s ·
                       draft 54/62 accepted (87%) · max_tokens reached
22:26:51.012 INFO:     #18 chat/completions (stream): 165 tokens generated at
                       67.5 T/s · prompt 927 tokens, none cached, 927 new in
                       0.48 s (1,931 T/s) · queued 0.13 s, first token 0.61 s,
                       total 3.06 s · draft 102/128 accepted (80%) · max_tokens
                       reached
22:26:51.057 INFO:     #27 chat/completions (stream): 292 prompt tokens ·
                       temperature: 0, greedy (req), max_tokens: 46 (req),
                       min_tokens: 46 (req)
22:26:51.212 INFO:     #28 chat/completions (stream): 68 prompt tokens ·
                       temperature: 0, greedy (req), max_tokens: 335 (req),
                       min_tokens: 335 (req)
22:26:51.880 INFO:     #23 chat/completions (stream): 188 tokens generated at
                       71.2 T/s · prompt 133 tokens, none cached, 133 new in
                       0.11 s · first token 0.20 s, total 2.85 s · draft 104/168
                       accepted (62%) · max_tokens reached
22:26:51.924 INFO:     #27 chat/completions (stream): 46 tokens generated at
                       94.8 T/s · prompt 292 tokens, none cached, 292 new in
                       0.29 s (1,007 T/s) · first token 0.30 s, total 0.78 s ·
                       draft 26/40 accepted (65%) · max_tokens reached
22:26:51.946 INFO:     #29 chat/completions (stream): 183 prompt tokens ·
                       temperature: 0, greedy (req), max_tokens: 818 (req),
                       min_tokens: 818 (req)
22:26:52.097 INFO:     #30 chat/completions (stream): 608 prompt tokens ·
                       temperature: 0, greedy (req), max_tokens: 12 (req),
                       min_tokens: 12 (req)
22:26:52.549 INFO:     #30 chat/completions (stream): 12 tokens generated at
                       127.3 T/s · prompt 608 tokens, none cached, 608 new in
                       0.26 s (2,338 T/s) · first token 0.26 s, total 0.36 s ·
                       draft 8/8 accepted (100%) · max_tokens reached
22:26:52.621 INFO:     #31 chat/completions (stream): 423 prompt tokens ·
                       temperature: 0, greedy (req), max_tokens: 72 (req),
                       min_tokens: 72 (req)
22:26:53.165 INFO:     #20 chat/completions (stream): 275 tokens generated at
                       62.0 T/s · prompt 57 tokens, none cached, 57 new in 0.07
                       s · first token 0.14 s, total 4.58 s · draft 158/235
                       accepted (67%) · max_tokens reached
22:26:53.256 INFO:     #32 chat/completions (stream): 414 prompt tokens ·
                       temperature: 0, greedy (req), max_tokens: 8 (req),
                       min_tokens: 8 (req)
22:26:53.414 INFO:     #25 chat/completions (stream): 234 tokens generated at
                       73.0 T/s · prompt 75 tokens, none cached, 75 new in 0.08
                       s · first token 0.09 s, total 3.29 s · draft 141/186
                       accepted (76%) · max_tokens reached
22:26:53.580 INFO:     #33 chat/completions (stream): 69 prompt tokens ·
                       temperature: 0, greedy (req), max_tokens: 58 (req),
                       min_tokens: 58 (req)
22:26:53.749 INFO:     #32 chat/completions (stream): 8 tokens generated at
                       120.2 T/s · prompt 414 tokens, none cached, 414 new in
                       0.25 s (1,656 T/s) · first token 0.26 s, total 0.32 s ·
                       draft 5/6 accepted (83%) · max_tokens reached
22:26:53.817 INFO:     #34 chat/completions (stream): 352 prompt tokens ·
                       temperature: 0, greedy (req), max_tokens: 38 (req),
                       min_tokens: 38 (req)
22:26:54.323 INFO:     #31 chat/completions (stream): 72 tokens generated at
                       53.2 T/s · prompt 423 tokens, none cached, 423 new in
                       0.25 s (1,692 T/s) · first token 0.26 s, total 1.61 s ·
                       draft 38/68 accepted (56%) · max_tokens reached
22:26:54.392 INFO:     #35 chat/completions (stream): 58 prompt tokens ·
                       temperature: 0, greedy (req), max_tokens: 306 (req),
                       min_tokens: 306 (req)
22:26:54.621 INFO:     #33 chat/completions (stream): 58 tokens generated at
                       66.2 T/s · prompt 69 tokens, none cached, 69 new in 0.08
                       s · first token 0.09 s, total 0.96 s · draft 33/50
                       accepted (66%) · max_tokens reached
22:26:54.622 INFO:     #34 chat/completions (stream): 38 tokens generated at
                       80.5 T/s · prompt 352 tokens, none cached, 352 new in
                       0.24 s (1,467 T/s) · first token 0.24 s, total 0.72 s ·
                       draft 21/34 accepted (62%) · max_tokens reached
22:26:54.688 INFO:     #36 chat/completions (stream): 63 prompt tokens ·
                       temperature: 0, greedy (req), max_tokens: 286 (req),
                       min_tokens: 286 (req)
22:26:54.689 INFO:     #37 chat/completions (stream): 498 prompt tokens ·
                       temperature: 0, greedy (req), max_tokens: 30 (req),
                       min_tokens: 30 (req)
22:26:55.101 INFO:     #19 chat/completions (stream): 400 tokens generated at
                       66.1 T/s · prompt 291 tokens, none cached, 291 new in
                       0.29 s (1,003 T/s) · queued 0.12 s, first token 0.41 s,
                       total 6.46 s · draft 240/321 accepted (75%) · max_tokens
                       reached
22:26:55.170 INFO:     #38 chat/completions (stream): 235 prompt tokens ·
                       temperature: 0, greedy (req), max_tokens: 47 (req),
                       min_tokens: 47 (req)
22:26:55.528 INFO:     #37 chat/completions (stream): 30 tokens generated at
                       74.3 T/s · prompt 498 tokens, none cached, 498 new in
                       0.27 s (1,844 T/s) · first token 0.35 s, total 0.75 s ·
                       draft 18/24 accepted (75%) · max_tokens reached
22:26:55.599 INFO:     #39 chat/completions (stream): 927 prompt tokens ·
                       temperature: 0, greedy (req), max_tokens: 333 (req),
                       min_tokens: 333 (req)
22:26:56.256 INFO:     #38 chat/completions (stream): 47 tokens generated at
                       55.4 T/s · prompt 235 tokens, none cached, 235 new in
                       0.12 s · first token 0.13 s, total 0.97 s · draft 24/46
                       accepted (52%) · max_tokens reached
22:26:56.324 INFO:     #40 chat/completions (stream): 303 prompt tokens ·
                       temperature: 0, greedy (req), max_tokens: 89 (req),
                       min_tokens: 89 (req)
22:26:57.275 INFO:     #28 chat/completions (stream): 335 tokens generated at
                       57.4 T/s · prompt 68 tokens, none cached, 68 new in 0.08
                       s · first token 0.14 s, total 5.98 s · draft 180/310
                       accepted (58%) · max_tokens reached
22:26:57.346 INFO:     #41 chat/completions (stream): 413 prompt tokens ·
                       temperature: 0, greedy (req), max_tokens: 8 (req),
                       min_tokens: 8 (req)
22:26:57.753 INFO:     #40 chat/completions (stream): 89 tokens generated at
                       79.6 T/s · prompt 303 tokens, none cached, 303 new in
                       0.22 s (1,377 T/s) · first token 0.23 s, total 1.34 s ·
                       draft 52/74 accepted (70%) · max_tokens reached
22:26:57.753 INFO:     #41 chat/completions (stream): 8 tokens generated at
                       109.4 T/s · prompt 413 tokens, none cached, 413 new in
                       0.24 s (1,721 T/s) · first token 0.25 s, total 0.32 s ·
                       draft 5/6 accepted (83%) · max_tokens reached
22:26:57.819 INFO:     #42 chat/completions (stream): 180 prompt tokens ·
                       temperature: 0, greedy (req), max_tokens: 20 (req),
                       min_tokens: 20 (req)
22:26:57.820 INFO:     #43 chat/completions (stream): 206 prompt tokens ·
                       temperature: 0, greedy (req), max_tokens: 271 (req),
                       min_tokens: 271 (req)
22:26:58.176 INFO:     #24 chat/completions (stream): 536 tokens generated at
                       61.0 T/s · prompt 234 tokens, none cached, 234 new in
                       0.12 s · first token 0.12 s, total 8.92 s · draft 296/480
                       accepted (62%) · max_tokens reached
22:26:58.250 INFO:     #44 chat/completions (stream): 509 prompt tokens ·
                       temperature: 0, greedy (req), max_tokens: 22 (req),
                       min_tokens: 22 (req)
22:26:58.550 INFO:     #42 chat/completions (stream): 20 tokens generated at
                       121.9 T/s · prompt 180 tokens, none cached, 180 new in
                       0.21 s · first token 0.22 s, total 0.39 s · draft 13/14
                       accepted (93%) · max_tokens reached
22:26:58.619 INFO:     #45 chat/completions (stream): 330 prompt tokens ·
                       temperature: 0, greedy (req), max_tokens: 19 (req),
                       min_tokens: 19 (req)
22:26:59.019 INFO:     #44 chat/completions (stream): 22 tokens generated at
                       54.8 T/s · prompt 509 tokens, none cached, 509 new in
                       0.27 s (1,885 T/s) · first token 0.28 s, total 0.68 s ·
                       draft 14/16 accepted (88%) · max_tokens reached
22:26:59.086 INFO:     #46 chat/completions (stream): 386 prompt tokens ·
                       temperature: 0, greedy (req), max_tokens: 26 (req),
                       min_tokens: 26 (req)
22:26:59.373 INFO:     #45 chat/completions (stream): 19 tokens generated at
                       105.5 T/s · prompt 330 tokens, none cached, 330 new in
                       0.24 s (1,375 T/s) · first token 0.25 s, total 0.43 s ·
                       draft 11/16 accepted (69%) · max_tokens reached
22:26:59.442 INFO:     #47 chat/completions (stream): 100 prompt tokens ·
                       temperature: 0, greedy (req), max_tokens: 136 (req),
                       min_tokens: 136 (req)
22:26:59.798 INFO:     #46 chat/completions (stream): 26 tokens generated at
                       72.1 T/s · prompt 386 tokens, none cached, 386 new in
                       0.26 s (1,485 T/s) · first token 0.27 s, total 0.63 s ·
                       draft 15/22 accepted (68%) · max_tokens reached
22:26:59.821 INFO:     #36 chat/completions (stream): 286 tokens generated at
                       59.1 T/s · prompt 63 tokens, none cached, 63 new in 0.20
                       s · first token 0.21 s, total 5.05 s · draft 166/240
                       accepted (69%) · max_tokens reached
22:26:59.865 INFO:     #48 chat/completions (stream): 76 prompt tokens ·
                       temperature: 0, greedy (req), max_tokens: 401 (req),
                       min_tokens: 401 (req)
22:26:59.971 INFO:     #49 chat/completions (stream): 62 prompt tokens ·
                       temperature: 0, greedy (req), max_tokens: 155 (req),
                       min_tokens: 155 (req)
22:27:00.116 INFO:     #35 chat/completions (stream): 306 tokens generated at
                       56.7 T/s · prompt 58 tokens, none cached, 58 new in 0.07
                       s · first token 0.08 s, total 5.47 s · draft 170/272
                       accepted (62%) · max_tokens reached
22:27:00.185 INFO:     #50 chat/completions (stream): 73 prompt tokens ·
                       temperature: 0, greedy (req), max_tokens: 222 (req),
                       min_tokens: 222 (req)
22:27:01.162 INFO:     #39 chat/completions (stream): 333 tokens generated at
                       64.7 T/s · prompt 927 tokens, none cached, 927 new in
                       0.32 s (2,897 T/s) · first token 0.33 s, total 5.47 s ·
                       draft 188/290 accepted (65%) · max_tokens reached
22:27:01.186 INFO:     #47 chat/completions (stream): 136 tokens generated at
                       87.3 T/s · prompt 100 tokens, none cached, 100 new in
                       0.09 s · first token 0.10 s, total 1.65 s · draft 81/110
                       accepted (74%) · max_tokens reached
22:27:01.232 INFO:     #51 chat/completions (stream): 194 prompt tokens ·
                       temperature: 0, greedy (req), max_tokens: 201 (req),
                       min_tokens: 201 (req)
22:27:01.366 INFO:     #52 chat/completions (stream): 656 prompt tokens ·
                       temperature: 0, greedy (req), max_tokens: 595 (req),
                       min_tokens: 595 (req)
22:27:01.801 INFO:     #21 chat/completions (stream): 783 tokens generated at
                       60.5 T/s · prompt 218 tokens, none cached, 218 new in
                       0.11 s · first token 0.12 s, total 13.1 s · draft 447/672
                       accepted (67%) · max_tokens reached
22:27:01.872 INFO:     #53 chat/completions (stream): 73 prompt tokens ·
                       temperature: 0, greedy (req), max_tokens: 664 (req),
                       min_tokens: 664 (req)
22:27:02.254 INFO:     #43 chat/completions (stream): 271 tokens generated at
                       66.0 T/s · prompt 206 tokens, none cached, 206 new in
                       0.11 s · queued 0.11 s, first token 0.22 s, total 4.33 s
                       · draft 161/220 accepted (73%) · max_tokens reached
22:27:02.319 INFO:     #55 chat/completions (stream): 85 prompt tokens ·
                       temperature: 0, greedy (req), max_tokens: 50 (req),
                       min_tokens: 50 (req)
22:27:02.431 INFO:     #49 chat/completions (stream): 155 tokens generated at
                       70.3 T/s · prompt 62 tokens, none cached, 62 new in 0.07
                       s · first token 0.08 s, total 2.28 s · draft 86/138
                       accepted (62%) · max_tokens reached
22:27:02.499 INFO:     #56 chat/completions (stream): 75 prompt tokens ·
                       temperature: 0, greedy (req), max_tokens: 202 (req),
                       min_tokens: 202 (req)
22:27:02.988 INFO:     #55 chat/completions (stream): 50 tokens generated at
                       102.8 T/s · prompt 85 tokens, none cached, 85 new in 0.08
                       s · first token 0.09 s, total 0.57 s · draft 33/34
                       accepted (97%) · max_tokens reached
22:27:03.060 INFO:     #57 chat/completions (stream): 87 prompt tokens ·
                       temperature: 0, greedy (req), max_tokens: 683 (req),
                       min_tokens: 683 (req)
22:27:03.507 INFO:     #50 chat/completions (stream): 222 tokens generated at
                       70.7 T/s · prompt 73 tokens, none cached, 73 new in 0.08
                       s · first token 0.09 s, total 3.23 s · draft 122/200
                       accepted (61%) · max_tokens reached
22:27:03.581 INFO:     #58 chat/completions (stream): 796 prompt tokens ·
                       temperature: 0, greedy (req), max_tokens: 13 (req),
                       min_tokens: 13 (req)
22:27:04.035 INFO:     #58 chat/completions (stream): 13 tokens generated at
                       104.8 T/s · prompt 796 tokens, none cached, 796 new in
                       0.23 s (3,461 T/s) · first token 0.24 s, total 0.36 s ·
                       draft 8/10 accepted (80%) · max_tokens reached
22:27:04.105 INFO:     #59 chat/completions (stream): 349 prompt tokens ·
                       temperature: 0, greedy (req), max_tokens: 70 (req),
                       min_tokens: 70 (req)
22:27:04.375 INFO:     #51 chat/completions (stream): 201 tokens generated at
                       74.0 T/s · prompt 194 tokens, none cached, 194 new in
                       0.10 s · first token 0.11 s, total 2.82 s · draft 123/156
                       accepted (79%) · max_tokens reached
22:27:04.447 INFO:     #60 chat/completions (stream): 345 prompt tokens ·
                       temperature: 0, greedy (req), max_tokens: 18 (req),
                       min_tokens: 18 (req)
22:27:04.987 INFO:     #60 chat/completions (stream): 18 tokens generated at
                       91.0 T/s · prompt 345 tokens, none cached, 345 new in
                       0.24 s (1,438 T/s) · first token 0.25 s, total 0.44 s ·
                       draft 10/16 accepted (62%) · max_tokens reached
22:27:05.060 INFO:     #61 chat/completions (stream): 353 prompt tokens ·
                       temperature: 0, greedy (req), max_tokens: 52 (req),
                       min_tokens: 52 (req)
22:27:05.659 INFO:     #59 chat/completions (stream): 70 tokens generated at
                       57.5 T/s · prompt 349 tokens, none cached, 349 new in
                       0.24 s (1,454 T/s) · first token 0.25 s, total 1.46 s ·
                       draft 39/62 accepted (63%) · max_tokens reached
22:27:05.726 INFO:     #62 chat/completions (stream): 75 prompt tokens ·
                       temperature: 0, greedy (req), max_tokens: 218 (req),
                       min_tokens: 218 (req)
22:27:05.857 INFO:     #29 chat/completions (stream): 818 tokens generated at
                       60.0 T/s · prompt 183 tokens, none cached, 183 new in
                       0.10 s · first token 0.11 s, total 13.7 s · draft 462/712
                       accepted (65%) · max_tokens reached
22:27:05.917 INFO:     #63 chat/completions (stream): 786 prompt tokens ·
                       temperature: 0, greedy (req), max_tokens: 792 (req),
                       min_tokens: 792 (req)
22:27:06.137 INFO:     #56 chat/completions (stream): 202 tokens generated at
                       61.7 T/s · prompt 75 tokens, none cached, 75 new in 0.08
                       s · first token 0.09 s, total 3.36 s · draft 111/182
                       accepted (61%) · max_tokens reached
22:27:06.182 INFO:     #61 chat/completions (stream): 52 tokens generated at
                       93.2 T/s · prompt 353 tokens, none cached, 353 new in
                       0.25 s (1,412 T/s) · first token 0.26 s, total 0.81 s ·
                       draft 32/40 accepted (80%) · max_tokens reached
22:27:06.225 INFO:     #64 chat/completions (stream): 95 prompt tokens ·
                       temperature: 0, greedy (req), max_tokens: 25 (req),
                       min_tokens: 25 (req)
22:27:06.339 INFO:     #65 chat/completions (stream): 477 prompt tokens ·
                       temperature: 0, greedy (req), max_tokens: 7 (req),
                       min_tokens: 7 (req)
22:27:06.629 INFO:     #48 chat/completions (stream): 401 tokens generated at
                       64.1 T/s · prompt 76 tokens, none cached, 76 new in 0.08
                       s · first token 0.09 s, total 6.34 s · draft 227/348
                       accepted (65%) · max_tokens reached
22:27:06.695 INFO:     #66 chat/completions (stream): 238 prompt tokens ·
                       temperature: 0, greedy (req), max_tokens: 23 (req),
                       min_tokens: 23 (req)
22:27:06.881 INFO:     #65 chat/completions (stream): 7 tokens generated at
                       105.0 T/s · prompt 477 tokens, none cached, 477 new in
                       0.26 s (1,835 T/s) · first token 0.26 s, total 0.33 s ·
                       draft 4/6 accepted (67%) · max_tokens reached
22:27:06.943 INFO:     #67 chat/completions (stream): 62 prompt tokens ·
                       temperature: 0, greedy (req), max_tokens: 408 (req),
                       min_tokens: 408 (req)
22:27:07.039 INFO:     #64 chat/completions (stream): 25 tokens generated at
                       44.5 T/s · prompt 95 tokens, none cached, 95 new in 0.09
                       s · first token 0.10 s, total 0.66 s · draft 16/18
                       accepted (89%) · max_tokens reached
22:27:07.104 INFO:     #68 chat/completions (stream): 507 prompt tokens ·
                       temperature: 0, greedy (req), max_tokens: 8 (req),
                       min_tokens: 8 (req)
22:27:07.398 INFO:     #66 chat/completions (stream): 23 tokens generated at
                       93.9 T/s · prompt 238 tokens, none cached, 238 new in
                       0.11 s · first token 0.12 s, total 0.36 s · draft 15/16
                       accepted (94%) · max_tokens reached
22:27:07.466 INFO:     #69 chat/completions (stream): 151 prompt tokens ·
                       temperature: 0, greedy (req), max_tokens: 7 (req),
                       min_tokens: 7 (req)
22:27:07.631 INFO:     #68 chat/completions (stream): 8 tokens generated at
                       114.8 T/s · prompt 507 tokens, none cached, 507 new in
                       0.26 s (1,950 T/s) · first token 0.27 s, total 0.34 s ·
                       draft 5/6 accepted (83%) · max_tokens reached
22:27:07.695 INFO:     #70 chat/completions (stream): 92 prompt tokens ·
                       temperature: 0, greedy (req), max_tokens: 171 (req),
                       min_tokens: 171 (req)
22:27:07.809 INFO:     #69 chat/completions (stream): 7 tokens generated at
                       105.0 T/s · prompt 151 tokens, none cached, 151 new in
                       0.09 s · first token 0.10 s, total 0.16 s · draft 4/6
                       accepted (67%) · max_tokens reached
22:27:07.878 INFO:     #71 chat/completions (stream): 534 prompt tokens ·
                       temperature: 0, greedy (req), max_tokens: 59 (req),
                       min_tokens: 59 (req)
22:27:08.786 INFO:     #71 chat/completions (stream): 59 tokens generated at
                       96.3 T/s · prompt 534 tokens, none cached, 534 new in
                       0.20 s (2,670 T/s) · first token 0.21 s, total 0.82 s ·
                       draft 34/50 accepted (68%) · max_tokens reached
22:27:08.856 INFO:     #72 chat/completions (stream): 63 prompt tokens ·
                       temperature: 0, greedy (req), max_tokens: 327 (req),
                       min_tokens: 327 (req)
22:27:09.276 INFO:     #62 chat/completions (stream): 218 tokens generated at
                       64.8 T/s · prompt 75 tokens, none cached, 75 new in 0.08
                       s · first token 0.09 s, total 3.45 s · draft 135/166
                       accepted (81%) · max_tokens reached
22:27:09.345 INFO:     #73 chat/completions (stream): 58 prompt tokens ·
                       temperature: 0, greedy (req), max_tokens: 312 (req),
                       min_tokens: 312 (req)
22:27:09.581 INFO:     #52 chat/completions (stream): 595 tokens generated at
                       76.0 T/s · prompt 656 tokens, none cached, 656 new in
                       0.29 s (2,262 T/s) · first token 0.29 s, total 8.12 s ·
                       draft 385/420 accepted (92%) · max_tokens reached
22:27:09.652 INFO:     #74 chat/completions (stream): 253 prompt tokens ·
                       temperature: 0, greedy (req), max_tokens: 227 (req),
                       min_tokens: 227 (req)
22:27:10.260 INFO:     #70 chat/completions (stream): 171 tokens generated at
                       72.5 T/s · prompt 92 tokens, none cached, 92 new in 0.09
                       s · first token 0.10 s, total 2.46 s · draft 92/158
                       accepted (58%) · max_tokens reached
22:27:10.332 INFO:     #75 chat/completions (stream): 328 prompt tokens ·
                       temperature: 0, greedy (req), max_tokens: 161 (req),
                       min_tokens: 161 (req)
22:27:12.001 INFO:     #53 chat/completions (stream): 664 tokens generated at
                       66.7 T/s · prompt 73 tokens, none cached, 73 new in 0.08
                       s · first token 0.09 s, total 10.0 s · draft 380/568
                       accepted (67%) · max_tokens reached
22:27:12.072 INFO:     #76 chat/completions (stream): 62 prompt tokens ·
                       temperature: 0, greedy (req), max_tokens: 158 (req),
                       min_tokens: 158 (req)
22:27:12.630 INFO:     #75 chat/completions (stream): 161 tokens generated at
                       82.0 T/s · prompt 328 tokens, none cached, 328 new in
                       0.23 s (1,426 T/s) · first token 0.24 s, total 2.20 s ·
                       draft 86/150 accepted (57%) · max_tokens reached
22:27:12.687 INFO:     #77 chat/completions (stream): 450 prompt tokens ·
                       temperature: 0, greedy (req), max_tokens: 172 (req),
                       min_tokens: 172 (req)
22:27:12.688 INFO:     #74 chat/completions (stream): 227 tokens generated at
                       80.1 T/s · prompt 253 tokens, none cached, 253 new in
                       0.12 s · first token 0.13 s, total 2.96 s · draft 126/202
                       accepted (62%) · max_tokens reached
22:27:12.845 INFO:     #67 chat/completions (stream): 408 tokens generated at
                       72.7 T/s · prompt 62 tokens, none cached, 62 new in 0.07
                       s · first token 0.07 s, total 5.69 s · draft 227/362
                       accepted (63%) · max_tokens reached
22:27:12.997 INFO:     #78 chat/completions (stream): 840 prompt tokens ·
                       temperature: 0, greedy (req), max_tokens: 16 (req),
                       min_tokens: 16 (req)
22:27:13.239 INFO:     #79 chat/completions (stream): 63 prompt tokens ·
                       temperature: 0, greedy (req), max_tokens: 373 (req),
                       min_tokens: 373 (req)
22:27:13.626 INFO:     #72 chat/completions (stream): 327 tokens generated at
                       71.0 T/s · prompt 63 tokens, none cached, 63 new in 0.07
                       s · first token 0.08 s, total 4.68 s · draft 185/284
                       accepted (65%) · max_tokens reached
22:27:13.692 INFO:     #80 chat/completions (stream): 63 prompt tokens ·
                       temperature: 0, greedy (req), max_tokens: 361 (req),
                       min_tokens: 361 (req)
22:27:13.693 INFO:     #78 chat/completions (stream): 16 tokens generated at
                       76.2 T/s · prompt 840 tokens, none cached, 840 new in
                       0.39 s (2,154 T/s) · first token 0.40 s, total 0.61 s ·
                       draft 7/18 accepted (39%) · max_tokens reached
22:27:13.837 INFO:     #81 chat/completions (stream): 64 prompt tokens ·
                       temperature: 0, greedy (req), max_tokens: 400 (req),
                       min_tokens: 400 (req)
22:27:13.995 INFO:     #73 chat/completions (stream): 312 tokens generated at
                       70.7 T/s · prompt 58 tokens, none cached, 58 new in 0.07
                       s · first token 0.08 s, total 4.49 s · draft 177/270
                       accepted (66%) · max_tokens reached
22:27:14.038 INFO:     #57 chat/completions (stream): 683 tokens generated at
                       63.2 T/s · prompt 87 tokens, none cached, 87 new in 0.08
                       s · first token 0.09 s, total 10.9 s · draft 387/592
                       accepted (65%) · max_tokens reached
22:27:14.059 INFO:     #82 chat/completions (stream): 677 prompt tokens ·
                       temperature: 0, greedy (req), max_tokens: 6 (req),
                       min_tokens: 6 (req)
22:27:14.370 INFO:     #83 chat/completions (stream): 114 prompt tokens ·
                       temperature: 0, greedy (req), max_tokens: 443 (req),
                       min_tokens: 443 (req)
22:27:14.587 INFO:     #82 chat/completions (stream): 6 tokens generated at 40.3
                       T/s · prompt 677 tokens, none cached, 677 new in 0.28 s
                       (2,418 T/s) · first token 0.29 s, total 0.43 s · draft
                       4/4 accepted (100%) · max_tokens reached
22:27:14.659 INFO:     #84 chat/completions (stream): 739 prompt tokens ·
                       temperature: 0, greedy (req), max_tokens: 620 (req),
                       min_tokens: 620 (req)
22:27:15.422 INFO:     #76 chat/completions (stream): 158 tokens generated at
                       49.7 T/s · prompt 62 tokens, none cached, 62 new in 0.07
                       s · first token 0.08 s, total 3.26 s · draft 83/150
                       accepted (55%) · max_tokens reached
22:27:15.491 INFO:     #85 chat/completions (stream): 502 prompt tokens ·
                       temperature: 0, greedy (req), max_tokens: 8 (req),
                       min_tokens: 8 (req)
22:27:15.933 INFO:     #85 chat/completions (stream): 8 tokens generated at
                       113.2 T/s · prompt 502 tokens, none cached, 502 new in
                       0.27 s (1,859 T/s) · first token 0.28 s, total 0.35 s ·
                       draft 5/6 accepted (83%) · max_tokens reached
22:27:15.999 INFO:     #86 chat/completions (stream): 67 prompt tokens ·
                       temperature: 0, greedy (req), max_tokens: 309 (req),
                       min_tokens: 309 (req)
22:27:16.102 INFO:     #77 chat/completions (stream): 172 tokens generated at
                       57.8 T/s · prompt 450 tokens, none cached, 450 new in
                       0.26 s (1,731 T/s) · first token 0.27 s, total 3.24 s ·
                       draft 105/134 accepted (78%) · max_tokens reached
22:27:16.175 INFO:     #87 chat/completions (stream): 684 prompt tokens ·
                       temperature: 0, greedy (req), max_tokens: 19 (req),
                       min_tokens: 19 (req)
22:27:16.727 INFO:     #87 chat/completions (stream): 19 tokens generated at
                       110.9 T/s · prompt 684 tokens, none cached, 684 new in
                       0.28 s (2,443 T/s) · first token 0.29 s, total 0.46 s ·
                       draft 12/14 accepted (86%) · max_tokens reached
22:27:16.798 INFO:     #88 chat/completions (stream): 67 prompt tokens ·
                       temperature: 0, greedy (req), max_tokens: 161 (req),
                       min_tokens: 161 (req)
22:27:18.083 INFO:     #63 chat/completions (stream): 792 tokens generated at
                       67.0 T/s · prompt 786 tokens, none cached, 786 new in
                       0.24 s (3,275 T/s) · first token 0.25 s, total 12.1 s ·
                       draft 459/666 accepted (69%) · max_tokens reached
22:27:18.156 INFO:     #90 chat/completions (stream): 345 prompt tokens ·
                       temperature: 0, greedy (req), max_tokens: 20 (req),
                       min_tokens: 20 (req)
22:27:18.716 INFO:     #90 chat/completions (stream): 20 tokens generated at
                       102.1 T/s · prompt 345 tokens, none cached, 345 new in
                       0.27 s (1,278 T/s) · first token 0.28 s, total 0.47 s ·
                       draft 12/16 accepted (75%) · max_tokens reached
22:27:18.789 INFO:     #91 chat/completions (stream): 870 prompt tokens ·
                       temperature: 0, greedy (req), max_tokens: 44 (req),
                       min_tokens: 44 (req)
22:27:19.310 INFO:     #79 chat/completions (stream): 373 tokens generated at
                       64.2 T/s · prompt 63 tokens, none cached, 63 new in 0.07
                       s · first token 0.15 s, total 5.97 s · draft 215/316
                       accepted (68%) · max_tokens reached
22:27:19.385 INFO:     #92 chat/completions (stream): 77 prompt tokens ·
                       temperature: 0, greedy (req), max_tokens: 142 (req),
                       min_tokens: 142 (req)
22:27:19.518 INFO:     #88 chat/completions (stream): 161 tokens generated at
                       65.6 T/s · prompt 67 tokens, none cached, 67 new in 0.07
                       s · first token 0.08 s, total 2.53 s · draft 84/154
                       accepted (55%) · max_tokens reached
22:27:19.590 INFO:     #93 chat/completions (stream): 116 prompt tokens ·
                       temperature: 0, greedy (req), max_tokens: 79 (req),
                       min_tokens: 79 (req)
22:27:19.854 INFO:     #80 chat/completions (stream): 361 tokens generated at
                       60.2 T/s · prompt 63 tokens, none cached, 63 new in 0.07
                       s · first token 0.08 s, total 6.07 s · draft 201/320
                       accepted (63%) · max_tokens reached
22:27:19.855 INFO:     #91 chat/completions (stream): 44 tokens generated at
                       66.2 T/s · prompt 870 tokens, none cached, 870 new in
                       0.31 s (2,806 T/s) · first token 0.32 s, total 0.98 s ·
                       draft 25/38 accepted (66%) · max_tokens reached
22:27:19.924 INFO:     #94 chat/completions (stream): 188 prompt tokens ·
                       temperature: 0, greedy (req), max_tokens: 337 (req),
                       min_tokens: 337 (req)
22:27:19.924 INFO:     #95 chat/completions (stream): 121 prompt tokens ·
                       temperature: 0, greedy (req), max_tokens: 9 (req),
                       min_tokens: 9 (req)
22:27:20.326 INFO:     #95 chat/completions (stream): 9 tokens generated at 92.3
                       T/s · prompt 121 tokens, none cached, 121 new in 0.10 s ·
                       queued 0.11 s, first token 0.21 s, total 0.31 s · draft
                       5/8 accepted (62%) · max_tokens reached
22:27:20.397 INFO:     #96 chat/completions (stream): 546 prompt tokens ·
                       temperature: 0, greedy (req), max_tokens: 16 (req),
                       min_tokens: 16 (req)
22:27:20.848 INFO:     #93 chat/completions (stream): 79 tokens generated at
                       74.3 T/s · prompt 116 tokens, none cached, 116 new in
                       0.10 s · first token 0.11 s, total 1.17 s · draft 52/54
                       accepted (96%) · max_tokens reached
22:27:20.873 INFO:     #96 chat/completions (stream): 16 tokens generated at
                       112.5 T/s · prompt 546 tokens, none cached, 546 new in
                       0.24 s (2,275 T/s) · first token 0.25 s, total 0.39 s ·
                       draft 10/12 accepted (83%) · max_tokens reached
22:27:20.918 INFO:     #97 chat/completions (stream): 346 prompt tokens ·
                       temperature: 0, greedy (req), max_tokens: 18 (req),
                       min_tokens: 18 (req)
22:27:21.069 INFO:     #98 chat/completions (stream): 399 prompt tokens ·
                       temperature: 0, greedy (req), max_tokens: 350 (req),
                       min_tokens: 350 (req)
22:27:21.491 INFO:     #86 chat/completions (stream): 309 tokens generated at
                       63.9 T/s · prompt 67 tokens, none cached, 67 new in 0.07
                       s · first token 0.08 s, total 4.91 s · draft 172/274
                       accepted (63%) · max_tokens reached
22:27:21.556 INFO:     #99 chat/completions (stream): 832 prompt tokens ·
                       temperature: 0, greedy (req), max_tokens: 25 (req),
                       min_tokens: 25 (req)
22:27:21.779 INFO:     #81 chat/completions (stream): 400 tokens generated at
                       52.8 T/s · prompt 64 tokens, none cached, 64 new in 0.07
                       s · first token 0.07 s, total 7.65 s · draft 208/384
                       accepted (54%) · max_tokens reached
22:27:21.922 INFO:     #100 chat/completions (stream): 62 prompt tokens ·
                       temperature: 0, greedy (req), max_tokens: 163 (req),
                       min_tokens: 163 (req)
22:27:22.041 INFO:     #97 chat/completions (stream): 18 tokens generated at
                       31.8 T/s · prompt 346 tokens, none cached, 346 new in
                       0.39 s (887 T/s) · first token 0.40 s, total 0.96 s ·
                       draft 10/16 accepted (62%) · max_tokens reached
22:27:22.109 INFO:     #101 chat/completions (stream): 794 prompt tokens ·
                       temperature: 0, greedy (req), max_tokens: 12 (req),
                       min_tokens: 12 (req)
22:27:22.403 INFO:     #83 chat/completions (stream): 443 tokens generated at
                       58.2 T/s · prompt 114 tokens, none cached, 114 new in
                       0.10 s · first token 0.11 s, total 7.72 s · draft 249/388
                       accepted (64%) · max_tokens reached
22:27:22.464 INFO:     #102 chat/completions (stream): 489 prompt tokens ·
                       temperature: 0, greedy (req), max_tokens: 32 (req),
                       min_tokens: 32 (req)
22:27:22.618 INFO:     #99 chat/completions (stream): 25 tokens generated at
                       45.8 T/s · prompt 832 tokens, none cached, 832 new in
                       0.29 s (2,869 T/s) · first token 0.30 s, total 0.84 s ·
                       draft 14/22 accepted (64%) · max_tokens reached
22:27:22.766 INFO:     #101 chat/completions (stream): 12 tokens generated at
                       139.4 T/s · prompt 794 tokens, none cached, 794 new in
                       0.25 s (3,176 T/s) · first token 0.26 s, total 0.34 s ·
                       draft 8/8 accepted (100%) · max_tokens reached
22:27:22.785 INFO:     #103 chat/completions (stream): 378 prompt tokens ·
                       temperature: 0, greedy (req), max_tokens: 447 (req),
                       min_tokens: 447 (req)
22:27:22.787 INFO:     #92 chat/completions (stream): 142 tokens generated at
                       47.5 T/s · prompt 77 tokens, none cached, 77 new in 0.08
                       s · first token 0.09 s, total 3.08 s · draft 81/122
                       accepted (66%) · max_tokens reached
22:27:23.064 INFO:     #104 chat/completions (stream): 72 prompt tokens ·
                       temperature: 0, greedy (req), max_tokens: 731 (req),
                       min_tokens: 731 (req)
22:27:23.168 INFO:     #105 chat/completions (stream): 76 prompt tokens ·
                       temperature: 0, greedy (req), max_tokens: 393 (req),
                       min_tokens: 393 (req)
22:27:23.494 INFO:     #102 chat/completions (stream): 32 tokens generated at
                       47.5 T/s · prompt 489 tokens, none cached, 489 new in
                       0.26 s (1,881 T/s) · first token 0.27 s, total 0.94 s ·
                       draft 20/24 accepted (83%) · max_tokens reached
22:27:23.564 INFO:     #106 chat/completions (stream): 60 prompt tokens ·
                       temperature: 0, greedy (req), max_tokens: 636 (req),
                       min_tokens: 636 (req)
22:27:24.750 INFO:     #100 chat/completions (stream): 163 tokens generated at
                       61.1 T/s · prompt 62 tokens, none cached, 62 new in 0.07
                       s · first token 0.08 s, total 2.74 s · draft 90/147
                       accepted (61%) · max_tokens reached
22:27:24.817 INFO:     #107 chat/completions (stream): 87 prompt tokens ·
                       temperature: 0, greedy (req), max_tokens: 38 (req),
                       min_tokens: 38 (req)
22:27:25.164 INFO:     #84 chat/completions (stream): 620 tokens generated at
                       61.3 T/s · prompt 739 tokens, none cached, 739 new in
                       0.30 s (2,463 T/s) · first token 0.31 s, total 10.4 s ·
                       draft 352/537 accepted (66%) · max_tokens reached
22:27:25.238 INFO:     #108 chat/completions (stream): 132 prompt tokens ·
                       temperature: 0, greedy (req), max_tokens: 61 (req),
                       min_tokens: 61 (req)
22:27:25.418 INFO:     #107 chat/completions (stream): 38 tokens generated at
                       123.4 T/s · prompt 87 tokens, none cached, 87 new in 0.09
                       s · first token 0.10 s, total 0.40 s · draft 25/26
                       accepted (96%) · max_tokens reached
22:27:25.489 INFO:     #109 chat/completions (stream): 76 prompt tokens ·
                       temperature: 0, greedy (req), max_tokens: 411 (req),
                       min_tokens: 411 (req)
22:27:26.039 INFO:     #108 chat/completions (stream): 61 tokens generated at
                       102.5 T/s · prompt 132 tokens, none cached, 132 new in
                       0.11 s · first token 0.12 s, total 0.71 s · draft 40/42
                       accepted (95%) · max_tokens reached
22:27:26.109 INFO:     #110 chat/completions (stream): 68 prompt tokens ·
                       temperature: 0, greedy (req), max_tokens: 367 (req),
                       min_tokens: 367 (req)
22:27:26.473 INFO:     #94 chat/completions (stream): 337 tokens generated at
                       54.0 T/s · prompt 188 tokens, none cached, 188 new in
                       0.20 s · first token 0.21 s, total 6.46 s · draft 172/331
                       accepted (52%) · max_tokens reached
22:27:26.541 INFO:     #111 chat/completions (stream): 123 prompt tokens ·
                       temperature: 0, greedy (req), max_tokens: 289 (req),
                       min_tokens: 289 (req)
22:27:26.713 INFO:     #98 chat/completions (stream): 350 tokens generated at
                       69.0 T/s · prompt 399 tokens, none cached, 399 new in
                       0.29 s (1,376 T/s) · first token 0.38 s, total 5.45 s ·
                       draft 205/291 accepted (70%) · max_tokens reached
22:27:26.779 INFO:     #112 chat/completions (stream): 101 prompt tokens ·
                       temperature: 0, greedy (req), max_tokens: 518 (req),
                       min_tokens: 518 (req)
22:27:28.110 INFO:     #105 chat/completions (stream): 393 tokens generated at
                       82.7 T/s · prompt 76 tokens, none cached, 76 new in 0.09
                       s · first token 0.09 s, total 4.85 s · draft 220/346
                       accepted (64%) · max_tokens reached
22:27:28.181 INFO:     #113 chat/completions (stream): 145 prompt tokens ·
                       temperature: 0, greedy (req), max_tokens: 144 (req),
                       min_tokens: 144 (req)
22:27:28.868 INFO:     #103 chat/completions (stream): 447 tokens generated at
                       78.0 T/s · prompt 378 tokens, none cached, 378 new in
                       0.25 s (1,512 T/s) · first token 0.26 s, total 5.99 s ·
                       draft 245/404 accepted (61%) · max_tokens reached
22:27:28.940 INFO:     #114 chat/completions (stream): 360 prompt tokens ·
                       temperature: 0, greedy (req), max_tokens: 8 (req),
                       min_tokens: 8 (req)
22:27:29.352 INFO:     #114 chat/completions (stream): 8 tokens generated at
                       112.0 T/s · prompt 360 tokens, none cached, 360 new in
                       0.24 s (1,500 T/s) · first token 0.25 s, total 0.32 s ·
                       draft 5/6 accepted (83%) · max_tokens reached
22:27:29.422 INFO:     #115 chat/completions (stream): 469 prompt tokens ·
                       temperature: 0, greedy (req), max_tokens: 465 (req),
                       min_tokens: 465 (req)
22:27:30.373 INFO:     #111 chat/completions (stream): 289 tokens generated at
                       79.4 T/s · prompt 123 tokens, none cached, 123 new in
                       0.10 s · first token 0.11 s, total 3.75 s · draft 165/248
                       accepted (67%) · max_tokens reached
22:27:30.374 INFO:     #113 chat/completions (stream): 144 tokens generated at
                       72.3 T/s · prompt 145 tokens, none cached, 145 new in
                       0.11 s · first token 0.12 s, total 2.11 s · draft 81/126
                       accepted (64%) · max_tokens reached
22:27:30.442 INFO:     #116 chat/completions (stream): 327 prompt tokens ·
                       temperature: 0, greedy (req), max_tokens: 420 (req),
                       min_tokens: 420 (req)
22:27:30.443 INFO:     #117 chat/completions (stream): 93 prompt tokens ·
                       temperature: 0, greedy (req), max_tokens: 298 (req),
                       min_tokens: 298 (req)
22:27:31.109 INFO:     #109 chat/completions (stream): 411 tokens generated at
                       75.5 T/s · prompt 76 tokens, none cached, 76 new in 0.08
                       s · first token 0.09 s, total 5.53 s · draft 232/358
                       accepted (65%) · max_tokens reached
22:27:31.178 INFO:     #118 chat/completions (stream): 126 prompt tokens ·
                       temperature: 0, greedy (req), max_tokens: 325 (req),
                       min_tokens: 325 (req)
22:27:31.419 INFO:     #106 chat/completions (stream): 636 tokens generated at
                       82.7 T/s · prompt 60 tokens, none cached, 60 new in 0.07
                       s · first token 0.08 s, total 7.77 s · draft 379/514
                       accepted (74%) · max_tokens reached
22:27:31.442 INFO:     #110 chat/completions (stream): 367 tokens generated at
                       71.0 T/s · prompt 68 tokens, none cached, 68 new in 0.07
                       s · first token 0.08 s, total 5.24 s · draft 200/334
                       accepted (60%) · max_tokens reached
22:27:31.486 INFO:     #119 chat/completions (stream): 487 prompt tokens ·
                       temperature: 0, greedy (req), max_tokens: 7 (req),
                       min_tokens: 7 (req)
22:27:31.641 INFO:     #120 chat/completions (stream): 334 prompt tokens ·
                       temperature: 0, greedy (req), max_tokens: 377 (req),
                       min_tokens: 377 (req)
22:27:32.130 INFO:     #119 chat/completions (stream): 7 tokens generated at
                       44.9 T/s · prompt 487 tokens, none cached, 487 new in
                       0.39 s (1,249 T/s) · first token 0.40 s, total 0.55 s ·
                       draft 4/6 accepted (67%) · max_tokens reached
22:27:32.210 INFO:     #122 chat/completions (stream): 841 prompt tokens ·
                       temperature: 0, greedy (req), max_tokens: 429 (req),
                       min_tokens: 429 (req)
22:27:33.421 INFO:     #104 chat/completions (stream): 731 tokens generated at
                       71.8 T/s · prompt 72 tokens, none cached, 72 new in 0.08
                       s · first token 0.09 s, total 10.3 s · draft 408/646
                       accepted (63%) · max_tokens reached
22:27:33.490 INFO:     #123 chat/completions (stream): 57 prompt tokens ·
                       temperature: 0, greedy (req), max_tokens: 99 (req),
                       min_tokens: 99 (req)
22:27:34.698 INFO:     #123 chat/completions (stream): 99 tokens generated at
                       95.2 T/s · prompt 57 tokens, none cached, 57 new in 0.07
                       s · first token 0.08 s, total 1.12 s · draft 57/84
                       accepted (68%) · max_tokens reached
22:27:34.767 INFO:     #124 chat/completions (stream): 147 prompt tokens ·
                       temperature: 0, greedy (req), max_tokens: 30 (req),
                       min_tokens: 30 (req)
22:27:34.954 INFO:     #112 chat/completions (stream): 518 tokens generated at
                       65.7 T/s · prompt 101 tokens, none cached, 101 new in
                       0.09 s · first token 0.10 s, total 7.98 s · draft 265/506
                       accepted (52%) · max_tokens reached
22:27:35.023 INFO:     #125 chat/completions (stream): 232 prompt tokens ·
                       temperature: 0, greedy (req), max_tokens: 78 (req),
                       min_tokens: 78 (req)
22:27:35.296 INFO:     #117 chat/completions (stream): 298 tokens generated at
                       65.6 T/s · prompt 93 tokens, none cached, 93 new in 0.09
                       s · queued 0.14 s, first token 0.23 s, total 4.77 s ·
                       draft 160/276 accepted (58%) · max_tokens reached
22:27:35.319 INFO:     #124 chat/completions (stream): 30 tokens generated at
                       81.6 T/s · prompt 147 tokens, none cached, 147 new in
                       0.09 s · first token 0.10 s, total 0.46 s · draft 19/22
                       accepted (86%) · max_tokens reached
22:27:35.362 INFO:     #126 chat/completions (stream): 63 prompt tokens ·
                       temperature: 0, greedy (req), max_tokens: 321 (req),
                       min_tokens: 321 (req)
22:27:35.470 INFO:     #127 chat/completions (stream): 78 prompt tokens ·
                       temperature: 0, greedy (req), max_tokens: 254 (req),
                       min_tokens: 254 (req)
22:27:35.815 INFO:     #115 chat/completions (stream): 465 tokens generated at
                       77.0 T/s · prompt 469 tokens, none cached, 469 new in
                       0.25 s (1,876 T/s) · first token 0.26 s, total 6.29 s ·
                       draft 281/368 accepted (76%) · max_tokens reached
22:27:35.885 INFO:     #128 chat/completions (stream): 63 prompt tokens ·
                       temperature: 0, greedy (req), max_tokens: 194 (req),
                       min_tokens: 194 (req)
22:27:36.044 INFO:     #118 chat/completions (stream): 325 tokens generated at
                       70.7 T/s · prompt 126 tokens, none cached, 126 new in
                       0.10 s · first token 0.11 s, total 4.70 s · draft 183/284
                       accepted (64%) · max_tokens reached
22:27:36.067 INFO:     #125 chat/completions (stream): 78 tokens generated at
                       92.6 T/s · prompt 232 tokens, none cached, 232 new in
                       0.11 s · first token 0.11 s, total 0.96 s · draft 52/52
                       accepted (100%) · max_tokens reached
22:27:36.111 INFO:     #129 chat/completions (stream): 629 prompt tokens ·
                       temperature: 0, greedy (req), max_tokens: 9 (req),
                       min_tokens: 9 (req)
22:27:36.293 INFO:     #130 chat/completions (stream): 57 prompt tokens ·
                       temperature: 0, greedy (req), max_tokens: 78 (req),
                       min_tokens: 78 (req)
22:27:36.652 INFO:     #129 chat/completions (stream): 9 tokens generated at
                       96.2 T/s · prompt 629 tokens, none cached, 629 new in
                       0.35 s (1,797 T/s) · first token 0.36 s, total 0.45 s ·
                       draft 5/8 accepted (62%) · max_tokens reached
22:27:36.723 INFO:     #131 chat/completions (stream): 148 prompt tokens ·
                       temperature: 0, greedy (req), max_tokens: 15 (req),
                       min_tokens: 15 (req)
22:27:37.027 INFO:     #120 chat/completions (stream): 377 tokens generated at
                       76.1 T/s · prompt 334 tokens, none cached, 334 new in
                       0.23 s (1,452 T/s) · queued 0.12 s, first token 0.35 s,
                       total 5.30 s · draft 222/310 accepted (72%) · max_tokens
                       reached
22:27:37.066 INFO:     #131 chat/completions (stream): 15 tokens generated at
                       90.8 T/s · prompt 148 tokens, none cached, 148 new in
                       0.09 s · first token 0.10 s, total 0.26 s · draft 8/14
                       accepted (57%) · max_tokens reached
22:27:37.085 INFO:     #132 chat/completions (stream): 346 prompt tokens ·
                       temperature: 0, greedy (req), max_tokens: 11 (req),
                       min_tokens: 11 (req)
22:27:37.239 INFO:     #116 chat/completions (stream): 420 tokens generated at
                       67.2 T/s · prompt 327 tokens, none cached, 327 new in
                       0.32 s (1,022 T/s) · first token 0.33 s, total 6.58 s ·
                       draft 233/374 accepted (62%) · max_tokens reached
22:27:37.351 INFO:     #133 chat/completions (stream): 74 prompt tokens ·
                       temperature: 0, greedy (req), max_tokens: 296 (req),
                       min_tokens: 296 (req)
22:27:37.483 INFO:     #134 chat/completions (stream): 468 prompt tokens ·
                       temperature: 0, greedy (req), max_tokens: 17 (req),
                       min_tokens: 17 (req)
22:27:37.837 INFO:     #132 chat/completions (stream): 11 tokens generated at
                       36.0 T/s · prompt 346 tokens, none cached, 346 new in
                       0.24 s (1,442 T/s) · first token 0.25 s, total 0.55 s ·
                       draft 7/8 accepted (88%) · max_tokens reached
22:27:37.909 INFO:     #135 chat/completions (stream): 400 prompt tokens ·
                       temperature: 0, greedy (req), max_tokens: 4 (req),
                       min_tokens: 4 (req)
22:27:38.255 INFO:     #134 chat/completions (stream): 17 tokens generated at
                       106.6 T/s · prompt 468 tokens, none cached, 468 new in
                       0.26 s (1,800 T/s) · first token 0.27 s, total 0.42 s ·
                       draft 10/14 accepted (71%) · max_tokens reached
22:27:38.311 INFO:     #136 chat/completions (stream): 216 prompt tokens ·
                       temperature: 0, greedy (req), max_tokens: 30 (req),
                       min_tokens: 30 (req)
22:27:38.313 INFO:     #130 chat/completions (stream): 78 tokens generated at
                       44.2 T/s · prompt 57 tokens, none cached, 57 new in 0.07
                       s · queued 0.11 s, first token 0.18 s, total 1.94 s ·
                       draft 40/76 accepted (53%) · max_tokens reached
22:27:38.313 INFO:     #135 chat/completions (stream): 4 tokens generated at
                       62.9 T/s · prompt 400 tokens, none cached, 400 new in
                       0.26 s (1,538 T/s) · first token 0.27 s, total 0.33 s ·
                       draft 2/4 accepted (50%) · max_tokens reached
22:27:38.486 INFO:     #137 chat/completions (stream): 200 prompt tokens ·
                       temperature: 0, greedy (req), max_tokens: 12 (req),
                       min_tokens: 12 (req)
22:27:38.487 INFO:     #138 chat/completions (stream): 160 prompt tokens ·
                       temperature: 0, greedy (req), max_tokens: 60 (req),
                       min_tokens: 60 (req)
22:27:38.909 INFO:     #137 chat/completions (stream): 12 tokens generated at
                       98.7 T/s · prompt 200 tokens, none cached, 200 new in
                       0.20 s · first token 0.21 s, total 0.33 s · draft 7/10
                       accepted (70%) · max_tokens reached
22:27:38.952 INFO:     #136 chat/completions (stream): 30 tokens generated at
                       67.5 T/s · prompt 216 tokens, none cached, 216 new in
                       0.10 s · first token 0.11 s, total 0.55 s · draft 20/20
                       accepted (100%) · max_tokens reached
22:27:38.973 INFO:     #139 chat/completions (stream): 572 prompt tokens ·
                       temperature: 0, greedy (req), max_tokens: 60 (req),
                       min_tokens: 60 (req)
22:27:39.242 INFO:     #140 chat/completions (stream): 68 prompt tokens ·
                       temperature: 0, greedy (req), max_tokens: 733 (req),
                       min_tokens: 733 (req)
22:27:39.728 INFO:     #138 chat/completions (stream): 60 tokens generated at
                       64.0 T/s · prompt 160 tokens, none cached, 160 new in
                       0.10 s · queued 0.12 s, first token 0.22 s, total 1.15 s
                       · draft 33/54 accepted (61%) · max_tokens reached
22:27:39.799 INFO:     #141 chat/completions (stream): 59 prompt tokens ·
                       temperature: 0, greedy (req), max_tokens: 81 (req),
                       min_tokens: 81 (req)
22:27:39.953 INFO:     #122 chat/completions (stream): 429 tokens generated at
                       59.0 T/s · prompt 841 tokens, none cached, 841 new in
                       0.31 s (2,713 T/s) · first token 0.32 s, total 7.59 s ·
                       draft 221/416 accepted (53%) · max_tokens reached
22:27:39.974 INFO:     #128 chat/completions (stream): 194 tokens generated at
                       49.3 T/s · prompt 63 tokens, none cached, 63 new in 0.07
                       s · first token 0.08 s, total 4.01 s · draft 106/176
                       accepted (60%) · max_tokens reached
22:27:39.993 INFO:     #127 chat/completions (stream): 254 tokens generated at
                       58.2 T/s · prompt 78 tokens, none cached, 78 new in 0.08
                       s · first token 0.08 s, total 4.45 s · draft 151/206
                       accepted (73%) · max_tokens reached
22:27:40.012 INFO:     #142 chat/completions (stream): 694 prompt tokens ·
                       temperature: 0, greedy (req), max_tokens: 34 (req),
                       min_tokens: 34 (req)
22:27:40.238 INFO:     #143 chat/completions (stream): 66 prompt tokens ·
                       temperature: 0, greedy (req), max_tokens: 198 (req),
                       min_tokens: 198 (req)
22:27:40.436 INFO:     #144 chat/completions (stream): 477 prompt tokens ·
                       temperature: 0, greedy (req), max_tokens: 38 (req),
                       min_tokens: 38 (req)
22:27:40.722 INFO:     #139 chat/completions (stream): 60 tokens generated at
                       76.0 T/s · prompt 572 tokens, none cached, 572 new in
                       0.24 s (2,383 T/s) · first token 0.25 s, total 1.04 s ·
                       draft 32/56 accepted (57%) · max_tokens reached
22:27:40.791 INFO:     #145 chat/completions (stream): 80 prompt tokens ·
                       temperature: 0, greedy (req), max_tokens: 49 (req),
                       min_tokens: 49 (req)
22:27:41.113 INFO:     #142 chat/completions (stream): 34 tokens generated at
                       56.2 T/s · prompt 694 tokens, none cached, 694 new in
                       0.40 s (1,735 T/s) · first token 0.41 s, total 1.01 s ·
                       draft 22/24 accepted (92%) · max_tokens reached
22:27:41.180 INFO:     #146 chat/completions (stream): 124 prompt tokens ·
                       temperature: 0, greedy (req), max_tokens: 635 (req),
                       min_tokens: 635 (req)
22:27:41.331 INFO:     #144 chat/completions (stream): 38 tokens generated at
                       87.4 T/s · prompt 477 tokens, none cached, 477 new in
                       0.26 s (1,835 T/s) · first token 0.27 s, total 0.70 s ·
                       draft 23/30 accepted (77%) · max_tokens reached
22:27:41.401 INFO:     #147 chat/completions (stream): 411 prompt tokens ·
                       temperature: 0, greedy (req), max_tokens: 7 (req),
                       min_tokens: 7 (req)
22:27:41.760 INFO:     #145 chat/completions (stream): 49 tokens generated at
                       61.4 T/s · prompt 80 tokens, none cached, 80 new in 0.08
                       s · first token 0.09 s, total 0.88 s · draft 29/40
                       accepted (72%) · max_tokens reached
22:27:41.801 INFO:     #141 chat/completions (stream): 81 tokens generated at
                       43.9 T/s · prompt 59 tokens, none cached, 59 new in 0.07
                       s · first token 0.08 s, total 1.92 s · draft 45/73
                       accepted (62%) · max_tokens reached
22:27:41.801 INFO:     #147 chat/completions (stream): 7 tokens generated at
                       101.7 T/s · prompt 411 tokens, none cached, 411 new in
                       0.25 s (1,644 T/s) · first token 0.26 s, total 0.32 s ·
                       draft 4/6 accepted (67%) · max_tokens reached
22:27:41.820 INFO:     #148 chat/completions (stream): 315 prompt tokens ·
                       temperature: 0, greedy (req), max_tokens: 707 (req),
                       min_tokens: 707 (req)
22:27:42.070 INFO:     #149 chat/completions (stream): 77 prompt tokens ·
                       temperature: 0, greedy (req), max_tokens: 380 (req),
                       min_tokens: 380 (req)
22:27:42.071 INFO:     #150 chat/completions (stream): 266 prompt tokens ·
                       temperature: 0, greedy (req), max_tokens: 147 (req),
                       min_tokens: 147 (req)
22:27:42.495 INFO:     #126 chat/completions (stream): 321 tokens generated at
                       46.1 T/s · prompt 63 tokens, none cached, 63 new in 0.07
                       s · first token 0.08 s, total 7.04 s · draft 173/297
                       accepted (58%) · max_tokens reached
22:27:42.565 INFO:     #151 chat/completions (stream): 232 prompt tokens ·
                       temperature: 0, greedy (req), max_tokens: 41 (req),
                       min_tokens: 41 (req)
22:27:43.139 INFO:     #151 chat/completions (stream): 41 tokens generated at
                       114.0 T/s · prompt 232 tokens, none cached, 232 new in
                       0.11 s · first token 0.12 s, total 0.48 s · draft 26/30
                       accepted (87%) · max_tokens reached
22:27:43.240 INFO:     #152 chat/completions (stream): 137 prompt tokens ·
                       temperature: 0, greedy (req), max_tokens: 101 (req),
                       min_tokens: 101 (req)
22:27:43.642 INFO:     #143 chat/completions (stream): 198 tokens generated at
                       63.0 T/s · prompt 66 tokens, none cached, 66 new in 0.07
                       s · queued 0.10 s, first token 0.17 s, total 3.31 s ·
                       draft 123/150 accepted (82%) · max_tokens reached
22:27:43.685 INFO:     #133 chat/completions (stream): 296 tokens generated at
                       48.0 T/s · prompt 74 tokens, none cached, 74 new in 0.08
                       s · first token 0.09 s, total 6.25 s · draft 157/279
                       accepted (56%) · max_tokens reached
22:27:43.707 INFO:     #153 chat/completions (stream): 135 prompt tokens ·
                       temperature: 0, greedy (req), max_tokens: 433 (req),
                       min_tokens: 433 (req)
22:27:43.864 INFO:     #154 chat/completions (stream): 456 prompt tokens ·
                       temperature: 0, greedy (req), max_tokens: 342 (req),
                       min_tokens: 342 (req)
22:27:44.249 INFO:     #150 chat/completions (stream): 147 tokens generated at
                       82.2 T/s · prompt 266 tokens, none cached, 266 new in
                       0.20 s (1,330 T/s) · first token 0.29 s, total 2.08 s ·
                       draft 97/100 accepted (97%) · max_tokens reached
22:27:44.317 INFO:     #155 chat/completions (stream): 301 prompt tokens ·
                       temperature: 0, greedy (req), max_tokens: 14 (req),
                       min_tokens: 14 (req)
22:27:44.769 INFO:     #155 chat/completions (stream): 14 tokens generated at
                       97.9 T/s · prompt 301 tokens, none cached, 301 new in
                       0.21 s (1,433 T/s) · first token 0.22 s, total 0.36 s ·
                       draft 8/12 accepted (67%) · max_tokens reached
22:27:44.840 INFO:     #156 chat/completions (stream): 823 prompt tokens ·
                       temperature: 0, greedy (req), max_tokens: 11 (req),
                       min_tokens: 11 (req)
22:27:45.206 INFO:     #152 chat/completions (stream): 101 tokens generated at
                       68.3 T/s · prompt 137 tokens, none cached, 137 new in
                       0.11 s · first token 0.12 s, total 1.60 s · draft 61/80
                       accepted (76%) · max_tokens reached
22:27:45.273 INFO:     #157 chat/completions (stream): 80 prompt tokens ·
                       temperature: 0, greedy (req), max_tokens: 159 (req),
                       min_tokens: 159 (req)
22:27:45.403 INFO:     #156 chat/completions (stream): 11 tokens generated at
                       105.3 T/s · prompt 823 tokens, none cached, 823 new in
                       0.28 s (2,939 T/s) · first token 0.29 s, total 0.39 s ·
                       draft 7/8 accepted (88%) · max_tokens reached
22:27:45.470 INFO:     #158 chat/completions (stream): 71 prompt tokens ·
                       temperature: 0, greedy (req), max_tokens: 749 (req),
                       min_tokens: 749 (req)
22:27:47.101 INFO:     #157 chat/completions (stream): 159 tokens generated at
                       96.3 T/s · prompt 80 tokens, none cached, 80 new in 0.08
                       s · first token 0.09 s, total 1.74 s · draft 94/130
                       accepted (72%) · max_tokens reached
22:27:47.173 INFO:     #160 chat/completions (stream): 181 prompt tokens ·
                       temperature: 0, greedy (req), max_tokens: 482 (req),
                       min_tokens: 482 (req)
22:27:47.974 INFO:     #149 chat/completions (stream): 380 tokens generated at
                       68.2 T/s · prompt 77 tokens, none cached, 77 new in 0.23
                       s · first token 0.24 s, total 5.81 s · draft 204/352
                       accepted (58%) · max_tokens reached
22:27:48.046 INFO:     #161 chat/completions (stream): 336 prompt tokens ·
                       temperature: 0, greedy (req), max_tokens: 772 (req),
                       min_tokens: 772 (req)
22:27:48.534 INFO:     #154 chat/completions (stream): 342 tokens generated at
                       79.3 T/s · prompt 456 tokens, none cached, 456 new in
                       0.26 s (1,754 T/s) · first token 0.26 s, total 4.58 s ·
                       draft 203/278 accepted (73%) · max_tokens reached
22:27:48.607 INFO:     #162 chat/completions (stream): 410 prompt tokens ·
                       temperature: 0, greedy (req), max_tokens: 34 (req),
                       min_tokens: 34 (req)
22:27:49.309 INFO:     #162 chat/completions (stream): 34 tokens generated at
                       94.5 T/s · prompt 410 tokens, none cached, 410 new in
                       0.24 s (1,708 T/s) · first token 0.25 s, total 0.61 s ·
                       draft 20/28 accepted (71%) · max_tokens reached
22:27:49.464 INFO:     #163 chat/completions (stream): 241 prompt tokens ·
                       temperature: 0, greedy (req), max_tokens: 9 (req),
                       min_tokens: 9 (req)
22:27:49.781 INFO:     #163 chat/completions (stream): 9 tokens generated at
                       88.3 T/s · prompt 241 tokens, none cached, 241 new in
                       0.12 s · first token 0.13 s, total 0.23 s · draft 5/8
                       accepted (62%) · max_tokens reached
22:27:49.826 INFO:     #153 chat/completions (stream): 433 tokens generated at
                       73.2 T/s · prompt 135 tokens, none cached, 135 new in
                       0.11 s · first token 0.12 s, total 6.03 s · draft 256/354
                       accepted (72%) · max_tokens reached
22:27:49.846 INFO:     #164 chat/completions (stream): 68 prompt tokens ·
                       temperature: 0, greedy (req), max_tokens: 539 (req),
                       min_tokens: 539 (req)
22:27:49.976 INFO:     #165 chat/completions (stream): 59 prompt tokens ·
                       temperature: 0, greedy (req), max_tokens: 82 (req),
                       min_tokens: 82 (req)
22:27:50.723 INFO:     #146 chat/completions (stream): 635 tokens generated at
                       68.0 T/s · prompt 124 tokens, none cached, 124 new in
                       0.10 s · first token 0.11 s, total 9.45 s · draft 365/540
                       accepted (68%) · max_tokens reached
22:27:50.791 INFO:     #166 chat/completions (stream): 424 prompt tokens ·
                       temperature: 0, greedy (req), max_tokens: 590 (req),
                       min_tokens: 590 (req)
22:27:51.151 INFO:     #140 chat/completions (stream): 733 tokens generated at
                       62.5 T/s · prompt 68 tokens, none cached, 68 new in 0.08
                       s · first token 0.09 s, total 11.8 s · draft 407/653
                       accepted (62%) · max_tokens reached
22:27:51.232 INFO:     #167 chat/completions (stream): 126 prompt tokens ·
                       temperature: 0, greedy (req), max_tokens: 273 (req),
                       min_tokens: 273 (req)
22:27:51.359 INFO:     #165 chat/completions (stream): 82 tokens generated at
                       74.6 T/s · prompt 59 tokens, none cached, 59 new in 0.07
                       s · first token 0.08 s, total 1.17 s · draft 46/72
                       accepted (64%) · max_tokens reached
22:27:51.428 INFO:     #168 chat/completions (stream): 522 prompt tokens ·
                       temperature: 0, greedy (req), max_tokens: 21 (req),
                       min_tokens: 21 (req)
22:27:51.923 INFO:     #168 chat/completions (stream): 21 tokens generated at
                       106.8 T/s · prompt 522 tokens, none cached, 522 new in
                       0.20 s (2,610 T/s) · first token 0.21 s, total 0.40 s ·
                       draft 13/16 accepted (81%) · max_tokens reached
22:27:51.998 INFO:     #169 chat/completions (stream): 707 prompt tokens ·
                       temperature: 0, greedy (req), max_tokens: 16 (req),
                       min_tokens: 16 (req)
22:27:52.414 INFO:     #148 chat/completions (stream): 707 tokens generated at
                       69.8 T/s · prompt 315 tokens, none cached, 315 new in
                       0.22 s (1,432 T/s) · first token 0.23 s, total 10.4 s ·
                       draft 415/584 accepted (71%) · max_tokens reached
22:27:52.488 INFO:     #170 chat/completions (stream): 853 prompt tokens ·
                       temperature: 0, greedy (req), max_tokens: 6 (req),
                       min_tokens: 6 (req)
22:27:52.865 INFO:     #169 chat/completions (stream): 16 tokens generated at
                       97.8 T/s · prompt 707 tokens, none cached, 707 new in
                       0.32 s (2,209 T/s) · first token 0.33 s, total 0.49 s ·
                       draft 9/14 accepted (64%) · max_tokens reached
22:27:52.929 INFO:     #171 chat/completions (stream): 58 prompt tokens ·
                       temperature: 0, greedy (req), max_tokens: 261 (req),
                       min_tokens: 261 (req)
22:27:52.930 INFO:     #170 chat/completions (stream): 6 tokens generated at
                       134.2 T/s · prompt 853 tokens, none cached, 853 new in
                       0.30 s (2,843 T/s) · first token 0.31 s, total 0.35 s ·
                       draft 4/4 accepted (100%) · max_tokens reached
22:27:53.072 INFO:     #172 chat/completions (stream): 121 prompt tokens ·
                       temperature: 0, greedy (req), max_tokens: 355 (req),
                       min_tokens: 355 (req)
22:27:54.719 INFO:     #160 chat/completions (stream): 482 tokens generated at
                       65.6 T/s · prompt 181 tokens, none cached, 181 new in
                       0.10 s · first token 0.11 s, total 7.45 s · draft 266/432
                       accepted (62%) · max_tokens reached
22:27:54.790 INFO:     #173 chat/completions (stream): 364 prompt tokens ·
                       temperature: 0, greedy (req), max_tokens: 16 (req),
                       min_tokens: 16 (req)
22:27:55.287 INFO:     #173 chat/completions (stream): 16 tokens generated at
                       104.9 T/s · prompt 364 tokens, none cached, 364 new in
                       0.25 s (1,456 T/s) · first token 0.26 s, total 0.41 s ·
                       draft 10/12 accepted (83%) · max_tokens reached
22:27:55.357 INFO:     #174 chat/completions (stream): 100 prompt tokens ·
                       temperature: 0, greedy (req), max_tokens: 152 (req),
                       min_tokens: 152 (req)
22:27:55.959 INFO:     #167 chat/completions (stream): 273 tokens generated at
                       60.2 T/s · prompt 126 tokens, none cached, 126 new in
                       0.10 s · first token 0.11 s, total 4.64 s · draft 138/270
                       accepted (51%) · max_tokens reached
22:27:56.032 INFO:     #175 chat/completions (stream): 648 prompt tokens ·
                       temperature: 0, greedy (req), max_tokens: 16 (req),
                       min_tokens: 16 (req)
22:27:56.519 INFO:     #158 chat/completions (stream): 749 tokens generated at
                       68.9 T/s · prompt 71 tokens, none cached, 71 new in 0.08
                       s · first token 0.08 s, total 11.0 s · draft 417/664
                       accepted (63%) · max_tokens reached
22:27:56.589 INFO:     #176 chat/completions (stream): 86 prompt tokens ·
                       temperature: 0, greedy (req), max_tokens: 442 (req),
                       min_tokens: 442 (req)
22:27:56.749 INFO:     #175 chat/completions (stream): 16 tokens generated at
                       74.3 T/s · prompt 648 tokens, none cached, 648 new in
                       0.31 s (2,090 T/s) · first token 0.32 s, total 0.53 s ·
                       draft 7/18 accepted (39%) · max_tokens reached
22:27:56.820 INFO:     #177 chat/completions (stream): 112 prompt tokens ·
                       temperature: 0, greedy (req), max_tokens: 375 (req),
                       min_tokens: 375 (req)
22:27:57.306 INFO:     #171 chat/completions (stream): 261 tokens generated at
                       62.0 T/s · prompt 58 tokens, none cached, 58 new in 0.07
                       s · first token 0.08 s, total 4.29 s · draft 126/270
                       accepted (47%) · max_tokens reached
22:27:57.374 INFO:     #178 chat/completions (stream): 56 prompt tokens ·
                       temperature: 0, greedy (req), max_tokens: 157 (req),
                       min_tokens: 157 (req)
22:27:57.590 INFO:     #174 chat/completions (stream): 152 tokens generated at
                       74.4 T/s · prompt 100 tokens, none cached, 100 new in
                       0.09 s · first token 0.10 s, total 2.14 s · draft 91/122
                       accepted (75%) · max_tokens reached
22:27:57.661 INFO:     #179 chat/completions (stream): 199 prompt tokens ·
                       temperature: 0, greedy (req), max_tokens: 17 (req),
                       min_tokens: 17 (req)
22:27:58.009 INFO:     #179 chat/completions (stream): 17 tokens generated at
                       116.0 T/s · prompt 199 tokens, none cached, 199 new in
                       0.10 s · first token 0.11 s, total 0.25 s · draft 11/12
                       accepted (92%) · max_tokens reached
22:27:58.076 INFO:     #180 chat/completions (stream): 337 prompt tokens ·
                       temperature: 0, greedy (req), max_tokens: 61 (req),
                       min_tokens: 61 (req)
22:27:58.077 INFO:     #172 chat/completions (stream): 355 tokens generated at
                       73.8 T/s · prompt 121 tokens, none cached, 121 new in
                       0.10 s · first token 0.10 s, total 4.92 s · draft 198/314
                       accepted (63%) · max_tokens reached
22:27:58.358 INFO:     #181 chat/completions (stream): 156 prompt tokens ·
                       temperature: 0, greedy (req), max_tokens: 153 (req),
                       min_tokens: 153 (req)
22:27:58.739 INFO:     #164 chat/completions (stream): 539 tokens generated at
                       61.8 T/s · prompt 68 tokens, none cached, 68 new in 0.08
                       s · first token 0.09 s, total 8.81 s · draft 288/502
                       accepted (57%) · max_tokens reached
22:27:58.810 INFO:     #182 chat/completions (stream): 64 prompt tokens ·
                       temperature: 0, greedy (req), max_tokens: 114 (req),
                       min_tokens: 114 (req)
22:27:59.233 INFO:     #180 chat/completions (stream): 61 tokens generated at
                       74.6 T/s · prompt 337 tokens, none cached, 337 new in
                       0.23 s (1,465 T/s) · first token 0.24 s, total 1.05 s ·
                       draft 34/54 accepted (63%) · max_tokens reached
22:27:59.304 INFO:     #183 chat/completions (stream): 63 prompt tokens ·
                       temperature: 0, greedy (req), max_tokens: 85 (req),
                       min_tokens: 85 (req)
22:27:59.597 INFO:     #161 chat/completions (stream): 772 tokens generated at
                       69.0 T/s · prompt 336 tokens, none cached, 336 new in
                       0.27 s (1,244 T/s) · first token 0.28 s, total 11.5 s ·
                       draft 447/650 accepted (69%) · max_tokens reached
22:27:59.665 INFO:     #184 chat/completions (stream): 482 prompt tokens ·
                       temperature: 0, greedy (req), max_tokens: 225 (req),
                       min_tokens: 225 (req)
22:27:59.820 INFO:     #178 chat/completions (stream): 157 tokens generated at
                       73.1 T/s · prompt 56 tokens, none cached, 56 new in 0.07
                       s · first token 0.08 s, total 2.22 s · draft 91/132
                       accepted (69%) · max_tokens reached
22:27:59.999 INFO:     #185 chat/completions (stream): 66 prompt tokens ·
                       temperature: 0, greedy (req), max_tokens: 345 (req),
                       min_tokens: 345 (req)
22:28:00.148 INFO:     #166 chat/completions (stream): 590 tokens generated at
                       66.0 T/s · prompt 424 tokens, none cached, 424 new in
                       0.24 s (1,767 T/s) · first token 0.25 s, total 9.18 s ·
                       draft 333/514 accepted (65%) · max_tokens reached
22:28:00.235 INFO:     #186 chat/completions (stream): 76 prompt tokens ·
                       temperature: 0, greedy (req), max_tokens: 139 (req),
                       min_tokens: 139 (req)
22:28:00.527 INFO:     #181 chat/completions (stream): 153 tokens generated at
                       77.3 T/s · prompt 156 tokens, none cached, 156 new in
                       0.09 s · first token 0.10 s, total 2.08 s · draft 94/118
                       accepted (80%) · max_tokens reached
22:28:00.594 INFO:     #187 chat/completions (stream): 389 prompt tokens ·
                       temperature: 0, greedy (req), max_tokens: 13 (req),
                       min_tokens: 13 (req)
22:28:00.895 INFO:     #182 chat/completions (stream): 114 tokens generated at
                       67.7 T/s · prompt 64 tokens, none cached, 64 new in 0.07
                       s · first token 0.08 s, total 1.76 s · draft 64/100
                       accepted (64%) · max_tokens reached
22:28:00.938 INFO:     #183 chat/completions (stream): 85 tokens generated at
                       62.3 T/s · prompt 63 tokens, none cached, 63 new in 0.07
                       s · first token 0.08 s, total 1.44 s · draft 50/70
                       accepted (71%) · max_tokens reached
22:28:00.960 INFO:     #188 chat/completions (stream): 68 prompt tokens ·
                       temperature: 0, greedy (req), max_tokens: 264 (req),
                       min_tokens: 264 (req)
22:28:01.086 INFO:     #189 chat/completions (stream): 71 prompt tokens ·
                       temperature: 0, greedy (req), max_tokens: 307 (req),
                       min_tokens: 307 (req)
22:28:01.251 INFO:     #187 chat/completions (stream): 13 tokens generated at
                       61.5 T/s · prompt 389 tokens, none cached, 389 new in
                       0.25 s (1,556 T/s) · first token 0.26 s, total 0.47 s ·
                       draft 7/12 accepted (58%) · max_tokens reached
22:28:01.320 INFO:     #190 chat/completions (stream): 59 prompt tokens ·
                       temperature: 0, greedy (req), max_tokens: 191 (req),
                       min_tokens: 191 (req)
22:28:02.299 INFO:     #186 chat/completions (stream): 139 tokens generated at
                       73.5 T/s · prompt 76 tokens, none cached, 76 new in 0.08
                       s · first token 0.09 s, total 1.98 s · draft 79/120
                       accepted (66%) · max_tokens reached
22:28:02.343 INFO:     #177 chat/completions (stream): 375 tokens generated at
                       70.3 T/s · prompt 112 tokens, none cached, 112 new in
                       0.09 s · first token 0.10 s, total 5.43 s · draft 216/318
                       accepted (68%) · max_tokens reached
22:28:02.365 INFO:     #192 chat/completions (stream): 64 prompt tokens ·
                       temperature: 0, greedy (req), max_tokens: 1181 (req),
                       min_tokens: 1181 (req)
22:28:02.490 INFO:     #193 chat/completions (stream): 101 prompt tokens ·
                       temperature: 0, greedy (req), max_tokens: 236 (req),
                       min_tokens: 236 (req)
22:28:02.820 INFO:     #176 chat/completions (stream): 442 tokens generated at
                       73.1 T/s · prompt 86 tokens, none cached, 86 new in 0.08
                       s · first token 0.09 s, total 6.13 s · draft 264/356
                       accepted (74%) · max_tokens reached
22:28:02.884 INFO:     #194 chat/completions (stream): 448 prompt tokens ·
                       temperature: 0, greedy (req), max_tokens: 360 (req),
                       min_tokens: 360 (req)
22:28:03.039 INFO:     #184 chat/completions (stream): 225 tokens generated at
                       77.9 T/s · prompt 482 tokens, none cached, 482 new in
                       0.26 s (1,854 T/s) · first token 0.27 s, total 3.15 s ·
                       draft 137/176 accepted (78%) · max_tokens reached
22:28:03.227 INFO:     #195 chat/completions (stream): 72 prompt tokens ·
                       temperature: 0, greedy (req), max_tokens: 294 (req),
                       min_tokens: 294 (req)
22:28:03.764 INFO:     #190 chat/completions (stream): 191 tokens generated at
                       83.8 T/s · prompt 59 tokens, none cached, 59 new in 0.07
                       s · first token 0.08 s, total 2.36 s · draft 116/150
                       accepted (77%) · max_tokens reached
22:28:03.833 INFO:     #196 chat/completions (stream): 276 prompt tokens ·
                       temperature: 0, greedy (req), max_tokens: 6 (req),
                       min_tokens: 6 (req)
22:28:04.145 INFO:     #196 chat/completions (stream): 6 tokens generated at
                       130.4 T/s · prompt 276 tokens, none cached, 276 new in
                       0.17 s (1,624 T/s) · first token 0.18 s, total 0.22 s ·
                       draft 4/4 accepted (100%) · max_tokens reached
22:28:04.236 INFO:     #197 chat/completions (stream): 186 prompt tokens ·
                       temperature: 0, greedy (req), max_tokens: 42 (req),
                       min_tokens: 42 (req)
22:28:04.640 INFO:     #188 chat/completions (stream): 264 tokens generated at
                       75.2 T/s · prompt 68 tokens, none cached, 68 new in 0.08
                       s · first token 0.09 s, total 3.60 s · draft 156/216
                       accepted (72%) · max_tokens reached
22:28:04.709 INFO:     #198 chat/completions (stream): 219 prompt tokens ·
                       temperature: 0, greedy (req), max_tokens: 11 (req),
                       min_tokens: 11 (req)
22:28:04.955 INFO:     #197 chat/completions (stream): 42 tokens generated at
                       79.4 T/s · prompt 186 tokens, none cached, 186 new in
                       0.10 s · first token 0.11 s, total 0.63 s · draft 25/34
                       accepted (74%) · max_tokens reached
22:28:05.018 INFO:     #199 chat/completions (stream): 62 prompt tokens ·
                       temperature: 0, greedy (req), max_tokens: 304 (req),
                       min_tokens: 304 (req)
22:28:05.019 INFO:     #198 chat/completions (stream): 11 tokens generated at
                       99.3 T/s · prompt 219 tokens, none cached, 219 new in
                       0.11 s · first token 0.12 s, total 0.23 s · draft 6/10
                       accepted (60%) · max_tokens reached
22:28:05.162 INFO:     #200 chat/completions (stream): 66 prompt tokens ·
                       temperature: 0, greedy (req), max_tokens: 225 (req),
                       min_tokens: 225 (req)
22:28:05.480 INFO:     #185 chat/completions (stream): 345 tokens generated at
                       65.0 T/s · prompt 66 tokens, none cached, 66 new in 0.08
                       s · first token 0.09 s, total 5.39 s · draft 189/312
                       accepted (61%) · max_tokens reached
22:28:05.551 INFO:     #201 chat/completions (stream): 584 prompt tokens ·
                       temperature: 0, greedy (req), max_tokens: 10 (req),
                       min_tokens: 10 (req)
22:28:06.031 INFO:     #201 chat/completions (stream): 10 tokens generated at
                       82.5 T/s · prompt 584 tokens, none cached, 584 new in
                       0.26 s (2,246 T/s) · first token 0.27 s, total 0.39 s ·
                       draft 5/10 accepted (50%) · max_tokens reached
22:28:06.101 INFO:     #202 chat/completions (stream): 442 prompt tokens ·
                       temperature: 0, greedy (req), max_tokens: 86 (req),
                       min_tokens: 86 (req)
22:28:06.419 INFO:     #189 chat/completions (stream): 307 tokens generated at
                       62.2 T/s · prompt 71 tokens, none cached, 71 new in 0.08
                       s · first token 0.08 s, total 5.02 s · draft 157/300
                       accepted (52%) · max_tokens reached
22:28:06.482 INFO:     #203 chat/completions (stream): 78 prompt tokens ·
                       temperature: 0, greedy (req), max_tokens: 147 (req),
                       min_tokens: 147 (req)
22:28:06.482 INFO:     #193 chat/completions (stream): 236 tokens generated at
                       61.9 T/s · prompt 101 tokens, none cached, 101 new in
                       0.09 s · first token 0.10 s, total 3.91 s · draft 132/208
                       accepted (63%) · max_tokens reached
22:28:06.634 INFO:     #204 chat/completions (stream): 64 prompt tokens ·
                       temperature: 0, greedy (req), max_tokens: 450 (req),
                       min_tokens: 450 (req)
22:28:07.545 INFO:     #202 chat/completions (stream): 86 tokens generated at
                       78.0 T/s · prompt 442 tokens, none cached, 442 new in
                       0.25 s (1,768 T/s) · first token 0.26 s, total 1.36 s ·
                       draft 47/78 accepted (60%) · max_tokens reached
22:28:07.569 INFO:     #195 chat/completions (stream): 294 tokens generated at
                       70.5 T/s · prompt 72 tokens, none cached, 72 new in 0.08
                       s · first token 0.09 s, total 4.25 s · draft 169/250
                       accepted (68%) · max_tokens reached
22:28:07.612 INFO:     #205 chat/completions (stream): 69 prompt tokens ·
                       temperature: 0, greedy (req), max_tokens: 300 (req),
                       min_tokens: 300 (req)
22:28:07.716 INFO:     #206 chat/completions (stream): 70 prompt tokens ·
                       temperature: 0, greedy (req), max_tokens: 540 (req),
                       min_tokens: 540 (req)
22:28:08.106 INFO:     #194 chat/completions (stream): 360 tokens generated at
                       73.8 T/s · prompt 448 tokens, none cached, 448 new in
                       0.25 s (1,792 T/s) · first token 0.26 s, total 5.13 s ·
                       draft 216/288 accepted (75%) · max_tokens reached
22:28:08.129 INFO:     #203 chat/completions (stream): 147 tokens generated at
                       99.8 T/s · prompt 78 tokens, none cached, 78 new in 0.08
                       s · first token 0.09 s, total 1.56 s · draft 96/102
                       accepted (94%) · max_tokens reached
22:28:08.171 INFO:     #207 chat/completions (stream): 72 prompt tokens ·
                       temperature: 0, greedy (req), max_tokens: 830 (req),
                       min_tokens: 830 (req)
22:28:08.285 INFO:     #208 chat/completions (stream): 97 prompt tokens ·
                       temperature: 0, greedy (req), max_tokens: 31 (req),
                       min_tokens: 31 (req)
22:28:08.583 INFO:     #200 chat/completions (stream): 225 tokens generated at
                       69.8 T/s · prompt 66 tokens, none cached, 66 new in 0.10
                       s · first token 0.11 s, total 3.33 s · draft 130/190
                       accepted (68%) · max_tokens reached
22:28:08.652 INFO:     #209 chat/completions (stream): 798 prompt tokens ·
                       temperature: 0, greedy (req), max_tokens: 9 (req),
                       min_tokens: 9 (req)
22:28:08.945 INFO:     #208 chat/completions (stream): 31 tokens generated at
                       121.3 T/s · prompt 97 tokens, none cached, 97 new in 0.08
                       s · first token 0.09 s, total 0.34 s · draft 20/22
                       accepted (91%) · max_tokens reached
22:28:09.011 INFO:     #210 chat/completions (stream): 69 prompt tokens ·
                       temperature: 0, greedy (req), max_tokens: 29 (req),
                       min_tokens: 29 (req)
22:28:09.138 INFO:     #209 chat/completions (stream): 9 tokens generated at
                       132.7 T/s · prompt 798 tokens, none cached, 798 new in
                       0.24 s (3,325 T/s) · first token 0.25 s, total 0.31 s ·
                       draft 6/6 accepted (100%) · max_tokens reached
22:28:09.210 INFO:     #211 chat/completions (stream): 486 prompt tokens ·
                       temperature: 0, greedy (req), max_tokens: 16 (req),
                       min_tokens: 16 (req)
22:28:09.688 INFO:     #210 chat/completions (stream): 29 tokens generated at
                       57.1 T/s · prompt 69 tokens, none cached, 69 new in 0.08
                       s · first token 0.09 s, total 0.59 s · draft 18/22
                       accepted (82%) · max_tokens reached
22:28:09.711 INFO:     #211 chat/completions (stream): 16 tokens generated at
                       111.4 T/s · prompt 486 tokens, none cached, 486 new in
                       0.27 s (1,800 T/s) · first token 0.28 s, total 0.42 s ·
                       draft 10/12 accepted (83%) · max_tokens reached
22:28:09.754 INFO:     #212 chat/completions (stream): 254 prompt tokens ·
                       temperature: 0, greedy (req), max_tokens: 10 (req),
                       min_tokens: 10 (req)
22:28:09.899 INFO:     #213 chat/completions (stream): 626 prompt tokens ·
                       temperature: 0, greedy (req), max_tokens: 59 (req),
                       min_tokens: 59 (req)
22:28:10.323 INFO:     #212 chat/completions (stream): 10 tokens generated at
                       28.0 T/s · prompt 254 tokens, none cached, 254 new in
                       0.11 s · first token 0.12 s, total 0.47 s · draft 6/8
                       accepted (75%) · max_tokens reached
22:28:10.393 INFO:     #214 chat/completions (stream): 692 prompt tokens ·
                       temperature: 0, greedy (req), max_tokens: 109 (req),
                       min_tokens: 109 (req)
22:28:11.000 INFO:     #199 chat/completions (stream): 304 tokens generated at
                       52.2 T/s · prompt 62 tokens, none cached, 62 new in 0.07
                       s · first token 0.08 s, total 5.90 s · draft 153/302
                       accepted (51%) · max_tokens reached
22:28:11.021 INFO:     #213 chat/completions (stream): 59 tokens generated at
                       77.0 T/s · prompt 626 tokens, none cached, 626 new in
                       0.27 s (2,319 T/s) · first token 0.28 s, total 1.04 s ·
                       draft 38/42 accepted (90%) · max_tokens reached
22:28:11.062 INFO:     #215 chat/completions (stream): 66 prompt tokens ·
                       temperature: 0, greedy (req), max_tokens: 207 (req),
                       min_tokens: 207 (req)
22:28:11.165 INFO:     #216 chat/completions (stream): 655 prompt tokens ·
                       temperature: 0, greedy (req), max_tokens: 24 (req),
                       min_tokens: 24 (req)
22:28:11.818 INFO:     #216 chat/completions (stream): 24 tokens generated at
                       93.4 T/s · prompt 655 tokens, none cached, 655 new in
                       0.30 s (2,183 T/s) · first token 0.30 s, total 0.56 s ·
                       draft 13/22 accepted (59%) · max_tokens reached
22:28:11.887 INFO:     #217 chat/completions (stream): 87 prompt tokens ·
                       temperature: 0, greedy (req), max_tokens: 385 (req),
                       min_tokens: 385 (req)
22:28:12.258 INFO:     #214 chat/completions (stream): 109 tokens generated at
                       74.6 T/s · prompt 692 tokens, none cached, 692 new in
                       0.28 s (2,471 T/s) · first token 0.29 s, total 1.75 s ·
                       draft 65/88 accepted (74%) · max_tokens reached
22:28:12.326 INFO:     #218 chat/completions (stream): 190 prompt tokens ·
                       temperature: 0, greedy (req), max_tokens: 51 (req),
                       min_tokens: 51 (req)
22:28:12.971 INFO:     #218 chat/completions (stream): 51 tokens generated at
                       112.8 T/s · prompt 190 tokens, none cached, 190 new in
                       0.10 s · first token 0.11 s, total 0.56 s · draft 32/38
                       accepted (84%) · max_tokens reached
22:28:13.038 INFO:     #219 chat/completions (stream): 350 prompt tokens ·
                       temperature: 0, greedy (req), max_tokens: 47 (req),
                       min_tokens: 47 (req)
22:28:13.039 INFO:     #205 chat/completions (stream): 300 tokens generated at
                       57.1 T/s · prompt 69 tokens, none cached, 69 new in 0.08
                       s · first token 0.09 s, total 5.34 s · draft 161/278
                       accepted (58%) · max_tokens reached
22:28:13.380 INFO:     #220 chat/completions (stream): 119 prompt tokens ·
                       temperature: 0, greedy (req), max_tokens: 5 (req),
                       min_tokens: 5 (req)
22:28:13.622 INFO:     #220 chat/completions (stream): 5 tokens generated at
                       105.7 T/s · prompt 119 tokens, none cached, 119 new in
                       0.10 s · first token 0.11 s, total 0.15 s · draft 3/4
                       accepted (75%) · max_tokens reached
22:28:13.694 INFO:     #221 chat/completions (stream): 496 prompt tokens ·
                       temperature: 0, greedy (req), max_tokens: 29 (req),
                       min_tokens: 29 (req)
22:28:14.241 INFO:     #204 chat/completions (stream): 450 tokens generated at
                       60.5 T/s · prompt 64 tokens, none cached, 64 new in 0.07
                       s · first token 0.07 s, total 7.51 s · draft 249/402
                       accepted (62%) · max_tokens reached
22:28:14.262 INFO:     #219 chat/completions (stream): 47 tokens generated at
                       56.3 T/s · prompt 350 tokens, none cached, 350 new in
                       0.29 s (1,207 T/s) · first token 0.30 s, total 1.13 s ·
                       draft 26/42 accepted (62%) · max_tokens reached
22:28:14.300 INFO:     #222 chat/completions (stream): 773 prompt tokens ·
                       temperature: 0, greedy (req), max_tokens: 29 (req),
                       min_tokens: 29 (req)
22:28:14.301 INFO:     #221 chat/completions (stream): 29 tokens generated at
                       109.5 T/s · prompt 496 tokens, none cached, 496 new in
                       0.26 s (1,908 T/s) · first token 0.27 s, total 0.53 s ·
                       draft 18/22 accepted (82%) · max_tokens reached
22:28:14.516 INFO:     #223 chat/completions (stream): 59 prompt tokens ·
                       temperature: 0, greedy (req), max_tokens: 300 (req),
                       min_tokens: 300 (req)
22:28:14.642 INFO:     #224 chat/completions (stream): 84 prompt tokens ·
                       temperature: 0, greedy (req), max_tokens: 308 (req),
                       min_tokens: 308 (req)
22:28:14.940 INFO:     #215 chat/completions (stream): 207 tokens generated at
                       55.8 T/s · prompt 66 tokens, none cached, 66 new in 0.07
                       s · first token 0.08 s, total 3.78 s · draft 111/192
                       accepted (58%) · max_tokens reached
22:28:15.009 INFO:     #225 chat/completions (stream): 309 prompt tokens ·
                       temperature: 0, greedy (req), max_tokens: 12 (req),
                       min_tokens: 12 (req)
22:28:15.270 INFO:     #222 chat/completions (stream): 29 tokens generated at
                       75.1 T/s · prompt 773 tokens, none cached, 773 new in
                       0.29 s (2,666 T/s) · first token 0.30 s, total 0.68 s ·
                       draft 16/26 accepted (62%) · max_tokens reached
22:28:15.338 INFO:     #226 chat/completions (stream): 124 prompt tokens ·
                       temperature: 0, greedy (req), max_tokens: 8 (req),
                       min_tokens: 8 (req)
22:28:15.553 INFO:     #225 chat/completions (stream): 12 tokens generated at
                       49.4 T/s · prompt 309 tokens, none cached, 309 new in
                       0.21 s (1,471 T/s) · first token 0.22 s, total 0.46 s ·
                       draft 6/12 accepted (50%) · max_tokens reached
22:28:15.596 INFO:     #226 chat/completions (stream): 8 tokens generated at
                       120.8 T/s · prompt 124 tokens, none cached, 124 new in
                       0.10 s · first token 0.11 s, total 0.17 s · draft 5/6
                       accepted (83%) · max_tokens reached
22:28:15.618 INFO:     #227 chat/completions (stream): 217 prompt tokens ·
                       temperature: 0, greedy (req), max_tokens: 607 (req),
                       min_tokens: 607 (req)
22:28:15.777 INFO:     #228 chat/completions (stream): 384 prompt tokens ·
                       temperature: 0, greedy (req), max_tokens: 805 (req),
                       min_tokens: 805 (req)
22:28:17.350 INFO:     #206 chat/completions (stream): 540 tokens generated at
                       57.1 T/s · prompt 70 tokens, none cached, 70 new in 0.07
                       s · first token 0.08 s, total 9.54 s · draft 289/502
                       accepted (58%) · max_tokens reached
22:28:17.420 INFO:     #230 chat/completions (stream): 72 prompt tokens ·
                       temperature: 0, greedy (req), max_tokens: 223 (req),
                       min_tokens: 223 (req)
22:28:18.356 INFO:     #217 chat/completions (stream): 385 tokens generated at
                       61.3 T/s · prompt 87 tokens, none cached, 87 new in 0.09
                       s · first token 0.10 s, total 6.38 s · draft 198/374
                       accepted (53%) · max_tokens reached
22:28:18.430 INFO:     #231 chat/completions (stream): 268 prompt tokens ·
                       temperature: 0, greedy (req), max_tokens: 21 (req),
                       min_tokens: 21 (req)
22:28:18.825 INFO:     #224 chat/completions (stream): 308 tokens generated at
                       77.6 T/s · prompt 84 tokens, none cached, 84 new in 0.08
                       s · first token 0.09 s, total 4.06 s · draft 182/252
                       accepted (72%) · max_tokens reached
22:28:18.895 INFO:     #232 chat/completions (stream): 209 prompt tokens ·
                       temperature: 0, greedy (req), max_tokens: 209 (req),
                       min_tokens: 209 (req)
22:28:19.094 INFO:     #231 chat/completions (stream): 21 tokens generated at
                       84.7 T/s · prompt 268 tokens, none cached, 268 new in
                       0.21 s (1,276 T/s) · first token 0.22 s, total 0.46 s ·
                       draft 12/18 accepted (67%) · max_tokens reached
22:28:19.164 INFO:     #233 chat/completions (stream): 178 prompt tokens ·
                       temperature: 0, greedy (req), max_tokens: 18 (req),
                       min_tokens: 18 (req)
22:28:19.560 INFO:     #233 chat/completions (stream): 18 tokens generated at
                       98.5 T/s · prompt 178 tokens, none cached, 178 new in
                       0.12 s · first token 0.13 s, total 0.31 s · draft 11/14
                       accepted (79%) · max_tokens reached
22:28:19.626 INFO:     #234 chat/completions (stream): 62 prompt tokens ·
                       temperature: 0, greedy (req), max_tokens: 94 (req),
                       min_tokens: 94 (req)
22:28:19.627 INFO:     #223 chat/completions (stream): 300 tokens generated at
                       60.8 T/s · prompt 59 tokens, none cached, 59 new in 0.07
                       s · first token 0.09 s, total 5.02 s · draft 148/304
                       accepted (49%) · max_tokens reached
22:28:19.773 INFO:     #235 chat/completions (stream): 100 prompt tokens ·
                       temperature: 0, greedy (req), max_tokens: 91 (req),
                       min_tokens: 91 (req)
22:28:20.304 INFO:     #192 chat/completions (stream): 1,181 tokens generated at
                       66.5 T/s · prompt 64 tokens, none cached, 64 new in 0.07
                       s · first token 0.08 s, total 17.8 s · draft 686/990
                       accepted (69%) · max_tokens reached
22:28:20.373 INFO:     #236 chat/completions (stream): 73 prompt tokens ·
                       temperature: 0, greedy (req), max_tokens: 229 (req),
                       min_tokens: 229 (req)
22:28:20.645 INFO:     #207 chat/completions (stream): 830 tokens generated at
                       67.5 T/s · prompt 72 tokens, none cached, 72 new in 0.09
                       s · first token 0.10 s, total 12.4 s · draft 491/678
                       accepted (72%) · max_tokens reached
22:28:20.716 INFO:     #237 chat/completions (stream): 88 prompt tokens ·
                       temperature: 0, greedy (req), max_tokens: 323 (req),
                       min_tokens: 323 (req)
22:28:20.894 INFO:     #230 chat/completions (stream): 223 tokens generated at
                       69.4 T/s · prompt 72 tokens, none cached, 72 new in 0.08
                       s · first token 0.09 s, total 3.30 s · draft 119/208
                       accepted (57%) · max_tokens reached
22:28:20.935 INFO:     #235 chat/completions (stream): 91 tokens generated at
                       92.9 T/s · prompt 100 tokens, none cached, 100 new in
                       0.09 s · first token 0.09 s, total 1.07 s · draft 57/68
                       accepted (84%) · max_tokens reached
22:28:20.957 INFO:     #238 chat/completions (stream): 68 prompt tokens ·
                       temperature: 0, greedy (req), max_tokens: 534 (req),
                       min_tokens: 534 (req)
22:28:21.080 INFO:     #239 chat/completions (stream): 164 prompt tokens ·
                       temperature: 0, greedy (req), max_tokens: 41 (req),
                       min_tokens: 41 (req)
22:28:21.230 INFO:     #234 chat/completions (stream): 94 tokens generated at
                       75.0 T/s · prompt 62 tokens, none cached, 62 new in 0.07
                       s · first token 0.08 s, total 1.33 s · draft 52/84
                       accepted (62%) · max_tokens reached
22:28:21.301 INFO:     #240 chat/completions (stream): 662 prompt tokens ·
                       temperature: 0, greedy (req), max_tokens: 243 (req),
                       min_tokens: 243 (req)
22:28:21.797 INFO:     #232 chat/completions (stream): 209 tokens generated at
                       77.4 T/s · prompt 209 tokens, none cached, 209 new in
                       0.10 s · first token 0.11 s, total 2.81 s · draft 132/154
                       accepted (86%) · max_tokens reached
22:28:21.864 INFO:     #241 chat/completions (stream): 106 prompt tokens ·
                       temperature: 0, greedy (req), max_tokens: 40 (req),
                       min_tokens: 40 (req)
22:28:22.031 INFO:     #239 chat/completions (stream): 41 tokens generated at
                       61.7 T/s · prompt 164 tokens, none cached, 164 new in
                       0.09 s · first token 0.10 s, total 0.76 s · draft 23/36
                       accepted (64%) · max_tokens reached
22:28:22.102 INFO:     #242 chat/completions (stream): 802 prompt tokens ·
                       temperature: 0, greedy (req), max_tokens: 6 (req),
                       min_tokens: 6 (req)
22:28:22.520 INFO:     #242 chat/completions (stream): 6 tokens generated at
                       127.3 T/s · prompt 802 tokens, none cached, 802 new in
                       0.27 s (2,970 T/s) · first token 0.28 s, total 0.32 s ·
                       draft 4/4 accepted (100%) · max_tokens reached
22:28:22.592 INFO:     #243 chat/completions (stream): 717 prompt tokens ·
                       temperature: 0, greedy (req), max_tokens: 21 (req),
                       min_tokens: 21 (req)
22:28:22.922 INFO:     #241 chat/completions (stream): 40 tokens generated at
                       66.1 T/s · prompt 106 tokens, none cached, 106 new in
                       0.09 s · first token 0.10 s, total 0.70 s · draft 25/30
                       accepted (83%) · max_tokens reached
22:28:22.994 INFO:     #244 chat/completions (stream): 114 prompt tokens ·
                       temperature: 0, greedy (req), max_tokens: 93 (req),
                       min_tokens: 93 (req)
22:28:23.282 INFO:     #243 chat/completions (stream): 21 tokens generated at
                       69.9 T/s · prompt 717 tokens, none cached, 717 new in
                       0.28 s (2,561 T/s) · first token 0.29 s, total 0.59 s ·
                       draft 13/16 accepted (81%) · max_tokens reached
22:28:23.355 INFO:     #245 chat/completions (stream): 75 prompt tokens ·
                       temperature: 0, greedy (req), max_tokens: 517 (req),
                       min_tokens: 517 (req)
22:28:24.376 INFO:     #236 chat/completions (stream): 229 tokens generated at
                       59.9 T/s · prompt 73 tokens, none cached, 73 new in 0.08
                       s · first token 0.09 s, total 3.91 s · draft 124/210
                       accepted (59%) · max_tokens reached
22:28:24.448 INFO:     #246 chat/completions (stream): 61 prompt tokens ·
                       temperature: 0, greedy (req), max_tokens: 201 (req),
                       min_tokens: 201 (req)
22:28:24.898 INFO:     #227 chat/completions (stream): 607 tokens generated at
                       66.8 T/s · prompt 217 tokens, none cached, 217 new in
                       0.11 s · first token 0.12 s, total 9.20 s · draft 331/552
                       accepted (60%) · max_tokens reached
22:28:24.920 INFO:     #244 chat/completions (stream): 93 tokens generated at
                       53.5 T/s · prompt 114 tokens, none cached, 114 new in
                       0.10 s · first token 0.11 s, total 1.84 s · draft 29/128
                       accepted (23%) · max_tokens reached
22:28:24.963 INFO:     #247 chat/completions (stream): 167 prompt tokens ·
                       temperature: 0, greedy (req), max_tokens: 13 (req),
                       min_tokens: 13 (req)
22:28:25.085 INFO:     #248 chat/completions (stream): 65 prompt tokens ·
                       temperature: 0, greedy (req), max_tokens: 177 (req),
                       min_tokens: 177 (req)
22:28:25.397 INFO:     #247 chat/completions (stream): 13 tokens generated at
                       53.9 T/s · prompt 167 tokens, none cached, 167 new in
                       0.09 s · first token 0.10 s, total 0.34 s · draft 7/12
                       accepted (58%) · max_tokens reached
22:28:25.468 INFO:     #249 chat/completions (stream): 637 prompt tokens ·
                       temperature: 0, greedy (req), max_tokens: 1147 (req),
                       min_tokens: 1147 (req)
22:28:25.804 INFO:     #240 chat/completions (stream): 243 tokens generated at
                       62.7 T/s · prompt 662 tokens, none cached, 662 new in
                       0.26 s (2,546 T/s) · first token 0.27 s, total 4.14 s ·
                       draft 126/234 accepted (54%) · max_tokens reached
22:28:25.875 INFO:     #250 chat/completions (stream): 690 prompt tokens ·
                       temperature: 0, greedy (req), max_tokens: 10 (req),
                       min_tokens: 10 (req)
22:28:26.345 INFO:     #250 chat/completions (stream): 10 tokens generated at
                       101.7 T/s · prompt 690 tokens, none cached, 690 new in
                       0.28 s (2,464 T/s) · first token 0.29 s, total 0.38 s ·
                       draft 6/8 accepted (75%) · max_tokens reached
22:28:26.409 INFO:     #251 chat/completions (stream): 57 prompt tokens ·
                       temperature: 0, greedy (req), max_tokens: 285 (req),
                       min_tokens: 285 (req)
22:28:26.410 INFO:     #237 chat/completions (stream): 323 tokens generated at
                       58.5 T/s · prompt 88 tokens, none cached, 88 new in 0.08
                       s · first token 0.09 s, total 5.60 s · draft 176/294
                       accepted (60%) · max_tokens reached
22:28:26.554 INFO:     #252 chat/completions (stream): 76 prompt tokens ·
                       temperature: 0, greedy (req), max_tokens: 562 (req),
                       min_tokens: 562 (req)
22:28:27.371 INFO:     #246 chat/completions (stream): 201 tokens generated at
                       73.0 T/s · prompt 61 tokens, none cached, 61 new in 0.07
                       s · first token 0.08 s, total 2.83 s · draft 121/160
                       accepted (76%) · max_tokens reached
22:28:27.440 INFO:     #253 chat/completions (stream): 540 prompt tokens ·
                       temperature: 0, greedy (req), max_tokens: 8 (req),
                       min_tokens: 8 (req)
22:28:27.809 INFO:     #253 chat/completions (stream): 8 tokens generated at
                       111.2 T/s · prompt 540 tokens, none cached, 540 new in
                       0.20 s (2,700 T/s) · first token 0.21 s, total 0.28 s ·
                       draft 5/6 accepted (83%) · max_tokens reached
22:28:27.876 INFO:     #254 chat/completions (stream): 60 prompt tokens ·
                       temperature: 0, greedy (req), max_tokens: 198 (req),
                       min_tokens: 198 (req)
22:28:28.018 INFO:     #248 chat/completions (stream): 177 tokens generated at
                       65.9 T/s · prompt 65 tokens, none cached, 65 new in 0.08
                       s · first token 0.09 s, total 2.77 s · draft 100/154
                       accepted (65%) · max_tokens reached
22:28:28.085 INFO:     #255 chat/completions (stream): 58 prompt tokens ·
                       temperature: 0, greedy (req), max_tokens: 31 (req),
                       min_tokens: 31 (req)
22:28:28.344 INFO:     #228 chat/completions (stream): 805 tokens generated at
                       65.8 T/s · prompt 384 tokens, none cached, 384 new in
                       0.24 s (1,600 T/s) · first token 0.25 s, total 12.5 s ·
                       draft 436/738 accepted (59%) · max_tokens reached
22:28:28.414 INFO:     #256 chat/completions (stream): 449 prompt tokens ·
                       temperature: 0, greedy (req), max_tokens: 25 (req),
                       min_tokens: 25 (req)
22:28:28.731 INFO:     #255 chat/completions (stream): 31 tokens generated at
                       122.1 T/s · prompt 58 tokens, none cached, 58 new in 0.07
                       s · first token 0.08 s, total 0.33 s · draft 20/22
                       accepted (91%) · max_tokens reached
22:28:28.796 INFO:     #257 chat/completions (stream): 392 prompt tokens ·
                       temperature: 0, greedy (req), max_tokens: 17 (req),
                       min_tokens: 17 (req)
22:28:28.797 INFO:     #238 chat/completions (stream): 534 tokens generated at
                       69.6 T/s · prompt 68 tokens, none cached, 68 new in 0.08
                       s · first token 0.09 s, total 7.76 s · draft 322/424
                       accepted (76%) · max_tokens reached
22:28:29.095 INFO:     #258 chat/completions (stream): 112 prompt tokens ·
                       temperature: 0, greedy (req), max_tokens: 556 (req),
                       min_tokens: 556 (req)
22:28:29.330 INFO:     #256 chat/completions (stream): 25 tokens generated at
                       43.5 T/s · prompt 449 tokens, none cached, 449 new in
                       0.25 s (1,796 T/s) · first token 0.26 s, total 0.83 s ·
                       draft 14/22 accepted (64%) · max_tokens reached
22:28:29.393 INFO:     #259 chat/completions (stream): 79 prompt tokens ·
                       temperature: 0, greedy (req), max_tokens: 165 (req),
                       min_tokens: 165 (req)
22:28:29.501 INFO:     #257 chat/completions (stream): 17 tokens generated at
                       61.1 T/s · prompt 392 tokens, none cached, 392 new in
                       0.25 s (1,568 T/s) · first token 0.26 s, total 0.53 s ·
                       draft 9/16 accepted (56%) · max_tokens reached
22:28:29.570 INFO:     #260 chat/completions (stream): 63 prompt tokens ·
                       temperature: 0, greedy (req), max_tokens: 650 (req),
                       min_tokens: 650 (req)
22:28:30.521 INFO:     #251 chat/completions (stream): 285 tokens generated at
                       72.3 T/s · prompt 57 tokens, none cached, 57 new in 0.07
                       s · first token 0.08 s, total 4.02 s · draft 165/240
                       accepted (69%) · max_tokens reached
22:28:30.588 INFO:     #261 chat/completions (stream): 68 prompt tokens ·
                       temperature: 0, greedy (req), max_tokens: 434 (req),
                       min_tokens: 434 (req)
22:28:30.944 INFO:     #254 chat/completions (stream): 198 tokens generated at
                       68.1 T/s · prompt 60 tokens, none cached, 60 new in 0.07
                       s · first token 0.08 s, total 2.98 s · draft 111/174
                       accepted (64%) · max_tokens reached
22:28:30.987 INFO:     #245 chat/completions (stream): 517 tokens generated at
                       69.3 T/s · prompt 75 tokens, none cached, 75 new in 0.08
                       s · first token 0.09 s, total 7.55 s · draft 289/456
                       accepted (63%) · max_tokens reached
22:28:31.009 INFO:     #262 chat/completions (stream): 527 prompt tokens ·
                       temperature: 0, greedy (req), max_tokens: 78 (req),
                       min_tokens: 78 (req)
22:28:31.256 INFO:     #263 chat/completions (stream): 65 prompt tokens ·
                       temperature: 0, greedy (req), max_tokens: 352 (req),
                       min_tokens: 352 (req)
22:28:31.858 INFO:     #259 chat/completions (stream): 165 tokens generated at
                       72.0 T/s · prompt 79 tokens, none cached, 79 new in 0.08
                       s · first token 0.09 s, total 2.38 s · draft 86/158
                       accepted (54%) · max_tokens reached
22:28:31.927 INFO:     #264 chat/completions (stream): 342 prompt tokens ·
                       temperature: 0, greedy (req), max_tokens: 44 (req),
                       min_tokens: 44 (req)
22:28:32.537 INFO:     #262 chat/completions (stream): 78 tokens generated at
                       64.2 T/s · prompt 527 tokens, none cached, 527 new in
                       0.22 s (2,395 T/s) · first token 0.23 s, total 1.44 s ·
                       draft 39/78 accepted (50%) · max_tokens reached
22:28:32.608 INFO:     #266 chat/completions (stream): 448 prompt tokens ·
                       temperature: 0, greedy (req), max_tokens: 55 (req),
                       min_tokens: 55 (req)
22:28:32.965 INFO:     #264 chat/completions (stream): 44 tokens generated at
                       62.2 T/s · prompt 342 tokens, none cached, 342 new in
                       0.24 s (1,425 T/s) · first token 0.25 s, total 0.95 s ·
                       draft 24/40 accepted (60%) · max_tokens reached
22:28:33.033 INFO:     #267 chat/completions (stream): 399 prompt tokens ·
                       temperature: 0, greedy (req), max_tokens: 15 (req),
                       min_tokens: 15 (req)
22:28:33.566 INFO:     #267 chat/completions (stream): 15 tokens generated at
                       94.4 T/s · prompt 399 tokens, none cached, 399 new in
                       0.28 s (1,425 T/s) · first token 0.29 s, total 0.44 s ·
                       draft 8/14 accepted (57%) · max_tokens reached
22:28:33.635 INFO:     #268 chat/completions (stream): 72 prompt tokens ·
                       temperature: 0, greedy (req), max_tokens: 279 (req),
                       min_tokens: 279 (req)
22:28:33.830 INFO:     #266 chat/completions (stream): 55 tokens generated at
                       62.1 T/s · prompt 448 tokens, none cached, 448 new in
                       0.24 s (1,867 T/s) · first token 0.25 s, total 1.13 s ·
                       draft 31/48 accepted (65%) · max_tokens reached
22:28:33.900 INFO:     #269 chat/completions (stream): 64 prompt tokens ·
                       temperature: 0, greedy (req), max_tokens: 150 (req),
                       min_tokens: 150 (req)
22:28:35.333 INFO:     #252 chat/completions (stream): 562 tokens generated at
                       65.3 T/s · prompt 76 tokens, none cached, 76 new in 0.08
                       s · first token 0.09 s, total 8.69 s · draft 295/534
                       accepted (55%) · max_tokens reached
22:28:35.404 INFO:     #270 chat/completions (stream): 340 prompt tokens ·
                       temperature: 0, greedy (req), max_tokens: 26 (req),
                       min_tokens: 26 (req)
22:28:35.952 INFO:     #269 chat/completions (stream): 150 tokens generated at
                       79.7 T/s · prompt 64 tokens, none cached, 64 new in 0.07
                       s · first token 0.08 s, total 1.96 s · draft 84/132
                       accepted (64%) · max_tokens reached
22:28:36.017 INFO:     #271 chat/completions (stream): 66 prompt tokens ·
                       temperature: 0, greedy (req), max_tokens: 12 (req),
                       min_tokens: 12 (req)
22:28:36.121 INFO:     #270 chat/completions (stream): 26 tokens generated at
                       83.5 T/s · prompt 340 tokens, none cached, 340 new in
                       0.23 s (1,478 T/s) · first token 0.24 s, total 0.55 s ·
                       draft 13/26 accepted (50%) · max_tokens reached
22:28:36.204 INFO:     #272 chat/completions (stream): 446 prompt tokens ·
                       temperature: 0, greedy (req), max_tokens: 8 (req),
                       min_tokens: 8 (req)
22:28:36.468 INFO:     #263 chat/completions (stream): 352 tokens generated at
                       73.1 T/s · prompt 65 tokens, none cached, 65 new in 0.07
                       s · first token 0.08 s, total 4.89 s · draft 200/304
                       accepted (66%) · max_tokens reached
22:28:36.512 INFO:     #271 chat/completions (stream): 12 tokens generated at
                       114.9 T/s · prompt 66 tokens, none cached, 66 new in 0.07
                       s · first token 0.08 s, total 0.18 s · draft 8/8 accepted
                       (100%) · max_tokens reached
22:28:36.531 INFO:     #273 chat/completions (stream): 99 prompt tokens ·
                       temperature: 0, greedy (req), max_tokens: 429 (req),
                       min_tokens: 429 (req)
22:28:36.670 INFO:     #274 chat/completions (stream): 70 prompt tokens ·
                       temperature: 0, greedy (req), max_tokens: 772 (req),
                       min_tokens: 772 (req)
22:28:36.773 INFO:     #272 chat/completions (stream): 8 tokens generated at
                       123.1 T/s · prompt 446 tokens, none cached, 446 new in
                       0.24 s (1,858 T/s) · first token 0.25 s, total 0.31 s ·
                       draft 5/6 accepted (83%) · max_tokens reached
22:28:36.838 INFO:     #275 chat/completions (stream): 391 prompt tokens ·
                       temperature: 0, greedy (req), max_tokens: 46 (req),
                       min_tokens: 46 (req)
22:28:36.838 INFO:     #258 chat/completions (stream): 556 tokens generated at
                       74.4 T/s · prompt 112 tokens, none cached, 112 new in
                       0.09 s · first token 0.10 s, total 7.57 s · draft 326/460
                       accepted (71%) · max_tokens reached
22:28:37.140 INFO:     #276 chat/completions (stream): 60 prompt tokens ·
                       temperature: 0, greedy (req), max_tokens: 75 (req),
                       min_tokens: 75 (req)
22:28:37.638 INFO:     #261 chat/completions (stream): 434 tokens generated at
                       63.1 T/s · prompt 68 tokens, none cached, 68 new in 0.08
                       s · first token 0.09 s, total 6.97 s · draft 235/398
                       accepted (59%) · max_tokens reached
22:28:37.703 INFO:     #277 chat/completions (stream): 691 prompt tokens ·
                       temperature: 0, greedy (req), max_tokens: 139 (req),
                       min_tokens: 139 (req)
22:28:37.704 INFO:     #268 chat/completions (stream): 279 tokens generated at
                       71.6 T/s · prompt 72 tokens, none cached, 72 new in 0.08
                       s · first token 0.09 s, total 3.98 s · draft 163/232
                       accepted (70%) · max_tokens reached
22:28:38.021 INFO:     #278 chat/completions (stream): 68 prompt tokens ·
                       temperature: 0, greedy (req), max_tokens: 282 (req),
                       min_tokens: 282 (req)
22:28:38.168 INFO:     #275 chat/completions (stream): 46 tokens generated at
                       50.9 T/s · prompt 391 tokens, none cached, 391 new in
                       0.25 s (1,564 T/s) · first token 0.26 s, total 1.16 s ·
                       draft 21/50 accepted (42%) · max_tokens reached
22:28:38.259 INFO:     #279 chat/completions (stream): 63 prompt tokens ·
                       temperature: 0, greedy (req), max_tokens: 98 (req),
                       min_tokens: 98 (req)
22:28:38.467 INFO:     #276 chat/completions (stream): 75 tokens generated at
                       64.3 T/s · prompt 60 tokens, none cached, 60 new in 0.07
                       s · first token 0.08 s, total 1.24 s · draft 43/64
                       accepted (67%) · max_tokens reached
22:28:38.536 INFO:     #280 chat/completions (stream): 815 prompt tokens ·
                       temperature: 0, greedy (req), max_tokens: 282 (req),
                       min_tokens: 282 (req)
22:28:39.178 INFO:     #260 chat/completions (stream): 650 tokens generated at
                       68.8 T/s · prompt 63 tokens, none cached, 63 new in 0.07
                       s · first token 0.08 s, total 9.52 s · draft 374/552
                       accepted (68%) · max_tokens reached
22:28:39.252 INFO:     #281 chat/completions (stream): 84 prompt tokens ·
                       temperature: 0, greedy (req), max_tokens: 278 (req),
                       min_tokens: 278 (req)
22:28:39.694 INFO:     #279 chat/completions (stream): 98 tokens generated at
                       77.4 T/s · prompt 63 tokens, none cached, 63 new in 0.07
                       s · first token 0.08 s, total 1.34 s · draft 58/80
                       accepted (72%) · max_tokens reached
22:28:39.764 INFO:     #282 chat/completions (stream): 60 prompt tokens ·
                       temperature: 0, greedy (req), max_tokens: 202 (req),
                       min_tokens: 202 (req)
22:28:40.000 INFO:     #277 chat/completions (stream): 139 tokens generated at
                       72.0 T/s · prompt 691 tokens, none cached, 691 new in
                       0.27 s (2,559 T/s) · first token 0.28 s, total 2.21 s ·
                       draft 81/116 accepted (70%) · max_tokens reached
22:28:40.069 INFO:     #283 chat/completions (stream): 62 prompt tokens ·
                       temperature: 0, greedy (req), max_tokens: 105 (req),
                       min_tokens: 105 (req)
22:28:41.426 INFO:     #283 chat/completions (stream): 105 tokens generated at
                       88.2 T/s · prompt 62 tokens, none cached, 62 new in 0.07
                       s · first token 0.08 s, total 1.27 s · draft 57/96
                       accepted (59%) · max_tokens reached
22:28:41.499 INFO:     #284 chat/completions (stream): 61 prompt tokens ·
                       temperature: 0, greedy (req), max_tokens: 61 (req),
                       min_tokens: 61 (req)
22:28:41.813 INFO:     #278 chat/completions (stream): 282 tokens generated at
                       78.0 T/s · prompt 68 tokens, none cached, 68 new in 0.08
                       s · first token 0.09 s, total 3.70 s · draft 158/248
                       accepted (64%) · max_tokens reached
22:28:41.882 INFO:     #285 chat/completions (stream): 65 prompt tokens ·
                       temperature: 0, greedy (req), max_tokens: 210 (req),
                       min_tokens: 210 (req)
22:28:42.253 INFO:     #249 chat/completions (stream): 1,147 tokens generated at
                       70.0 T/s · prompt 637 tokens, none cached, 637 new in
                       0.28 s (2,275 T/s) · first token 0.29 s, total 16.7 s ·
                       draft 655/984 accepted (67%) · max_tokens reached
22:28:42.314 INFO:     #286 chat/completions (stream): 60 prompt tokens ·
                       temperature: 0, greedy (req), max_tokens: 41 (req),
                       min_tokens: 41 (req)
22:28:42.410 INFO:     #280 chat/completions (stream): 282 tokens generated at
                       82.0 T/s · prompt 815 tokens, none cached, 815 new in
                       0.27 s (3,019 T/s) · first token 0.28 s, total 3.72 s ·
                       draft 155/254 accepted (61%) · max_tokens reached
22:28:42.433 INFO:     #284 chat/completions (stream): 61 tokens generated at
                       87.3 T/s · prompt 61 tokens, none cached, 61 new in 0.07
                       s · first token 0.08 s, total 0.78 s · draft 35/52
                       accepted (67%) · max_tokens reached
22:28:42.477 INFO:     #287 chat/completions (stream): 60 prompt tokens ·
                       temperature: 0, greedy (req), max_tokens: 287 (req),
                       min_tokens: 287 (req)
22:28:42.576 INFO:     #288 chat/completions (stream): 70 prompt tokens ·
                       temperature: 0, greedy (req), max_tokens: 276 (req),
                       min_tokens: 276 (req)
22:28:42.723 INFO:     #282 chat/completions (stream): 202 tokens generated at
                       76.6 T/s · prompt 60 tokens, none cached, 60 new in 0.07
                       s · first token 0.08 s, total 2.71 s · draft 105/194
                       accepted (54%) · max_tokens reached
22:28:42.789 INFO:     #289 chat/completions (stream): 107 prompt tokens ·
                       temperature: 0, greedy (req), max_tokens: 176 (req),
                       min_tokens: 176 (req)
22:28:42.933 INFO:     #281 chat/completions (stream): 278 tokens generated at
                       81.7 T/s · prompt 84 tokens, none cached, 84 new in 0.08
                       s · first token 0.09 s, total 3.49 s · draft 158/240
                       accepted (66%) · max_tokens reached
22:28:42.999 INFO:     #290 chat/completions (stream): 987 prompt tokens ·
                       temperature: 0, greedy (req), max_tokens: 113 (req),
                       min_tokens: 113 (req)
22:28:43.396 INFO:     #273 chat/completions (stream): 429 tokens generated at
                       67.6 T/s · prompt 99 tokens, none cached, 99 new in 0.09
                       s · first token 0.10 s, total 6.44 s · draft 235/388
                       accepted (61%) · max_tokens reached
22:28:43.444 INFO:     #286 chat/completions (stream): 41 tokens generated at
                       48.4 T/s · prompt 60 tokens, none cached, 60 new in 0.07
                       s · first token 0.08 s, total 0.92 s · draft 24/34
                       accepted (71%) · max_tokens reached
22:28:43.466 INFO:     #291 chat/completions (stream): 731 prompt tokens ·
                       temperature: 0, greedy (req), max_tokens: 694 (req),
                       min_tokens: 694 (req)
22:28:43.769 INFO:     #292 chat/completions (stream): 67 prompt tokens ·
                       temperature: 0, greedy (req), max_tokens: 84 (req),
                       min_tokens: 84 (req)
22:28:44.886 INFO:     #292 chat/completions (stream): 84 tokens generated at
                       88.8 T/s · prompt 67 tokens, none cached, 67 new in 0.08
                       s · first token 0.09 s, total 1.03 s · draft 45/78
                       accepted (58%) · max_tokens reached
22:28:44.931 INFO:     #290 chat/completions (stream): 113 tokens generated at
                       75.8 T/s · prompt 987 tokens, none cached, 987 new in
                       0.35 s (2,820 T/s) · first token 0.36 s, total 1.85 s ·
                       draft 65/96 accepted (68%) · max_tokens reached
22:28:44.949 INFO:     #293 chat/completions (stream): 91 prompt tokens ·
                       temperature: 0, greedy (req), max_tokens: 464 (req),
                       min_tokens: 464 (req)
22:28:45.085 INFO:     #294 chat/completions (stream): 114 prompt tokens ·
                       temperature: 0, greedy (req), max_tokens: 425 (req),
                       min_tokens: 425 (req)
22:28:45.212 INFO:     #285 chat/completions (stream): 210 tokens generated at
                       70.7 T/s · prompt 65 tokens, none cached, 65 new in 0.07
                       s · first token 0.08 s, total 3.05 s · draft 126/168
                       accepted (75%) · max_tokens reached
22:28:45.282 INFO:     #295 chat/completions (stream): 60 prompt tokens ·
                       temperature: 0, greedy (req), max_tokens: 64 (req),
                       min_tokens: 64 (req)
22:28:45.569 INFO:     #289 chat/completions (stream): 176 tokens generated at
                       68.0 T/s · prompt 107 tokens, none cached, 107 new in
                       0.09 s · first token 0.10 s, total 2.68 s · draft 106/140
                       accepted (76%) · max_tokens reached
22:28:45.640 INFO:     #296 chat/completions (stream): 89 prompt tokens ·
                       temperature: 0, greedy (req), max_tokens: 609 (req),
                       min_tokens: 609 (req)
22:28:46.235 INFO:     #295 chat/completions (stream): 64 tokens generated at
                       83.6 T/s · prompt 60 tokens, none cached, 60 new in 0.07
                       s · first token 0.08 s, total 0.84 s · draft 36/56
                       accepted (64%) · max_tokens reached
22:28:46.306 INFO:     #297 chat/completions (stream): 648 prompt tokens ·
                       temperature: 0, greedy (req), max_tokens: 6 (req),
                       min_tokens: 6 (req)
22:28:46.736 INFO:     #297 chat/completions (stream): 6 tokens generated at
                       121.1 T/s · prompt 648 tokens, none cached, 648 new in
                       0.28 s (2,314 T/s) · first token 0.29 s, total 0.33 s ·
                       draft 4/4 accepted (100%) · max_tokens reached
22:28:46.806 INFO:     #298 chat/completions (stream): 113 prompt tokens ·
                       temperature: 0, greedy (req), max_tokens: 71 (req),
                       min_tokens: 71 (req)
22:28:47.326 INFO:     #288 chat/completions (stream): 276 tokens generated at
                       60.4 T/s · prompt 70 tokens, none cached, 70 new in 0.08
                       s · first token 0.09 s, total 4.66 s · draft 147/258
                       accepted (57%) · max_tokens reached
22:28:47.392 INFO:     #300 chat/completions (stream): 68 prompt tokens ·
                       temperature: 0, greedy (req), max_tokens: 169 (req),
                       min_tokens: 169 (req)
22:28:47.393 INFO:     #287 chat/completions (stream): 287 tokens generated at
                       60.5 T/s · prompt 60 tokens, none cached, 60 new in 0.07
                       s · first token 0.08 s, total 4.82 s · draft 154/266
                       accepted (58%) · max_tokens reached
22:28:47.546 INFO:     #301 chat/completions (stream): 164 prompt tokens ·
                       temperature: 0, greedy (req), max_tokens: 302 (req),
                       min_tokens: 302 (req)
22:28:47.786 INFO:     #298 chat/completions (stream): 71 tokens generated at
                       90.5 T/s · prompt 113 tokens, none cached, 113 new in
                       0.10 s · first token 0.11 s, total 0.89 s · draft 46/50
                       accepted (92%) · max_tokens reached
22:28:47.858 INFO:     #302 chat/completions (stream): 75 prompt tokens ·
                       temperature: 0, greedy (req), max_tokens: 306 (req),
                       min_tokens: 306 (req)
22:28:48.572 INFO:     #274 chat/completions (stream): 772 tokens generated at
                       65.8 T/s · prompt 70 tokens, none cached, 70 new in 0.08
                       s · first token 0.09 s, total 11.8 s · draft 421/702
                       accepted (60%) · max_tokens reached
22:28:48.640 INFO:     #303 chat/completions (stream): 256 prompt tokens ·
                       temperature: 0, greedy (req), max_tokens: 28 (req),
                       min_tokens: 28 (req)
22:28:49.215 INFO:     #303 chat/completions (stream): 28 tokens generated at
                       82.5 T/s · prompt 256 tokens, none cached, 256 new in
                       0.11 s (2,327 T/s) · first token 0.12 s, total 0.45 s ·
                       draft 14/28 accepted (50%) · max_tokens reached
22:28:49.286 INFO:     #304 chat/completions (stream): 137 prompt tokens ·
                       temperature: 0, greedy (req), max_tokens: 52 (req),
                       min_tokens: 52 (req)
22:28:49.665 INFO:     #300 chat/completions (stream): 169 tokens generated at
                       80.5 T/s · prompt 68 tokens, none cached, 68 new in 0.08
                       s · first token 0.09 s, total 2.19 s · draft 101/136
                       accepted (74%) · max_tokens reached
22:28:49.738 INFO:     #305 chat/completions (stream): 840 prompt tokens ·
                       temperature: 0, greedy (req), max_tokens: 11 (req),
                       min_tokens: 11 (req)
22:28:50.229 INFO:     #304 chat/completions (stream): 52 tokens generated at
                       70.5 T/s · prompt 137 tokens, none cached, 137 new in
                       0.11 s · first token 0.12 s, total 0.85 s · draft 33/38
                       accepted (87%) · max_tokens reached
22:28:50.251 INFO:     #305 chat/completions (stream): 11 tokens generated at
                       90.2 T/s · prompt 840 tokens, none cached, 840 new in
                       0.29 s (2,897 T/s) · first token 0.30 s, total 0.42 s ·
                       draft 6/10 accepted (60%) · max_tokens reached
22:28:50.297 INFO:     #306 chat/completions (stream): 77 prompt tokens ·
                       temperature: 0, greedy (req), max_tokens: 259 (req),
                       min_tokens: 259 (req)
22:28:50.407 INFO:     #307 chat/completions (stream): 434 prompt tokens ·
                       temperature: 0, greedy (req), max_tokens: 25 (req),
                       min_tokens: 25 (req)
22:28:50.958 INFO:     #307 chat/completions (stream): 25 tokens generated at
                       114.5 T/s · prompt 434 tokens, none cached, 434 new in
                       0.24 s (1,808 T/s) · first token 0.25 s, total 0.46 s ·
                       draft 16/18 accepted (89%) · max_tokens reached
22:28:51.027 INFO:     #308 chat/completions (stream): 136 prompt tokens ·
                       temperature: 0, greedy (req), max_tokens: 292 (req),
                       min_tokens: 292 (req)
22:28:51.804 INFO:     #294 chat/completions (stream): 425 tokens generated at
                       65.1 T/s · prompt 114 tokens, none cached, 114 new in
                       0.10 s · first token 0.11 s, total 6.63 s · draft 229/392
                       accepted (58%) · max_tokens reached
22:28:51.873 INFO:     #309 chat/completions (stream): 151 prompt tokens ·
                       temperature: 0, greedy (req), max_tokens: 435 (req),
                       min_tokens: 435 (req)
22:28:52.229 INFO:     #293 chat/completions (stream): 464 tokens generated at
                       65.4 T/s · prompt 91 tokens, none cached, 91 new in 0.09
                       s · first token 0.10 s, total 7.19 s · draft 252/424
                       accepted (59%) · max_tokens reached
22:28:52.295 INFO:     #310 chat/completions (stream): 884 prompt tokens ·
                       temperature: 0, greedy (req), max_tokens: 18 (req),
                       min_tokens: 18 (req)
22:28:52.510 INFO:     #301 chat/completions (stream): 302 tokens generated at
                       65.9 T/s · prompt 164 tokens, none cached, 164 new in
                       0.09 s · first token 0.10 s, total 4.68 s · draft 160/284
                       accepted (56%) · max_tokens reached
22:28:52.684 INFO:     #311 chat/completions (stream): 311 prompt tokens ·
                       temperature: 0, greedy (req), max_tokens: 195 (req),
                       min_tokens: 195 (req)
22:28:53.040 INFO:     #302 chat/completions (stream): 306 tokens generated at
                       61.1 T/s · prompt 75 tokens, none cached, 75 new in 0.08
                       s · first token 0.09 s, total 5.10 s · draft 163/286
                       accepted (57%) · max_tokens reached
22:28:53.063 INFO:     #310 chat/completions (stream): 18 tokens generated at
                       49.7 T/s · prompt 884 tokens, none cached, 884 new in
                       0.31 s (2,852 T/s) · first token 0.32 s, total 0.68 s ·
                       draft 11/14 accepted (79%) · max_tokens reached
22:28:53.107 INFO:     #312 chat/completions (stream): 425 prompt tokens ·
                       temperature: 0, greedy (req), max_tokens: 28 (req),
                       min_tokens: 28 (req)
22:28:53.252 INFO:     #313 chat/completions (stream): 804 prompt tokens ·
                       temperature: 0, greedy (req), max_tokens: 15 (req),
                       min_tokens: 15 (req)
22:28:53.848 INFO:     #313 chat/completions (stream): 15 tokens generated at
                       108.3 T/s · prompt 804 tokens, none cached, 804 new in
                       0.27 s (2,978 T/s) · queued 0.10 s, first token 0.37 s,
                       total 0.51 s · draft 9/12 accepted (75%) · max_tokens
                       reached
22:28:53.916 INFO:     #314 chat/completions (stream): 614 prompt tokens ·
                       temperature: 0, greedy (req), max_tokens: 11 (req),
                       min_tokens: 11 (req)
22:28:54.229 INFO:     #312 chat/completions (stream): 28 tokens generated at
                       78.8 T/s · prompt 425 tokens, none cached, 425 new in
                       0.43 s (988 T/s) · first token 0.44 s, total 0.79 s ·
                       draft 15/26 accepted (58%) · max_tokens reached
22:28:54.295 INFO:     #315 chat/completions (stream): 289 prompt tokens ·
                       temperature: 0, greedy (req), max_tokens: 22 (req),
                       min_tokens: 22 (req)
22:28:54.515 INFO:     #314 chat/completions (stream): 11 tokens generated at
                       118.0 T/s · prompt 614 tokens, none cached, 614 new in
                       0.26 s (2,362 T/s) · first token 0.27 s, total 0.36 s ·
                       draft 7/8 accepted (88%) · max_tokens reached
22:28:54.586 INFO:     #316 chat/completions (stream): 63 prompt tokens ·
                       temperature: 0, greedy (req), max_tokens: 193 (req),
                       min_tokens: 193 (req)
22:28:54.748 INFO:     #291 chat/completions (stream): 694 tokens generated at
                       64.0 T/s · prompt 731 tokens, none cached, 731 new in
                       0.27 s (2,707 T/s) · first token 0.28 s, total 11.1 s ·
                       draft 387/614 accepted (63%) · max_tokens reached
22:28:54.812 INFO:     #317 chat/completions (stream): 225 prompt tokens ·
                       temperature: 0, greedy (req), max_tokens: 242 (req),
                       min_tokens: 242 (req)
22:28:54.813 INFO:     #315 chat/completions (stream): 22 tokens generated at
                       85.6 T/s · prompt 289 tokens, none cached, 289 new in
                       0.17 s (1,700 T/s) · first token 0.18 s, total 0.43 s ·
                       draft 14/16 accepted (88%) · max_tokens reached
22:28:54.992 INFO:     #318 chat/completions (stream): 70 prompt tokens ·
                       temperature: 0, greedy (req), max_tokens: 102 (req),
                       min_tokens: 102 (req)
22:28:55.183 INFO:     #306 chat/completions (stream): 259 tokens generated at
                       55.0 T/s · prompt 77 tokens, none cached, 77 new in 0.08
                       s · first token 0.09 s, total 4.80 s · draft 146/226
                       accepted (65%) · max_tokens reached
22:28:55.253 INFO:     #319 chat/completions (stream): 248 prompt tokens ·
                       temperature: 0, greedy (req), max_tokens: 8 (req),
                       min_tokens: 8 (req)
22:28:55.532 INFO:     #319 chat/completions (stream): 8 tokens generated at
                       114.7 T/s · prompt 248 tokens, none cached, 248 new in
                       0.11 s · first token 0.12 s, total 0.18 s · draft 5/6
                       accepted (83%) · max_tokens reached
22:28:55.600 INFO:     #320 chat/completions (stream): 91 prompt tokens ·
                       temperature: 0, greedy (req), max_tokens: 333 (req),
                       min_tokens: 333 (req)
22:28:56.045 INFO:     #308 chat/completions (stream): 292 tokens generated at
                       60.7 T/s · prompt 136 tokens, none cached, 136 new in
                       0.11 s · first token 0.12 s, total 4.92 s · draft 169/246
                       accepted (69%) · max_tokens reached
22:28:56.112 INFO:     #321 chat/completions (stream): 86 prompt tokens ·
                       temperature: 0, greedy (req), max_tokens: 334 (req),
                       min_tokens: 334 (req)
22:28:56.247 INFO:     #296 chat/completions (stream): 609 tokens generated at
                       58.9 T/s · prompt 89 tokens, none cached, 89 new in 0.08
                       s · first token 0.09 s, total 10.4 s · draft 323/572
                       accepted (56%) · max_tokens reached
22:28:56.314 INFO:     #322 chat/completions (stream): 322 prompt tokens ·
                       temperature: 0, greedy (req), max_tokens: 326 (req),
                       min_tokens: 326 (req)
22:28:56.572 INFO:     #318 chat/completions (stream): 102 tokens generated at
                       83.7 T/s · prompt 70 tokens, none cached, 70 new in 0.08
                       s · first token 0.09 s, total 1.30 s · draft 62/80
                       accepted (78%) · max_tokens reached
22:28:56.594 INFO:     #311 chat/completions (stream): 195 tokens generated at
                       57.2 T/s · prompt 311 tokens, none cached, 311 new in
                       0.22 s (1,414 T/s) · first token 0.23 s, total 3.63 s ·
                       draft 108/174 accepted (62%) · max_tokens reached
22:28:56.640 INFO:     #323 chat/completions (stream): 81 prompt tokens ·
                       temperature: 0, greedy (req), max_tokens: 353 (req),
                       min_tokens: 353 (req)
22:28:56.747 INFO:     #324 chat/completions (stream): 218 prompt tokens ·
                       temperature: 0, greedy (req), max_tokens: 599 (req),
                       min_tokens: 599 (req)
22:28:57.604 INFO:     #316 chat/completions (stream): 193 tokens generated at
                       67.7 T/s · prompt 63 tokens, none cached, 63 new in 0.07
                       s · first token 0.08 s, total 2.93 s · draft 107/172
                       accepted (62%) · max_tokens reached
22:28:57.674 INFO:     #325 chat/completions (stream): 274 prompt tokens ·
                       temperature: 0, greedy (req), max_tokens: 94 (req),
                       min_tokens: 94 (req)
22:28:58.040 INFO:     #317 chat/completions (stream): 242 tokens generated at
                       80.0 T/s · prompt 225 tokens, none cached, 225 new in
                       0.11 s · first token 0.12 s, total 3.14 s · draft 151/182
                       accepted (83%) · max_tokens reached
22:28:58.109 INFO:     #326 chat/completions (stream): 90 prompt tokens ·
                       temperature: 0, greedy (req), max_tokens: 1439 (req),
                       min_tokens: 1439 (req)
22:28:58.950 INFO:     #325 chat/completions (stream): 94 tokens generated at
                       93.4 T/s · prompt 274 tokens, none cached, 274 new in
                       0.17 s (1,612 T/s) · first token 0.18 s, total 1.18 s ·
                       draft 55/78 accepted (71%) · max_tokens reached
22:28:59.022 INFO:     #327 chat/completions (stream): 322 prompt tokens ·
                       temperature: 0, greedy (req), max_tokens: 23 (req),
                       min_tokens: 23 (req)
22:28:59.465 INFO:     #309 chat/completions (stream): 435 tokens generated at
                       58.7 T/s · prompt 151 tokens, none cached, 151 new in
                       0.09 s · first token 0.10 s, total 7.50 s · draft 234/402
                       accepted (58%) · max_tokens reached
22:28:59.531 INFO:     #328 chat/completions (stream): 628 prompt tokens ·
                       temperature: 0, greedy (req), max_tokens: 93 (req),
                       min_tokens: 93 (req)
22:28:59.823 INFO:     #327 chat/completions (stream): 23 tokens generated at
                       99.0 T/s · prompt 322 tokens, none cached, 322 new in
                       0.23 s (1,400 T/s) · first token 0.24 s, total 0.47 s ·
                       draft 13/20 accepted (65%) · max_tokens reached
22:28:59.894 INFO:     #329 chat/completions (stream): 73 prompt tokens ·
                       temperature: 0, greedy (req), max_tokens: 327 (req),
                       min_tokens: 327 (req)
22:29:00.773 INFO:     #321 chat/completions (stream): 334 tokens generated at
                       74.5 T/s · prompt 86 tokens, none cached, 86 new in 0.08
                       s · first token 0.09 s, total 4.57 s · draft 193/282
                       accepted (68%) · max_tokens reached
22:29:00.838 INFO:     #330 chat/completions (stream): 90 prompt tokens ·
                       temperature: 0, greedy (req), max_tokens: 131 (req),
                       min_tokens: 131 (req)
22:29:00.952 INFO:     #320 chat/completions (stream): 333 tokens generated at
                       65.6 T/s · prompt 91 tokens, none cached, 91 new in 0.08
                       s · first token 0.09 s, total 5.17 s · draft 170/326
                       accepted (52%) · max_tokens reached
22:29:01.019 INFO:     #331 chat/completions (stream): 828 prompt tokens ·
                       temperature: 0, greedy (req), max_tokens: 39 (req),
                       min_tokens: 39 (req)
22:29:01.331 INFO:     #328 chat/completions (stream): 93 tokens generated at
                       79.3 T/s · prompt 628 tokens, none cached, 628 new in
                       0.26 s (2,415 T/s) · first token 0.27 s, total 1.44 s ·
                       draft 51/84 accepted (61%) · max_tokens reached
22:29:01.402 INFO:     #332 chat/completions (stream): 579 prompt tokens ·
                       temperature: 0, greedy (req), max_tokens: 213 (req),
                       min_tokens: 213 (req)
22:29:01.697 INFO:     #322 chat/completions (stream): 326 tokens generated at
                       67.2 T/s · prompt 322 tokens, none cached, 322 new in
                       0.21 s (1,533 T/s) · first token 0.22 s, total 5.06 s ·
                       draft 176/300 accepted (59%) · max_tokens reached
22:29:01.768 INFO:     #333 chat/completions (stream): 57 prompt tokens ·
                       temperature: 0, greedy (req), max_tokens: 56 (req),
                       min_tokens: 56 (req)
22:29:02.076 INFO:     #331 chat/completions (stream): 39 tokens generated at
                       57.6 T/s · prompt 828 tokens, none cached, 828 new in
                       0.28 s (2,957 T/s) · first token 0.29 s, total 0.96 s ·
                       draft 23/32 accepted (72%) · max_tokens reached
22:29:02.148 INFO:     #335 chat/completions (stream): 56 prompt tokens ·
                       temperature: 0, greedy (req), max_tokens: 277 (req),
                       min_tokens: 277 (req)
22:29:02.457 INFO:     #323 chat/completions (stream): 353 tokens generated at
                       62.6 T/s · prompt 81 tokens, none cached, 81 new in 0.08
                       s · first token 0.09 s, total 5.72 s · draft 182/342
                       accepted (53%) · max_tokens reached
22:29:02.526 INFO:     #336 chat/completions (stream): 196 prompt tokens ·
                       temperature: 0, greedy (req), max_tokens: 362 (req),
                       min_tokens: 362 (req)
22:29:02.767 INFO:     #333 chat/completions (stream): 56 tokens generated at
                       66.9 T/s · prompt 57 tokens, none cached, 57 new in 0.07
                       s · first token 0.08 s, total 0.91 s · draft 28/56
                       accepted (50%) · max_tokens reached
22:29:02.837 INFO:     #337 chat/completions (stream): 81 prompt tokens ·
                       temperature: 0, greedy (req), max_tokens: 1003 (req),
                       min_tokens: 1003 (req)
22:29:03.086 INFO:     #330 chat/completions (stream): 131 tokens generated at
                       63.5 T/s · prompt 90 tokens, none cached, 90 new in 0.09
                       s · first token 0.10 s, total 2.16 s · draft 78/106
                       accepted (74%) · max_tokens reached
22:29:03.158 INFO:     #338 chat/completions (stream): 255 prompt tokens ·
                       temperature: 0, greedy (req), max_tokens: 819 (req),
                       min_tokens: 819 (req)
22:29:04.544 INFO:     #329 chat/completions (stream): 327 tokens generated at
                       73.1 T/s · prompt 73 tokens, none cached, 73 new in 0.08
                       s · first token 0.09 s, total 4.56 s · draft 185/284
                       accepted (65%) · max_tokens reached
22:29:04.611 INFO:     #339 chat/completions (stream): 891 prompt tokens ·
                       temperature: 0, greedy (req), max_tokens: 37 (req),
                       min_tokens: 37 (req)
22:29:04.612 INFO:     #332 chat/completions (stream): 213 tokens generated at
                       74.2 T/s · prompt 579 tokens, none cached, 579 new in
                       0.24 s (2,412 T/s) · first token 0.25 s, total 3.11 s ·
                       draft 114/198 accepted (58%) · max_tokens reached
22:29:04.960 INFO:     #340 chat/completions (stream): 442 prompt tokens ·
                       temperature: 0, greedy (req), max_tokens: 43 (req),
                       min_tokens: 43 (req)
22:29:05.343 INFO:     #324 chat/completions (stream): 599 tokens generated at
                       71.4 T/s · prompt 218 tokens, none cached, 218 new in
                       0.11 s · first token 0.12 s, total 8.51 s · draft 344/510
                       accepted (67%) · max_tokens reached
22:29:05.414 INFO:     #341 chat/completions (stream): 63 prompt tokens ·
                       temperature: 0, greedy (req), max_tokens: 241 (req),
                       min_tokens: 241 (req)
22:29:05.648 INFO:     #339 chat/completions (stream): 37 tokens generated at
                       57.2 T/s · prompt 891 tokens, none cached, 891 new in
                       0.29 s (3,072 T/s) · first token 0.30 s, total 0.94 s ·
                       draft 22/30 accepted (73%) · max_tokens reached
22:29:05.713 INFO:     #342 chat/completions (stream): 155 prompt tokens ·
                       temperature: 0, greedy (req), max_tokens: 692 (req),
                       min_tokens: 692 (req)
22:29:05.857 INFO:     #340 chat/completions (stream): 43 tokens generated at
                       92.8 T/s · prompt 442 tokens, none cached, 442 new in
                       0.24 s (1,842 T/s) · first token 0.25 s, total 0.71 s ·
                       draft 26/34 accepted (76%) · max_tokens reached
22:29:05.929 INFO:     #343 chat/completions (stream): 340 prompt tokens ·
                       temperature: 0, greedy (req), max_tokens: 14 (req),
                       min_tokens: 14 (req)
22:29:06.375 INFO:     #343 chat/completions (stream): 14 tokens generated at
                       115.6 T/s · prompt 340 tokens, none cached, 340 new in
                       0.23 s (1,478 T/s) · first token 0.24 s, total 0.36 s ·
                       draft 9/10 accepted (90%) · max_tokens reached
22:29:06.440 INFO:     #344 chat/completions (stream): 59 prompt tokens ·
                       temperature: 0, greedy (req), max_tokens: 35 (req),
                       min_tokens: 35 (req)
22:29:06.441 INFO:     #335 chat/completions (stream): 277 tokens generated at
                       67.1 T/s · prompt 56 tokens, none cached, 56 new in 0.07
                       s · first token 0.08 s, total 4.21 s · draft 155/244
                       accepted (64%) · max_tokens reached
22:29:06.583 INFO:     #345 chat/completions (stream): 71 prompt tokens ·
                       temperature: 0, greedy (req), max_tokens: 88 (req),
                       min_tokens: 88 (req)
22:29:07.026 INFO:     #344 chat/completions (stream): 35 tokens generated at
                       83.7 T/s · prompt 59 tokens, none cached, 59 new in 0.07
                       s · first token 0.08 s, total 0.49 s · draft 21/28
                       accepted (75%) · max_tokens reached
22:29:07.098 INFO:     #346 chat/completions (stream): 282 prompt tokens ·
                       temperature: 0, greedy (req), max_tokens: 6 (req),
                       min_tokens: 6 (req)
22:29:07.413 INFO:     #346 chat/completions (stream): 6 tokens generated at
                       122.8 T/s · prompt 282 tokens, none cached, 282 new in
                       0.17 s (1,659 T/s) · first token 0.18 s, total 0.22 s ·
                       draft 4/4 accepted (100%) · max_tokens reached
22:29:07.485 INFO:     #347 chat/completions (stream): 94 prompt tokens ·
                       temperature: 0, greedy (req), max_tokens: 262 (req),
                       min_tokens: 262 (req)
22:29:07.961 INFO:     #336 chat/completions (stream): 362 tokens generated at
                       69.1 T/s · prompt 196 tokens, none cached, 196 new in
                       0.10 s · first token 0.11 s, total 5.35 s · draft 206/312
                       accepted (66%) · max_tokens reached
22:29:07.962 INFO:     #345 chat/completions (stream): 88 tokens generated at
                       72.7 T/s · prompt 71 tokens, none cached, 71 new in 0.08
                       s · first token 0.09 s, total 1.30 s · draft 48/80
                       accepted (60%) · max_tokens reached
22:29:08.031 INFO:     #348 chat/completions (stream): 334 prompt tokens ·
                       temperature: 0, greedy (req), max_tokens: 28 (req),
                       min_tokens: 28 (req)
22:29:08.033 INFO:     #349 chat/completions (stream): 491 prompt tokens ·
                       temperature: 0, greedy (req), max_tokens: 604 (req),
                       min_tokens: 604 (req)
22:29:08.915 INFO:     #348 chat/completions (stream): 28 tokens generated at
                       103.3 T/s · prompt 334 tokens, none cached, 334 new in
                       0.51 s (655 T/s) · first token 0.52 s, total 0.79 s ·
                       draft 17/22 accepted (77%) · max_tokens reached
22:29:08.988 INFO:     #350 chat/completions (stream): 528 prompt tokens ·
                       temperature: 0, greedy (req), max_tokens: 15 (req),
                       min_tokens: 15 (req)
22:29:09.409 INFO:     #350 chat/completions (stream): 15 tokens generated at
                       115.8 T/s · prompt 528 tokens, none cached, 528 new in
                       0.19 s (2,779 T/s) · first token 0.20 s, total 0.33 s ·
                       draft 10/10 accepted (100%) · max_tokens reached
22:29:09.481 INFO:     #351 chat/completions (stream): 67 prompt tokens ·
                       temperature: 0, greedy (req), max_tokens: 318 (req),
                       min_tokens: 318 (req)
22:29:09.859 INFO:     #341 chat/completions (stream): 241 tokens generated at
                       56.4 T/s · prompt 63 tokens, none cached, 63 new in 0.07
                       s · first token 0.08 s, total 4.35 s · draft 123/236
                       accepted (52%) · max_tokens reached
22:29:09.931 INFO:     #352 chat/completions (stream): 416 prompt tokens ·
                       temperature: 0, greedy (req), max_tokens: 10 (req),
                       min_tokens: 10 (req)
22:29:10.378 INFO:     #352 chat/completions (stream): 10 tokens generated at
                       100.6 T/s · prompt 416 tokens, none cached, 416 new in
                       0.25 s (1,664 T/s) · first token 0.26 s, total 0.36 s ·
                       draft 6/8 accepted (75%) · max_tokens reached
22:29:10.450 INFO:     #353 chat/completions (stream): 118 prompt tokens ·
                       temperature: 0, greedy (req), max_tokens: 345 (req),
                       min_tokens: 345 (req)
22:29:11.252 INFO:     #347 chat/completions (stream): 262 tokens generated at
                       73.4 T/s · prompt 94 tokens, none cached, 94 new in 0.09
                       s · first token 0.10 s, total 3.67 s · draft 160/204
                       accepted (78%) · max_tokens reached
22:29:11.326 INFO:     #354 chat/completions (stream): 697 prompt tokens ·
                       temperature: 0, greedy (req), max_tokens: 1321 (req),
                       min_tokens: 1321 (req)
22:29:12.866 WARNING:  #326 chat/completions (stream): generation stopped
                       because a token loop was detected
22:29:12.957 INFO:     #326 chat/completions (stream): 1,134 tokens generated at
                       77.3 T/s · prompt 90 tokens, none cached, 90 new in 0.08
                       s · first token 0.09 s, total 14.8 s · draft 700/868
                       accepted (81%) · loop detected
22:29:13.030 INFO:     #355 chat/completions (stream): 683 prompt tokens ·
                       temperature: 0, greedy (req), max_tokens: 9 (req),
                       min_tokens: 9 (req)
22:29:13.533 INFO:     #355 chat/completions (stream): 9 tokens generated at
                       92.1 T/s · prompt 683 tokens, none cached, 683 new in
                       0.31 s (2,203 T/s) · first token 0.32 s, total 0.41 s ·
                       draft 5/8 accepted (62%) · max_tokens reached
22:29:13.604 INFO:     #356 chat/completions (stream): 763 prompt tokens ·
                       temperature: 0, greedy (req), max_tokens: 35 (req),
                       min_tokens: 35 (req)
22:29:14.337 INFO:     #356 chat/completions (stream): 35 tokens generated at
                       98.5 T/s · prompt 763 tokens, none cached, 763 new in
                       0.28 s (2,725 T/s) · first token 0.29 s, total 0.64 s ·
                       draft 21/28 accepted (75%) · max_tokens reached
22:29:14.361 INFO:     #351 chat/completions (stream): 318 tokens generated at
                       67.5 T/s · prompt 67 tokens, none cached, 67 new in 0.08
                       s · first token 0.09 s, total 4.79 s · draft 174/288
                       accepted (60%) · max_tokens reached
22:29:14.406 INFO:     #357 chat/completions (stream): 596 prompt tokens ·
                       temperature: 0, greedy (req), max_tokens: 11 (req),
                       min_tokens: 11 (req)
22:29:14.573 INFO:     #358 chat/completions (stream): 67 prompt tokens ·
                       temperature: 0, greedy (req), max_tokens: 72 (req),
                       min_tokens: 72 (req)
22:29:14.960 INFO:     #357 chat/completions (stream): 11 tokens generated at
                       89.9 T/s · prompt 596 tokens, none cached, 596 new in
                       0.33 s (1,806 T/s) · first token 0.34 s, total 0.46 s ·
                       draft 6/10 accepted (60%) · max_tokens reached
22:29:15.032 INFO:     #359 chat/completions (stream): 266 prompt tokens ·
                       temperature: 0, greedy (req), max_tokens: 6 (req),
                       min_tokens: 6 (req)
22:29:15.357 INFO:     #359 chat/completions (stream): 6 tokens generated at
                       115.4 T/s · prompt 266 tokens, none cached, 266 new in
                       0.17 s (1,565 T/s) · first token 0.18 s, total 0.23 s ·
                       draft 4/4 accepted (100%) · max_tokens reached
22:29:15.428 INFO:     #360 chat/completions (stream): 104 prompt tokens ·
                       temperature: 0, greedy (req), max_tokens: 354 (req),
                       min_tokens: 354 (req)
22:29:15.645 INFO:     #353 chat/completions (stream): 345 tokens generated at
                       69.1 T/s · prompt 118 tokens, none cached, 118 new in
                       0.10 s · first token 0.11 s, total 5.10 s · draft 198/294
                       accepted (67%) · max_tokens reached
22:29:15.717 INFO:     #361 chat/completions (stream): 65 prompt tokens ·
                       temperature: 0, greedy (req), max_tokens: 243 (req),
                       min_tokens: 243 (req)
22:29:15.880 INFO:     #338 chat/completions (stream): 819 tokens generated at
                       66.0 T/s · prompt 255 tokens, none cached, 255 new in
                       0.14 s · first token 0.15 s, total 12.6 s · draft 462/714
                       accepted (65%) · max_tokens reached
22:29:15.924 INFO:     #358 chat/completions (stream): 72 tokens generated at
                       65.8 T/s · prompt 67 tokens, none cached, 67 new in 0.08
                       s · first token 0.17 s, total 1.27 s · draft 40/64
                       accepted (62%) · max_tokens reached
22:29:15.946 INFO:     #362 chat/completions (stream): 62 prompt tokens ·
                       temperature: 0, greedy (req), max_tokens: 242 (req),
                       min_tokens: 242 (req)
22:29:16.067 INFO:     #363 chat/completions (stream): 74 prompt tokens ·
                       temperature: 0, greedy (req), max_tokens: 19 (req),
                       min_tokens: 19 (req)
22:29:16.257 INFO:     #337 chat/completions (stream): 1,003 tokens generated at
                       76.3 T/s · prompt 81 tokens, none cached, 81 new in 0.08
                       s · first token 0.09 s, total 13.2 s · draft 627/752
                       accepted (83%) · max_tokens reached
22:29:16.328 INFO:     #364 chat/completions (stream): 871 prompt tokens ·
                       temperature: 0, greedy (req), max_tokens: 110 (req),
                       min_tokens: 110 (req)
22:29:16.678 INFO:     #363 chat/completions (stream): 19 tokens generated at
                       108.6 T/s · prompt 74 tokens, none cached, 74 new in 0.08
                       s · first token 0.09 s, total 0.26 s · draft 12/14
                       accepted (86%) · max_tokens reached
22:29:16.751 INFO:     #365 chat/completions (stream): 386 prompt tokens ·
                       temperature: 0, greedy (req), max_tokens: 37 (req),
                       min_tokens: 37 (req)
22:29:17.421 INFO:     #365 chat/completions (stream): 37 tokens generated at
                       115.6 T/s · prompt 386 tokens, none cached, 386 new in
                       0.25 s (1,544 T/s) · first token 0.26 s, total 0.58 s ·
                       draft 24/26 accepted (92%) · max_tokens reached
22:29:17.492 INFO:     #367 chat/completions (stream): 365 prompt tokens ·
                       temperature: 0, greedy (req), max_tokens: 10 (req),
                       min_tokens: 10 (req)
22:29:17.876 INFO:     #349 chat/completions (stream): 604 tokens generated at
                       65.4 T/s · prompt 491 tokens, none cached, 491 new in
                       0.38 s (1,292 T/s) · queued 0.13 s, first token 0.51 s,
                       total 9.75 s · draft 345/518 accepted (67%) · max_tokens
                       reached
22:29:17.943 INFO:     #368 chat/completions (stream): 125 prompt tokens ·
                       temperature: 0, greedy (req), max_tokens: 236 (req),
                       min_tokens: 236 (req)
22:29:17.943 INFO:     #367 chat/completions (stream): 10 tokens generated at
                       84.4 T/s · prompt 365 tokens, none cached, 365 new in
                       0.24 s (1,521 T/s) · first token 0.25 s, total 0.36 s ·
                       draft 5/10 accepted (50%) · max_tokens reached
22:29:18.120 INFO:     #369 chat/completions (stream): 68 prompt tokens ·
                       temperature: 0, greedy (req), max_tokens: 212 (req),
                       min_tokens: 212 (req)
22:29:18.489 INFO:     #364 chat/completions (stream): 110 tokens generated at
                       61.6 T/s · prompt 871 tokens, none cached, 871 new in
                       0.28 s (3,111 T/s) · first token 0.29 s, total 2.07 s ·
                       draft 62/96 accepted (65%) · max_tokens reached
22:29:18.558 INFO:     #370 chat/completions (stream): 604 prompt tokens ·
                       temperature: 0, greedy (req), max_tokens: 103 (req),
                       min_tokens: 103 (req)
22:29:18.559 INFO:     #342 chat/completions (stream): 692 tokens generated at
                       54.7 T/s · prompt 155 tokens, none cached, 155 new in
                       0.09 s · first token 0.10 s, total 12.8 s · draft 343/698
                       accepted (49%) · max_tokens reached
22:29:18.870 INFO:     #371 chat/completions (stream): 62 prompt tokens ·
                       temperature: 0, greedy (req), max_tokens: 76 (req),
                       min_tokens: 76 (req)
22:29:19.969 INFO:     #371 chat/completions (stream): 76 tokens generated at
                       81.7 T/s · prompt 62 tokens, none cached, 62 new in 0.07
                       s · first token 0.08 s, total 1.01 s · draft 39/74
                       accepted (53%) · max_tokens reached
22:29:20.033 INFO:     #372 chat/completions (stream): 87 prompt tokens ·
                       temperature: 0, greedy (req), max_tokens: 22 (req),
                       min_tokens: 22 (req)
22:29:20.168 INFO:     #370 chat/completions (stream): 103 tokens generated at
                       88.2 T/s · prompt 604 tokens, none cached, 604 new in
                       0.26 s (2,323 T/s) · first token 0.27 s, total 1.43 s ·
                       draft 59/88 accepted (67%) · max_tokens reached
22:29:20.211 INFO:     #361 chat/completions (stream): 243 tokens generated at
                       57.6 T/s · prompt 65 tokens, none cached, 65 new in 0.07
                       s · first token 0.08 s, total 4.30 s · draft 125/236
                       accepted (53%) · max_tokens reached
22:29:20.254 INFO:     #373 chat/completions (stream): 62 prompt tokens ·
                       temperature: 0, greedy (req), max_tokens: 160 (req),
                       min_tokens: 160 (req)
22:29:20.353 INFO:     #374 chat/completions (stream): 103 prompt tokens ·
                       temperature: 0, greedy (req), max_tokens: 483 (req),
                       min_tokens: 483 (req)
22:29:20.584 INFO:     #372 chat/completions (stream): 22 tokens generated at
                       58.9 T/s · prompt 87 tokens, none cached, 87 new in 0.09
                       s · first token 0.10 s, total 0.47 s · draft 14/16
                       accepted (88%) · max_tokens reached
22:29:20.607 INFO:     #362 chat/completions (stream): 242 tokens generated at
                       53.8 T/s · prompt 62 tokens, none cached, 62 new in 0.07
                       s · first token 0.08 s, total 4.58 s · draft 121/242
                       accepted (50%) · max_tokens reached
22:29:20.649 INFO:     #375 chat/completions (stream): 58 prompt tokens ·
                       temperature: 0, greedy (req), max_tokens: 30 (req),
                       min_tokens: 30 (req)
22:29:20.747 INFO:     #376 chat/completions (stream): 71 prompt tokens ·
                       temperature: 0, greedy (req), max_tokens: 68 (req),
                       min_tokens: 68 (req)
22:29:21.086 INFO:     #368 chat/completions (stream): 236 tokens generated at
                       80.2 T/s · prompt 125 tokens, none cached, 125 new in
                       0.10 s · first token 0.11 s, total 3.05 s · draft 148/176
                       accepted (84%) · max_tokens reached
22:29:21.154 INFO:     #377 chat/completions (stream): 828 prompt tokens ·
                       temperature: 0, greedy (req), max_tokens: 6 (req),
                       min_tokens: 6 (req)
22:29:21.468 INFO:     #375 chat/completions (stream): 30 tokens generated at
                       78.0 T/s · prompt 58 tokens, none cached, 58 new in 0.07
                       s · first token 0.08 s, total 0.46 s · draft 17/26
                       accepted (65%) · max_tokens reached
22:29:21.530 INFO:     #378 chat/completions (stream): 93 prompt tokens ·
                       temperature: 0, greedy (req), max_tokens: 257 (req),
                       min_tokens: 257 (req)
22:29:21.661 INFO:     #377 chat/completions (stream): 6 tokens generated at
                       139.5 T/s · prompt 828 tokens, none cached, 828 new in
                       0.29 s (2,855 T/s) · first token 0.30 s, total 0.34 s ·
                       draft 4/4 accepted (100%) · max_tokens reached
22:29:21.683 INFO:     #369 chat/completions (stream): 212 tokens generated at
                       64.1 T/s · prompt 68 tokens, none cached, 68 new in 0.08
                       s · first token 0.09 s, total 3.39 s · draft 116/192
                       accepted (60%) · max_tokens reached
22:29:21.726 INFO:     #379 chat/completions (stream): 223 prompt tokens ·
                       temperature: 0, greedy (req), max_tokens: 96 (req),
                       min_tokens: 96 (req)
22:29:21.862 INFO:     #380 chat/completions (stream): 542 prompt tokens ·
                       temperature: 0, greedy (req), max_tokens: 91 (req),
                       min_tokens: 91 (req)
22:29:22.229 INFO:     #376 chat/completions (stream): 68 tokens generated at
                       52.1 T/s · prompt 71 tokens, none cached, 71 new in 0.08
                       s · first token 0.09 s, total 1.39 s · draft 39/58
                       accepted (67%) · max_tokens reached
22:29:22.298 INFO:     #381 chat/completions (stream): 99 prompt tokens ·
                       temperature: 0, greedy (req), max_tokens: 413 (req),
                       min_tokens: 413 (req)
22:29:22.529 INFO:     #360 chat/completions (stream): 354 tokens generated at
                       51.2 T/s · prompt 104 tokens, none cached, 104 new in
                       0.09 s · first token 0.10 s, total 7.01 s · draft 173/362
                       accepted (48%) · max_tokens reached
22:29:22.599 INFO:     #382 chat/completions (stream): 382 prompt tokens ·
                       temperature: 0, greedy (req), max_tokens: 794 (req),
                       min_tokens: 794 (req)
22:29:23.077 INFO:     #373 chat/completions (stream): 160 tokens generated at
                       60.2 T/s · prompt 62 tokens, none cached, 62 new in 0.07
                       s · first token 0.08 s, total 2.73 s · draft 97/126
                       accepted (77%) · max_tokens reached
22:29:23.146 INFO:     #383 chat/completions (stream): 470 prompt tokens ·
                       temperature: 0, greedy (req), max_tokens: 7 (req),
                       min_tokens: 7 (req)
22:29:23.560 INFO:     #383 chat/completions (stream): 7 tokens generated at
                       98.6 T/s · prompt 470 tokens, none cached, 470 new in
                       0.25 s (1,880 T/s) · first token 0.26 s, total 0.33 s ·
                       draft 4/6 accepted (67%) · max_tokens reached
22:29:23.603 INFO:     #379 chat/completions (stream): 96 tokens generated at
                       57.2 T/s · prompt 223 tokens, none cached, 223 new in
                       0.11 s · first token 0.12 s, total 1.79 s · draft 55/82
                       accepted (67%) · max_tokens reached
22:29:23.624 INFO:     #384 chat/completions (stream): 74 prompt tokens ·
                       temperature: 0, greedy (req), max_tokens: 535 (req),
                       min_tokens: 535 (req)
22:29:23.751 INFO:     #385 chat/completions (stream): 787 prompt tokens ·
                       temperature: 0, greedy (req), max_tokens: 9 (req),
                       min_tokens: 9 (req)
22:29:24.032 INFO:     #380 chat/completions (stream): 91 tokens generated at
                       54.6 T/s · prompt 542 tokens, none cached, 542 new in
                       0.19 s (2,853 T/s) · first token 0.20 s, total 1.86 s ·
                       draft 46/90 accepted (51%) · max_tokens reached
22:29:24.097 INFO:     #386 chat/completions (stream): 87 prompt tokens ·
                       temperature: 0, greedy (req), max_tokens: 696 (req),
                       min_tokens: 696 (req)
22:29:24.229 INFO:     #385 chat/completions (stream): 9 tokens generated at
                       135.6 T/s · prompt 787 tokens, none cached, 787 new in
                       0.23 s (3,422 T/s) · first token 0.24 s, total 0.30 s ·
                       draft 6/6 accepted (100%) · max_tokens reached
22:29:24.296 INFO:     #387 chat/completions (stream): 307 prompt tokens ·
                       temperature: 0, greedy (req), max_tokens: 204 (req),
                       min_tokens: 204 (req)
22:29:25.855 INFO:     #378 chat/completions (stream): 257 tokens generated at
                       62.0 T/s · prompt 93 tokens, none cached, 93 new in 0.08
                       s · first token 0.09 s, total 4.23 s · draft 140/234
                       accepted (60%) · max_tokens reached
22:29:25.923 INFO:     #388 chat/completions (stream): 68 prompt tokens ·
                       temperature: 0, greedy (req), max_tokens: 367 (req),
                       min_tokens: 367 (req)
22:29:26.880 INFO:     #387 chat/completions (stream): 204 tokens generated at
                       89.8 T/s · prompt 307 tokens, none cached, 307 new in
                       0.21 s (1,462 T/s) · first token 0.22 s, total 2.49 s ·
                       draft 113/182 accepted (62%) · max_tokens reached
22:29:26.953 INFO:     #389 chat/completions (stream): 245 prompt tokens ·
                       temperature: 0, greedy (req), max_tokens: 9 (req),
                       min_tokens: 9 (req)
22:29:27.259 INFO:     #389 chat/completions (stream): 9 tokens generated at
                       124.8 T/s · prompt 245 tokens, none cached, 245 new in
                       0.11 s · first token 0.12 s, total 0.19 s · draft 6/6
                       accepted (100%) · max_tokens reached
22:29:27.331 INFO:     #390 chat/completions (stream): 330 prompt tokens ·
                       temperature: 0, greedy (req), max_tokens: 8 (req),
                       min_tokens: 8 (req)
22:29:27.752 INFO:     #390 chat/completions (stream): 8 tokens generated at
                       81.5 T/s · prompt 330 tokens, none cached, 330 new in
                       0.23 s (1,435 T/s) · first token 0.24 s, total 0.33 s ·
                       draft 4/8 accepted (50%) · max_tokens reached
22:29:27.822 INFO:     #391 chat/completions (stream): 64 prompt tokens ·
                       temperature: 0, greedy (req), max_tokens: 10 (req),
                       min_tokens: 10 (req)
22:29:28.084 INFO:     #391 chat/completions (stream): 10 tokens generated at
                       102.4 T/s · prompt 64 tokens, none cached, 64 new in 0.07
                       s · first token 0.08 s, total 0.17 s · draft 6/8 accepted
                       (75%) · max_tokens reached
22:29:28.128 INFO:     #374 chat/completions (stream): 483 tokens generated at
                       63.6 T/s · prompt 103 tokens, none cached, 103 new in
                       0.09 s · first token 0.10 s, total 7.68 s · draft 263/440
                       accepted (60%) · max_tokens reached
22:29:28.151 INFO:     #392 chat/completions (stream): 436 prompt tokens ·
                       temperature: 0, greedy (req), max_tokens: 44 (req),
                       min_tokens: 44 (req)
22:29:28.431 INFO:     #393 chat/completions (stream): 435 prompt tokens ·
                       temperature: 0, greedy (req), max_tokens: 79 (req),
                       min_tokens: 79 (req)
22:29:28.804 INFO:     #381 chat/completions (stream): 413 tokens generated at
                       65.4 T/s · prompt 99 tokens, none cached, 99 new in 0.09
                       s · first token 0.10 s, total 6.41 s · draft 230/366
                       accepted (63%) · max_tokens reached
22:29:28.875 INFO:     #394 chat/completions (stream): 94 prompt tokens ·
                       temperature: 0, greedy (req), max_tokens: 246 (req),
                       min_tokens: 246 (req)
22:29:29.242 INFO:     #392 chat/completions (stream): 44 tokens generated at
                       59.9 T/s · prompt 436 tokens, none cached, 436 new in
                       0.25 s (1,744 T/s) · first token 0.26 s, total 0.99 s ·
                       draft 27/34 accepted (79%) · max_tokens reached
22:29:29.314 INFO:     #395 chat/completions (stream): 63 prompt tokens ·
                       temperature: 0, greedy (req), max_tokens: 265 (req),
                       min_tokens: 265 (req)
22:29:29.751 INFO:     #393 chat/completions (stream): 79 tokens generated at
                       81.3 T/s · prompt 435 tokens, none cached, 435 new in
                       0.25 s (1,740 T/s) · first token 0.26 s, total 1.23 s ·
                       draft 46/66 accepted (70%) · max_tokens reached
22:29:29.821 INFO:     #396 chat/completions (stream): 154 prompt tokens ·
                       temperature: 0, greedy (req), max_tokens: 385 (req),
                       min_tokens: 385 (req)
22:29:31.322 INFO:     #388 chat/completions (stream): 367 tokens generated at
                       70.1 T/s · prompt 68 tokens, none cached, 68 new in 0.07
                       s · first token 0.08 s, total 5.31 s · draft 199/336
                       accepted (59%) · max_tokens reached
22:29:31.345 INFO:     #384 chat/completions (stream): 535 tokens generated at
                       70.9 T/s · prompt 74 tokens, none cached, 74 new in 0.08
                       s · first token 0.09 s, total 7.64 s · draft 293/484
                       accepted (61%) · max_tokens reached
22:29:31.388 INFO:     #397 chat/completions (stream): 61 prompt tokens ·
                       temperature: 0, greedy (req), max_tokens: 128 (req),
                       min_tokens: 128 (req)
22:29:31.487 INFO:     #398 chat/completions (stream): 442 prompt tokens ·
                       temperature: 0, greedy (req), max_tokens: 153 (req),
                       min_tokens: 153 (req)
22:29:32.146 INFO:     #354 chat/completions (stream): 1,321 tokens generated at
                       64.6 T/s · prompt 697 tokens, none cached, 697 new in
                       0.27 s (2,581 T/s) · first token 0.28 s, total 20.7 s ·
                       draft 731/1180 accepted (62%) · max_tokens reached
22:29:32.169 INFO:     #394 chat/completions (stream): 246 tokens generated at
                       79.1 T/s · prompt 94 tokens, none cached, 94 new in 0.09
                       s · first token 0.10 s, total 3.21 s · draft 138/216
                       accepted (64%) · max_tokens reached
22:29:32.235 INFO:     #400 chat/completions (stream): 116 prompt tokens ·
                       temperature: 0, greedy (req), max_tokens: 276 (req),
                       min_tokens: 276 (req)
22:29:32.361 INFO:     #401 chat/completions (stream): 213 prompt tokens ·
                       temperature: 0, greedy (req), max_tokens: 7 (req),
                       min_tokens: 7 (req)
22:29:32.635 INFO:     #401 chat/completions (stream): 7 tokens generated at
                       96.6 T/s · prompt 213 tokens, none cached, 213 new in
                       0.10 s · first token 0.11 s, total 0.18 s · draft 4/6
                       accepted (67%) · max_tokens reached
22:29:32.708 INFO:     #402 chat/completions (stream): 62 prompt tokens ·
                       temperature: 0, greedy (req), max_tokens: 342 (req),
                       min_tokens: 342 (req)
22:29:33.232 INFO:     #382 chat/completions (stream): 794 tokens generated at
                       77.3 T/s · prompt 382 tokens, none cached, 382 new in
                       0.25 s (1,528 T/s) · first token 0.26 s, total 10.5 s ·
                       draft 475/638 accepted (74%) · max_tokens reached
22:29:33.297 INFO:     #403 chat/completions (stream): 457 prompt tokens ·
                       temperature: 0, greedy (req), max_tokens: 24 (req),
                       min_tokens: 24 (req)
22:29:33.298 INFO:     #395 chat/completions (stream): 265 tokens generated at
                       69.4 T/s · prompt 63 tokens, none cached, 63 new in 0.07
                       s · first token 0.08 s, total 3.89 s · draft 137/256
                       accepted (54%) · max_tokens reached
22:29:33.592 INFO:     #404 chat/completions (stream): 145 prompt tokens ·
                       temperature: 0, greedy (req), max_tokens: 9 (req),
                       min_tokens: 9 (req)
22:29:33.772 INFO:     #397 chat/completions (stream): 128 tokens generated at
                       60.8 T/s · prompt 61 tokens, none cached, 61 new in 0.07
                       s · first token 0.08 s, total 2.18 s · draft 72/112
                       accepted (64%) · max_tokens reached
22:29:33.834 INFO:     #405 chat/completions (stream): 90 prompt tokens ·
                       temperature: 0, greedy (req), max_tokens: 196 (req),
                       min_tokens: 196 (req)
22:29:33.947 INFO:     #404 chat/completions (stream): 9 tokens generated at
                       136.8 T/s · prompt 145 tokens, none cached, 145 new in
                       0.11 s · first token 0.12 s, total 0.18 s · draft 6/6
                       accepted (100%) · max_tokens reached
22:29:34.016 INFO:     #406 chat/completions (stream): 73 prompt tokens ·
                       temperature: 0, greedy (req), max_tokens: 491 (req),
                       min_tokens: 491 (req)
22:29:34.164 INFO:     #403 chat/completions (stream): 24 tokens generated at
                       54.1 T/s · prompt 457 tokens, none cached, 457 new in
                       0.25 s (1,828 T/s) · first token 0.26 s, total 0.70 s ·
                       draft 13/22 accepted (59%) · max_tokens reached
22:29:34.208 INFO:     #398 chat/completions (stream): 153 tokens generated at
                       64.1 T/s · prompt 442 tokens, none cached, 442 new in
                       0.24 s (1,842 T/s) · first token 0.25 s, total 2.63 s ·
                       draft 87/132 accepted (66%) · max_tokens reached
22:29:34.232 INFO:     #407 chat/completions (stream): 59 prompt tokens ·
                       temperature: 0, greedy (req), max_tokens: 169 (req),
                       min_tokens: 169 (req)
22:29:34.355 INFO:     #408 chat/completions (stream): 566 prompt tokens ·
                       temperature: 0, greedy (req), max_tokens: 21 (req),
                       min_tokens: 21 (req)
22:29:34.915 INFO:     #408 chat/completions (stream): 21 tokens generated at
                       97.1 T/s · prompt 566 tokens, none cached, 566 new in
                       0.24 s (2,358 T/s) · first token 0.25 s, total 0.46 s ·
                       draft 12/18 accepted (67%) · max_tokens reached
22:29:34.986 INFO:     #409 chat/completions (stream): 179 prompt tokens ·
                       temperature: 0, greedy (req), max_tokens: 263 (req),
                       min_tokens: 263 (req)
22:29:35.229 INFO:     #386 chat/completions (stream): 696 tokens generated at
                       63.6 T/s · prompt 87 tokens, none cached, 87 new in 0.08
                       s · first token 0.09 s, total 11.0 s · draft 362/668
                       accepted (54%) · max_tokens reached
22:29:35.302 INFO:     #410 chat/completions (stream): 1,070 prompt tokens ·
                       temperature: 0, greedy (req), max_tokens: 168 (req),
                       min_tokens: 168 (req)
22:29:36.071 INFO:     #396 chat/completions (stream): 385 tokens generated at
                       63.5 T/s · prompt 154 tokens, none cached, 154 new in
                       0.09 s · first token 0.10 s, total 6.16 s · draft 208/354
                       accepted (59%) · max_tokens reached
22:29:36.143 INFO:     #411 chat/completions (stream): 225 prompt tokens ·
                       temperature: 0, greedy (req), max_tokens: 232 (req),
                       min_tokens: 232 (req)
22:29:36.644 INFO:     #407 chat/completions (stream): 169 tokens generated at
                       75.2 T/s · prompt 59 tokens, none cached, 59 new in 0.07
                       s · first token 0.08 s, total 2.32 s · draft 106/126
                       accepted (84%) · max_tokens reached
22:29:36.668 INFO:     #400 chat/completions (stream): 276 tokens generated at
                       65.1 T/s · prompt 116 tokens, none cached, 116 new in
                       0.10 s · first token 0.11 s, total 4.35 s · draft 161/230
                       accepted (70%) · max_tokens reached
22:29:36.713 INFO:     #412 chat/completions (stream): 489 prompt tokens ·
                       temperature: 0, greedy (req), max_tokens: 205 (req),
                       min_tokens: 205 (req)
22:29:36.863 INFO:     #413 chat/completions (stream): 64 prompt tokens ·
                       temperature: 0, greedy (req), max_tokens: 66 (req),
                       min_tokens: 66 (req)
22:29:37.366 INFO:     #405 chat/completions (stream): 196 tokens generated at
                       58.5 T/s · prompt 90 tokens, none cached, 90 new in 0.09
                       s · first token 0.10 s, total 3.45 s · draft 106/180
                       accepted (59%) · max_tokens reached
22:29:37.411 INFO:     #402 chat/completions (stream): 342 tokens generated at
                       75.4 T/s · prompt 62 tokens, none cached, 62 new in 0.07
                       s · first token 0.08 s, total 4.61 s · draft 220/244
                       accepted (90%) · max_tokens reached
22:29:37.433 INFO:     #414 chat/completions (stream): 113 prompt tokens ·
                       temperature: 0, greedy (req), max_tokens: 352 (req),
                       min_tokens: 352 (req)
22:29:37.583 INFO:     #415 chat/completions (stream): 447 prompt tokens ·
                       temperature: 0, greedy (req), max_tokens: 792 (req),
                       min_tokens: 792 (req)
22:29:38.092 INFO:     #413 chat/completions (stream): 66 tokens generated at
                       69.4 T/s · prompt 64 tokens, none cached, 64 new in 0.07
                       s · queued 0.11 s, first token 0.18 s, total 1.13 s ·
                       draft 40/52 accepted (77%) · max_tokens reached
22:29:38.160 INFO:     #416 chat/completions (stream): 397 prompt tokens ·
                       temperature: 0, greedy (req), max_tokens: 5 (req),
                       min_tokens: 5 (req)
22:29:38.464 INFO:     #410 chat/completions (stream): 168 tokens generated at
                       66.9 T/s · prompt 1,070 tokens, none cached, 1,070 new in
                       0.30 s (3,567 T/s) · first token 0.31 s, total 2.82 s ·
                       draft 95/146 accepted (65%) · max_tokens reached
22:29:38.530 INFO:     #417 chat/completions (stream): 64 prompt tokens ·
                       temperature: 0, greedy (req), max_tokens: 34 (req),
                       min_tokens: 34 (req)
22:29:38.652 INFO:     #416 chat/completions (stream): 5 tokens generated at
                       110.2 T/s · prompt 397 tokens, none cached, 397 new in
                       0.27 s (1,470 T/s) · first token 0.28 s, total 0.32 s ·
                       draft 3/4 accepted (75%) · max_tokens reached
22:29:38.723 INFO:     #418 chat/completions (stream): 746 prompt tokens ·
                       temperature: 0, greedy (req), max_tokens: 9 (req),
                       min_tokens: 9 (req)
22:29:39.185 INFO:     #418 chat/completions (stream): 9 tokens generated at
                       99.4 T/s · prompt 746 tokens, none cached, 746 new in
                       0.28 s (2,664 T/s) · first token 0.29 s, total 0.38 s ·
                       draft 5/8 accepted (62%) · max_tokens reached
22:29:39.251 INFO:     #419 chat/completions (stream): 123 prompt tokens ·
                       temperature: 0, greedy (req), max_tokens: 129 (req),
                       min_tokens: 129 (req)
22:29:39.400 INFO:     #417 chat/completions (stream): 34 tokens generated at
                       56.6 T/s · prompt 64 tokens, none cached, 64 new in 0.07
                       s · first token 0.08 s, total 0.68 s · draft 19/30
                       accepted (63%) · max_tokens reached
22:29:39.469 INFO:     #420 chat/completions (stream): 159 prompt tokens ·
                       temperature: 0, greedy (req), max_tokens: 67 (req),
                       min_tokens: 67 (req)
22:29:39.734 INFO:     #409 chat/completions (stream): 263 tokens generated at
                       57.8 T/s · prompt 179 tokens, none cached, 179 new in
                       0.10 s · first token 0.11 s, total 4.66 s · draft 148/230
                       accepted (64%) · max_tokens reached
22:29:39.804 INFO:     #421 chat/completions (stream): 207 prompt tokens ·
                       temperature: 0, greedy (req), max_tokens: 123 (req),
                       min_tokens: 123 (req)
22:29:40.389 INFO:     #411 chat/completions (stream): 232 tokens generated at
                       57.4 T/s · prompt 225 tokens, none cached, 225 new in
                       0.11 s · first token 0.12 s, total 4.16 s · draft 126/212
                       accepted (59%) · max_tokens reached
22:29:40.434 INFO:     #420 chat/completions (stream): 67 tokens generated at
                       86.3 T/s · prompt 159 tokens, none cached, 159 new in
                       0.09 s · first token 0.10 s, total 0.87 s · draft 39/56
                       accepted (70%) · max_tokens reached
22:29:40.456 INFO:     #422 chat/completions (stream): 516 prompt tokens ·
                       temperature: 0, greedy (req), max_tokens: 39 (req),
                       min_tokens: 39 (req)
22:29:40.665 INFO:     #423 chat/completions (stream): 726 prompt tokens ·
                       temperature: 0, greedy (req), max_tokens: 98 (req),
                       min_tokens: 98 (req)
22:29:41.043 INFO:     #412 chat/completions (stream): 205 tokens generated at
                       54.1 T/s · prompt 489 tokens, none cached, 489 new in
                       0.33 s (1,482 T/s) · first token 0.34 s, total 4.13 s ·
                       draft 109/192 accepted (57%) · max_tokens reached
22:29:41.113 INFO:     #424 chat/completions (stream): 536 prompt tokens ·
                       temperature: 0, greedy (req), max_tokens: 8 (req),
                       min_tokens: 8 (req)
22:29:41.460 INFO:     #419 chat/completions (stream): 129 tokens generated at
                       63.8 T/s · prompt 123 tokens, none cached, 123 new in
                       0.10 s · first token 0.11 s, total 2.13 s · draft 77/104
                       accepted (74%) · max_tokens reached
22:29:41.460 INFO:     #424 chat/completions (stream): 8 tokens generated at
                       114.2 T/s · prompt 536 tokens, none cached, 536 new in
                       0.19 s (2,821 T/s) · first token 0.20 s, total 0.27 s ·
                       draft 5/6 accepted (83%) · max_tokens reached
22:29:41.523 INFO:     #425 chat/completions (stream): 102 prompt tokens ·
                       temperature: 0, greedy (req), max_tokens: 222 (req),
                       min_tokens: 222 (req)
22:29:41.523 INFO:     #426 chat/completions (stream): 67 prompt tokens ·
                       temperature: 0, greedy (req), max_tokens: 425 (req),
                       min_tokens: 425 (req)
22:29:41.769 INFO:     #422 chat/completions (stream): 39 tokens generated at
                       45.2 T/s · prompt 516 tokens, none cached, 516 new in
                       0.18 s (2,867 T/s) · first token 0.19 s, total 1.05 s ·
                       draft 20/38 accepted (53%) · max_tokens reached
22:29:41.838 INFO:     #427 chat/completions (stream): 677 prompt tokens ·
                       temperature: 0, greedy (req), max_tokens: 420 (req),
                       min_tokens: 420 (req)
22:29:42.425 INFO:     #421 chat/completions (stream): 123 tokens generated at
                       50.9 T/s · prompt 207 tokens, none cached, 207 new in
                       0.11 s · first token 0.12 s, total 2.53 s · draft 63/120
                       accepted (52%) · max_tokens reached
22:29:42.490 INFO:     #406 chat/completions (stream): 491 tokens generated at
                       59.1 T/s · prompt 73 tokens, none cached, 73 new in 0.08
                       s · first token 0.09 s, total 8.39 s · draft 281/420
                       accepted (67%) · max_tokens reached
22:29:42.583 INFO:     #423 chat/completions (stream): 98 tokens generated at
                       62.9 T/s · prompt 726 tokens, none cached, 726 new in
                       0.28 s (2,593 T/s) · first token 0.29 s, total 1.84 s ·
                       draft 56/84 accepted (67%) · max_tokens reached
22:29:43.250 INFO:     #414 chat/completions (stream): 352 tokens generated at
                       62.7 T/s · prompt 113 tokens, none cached, 113 new in
                       0.10 s · first token 0.11 s, total 5.72 s · draft 195/314
                       accepted (62%) · max_tokens reached
22:29:43.733 INFO:     #425 chat/completions (stream): 222 tokens generated at
                       113.0 T/s · prompt 102 tokens, none cached, 102 new in
                       0.17 s · first token 0.18 s, total 2.15 s · draft 137/196
                       accepted (70%) · max_tokens reached
22:29:45.116 INFO:     #427 chat/completions (stream): 420 tokens generated at
                       141.9 T/s · prompt 677 tokens, none cached, 677 new in
                       0.26 s (2,604 T/s) · first token 0.27 s, total 3.22 s ·
                       draft 254/446 accepted (57%) · max_tokens reached
22:29:45.202 INFO:     #426 chat/completions (stream): 425 tokens generated at
                       123.2 T/s · prompt 67 tokens, none cached, 67 new in 0.08
                       s · queued 0.10 s, first token 0.18 s, total 3.63 s ·
                       draft 245/481 accepted (51%) · max_tokens reached
22:29:45.486 INFO:     #415 chat/completions (stream): 792 tokens generated at
                       103.5 T/s · prompt 447 tokens, none cached, 447 new in
                       0.24 s (1,862 T/s) · first token 0.25 s, total 7.89 s ·
                       draft 485/767 accepted (63%) · max_tokens reached
