22:22:14.427 INFO:     Sampler preset "qwen38_thinking": temperature 0.6, top_k
                       20, top_p 0.95
22:22:14.465 INFO:     exllamav3 version: 1.5.0
22:22:15.803 INFO:     Using main model MTP component for drafting
22:22:15.826 INFO:     Context: max_seq_len 262,144 tokens (configured),
                       cache_size 983,040 tokens
22:22:15.883 INFO:     Using tool format: qwen3_coder
22:22:15.884 INFO:     Using template "chat_template" for chat completions.
22:22:17.937 INFO:     Loading model
                       /models/qwen3.8-flash-next-exl3-2.50bpw-r0b0tlab (manual
                       GPU split)
Loading vision modules ━━━━━━━━━━━━━━━━━━━━━━━━━━━━━━━━━━━━━━ 100% 30/30 0:00:00
Loading draft modules  ━━━━━━━━━━━━━━━━━━━━━━━━━━━━━━━━━━━━━━ 100% 3/3   0:00:00
Loading model modules  ━━━━━━━━━━━━━━━━━━━━━━━━━━━━━━━━━━━━━━ 100% 53/53 0:00:00
EXL3_EMBED_GPU_PRUNED=1: embedding mirror 65536 of 248320 rows (320.0 MiB, prefix) on cuda:1
22:22:25.612 INFO:     Model loaded in 9.7 s

22:22:25.613 WARNING:  Disabling authentication makes your instance vulnerable.
                       Set the `disable_auth` flag to False in config.yml if you
                       want to share this instance with others.
22:22:25.613 WARNING:  With authentication disabled and `allowed_origins` left
                       at ["*"], any website open in a browser on this machine
                       can send requests to this instance and read the
                       responses, including admin endpoints. Set
                       `network.allowed_origins` to your own frontends (or [])
                       unless you use a browser-based frontend that needs it.
22:22:25.614 INFO:     Serving OAI API on http://0.0.0.0:8022 (docs at
                       http://0.0.0.0:8022/redoc)
22:22:29.252 INFO:     #3 completions: 3 prompt tokens · temperature: 0, greedy
                       (req), max_tokens: 16 (req)
densegemm lcguard: device 1: dense calls on the QSA side branch use the side scratch (hctr upper half, side slots)
densegemm lcguard: device 0: dense calls on the QSA side branch use the side scratch (hctr upper half, side slots)
22:22:29.653 INFO:     #3 completions: 16 tokens generated at 108.4 T/s · prompt
                       3 tokens, none cached, 3 new in 0.24 s · first token 0.26
                       s, total 0.40 s · draft 8/24 accepted (33%) · max_tokens
                       reached
22:22:29.874 INFO:     #5 chat/completions: 74 prompt tokens · temperature: 0,
                       greedy (req), max_tokens: 64 (req), min_tokens: 64 (req)
22:22:29.876 INFO:     #6 chat/completions: 74 prompt tokens · temperature: 0,
                       greedy (req), max_tokens: 64 (req), min_tokens: 64 (req)
22:22:30.104 INFO:     #7 chat/completions: 74 prompt tokens · temperature: 0,
                       greedy (req), max_tokens: 64 (req), min_tokens: 64 (req)
22:22:30.210 INFO:     #8 chat/completions: 74 prompt tokens · temperature: 0,
                       greedy (req), max_tokens: 64 (req), min_tokens: 64 (req)
22:22:30.652 INFO:     #6 chat/completions: 64 tokens generated at 122.9 T/s ·
                       prompt 74 tokens, none cached, 74 new in 0.08 s · queued
                       0.13 s, first token 0.21 s, total 0.73 s · draft 43/63
                       accepted (68%) · max_tokens reached
22:22:30.652 INFO:     #7 chat/completions: 64 tokens generated at 153.8 T/s ·
                       prompt 74 tokens, none cached, 74 new in 0.08 s · first
                       token 0.09 s, total 0.50 s · draft 44/60 accepted (73%) ·
                       max_tokens reached
22:22:30.653 INFO:     #5 chat/completions: 64 tokens generated at 115.7 T/s ·
                       prompt 74 tokens, none cached, 74 new in 0.20 s · first
                       token 0.21 s, total 0.76 s · draft 41/69 accepted (59%) ·
                       max_tokens reached
22:22:30.654 INFO:     #8 chat/completions: 64 tokens generated at 180.1 T/s ·
                       prompt 74 tokens, none cached, 74 new in 0.08 s · first
                       token 0.09 s, total 0.44 s · draft 42/66 accepted (64%) ·
                       max_tokens reached
22:22:43.463 INFO:     #12 chat/completions (stream): 737 prompt tokens ·
                       temperature: 0, greedy (req), max_tokens: 49 (req),
                       min_tokens: 49 (req)
22:22:43.690 INFO:     #13 chat/completions (stream): 927 prompt tokens ·
                       temperature: 0, greedy (req), max_tokens: 165 (req),
                       min_tokens: 165 (req)
22:22:44.050 INFO:     #14 chat/completions (stream): 133 prompt tokens ·
                       temperature: 0, greedy (req), max_tokens: 188 (req),
                       min_tokens: 188 (req)
22:22:44.320 INFO:     #15 chat/completions (stream): 218 prompt tokens ·
                       temperature: 0, greedy (req), max_tokens: 783 (req),
                       min_tokens: 783 (req)
22:22:44.782 INFO:     #12 chat/completions (stream): 49 tokens generated at
                       72.2 T/s · prompt 737 tokens, none cached, 737 new in
                       0.57 s (1,293 T/s) · first token 0.58 s, total 1.26 s ·
                       draft 31/54 accepted (57%) · max_tokens reached
22:22:44.833 INFO:     #16 chat/completions (stream): 291 prompt tokens ·
                       temperature: 0, greedy (req), max_tokens: 400 (req),
                       min_tokens: 400 (req)
22:22:45.586 INFO:     #13 chat/completions (stream): 165 tokens generated at
                       135.1 T/s · prompt 927 tokens, none cached, 927 new in
                       0.48 s (1,931 T/s) · queued 0.13 s, first token 0.61 s,
                       total 1.83 s · draft 114/153 accepted (75%) · max_tokens
                       reached
22:22:45.635 INFO:     #17 chat/completions (stream): 57 prompt tokens ·
                       temperature: 0, greedy (req), max_tokens: 275 (req),
                       min_tokens: 275 (req)
22:22:45.935 INFO:     #14 chat/completions (stream): 188 tokens generated at
                       119.7 T/s · prompt 133 tokens, none cached, 133 new in
                       0.13 s · queued 0.12 s, first token 0.25 s, total 1.82 s
                       · draft 121/201 accepted (60%) · max_tokens reached
22:22:45.985 INFO:     #18 chat/completions (stream): 343 prompt tokens ·
                       temperature: 0, greedy (req), max_tokens: 41 (req),
                       min_tokens: 41 (req)
22:22:46.647 INFO:     #18 chat/completions (stream): 41 tokens generated at
                       115.3 T/s · prompt 343 tokens, none cached, 343 new in
                       0.24 s (1,429 T/s) · first token 0.24 s, total 0.60 s ·
                       draft 21/60 accepted (35%) · max_tokens reached
22:22:46.699 INFO:     #19 chat/completions (stream): 234 prompt tokens ·
                       temperature: 0, greedy (req), max_tokens: 536 (req),
                       min_tokens: 536 (req)
22:22:47.906 INFO:     #16 chat/completions (stream): 400 tokens generated at
                       142.7 T/s · prompt 291 tokens, none cached, 291 new in
                       0.21 s (1,386 T/s) · first token 0.22 s, total 3.02 s ·
                       draft 267/399 accepted (67%) · max_tokens reached
22:22:47.907 INFO:     #17 chat/completions (stream): 275 tokens generated at
                       128.3 T/s · prompt 57 tokens, none cached, 57 new in 0.07
                       s · first token 0.08 s, total 2.22 s · draft 175/300
                       accepted (58%) · max_tokens reached
22:22:47.949 INFO:     #21 chat/completions (stream): 75 prompt tokens ·
                       temperature: 0, greedy (req), max_tokens: 234 (req),
                       min_tokens: 234 (req)
22:22:47.950 INFO:     #22 chat/completions (stream): 256 prompt tokens ·
                       temperature: 0, greedy (req), max_tokens: 85 (req),
                       min_tokens: 85 (req)
22:22:48.728 INFO:     #22 chat/completions (stream): 85 tokens generated at
                       168.2 T/s · prompt 256 tokens, none cached, 256 new in
                       0.12 s (2,133 T/s) · first token 0.21 s, total 0.71 s ·
                       draft 58/81 accepted (72%) · max_tokens reached
22:22:48.778 INFO:     #23 chat/completions (stream): 292 prompt tokens ·
                       temperature: 0, greedy (req), max_tokens: 46 (req),
                       min_tokens: 46 (req)
22:22:49.392 INFO:     #23 chat/completions (stream): 46 tokens generated at
                       140.1 T/s · prompt 292 tokens, none cached, 292 new in
                       0.20 s (1,460 T/s) · first token 0.21 s, total 0.53 s ·
                       draft 29/51 accepted (57%) · max_tokens reached
22:22:49.443 INFO:     #24 chat/completions (stream): 68 prompt tokens ·
                       temperature: 0, greedy (req), max_tokens: 335 (req),
                       min_tokens: 335 (req)
22:22:50.010 INFO:     #21 chat/completions (stream): 234 tokens generated at
                       130.9 T/s · prompt 75 tokens, none cached, 75 new in 0.20
                       s · first token 0.21 s, total 2.00 s · draft 152/246
                       accepted (62%) · max_tokens reached
22:22:50.060 INFO:     #25 chat/completions (stream): 183 prompt tokens ·
                       temperature: 0, greedy (req), max_tokens: 818 (req),
                       min_tokens: 818 (req)
22:22:50.885 INFO:     #15 chat/completions (stream): 783 tokens generated at
                       122.7 T/s · prompt 218 tokens, none cached, 218 new in
                       0.11 s · first token 0.12 s, total 6.50 s · draft 494/867
                       accepted (57%) · max_tokens reached
22:22:50.936 INFO:     #26 chat/completions (stream): 608 prompt tokens ·
                       temperature: 0, greedy (req), max_tokens: 12 (req),
                       min_tokens: 12 (req)
22:22:51.291 INFO:     #19 chat/completions (stream): 536 tokens generated at
                       121.4 T/s · prompt 234 tokens, none cached, 234 new in
                       0.11 s · first token 0.12 s, total 4.53 s · draft 338/594
                       accepted (57%) · max_tokens reached
22:22:51.320 INFO:     #26 chat/completions (stream): 12 tokens generated at
                       181.5 T/s · prompt 608 tokens, none cached, 608 new in
                       0.26 s (2,338 T/s) · first token 0.27 s, total 0.33 s ·
                       draft 8/12 accepted (67%) · max_tokens reached
22:22:51.333 INFO:     #27 chat/completions (stream): 423 prompt tokens ·
                       temperature: 0, greedy (req), max_tokens: 72 (req),
                       min_tokens: 72 (req)
22:22:51.595 INFO:     #28 chat/completions (stream): 414 prompt tokens ·
                       temperature: 0, greedy (req), max_tokens: 8 (req),
                       min_tokens: 8 (req)
22:22:51.941 INFO:     #28 chat/completions (stream): 8 tokens generated at
                       232.7 T/s · prompt 414 tokens, none cached, 414 new in
                       0.24 s (1,725 T/s) · first token 0.25 s, total 0.28 s ·
                       draft 6/6 accepted (100%) · max_tokens reached
22:22:51.990 INFO:     #29 chat/completions (stream): 69 prompt tokens ·
                       temperature: 0, greedy (req), max_tokens: 58 (req),
                       min_tokens: 58 (req)
22:22:52.473 INFO:     #27 chat/completions (stream): 72 tokens generated at
                       85.8 T/s · prompt 423 tokens, none cached, 423 new in
                       0.24 s (1,762 T/s) · first token 0.25 s, total 1.09 s ·
                       draft 42/90 accepted (47%) · max_tokens reached
22:22:52.489 INFO:     #29 chat/completions (stream): 58 tokens generated at
                       159.8 T/s · prompt 69 tokens, none cached, 69 new in 0.08
                       s · first token 0.09 s, total 0.45 s · draft 38/60
                       accepted (63%) · max_tokens reached
22:22:52.517 INFO:     #30 chat/completions (stream): 352 prompt tokens ·
                       temperature: 0, greedy (req), max_tokens: 38 (req),
                       min_tokens: 38 (req)
22:22:52.667 INFO:     #31 chat/completions (stream): 58 prompt tokens ·
                       temperature: 0, greedy (req), max_tokens: 306 (req),
                       min_tokens: 306 (req)
22:22:53.148 INFO:     #30 chat/completions (stream): 38 tokens generated at
                       151.1 T/s · prompt 352 tokens, none cached, 352 new in
                       0.31 s (1,135 T/s) · first token 0.32 s, total 0.57 s ·
                       draft 24/42 accepted (57%) · max_tokens reached
22:22:53.222 INFO:     #32 chat/completions (stream): 63 prompt tokens ·
                       temperature: 0, greedy (req), max_tokens: 286 (req),
                       min_tokens: 286 (req)
22:22:53.504 INFO:     #24 chat/completions (stream): 335 tokens generated at
                       85.6 T/s · prompt 68 tokens, none cached, 68 new in 0.08
                       s · first token 0.09 s, total 4.00 s · draft 184/453
                       accepted (41%) · max_tokens reached
22:22:53.555 INFO:     #33 chat/completions (stream): 498 prompt tokens ·
                       temperature: 0, greedy (req), max_tokens: 30 (req),
                       min_tokens: 30 (req)
22:22:54.077 INFO:     #33 chat/completions (stream): 30 tokens generated at
                       156.0 T/s · prompt 498 tokens, none cached, 498 new in
                       0.26 s (1,915 T/s) · first token 0.27 s, total 0.46 s ·
                       draft 19/33 accepted (58%) · max_tokens reached
22:22:54.128 INFO:     #34 chat/completions (stream): 235 prompt tokens ·
                       temperature: 0, greedy (req), max_tokens: 47 (req),
                       min_tokens: 47 (req)
22:22:54.663 INFO:     #34 chat/completions (stream): 47 tokens generated at
                       132.5 T/s · prompt 235 tokens, none cached, 235 new in
                       0.11 s · first token 0.12 s, total 0.47 s · draft 27/60
                       accepted (45%) · max_tokens reached
22:22:54.715 INFO:     #35 chat/completions (stream): 927 prompt tokens ·
                       temperature: 0, greedy (req), max_tokens: 333 (req),
                       min_tokens: 333 (req)
22:22:55.807 INFO:     #32 chat/completions (stream): 286 tokens generated at
                       117.0 T/s · prompt 63 tokens, none cached, 63 new in 0.07
                       s · first token 0.07 s, total 2.52 s · draft 185/303
                       accepted (61%) · max_tokens reached
22:22:55.857 INFO:     #36 chat/completions (stream): 303 prompt tokens ·
                       temperature: 0, greedy (req), max_tokens: 89 (req),
                       min_tokens: 89 (req)
22:22:56.161 INFO:     #31 chat/completions (stream): 306 tokens generated at
                       93.8 T/s · prompt 58 tokens, none cached, 58 new in 0.07
                       s · queued 0.10 s, first token 0.17 s, total 3.43 s ·
                       draft 175/393 accepted (45%) · max_tokens reached
22:22:56.217 INFO:     #37 chat/completions (stream): 413 prompt tokens ·
                       temperature: 0, greedy (req), max_tokens: 8 (req),
                       min_tokens: 8 (req)
22:22:56.576 INFO:     #37 chat/completions (stream): 8 tokens generated at
                       149.1 T/s · prompt 413 tokens, none cached, 413 new in
                       0.23 s (1,796 T/s) · first token 0.24 s, total 0.29 s ·
                       draft 5/9 accepted (56%) · max_tokens reached
22:22:56.627 INFO:     #38 chat/completions (stream): 206 prompt tokens ·
                       temperature: 0, greedy (req), max_tokens: 271 (req),
                       min_tokens: 271 (req)
22:22:57.106 INFO:     #36 chat/completions (stream): 89 tokens generated at
                       92.5 T/s · prompt 303 tokens, none cached, 303 new in
                       0.21 s (1,443 T/s) · first token 0.22 s, total 1.18 s ·
                       draft 54/105 accepted (51%) · max_tokens reached
22:22:57.157 INFO:     #39 chat/completions (stream): 180 prompt tokens ·
                       temperature: 0, greedy (req), max_tokens: 20 (req),
                       min_tokens: 20 (req)
22:22:57.462 INFO:     #39 chat/completions (stream): 20 tokens generated at
                       182.9 T/s · prompt 180 tokens, none cached, 180 new in
                       0.12 s · first token 0.13 s, total 0.23 s · draft 14/18
                       accepted (78%) · max_tokens reached
22:22:57.514 INFO:     #40 chat/completions (stream): 509 prompt tokens ·
                       temperature: 0, greedy (req), max_tokens: 22 (req),
                       min_tokens: 22 (req)
22:22:57.999 INFO:     #40 chat/completions (stream): 22 tokens generated at
                       149.9 T/s · prompt 509 tokens, none cached, 509 new in
                       0.27 s (1,885 T/s) · first token 0.28 s, total 0.42 s ·
                       draft 14/24 accepted (58%) · max_tokens reached
22:22:58.049 INFO:     #41 chat/completions (stream): 330 prompt tokens ·
                       temperature: 0, greedy (req), max_tokens: 19 (req),
                       min_tokens: 19 (req)
22:22:58.417 INFO:     #25 chat/completions (stream): 818 tokens generated at
                       99.8 T/s · prompt 183 tokens, none cached, 183 new in
                       0.10 s · first token 0.11 s, total 8.30 s · draft 520/894
                       accepted (58%) · max_tokens reached
22:22:58.458 INFO:     #42 chat/completions (stream): 386 prompt tokens ·
                       temperature: 0, greedy (req), max_tokens: 26 (req),
                       min_tokens: 26 (req)
22:22:58.459 INFO:     #41 chat/completions (stream): 19 tokens generated at
                       160.5 T/s · prompt 330 tokens, none cached, 330 new in
                       0.23 s (1,435 T/s) · first token 0.24 s, total 0.35 s ·
                       draft 12/21 accepted (57%) · max_tokens reached
22:22:58.744 INFO:     #43 chat/completions (stream): 100 prompt tokens ·
                       temperature: 0, greedy (req), max_tokens: 136 (req),
                       min_tokens: 136 (req)
22:22:58.921 INFO:     #35 chat/completions (stream): 333 tokens generated at
                       87.2 T/s · prompt 927 tokens, none cached, 927 new in
                       0.32 s (2,897 T/s) · first token 0.33 s, total 4.14 s ·
                       draft 199/402 accepted (50%) · max_tokens reached
22:22:58.969 INFO:     #44 chat/completions (stream): 76 prompt tokens ·
                       temperature: 0, greedy (req), max_tokens: 401 (req),
                       min_tokens: 401 (req)
22:22:59.114 INFO:     #42 chat/completions (stream): 26 tokens generated at
                       101.7 T/s · prompt 386 tokens, none cached, 386 new in
                       0.25 s (1,544 T/s) · first token 0.26 s, total 0.51 s ·
                       draft 16/30 accepted (53%) · max_tokens reached
22:22:59.162 INFO:     #45 chat/completions (stream): 62 prompt tokens ·
                       temperature: 0, greedy (req), max_tokens: 155 (req),
                       min_tokens: 155 (req)
22:22:59.532 INFO:     #38 chat/completions (stream): 271 tokens generated at
                       99.6 T/s · prompt 206 tokens, none cached, 206 new in
                       0.11 s · first token 0.12 s, total 2.84 s · draft 177/282
                       accepted (63%) · max_tokens reached
22:22:59.582 INFO:     #46 chat/completions (stream): 73 prompt tokens ·
                       temperature: 0, greedy (req), max_tokens: 222 (req),
                       min_tokens: 222 (req)
22:23:00.031 INFO:     #43 chat/completions (stream): 136 tokens generated at
                       121.0 T/s · prompt 100 tokens, none cached, 100 new in
                       0.09 s · first token 0.10 s, total 1.22 s · draft 85/153
                       accepted (56%) · max_tokens reached
22:23:00.081 INFO:     #47 chat/completions (stream): 194 prompt tokens ·
                       temperature: 0, greedy (req), max_tokens: 201 (req),
                       min_tokens: 201 (req)
22:23:00.505 INFO:     #45 chat/completions (stream): 155 tokens generated at
                       130.5 T/s · prompt 62 tokens, none cached, 62 new in 0.09
                       s · first token 0.10 s, total 1.28 s · draft 98/171
                       accepted (57%) · max_tokens reached
22:23:00.557 INFO:     #48 chat/completions (stream): 656 prompt tokens ·
                       temperature: 0, greedy (req), max_tokens: 595 (req),
                       min_tokens: 595 (req)
22:23:01.602 INFO:     #46 chat/completions (stream): 222 tokens generated at
                       118.7 T/s · prompt 73 tokens, none cached, 73 new in 0.08
                       s · first token 0.09 s, total 1.96 s · draft 139/249
                       accepted (56%) · max_tokens reached
22:23:01.642 INFO:     #49 chat/completions (stream): 73 prompt tokens ·
                       temperature: 0, greedy (req), max_tokens: 664 (req),
                       min_tokens: 664 (req)
22:23:01.742 INFO:     #47 chat/completions (stream): 201 tokens generated at
                       142.4 T/s · prompt 194 tokens, none cached, 194 new in
                       0.10 s · first token 0.11 s, total 1.52 s · draft 138/189
                       accepted (73%) · max_tokens reached
22:23:01.792 INFO:     #50 chat/completions (stream): 85 prompt tokens ·
                       temperature: 0, greedy (req), max_tokens: 50 (req),
                       min_tokens: 50 (req)
22:23:02.204 INFO:     #50 chat/completions (stream): 50 tokens generated at
                       199.1 T/s · prompt 85 tokens, none cached, 85 new in 0.08
                       s · first token 0.09 s, total 0.34 s · draft 36/42
                       accepted (86%) · max_tokens reached
22:23:02.254 INFO:     #52 chat/completions (stream): 75 prompt tokens ·
                       temperature: 0, greedy (req), max_tokens: 202 (req),
                       min_tokens: 202 (req)
22:23:02.690 INFO:     #44 chat/completions (stream): 401 tokens generated at
                       112.2 T/s · prompt 76 tokens, none cached, 76 new in 0.08
                       s · first token 0.08 s, total 3.66 s · draft 244/471
                       accepted (52%) · max_tokens reached
22:23:02.740 INFO:     #53 chat/completions (stream): 87 prompt tokens ·
                       temperature: 0, greedy (req), max_tokens: 683 (req),
                       min_tokens: 683 (req)
22:23:04.026 INFO:     #52 chat/completions (stream): 202 tokens generated at
                       124.4 T/s · prompt 75 tokens, none cached, 75 new in 0.08
                       s · first token 0.08 s, total 1.71 s · draft 117/255
                       accepted (46%) · max_tokens reached
22:23:04.077 INFO:     #54 chat/completions (stream): 796 prompt tokens ·
                       temperature: 0, greedy (req), max_tokens: 13 (req),
                       min_tokens: 13 (req)
22:23:04.354 INFO:     #48 chat/completions (stream): 595 tokens generated at
                       184.3 T/s · prompt 656 tokens, none cached, 656 new in
                       0.28 s (2,343 T/s) · first token 0.29 s, total 3.51 s ·
                       draft 434/483 accepted (90%) · max_tokens reached
22:23:04.404 INFO:     #55 chat/completions (stream): 349 prompt tokens ·
                       temperature: 0, greedy (req), max_tokens: 70 (req),
                       min_tokens: 70 (req)
22:23:04.656 INFO:     #54 chat/completions (stream): 13 tokens generated at
                       188.1 T/s · prompt 796 tokens, none cached, 796 new in
                       0.22 s (3,618 T/s) · first token 0.23 s, total 0.29 s ·
                       draft 9/12 accepted (75%) · max_tokens reached
22:23:04.707 INFO:     #56 chat/completions (stream): 345 prompt tokens ·
                       temperature: 0, greedy (req), max_tokens: 18 (req),
                       min_tokens: 18 (req)
22:23:05.133 INFO:     #56 chat/completions (stream): 18 tokens generated at
                       145.6 T/s · prompt 345 tokens, none cached, 345 new in
                       0.23 s (1,500 T/s) · first token 0.24 s, total 0.36 s ·
                       draft 11/21 accepted (52%) · max_tokens reached
22:23:05.205 INFO:     #57 chat/completions (stream): 353 prompt tokens ·
                       temperature: 0, greedy (req), max_tokens: 52 (req),
                       min_tokens: 52 (req)
22:23:05.609 INFO:     #55 chat/completions (stream): 70 tokens generated at
                       77.4 T/s · prompt 349 tokens, none cached, 349 new in
                       0.23 s (1,517 T/s) · first token 0.24 s, total 1.14 s ·
                       draft 45/75 accepted (60%) · max_tokens reached
22:23:05.659 INFO:     #58 chat/completions (stream): 75 prompt tokens ·
                       temperature: 0, greedy (req), max_tokens: 218 (req),
                       min_tokens: 218 (req)
22:23:05.878 INFO:     #57 chat/completions (stream): 52 tokens generated at
                       145.8 T/s · prompt 353 tokens, none cached, 353 new in
                       0.25 s (1,412 T/s) · first token 0.26 s, total 0.61 s ·
                       draft 36/48 accepted (75%) · max_tokens reached
22:23:05.928 INFO:     #59 chat/completions (stream): 786 prompt tokens ·
                       temperature: 0, greedy (req), max_tokens: 792 (req),
                       min_tokens: 792 (req)
22:23:07.288 INFO:     #58 chat/completions (stream): 218 tokens generated at
                       147.6 T/s · prompt 75 tokens, none cached, 75 new in 0.08
                       s · first token 0.09 s, total 1.56 s · draft 149/207
                       accepted (72%) · max_tokens reached
22:23:07.339 INFO:     #60 chat/completions (stream): 95 prompt tokens ·
                       temperature: 0, greedy (req), max_tokens: 25 (req),
                       min_tokens: 25 (req)
22:23:07.622 INFO:     #60 chat/completions (stream): 25 tokens generated at
                       198.8 T/s · prompt 95 tokens, none cached, 95 new in 0.09
                       s · first token 0.10 s, total 0.22 s · draft 18/21
                       accepted (86%) · max_tokens reached
22:23:07.675 INFO:     #61 chat/completions (stream): 477 prompt tokens ·
                       temperature: 0, greedy (req), max_tokens: 7 (req),
                       min_tokens: 7 (req)
22:23:08.040 INFO:     #61 chat/completions (stream): 7 tokens generated at
                       197.7 T/s · prompt 477 tokens, none cached, 477 new in
                       0.26 s (1,835 T/s) · first token 0.27 s, total 0.30 s ·
                       draft 5/6 accepted (83%) · max_tokens reached
22:23:08.091 INFO:     #62 chat/completions (stream): 238 prompt tokens ·
                       temperature: 0, greedy (req), max_tokens: 23 (req),
                       min_tokens: 23 (req)
22:23:08.342 INFO:     #49 chat/completions (stream): 664 tokens generated at
                       101.3 T/s · prompt 73 tokens, none cached, 73 new in 0.08
                       s · first token 0.09 s, total 6.64 s · draft 403/783
                       accepted (51%) · max_tokens reached
22:23:08.370 INFO:     #62 chat/completions (stream): 23 tokens generated at
                       219.9 T/s · prompt 238 tokens, none cached, 238 new in
                       0.11 s · first token 0.12 s, total 0.22 s · draft 17/18
                       accepted (94%) · max_tokens reached
22:23:08.384 INFO:     #63 chat/completions (stream): 62 prompt tokens ·
                       temperature: 0, greedy (req), max_tokens: 408 (req),
                       min_tokens: 408 (req)
22:23:08.493 INFO:     #64 chat/completions (stream): 507 prompt tokens ·
                       temperature: 0, greedy (req), max_tokens: 8 (req),
                       min_tokens: 8 (req)
22:23:08.878 INFO:     #64 chat/completions (stream): 8 tokens generated at
                       149.5 T/s · prompt 507 tokens, none cached, 507 new in
                       0.26 s (1,950 T/s) · first token 0.27 s, total 0.32 s ·
                       draft 5/9 accepted (56%) · max_tokens reached
22:23:08.930 INFO:     #65 chat/completions (stream): 151 prompt tokens ·
                       temperature: 0, greedy (req), max_tokens: 7 (req),
                       min_tokens: 7 (req)
22:23:09.125 INFO:     #65 chat/completions (stream): 7 tokens generated at
                       197.6 T/s · prompt 151 tokens, none cached, 151 new in
                       0.09 s · first token 0.10 s, total 0.13 s · draft 5/6
                       accepted (83%) · max_tokens reached
22:23:09.176 INFO:     #66 chat/completions (stream): 92 prompt tokens ·
                       temperature: 0, greedy (req), max_tokens: 171 (req),
                       min_tokens: 171 (req)
22:23:09.988 INFO:     #53 chat/completions (stream): 683 tokens generated at
                       96.3 T/s · prompt 87 tokens, none cached, 87 new in 0.08
                       s · first token 0.09 s, total 7.18 s · draft 405/834
                       accepted (49%) · max_tokens reached
22:23:10.038 INFO:     #67 chat/completions (stream): 534 prompt tokens ·
                       temperature: 0, greedy (req), max_tokens: 59 (req),
                       min_tokens: 59 (req)
22:23:10.707 INFO:     #66 chat/completions (stream): 171 tokens generated at
                       124.0 T/s · prompt 92 tokens, none cached, 92 new in 0.09
                       s · first token 0.10 s, total 1.47 s · draft 104/201
                       accepted (52%) · max_tokens reached
22:23:10.721 INFO:     #67 chat/completions (stream): 59 tokens generated at
                       136.9 T/s · prompt 534 tokens, none cached, 534 new in
                       0.19 s (2,811 T/s) · first token 0.20 s, total 0.63 s ·
                       draft 35/72 accepted (49%) · max_tokens reached
22:23:10.750 INFO:     #68 chat/completions (stream): 63 prompt tokens ·
                       temperature: 0, greedy (req), max_tokens: 327 (req),
                       min_tokens: 327 (req)
22:23:10.842 INFO:     #69 chat/completions (stream): 58 prompt tokens ·
                       temperature: 0, greedy (req), max_tokens: 312 (req),
                       min_tokens: 312 (req)
22:23:12.065 INFO:     #63 chat/completions (stream): 408 tokens generated at
                       115.4 T/s · prompt 62 tokens, none cached, 62 new in 0.07
                       s · first token 0.08 s, total 3.61 s · draft 253/465
                       accepted (54%) · max_tokens reached
22:23:12.116 INFO:     #70 chat/completions (stream): 253 prompt tokens ·
                       temperature: 0, greedy (req), max_tokens: 227 (req),
                       min_tokens: 227 (req)
22:23:13.051 INFO:     #59 chat/completions (stream): 792 tokens generated at
                       116.1 T/s · prompt 786 tokens, none cached, 786 new in
                       0.23 s (3,417 T/s) · first token 0.23 s, total 7.06 s ·
                       draft 490/906 accepted (54%) · max_tokens reached
22:23:13.100 INFO:     #71 chat/completions (stream): 328 prompt tokens ·
                       temperature: 0, greedy (req), max_tokens: 161 (req),
                       min_tokens: 161 (req)
22:23:13.429 INFO:     #68 chat/completions (stream): 327 tokens generated at
                       128.8 T/s · prompt 63 tokens, none cached, 63 new in 0.07
                       s · first token 0.08 s, total 2.61 s · draft 210/351
                       accepted (60%) · max_tokens reached
22:23:13.479 INFO:     #72 chat/completions (stream): 62 prompt tokens ·
                       temperature: 0, greedy (req), max_tokens: 158 (req),
                       min_tokens: 158 (req)
22:23:13.618 INFO:     #69 chat/completions (stream): 312 tokens generated at
                       121.7 T/s · prompt 58 tokens, none cached, 58 new in 0.07
                       s · first token 0.07 s, total 2.64 s · draft 189/369
                       accepted (51%) · max_tokens reached
22:23:13.667 INFO:     #73 chat/completions (stream): 450 prompt tokens ·
                       temperature: 0, greedy (req), max_tokens: 172 (req),
                       min_tokens: 172 (req)
22:23:14.691 INFO:     #70 chat/completions (stream): 227 tokens generated at
                       95.1 T/s · prompt 253 tokens, none cached, 253 new in
                       0.12 s · first token 0.13 s, total 2.51 s · draft 122/315
                       accepted (39%) · max_tokens reached
22:23:14.743 INFO:     #74 chat/completions (stream): 840 prompt tokens ·
                       temperature: 0, greedy (req), max_tokens: 16 (req),
                       min_tokens: 16 (req)
22:23:15.167 INFO:     #71 chat/completions (stream): 161 tokens generated at
                       90.6 T/s · prompt 328 tokens, none cached, 328 new in
                       0.23 s (1,426 T/s) · first token 0.24 s, total 2.01 s ·
                       draft 94/201 accepted (47%) · max_tokens reached
22:23:15.194 INFO:     #72 chat/completions (stream): 158 tokens generated at
                       100.7 T/s · prompt 62 tokens, none cached, 62 new in 0.07
                       s · first token 0.08 s, total 1.65 s · draft 99/177
                       accepted (56%) · max_tokens reached
22:23:15.219 INFO:     #75 chat/completions (stream): 63 prompt tokens ·
                       temperature: 0, greedy (req), max_tokens: 373 (req),
                       min_tokens: 373 (req)
22:23:15.311 INFO:     #76 chat/completions (stream): 63 prompt tokens ·
                       temperature: 0, greedy (req), max_tokens: 361 (req),
                       min_tokens: 361 (req)
22:23:15.402 INFO:     #74 chat/completions (stream): 16 tokens generated at
                       115.8 T/s · prompt 840 tokens, none cached, 840 new in
                       0.30 s (2,800 T/s) · first token 0.31 s, total 0.44 s ·
                       draft 8/24 accepted (33%) · max_tokens reached
22:23:15.452 INFO:     #77 chat/completions (stream): 64 prompt tokens ·
                       temperature: 0, greedy (req), max_tokens: 400 (req),
                       min_tokens: 400 (req)
22:23:15.591 INFO:     #73 chat/completions (stream): 172 tokens generated at
                       112.8 T/s · prompt 450 tokens, none cached, 450 new in
                       0.25 s (1,800 T/s) · first token 0.25 s, total 1.78 s ·
                       draft 110/186 accepted (59%) · max_tokens reached
22:23:15.640 INFO:     #78 chat/completions (stream): 677 prompt tokens ·
                       temperature: 0, greedy (req), max_tokens: 6 (req),
                       min_tokens: 6 (req)
22:23:16.021 INFO:     #78 chat/completions (stream): 6 tokens generated at
                       171.9 T/s · prompt 677 tokens, none cached, 677 new in
                       0.28 s (2,418 T/s) · first token 0.28 s, total 0.32 s ·
                       draft 4/6 accepted (67%) · max_tokens reached
22:23:16.071 INFO:     #79 chat/completions (stream): 114 prompt tokens ·
                       temperature: 0, greedy (req), max_tokens: 443 (req),
                       min_tokens: 443 (req)
22:23:18.362 INFO:     #75 chat/completions (stream): 373 tokens generated at
                       124.4 T/s · prompt 63 tokens, none cached, 63 new in 0.07
                       s · first token 0.08 s, total 3.08 s · draft 236/411
                       accepted (57%) · max_tokens reached
22:23:18.414 INFO:     #81 chat/completions (stream): 739 prompt tokens ·
                       temperature: 0, greedy (req), max_tokens: 620 (req),
                       min_tokens: 620 (req)
22:23:18.888 INFO:     #76 chat/completions (stream): 361 tokens generated at
                       105.1 T/s · prompt 63 tokens, none cached, 63 new in 0.07
                       s · first token 0.08 s, total 3.51 s · draft 211/450
                       accepted (47%) · max_tokens reached
22:23:18.939 INFO:     #82 chat/completions (stream): 502 prompt tokens ·
                       temperature: 0, greedy (req), max_tokens: 8 (req),
                       min_tokens: 8 (req)
22:23:19.319 INFO:     #82 chat/completions (stream): 8 tokens generated at
                       151.3 T/s · prompt 502 tokens, none cached, 502 new in
                       0.26 s (1,931 T/s) · first token 0.27 s, total 0.32 s ·
                       draft 5/9 accepted (56%) · max_tokens reached
22:23:19.357 INFO:     #77 chat/completions (stream): 400 tokens generated at
                       106.3 T/s · prompt 64 tokens, none cached, 64 new in 0.07
                       s · first token 0.07 s, total 3.84 s · draft 241/477
                       accepted (51%) · max_tokens reached
22:23:19.373 INFO:     #83 chat/completions (stream): 67 prompt tokens ·
                       temperature: 0, greedy (req), max_tokens: 309 (req),
                       min_tokens: 309 (req)
22:23:19.489 INFO:     #84 chat/completions (stream): 684 prompt tokens ·
                       temperature: 0, greedy (req), max_tokens: 19 (req),
                       min_tokens: 19 (req)
22:23:19.950 INFO:     #84 chat/completions (stream): 19 tokens generated at
                       153.3 T/s · prompt 684 tokens, none cached, 684 new in
                       0.27 s (2,533 T/s) · first token 0.27 s, total 0.40 s ·
                       draft 12/21 accepted (57%) · max_tokens reached
22:23:19.992 INFO:     #85 chat/completions (stream): 67 prompt tokens ·
                       temperature: 0, greedy (req), max_tokens: 161 (req),
                       min_tokens: 161 (req)
22:23:20.087 INFO:     #79 chat/completions (stream): 443 tokens generated at
                       117.3 T/s · prompt 114 tokens, none cached, 114 new in
                       0.10 s · first token 0.11 s, total 3.88 s · draft 282/483
                       accepted (58%) · max_tokens reached
22:23:20.138 INFO:     #86 chat/completions (stream): 345 prompt tokens ·
                       temperature: 0, greedy (req), max_tokens: 20 (req),
                       min_tokens: 20 (req)
22:23:20.567 INFO:     #86 chat/completions (stream): 20 tokens generated at
                       158.0 T/s · prompt 345 tokens, none cached, 345 new in
                       0.23 s (1,500 T/s) · first token 0.24 s, total 0.36 s ·
                       draft 13/21 accepted (62%) · max_tokens reached
22:23:20.617 INFO:     #87 chat/completions (stream): 870 prompt tokens ·
                       temperature: 0, greedy (req), max_tokens: 44 (req),
                       min_tokens: 44 (req)
22:23:21.288 INFO:     #87 chat/completions (stream): 44 tokens generated at
                       146.1 T/s · prompt 870 tokens, none cached, 870 new in
                       0.30 s (2,900 T/s) · first token 0.31 s, total 0.61 s ·
                       draft 28/48 accepted (58%) · max_tokens reached
22:23:21.340 INFO:     #88 chat/completions (stream): 77 prompt tokens ·
                       temperature: 0, greedy (req), max_tokens: 142 (req),
                       min_tokens: 142 (req)
22:23:21.993 INFO:     #85 chat/completions (stream): 161 tokens generated at
                       86.7 T/s · prompt 67 tokens, none cached, 67 new in 0.07
                       s · first token 0.08 s, total 1.93 s · draft 90/213
                       accepted (42%) · max_tokens reached
22:23:22.044 INFO:     #89 chat/completions (stream): 116 prompt tokens ·
                       temperature: 0, greedy (req), max_tokens: 79 (req),
                       min_tokens: 79 (req)
22:23:22.564 INFO:     #88 chat/completions (stream): 142 tokens generated at
                       130.3 T/s · prompt 77 tokens, none cached, 77 new in 0.08
                       s · first token 0.09 s, total 1.18 s · draft 88/162
                       accepted (54%) · max_tokens reached
22:23:22.576 INFO:     #83 chat/completions (stream): 309 tokens generated at
                       100.5 T/s · prompt 67 tokens, none cached, 67 new in 0.08
                       s · first token 0.09 s, total 3.16 s · draft 194/345
                       accepted (56%) · max_tokens reached
22:23:22.588 INFO:     #89 chat/completions (stream): 79 tokens generated at
                       200.1 T/s · prompt 116 tokens, none cached, 116 new in
                       0.10 s · first token 0.11 s, total 0.50 s · draft 58/63
                       accepted (92%) · max_tokens reached
22:23:22.598 INFO:     #90 chat/completions (stream): 121 prompt tokens ·
                       temperature: 0, greedy (req), max_tokens: 9 (req),
                       min_tokens: 9 (req)
22:23:22.719 INFO:     #91 chat/completions (stream): 188 prompt tokens ·
                       temperature: 0, greedy (req), max_tokens: 337 (req),
                       min_tokens: 337 (req)
22:23:22.840 INFO:     #92 chat/completions (stream): 546 prompt tokens ·
                       temperature: 0, greedy (req), max_tokens: 16 (req),
                       min_tokens: 16 (req)
22:23:23.154 INFO:     #90 chat/completions (stream): 9 tokens generated at 23.5
                       T/s · prompt 121 tokens, none cached, 121 new in 0.10 s ·
                       first token 0.11 s, total 0.49 s · draft 5/12 accepted
                       (42%) · max_tokens reached
22:23:23.211 INFO:     #93 chat/completions (stream): 346 prompt tokens ·
                       temperature: 0, greedy (req), max_tokens: 18 (req),
                       min_tokens: 18 (req)
22:23:23.356 INFO:     #92 chat/completions (stream): 16 tokens generated at
                       200.7 T/s · prompt 546 tokens, none cached, 546 new in
                       0.23 s (2,374 T/s) · first token 0.24 s, total 0.31 s ·
                       draft 11/15 accepted (73%) · max_tokens reached
22:23:23.490 INFO:     #94 chat/completions (stream): 399 prompt tokens ·
                       temperature: 0, greedy (req), max_tokens: 350 (req),
                       min_tokens: 350 (req)
22:23:23.972 INFO:     #93 chat/completions (stream): 18 tokens generated at
                       38.8 T/s · prompt 346 tokens, none cached, 346 new in
                       0.22 s (1,573 T/s) · first token 0.23 s, total 0.69 s ·
                       draft 12/18 accepted (67%) · max_tokens reached
22:23:24.023 INFO:     #95 chat/completions (stream): 832 prompt tokens ·
                       temperature: 0, greedy (req), max_tokens: 25 (req),
                       min_tokens: 25 (req)
22:23:24.526 INFO:     #95 chat/completions (stream): 25 tokens generated at
                       173.9 T/s · prompt 832 tokens, none cached, 832 new in
                       0.29 s (2,869 T/s) · first token 0.30 s, total 0.44 s ·
                       draft 17/24 accepted (71%) · max_tokens reached
22:23:24.577 INFO:     #96 chat/completions (stream): 62 prompt tokens ·
                       temperature: 0, greedy (req), max_tokens: 163 (req),
                       min_tokens: 163 (req)
22:23:25.700 INFO:     #81 chat/completions (stream): 620 tokens generated at
                       89.6 T/s · prompt 739 tokens, none cached, 739 new in
                       0.30 s (2,463 T/s) · first token 0.31 s, total 7.22 s ·
                       draft 380/720 accepted (53%) · max_tokens reached
22:23:25.753 INFO:     #97 chat/completions (stream): 794 prompt tokens ·
                       temperature: 0, greedy (req), max_tokens: 12 (req),
                       min_tokens: 12 (req)
22:23:26.079 INFO:     #96 chat/completions (stream): 163 tokens generated at
                       119.6 T/s · prompt 62 tokens, none cached, 62 new in 0.07
                       s · first token 0.08 s, total 1.44 s · draft 100/189
                       accepted (53%) · max_tokens reached
22:23:26.122 INFO:     #98 chat/completions (stream): 489 prompt tokens ·
                       temperature: 0, greedy (req), max_tokens: 32 (req),
                       min_tokens: 32 (req)
22:23:26.123 INFO:     #97 chat/completions (stream): 12 tokens generated at
                       184.1 T/s · prompt 794 tokens, none cached, 794 new in
                       0.24 s (3,308 T/s) · first token 0.25 s, total 0.31 s ·
                       draft 8/12 accepted (67%) · max_tokens reached
22:23:26.415 INFO:     #99 chat/completions (stream): 378 prompt tokens ·
                       temperature: 0, greedy (req), max_tokens: 447 (req),
                       min_tokens: 447 (req)
22:23:26.873 INFO:     #98 chat/completions (stream): 32 tokens generated at
                       75.2 T/s · prompt 489 tokens, none cached, 489 new in
                       0.25 s (1,956 T/s) · first token 0.26 s, total 0.68 s ·
                       draft 21/33 accepted (64%) · max_tokens reached
22:23:26.922 INFO:     #100 chat/completions (stream): 72 prompt tokens ·
                       temperature: 0, greedy (req), max_tokens: 731 (req),
                       min_tokens: 731 (req)
22:23:27.252 INFO:     #91 chat/completions (stream): 337 tokens generated at
                       77.6 T/s · prompt 188 tokens, none cached, 188 new in
                       0.10 s · first token 0.10 s, total 4.45 s · draft 199/414
                       accepted (48%) · max_tokens reached
22:23:27.302 INFO:     #101 chat/completions (stream): 76 prompt tokens ·
                       temperature: 0, greedy (req), max_tokens: 393 (req),
                       min_tokens: 393 (req)
22:23:27.540 INFO:     #94 chat/completions (stream): 350 tokens generated at
                       97.0 T/s · prompt 399 tokens, none cached, 399 new in
                       0.37 s (1,078 T/s) · first token 0.38 s, total 3.98 s ·
                       draft 215/405 accepted (53%) · max_tokens reached
22:23:27.590 INFO:     #102 chat/completions (stream): 60 prompt tokens ·
                       temperature: 0, greedy (req), max_tokens: 636 (req),
                       min_tokens: 636 (req)
22:23:30.116 INFO:     #101 chat/completions (stream): 393 tokens generated at
                       147.3 T/s · prompt 76 tokens, none cached, 76 new in 0.08
                       s · first token 0.09 s, total 2.75 s · draft 250/429
                       accepted (58%) · max_tokens reached
22:23:30.156 INFO:     #103 chat/completions (stream): 87 prompt tokens ·
                       temperature: 0, greedy (req), max_tokens: 38 (req),
                       min_tokens: 38 (req)
22:23:30.157 INFO:     #99 chat/completions (stream): 447 tokens generated at
                       130.2 T/s · prompt 378 tokens, none cached, 378 new in
                       0.25 s (1,512 T/s) · first token 0.26 s, total 3.69 s ·
                       draft 270/531 accepted (51%) · max_tokens reached
22:23:30.304 INFO:     #104 chat/completions (stream): 132 prompt tokens ·
                       temperature: 0, greedy (req), max_tokens: 61 (req),
                       min_tokens: 61 (req)
22:23:30.624 INFO:     #103 chat/completions (stream): 38 tokens generated at
                       125.0 T/s · prompt 87 tokens, none cached, 87 new in 0.09
                       s · first token 0.10 s, total 0.40 s · draft 27/33
                       accepted (82%) · max_tokens reached
22:23:30.674 INFO:     #105 chat/completions (stream): 76 prompt tokens ·
                       temperature: 0, greedy (req), max_tokens: 411 (req),
                       min_tokens: 411 (req)
22:23:30.836 INFO:     #104 chat/completions (stream): 61 tokens generated at
                       171.0 T/s · prompt 132 tokens, none cached, 132 new in
                       0.11 s · first token 0.12 s, total 0.47 s · draft 45/48
                       accepted (94%) · max_tokens reached
22:23:30.885 INFO:     #106 chat/completions (stream): 68 prompt tokens ·
                       temperature: 0, greedy (req), max_tokens: 367 (req),
                       min_tokens: 367 (req)
22:23:32.171 INFO:     #102 chat/completions (stream): 636 tokens generated at
                       143.3 T/s · prompt 60 tokens, none cached, 60 new in 0.07
                       s · first token 0.08 s, total 4.51 s · draft 409/681
                       accepted (60%) · max_tokens reached
22:23:32.233 INFO:     #108 chat/completions (stream): 123 prompt tokens ·
                       temperature: 0, greedy (req), max_tokens: 289 (req),
                       min_tokens: 289 (req)
22:23:32.695 INFO:     #100 chat/completions (stream): 731 tokens generated at
                       130.0 T/s · prompt 72 tokens, none cached, 72 new in 0.08
                       s · first token 0.09 s, total 5.71 s · draft 453/834
                       accepted (54%) · max_tokens reached
22:23:32.743 INFO:     #109 chat/completions (stream): 101 prompt tokens ·
                       temperature: 0, greedy (req), max_tokens: 518 (req),
                       min_tokens: 518 (req)
22:23:33.663 INFO:     #106 chat/completions (stream): 367 tokens generated at
                       139.3 T/s · prompt 68 tokens, none cached, 68 new in 0.07
                       s · first token 0.07 s, total 2.71 s · draft 232/405
                       accepted (57%) · max_tokens reached
22:23:33.713 INFO:     #110 chat/completions (stream): 145 prompt tokens ·
                       temperature: 0, greedy (req), max_tokens: 144 (req),
                       min_tokens: 144 (req)
22:23:33.909 INFO:     #105 chat/completions (stream): 411 tokens generated at
                       133.0 T/s · prompt 76 tokens, none cached, 76 new in 0.08
                       s · first token 0.09 s, total 3.17 s · draft 260/453
                       accepted (57%) · max_tokens reached
22:23:33.958 INFO:     #111 chat/completions (stream): 360 prompt tokens ·
                       temperature: 0, greedy (req), max_tokens: 8 (req),
                       min_tokens: 8 (req)
22:23:34.316 INFO:     #111 chat/completions (stream): 8 tokens generated at
                       153.7 T/s · prompt 360 tokens, none cached, 360 new in
                       0.24 s (1,500 T/s) · first token 0.25 s, total 0.30 s ·
                       draft 5/9 accepted (56%) · max_tokens reached
22:23:34.377 INFO:     #112 chat/completions (stream): 469 prompt tokens ·
                       temperature: 0, greedy (req), max_tokens: 465 (req),
                       min_tokens: 465 (req)
22:23:34.927 INFO:     #108 chat/completions (stream): 289 tokens generated at
                       114.6 T/s · prompt 123 tokens, none cached, 123 new in
                       0.10 s · first token 0.11 s, total 2.63 s · draft 184/315
                       accepted (58%) · max_tokens reached
22:23:34.978 INFO:     #113 chat/completions (stream): 327 prompt tokens ·
                       temperature: 0, greedy (req), max_tokens: 420 (req),
                       min_tokens: 420 (req)
22:23:35.500 INFO:     #110 chat/completions (stream): 144 tokens generated at
                       89.5 T/s · prompt 145 tokens, none cached, 145 new in
                       0.11 s · first token 0.12 s, total 1.72 s · draft 90/162
                       accepted (56%) · max_tokens reached
22:23:35.549 INFO:     #114 chat/completions (stream): 93 prompt tokens ·
                       temperature: 0, greedy (req), max_tokens: 298 (req),
                       min_tokens: 298 (req)
22:23:37.645 INFO:     #109 chat/completions (stream): 518 tokens generated at
                       109.3 T/s · prompt 101 tokens, none cached, 101 new in
                       0.09 s · first token 0.10 s, total 4.83 s · draft 300/654
                       accepted (46%) · max_tokens reached
22:23:37.695 INFO:     #115 chat/completions (stream): 126 prompt tokens ·
                       temperature: 0, greedy (req), max_tokens: 325 (req),
                       min_tokens: 325 (req)
22:23:37.867 INFO:     #112 chat/completions (stream): 465 tokens generated at
                       151.8 T/s · prompt 469 tokens, none cached, 469 new in
                       0.25 s (1,876 T/s) · first token 0.26 s, total 3.32 s ·
                       draft 309/468 accepted (66%) · max_tokens reached
22:23:37.908 INFO:     #116 chat/completions (stream): 487 prompt tokens ·
                       temperature: 0, greedy (req), max_tokens: 7 (req),
                       min_tokens: 7 (req)
22:23:38.053 INFO:     #114 chat/completions (stream): 298 tokens generated at
                       133.9 T/s · prompt 93 tokens, none cached, 93 new in 0.09
                       s · first token 0.10 s, total 2.32 s · draft 179/357
                       accepted (50%) · max_tokens reached
22:23:38.217 INFO:     #117 chat/completions (stream): 334 prompt tokens ·
                       temperature: 0, greedy (req), max_tokens: 377 (req),
                       min_tokens: 377 (req)
22:23:38.473 INFO:     #116 chat/completions (stream): 7 tokens generated at
                       186.5 T/s · prompt 487 tokens, none cached, 487 new in
                       0.25 s (1,948 T/s) · first token 0.25 s, total 0.29 s ·
                       draft 5/6 accepted (83%) · max_tokens reached
22:23:38.524 INFO:     #118 chat/completions (stream): 841 prompt tokens ·
                       temperature: 0, greedy (req), max_tokens: 429 (req),
                       min_tokens: 429 (req)
22:23:39.016 INFO:     #113 chat/completions (stream): 420 tokens generated at
                       112.2 T/s · prompt 327 tokens, none cached, 327 new in
                       0.22 s (1,486 T/s) · first token 0.23 s, total 3.97 s ·
                       draft 260/480 accepted (54%) · max_tokens reached
22:23:39.064 INFO:     #119 chat/completions (stream): 57 prompt tokens ·
                       temperature: 0, greedy (req), max_tokens: 99 (req),
                       min_tokens: 99 (req)
22:23:39.867 INFO:     #119 chat/completions (stream): 99 tokens generated at
                       149.2 T/s · prompt 57 tokens, none cached, 57 new in 0.07
                       s · first token 0.08 s, total 0.74 s · draft 63/108
                       accepted (58%) · max_tokens reached
22:23:39.920 INFO:     #120 chat/completions (stream): 147 prompt tokens ·
                       temperature: 0, greedy (req), max_tokens: 30 (req),
                       min_tokens: 30 (req)
22:23:40.266 INFO:     #120 chat/completions (stream): 30 tokens generated at
                       162.4 T/s · prompt 147 tokens, none cached, 147 new in
                       0.09 s · first token 0.10 s, total 0.28 s · draft 20/30
                       accepted (67%) · max_tokens reached
22:23:40.316 INFO:     #121 chat/completions (stream): 232 prompt tokens ·
                       temperature: 0, greedy (req), max_tokens: 78 (req),
                       min_tokens: 78 (req)
22:23:40.858 INFO:     #121 chat/completions (stream): 78 tokens generated at
                       214.9 T/s · prompt 232 tokens, none cached, 232 new in
                       0.11 s · first token 0.12 s, total 0.48 s · draft 58/60
                       accepted (97%) · max_tokens reached
22:23:40.907 INFO:     #122 chat/completions (stream): 63 prompt tokens ·
                       temperature: 0, greedy (req), max_tokens: 321 (req),
                       min_tokens: 321 (req)
22:23:41.082 INFO:     #115 chat/completions (stream): 325 tokens generated at
                       101.1 T/s · prompt 126 tokens, none cached, 126 new in
                       0.10 s · first token 0.11 s, total 3.32 s · draft 204/363
                       accepted (56%) · max_tokens reached
22:23:41.132 INFO:     #123 chat/completions (stream): 78 prompt tokens ·
                       temperature: 0, greedy (req), max_tokens: 254 (req),
                       min_tokens: 254 (req)
22:23:41.825 INFO:     #117 chat/completions (stream): 377 tokens generated at
                       113.6 T/s · prompt 334 tokens, none cached, 334 new in
                       0.22 s (1,518 T/s) · first token 0.23 s, total 3.54 s ·
                       draft 231/438 accepted (53%) · max_tokens reached
22:23:41.875 INFO:     #124 chat/completions (stream): 63 prompt tokens ·
                       temperature: 0, greedy (req), max_tokens: 194 (req),
                       min_tokens: 194 (req)
22:23:42.874 INFO:     #118 chat/completions (stream): 429 tokens generated at
                       107.8 T/s · prompt 841 tokens, none cached, 841 new in
                       0.30 s (2,803 T/s) · first token 0.31 s, total 4.29 s ·
                       draft 236/579 accepted (41%) · max_tokens reached
22:23:42.917 INFO:     #125 chat/completions (stream): 629 prompt tokens ·
                       temperature: 0, greedy (req), max_tokens: 9 (req),
                       min_tokens: 9 (req)
22:23:43.093 INFO:     #123 chat/completions (stream): 254 tokens generated at
                       153.3 T/s · prompt 78 tokens, none cached, 78 new in 0.08
                       s · first token 0.08 s, total 1.74 s · draft 167/261
                       accepted (64%) · max_tokens reached
22:23:43.259 INFO:     #126 chat/completions (stream): 57 prompt tokens ·
                       temperature: 0, greedy (req), max_tokens: 78 (req),
                       min_tokens: 78 (req)
22:23:43.407 INFO:     #125 chat/completions (stream): 9 tokens generated at
                       162.8 T/s · prompt 629 tokens, none cached, 629 new in
                       0.28 s (2,246 T/s) · first token 0.29 s, total 0.34 s ·
                       draft 6/9 accepted (67%) · max_tokens reached
22:23:43.457 INFO:     #127 chat/completions (stream): 148 prompt tokens ·
                       temperature: 0, greedy (req), max_tokens: 15 (req),
                       min_tokens: 15 (req)
22:23:43.706 INFO:     #127 chat/completions (stream): 15 tokens generated at
                       169.3 T/s · prompt 148 tokens, none cached, 148 new in
                       0.09 s · first token 0.10 s, total 0.18 s · draft 10/15
                       accepted (67%) · max_tokens reached
22:23:43.755 INFO:     #128 chat/completions (stream): 346 prompt tokens ·
                       temperature: 0, greedy (req), max_tokens: 11 (req),
                       min_tokens: 11 (req)
22:23:44.105 INFO:     #128 chat/completions (stream): 11 tokens generated at
                       208.7 T/s · prompt 346 tokens, none cached, 346 new in
                       0.23 s (1,504 T/s) · first token 0.24 s, total 0.29 s ·
                       draft 8/9 accepted (89%) · max_tokens reached
22:23:44.133 INFO:     #124 chat/completions (stream): 194 tokens generated at
                       91.2 T/s · prompt 63 tokens, none cached, 63 new in 0.07
                       s · first token 0.08 s, total 2.20 s · draft 112/246
                       accepted (46%) · max_tokens reached
22:23:44.147 INFO:     #129 chat/completions (stream): 74 prompt tokens ·
                       temperature: 0, greedy (req), max_tokens: 296 (req),
                       min_tokens: 296 (req)
22:23:44.261 INFO:     #130 chat/completions (stream): 468 prompt tokens ·
                       temperature: 0, greedy (req), max_tokens: 17 (req),
                       min_tokens: 17 (req)
22:23:44.565 INFO:     #126 chat/completions (stream): 78 tokens generated at
                       85.0 T/s · prompt 57 tokens, none cached, 57 new in 0.07
                       s · first token 0.08 s, total 1.00 s · draft 46/96
                       accepted (48%) · max_tokens reached
22:23:44.615 INFO:     #131 chat/completions (stream): 400 prompt tokens ·
                       temperature: 0, greedy (req), max_tokens: 4 (req),
                       min_tokens: 4 (req)
22:23:44.913 INFO:     #130 chat/completions (stream): 17 tokens generated at
                       175.4 T/s · prompt 468 tokens, none cached, 468 new in
                       0.25 s (1,872 T/s) · first token 0.25 s, total 0.35 s ·
                       draft 11/18 accepted (61%) · max_tokens reached
22:23:44.940 INFO:     #131 chat/completions (stream): 4 tokens generated at
                       251.6 T/s · prompt 400 tokens, none cached, 400 new in
                       0.25 s (1,600 T/s) · first token 0.26 s, total 0.27 s ·
                       draft 3/3 accepted (100%) · max_tokens reached
22:23:44.954 INFO:     #132 chat/completions (stream): 216 prompt tokens ·
                       temperature: 0, greedy (req), max_tokens: 30 (req),
                       min_tokens: 30 (req)
22:23:45.088 INFO:     #133 chat/completions (stream): 200 prompt tokens ·
                       temperature: 0, greedy (req), max_tokens: 12 (req),
                       min_tokens: 12 (req)
22:23:45.231 INFO:     #122 chat/completions (stream): 321 tokens generated at
                       80.9 T/s · prompt 63 tokens, none cached, 63 new in 0.07
                       s · first token 0.08 s, total 4.05 s · draft 172/447
                       accepted (38%) · max_tokens reached
22:23:45.277 INFO:     #134 chat/completions (stream): 160 prompt tokens ·
                       temperature: 0, greedy (req), max_tokens: 60 (req),
                       min_tokens: 60 (req)
22:23:45.418 INFO:     #133 chat/completions (stream): 12 tokens generated at
                       188.3 T/s · prompt 200 tokens, none cached, 200 new in
                       0.10 s · first token 0.11 s, total 0.17 s · draft 8/12
                       accepted (67%) · max_tokens reached
22:23:45.446 INFO:     #132 chat/completions (stream): 30 tokens generated at
                       91.2 T/s · prompt 216 tokens, none cached, 216 new in
                       0.10 s · first token 0.11 s, total 0.44 s · draft 22/24
                       accepted (92%) · max_tokens reached
22:23:45.460 INFO:     #135 chat/completions (stream): 572 prompt tokens ·
                       temperature: 0, greedy (req), max_tokens: 60 (req),
                       min_tokens: 60 (req)
22:23:45.716 INFO:     #136 chat/completions (stream): 68 prompt tokens ·
                       temperature: 0, greedy (req), max_tokens: 733 (req),
                       min_tokens: 733 (req)
22:23:46.135 INFO:     #134 chat/completions (stream): 60 tokens generated at
                       85.6 T/s · prompt 160 tokens, none cached, 160 new in
                       0.09 s · first token 0.10 s, total 0.80 s · draft 36/72
                       accepted (50%) · max_tokens reached
22:23:46.163 INFO:     #135 chat/completions (stream): 60 tokens generated at
                       146.7 T/s · prompt 572 tokens, none cached, 572 new in
                       0.23 s (2,487 T/s) · first token 0.24 s, total 0.65 s ·
                       draft 41/57 accepted (72%) · max_tokens reached
22:23:46.176 INFO:     #137 chat/completions (stream): 59 prompt tokens ·
                       temperature: 0, greedy (req), max_tokens: 81 (req),
                       min_tokens: 81 (req)
22:23:46.286 INFO:     #138 chat/completions (stream): 694 prompt tokens ·
                       temperature: 0, greedy (req), max_tokens: 34 (req),
                       min_tokens: 34 (req)
22:23:46.797 INFO:     #138 chat/completions (stream): 34 tokens generated at
                       192.9 T/s · prompt 694 tokens, none cached, 694 new in
                       0.27 s (2,570 T/s) · first token 0.27 s, total 0.45 s ·
                       draft 24/30 accepted (80%) · max_tokens reached
22:23:46.847 INFO:     #139 chat/completions (stream): 66 prompt tokens ·
                       temperature: 0, greedy (req), max_tokens: 198 (req),
                       min_tokens: 198 (req)
22:23:47.303 INFO:     #137 chat/completions (stream): 81 tokens generated at
                       82.3 T/s · prompt 59 tokens, none cached, 59 new in 0.07
                       s · first token 0.08 s, total 1.06 s · draft 44/111
                       accepted (40%) · max_tokens reached
22:23:47.355 INFO:     #141 chat/completions (stream): 477 prompt tokens ·
                       temperature: 0, greedy (req), max_tokens: 38 (req),
                       min_tokens: 38 (req)
22:23:47.913 INFO:     #141 chat/completions (stream): 38 tokens generated at
                       163.8 T/s · prompt 477 tokens, none cached, 477 new in
                       0.25 s (1,908 T/s) · first token 0.26 s, total 0.49 s ·
                       draft 25/39 accepted (64%) · max_tokens reached
22:23:47.965 INFO:     #142 chat/completions (stream): 80 prompt tokens ·
                       temperature: 0, greedy (req), max_tokens: 49 (req),
                       min_tokens: 49 (req)
22:23:48.387 INFO:     #142 chat/completions (stream): 49 tokens generated at
                       175.3 T/s · prompt 80 tokens, none cached, 80 new in 0.08
                       s · first token 0.09 s, total 0.37 s · draft 34/45
                       accepted (76%) · max_tokens reached
22:23:48.409 INFO:     #129 chat/completions (stream): 296 tokens generated at
                       71.6 T/s · prompt 74 tokens, none cached, 74 new in 0.08
                       s · first token 0.09 s, total 4.22 s · draft 160/408
                       accepted (39%) · max_tokens reached
22:23:48.425 INFO:     #143 chat/completions (stream): 124 prompt tokens ·
                       temperature: 0, greedy (req), max_tokens: 635 (req),
                       min_tokens: 635 (req)
22:23:48.427 INFO:     #139 chat/completions (stream): 198 tokens generated at
                       136.6 T/s · prompt 66 tokens, none cached, 66 new in 0.07
                       s · first token 0.08 s, total 1.52 s · draft 135/189
                       accepted (71%) · max_tokens reached
22:23:48.562 INFO:     #144 chat/completions (stream): 411 prompt tokens ·
                       temperature: 0, greedy (req), max_tokens: 7 (req),
                       min_tokens: 7 (req)
22:23:48.707 INFO:     #145 chat/completions (stream): 315 prompt tokens ·
                       temperature: 0, greedy (req), max_tokens: 707 (req),
                       min_tokens: 707 (req)
22:23:49.109 INFO:     #144 chat/completions (stream): 7 tokens generated at
                       67.0 T/s · prompt 411 tokens, none cached, 411 new in
                       0.37 s (1,111 T/s) · first token 0.38 s, total 0.48 s ·
                       draft 5/6 accepted (83%) · max_tokens reached
22:23:49.159 INFO:     #146 chat/completions (stream): 77 prompt tokens ·
                       temperature: 0, greedy (req), max_tokens: 380 (req),
                       min_tokens: 380 (req)
22:23:52.234 INFO:     #146 chat/completions (stream): 380 tokens generated at
                       131.2 T/s · prompt 77 tokens, none cached, 77 new in 0.10
                       s · first token 0.11 s, total 3.00 s · draft 220/480
                       accepted (46%) · max_tokens reached
22:23:52.285 INFO:     #147 chat/completions (stream): 266 prompt tokens ·
                       temperature: 0, greedy (req), max_tokens: 147 (req),
                       min_tokens: 147 (req)
22:23:52.548 INFO:     #136 chat/completions (stream): 733 tokens generated at
                       109.6 T/s · prompt 68 tokens, none cached, 68 new in 0.08
                       s · first token 0.09 s, total 6.77 s · draft 442/873
                       accepted (51%) · max_tokens reached
22:23:52.597 INFO:     #148 chat/completions (stream): 232 prompt tokens ·
                       temperature: 0, greedy (req), max_tokens: 41 (req),
                       min_tokens: 41 (req)
22:23:53.047 INFO:     #148 chat/completions (stream): 41 tokens generated at
                       152.1 T/s · prompt 232 tokens, none cached, 232 new in
                       0.11 s · first token 0.12 s, total 0.38 s · draft 26/45
                       accepted (58%) · max_tokens reached
22:23:53.097 INFO:     #149 chat/completions (stream): 137 prompt tokens ·
                       temperature: 0, greedy (req), max_tokens: 101 (req),
                       min_tokens: 101 (req)
22:23:53.435 INFO:     #147 chat/completions (stream): 147 tokens generated at
                       162.6 T/s · prompt 266 tokens, none cached, 266 new in
                       0.17 s (1,565 T/s) · first token 0.18 s, total 1.08 s ·
                       draft 108/117 accepted (92%) · max_tokens reached
22:23:53.484 INFO:     #150 chat/completions (stream): 135 prompt tokens ·
                       temperature: 0, greedy (req), max_tokens: 433 (req),
                       min_tokens: 433 (req)
22:23:53.767 INFO:     #143 chat/completions (stream): 635 tokens generated at
                       122.9 T/s · prompt 124 tokens, none cached, 124 new in
                       0.10 s · first token 0.11 s, total 5.28 s · draft 403/696
                       accepted (58%) · max_tokens reached
22:23:53.816 INFO:     #151 chat/completions (stream): 456 prompt tokens ·
                       temperature: 0, greedy (req), max_tokens: 342 (req),
                       min_tokens: 342 (req)
22:23:54.221 INFO:     #149 chat/completions (stream): 101 tokens generated at
                       108.4 T/s · prompt 137 tokens, none cached, 137 new in
                       0.11 s · first token 0.12 s, total 1.05 s · draft 67/102
                       accepted (66%) · max_tokens reached
22:23:54.265 INFO:     #152 chat/completions (stream): 301 prompt tokens ·
                       temperature: 0, greedy (req), max_tokens: 14 (req),
                       min_tokens: 14 (req)
22:23:54.489 INFO:     #145 chat/completions (stream): 707 tokens generated at
                       135.7 T/s · prompt 315 tokens, none cached, 315 new in
                       0.22 s (1,432 T/s) · queued 0.10 s, first token 0.32 s,
                       total 5.53 s · draft 462/735 accepted (63%) · max_tokens
                       reached
22:23:54.539 INFO:     #153 chat/completions (stream): 823 prompt tokens ·
                       temperature: 0, greedy (req), max_tokens: 11 (req),
                       min_tokens: 11 (req)
22:23:54.891 INFO:     #152 chat/completions (stream): 14 tokens generated at
                       38.8 T/s · prompt 301 tokens, none cached, 301 new in
                       0.20 s (1,505 T/s) · first token 0.21 s, total 0.57 s ·
                       draft 8/18 accepted (44%) · max_tokens reached
22:23:54.919 INFO:     #153 chat/completions (stream): 11 tokens generated at
                       230.3 T/s · prompt 823 tokens, none cached, 823 new in
                       0.27 s (3,048 T/s) · first token 0.28 s, total 0.32 s ·
                       draft 8/9 accepted (89%) · max_tokens reached
22:23:54.932 INFO:     #154 chat/completions (stream): 80 prompt tokens ·
                       temperature: 0, greedy (req), max_tokens: 159 (req),
                       min_tokens: 159 (req)
22:23:55.048 INFO:     #155 chat/completions (stream): 71 prompt tokens ·
                       temperature: 0, greedy (req), max_tokens: 749 (req),
                       min_tokens: 749 (req)
22:23:56.090 INFO:     #154 chat/completions (stream): 159 tokens generated at
                       157.7 T/s · prompt 80 tokens, none cached, 80 new in 0.08
                       s · first token 0.09 s, total 1.09 s · draft 107/156
                       accepted (69%) · max_tokens reached
22:23:56.140 INFO:     #156 chat/completions (stream): 181 prompt tokens ·
                       temperature: 0, greedy (req), max_tokens: 482 (req),
                       min_tokens: 482 (req)
22:23:57.201 INFO:     #151 chat/completions (stream): 342 tokens generated at
                       111.8 T/s · prompt 456 tokens, none cached, 456 new in
                       0.25 s (1,824 T/s) · first token 0.26 s, total 3.32 s ·
                       draft 208/402 accepted (52%) · max_tokens reached
22:23:57.251 INFO:     #157 chat/completions (stream): 336 prompt tokens ·
                       temperature: 0, greedy (req), max_tokens: 772 (req),
                       min_tokens: 772 (req)
22:23:57.532 INFO:     #150 chat/completions (stream): 433 tokens generated at
                       114.0 T/s · prompt 135 tokens, none cached, 135 new in
                       0.11 s · first token 0.12 s, total 3.91 s · draft 277/468
                       accepted (59%) · max_tokens reached
22:23:57.583 INFO:     #158 chat/completions (stream): 410 prompt tokens ·
                       temperature: 0, greedy (req), max_tokens: 34 (req),
                       min_tokens: 34 (req)
22:23:58.077 INFO:     #158 chat/completions (stream): 34 tokens generated at
                       179.3 T/s · prompt 410 tokens, none cached, 410 new in
                       0.23 s (1,783 T/s) · first token 0.24 s, total 0.43 s ·
                       draft 23/33 accepted (70%) · max_tokens reached
22:23:58.127 INFO:     #159 chat/completions (stream): 241 prompt tokens ·
                       temperature: 0, greedy (req), max_tokens: 9 (req),
                       min_tokens: 9 (req)
22:23:58.384 INFO:     #159 chat/completions (stream): 9 tokens generated at
                       124.8 T/s · prompt 241 tokens, none cached, 241 new in
                       0.12 s · first token 0.13 s, total 0.20 s · draft 5/12
                       accepted (42%) · max_tokens reached
22:23:58.433 INFO:     #160 chat/completions (stream): 68 prompt tokens ·
                       temperature: 0, greedy (req), max_tokens: 539 (req),
                       min_tokens: 539 (req)
22:24:00.307 INFO:     #156 chat/completions (stream): 482 tokens generated at
                       120.5 T/s · prompt 181 tokens, none cached, 181 new in
                       0.10 s · first token 0.11 s, total 4.10 s · draft 293/567
                       accepted (52%) · max_tokens reached
22:24:00.356 INFO:     #161 chat/completions (stream): 59 prompt tokens ·
                       temperature: 0, greedy (req), max_tokens: 82 (req),
                       min_tokens: 82 (req)
22:24:01.014 INFO:     #155 chat/completions (stream): 749 tokens generated at
                       128.5 T/s · prompt 71 tokens, none cached, 71 new in 0.08
                       s · first token 0.08 s, total 5.91 s · draft 466/849
                       accepted (55%) · max_tokens reached
22:24:01.028 INFO:     #161 chat/completions (stream): 82 tokens generated at
                       151.3 T/s · prompt 59 tokens, none cached, 59 new in 0.07
                       s · first token 0.08 s, total 0.62 s · draft 51/93
                       accepted (55%) · max_tokens reached
22:24:01.056 INFO:     #162 chat/completions (stream): 424 prompt tokens ·
                       temperature: 0, greedy (req), max_tokens: 590 (req),
                       min_tokens: 590 (req)
22:24:01.201 INFO:     #163 chat/completions (stream): 126 prompt tokens ·
                       temperature: 0, greedy (req), max_tokens: 273 (req),
                       min_tokens: 273 (req)
22:24:03.214 INFO:     #157 chat/completions (stream): 772 tokens generated at
                       136.2 T/s · prompt 336 tokens, none cached, 336 new in
                       0.21 s (1,600 T/s) · first token 0.22 s, total 5.88 s ·
                       draft 499/819 accepted (61%) · max_tokens reached
22:24:03.259 INFO:     #165 chat/completions (stream): 522 prompt tokens ·
                       temperature: 0, greedy (req), max_tokens: 21 (req),
                       min_tokens: 21 (req)
22:24:03.476 INFO:     #160 chat/completions (stream): 539 tokens generated at
                       113.9 T/s · prompt 68 tokens, none cached, 68 new in 0.08
                       s · first token 0.09 s, total 4.82 s · draft 297/726
                       accepted (41%) · max_tokens reached
22:24:03.477 INFO:     #163 chat/completions (stream): 273 tokens generated at
                       147.6 T/s · prompt 126 tokens, none cached, 126 new in
                       0.10 s · queued 0.10 s, first token 0.20 s, total 2.05 s
                       · draft 170/309 accepted (55%) · max_tokens reached
22:24:03.520 INFO:     #166 chat/completions (stream): 707 prompt tokens ·
                       temperature: 0, greedy (req), max_tokens: 16 (req),
                       min_tokens: 16 (req)
22:24:03.522 INFO:     #167 chat/completions (stream): 853 prompt tokens ·
                       temperature: 0, greedy (req), max_tokens: 6 (req),
                       min_tokens: 6 (req)
22:24:04.176 INFO:     #165 chat/completions (stream): 21 tokens generated at
                       31.1 T/s · prompt 522 tokens, none cached, 522 new in
                       0.19 s (2,747 T/s) · first token 0.20 s, total 0.87 s ·
                       draft 13/24 accepted (54%) · max_tokens reached
22:24:04.177 INFO:     #167 chat/completions (stream): 6 tokens generated at
                       176.4 T/s · prompt 853 tokens, none cached, 853 new in
                       0.40 s (2,132 T/s) · queued 0.17 s, first token 0.57 s,
                       total 0.60 s · draft 4/6 accepted (67%) · max_tokens
                       reached
22:24:04.211 INFO:     #168 chat/completions (stream): 58 prompt tokens ·
                       temperature: 0, greedy (req), max_tokens: 261 (req),
                       min_tokens: 261 (req)
22:24:04.211 INFO:     #169 chat/completions (stream): 121 prompt tokens ·
                       temperature: 0, greedy (req), max_tokens: 355 (req),
                       min_tokens: 355 (req)
22:24:04.212 INFO:     #166 chat/completions (stream): 16 tokens generated at
                       218.8 T/s · prompt 707 tokens, none cached, 707 new in
                       0.56 s (1,262 T/s) · first token 0.57 s, total 0.64 s ·
                       draft 11/15 accepted (73%) · max_tokens reached
22:24:04.439 INFO:     #170 chat/completions (stream): 364 prompt tokens ·
                       temperature: 0, greedy (req), max_tokens: 16 (req),
                       min_tokens: 16 (req)
22:24:04.852 INFO:     #170 chat/completions (stream): 16 tokens generated at
                       153.9 T/s · prompt 364 tokens, none cached, 364 new in
                       0.24 s (1,517 T/s) · first token 0.25 s, total 0.35 s ·
                       draft 10/18 accepted (56%) · max_tokens reached
22:24:04.902 INFO:     #171 chat/completions (stream): 100 prompt tokens ·
                       temperature: 0, greedy (req), max_tokens: 152 (req),
                       min_tokens: 152 (req)
22:24:05.832 INFO:     #162 chat/completions (stream): 590 tokens generated at
                       135.0 T/s · prompt 424 tokens, none cached, 424 new in
                       0.34 s (1,247 T/s) · first token 0.35 s, total 4.71 s ·
                       draft 410/540 accepted (76%) · max_tokens reached
22:24:05.881 INFO:     #172 chat/completions (stream): 648 prompt tokens ·
                       temperature: 0, greedy (req), max_tokens: 16 (req),
                       min_tokens: 16 (req)
22:24:06.200 INFO:     #171 chat/completions (stream): 152 tokens generated at
                       175.2 T/s · prompt 100 tokens, none cached, 100 new in
                       0.09 s · first token 0.10 s, total 0.96 s · draft 103/147
                       accepted (70%) · max_tokens reached
22:24:06.251 INFO:     #173 chat/completions (stream): 86 prompt tokens ·
                       temperature: 0, greedy (req), max_tokens: 442 (req),
                       min_tokens: 442 (req)
22:24:06.442 INFO:     #172 chat/completions (stream): 16 tokens generated at
                       75.0 T/s · prompt 648 tokens, none cached, 648 new in
                       0.28 s (2,314 T/s) · first token 0.29 s, total 0.50 s ·
                       draft 9/21 accepted (43%) · max_tokens reached
22:24:06.492 INFO:     #174 chat/completions (stream): 112 prompt tokens ·
                       temperature: 0, greedy (req), max_tokens: 375 (req),
                       min_tokens: 375 (req)
22:24:07.290 INFO:     #168 chat/completions (stream): 261 tokens generated at
                       92.2 T/s · prompt 58 tokens, none cached, 58 new in 0.17
                       s · first token 0.18 s, total 3.01 s · draft 145/348
                       accepted (42%) · max_tokens reached
22:24:07.339 INFO:     #175 chat/completions (stream): 56 prompt tokens ·
                       temperature: 0, greedy (req), max_tokens: 157 (req),
                       min_tokens: 157 (req)
22:24:07.658 INFO:     #169 chat/completions (stream): 355 tokens generated at
                       110.9 T/s · prompt 121 tokens, none cached, 121 new in
                       0.10 s · first token 0.18 s, total 3.38 s · draft 222/399
                       accepted (56%) · max_tokens reached
22:24:07.708 INFO:     #176 chat/completions (stream): 199 prompt tokens ·
                       temperature: 0, greedy (req), max_tokens: 17 (req),
                       min_tokens: 17 (req)
22:24:07.970 INFO:     #176 chat/completions (stream): 17 tokens generated at
                       189.3 T/s · prompt 199 tokens, none cached, 199 new in
                       0.10 s · first token 0.11 s, total 0.20 s · draft 12/15
                       accepted (80%) · max_tokens reached
22:24:08.019 INFO:     #177 chat/completions (stream): 337 prompt tokens ·
                       temperature: 0, greedy (req), max_tokens: 61 (req),
                       min_tokens: 61 (req)
22:24:08.776 INFO:     #177 chat/completions (stream): 61 tokens generated at
                       143.2 T/s · prompt 337 tokens, none cached, 337 new in
                       0.26 s (1,296 T/s) · first token 0.27 s, total 0.69 s ·
                       draft 37/72 accepted (51%) · max_tokens reached
22:24:08.820 INFO:     #178 chat/completions (stream): 156 prompt tokens ·
                       temperature: 0, greedy (req), max_tokens: 153 (req),
                       min_tokens: 153 (req)
22:24:08.950 INFO:     #175 chat/completions (stream): 157 tokens generated at
                       114.0 T/s · prompt 56 tokens, none cached, 56 new in 0.07
                       s · first token 0.08 s, total 1.45 s · draft 98/177
                       accepted (55%) · max_tokens reached
22:24:08.999 INFO:     #179 chat/completions (stream): 64 prompt tokens ·
                       temperature: 0, greedy (req), max_tokens: 114 (req),
                       min_tokens: 114 (req)
22:24:09.750 INFO:     #173 chat/completions (stream): 442 tokens generated at
                       132.2 T/s · prompt 86 tokens, none cached, 86 new in 0.08
                       s · first token 0.09 s, total 3.43 s · draft 292/450
                       accepted (65%) · max_tokens reached
22:24:09.801 INFO:     #180 chat/completions (stream): 63 prompt tokens ·
                       temperature: 0, greedy (req), max_tokens: 85 (req),
                       min_tokens: 85 (req)
22:24:09.963 INFO:     #179 chat/completions (stream): 114 tokens generated at
                       136.3 T/s · prompt 64 tokens, none cached, 64 new in 0.07
                       s · first token 0.07 s, total 0.91 s · draft 71/129
                       accepted (55%) · max_tokens reached
22:24:09.974 INFO:     #178 chat/completions (stream): 153 tokens generated at
                       151.7 T/s · prompt 156 tokens, none cached, 156 new in
                       0.09 s · first token 0.10 s, total 1.10 s · draft 104/147
                       accepted (71%) · max_tokens reached
22:24:09.997 INFO:     #181 chat/completions (stream): 482 prompt tokens ·
                       temperature: 0, greedy (req), max_tokens: 225 (req),
                       min_tokens: 225 (req)
22:24:09.998 INFO:     #174 chat/completions (stream): 375 tokens generated at
                       111.6 T/s · prompt 112 tokens, none cached, 112 new in
                       0.09 s · first token 0.10 s, total 3.45 s · draft 222/459
                       accepted (48%) · max_tokens reached
22:24:10.142 INFO:     #182 chat/completions (stream): 66 prompt tokens ·
                       temperature: 0, greedy (req), max_tokens: 345 (req),
                       min_tokens: 345 (req)
22:24:10.363 INFO:     #183 chat/completions (stream): 76 prompt tokens ·
                       temperature: 0, greedy (req), max_tokens: 139 (req),
                       min_tokens: 139 (req)
22:24:10.848 INFO:     #180 chat/completions (stream): 85 tokens generated at
                       93.8 T/s · prompt 63 tokens, none cached, 63 new in 0.07
                       s · first token 0.08 s, total 0.98 s · draft 54/93
                       accepted (58%) · max_tokens reached
22:24:10.897 INFO:     #184 chat/completions (stream): 389 prompt tokens ·
                       temperature: 0, greedy (req), max_tokens: 13 (req),
                       min_tokens: 13 (req)
22:24:11.305 INFO:     #184 chat/completions (stream): 13 tokens generated at
                       140.8 T/s · prompt 389 tokens, none cached, 389 new in
                       0.25 s (1,556 T/s) · first token 0.26 s, total 0.35 s ·
                       draft 9/12 accepted (75%) · max_tokens reached
22:24:11.355 INFO:     #185 chat/completions (stream): 68 prompt tokens ·
                       temperature: 0, greedy (req), max_tokens: 264 (req),
                       min_tokens: 264 (req)
22:24:11.727 INFO:     #183 chat/completions (stream): 139 tokens generated at
                       114.2 T/s · prompt 76 tokens, none cached, 76 new in 0.08
                       s · first token 0.09 s, total 1.30 s · draft 88/153
                       accepted (58%) · max_tokens reached
22:24:11.775 INFO:     #186 chat/completions (stream): 71 prompt tokens ·
                       temperature: 0, greedy (req), max_tokens: 307 (req),
                       min_tokens: 307 (req)
22:24:12.092 INFO:     #181 chat/completions (stream): 225 tokens generated at
                       132.5 T/s · prompt 482 tokens, none cached, 482 new in
                       0.33 s (1,461 T/s) · first token 0.34 s, total 2.03 s ·
                       draft 155/210 accepted (74%) · max_tokens reached
22:24:12.140 INFO:     #187 chat/completions (stream): 59 prompt tokens ·
                       temperature: 0, greedy (req), max_tokens: 191 (req),
                       min_tokens: 191 (req)
22:24:13.358 INFO:     #185 chat/completions (stream): 264 tokens generated at
                       142.1 T/s · prompt 68 tokens, none cached, 68 new in 0.08
                       s · first token 0.09 s, total 1.94 s · draft 168/288
                       accepted (58%) · max_tokens reached
22:24:13.400 INFO:     #188 chat/completions (stream): 64 prompt tokens ·
                       temperature: 0, greedy (req), max_tokens: 1181 (req),
                       min_tokens: 1181 (req)
22:24:13.401 INFO:     #182 chat/completions (stream): 345 tokens generated at
                       114.6 T/s · prompt 66 tokens, none cached, 66 new in 0.08
                       s · queued 0.11 s, first token 0.19 s, total 3.21 s ·
                       draft 206/417 accepted (49%) · max_tokens reached
22:24:13.526 INFO:     #189 chat/completions (stream): 101 prompt tokens ·
                       temperature: 0, greedy (req), max_tokens: 236 (req),
                       min_tokens: 236 (req)
22:24:13.687 INFO:     #187 chat/completions (stream): 191 tokens generated at
                       145.7 T/s · prompt 59 tokens, none cached, 59 new in 0.07
                       s · first token 0.08 s, total 1.39 s · draft 122/207
                       accepted (59%) · max_tokens reached
22:24:13.736 INFO:     #190 chat/completions (stream): 448 prompt tokens ·
                       temperature: 0, greedy (req), max_tokens: 360 (req),
                       min_tokens: 360 (req)
22:24:14.740 INFO:     #186 chat/completions (stream): 307 tokens generated at
                       108.9 T/s · prompt 71 tokens, none cached, 71 new in 0.08
                       s · first token 0.09 s, total 2.90 s · draft 175/396
                       accepted (44%) · max_tokens reached
22:24:14.789 INFO:     #191 chat/completions (stream): 72 prompt tokens ·
                       temperature: 0, greedy (req), max_tokens: 294 (req),
                       min_tokens: 294 (req)
22:24:15.651 INFO:     #189 chat/completions (stream): 236 tokens generated at
                       120.3 T/s · prompt 101 tokens, none cached, 101 new in
                       0.09 s · first token 0.10 s, total 2.06 s · draft 144/276
                       accepted (52%) · max_tokens reached
22:24:15.701 INFO:     #192 chat/completions (stream): 276 prompt tokens ·
                       temperature: 0, greedy (req), max_tokens: 6 (req),
                       min_tokens: 6 (req)
22:24:15.969 INFO:     #192 chat/completions (stream): 6 tokens generated at
                       170.0 T/s · prompt 276 tokens, none cached, 276 new in
                       0.16 s (1,725 T/s) · first token 0.17 s, total 0.20 s ·
                       draft 4/6 accepted (67%) · max_tokens reached
22:24:16.020 INFO:     #193 chat/completions (stream): 186 prompt tokens ·
                       temperature: 0, greedy (req), max_tokens: 42 (req),
                       min_tokens: 42 (req)
22:24:16.457 INFO:     #190 chat/completions (stream): 360 tokens generated at
                       149.1 T/s · prompt 448 tokens, none cached, 448 new in
                       0.25 s (1,792 T/s) · first token 0.26 s, total 2.67 s ·
                       draft 244/348 accepted (70%) · max_tokens reached
22:24:16.473 INFO:     #193 chat/completions (stream): 42 tokens generated at
                       141.8 T/s · prompt 186 tokens, none cached, 186 new in
                       0.10 s · first token 0.11 s, total 0.40 s · draft 26/48
                       accepted (54%) · max_tokens reached
22:24:16.500 INFO:     #194 chat/completions (stream): 219 prompt tokens ·
                       temperature: 0, greedy (req), max_tokens: 11 (req),
                       min_tokens: 11 (req)
22:24:16.631 INFO:     #195 chat/completions (stream): 62 prompt tokens ·
                       temperature: 0, greedy (req), max_tokens: 304 (req),
                       min_tokens: 304 (req)
22:24:16.839 INFO:     #194 chat/completions (stream): 11 tokens generated at
                       68.4 T/s · prompt 219 tokens, none cached, 219 new in
                       0.11 s · first token 0.12 s, total 0.28 s · draft 6/15
                       accepted (40%) · max_tokens reached
22:24:16.888 INFO:     #196 chat/completions (stream): 66 prompt tokens ·
                       temperature: 0, greedy (req), max_tokens: 225 (req),
                       min_tokens: 225 (req)
22:24:17.355 INFO:     #191 chat/completions (stream): 294 tokens generated at
                       121.6 T/s · prompt 72 tokens, none cached, 72 new in 0.08
                       s · first token 0.09 s, total 2.50 s · draft 186/324
                       accepted (57%) · max_tokens reached
22:24:17.405 INFO:     #198 chat/completions (stream): 584 prompt tokens ·
                       temperature: 0, greedy (req), max_tokens: 10 (req),
                       min_tokens: 10 (req)
22:24:17.783 INFO:     #198 chat/completions (stream): 10 tokens generated at
                       186.3 T/s · prompt 584 tokens, none cached, 584 new in
                       0.25 s (2,336 T/s) · first token 0.26 s, total 0.31 s ·
                       draft 7/9 accepted (78%) · max_tokens reached
22:24:17.834 INFO:     #199 chat/completions (stream): 442 prompt tokens ·
                       temperature: 0, greedy (req), max_tokens: 86 (req),
                       min_tokens: 86 (req)
22:24:18.762 INFO:     #199 chat/completions (stream): 86 tokens generated at
                       138.7 T/s · prompt 442 tokens, none cached, 442 new in
                       0.24 s (1,842 T/s) · first token 0.25 s, total 0.87 s ·
                       draft 52/102 accepted (51%) · max_tokens reached
22:24:18.812 INFO:     #200 chat/completions (stream): 78 prompt tokens ·
                       temperature: 0, greedy (req), max_tokens: 147 (req),
                       min_tokens: 147 (req)
22:24:19.014 INFO:     #196 chat/completions (stream): 225 tokens generated at
                       113.5 T/s · prompt 66 tokens, none cached, 66 new in 0.07
                       s · first token 0.07 s, total 2.06 s · draft 144/243
                       accepted (59%) · max_tokens reached
22:24:19.064 INFO:     #201 chat/completions (stream): 64 prompt tokens ·
                       temperature: 0, greedy (req), max_tokens: 450 (req),
                       min_tokens: 450 (req)
22:24:19.736 INFO:     #195 chat/completions (stream): 304 tokens generated at
                       102.3 T/s · prompt 62 tokens, none cached, 62 new in 0.07
                       s · first token 0.08 s, total 3.05 s · draft 176/384
                       accepted (46%) · max_tokens reached
22:24:19.750 INFO:     #200 chat/completions (stream): 147 tokens generated at
                       184.1 T/s · prompt 78 tokens, none cached, 78 new in 0.08
                       s · first token 0.09 s, total 0.88 s · draft 107/120
                       accepted (89%) · max_tokens reached
22:24:19.777 INFO:     #202 chat/completions (stream): 69 prompt tokens ·
                       temperature: 0, greedy (req), max_tokens: 300 (req),
                       min_tokens: 300 (req)
22:24:19.874 INFO:     #203 chat/completions (stream): 70 prompt tokens ·
                       temperature: 0, greedy (req), max_tokens: 540 (req),
                       min_tokens: 540 (req)
22:24:22.155 INFO:     #202 chat/completions (stream): 300 tokens generated at
                       134.0 T/s · prompt 69 tokens, none cached, 69 new in 0.08
                       s · first token 0.09 s, total 2.32 s · draft 179/363
                       accepted (49%) · max_tokens reached
22:24:22.196 INFO:     #188 chat/completions (stream): 1,181 tokens generated at
                       136.5 T/s · prompt 64 tokens, none cached, 64 new in 0.07
                       s · first token 0.08 s, total 8.73 s · draft 788/1179
                       accepted (67%) · max_tokens reached
22:24:22.211 INFO:     #204 chat/completions (stream): 72 prompt tokens ·
                       temperature: 0, greedy (req), max_tokens: 830 (req),
                       min_tokens: 830 (req)
22:24:22.324 INFO:     #205 chat/completions (stream): 97 prompt tokens ·
                       temperature: 0, greedy (req), max_tokens: 31 (req),
                       min_tokens: 31 (req)
22:24:22.621 INFO:     #205 chat/completions (stream): 31 tokens generated at
                       216.5 T/s · prompt 97 tokens, none cached, 97 new in 0.08
                       s · first token 0.08 s, total 0.23 s · draft 23/24
                       accepted (96%) · max_tokens reached
22:24:22.672 INFO:     #206 chat/completions (stream): 798 prompt tokens ·
                       temperature: 0, greedy (req), max_tokens: 9 (req),
                       min_tokens: 9 (req)
22:24:23.002 INFO:     #201 chat/completions (stream): 450 tokens generated at
                       118.3 T/s · prompt 64 tokens, none cached, 64 new in 0.07
                       s · first token 0.08 s, total 3.88 s · draft 266/552
                       accepted (48%) · max_tokens reached
22:24:23.017 INFO:     #206 chat/completions (stream): 9 tokens generated at
                       178.3 T/s · prompt 798 tokens, none cached, 798 new in
                       0.23 s (3,470 T/s) · first token 0.24 s, total 0.29 s ·
                       draft 6/9 accepted (67%) · max_tokens reached
22:24:23.045 INFO:     #207 chat/completions (stream): 69 prompt tokens ·
                       temperature: 0, greedy (req), max_tokens: 29 (req),
                       min_tokens: 29 (req)
22:24:23.145 INFO:     #208 chat/completions (stream): 486 prompt tokens ·
                       temperature: 0, greedy (req), max_tokens: 16 (req),
                       min_tokens: 16 (req)
22:24:23.551 INFO:     #208 chat/completions (stream): 16 tokens generated at
                       181.2 T/s · prompt 486 tokens, none cached, 486 new in
                       0.26 s (1,869 T/s) · first token 0.27 s, total 0.35 s ·
                       draft 11/15 accepted (73%) · max_tokens reached
22:24:23.567 INFO:     #207 chat/completions (stream): 29 tokens generated at
                       75.6 T/s · prompt 69 tokens, none cached, 69 new in 0.08
                       s · first token 0.09 s, total 0.47 s · draft 21/24
                       accepted (88%) · max_tokens reached
22:24:23.597 INFO:     #209 chat/completions (stream): 254 prompt tokens ·
                       temperature: 0, greedy (req), max_tokens: 10 (req),
                       min_tokens: 10 (req)
22:24:23.735 INFO:     #210 chat/completions (stream): 626 prompt tokens ·
                       temperature: 0, greedy (req), max_tokens: 59 (req),
                       min_tokens: 59 (req)
22:24:24.102 INFO:     #209 chat/completions (stream): 10 tokens generated at
                       31.4 T/s · prompt 254 tokens, none cached, 254 new in
                       0.11 s · first token 0.12 s, total 0.43 s · draft 6/12
                       accepted (50%) · max_tokens reached
22:24:24.152 INFO:     #211 chat/completions (stream): 692 prompt tokens ·
                       temperature: 0, greedy (req), max_tokens: 109 (req),
                       min_tokens: 109 (req)
22:24:24.659 INFO:     #210 chat/completions (stream): 59 tokens generated at
                       99.3 T/s · prompt 626 tokens, none cached, 626 new in
                       0.26 s (2,408 T/s) · first token 0.26 s, total 0.86 s ·
                       draft 41/54 accepted (76%) · max_tokens reached
22:24:24.708 INFO:     #212 chat/completions (stream): 66 prompt tokens ·
                       temperature: 0, greedy (req), max_tokens: 207 (req),
                       min_tokens: 207 (req)
22:24:25.315 INFO:     #203 chat/completions (stream): 540 tokens generated at
                       101.8 T/s · prompt 70 tokens, none cached, 70 new in 0.07
                       s · first token 0.07 s, total 5.38 s · draft 319/663
                       accepted (48%) · max_tokens reached
22:24:25.343 INFO:     #211 chat/completions (stream): 109 tokens generated at
                       131.5 T/s · prompt 692 tokens, none cached, 692 new in
                       0.30 s (2,307 T/s) · first token 0.31 s, total 1.13 s ·
                       draft 66/129 accepted (51%) · max_tokens reached
22:24:25.358 INFO:     #213 chat/completions (stream): 655 prompt tokens ·
                       temperature: 0, greedy (req), max_tokens: 24 (req),
                       min_tokens: 24 (req)
22:24:25.654 INFO:     #214 chat/completions (stream): 87 prompt tokens ·
                       temperature: 0, greedy (req), max_tokens: 385 (req),
                       min_tokens: 385 (req)
22:24:25.982 INFO:     #213 chat/completions (stream): 24 tokens generated at
                       85.7 T/s · prompt 655 tokens, none cached, 655 new in
                       0.27 s (2,426 T/s) · first token 0.28 s, total 0.56 s ·
                       draft 13/33 accepted (39%) · max_tokens reached
22:24:26.031 INFO:     #215 chat/completions (stream): 190 prompt tokens ·
                       temperature: 0, greedy (req), max_tokens: 51 (req),
                       min_tokens: 51 (req)
22:24:26.496 INFO:     #215 chat/completions (stream): 51 tokens generated at
                       172.7 T/s · prompt 190 tokens, none cached, 190 new in
                       0.10 s · first token 0.10 s, total 0.40 s · draft 35/48
                       accepted (73%) · max_tokens reached
22:24:26.545 INFO:     #216 chat/completions (stream): 350 prompt tokens ·
                       temperature: 0, greedy (req), max_tokens: 47 (req),
                       min_tokens: 47 (req)
22:24:26.846 INFO:     #212 chat/completions (stream): 207 tokens generated at
                       108.5 T/s · prompt 66 tokens, none cached, 66 new in 0.07
                       s · first token 0.08 s, total 1.98 s · draft 131/228
                       accepted (57%) · max_tokens reached
22:24:26.894 INFO:     #217 chat/completions (stream): 119 prompt tokens ·
                       temperature: 0, greedy (req), max_tokens: 5 (req),
                       min_tokens: 5 (req)
22:24:27.098 INFO:     #217 chat/completions (stream): 5 tokens generated at
                       143.7 T/s · prompt 119 tokens, none cached, 119 new in
                       0.10 s · first token 0.11 s, total 0.14 s · draft 3/6
                       accepted (50%) · max_tokens reached
22:24:27.147 INFO:     #218 chat/completions (stream): 496 prompt tokens ·
                       temperature: 0, greedy (req), max_tokens: 29 (req),
                       min_tokens: 29 (req)
22:24:27.480 INFO:     #216 chat/completions (stream): 47 tokens generated at
                       74.2 T/s · prompt 350 tokens, none cached, 350 new in
                       0.23 s (1,522 T/s) · first token 0.24 s, total 0.87 s ·
                       draft 29/54 accepted (54%) · max_tokens reached
22:24:27.530 INFO:     #219 chat/completions (stream): 773 prompt tokens ·
                       temperature: 0, greedy (req), max_tokens: 29 (req),
                       min_tokens: 29 (req)
22:24:27.812 INFO:     #218 chat/completions (stream): 29 tokens generated at
                       85.5 T/s · prompt 496 tokens, none cached, 496 new in
                       0.25 s (1,984 T/s) · first token 0.26 s, total 0.59 s ·
                       draft 20/27 accepted (74%) · max_tokens reached
22:24:27.861 INFO:     #220 chat/completions (stream): 59 prompt tokens ·
                       temperature: 0, greedy (req), max_tokens: 300 (req),
                       min_tokens: 300 (req)
22:24:28.053 INFO:     #219 chat/completions (stream): 29 tokens generated at
                       122.0 T/s · prompt 773 tokens, none cached, 773 new in
                       0.21 s (3,681 T/s) · first token 0.22 s, total 0.45 s ·
                       draft 19/30 accepted (63%) · max_tokens reached
22:24:28.102 INFO:     #221 chat/completions (stream): 84 prompt tokens ·
                       temperature: 0, greedy (req), max_tokens: 308 (req),
                       min_tokens: 308 (req)
22:24:29.553 INFO:     #214 chat/completions (stream): 385 tokens generated at
                       102.8 T/s · prompt 87 tokens, none cached, 87 new in 0.09
                       s · first token 0.10 s, total 3.84 s · draft 229/468
                       accepted (49%) · max_tokens reached
22:24:29.602 INFO:     #222 chat/completions (stream): 309 prompt tokens ·
                       temperature: 0, greedy (req), max_tokens: 12 (req),
                       min_tokens: 12 (req)
22:24:29.964 INFO:     #222 chat/completions (stream): 12 tokens generated at
                       139.2 T/s · prompt 309 tokens, none cached, 309 new in
                       0.20 s (1,545 T/s) · first token 0.21 s, total 0.29 s ·
                       draft 7/15 accepted (47%) · max_tokens reached
22:24:30.013 INFO:     #223 chat/completions (stream): 124 prompt tokens ·
                       temperature: 0, greedy (req), max_tokens: 8 (req),
                       min_tokens: 8 (req)
22:24:30.251 INFO:     #223 chat/completions (stream): 8 tokens generated at
                       150.6 T/s · prompt 124 tokens, none cached, 124 new in
                       0.10 s · first token 0.11 s, total 0.16 s · draft 5/9
                       accepted (56%) · max_tokens reached
22:24:30.300 INFO:     #224 chat/completions (stream): 217 prompt tokens ·
                       temperature: 0, greedy (req), max_tokens: 607 (req),
                       min_tokens: 607 (req)
22:24:30.659 INFO:     #204 chat/completions (stream): 830 tokens generated at
                       99.8 T/s · prompt 72 tokens, none cached, 72 new in 0.08
                       s · first token 0.09 s, total 8.40 s · draft 530/900
                       accepted (59%) · max_tokens reached
22:24:30.659 INFO:     #221 chat/completions (stream): 308 tokens generated at
                       127.5 T/s · prompt 84 tokens, none cached, 84 new in 0.08
                       s · first token 0.09 s, total 2.50 s · draft 195/339
                       accepted (58%) · max_tokens reached
22:24:30.701 INFO:     #225 chat/completions (stream): 384 prompt tokens ·
                       temperature: 0, greedy (req), max_tokens: 805 (req),
                       min_tokens: 805 (req)
22:24:30.702 INFO:     #226 chat/completions (stream): 72 prompt tokens ·
                       temperature: 0, greedy (req), max_tokens: 223 (req),
                       min_tokens: 223 (req)
22:24:31.101 INFO:     #220 chat/completions (stream): 300 tokens generated at
                       96.7 T/s · prompt 59 tokens, none cached, 59 new in 0.07
                       s · first token 0.08 s, total 3.18 s · draft 168/396
                       accepted (42%) · max_tokens reached
22:24:31.151 INFO:     #227 chat/completions (stream): 268 prompt tokens ·
                       temperature: 0, greedy (req), max_tokens: 21 (req),
                       min_tokens: 21 (req)
22:24:31.560 INFO:     #227 chat/completions (stream): 21 tokens generated at
                       146.2 T/s · prompt 268 tokens, none cached, 268 new in
                       0.19 s (1,411 T/s) · first token 0.20 s, total 0.34 s ·
                       draft 13/24 accepted (54%) · max_tokens reached
22:24:31.610 INFO:     #228 chat/completions (stream): 209 prompt tokens ·
                       temperature: 0, greedy (req), max_tokens: 209 (req),
                       min_tokens: 209 (req)
22:24:32.850 INFO:     #228 chat/completions (stream): 209 tokens generated at
                       195.6 T/s · prompt 209 tokens, none cached, 209 new in
                       0.10 s · first token 0.11 s, total 1.17 s · draft 149/180
                       accepted (83%) · max_tokens reached
22:24:32.901 INFO:     #230 chat/completions (stream): 178 prompt tokens ·
                       temperature: 0, greedy (req), max_tokens: 18 (req),
                       min_tokens: 18 (req)
22:24:33.214 INFO:     #226 chat/completions (stream): 223 tokens generated at
                       99.8 T/s · prompt 72 tokens, none cached, 72 new in 0.08
                       s · queued 0.13 s, first token 0.21 s, total 2.45 s ·
                       draft 123/300 accepted (41%) · max_tokens reached
22:24:33.215 INFO:     #230 chat/completions (stream): 18 tokens generated at
                       125.7 T/s · prompt 178 tokens, none cached, 178 new in
                       0.10 s · first token 0.11 s, total 0.25 s · draft 10/24
                       accepted (42%) · max_tokens reached
22:24:33.258 INFO:     #231 chat/completions (stream): 62 prompt tokens ·
                       temperature: 0, greedy (req), max_tokens: 94 (req),
                       min_tokens: 94 (req)
22:24:33.258 INFO:     #232 chat/completions (stream): 100 prompt tokens ·
                       temperature: 0, greedy (req), max_tokens: 91 (req),
                       min_tokens: 91 (req)
22:24:33.993 INFO:     #232 chat/completions (stream): 91 tokens generated at
                       183.7 T/s · prompt 100 tokens, none cached, 100 new in
                       0.09 s · first token 0.17 s, total 0.67 s · draft 63/84
                       accepted (75%) · max_tokens reached
22:24:34.043 INFO:     #233 chat/completions (stream): 73 prompt tokens ·
                       temperature: 0, greedy (req), max_tokens: 229 (req),
                       min_tokens: 229 (req)
22:24:34.267 INFO:     #231 chat/completions (stream): 94 tokens generated at
                       122.0 T/s · prompt 62 tokens, none cached, 62 new in 0.16
                       s · first token 0.17 s, total 0.94 s · draft 55/117
                       accepted (47%) · max_tokens reached
22:24:34.317 INFO:     #234 chat/completions (stream): 88 prompt tokens ·
                       temperature: 0, greedy (req), max_tokens: 323 (req),
                       min_tokens: 323 (req)
22:24:35.791 INFO:     #224 chat/completions (stream): 607 tokens generated at
                       114.3 T/s · prompt 217 tokens, none cached, 217 new in
                       0.11 s · first token 0.12 s, total 5.43 s · draft 363/732
                       accepted (50%) · max_tokens reached
22:24:35.841 INFO:     #235 chat/completions (stream): 68 prompt tokens ·
                       temperature: 0, greedy (req), max_tokens: 534 (req),
                       min_tokens: 534 (req)
22:24:36.112 INFO:     #233 chat/completions (stream): 229 tokens generated at
                       119.1 T/s · prompt 73 tokens, none cached, 73 new in 0.08
                       s · first token 0.09 s, total 2.01 s · draft 131/294
                       accepted (45%) · max_tokens reached
22:24:36.162 INFO:     #236 chat/completions (stream): 164 prompt tokens ·
                       temperature: 0, greedy (req), max_tokens: 41 (req),
                       min_tokens: 41 (req)
22:24:36.628 INFO:     #236 chat/completions (stream): 41 tokens generated at
                       144.8 T/s · prompt 164 tokens, none cached, 164 new in
                       0.11 s · first token 0.12 s, total 0.40 s · draft 25/48
                       accepted (52%) · max_tokens reached
22:24:36.679 INFO:     #237 chat/completions (stream): 662 prompt tokens ·
                       temperature: 0, greedy (req), max_tokens: 243 (req),
                       min_tokens: 243 (req)
22:24:37.129 INFO:     #234 chat/completions (stream): 323 tokens generated at
                       121.5 T/s · prompt 88 tokens, none cached, 88 new in 0.08
                       s · first token 0.09 s, total 2.74 s · draft 198/375
                       accepted (53%) · max_tokens reached
22:24:37.179 INFO:     #238 chat/completions (stream): 106 prompt tokens ·
                       temperature: 0, greedy (req), max_tokens: 40 (req),
                       min_tokens: 40 (req)
22:24:37.539 INFO:     #238 chat/completions (stream): 40 tokens generated at
                       203.9 T/s · prompt 106 tokens, none cached, 106 new in
                       0.09 s · first token 0.10 s, total 0.29 s · draft 29/33
                       accepted (88%) · max_tokens reached
22:24:37.590 INFO:     #239 chat/completions (stream): 802 prompt tokens ·
                       temperature: 0, greedy (req), max_tokens: 6 (req),
                       min_tokens: 6 (req)
22:24:37.960 INFO:     #239 chat/completions (stream): 6 tokens generated at
                       171.9 T/s · prompt 802 tokens, none cached, 802 new in
                       0.26 s (3,085 T/s) · first token 0.27 s, total 0.30 s ·
                       draft 4/6 accepted (67%) · max_tokens reached
22:24:38.011 INFO:     #240 chat/completions (stream): 717 prompt tokens ·
                       temperature: 0, greedy (req), max_tokens: 21 (req),
                       min_tokens: 21 (req)
22:24:38.371 INFO:     #225 chat/completions (stream): 805 tokens generated at
                       115.2 T/s · prompt 384 tokens, none cached, 384 new in
                       0.31 s (1,239 T/s) · first token 0.32 s, total 7.31 s ·
                       draft 493/936 accepted (53%) · max_tokens reached
22:24:38.421 INFO:     #241 chat/completions (stream): 114 prompt tokens ·
                       temperature: 0, greedy (req), max_tokens: 93 (req),
                       min_tokens: 93 (req)
22:24:38.646 INFO:     #240 chat/completions (stream): 21 tokens generated at
                       82.0 T/s · prompt 717 tokens, none cached, 717 new in
                       0.31 s (2,313 T/s) · first token 0.32 s, total 0.57 s ·
                       draft 12/27 accepted (44%) · max_tokens reached
22:24:38.695 INFO:     #242 chat/completions (stream): 75 prompt tokens ·
                       temperature: 0, greedy (req), max_tokens: 517 (req),
                       min_tokens: 517 (req)
22:24:39.543 INFO:     #237 chat/completions (stream): 243 tokens generated at
                       95.7 T/s · prompt 662 tokens, none cached, 662 new in
                       0.25 s (2,648 T/s) · first token 0.26 s, total 2.79 s ·
                       draft 146/291 accepted (50%) · max_tokens reached
22:24:39.593 INFO:     #243 chat/completions (stream): 61 prompt tokens ·
                       temperature: 0, greedy (req), max_tokens: 201 (req),
                       min_tokens: 201 (req)
22:24:39.824 INFO:     #241 chat/completions (stream): 93 tokens generated at
                       75.5 T/s · prompt 114 tokens, none cached, 114 new in
                       0.10 s · first token 0.11 s, total 1.34 s · draft 33/180
                       accepted (18%) · max_tokens reached
22:24:39.873 INFO:     #244 chat/completions (stream): 167 prompt tokens ·
                       temperature: 0, greedy (req), max_tokens: 13 (req),
                       min_tokens: 13 (req)
22:24:40.107 INFO:     #244 chat/completions (stream): 13 tokens generated at
                       180.5 T/s · prompt 167 tokens, none cached, 167 new in
                       0.09 s · first token 0.10 s, total 0.17 s · draft 9/12
                       accepted (75%) · max_tokens reached
22:24:40.156 INFO:     #245 chat/completions (stream): 65 prompt tokens ·
                       temperature: 0, greedy (req), max_tokens: 177 (req),
                       min_tokens: 177 (req)
22:24:40.414 INFO:     #235 chat/completions (stream): 534 tokens generated at
                       120.7 T/s · prompt 68 tokens, none cached, 68 new in 0.08
                       s · first token 0.09 s, total 4.51 s · draft 364/510
                       accepted (71%) · max_tokens reached
22:24:40.464 INFO:     #246 chat/completions (stream): 637 prompt tokens ·
                       temperature: 0, greedy (req), max_tokens: 1147 (req),
                       min_tokens: 1147 (req)
22:24:41.283 INFO:     #243 chat/completions (stream): 201 tokens generated at
                       129.7 T/s · prompt 61 tokens, none cached, 61 new in 0.07
                       s · first token 0.08 s, total 1.63 s · draft 138/189
                       accepted (73%) · max_tokens reached
22:24:41.335 INFO:     #247 chat/completions (stream): 690 prompt tokens ·
                       temperature: 0, greedy (req), max_tokens: 10 (req),
                       min_tokens: 10 (req)
22:24:41.730 INFO:     #247 chat/completions (stream): 10 tokens generated at
                       192.3 T/s · prompt 690 tokens, none cached, 690 new in
                       0.27 s (2,556 T/s) · first token 0.28 s, total 0.33 s ·
                       draft 7/9 accepted (78%) · max_tokens reached
22:24:41.778 INFO:     #248 chat/completions (stream): 57 prompt tokens ·
                       temperature: 0, greedy (req), max_tokens: 285 (req),
                       min_tokens: 285 (req)
22:24:42.061 INFO:     #245 chat/completions (stream): 177 tokens generated at
                       101.9 T/s · prompt 65 tokens, none cached, 65 new in 0.10
                       s · first token 0.11 s, total 1.84 s · draft 111/198
                       accepted (56%) · max_tokens reached
22:24:42.110 INFO:     #249 chat/completions (stream): 76 prompt tokens ·
                       temperature: 0, greedy (req), max_tokens: 562 (req),
                       min_tokens: 562 (req)
22:24:43.522 INFO:     #242 chat/completions (stream): 517 tokens generated at
                       110.6 T/s · prompt 75 tokens, none cached, 75 new in 0.08
                       s · first token 0.09 s, total 4.76 s · draft 308/627
                       accepted (49%) · max_tokens reached
22:24:43.572 INFO:     #250 chat/completions (stream): 540 prompt tokens ·
                       temperature: 0, greedy (req), max_tokens: 8 (req),
                       min_tokens: 8 (req)
22:24:43.887 INFO:     #250 chat/completions (stream): 8 tokens generated at
                       153.7 T/s · prompt 540 tokens, none cached, 540 new in
                       0.19 s (2,842 T/s) · first token 0.20 s, total 0.25 s ·
                       draft 5/9 accepted (56%) · max_tokens reached
22:24:43.935 INFO:     #251 chat/completions (stream): 60 prompt tokens ·
                       temperature: 0, greedy (req), max_tokens: 198 (req),
                       min_tokens: 198 (req)
22:24:44.351 INFO:     #248 chat/completions (stream): 285 tokens generated at
                       117.0 T/s · prompt 57 tokens, none cached, 57 new in 0.07
                       s · first token 0.08 s, total 2.51 s · draft 169/348
                       accepted (49%) · max_tokens reached
22:24:44.401 INFO:     #252 chat/completions (stream): 58 prompt tokens ·
                       temperature: 0, greedy (req), max_tokens: 31 (req),
                       min_tokens: 31 (req)
22:24:44.732 INFO:     #252 chat/completions (stream): 31 tokens generated at
                       159.3 T/s · prompt 58 tokens, none cached, 58 new in 0.07
                       s · first token 0.08 s, total 0.27 s · draft 20/33
                       accepted (61%) · max_tokens reached
22:24:44.783 INFO:     #253 chat/completions (stream): 449 prompt tokens ·
                       temperature: 0, greedy (req), max_tokens: 25 (req),
                       min_tokens: 25 (req)
22:24:45.282 INFO:     #253 chat/completions (stream): 25 tokens generated at
                       131.4 T/s · prompt 449 tokens, none cached, 449 new in
                       0.24 s (1,871 T/s) · first token 0.25 s, total 0.44 s ·
                       draft 15/30 accepted (50%) · max_tokens reached
22:24:45.332 INFO:     #254 chat/completions (stream): 392 prompt tokens ·
                       temperature: 0, greedy (req), max_tokens: 17 (req),
                       min_tokens: 17 (req)
22:24:45.753 INFO:     #254 chat/completions (stream): 17 tokens generated at
                       158.2 T/s · prompt 392 tokens, none cached, 392 new in
                       0.24 s (1,633 T/s) · first token 0.25 s, total 0.35 s ·
                       draft 11/18 accepted (61%) · max_tokens reached
22:24:45.803 INFO:     #255 chat/completions (stream): 112 prompt tokens ·
                       temperature: 0, greedy (req), max_tokens: 556 (req),
                       min_tokens: 556 (req)
22:24:46.235 INFO:     #251 chat/completions (stream): 198 tokens generated at
                       91.8 T/s · prompt 60 tokens, none cached, 60 new in 0.07
                       s · first token 0.08 s, total 2.23 s · draft 111/261
                       accepted (43%) · max_tokens reached
22:24:46.284 INFO:     #256 chat/completions (stream): 79 prompt tokens ·
                       temperature: 0, greedy (req), max_tokens: 165 (req),
                       min_tokens: 165 (req)
22:24:47.517 INFO:     #249 chat/completions (stream): 562 tokens generated at
                       106.9 T/s · prompt 76 tokens, none cached, 76 new in 0.08
                       s · first token 0.09 s, total 5.34 s · draft 322/720
                       accepted (45%) · max_tokens reached
22:24:47.567 INFO:     #258 chat/completions (stream): 63 prompt tokens ·
                       temperature: 0, greedy (req), max_tokens: 650 (req),
                       min_tokens: 650 (req)
22:24:47.827 INFO:     #256 chat/completions (stream): 165 tokens generated at
                       118.2 T/s · prompt 79 tokens, none cached, 79 new in 0.08
                       s · first token 0.09 s, total 1.48 s · draft 91/222
                       accepted (41%) · max_tokens reached
22:24:47.874 INFO:     #259 chat/completions (stream): 68 prompt tokens ·
                       temperature: 0, greedy (req), max_tokens: 434 (req),
                       min_tokens: 434 (req)
22:24:49.657 INFO:     #255 chat/completions (stream): 556 tokens generated at
                       150.6 T/s · prompt 112 tokens, none cached, 112 new in
                       0.09 s · first token 0.10 s, total 3.79 s · draft 362/582
                       accepted (62%) · max_tokens reached
22:24:49.706 INFO:     #260 chat/completions (stream): 527 prompt tokens ·
                       temperature: 0, greedy (req), max_tokens: 78 (req),
                       min_tokens: 78 (req)
22:24:50.053 INFO:     #246 chat/completions (stream): 1,147 tokens generated at
                       124.0 T/s · prompt 637 tokens, none cached, 637 new in
                       0.27 s (2,359 T/s) · first token 0.28 s, total 9.53 s ·
                       draft 722/1275 accepted (57%) · max_tokens reached
22:24:50.102 INFO:     #261 chat/completions (stream): 65 prompt tokens ·
                       temperature: 0, greedy (req), max_tokens: 352 (req),
                       min_tokens: 352 (req)
22:24:50.614 INFO:     #260 chat/completions (stream): 78 tokens generated at
                       119.8 T/s · prompt 527 tokens, none cached, 527 new in
                       0.19 s (2,774 T/s) · first token 0.20 s, total 0.85 s ·
                       draft 45/99 accepted (45%) · max_tokens reached
22:24:50.663 INFO:     #262 chat/completions (stream): 342 prompt tokens ·
                       temperature: 0, greedy (req), max_tokens: 44 (req),
                       min_tokens: 44 (req)
22:24:51.265 INFO:     #262 chat/completions (stream): 44 tokens generated at
                       144.2 T/s · prompt 342 tokens, none cached, 342 new in
                       0.23 s (1,487 T/s) · first token 0.24 s, total 0.54 s ·
                       draft 27/51 accepted (53%) · max_tokens reached
22:24:51.315 INFO:     #263 chat/completions (stream): 448 prompt tokens ·
                       temperature: 0, greedy (req), max_tokens: 55 (req),
                       min_tokens: 55 (req)
22:24:51.708 INFO:     #259 chat/completions (stream): 434 tokens generated at
                       117.6 T/s · prompt 68 tokens, none cached, 68 new in 0.08
                       s · first token 0.09 s, total 3.77 s · draft 264/510
                       accepted (52%) · max_tokens reached
22:24:51.758 INFO:     #264 chat/completions (stream): 399 prompt tokens ·
                       temperature: 0, greedy (req), max_tokens: 15 (req),
                       min_tokens: 15 (req)
22:24:52.174 INFO:     #264 chat/completions (stream): 15 tokens generated at
                       140.9 T/s · prompt 399 tokens, none cached, 399 new in
                       0.24 s (1,662 T/s) · first token 0.25 s, total 0.35 s ·
                       draft 9/18 accepted (50%) · max_tokens reached
22:24:52.209 INFO:     #263 chat/completions (stream): 55 tokens generated at
                       92.8 T/s · prompt 448 tokens, none cached, 448 new in
                       0.23 s (1,948 T/s) · first token 0.24 s, total 0.83 s ·
                       draft 34/63 accepted (54%) · max_tokens reached
22:24:52.223 INFO:     #265 chat/completions (stream): 72 prompt tokens ·
                       temperature: 0, greedy (req), max_tokens: 279 (req),
                       min_tokens: 279 (req)
22:24:52.337 INFO:     #266 chat/completions (stream): 64 prompt tokens ·
                       temperature: 0, greedy (req), max_tokens: 150 (req),
                       min_tokens: 150 (req)
22:24:52.729 INFO:     #258 chat/completions (stream): 650 tokens generated at
                       129.5 T/s · prompt 63 tokens, none cached, 63 new in 0.07
                       s · first token 0.08 s, total 5.10 s · draft 429/663
                       accepted (65%) · max_tokens reached
22:24:52.780 INFO:     #267 chat/completions (stream): 340 prompt tokens ·
                       temperature: 0, greedy (req), max_tokens: 26 (req),
                       min_tokens: 26 (req)
22:24:53.212 INFO:     #261 chat/completions (stream): 352 tokens generated at
                       119.2 T/s · prompt 65 tokens, none cached, 65 new in 0.07
                       s · first token 0.08 s, total 3.03 s · draft 241/333
                       accepted (72%) · max_tokens reached
22:24:53.251 INFO:     #268 chat/completions (stream): 66 prompt tokens ·
                       temperature: 0, greedy (req), max_tokens: 12 (req),
                       min_tokens: 12 (req)
22:24:53.251 INFO:     #267 chat/completions (stream): 26 tokens generated at
                       137.4 T/s · prompt 340 tokens, none cached, 340 new in
                       0.22 s (1,545 T/s) · first token 0.23 s, total 0.42 s ·
                       draft 16/30 accepted (53%) · max_tokens reached
22:24:53.379 INFO:     #269 chat/completions (stream): 446 prompt tokens ·
                       temperature: 0, greedy (req), max_tokens: 8 (req),
                       min_tokens: 8 (req)
22:24:53.661 INFO:     #268 chat/completions (stream): 12 tokens generated at
                       257.1 T/s · prompt 66 tokens, none cached, 66 new in 0.07
                       s · first token 0.08 s, total 0.12 s · draft 9/9 accepted
                       (100%) · max_tokens reached
22:24:53.702 INFO:     #270 chat/completions (stream): 99 prompt tokens ·
                       temperature: 0, greedy (req), max_tokens: 429 (req),
                       min_tokens: 429 (req)
22:24:53.815 INFO:     #269 chat/completions (stream): 8 tokens generated at
                       175.8 T/s · prompt 446 tokens, none cached, 446 new in
                       0.23 s (1,939 T/s) · first token 0.24 s, total 0.28 s ·
                       draft 5/9 accepted (56%) · max_tokens reached
22:24:53.863 INFO:     #271 chat/completions (stream): 70 prompt tokens ·
                       temperature: 0, greedy (req), max_tokens: 772 (req),
                       min_tokens: 772 (req)
22:24:54.214 INFO:     #266 chat/completions (stream): 150 tokens generated at
                       87.0 T/s · prompt 64 tokens, none cached, 64 new in 0.07
                       s · first token 0.08 s, total 1.80 s · draft 89/183
                       accepted (49%) · max_tokens reached
22:24:54.264 INFO:     #272 chat/completions (stream): 391 prompt tokens ·
                       temperature: 0, greedy (req), max_tokens: 46 (req),
                       min_tokens: 46 (req)
22:24:54.839 INFO:     #272 chat/completions (stream): 46 tokens generated at
                       175.0 T/s · prompt 391 tokens, none cached, 391 new in
                       0.24 s (1,629 T/s) · first token 0.24 s, total 0.51 s ·
                       draft 31/45 accepted (69%) · max_tokens reached
22:24:54.888 INFO:     #273 chat/completions (stream): 60 prompt tokens ·
                       temperature: 0, greedy (req), max_tokens: 75 (req),
                       min_tokens: 75 (req)
22:24:55.151 INFO:     #265 chat/completions (stream): 279 tokens generated at
                       100.3 T/s · prompt 72 tokens, none cached, 72 new in 0.08
                       s · first token 0.09 s, total 2.87 s · draft 179/300
                       accepted (60%) · max_tokens reached
22:24:55.216 INFO:     #274 chat/completions (stream): 691 prompt tokens ·
                       temperature: 0, greedy (req), max_tokens: 139 (req),
                       min_tokens: 139 (req)
22:24:55.742 INFO:     #273 chat/completions (stream): 75 tokens generated at
                       105.0 T/s · prompt 60 tokens, none cached, 60 new in 0.07
                       s · first token 0.08 s, total 0.79 s · draft 49/78
                       accepted (63%) · max_tokens reached
22:24:55.790 INFO:     #275 chat/completions (stream): 68 prompt tokens ·
                       temperature: 0, greedy (req), max_tokens: 282 (req),
                       min_tokens: 282 (req)
22:24:56.537 INFO:     #274 chat/completions (stream): 139 tokens generated at
                       140.6 T/s · prompt 691 tokens, none cached, 691 new in
                       0.26 s (2,658 T/s) · first token 0.27 s, total 1.25 s ·
                       draft 88/153 accepted (58%) · max_tokens reached
22:24:56.586 INFO:     #276 chat/completions (stream): 63 prompt tokens ·
                       temperature: 0, greedy (req), max_tokens: 98 (req),
                       min_tokens: 98 (req)
22:24:57.305 INFO:     #276 chat/completions (stream): 98 tokens generated at
                       169.2 T/s · prompt 63 tokens, none cached, 63 new in 0.07
                       s · first token 0.08 s, total 0.65 s · draft 66/96
                       accepted (69%) · max_tokens reached
22:24:57.356 INFO:     #277 chat/completions (stream): 815 prompt tokens ·
                       temperature: 0, greedy (req), max_tokens: 282 (req),
                       min_tokens: 282 (req)
22:24:58.023 INFO:     #270 chat/completions (stream): 429 tokens generated at
                       103.1 T/s · prompt 99 tokens, none cached, 99 new in 0.09
                       s · first token 0.10 s, total 4.26 s · draft 252/531
                       accepted (47%) · max_tokens reached
22:24:58.072 INFO:     #278 chat/completions (stream): 84 prompt tokens ·
                       temperature: 0, greedy (req), max_tokens: 278 (req),
                       min_tokens: 278 (req)
22:24:58.392 INFO:     #275 chat/completions (stream): 282 tokens generated at
                       114.8 T/s · prompt 68 tokens, none cached, 68 new in 0.07
                       s · first token 0.08 s, total 2.53 s · draft 167/345
                       accepted (48%) · max_tokens reached
22:24:58.441 INFO:     #279 chat/completions (stream): 60 prompt tokens ·
                       temperature: 0, greedy (req), max_tokens: 202 (req),
                       min_tokens: 202 (req)
22:24:59.867 INFO:     #277 chat/completions (stream): 282 tokens generated at
                       129.5 T/s · prompt 815 tokens, none cached, 815 new in
                       0.26 s (3,135 T/s) · first token 0.27 s, total 2.44 s ·
                       draft 169/339 accepted (50%) · max_tokens reached
22:24:59.917 INFO:     #280 chat/completions (stream): 62 prompt tokens ·
                       temperature: 0, greedy (req), max_tokens: 105 (req),
                       min_tokens: 105 (req)
22:25:00.144 INFO:     #278 chat/completions (stream): 278 tokens generated at
                       144.8 T/s · prompt 84 tokens, none cached, 84 new in 0.08
                       s · first token 0.09 s, total 2.01 s · draft 179/297
                       accepted (60%) · max_tokens reached
22:25:00.202 INFO:     #281 chat/completions (stream): 61 prompt tokens ·
                       temperature: 0, greedy (req), max_tokens: 61 (req),
                       min_tokens: 61 (req)
22:25:00.376 INFO:     #279 chat/completions (stream): 202 tokens generated at
                       112.5 T/s · prompt 60 tokens, none cached, 60 new in 0.07
                       s · first token 0.08 s, total 1.87 s · draft 110/276
                       accepted (40%) · max_tokens reached
22:25:00.418 INFO:     #282 chat/completions (stream): 65 prompt tokens ·
                       temperature: 0, greedy (req), max_tokens: 210 (req),
                       min_tokens: 210 (req)
22:25:00.522 INFO:     #271 chat/completions (stream): 772 tokens generated at
                       119.8 T/s · prompt 70 tokens, none cached, 70 new in 0.08
                       s · first token 0.09 s, total 6.53 s · draft 479/879
                       accepted (54%) · max_tokens reached
22:25:00.570 INFO:     #283 chat/completions (stream): 60 prompt tokens ·
                       temperature: 0, greedy (req), max_tokens: 41 (req),
                       min_tokens: 41 (req)
22:25:00.842 INFO:     #281 chat/completions (stream): 61 tokens generated at
                       122.0 T/s · prompt 61 tokens, none cached, 61 new in 0.07
                       s · first token 0.08 s, total 0.58 s · draft 39/66
                       accepted (59%) · max_tokens reached
22:25:00.887 INFO:     #284 chat/completions (stream): 60 prompt tokens ·
                       temperature: 0, greedy (req), max_tokens: 287 (req),
                       min_tokens: 287 (req)
22:25:01.009 INFO:     #283 chat/completions (stream): 41 tokens generated at
                       178.6 T/s · prompt 60 tokens, none cached, 60 new in 0.07
                       s · first token 0.07 s, total 0.30 s · draft 27/42
                       accepted (64%) · max_tokens reached
22:25:01.048 INFO:     #285 chat/completions (stream): 70 prompt tokens ·
                       temperature: 0, greedy (req), max_tokens: 276 (req),
                       min_tokens: 276 (req)
22:25:01.144 INFO:     #280 chat/completions (stream): 105 tokens generated at
                       103.6 T/s · prompt 62 tokens, none cached, 62 new in 0.07
                       s · first token 0.08 s, total 1.09 s · draft 61/132
                       accepted (46%) · max_tokens reached
22:25:01.202 INFO:     #286 chat/completions (stream): 107 prompt tokens ·
                       temperature: 0, greedy (req), max_tokens: 176 (req),
                       min_tokens: 176 (req)
22:25:02.120 INFO:     #282 chat/completions (stream): 210 tokens generated at
                       134.3 T/s · prompt 65 tokens, none cached, 65 new in 0.07
                       s · first token 0.08 s, total 1.64 s · draft 137/219
                       accepted (63%) · max_tokens reached
22:25:02.172 INFO:     #288 chat/completions (stream): 987 prompt tokens ·
                       temperature: 0, greedy (req), max_tokens: 113 (req),
                       min_tokens: 113 (req)
22:25:02.644 INFO:     #286 chat/completions (stream): 176 tokens generated at
                       137.5 T/s · prompt 107 tokens, none cached, 107 new in
                       0.09 s · first token 0.09 s, total 1.38 s · draft 120/168
                       accepted (71%) · max_tokens reached
22:25:02.695 INFO:     #289 chat/completions (stream): 731 prompt tokens ·
                       temperature: 0, greedy (req), max_tokens: 694 (req),
                       min_tokens: 694 (req)
22:25:03.498 INFO:     #288 chat/completions (stream): 113 tokens generated at
                       120.2 T/s · prompt 987 tokens, none cached, 987 new in
                       0.32 s (3,084 T/s) · first token 0.33 s, total 1.27 s ·
                       draft 74/117 accepted (63%) · max_tokens reached
22:25:03.548 INFO:     #290 chat/completions (stream): 67 prompt tokens ·
                       temperature: 0, greedy (req), max_tokens: 84 (req),
                       min_tokens: 84 (req)
22:25:04.001 INFO:     #284 chat/completions (stream): 287 tokens generated at
                       96.4 T/s · prompt 60 tokens, none cached, 60 new in 0.07
                       s · first token 0.08 s, total 3.05 s · draft 163/372
                       accepted (44%) · max_tokens reached
22:25:04.042 INFO:     #291 chat/completions (stream): 91 prompt tokens ·
                       temperature: 0, greedy (req), max_tokens: 464 (req),
                       min_tokens: 464 (req)
22:25:04.043 INFO:     #285 chat/completions (stream): 276 tokens generated at
                       96.6 T/s · prompt 70 tokens, none cached, 70 new in 0.08
                       s · first token 0.08 s, total 2.94 s · draft 155/363
                       accepted (43%) · max_tokens reached
22:25:04.200 INFO:     #292 chat/completions (stream): 114 prompt tokens ·
                       temperature: 0, greedy (req), max_tokens: 425 (req),
                       min_tokens: 425 (req)
22:25:04.458 INFO:     #290 chat/completions (stream): 84 tokens generated at
                       110.1 T/s · prompt 67 tokens, none cached, 67 new in 0.08
                       s · first token 0.09 s, total 0.85 s · draft 52/96
                       accepted (54%) · max_tokens reached
22:25:04.506 INFO:     #293 chat/completions (stream): 60 prompt tokens ·
                       temperature: 0, greedy (req), max_tokens: 64 (req),
                       min_tokens: 64 (req)
22:25:05.036 INFO:     #293 chat/completions (stream): 64 tokens generated at
                       164.0 T/s · prompt 60 tokens, none cached, 60 new in 0.07
                       s · first token 0.08 s, total 0.47 s · draft 42/66
                       accepted (64%) · max_tokens reached
22:25:05.086 INFO:     #294 chat/completions (stream): 89 prompt tokens ·
                       temperature: 0, greedy (req), max_tokens: 609 (req),
                       min_tokens: 609 (req)
22:25:07.433 INFO:     #292 chat/completions (stream): 425 tokens generated at
                       138.6 T/s · prompt 114 tokens, none cached, 114 new in
                       0.10 s · first token 0.10 s, total 3.17 s · draft 264/483
                       accepted (55%) · max_tokens reached
22:25:07.484 INFO:     #295 chat/completions (stream): 648 prompt tokens ·
                       temperature: 0, greedy (req), max_tokens: 6 (req),
                       min_tokens: 6 (req)
22:25:07.866 INFO:     #295 chat/completions (stream): 6 tokens generated at
                       168.6 T/s · prompt 648 tokens, none cached, 648 new in
                       0.28 s (2,314 T/s) · first token 0.29 s, total 0.32 s ·
                       draft 4/6 accepted (67%) · max_tokens reached
22:25:07.915 INFO:     #296 chat/completions (stream): 113 prompt tokens ·
                       temperature: 0, greedy (req), max_tokens: 71 (req),
                       min_tokens: 71 (req)
22:25:08.320 INFO:     #291 chat/completions (stream): 464 tokens generated at
                       112.6 T/s · prompt 91 tokens, none cached, 91 new in 0.08
                       s · first token 0.09 s, total 4.21 s · draft 270/582
                       accepted (46%) · max_tokens reached
22:25:08.369 INFO:     #297 chat/completions (stream): 68 prompt tokens ·
                       temperature: 0, greedy (req), max_tokens: 169 (req),
                       min_tokens: 169 (req)
22:25:08.515 INFO:     #296 chat/completions (stream): 71 tokens generated at
                       201.9 T/s · prompt 113 tokens, none cached, 113 new in
                       0.10 s · first token 0.11 s, total 0.46 s · draft 51/60
                       accepted (85%) · max_tokens reached
22:25:08.565 INFO:     #298 chat/completions (stream): 164 prompt tokens ·
                       temperature: 0, greedy (req), max_tokens: 302 (req),
                       min_tokens: 302 (req)
22:25:08.850 INFO:     #289 chat/completions (stream): 694 tokens generated at
                       119.3 T/s · prompt 731 tokens, none cached, 731 new in
                       0.27 s (2,707 T/s) · first token 0.28 s, total 6.09 s ·
                       draft 422/816 accepted (52%) · max_tokens reached
22:25:08.899 INFO:     #299 chat/completions (stream): 75 prompt tokens ·
                       temperature: 0, greedy (req), max_tokens: 306 (req),
                       min_tokens: 306 (req)
22:25:09.726 INFO:     #297 chat/completions (stream): 169 tokens generated at
                       139.2 T/s · prompt 68 tokens, none cached, 68 new in 0.07
                       s · first token 0.08 s, total 1.29 s · draft 110/177
                       accepted (62%) · max_tokens reached
22:25:09.776 INFO:     #300 chat/completions (stream): 256 prompt tokens ·
                       temperature: 0, greedy (req), max_tokens: 28 (req),
                       min_tokens: 28 (req)
22:25:10.105 INFO:     #294 chat/completions (stream): 609 tokens generated at
                       125.2 T/s · prompt 89 tokens, none cached, 89 new in 0.08
                       s · first token 0.09 s, total 4.95 s · draft 378/693
                       accepted (55%) · max_tokens reached
22:25:10.146 INFO:     #301 chat/completions (stream): 137 prompt tokens ·
                       temperature: 0, greedy (req), max_tokens: 52 (req),
                       min_tokens: 52 (req)
22:25:10.277 INFO:     #300 chat/completions (stream): 28 tokens generated at
                       135.0 T/s · prompt 256 tokens, none cached, 256 new in
                       0.11 s (2,327 T/s) · first token 0.12 s, total 0.32 s ·
                       draft 16/36 accepted (44%) · max_tokens reached
22:25:10.329 INFO:     #302 chat/completions (stream): 840 prompt tokens ·
                       temperature: 0, greedy (req), max_tokens: 11 (req),
                       min_tokens: 11 (req)
22:25:10.774 INFO:     #302 chat/completions (stream): 11 tokens generated at
                       124.3 T/s · prompt 840 tokens, none cached, 840 new in
                       0.29 s (2,897 T/s) · first token 0.30 s, total 0.38 s ·
                       draft 6/15 accepted (40%) · max_tokens reached
22:25:10.819 INFO:     #303 chat/completions (stream): 77 prompt tokens ·
                       temperature: 0, greedy (req), max_tokens: 259 (req),
                       min_tokens: 259 (req)
22:25:10.952 INFO:     #301 chat/completions (stream): 52 tokens generated at
                       95.5 T/s · prompt 137 tokens, none cached, 137 new in
                       0.11 s · first token 0.12 s, total 0.66 s · draft 36/48
                       accepted (75%) · max_tokens reached
22:25:11.003 INFO:     #304 chat/completions (stream): 434 prompt tokens ·
                       temperature: 0, greedy (req), max_tokens: 25 (req),
                       min_tokens: 25 (req)
22:25:11.442 INFO:     #304 chat/completions (stream): 25 tokens generated at
                       175.1 T/s · prompt 434 tokens, none cached, 434 new in
                       0.23 s (1,887 T/s) · first token 0.24 s, total 0.38 s ·
                       draft 17/24 accepted (71%) · max_tokens reached
22:25:11.492 INFO:     #305 chat/completions (stream): 136 prompt tokens ·
                       temperature: 0, greedy (req), max_tokens: 292 (req),
                       min_tokens: 292 (req)
22:25:11.740 INFO:     #298 chat/completions (stream): 302 tokens generated at
                       100.2 T/s · prompt 164 tokens, none cached, 164 new in
                       0.09 s · first token 0.10 s, total 3.11 s · draft 185/351
                       accepted (53%) · max_tokens reached
22:25:11.788 INFO:     #306 chat/completions (stream): 151 prompt tokens ·
                       temperature: 0, greedy (req), max_tokens: 435 (req),
                       min_tokens: 435 (req)
22:25:11.997 INFO:     #299 chat/completions (stream): 306 tokens generated at
                       103.7 T/s · prompt 75 tokens, none cached, 75 new in 0.08
                       s · first token 0.09 s, total 3.04 s · draft 193/339
                       accepted (57%) · max_tokens reached
22:25:12.049 INFO:     #307 chat/completions (stream): 884 prompt tokens ·
                       temperature: 0, greedy (req), max_tokens: 18 (req),
                       min_tokens: 18 (req)
22:25:12.535 INFO:     #307 chat/completions (stream): 18 tokens generated at
                       169.3 T/s · prompt 884 tokens, none cached, 884 new in
                       0.31 s (2,852 T/s) · first token 0.32 s, total 0.42 s ·
                       draft 12/18 accepted (67%) · max_tokens reached
22:25:12.586 INFO:     #308 chat/completions (stream): 311 prompt tokens ·
                       temperature: 0, greedy (req), max_tokens: 195 (req),
                       min_tokens: 195 (req)
22:25:13.575 INFO:     #303 chat/completions (stream): 259 tokens generated at
                       99.4 T/s · prompt 77 tokens, none cached, 77 new in 0.08
                       s · first token 0.09 s, total 2.69 s · draft 162/291
                       accepted (56%) · max_tokens reached
22:25:13.628 INFO:     #309 chat/completions (stream): 425 prompt tokens ·
                       temperature: 0, greedy (req), max_tokens: 28 (req),
                       min_tokens: 28 (req)
22:25:14.143 INFO:     #309 chat/completions (stream): 28 tokens generated at
                       130.8 T/s · prompt 425 tokens, none cached, 425 new in
                       0.23 s (1,848 T/s) · first token 0.24 s, total 0.45 s ·
                       draft 16/36 accepted (44%) · max_tokens reached
22:25:14.199 INFO:     #310 chat/completions (stream): 804 prompt tokens ·
                       temperature: 0, greedy (req), max_tokens: 15 (req),
                       min_tokens: 15 (req)
22:25:14.200 INFO:     #305 chat/completions (stream): 292 tokens generated at
                       115.8 T/s · prompt 136 tokens, none cached, 136 new in
                       0.11 s · first token 0.12 s, total 2.64 s · draft 194/294
                       accepted (66%) · max_tokens reached
22:25:14.496 INFO:     #311 chat/completions (stream): 614 prompt tokens ·
                       temperature: 0, greedy (req), max_tokens: 11 (req),
                       min_tokens: 11 (req)
22:25:14.847 INFO:     #310 chat/completions (stream): 15 tokens generated at
                       46.2 T/s · prompt 804 tokens, none cached, 804 new in
                       0.26 s (3,092 T/s) · first token 0.27 s, total 0.59 s ·
                       draft 10/15 accepted (67%) · max_tokens reached
22:25:14.875 INFO:     #311 chat/completions (stream): 11 tokens generated at
                       169.5 T/s · prompt 614 tokens, none cached, 614 new in
                       0.25 s (2,456 T/s) · first token 0.26 s, total 0.32 s ·
                       draft 7/12 accepted (58%) · max_tokens reached
22:25:14.889 INFO:     #312 chat/completions (stream): 289 prompt tokens ·
                       temperature: 0, greedy (req), max_tokens: 22 (req),
                       min_tokens: 22 (req)
22:25:15.070 INFO:     #313 chat/completions (stream): 63 prompt tokens ·
                       temperature: 0, greedy (req), max_tokens: 193 (req),
                       min_tokens: 193 (req)
22:25:15.218 INFO:     #308 chat/completions (stream): 195 tokens generated at
                       86.0 T/s · prompt 311 tokens, none cached, 311 new in
                       0.21 s (1,481 T/s) · first token 0.22 s, total 2.48 s ·
                       draft 114/243 accepted (47%) · max_tokens reached
22:25:15.261 INFO:     #314 chat/completions (stream): 225 prompt tokens ·
                       temperature: 0, greedy (req), max_tokens: 242 (req),
                       min_tokens: 242 (req)
22:25:15.404 INFO:     #312 chat/completions (stream): 22 tokens generated at
                       122.4 T/s · prompt 289 tokens, none cached, 289 new in
                       0.16 s (1,806 T/s) · first token 0.17 s, total 0.35 s ·
                       draft 16/18 accepted (89%) · max_tokens reached
22:25:15.453 INFO:     #315 chat/completions (stream): 70 prompt tokens ·
                       temperature: 0, greedy (req), max_tokens: 102 (req),
                       min_tokens: 102 (req)
22:25:16.199 INFO:     #315 chat/completions (stream): 102 tokens generated at
                       174.6 T/s · prompt 70 tokens, none cached, 70 new in 0.08
                       s · first token 0.09 s, total 0.67 s · draft 69/99
                       accepted (70%) · max_tokens reached
22:25:16.248 INFO:     #316 chat/completions (stream): 248 prompt tokens ·
                       temperature: 0, greedy (req), max_tokens: 8 (req),
                       min_tokens: 8 (req)
22:25:16.478 INFO:     #316 chat/completions (stream): 8 tokens generated at
                       156.7 T/s · prompt 248 tokens, none cached, 248 new in
                       0.11 s · first token 0.12 s, total 0.17 s · draft 5/9
                       accepted (56%) · max_tokens reached
22:25:16.518 INFO:     #317 chat/completions (stream): 91 prompt tokens ·
                       temperature: 0, greedy (req), max_tokens: 333 (req),
                       min_tokens: 333 (req)
22:25:16.519 INFO:     #306 chat/completions (stream): 435 tokens generated at
                       94.9 T/s · prompt 151 tokens, none cached, 151 new in
                       0.09 s · first token 0.09 s, total 4.68 s · draft 271/492
                       accepted (55%) · max_tokens reached
22:25:16.657 INFO:     #318 chat/completions (stream): 86 prompt tokens ·
                       temperature: 0, greedy (req), max_tokens: 334 (req),
                       min_tokens: 334 (req)
22:25:16.864 INFO:     #313 chat/completions (stream): 193 tokens generated at
                       116.7 T/s · prompt 63 tokens, none cached, 63 new in 0.07
                       s · first token 0.08 s, total 1.73 s · draft 125/204
                       accepted (61%) · max_tokens reached
22:25:16.914 INFO:     #319 chat/completions (stream): 322 prompt tokens ·
                       temperature: 0, greedy (req), max_tokens: 326 (req),
                       min_tokens: 326 (req)
22:25:17.390 INFO:     #314 chat/completions (stream): 242 tokens generated at
                       124.0 T/s · prompt 225 tokens, none cached, 225 new in
                       0.11 s · first token 0.12 s, total 2.07 s · draft 162/240
                       accepted (68%) · max_tokens reached
22:25:17.439 INFO:     #321 chat/completions (stream): 81 prompt tokens ·
                       temperature: 0, greedy (req), max_tokens: 353 (req),
                       min_tokens: 353 (req)
22:25:19.417 INFO:     #318 chat/completions (stream): 334 tokens generated at
                       127.9 T/s · prompt 86 tokens, none cached, 86 new in 0.08
                       s · first token 0.08 s, total 2.70 s · draft 203/393
                       accepted (52%) · max_tokens reached
22:25:19.445 INFO:     #317 chat/completions (stream): 333 tokens generated at
                       119.8 T/s · prompt 91 tokens, none cached, 91 new in 0.08
                       s · first token 0.09 s, total 2.87 s · draft 197/408
                       accepted (48%) · max_tokens reached
22:25:19.460 INFO:     #322 chat/completions (stream): 218 prompt tokens ·
                       temperature: 0, greedy (req), max_tokens: 599 (req),
                       min_tokens: 599 (req)
22:25:19.605 INFO:     #323 chat/completions (stream): 274 prompt tokens ·
                       temperature: 0, greedy (req), max_tokens: 94 (req),
                       min_tokens: 94 (req)
22:25:19.962 INFO:     #319 chat/completions (stream): 326 tokens generated at
                       117.7 T/s · prompt 322 tokens, none cached, 322 new in
                       0.21 s (1,533 T/s) · first token 0.21 s, total 2.98 s ·
                       draft 189/411 accepted (46%) · max_tokens reached
22:25:20.011 INFO:     #324 chat/completions (stream): 90 prompt tokens ·
                       temperature: 0, greedy (req), max_tokens: 1439 (req),
                       min_tokens: 1439 (req)
22:25:20.566 INFO:     #323 chat/completions (stream): 94 tokens generated at
                       129.0 T/s · prompt 274 tokens, none cached, 274 new in
                       0.16 s (1,712 T/s) · first token 0.17 s, total 0.89 s ·
                       draft 58/108 accepted (54%) · max_tokens reached
22:25:20.615 INFO:     #325 chat/completions (stream): 322 prompt tokens ·
                       temperature: 0, greedy (req), max_tokens: 23 (req),
                       min_tokens: 23 (req)
22:25:20.890 INFO:     #321 chat/completions (stream): 353 tokens generated at
                       109.4 T/s · prompt 81 tokens, none cached, 81 new in 0.08
                       s · first token 0.09 s, total 3.31 s · draft 197/468
                       accepted (42%) · max_tokens reached
22:25:20.941 INFO:     #326 chat/completions (stream): 628 prompt tokens ·
                       temperature: 0, greedy (req), max_tokens: 93 (req),
                       min_tokens: 93 (req)
22:25:21.266 INFO:     #325 chat/completions (stream): 23 tokens generated at
                       82.8 T/s · prompt 322 tokens, none cached, 322 new in
                       0.21 s (1,533 T/s) · first token 0.22 s, total 0.49 s ·
                       draft 15/24 accepted (62%) · max_tokens reached
22:25:21.316 INFO:     #327 chat/completions (stream): 73 prompt tokens ·
                       temperature: 0, greedy (req), max_tokens: 327 (req),
                       min_tokens: 327 (req)
22:25:21.975 INFO:     #326 chat/completions (stream): 93 tokens generated at
                       131.5 T/s · prompt 628 tokens, none cached, 628 new in
                       0.26 s (2,415 T/s) · first token 0.27 s, total 0.97 s ·
                       draft 57/108 accepted (53%) · max_tokens reached
22:25:22.024 INFO:     #328 chat/completions (stream): 90 prompt tokens ·
                       temperature: 0, greedy (req), max_tokens: 131 (req),
                       min_tokens: 131 (req)
22:25:22.941 INFO:     #328 chat/completions (stream): 131 tokens generated at
                       171.8 T/s · prompt 90 tokens, none cached, 90 new in 0.09
                       s · first token 0.10 s, total 0.86 s · draft 89/126
                       accepted (71%) · max_tokens reached
22:25:22.992 INFO:     #329 chat/completions (stream): 828 prompt tokens ·
                       temperature: 0, greedy (req), max_tokens: 39 (req),
                       min_tokens: 39 (req)
22:25:23.591 INFO:     #329 chat/completions (stream): 39 tokens generated at
                       167.6 T/s · prompt 828 tokens, none cached, 828 new in
                       0.30 s (2,760 T/s) · first token 0.31 s, total 0.54 s ·
                       draft 26/39 accepted (67%) · max_tokens reached
22:25:23.642 INFO:     #330 chat/completions (stream): 579 prompt tokens ·
                       temperature: 0, greedy (req), max_tokens: 213 (req),
                       min_tokens: 213 (req)
22:25:24.351 INFO:     #327 chat/completions (stream): 327 tokens generated at
                       113.1 T/s · prompt 73 tokens, none cached, 73 new in 0.08
                       s · first token 0.09 s, total 2.98 s · draft 198/387
                       accepted (51%) · max_tokens reached
22:25:24.400 INFO:     #331 chat/completions (stream): 57 prompt tokens ·
                       temperature: 0, greedy (req), max_tokens: 56 (req),
                       min_tokens: 56 (req)
22:25:24.967 INFO:     #331 chat/completions (stream): 56 tokens generated at
                       131.0 T/s · prompt 57 tokens, none cached, 57 new in 0.07
                       s · first token 0.08 s, total 0.50 s · draft 32/72
                       accepted (44%) · max_tokens reached
22:25:25.011 INFO:     #332 chat/completions (stream): 56 prompt tokens ·
                       temperature: 0, greedy (req), max_tokens: 277 (req),
                       min_tokens: 277 (req)
22:25:25.117 INFO:     #322 chat/completions (stream): 599 tokens generated at
                       110.8 T/s · prompt 218 tokens, none cached, 218 new in
                       0.11 s · first token 0.12 s, total 5.53 s · draft 372/681
                       accepted (55%) · max_tokens reached
22:25:25.166 INFO:     #333 chat/completions (stream): 196 prompt tokens ·
                       temperature: 0, greedy (req), max_tokens: 362 (req),
                       min_tokens: 362 (req)
22:25:25.861 INFO:     #330 chat/completions (stream): 213 tokens generated at
                       111.5 T/s · prompt 579 tokens, none cached, 579 new in
                       0.24 s (2,412 T/s) · first token 0.25 s, total 2.16 s ·
                       draft 119/282 accepted (42%) · max_tokens reached
22:25:25.909 INFO:     #334 chat/completions (stream): 81 prompt tokens ·
                       temperature: 0, greedy (req), max_tokens: 1003 (req),
                       min_tokens: 1003 (req)
22:25:27.135 INFO:     #332 chat/completions (stream): 277 tokens generated at
                       139.6 T/s · prompt 56 tokens, none cached, 56 new in 0.07
                       s · first token 0.08 s, total 2.06 s · draft 177/300
                       accepted (59%) · max_tokens reached
22:25:27.198 INFO:     #335 chat/completions (stream): 255 prompt tokens ·
                       temperature: 0, greedy (req), max_tokens: 819 (req),
                       min_tokens: 819 (req)
22:25:28.009 INFO:     #333 chat/completions (stream): 362 tokens generated at
                       136.5 T/s · prompt 196 tokens, none cached, 196 new in
                       0.12 s · first token 0.13 s, total 2.78 s · draft 225/411
                       accepted (55%) · max_tokens reached
22:25:28.062 INFO:     #336 chat/completions (stream): 891 prompt tokens ·
                       temperature: 0, greedy (req), max_tokens: 37 (req),
                       min_tokens: 37 (req)
22:25:28.634 INFO:     #336 chat/completions (stream): 37 tokens generated at
                       171.8 T/s · prompt 891 tokens, none cached, 891 new in
                       0.29 s (3,072 T/s) · first token 0.30 s, total 0.51 s ·
                       draft 25/36 accepted (69%) · max_tokens reached
22:25:28.685 INFO:     #337 chat/completions (stream): 442 prompt tokens ·
                       temperature: 0, greedy (req), max_tokens: 43 (req),
                       min_tokens: 43 (req)
22:25:29.318 INFO:     #337 chat/completions (stream): 43 tokens generated at
                       130.8 T/s · prompt 442 tokens, none cached, 442 new in
                       0.23 s (1,922 T/s) · first token 0.24 s, total 0.56 s ·
                       draft 25/54 accepted (46%) · max_tokens reached
22:25:29.367 INFO:     #338 chat/completions (stream): 63 prompt tokens ·
                       temperature: 0, greedy (req), max_tokens: 241 (req),
                       min_tokens: 241 (req)
22:25:29.960 WARNING:  #324 chat/completions (stream): generation stopped
                       because a token loop was detected
22:25:30.024 INFO:     #324 chat/completions (stream): 1,363 tokens generated at
                       138.3 T/s · prompt 90 tokens, none cached, 90 new in 0.08
                       s · first token 0.09 s, total 9.94 s · draft 927/1308
                       accepted (71%) · loop detected
22:25:30.073 INFO:     #339 chat/completions (stream): 155 prompt tokens ·
                       temperature: 0, greedy (req), max_tokens: 692 (req),
                       min_tokens: 692 (req)
22:25:31.497 INFO:     #338 chat/completions (stream): 241 tokens generated at
                       121.2 T/s · prompt 63 tokens, none cached, 63 new in 0.07
                       s · first token 0.08 s, total 2.06 s · draft 135/318
                       accepted (42%) · max_tokens reached
22:25:31.547 INFO:     #340 chat/completions (stream): 340 prompt tokens ·
                       temperature: 0, greedy (req), max_tokens: 14 (req),
                       min_tokens: 14 (req)
22:25:31.909 INFO:     #340 chat/completions (stream): 14 tokens generated at
                       196.4 T/s · prompt 340 tokens, none cached, 340 new in
                       0.22 s (1,545 T/s) · first token 0.23 s, total 0.30 s ·
                       draft 10/12 accepted (83%) · max_tokens reached
22:25:31.957 INFO:     #341 chat/completions (stream): 59 prompt tokens ·
                       temperature: 0, greedy (req), max_tokens: 35 (req),
                       min_tokens: 35 (req)
22:25:32.338 INFO:     #341 chat/completions (stream): 35 tokens generated at
                       142.5 T/s · prompt 59 tokens, none cached, 59 new in 0.07
                       s · first token 0.08 s, total 0.32 s · draft 22/39
                       accepted (56%) · max_tokens reached
22:25:32.378 INFO:     #343 chat/completions (stream): 71 prompt tokens ·
                       temperature: 0, greedy (req), max_tokens: 88 (req),
                       min_tokens: 88 (req)
22:25:32.379 INFO:     #334 chat/completions (stream): 1,003 tokens generated at
                       158.5 T/s · prompt 81 tokens, none cached, 81 new in 0.08
                       s · first token 0.09 s, total 6.41 s · draft 708/885
                       accepted (80%) · max_tokens reached
22:25:32.511 INFO:     #344 chat/completions (stream): 282 prompt tokens ·
                       temperature: 0, greedy (req), max_tokens: 6 (req),
                       min_tokens: 6 (req)
22:25:32.776 INFO:     #344 chat/completions (stream): 6 tokens generated at
                       170.3 T/s · prompt 282 tokens, none cached, 282 new in
                       0.16 s (1,762 T/s) · first token 0.17 s, total 0.20 s ·
                       draft 4/6 accepted (67%) · max_tokens reached
22:25:32.825 INFO:     #345 chat/completions (stream): 94 prompt tokens ·
                       temperature: 0, greedy (req), max_tokens: 262 (req),
                       min_tokens: 262 (req)
22:25:33.370 INFO:     #343 chat/completions (stream): 88 tokens generated at
                       104.0 T/s · prompt 71 tokens, none cached, 71 new in 0.08
                       s · first token 0.09 s, total 0.93 s · draft 54/102
                       accepted (53%) · max_tokens reached
22:25:33.421 INFO:     #346 chat/completions (stream): 491 prompt tokens ·
                       temperature: 0, greedy (req), max_tokens: 604 (req),
                       min_tokens: 604 (req)
22:25:34.064 INFO:     #335 chat/completions (stream): 819 tokens generated at
                       122.6 T/s · prompt 255 tokens, none cached, 255 new in
                       0.11 s · first token 0.12 s, total 6.80 s · draft 525/882
                       accepted (60%) · max_tokens reached
22:25:34.115 INFO:     #347 chat/completions (stream): 334 prompt tokens ·
                       temperature: 0, greedy (req), max_tokens: 28 (req),
                       min_tokens: 28 (req)
22:25:34.591 INFO:     #347 chat/completions (stream): 28 tokens generated at
                       150.3 T/s · prompt 334 tokens, none cached, 334 new in
                       0.22 s (1,518 T/s) · first token 0.23 s, total 0.41 s ·
                       draft 18/30 accepted (60%) · max_tokens reached
22:25:34.642 INFO:     #348 chat/completions (stream): 528 prompt tokens ·
                       temperature: 0, greedy (req), max_tokens: 15 (req),
                       min_tokens: 15 (req)
22:25:34.982 INFO:     #348 chat/completions (stream): 15 tokens generated at
                       166.3 T/s · prompt 528 tokens, none cached, 528 new in
                       0.18 s (2,933 T/s) · first token 0.19 s, total 0.28 s ·
                       draft 10/15 accepted (67%) · max_tokens reached
22:25:35.030 INFO:     #349 chat/completions (stream): 67 prompt tokens ·
                       temperature: 0, greedy (req), max_tokens: 318 (req),
                       min_tokens: 318 (req)
22:25:35.217 INFO:     #345 chat/completions (stream): 262 tokens generated at
                       117.6 T/s · prompt 94 tokens, none cached, 94 new in 0.09
                       s · first token 0.10 s, total 2.32 s · draft 174/264
                       accepted (66%) · max_tokens reached
22:25:35.266 INFO:     #350 chat/completions (stream): 416 prompt tokens ·
                       temperature: 0, greedy (req), max_tokens: 10 (req),
                       min_tokens: 10 (req)
22:25:35.624 INFO:     #350 chat/completions (stream): 10 tokens generated at
                       188.9 T/s · prompt 416 tokens, none cached, 416 new in
                       0.24 s (1,733 T/s) · first token 0.25 s, total 0.30 s ·
                       draft 7/9 accepted (78%) · max_tokens reached
22:25:35.674 INFO:     #351 chat/completions (stream): 118 prompt tokens ·
                       temperature: 0, greedy (req), max_tokens: 345 (req),
                       min_tokens: 345 (req)
22:25:37.484 INFO:     #339 chat/completions (stream): 692 tokens generated at
                       95.4 T/s · prompt 155 tokens, none cached, 155 new in
                       0.09 s · first token 0.10 s, total 7.35 s · draft 374/954
                       accepted (39%) · max_tokens reached
22:25:37.535 INFO:     #352 chat/completions (stream): 697 prompt tokens ·
                       temperature: 0, greedy (req), max_tokens: 1321 (req),
                       min_tokens: 1321 (req)
22:25:38.234 INFO:     #349 chat/completions (stream): 318 tokens generated at
                       104.4 T/s · prompt 67 tokens, none cached, 67 new in 0.08
                       s · first token 0.09 s, total 3.13 s · draft 180/414
                       accepted (43%) · max_tokens reached
22:25:38.284 INFO:     #353 chat/completions (stream): 683 prompt tokens ·
                       temperature: 0, greedy (req), max_tokens: 9 (req),
                       min_tokens: 9 (req)
22:25:38.656 INFO:     #351 chat/completions (stream): 345 tokens generated at
                       122.1 T/s · prompt 118 tokens, none cached, 118 new in
                       0.10 s · first token 0.11 s, total 2.93 s · draft 216/387
                       accepted (56%) · max_tokens reached
22:25:38.657 INFO:     #353 chat/completions (stream): 9 tokens generated at
                       169.2 T/s · prompt 683 tokens, none cached, 683 new in
                       0.26 s (2,627 T/s) · first token 0.27 s, total 0.32 s ·
                       draft 6/9 accepted (67%) · max_tokens reached
22:25:38.701 INFO:     #354 chat/completions (stream): 763 prompt tokens ·
                       temperature: 0, greedy (req), max_tokens: 35 (req),
                       min_tokens: 35 (req)
22:25:38.702 INFO:     #355 chat/completions (stream): 596 prompt tokens ·
                       temperature: 0, greedy (req), max_tokens: 11 (req),
                       min_tokens: 11 (req)
22:25:39.343 INFO:     #355 chat/completions (stream): 11 tokens generated at
                       162.7 T/s · prompt 596 tokens, none cached, 596 new in
                       0.35 s (1,703 T/s) · queued 0.16 s, first token 0.51 s,
                       total 0.57 s · draft 7/12 accepted (58%) · max_tokens
                       reached
22:25:39.391 INFO:     #356 chat/completions (stream): 67 prompt tokens ·
                       temperature: 0, greedy (req), max_tokens: 72 (req),
                       min_tokens: 72 (req)
22:25:39.547 INFO:     #354 chat/completions (stream): 35 tokens generated at
                       126.3 T/s · prompt 763 tokens, none cached, 763 new in
                       0.50 s (1,526 T/s) · first token 0.51 s, total 0.79 s ·
                       draft 23/36 accepted (64%) · max_tokens reached
22:25:39.575 INFO:     #346 chat/completions (stream): 604 tokens generated at
                       103.2 T/s · prompt 491 tokens, none cached, 491 new in
                       0.24 s (2,046 T/s) · first token 0.25 s, total 6.10 s ·
                       draft 376/684 accepted (55%) · max_tokens reached
22:25:39.589 INFO:     #357 chat/completions (stream): 266 prompt tokens ·
                       temperature: 0, greedy (req), max_tokens: 6 (req),
                       min_tokens: 6 (req)
22:25:39.757 INFO:     #358 chat/completions (stream): 104 prompt tokens ·
                       temperature: 0, greedy (req), max_tokens: 354 (req),
                       min_tokens: 354 (req)
22:25:39.938 INFO:     #357 chat/completions (stream): 6 tokens generated at
                       45.4 T/s · prompt 266 tokens, none cached, 266 new in
                       0.15 s (1,773 T/s) · first token 0.16 s, total 0.29 s ·
                       draft 4/6 accepted (67%) · max_tokens reached
22:25:39.987 INFO:     #359 chat/completions (stream): 65 prompt tokens ·
                       temperature: 0, greedy (req), max_tokens: 243 (req),
                       min_tokens: 243 (req)
22:25:40.323 INFO:     #356 chat/completions (stream): 72 tokens generated at
                       91.3 T/s · prompt 67 tokens, none cached, 67 new in 0.07
                       s · first token 0.08 s, total 0.86 s · draft 44/84
                       accepted (52%) · max_tokens reached
22:25:40.372 INFO:     #360 chat/completions (stream): 62 prompt tokens ·
                       temperature: 0, greedy (req), max_tokens: 242 (req),
                       min_tokens: 242 (req)
22:25:41.871 INFO:     #359 chat/completions (stream): 243 tokens generated at
                       139.2 T/s · prompt 65 tokens, none cached, 65 new in 0.07
                       s · first token 0.08 s, total 1.82 s · draft 150/279
                       accepted (54%) · max_tokens reached
22:25:41.922 INFO:     #361 chat/completions (stream): 74 prompt tokens ·
                       temperature: 0, greedy (req), max_tokens: 19 (req),
                       min_tokens: 19 (req)
22:25:42.176 INFO:     #361 chat/completions (stream): 19 tokens generated at
                       178.7 T/s · prompt 74 tokens, none cached, 74 new in 0.08
                       s · first token 0.09 s, total 0.19 s · draft 13/18
                       accepted (72%) · max_tokens reached
22:25:42.236 INFO:     #362 chat/completions (stream): 871 prompt tokens ·
                       temperature: 0, greedy (req), max_tokens: 110 (req),
                       min_tokens: 110 (req)
22:25:42.790 INFO:     #360 chat/completions (stream): 242 tokens generated at
                       106.2 T/s · prompt 62 tokens, none cached, 62 new in 0.07
                       s · first token 0.08 s, total 2.36 s · draft 133/327
                       accepted (41%) · max_tokens reached
22:25:42.840 INFO:     #363 chat/completions (stream): 386 prompt tokens ·
                       temperature: 0, greedy (req), max_tokens: 37 (req),
                       min_tokens: 37 (req)
22:25:43.431 INFO:     #363 chat/completions (stream): 37 tokens generated at
                       138.3 T/s · prompt 386 tokens, none cached, 386 new in
                       0.25 s (1,544 T/s) · first token 0.26 s, total 0.52 s ·
                       draft 24/39 accepted (62%) · max_tokens reached
22:25:43.484 INFO:     #364 chat/completions (stream): 365 prompt tokens ·
                       temperature: 0, greedy (req), max_tokens: 10 (req),
                       min_tokens: 10 (req)
22:25:43.832 INFO:     #364 chat/completions (stream): 10 tokens generated at
                       186.2 T/s · prompt 365 tokens, none cached, 365 new in
                       0.23 s (1,587 T/s) · first token 0.24 s, total 0.29 s ·
                       draft 7/9 accepted (78%) · max_tokens reached
22:25:43.846 INFO:     #362 chat/completions (stream): 110 tokens generated at
                       86.0 T/s · prompt 871 tokens, none cached, 871 new in
                       0.27 s (3,226 T/s) · first token 0.28 s, total 1.55 s ·
                       draft 65/135 accepted (48%) · max_tokens reached
22:25:43.875 INFO:     #365 chat/completions (stream): 125 prompt tokens ·
                       temperature: 0, greedy (req), max_tokens: 236 (req),
                       min_tokens: 236 (req)
22:25:43.999 INFO:     #366 chat/completions (stream): 68 prompt tokens ·
                       temperature: 0, greedy (req), max_tokens: 212 (req),
                       min_tokens: 212 (req)
22:25:44.262 INFO:     #358 chat/completions (stream): 354 tokens generated at
                       81.5 T/s · prompt 104 tokens, none cached, 104 new in
                       0.09 s · first token 0.10 s, total 4.44 s · draft 174/540
                       accepted (32%) · max_tokens reached
22:25:44.313 INFO:     #367 chat/completions (stream): 604 prompt tokens ·
                       temperature: 0, greedy (req), max_tokens: 103 (req),
                       min_tokens: 103 (req)
22:25:45.392 INFO:     #367 chat/completions (stream): 103 tokens generated at
                       135.9 T/s · prompt 604 tokens, none cached, 604 new in
                       0.25 s (2,416 T/s) · first token 0.26 s, total 1.01 s ·
                       draft 61/126 accepted (48%) · max_tokens reached
22:25:45.440 INFO:     #368 chat/completions (stream): 62 prompt tokens ·
                       temperature: 0, greedy (req), max_tokens: 76 (req),
                       min_tokens: 76 (req)
22:25:45.724 INFO:     #365 chat/completions (stream): 236 tokens generated at
                       140.8 T/s · prompt 125 tokens, none cached, 125 new in
                       0.10 s · first token 0.11 s, total 1.78 s · draft 164/216
                       accepted (76%) · max_tokens reached
22:25:45.775 INFO:     #369 chat/completions (stream): 87 prompt tokens ·
                       temperature: 0, greedy (req), max_tokens: 22 (req),
                       min_tokens: 22 (req)
22:25:46.029 INFO:     #369 chat/completions (stream): 22 tokens generated at
                       208.8 T/s · prompt 87 tokens, none cached, 87 new in 0.09
                       s · first token 0.10 s, total 0.20 s · draft 16/18
                       accepted (89%) · max_tokens reached
22:25:46.056 INFO:     #366 chat/completions (stream): 212 tokens generated at
                       110.2 T/s · prompt 68 tokens, none cached, 68 new in 0.08
                       s · first token 0.09 s, total 2.01 s · draft 126/258
                       accepted (49%) · max_tokens reached
22:25:46.069 INFO:     #370 chat/completions (stream): 62 prompt tokens ·
                       temperature: 0, greedy (req), max_tokens: 160 (req),
                       min_tokens: 160 (req)
22:25:46.176 INFO:     #371 chat/completions (stream): 103 prompt tokens ·
                       temperature: 0, greedy (req), max_tokens: 483 (req),
                       min_tokens: 483 (req)
22:25:46.355 INFO:     #368 chat/completions (stream): 76 tokens generated at
                       97.8 T/s · prompt 62 tokens, none cached, 62 new in 0.07
                       s · first token 0.08 s, total 0.85 s · draft 45/93
                       accepted (48%) · max_tokens reached
22:25:46.403 INFO:     #372 chat/completions (stream): 58 prompt tokens ·
                       temperature: 0, greedy (req), max_tokens: 30 (req),
                       min_tokens: 30 (req)
22:25:46.715 INFO:     #372 chat/completions (stream): 30 tokens generated at
                       172.8 T/s · prompt 58 tokens, none cached, 58 new in 0.07
                       s · first token 0.08 s, total 0.25 s · draft 20/30
                       accepted (67%) · max_tokens reached
22:25:46.765 INFO:     #373 chat/completions (stream): 71 prompt tokens ·
                       temperature: 0, greedy (req), max_tokens: 68 (req),
                       min_tokens: 68 (req)
22:25:47.413 INFO:     #370 chat/completions (stream): 160 tokens generated at
                       131.5 T/s · prompt 62 tokens, none cached, 62 new in 0.07
                       s · first token 0.08 s, total 1.29 s · draft 104/168
                       accepted (62%) · max_tokens reached
22:25:47.414 INFO:     #373 chat/completions (stream): 68 tokens generated at
                       132.2 T/s · prompt 71 tokens, none cached, 71 new in 0.08
                       s · first token 0.09 s, total 0.60 s · draft 39/87
                       accepted (45%) · max_tokens reached
22:25:47.456 INFO:     #375 chat/completions (stream): 828 prompt tokens ·
                       temperature: 0, greedy (req), max_tokens: 6 (req),
                       min_tokens: 6 (req)
22:25:47.457 INFO:     #376 chat/completions (stream): 93 prompt tokens ·
                       temperature: 0, greedy (req), max_tokens: 257 (req),
                       min_tokens: 257 (req)
22:25:47.903 INFO:     #375 chat/completions (stream): 6 tokens generated at
                       175.6 T/s · prompt 828 tokens, none cached, 828 new in
                       0.34 s (2,435 T/s) · first token 0.35 s, total 0.39 s ·
                       draft 4/6 accepted (67%) · max_tokens reached
22:25:47.952 INFO:     #377 chat/completions (stream): 223 prompt tokens ·
                       temperature: 0, greedy (req), max_tokens: 96 (req),
                       min_tokens: 96 (req)
22:25:48.800 INFO:     #377 chat/completions (stream): 96 tokens generated at
                       143.7 T/s · prompt 223 tokens, none cached, 223 new in
                       0.11 s · first token 0.12 s, total 0.78 s · draft 59/111
                       accepted (53%) · max_tokens reached
22:25:48.852 INFO:     #378 chat/completions (stream): 542 prompt tokens ·
                       temperature: 0, greedy (req), max_tokens: 91 (req),
                       min_tokens: 91 (req)
22:25:49.870 INFO:     #378 chat/completions (stream): 91 tokens generated at
                       119.6 T/s · prompt 542 tokens, none cached, 542 new in
                       0.19 s (2,853 T/s) · first token 0.20 s, total 0.96 s ·
                       draft 50/123 accepted (41%) · max_tokens reached
22:25:49.920 INFO:     #379 chat/completions (stream): 99 prompt tokens ·
                       temperature: 0, greedy (req), max_tokens: 413 (req),
                       min_tokens: 413 (req)
22:25:50.071 INFO:     #376 chat/completions (stream): 257 tokens generated at
                       116.6 T/s · prompt 93 tokens, none cached, 93 new in 0.09
                       s · queued 0.17 s, first token 0.26 s, total 2.47 s ·
                       draft 154/309 accepted (50%) · max_tokens reached
22:25:50.085 INFO:     #352 chat/completions (stream): 1,321 tokens generated at
                       108.0 T/s · prompt 697 tokens, none cached, 697 new in
                       0.26 s (2,681 T/s) · first token 0.27 s, total 12.5 s ·
                       draft 829/1476 accepted (56%) · max_tokens reached
22:25:50.114 INFO:     #380 chat/completions (stream): 382 prompt tokens ·
                       temperature: 0, greedy (req), max_tokens: 794 (req),
                       min_tokens: 794 (req)
22:25:50.251 INFO:     #381 chat/completions (stream): 470 prompt tokens ·
                       temperature: 0, greedy (req), max_tokens: 7 (req),
                       min_tokens: 7 (req)
22:25:50.698 INFO:     #381 chat/completions (stream): 7 tokens generated at
                       209.8 T/s · prompt 470 tokens, none cached, 470 new in
                       0.24 s (1,958 T/s) · queued 0.11 s, first token 0.35 s,
                       total 0.38 s · draft 5/6 accepted (83%) · max_tokens
                       reached
22:25:50.748 INFO:     #382 chat/completions (stream): 74 prompt tokens ·
                       temperature: 0, greedy (req), max_tokens: 535 (req),
                       min_tokens: 535 (req)
22:25:50.983 INFO:     #371 chat/completions (stream): 483 tokens generated at
                       104.1 T/s · prompt 103 tokens, none cached, 103 new in
                       0.10 s · first token 0.10 s, total 4.75 s · draft 296/561
                       accepted (53%) · max_tokens reached
22:25:51.034 INFO:     #383 chat/completions (stream): 787 prompt tokens ·
                       temperature: 0, greedy (req), max_tokens: 9 (req),
                       min_tokens: 9 (req)
22:25:51.379 INFO:     #383 chat/completions (stream): 9 tokens generated at
                       170.9 T/s · prompt 787 tokens, none cached, 787 new in
                       0.22 s (3,577 T/s) · first token 0.23 s, total 0.28 s ·
                       draft 6/9 accepted (67%) · max_tokens reached
22:25:51.428 INFO:     #384 chat/completions (stream): 87 prompt tokens ·
                       temperature: 0, greedy (req), max_tokens: 696 (req),
                       min_tokens: 696 (req)
22:25:53.927 INFO:     #379 chat/completions (stream): 413 tokens generated at
                       107.4 T/s · prompt 99 tokens, none cached, 99 new in 0.09
                       s · first token 0.10 s, total 3.94 s · draft 242/513
                       accepted (47%) · max_tokens reached
22:25:53.979 INFO:     #385 chat/completions (stream): 307 prompt tokens ·
                       temperature: 0, greedy (req), max_tokens: 204 (req),
                       min_tokens: 204 (req)
22:25:55.465 INFO:     #382 chat/completions (stream): 535 tokens generated at
                       117.1 T/s · prompt 74 tokens, none cached, 74 new in 0.08
                       s · first token 0.09 s, total 4.66 s · draft 308/681
                       accepted (45%) · max_tokens reached
22:25:55.513 INFO:     #386 chat/completions (stream): 68 prompt tokens ·
                       temperature: 0, greedy (req), max_tokens: 367 (req),
                       min_tokens: 367 (req)
22:25:55.642 INFO:     #385 chat/completions (stream): 204 tokens generated at
                       156.2 T/s · prompt 307 tokens, none cached, 307 new in
                       0.21 s (1,462 T/s) · first token 0.22 s, total 1.52 s ·
                       draft 132/216 accepted (61%) · max_tokens reached
22:25:55.692 INFO:     #387 chat/completions (stream): 245 prompt tokens ·
                       temperature: 0, greedy (req), max_tokens: 9 (req),
                       min_tokens: 9 (req)
22:25:55.945 INFO:     #387 chat/completions (stream): 9 tokens generated at
                       126.6 T/s · prompt 245 tokens, none cached, 245 new in
                       0.11 s · first token 0.12 s, total 0.19 s · draft 5/12
                       accepted (42%) · max_tokens reached
22:25:55.994 INFO:     #388 chat/completions (stream): 330 prompt tokens ·
                       temperature: 0, greedy (req), max_tokens: 8 (req),
                       min_tokens: 8 (req)
22:25:56.350 INFO:     #388 chat/completions (stream): 8 tokens generated at
                       115.4 T/s · prompt 330 tokens, none cached, 330 new in
                       0.22 s (1,500 T/s) · first token 0.23 s, total 0.29 s ·
                       draft 4/12 accepted (33%) · max_tokens reached
22:25:56.399 INFO:     #389 chat/completions (stream): 64 prompt tokens ·
                       temperature: 0, greedy (req), max_tokens: 10 (req),
                       min_tokens: 10 (req)
22:25:56.579 INFO:     #380 chat/completions (stream): 794 tokens generated at
                       131.4 T/s · prompt 382 tokens, none cached, 382 new in
                       0.36 s (1,061 T/s) · first token 0.37 s, total 6.41 s ·
                       draft 518/828 accepted (63%) · max_tokens reached
22:25:56.580 INFO:     #389 chat/completions (stream): 10 tokens generated at
                       190.3 T/s · prompt 64 tokens, none cached, 64 new in 0.07
                       s · first token 0.08 s, total 0.13 s · draft 7/9 accepted
                       (78%) · max_tokens reached
22:25:56.623 INFO:     #390 chat/completions (stream): 436 prompt tokens ·
                       temperature: 0, greedy (req), max_tokens: 44 (req),
                       min_tokens: 44 (req)
22:25:56.625 INFO:     #391 chat/completions (stream): 435 prompt tokens ·
                       temperature: 0, greedy (req), max_tokens: 79 (req),
                       min_tokens: 79 (req)
22:25:57.461 INFO:     #390 chat/completions (stream): 44 tokens generated at
                       144.8 T/s · prompt 436 tokens, none cached, 436 new in
                       0.46 s (948 T/s) · first token 0.47 s, total 0.77 s ·
                       draft 27/51 accepted (53%) · max_tokens reached
22:25:57.510 INFO:     #392 chat/completions (stream): 94 prompt tokens ·
                       temperature: 0, greedy (req), max_tokens: 246 (req),
                       min_tokens: 246 (req)
22:25:57.701 INFO:     #391 chat/completions (stream): 79 tokens generated at
                       145.0 T/s · prompt 435 tokens, none cached, 435 new in
                       0.34 s (1,279 T/s) · queued 0.13 s, first token 0.47 s,
                       total 1.02 s · draft 53/78 accepted (68%) · max_tokens
                       reached
22:25:57.748 INFO:     #393 chat/completions (stream): 63 prompt tokens ·
                       temperature: 0, greedy (req), max_tokens: 265 (req),
                       min_tokens: 265 (req)
22:25:58.172 INFO:     #384 chat/completions (stream): 696 tokens generated at
                       105.6 T/s · prompt 87 tokens, none cached, 87 new in 0.08
                       s · first token 0.09 s, total 6.68 s · draft 396/900
                       accepted (44%) · max_tokens reached
22:25:58.238 INFO:     #394 chat/completions (stream): 154 prompt tokens ·
                       temperature: 0, greedy (req), max_tokens: 385 (req),
                       min_tokens: 385 (req)
22:25:59.291 INFO:     #386 chat/completions (stream): 367 tokens generated at
                       101.1 T/s · prompt 68 tokens, none cached, 68 new in 0.07
                       s · first token 0.08 s, total 3.71 s · draft 222/435
                       accepted (51%) · max_tokens reached
22:25:59.341 INFO:     #395 chat/completions (stream): 61 prompt tokens ·
                       temperature: 0, greedy (req), max_tokens: 128 (req),
                       min_tokens: 128 (req)
22:25:59.497 INFO:     #392 chat/completions (stream): 246 tokens generated at
                       134.5 T/s · prompt 94 tokens, none cached, 94 new in 0.09
                       s · first token 0.10 s, total 1.93 s · draft 157/267
                       accepted (59%) · max_tokens reached
22:25:59.546 INFO:     #396 chat/completions (stream): 442 prompt tokens ·
                       temperature: 0, greedy (req), max_tokens: 153 (req),
                       min_tokens: 153 (req)
22:26:00.246 INFO:     #393 chat/completions (stream): 265 tokens generated at
                       112.9 T/s · prompt 63 tokens, none cached, 63 new in 0.07
                       s · first token 0.08 s, total 2.42 s · draft 155/330
                       accepted (47%) · max_tokens reached
22:26:00.295 INFO:     #397 chat/completions (stream): 116 prompt tokens ·
                       temperature: 0, greedy (req), max_tokens: 276 (req),
                       min_tokens: 276 (req)
22:26:00.603 INFO:     #395 chat/completions (stream): 128 tokens generated at
                       114.1 T/s · prompt 61 tokens, none cached, 61 new in 0.07
                       s · first token 0.08 s, total 1.20 s · draft 82/138
                       accepted (59%) · max_tokens reached
22:26:00.653 INFO:     #398 chat/completions (stream): 213 prompt tokens ·
                       temperature: 0, greedy (req), max_tokens: 7 (req),
                       min_tokens: 7 (req)
22:26:00.860 INFO:     #398 chat/completions (stream): 7 tokens generated at
                       204.0 T/s · prompt 213 tokens, none cached, 213 new in
                       0.10 s · first token 0.11 s, total 0.14 s · draft 5/6
                       accepted (83%) · max_tokens reached
22:26:00.910 INFO:     #399 chat/completions (stream): 62 prompt tokens ·
                       temperature: 0, greedy (req), max_tokens: 342 (req),
                       min_tokens: 342 (req)
22:26:01.085 INFO:     #396 chat/completions (stream): 153 tokens generated at
                       123.1 T/s · prompt 442 tokens, none cached, 442 new in
                       0.23 s (1,922 T/s) · first token 0.24 s, total 1.48 s ·
                       draft 98/165 accepted (59%) · max_tokens reached
22:26:01.135 INFO:     #400 chat/completions (stream): 457 prompt tokens ·
                       temperature: 0, greedy (req), max_tokens: 24 (req),
                       min_tokens: 24 (req)
22:26:01.567 INFO:     #400 chat/completions (stream): 24 tokens generated at
                       192.4 T/s · prompt 457 tokens, none cached, 457 new in
                       0.24 s (1,904 T/s) · first token 0.25 s, total 0.37 s ·
                       draft 17/21 accepted (81%) · max_tokens reached
22:26:01.617 INFO:     #401 chat/completions (stream): 145 prompt tokens ·
                       temperature: 0, greedy (req), max_tokens: 9 (req),
                       min_tokens: 9 (req)
22:26:01.845 INFO:     #401 chat/completions (stream): 9 tokens generated at
                       171.7 T/s · prompt 145 tokens, none cached, 145 new in
                       0.11 s · first token 0.12 s, total 0.17 s · draft 6/9
                       accepted (67%) · max_tokens reached
22:26:01.896 INFO:     #402 chat/completions (stream): 90 prompt tokens ·
                       temperature: 0, greedy (req), max_tokens: 196 (req),
                       min_tokens: 196 (req)
22:26:02.107 INFO:     #394 chat/completions (stream): 385 tokens generated at
                       103.8 T/s · prompt 154 tokens, none cached, 154 new in
                       0.09 s · first token 0.10 s, total 3.80 s · draft 230/465
                       accepted (49%) · max_tokens reached
22:26:02.157 INFO:     #404 chat/completions (stream): 73 prompt tokens ·
                       temperature: 0, greedy (req), max_tokens: 491 (req),
                       min_tokens: 491 (req)
22:26:02.897 INFO:     #397 chat/completions (stream): 276 tokens generated at
                       113.4 T/s · prompt 116 tokens, none cached, 116 new in
                       0.10 s · first token 0.11 s, total 2.54 s · draft 175/303
                       accepted (58%) · max_tokens reached
22:26:02.947 INFO:     #405 chat/completions (stream): 59 prompt tokens ·
                       temperature: 0, greedy (req), max_tokens: 169 (req),
                       min_tokens: 169 (req)
22:26:03.316 INFO:     #399 chat/completions (stream): 342 tokens generated at
                       150.8 T/s · prompt 62 tokens, none cached, 62 new in 0.07
                       s · first token 0.08 s, total 2.34 s · draft 246/288
                       accepted (85%) · max_tokens reached
22:26:03.367 INFO:     #406 chat/completions (stream): 566 prompt tokens ·
                       temperature: 0, greedy (req), max_tokens: 21 (req),
                       min_tokens: 21 (req)
22:26:03.757 INFO:     #402 chat/completions (stream): 196 tokens generated at
                       114.9 T/s · prompt 90 tokens, none cached, 90 new in 0.09
                       s · first token 0.10 s, total 1.80 s · draft 121/225
                       accepted (54%) · max_tokens reached
22:26:03.798 INFO:     #407 chat/completions (stream): 179 prompt tokens ·
                       temperature: 0, greedy (req), max_tokens: 263 (req),
                       min_tokens: 263 (req)
22:26:03.798 INFO:     #406 chat/completions (stream): 21 tokens generated at
                       153.7 T/s · prompt 566 tokens, none cached, 566 new in
                       0.23 s (2,461 T/s) · first token 0.24 s, total 0.37 s ·
                       draft 13/24 accepted (54%) · max_tokens reached
22:26:03.951 INFO:     #408 chat/completions (stream): 1,070 prompt tokens ·
                       temperature: 0, greedy (req), max_tokens: 168 (req),
                       min_tokens: 168 (req)
22:26:04.581 INFO:     #405 chat/completions (stream): 169 tokens generated at
                       113.0 T/s · prompt 59 tokens, none cached, 59 new in 0.07
                       s · first token 0.08 s, total 1.57 s · draft 119/150
                       accepted (79%) · max_tokens reached
22:26:04.631 INFO:     #409 chat/completions (stream): 225 prompt tokens ·
                       temperature: 0, greedy (req), max_tokens: 232 (req),
                       min_tokens: 232 (req)
22:26:05.608 INFO:     #408 chat/completions (stream): 168 tokens generated at
                       130.6 T/s · prompt 1,070 tokens, none cached, 1,070 new
                       in 0.30 s (3,567 T/s) · first token 0.31 s, total 1.59 s
                       · draft 103/195 accepted (53%) · max_tokens reached
22:26:05.658 INFO:     #410 chat/completions (stream): 489 prompt tokens ·
                       temperature: 0, greedy (req), max_tokens: 205 (req),
                       min_tokens: 205 (req)
22:26:06.358 INFO:     #407 chat/completions (stream): 263 tokens generated at
                       109.9 T/s · prompt 179 tokens, none cached, 179 new in
                       0.10 s · first token 0.11 s, total 2.50 s · draft 165/294
                       accepted (56%) · max_tokens reached
22:26:06.408 INFO:     #411 chat/completions (stream): 64 prompt tokens ·
                       temperature: 0, greedy (req), max_tokens: 66 (req),
                       min_tokens: 66 (req)
22:26:06.672 INFO:     #409 chat/completions (stream): 232 tokens generated at
                       124.6 T/s · prompt 225 tokens, none cached, 225 new in
                       0.11 s · first token 0.12 s, total 1.98 s · draft 145/261
                       accepted (56%) · max_tokens reached
22:26:06.721 INFO:     #412 chat/completions (stream): 113 prompt tokens ·
                       temperature: 0, greedy (req), max_tokens: 352 (req),
                       min_tokens: 352 (req)
22:26:07.023 INFO:     #404 chat/completions (stream): 491 tokens generated at
                       103.9 T/s · prompt 73 tokens, none cached, 73 new in 0.08
                       s · first token 0.09 s, total 4.81 s · draft 292/597
                       accepted (49%) · max_tokens reached
22:26:07.053 INFO:     #411 chat/completions (stream): 66 tokens generated at
                       129.6 T/s · prompt 64 tokens, none cached, 64 new in 0.07
                       s · first token 0.08 s, total 0.58 s · draft 42/72
                       accepted (58%) · max_tokens reached
22:26:07.067 INFO:     #413 chat/completions (stream): 447 prompt tokens ·
                       temperature: 0, greedy (req), max_tokens: 792 (req),
                       min_tokens: 792 (req)
22:26:07.325 INFO:     #414 chat/completions (stream): 397 prompt tokens ·
                       temperature: 0, greedy (req), max_tokens: 5 (req),
                       min_tokens: 5 (req)
22:26:07.675 INFO:     #414 chat/completions (stream): 5 tokens generated at
                       144.2 T/s · prompt 397 tokens, none cached, 397 new in
                       0.24 s (1,654 T/s) · first token 0.25 s, total 0.28 s ·
                       draft 3/6 accepted (50%) · max_tokens reached
22:26:07.724 INFO:     #415 chat/completions (stream): 64 prompt tokens ·
                       temperature: 0, greedy (req), max_tokens: 34 (req),
                       min_tokens: 34 (req)
22:26:08.071 INFO:     #415 chat/completions (stream): 34 tokens generated at
                       161.2 T/s · prompt 64 tokens, none cached, 64 new in 0.07
                       s · first token 0.08 s, total 0.29 s · draft 22/36
                       accepted (61%) · max_tokens reached
22:26:08.114 INFO:     #416 chat/completions (stream): 746 prompt tokens ·
                       temperature: 0, greedy (req), max_tokens: 9 (req),
                       min_tokens: 9 (req)
22:26:08.114 INFO:     #410 chat/completions (stream): 205 tokens generated at
                       95.4 T/s · prompt 489 tokens, none cached, 489 new in
                       0.25 s (1,956 T/s) · first token 0.26 s, total 2.40 s ·
                       draft 121/252 accepted (48%) · max_tokens reached
22:26:08.419 INFO:     #417 chat/completions (stream): 123 prompt tokens ·
                       temperature: 0, greedy (req), max_tokens: 129 (req),
                       min_tokens: 129 (req)
22:26:08.603 INFO:     #416 chat/completions (stream): 9 tokens generated at
                       58.4 T/s · prompt 746 tokens, none cached, 746 new in
                       0.27 s (2,763 T/s) · first token 0.28 s, total 0.43 s ·
                       draft 6/9 accepted (67%) · max_tokens reached
22:26:08.652 INFO:     #418 chat/completions (stream): 159 prompt tokens ·
                       temperature: 0, greedy (req), max_tokens: 67 (req),
                       min_tokens: 67 (req)
22:26:09.237 INFO:     #418 chat/completions (stream): 67 tokens generated at
                       160.1 T/s · prompt 159 tokens, none cached, 159 new in
                       0.09 s · first token 0.10 s, total 0.51 s · draft 43/72
                       accepted (60%) · max_tokens reached
22:26:09.286 INFO:     #419 chat/completions (stream): 207 prompt tokens ·
                       temperature: 0, greedy (req), max_tokens: 123 (req),
                       min_tokens: 123 (req)
22:26:09.494 INFO:     #417 chat/completions (stream): 129 tokens generated at
                       142.2 T/s · prompt 123 tokens, none cached, 123 new in
                       0.10 s · first token 0.11 s, total 1.01 s · draft 88/123
                       accepted (72%) · max_tokens reached
22:26:09.543 INFO:     #420 chat/completions (stream): 516 prompt tokens ·
                       temperature: 0, greedy (req), max_tokens: 39 (req),
                       min_tokens: 39 (req)
22:26:10.036 INFO:     #420 chat/completions (stream): 39 tokens generated at
                       161.2 T/s · prompt 516 tokens, none cached, 516 new in
                       0.18 s (2,867 T/s) · first token 0.19 s, total 0.43 s ·
                       draft 25/42 accepted (60%) · max_tokens reached
22:26:10.085 INFO:     #421 chat/completions (stream): 726 prompt tokens ·
                       temperature: 0, greedy (req), max_tokens: 98 (req),
                       min_tokens: 98 (req)
22:26:10.603 INFO:     #412 chat/completions (stream): 352 tokens generated at
                       94.7 T/s · prompt 113 tokens, none cached, 113 new in
                       0.09 s · first token 0.10 s, total 3.81 s · draft 222/390
                       accepted (57%) · max_tokens reached
22:26:10.653 INFO:     #422 chat/completions (stream): 536 prompt tokens ·
                       temperature: 0, greedy (req), max_tokens: 8 (req),
                       min_tokens: 8 (req)
22:26:10.955 INFO:     #422 chat/completions (stream): 8 tokens generated at
                       154.4 T/s · prompt 536 tokens, none cached, 536 new in
                       0.18 s (2,978 T/s) · first token 0.19 s, total 0.24 s ·
                       draft 5/9 accepted (56%) · max_tokens reached
22:26:11.002 INFO:     #423 chat/completions (stream): 102 prompt tokens ·
                       temperature: 0, greedy (req), max_tokens: 222 (req),
                       min_tokens: 222 (req)
22:26:11.149 INFO:     #419 chat/completions (stream): 123 tokens generated at
                       77.4 T/s · prompt 207 tokens, none cached, 207 new in
                       0.11 s · first token 0.12 s, total 1.70 s · draft 64/177
                       accepted (36%) · max_tokens reached
22:26:11.210 INFO:     #424 chat/completions (stream): 67 prompt tokens ·
                       temperature: 0, greedy (req), max_tokens: 425 (req),
                       min_tokens: 425 (req)
22:26:11.389 INFO:     #421 chat/completions (stream): 98 tokens generated at
                       101.8 T/s · prompt 726 tokens, none cached, 726 new in
                       0.27 s (2,689 T/s) · first token 0.28 s, total 1.24 s ·
                       draft 62/108 accepted (57%) · max_tokens reached
22:26:11.442 INFO:     #425 chat/completions (stream): 677 prompt tokens ·
                       temperature: 0, greedy (req), max_tokens: 420 (req),
                       min_tokens: 420 (req)
22:26:12.778 INFO:     #423 chat/completions (stream): 222 tokens generated at
                       137.7 T/s · prompt 102 tokens, none cached, 102 new in
                       0.09 s · first token 0.10 s, total 1.71 s · draft 151/213
                       accepted (71%) · max_tokens reached
22:26:14.208 INFO:     #413 chat/completions (stream): 792 tokens generated at
                       115.9 T/s · prompt 447 tokens, none cached, 447 new in
                       0.23 s (1,943 T/s) · first token 0.24 s, total 7.07 s ·
                       draft 498/882 accepted (56%) · max_tokens reached
22:26:14.350 INFO:     #425 chat/completions (stream): 420 tokens generated at
                       161.2 T/s · prompt 677 tokens, none cached, 677 new in
                       0.26 s (2,604 T/s) · first token 0.27 s, total 2.87 s ·
                       draft 262/474 accepted (55%) · max_tokens reached
22:26:14.426 INFO:     #424 chat/completions (stream): 425 tokens generated at
                       135.8 T/s · prompt 67 tokens, none cached, 67 new in 0.07
                       s · first token 0.08 s, total 3.21 s · draft 246/537
                       accepted (46%) · max_tokens reached
