22:38:44.960 INFO:     Sampler preset "qwen38_thinking": temperature 0.6, top_k
                       20, top_p 0.95
22:38:44.997 INFO:     exllamav3 version: 1.5.0
22:38:46.311 INFO:     Using main model MTP component for drafting
22:38:46.333 INFO:     Context: max_seq_len 262,144 tokens (configured),
                       cache_size 983,040 tokens
22:38:46.390 INFO:     Using tool format: qwen3_coder
22:38:46.390 INFO:     Using template "chat_template" for chat completions.
22:38:48.449 INFO:     Loading model
                       /models/qwen3.8-flash-next-exl3-2.50bpw-r0b0tlab (manual
                       GPU split)
Loading vision modules ━━━━━━━━━━━━━━━━━━━━━━━━━━━━━━━━━━━━━━ 100% 30/30 0:00:00
Loading draft modules  ━━━━━━━━━━━━━━━━━━━━━━━━━━━━━━━━━━━━━━ 100% 3/3   0:00:00
Loading model modules  ━━━━━━━━━━━━━━━━━━━━━━━━━━━━━━━━━━━━━━ 100% 53/53 0:00:00
EXL3_EMBED_GPU_PRUNED=1: embedding mirror 65536 of 248320 rows (320.0 MiB, prefix) on cuda:1
22:38:55.609 INFO:     Model loaded in 9.2 s

22:38:55.610 WARNING:  Disabling authentication makes your instance vulnerable.
                       Set the `disable_auth` flag to False in config.yml if you
                       want to share this instance with others.
22:38:55.610 WARNING:  With authentication disabled and `allowed_origins` left
                       at ["*"], any website open in a browser on this machine
                       can send requests to this instance and read the
                       responses, including admin endpoints. Set
                       `network.allowed_origins` to your own frontends (or [])
                       unless you use a browser-based frontend that needs it.
22:38:55.611 INFO:     Serving OAI API on http://0.0.0.0:8022 (docs at
                       http://0.0.0.0:8022/redoc)
22:38:55.705 INFO:     #3 completions: 3 prompt tokens · temperature: 0, greedy
                       (req), max_tokens: 16 (req)
densegemm lcguard: device 1: dense calls on the QSA side branch use the side scratch (hctr upper half, side slots)
densegemm lcguard: device 0: dense calls on the QSA side branch use the side scratch (hctr upper half, side slots)
22:38:56.023 INFO:     #3 completions: 16 tokens generated at 121.2 T/s · prompt
                       3 tokens, none cached, 3 new in 0.18 s · first token 0.19
                       s, total 0.32 s · draft 8/24 accepted (33%) · max_tokens
                       reached
22:38:56.254 INFO:     #5 chat/completions: 73 prompt tokens · temperature: 0,
                       greedy (req), max_tokens: 64 (req), min_tokens: 64 (req)
22:38:56.255 INFO:     #6 chat/completions: 73 prompt tokens · temperature: 0,
                       greedy (req), max_tokens: 64 (req), min_tokens: 64 (req)
22:38:56.742 INFO:     #5 chat/completions: 64 tokens generated at 240.9 T/s ·
                       prompt 73 tokens, none cached, 73 new in 0.19 s · first
                       token 0.20 s, total 0.47 s · draft 43/63 accepted (68%) ·
                       max_tokens reached
22:38:56.743 INFO:     #6 chat/completions: 64 tokens generated at 223.6 T/s ·
                       prompt 73 tokens, none cached, 73 new in 0.08 s · queued
                       0.12 s, first token 0.20 s, total 0.49 s · draft 41/69
                       accepted (59%) · max_tokens reached
22:39:07.663 INFO:     #10 chat/completions (stream): 92 prompt tokens ·
                       temperature: 0, greedy (req), max_tokens: 256 (req),
                       min_tokens: 256 (req)
22:39:07.778 INFO:     #11 chat/completions (stream): 511 prompt tokens ·
                       temperature: 0, greedy (req), max_tokens: 256 (req),
                       min_tokens: 256 (req)
22:39:09.162 INFO:     #10 chat/completions (stream): 256 tokens generated at
                       189.2 T/s · prompt 92 tokens, none cached, 92 new in 0.10
                       s · first token 0.11 s, total 1.46 s · draft 174/246
                       accepted (71%) · max_tokens reached
22:39:09.202 INFO:     #12 chat/completions (stream): 74 prompt tokens ·
                       temperature: 0, greedy (req), max_tokens: 256 (req),
                       min_tokens: 256 (req)
22:39:09.407 INFO:     #11 chat/completions (stream): 256 tokens generated at
                       197.7 T/s · prompt 511 tokens, none cached, 511 new in
                       0.29 s (1,762 T/s) · first token 0.30 s, total 1.59 s ·
                       draft 163/279 accepted (58%) · max_tokens reached
22:39:09.440 INFO:     #13 chat/completions (stream): 87 prompt tokens ·
                       temperature: 0, greedy (req), max_tokens: 256 (req),
                       min_tokens: 256 (req)
22:39:10.656 INFO:     #12 chat/completions (stream): 256 tokens generated at
                       193.1 T/s · prompt 74 tokens, none cached, 74 new in 0.08
                       s · first token 0.09 s, total 1.41 s · draft 159/291
                       accepted (55%) · max_tokens reached
22:39:10.679 INFO:     #14 chat/completions (stream): 105 prompt tokens ·
                       temperature: 0, greedy (req), max_tokens: 256 (req),
                       min_tokens: 256 (req)
22:39:10.801 INFO:     #13 chat/completions (stream): 256 tokens generated at
                       223.3 T/s · prompt 87 tokens, none cached, 87 new in 0.09
                       s · first token 0.09 s, total 1.24 s · draft 166/270
                       accepted (61%) · max_tokens reached
22:39:10.834 INFO:     #15 chat/completions (stream): 121 prompt tokens ·
                       temperature: 0, greedy (req), max_tokens: 256 (req),
                       min_tokens: 256 (req)
22:39:11.886 INFO:     #14 chat/completions (stream): 256 tokens generated at
                       240.4 T/s · prompt 105 tokens, none cached, 105 new in
                       0.09 s · first token 0.10 s, total 1.16 s · draft 181/225
                       accepted (80%) · max_tokens reached
22:39:11.919 INFO:     #16 chat/completions (stream): 74 prompt tokens ·
                       temperature: 0, greedy (req), max_tokens: 256 (req),
                       min_tokens: 256 (req)
22:39:12.107 INFO:     #15 chat/completions (stream): 256 tokens generated at
                       227.6 T/s · prompt 121 tokens, none cached, 121 new in
                       0.10 s · first token 0.10 s, total 1.23 s · draft 174/246
                       accepted (71%) · max_tokens reached
22:39:12.140 INFO:     #17 chat/completions (stream): 78 prompt tokens ·
                       temperature: 0, greedy (req), max_tokens: 256 (req),
                       min_tokens: 256 (req)
22:39:13.262 INFO:     #16 chat/completions (stream): 256 tokens generated at
                       210.5 T/s · prompt 74 tokens, none cached, 74 new in 0.08
                       s · first token 0.09 s, total 1.30 s · draft 168/264
                       accepted (64%) · max_tokens reached
22:39:13.295 INFO:     #18 chat/completions (stream): 62 prompt tokens ·
                       temperature: 0, greedy (req), max_tokens: 256 (req),
                       min_tokens: 256 (req)
22:39:13.511 INFO:     #17 chat/completions (stream): 256 tokens generated at
                       205.8 T/s · prompt 78 tokens, none cached, 78 new in 0.08
                       s · first token 0.08 s, total 1.33 s · draft 166/270
                       accepted (61%) · max_tokens reached
22:39:13.543 INFO:     #19 chat/completions (stream): 64 prompt tokens ·
                       temperature: 0, greedy (req), max_tokens: 256 (req),
                       min_tokens: 256 (req)
22:39:14.684 INFO:     #18 chat/completions (stream): 256 tokens generated at
                       202.9 T/s · prompt 62 tokens, none cached, 62 new in 0.08
                       s · first token 0.09 s, total 1.35 s · draft 163/279
                       accepted (58%) · max_tokens reached
22:39:14.715 INFO:     #20 chat/completions (stream): 89 prompt tokens ·
                       temperature: 0, greedy (req), max_tokens: 256 (req),
                       min_tokens: 256 (req)
22:39:15.002 INFO:     #19 chat/completions (stream): 256 tokens generated at
                       191.0 T/s · prompt 64 tokens, none cached, 64 new in 0.07
                       s · first token 0.07 s, total 1.42 s · draft 158/294
                       accepted (54%) · max_tokens reached
22:39:15.034 INFO:     #21 chat/completions (stream): 109 prompt tokens ·
                       temperature: 0, greedy (req), max_tokens: 256 (req),
                       min_tokens: 256 (req)
22:39:15.907 INFO:     #20 chat/completions (stream): 256 tokens generated at
                       242.0 T/s · prompt 89 tokens, none cached, 89 new in 0.09
                       s · first token 0.10 s, total 1.15 s · draft 180/228
                       accepted (79%) · max_tokens reached
22:39:15.941 INFO:     #22 chat/completions (stream): 829 prompt tokens ·
                       temperature: 0, greedy (req), max_tokens: 256 (req),
                       min_tokens: 256 (req)
22:39:16.601 INFO:     #21 chat/completions (stream): 256 tokens generated at
                       179.6 T/s · prompt 109 tokens, none cached, 109 new in
                       0.09 s · first token 0.09 s, total 1.52 s · draft 166/270
                       accepted (61%) · max_tokens reached
22:39:16.634 INFO:     #23 chat/completions (stream): 67 prompt tokens ·
                       temperature: 0, greedy (req), max_tokens: 256 (req),
                       min_tokens: 256 (req)
22:39:17.479 INFO:     #22 chat/completions (stream): 256 tokens generated at
                       212.2 T/s · prompt 829 tokens, none cached, 829 new in
                       0.28 s (2,961 T/s) · first token 0.29 s, total 1.49 s ·
                       draft 170/258 accepted (66%) · max_tokens reached
22:39:17.513 INFO:     #25 chat/completions (stream): 201 prompt tokens ·
                       temperature: 0, greedy (req), max_tokens: 256 (req),
                       min_tokens: 256 (req)
22:39:17.885 INFO:     #23 chat/completions (stream): 256 tokens generated at
                       227.5 T/s · prompt 67 tokens, none cached, 67 new in 0.08
                       s · first token 0.09 s, total 1.21 s · draft 178/234
                       accepted (76%) · max_tokens reached
22:39:17.918 INFO:     #26 chat/completions (stream): 88 prompt tokens ·
                       temperature: 0, greedy (req), max_tokens: 256 (req),
                       min_tokens: 256 (req)
22:39:18.863 INFO:     #25 chat/completions (stream): 256 tokens generated at
                       213.7 T/s · prompt 201 tokens, none cached, 201 new in
                       0.10 s · first token 0.11 s, total 1.30 s · draft 170/258
                       accepted (66%) · max_tokens reached
22:39:18.896 INFO:     #27 chat/completions (stream): 84 prompt tokens ·
                       temperature: 0, greedy (req), max_tokens: 256 (req),
                       min_tokens: 256 (req)
22:39:19.491 INFO:     #26 chat/completions (stream): 256 tokens generated at
                       177.9 T/s · prompt 88 tokens, none cached, 88 new in 0.09
                       s · first token 0.09 s, total 1.53 s · draft 153/309
                       accepted (50%) · max_tokens reached
22:39:19.528 INFO:     #28 chat/completions (stream): 735 prompt tokens ·
                       temperature: 0, greedy (req), max_tokens: 256 (req),
                       min_tokens: 256 (req)
22:39:20.644 INFO:     #27 chat/completions (stream): 256 tokens generated at
                       158.7 T/s · prompt 84 tokens, none cached, 84 new in 0.09
                       s · first token 0.10 s, total 1.71 s · draft 161/285
                       accepted (56%) · max_tokens reached
22:39:20.677 INFO:     #29 chat/completions (stream): 72 prompt tokens ·
                       temperature: 0, greedy (req), max_tokens: 256 (req),
                       min_tokens: 256 (req)
22:39:21.314 INFO:     #28 chat/completions (stream): 256 tokens generated at
                       176.4 T/s · prompt 735 tokens, none cached, 735 new in
                       0.29 s (2,534 T/s) · first token 0.30 s, total 1.75 s ·
                       draft 158/294 accepted (54%) · max_tokens reached
22:39:21.349 INFO:     #30 chat/completions (stream): 1,231 prompt tokens ·
                       temperature: 0, greedy (req), max_tokens: 256 (req),
                       min_tokens: 256 (req)
22:39:22.557 INFO:     #29 chat/completions (stream): 256 tokens generated at
                       146.0 T/s · prompt 72 tokens, none cached, 72 new in 0.08
                       s · first token 0.09 s, total 1.84 s · draft 149/321
                       accepted (46%) · max_tokens reached
22:39:22.590 INFO:     #31 chat/completions (stream): 134 prompt tokens ·
                       temperature: 0, greedy (req), max_tokens: 256 (req),
                       min_tokens: 256 (req)
22:39:23.049 INFO:     #30 chat/completions (stream): 256 tokens generated at
                       198.9 T/s · prompt 1,231 tokens, none cached, 1,231 new
                       in 0.37 s (3,327 T/s) · first token 0.37 s, total 1.66 s
                       · draft 165/273 accepted (60%) · max_tokens reached
22:39:23.085 INFO:     #32 chat/completions (stream): 1,082 prompt tokens ·
                       temperature: 0, greedy (req), max_tokens: 256 (req),
                       min_tokens: 256 (req)
22:39:24.034 INFO:     #31 chat/completions (stream): 256 tokens generated at
                       199.2 T/s · prompt 134 tokens, none cached, 134 new in
                       0.11 s · first token 0.12 s, total 1.40 s · draft 181/225
                       accepted (80%) · max_tokens reached
22:39:24.067 INFO:     #33 chat/completions (stream): 84 prompt tokens ·
                       temperature: 0, greedy (req), max_tokens: 256 (req),
                       min_tokens: 256 (req)
22:39:24.827 INFO:     #32 chat/completions (stream): 256 tokens generated at
                       188.1 T/s · prompt 1,082 tokens, none cached, 1,082 new
                       in 0.33 s (3,279 T/s) · first token 0.33 s, total 1.70 s
                       · draft 158/294 accepted (54%) · max_tokens reached
22:39:24.860 INFO:     #34 chat/completions (stream): 78 prompt tokens ·
                       temperature: 0, greedy (req), max_tokens: 256 (req),
                       min_tokens: 256 (req)
22:39:25.461 INFO:     #33 chat/completions (stream): 256 tokens generated at
                       203.0 T/s · prompt 84 tokens, none cached, 84 new in 0.08
                       s · first token 0.09 s, total 1.35 s · draft 167/267
                       accepted (63%) · max_tokens reached
22:39:25.494 INFO:     #35 chat/completions (stream): 70 prompt tokens ·
                       temperature: 0, greedy (req), max_tokens: 256 (req),
                       min_tokens: 256 (req)
22:39:26.227 INFO:     #34 chat/completions (stream): 256 tokens generated at
                       206.9 T/s · prompt 78 tokens, none cached, 78 new in 0.08
                       s · first token 0.09 s, total 1.32 s · draft 167/267
                       accepted (63%) · max_tokens reached
22:39:26.260 INFO:     #36 chat/completions (stream): 149 prompt tokens ·
                       temperature: 0, greedy (req), max_tokens: 256 (req),
                       min_tokens: 256 (req)
22:39:26.849 INFO:     #35 chat/completions (stream): 256 tokens generated at
                       208.6 T/s · prompt 70 tokens, none cached, 70 new in 0.08
                       s · first token 0.09 s, total 1.31 s · draft 168/264
                       accepted (64%) · max_tokens reached
22:39:26.882 INFO:     #37 chat/completions (stream): 258 prompt tokens ·
                       temperature: 0, greedy (req), max_tokens: 256 (req),
                       min_tokens: 256 (req)
22:39:27.628 INFO:     #36 chat/completions (stream): 256 tokens generated at
                       208.5 T/s · prompt 149 tokens, none cached, 149 new in
                       0.09 s · first token 0.10 s, total 1.32 s · draft 173/249
                       accepted (69%) · max_tokens reached
22:39:27.660 INFO:     #38 chat/completions (stream): 109 prompt tokens ·
                       temperature: 0, greedy (req), max_tokens: 256 (req),
                       min_tokens: 256 (req)
22:39:28.234 INFO:     #37 chat/completions (stream): 256 tokens generated at
                       223.2 T/s · prompt 258 tokens, none cached, 258 new in
                       0.16 s (1,612 T/s) · first token 0.17 s, total 1.31 s ·
                       draft 175/243 accepted (72%) · max_tokens reached
22:39:28.267 INFO:     #39 chat/completions (stream): 105 prompt tokens ·
                       temperature: 0, greedy (req), max_tokens: 256 (req),
                       min_tokens: 256 (req)
22:39:29.138 INFO:     #38 chat/completions (stream): 256 tokens generated at
                       191.6 T/s · prompt 109 tokens, none cached, 109 new in
                       0.09 s · first token 0.10 s, total 1.43 s · draft 159/291
                       accepted (55%) · max_tokens reached
22:39:29.171 INFO:     #40 chat/completions (stream): 788 prompt tokens ·
                       temperature: 0, greedy (req), max_tokens: 256 (req),
                       min_tokens: 256 (req)
22:39:29.764 INFO:     #39 chat/completions (stream): 256 tokens generated at
                       188.9 T/s · prompt 105 tokens, none cached, 105 new in
                       0.10 s · first token 0.10 s, total 1.46 s · draft 167/267
                       accepted (63%) · max_tokens reached
22:39:29.797 INFO:     #41 chat/completions (stream): 62 prompt tokens ·
                       temperature: 0, greedy (req), max_tokens: 256 (req),
                       min_tokens: 256 (req)
22:39:30.495 INFO:     #40 chat/completions (stream): 256 tokens generated at
                       246.7 T/s · prompt 788 tokens, none cached, 788 new in
                       0.24 s (3,283 T/s) · first token 0.25 s, total 1.28 s ·
                       draft 180/228 accepted (79%) · max_tokens reached
22:39:30.530 INFO:     #42 chat/completions (stream): 1,445 prompt tokens ·
                       temperature: 0, greedy (req), max_tokens: 256 (req),
                       min_tokens: 256 (req)
22:39:31.616 INFO:     #41 chat/completions (stream): 256 tokens generated at
                       150.4 T/s · prompt 62 tokens, none cached, 62 new in 0.07
                       s · first token 0.08 s, total 1.78 s · draft 154/306
                       accepted (50%) · max_tokens reached
22:39:31.648 INFO:     #43 chat/completions (stream): 159 prompt tokens ·
                       temperature: 0, greedy (req), max_tokens: 256 (req),
                       min_tokens: 256 (req)
22:39:32.322 INFO:     #42 chat/completions (stream): 256 tokens generated at
                       191.0 T/s · prompt 1,445 tokens, none cached, 1,445 new
                       in 0.41 s (3,524 T/s) · first token 0.42 s, total 1.76 s
                       · draft 158/294 accepted (54%) · max_tokens reached
22:39:32.356 INFO:     #45 chat/completions (stream): 705 prompt tokens ·
                       temperature: 0, greedy (req), max_tokens: 256 (req),
                       min_tokens: 256 (req)
22:39:32.964 INFO:     #43 chat/completions (stream): 256 tokens generated at
                       218.1 T/s · prompt 159 tokens, none cached, 159 new in
                       0.10 s · first token 0.11 s, total 1.28 s · draft 185/213
                       accepted (87%) · max_tokens reached
22:39:32.996 INFO:     #46 chat/completions (stream): 62 prompt tokens ·
                       temperature: 0, greedy (req), max_tokens: 256 (req),
                       min_tokens: 256 (req)
22:39:33.920 INFO:     #45 chat/completions (stream): 256 tokens generated at
                       208.5 T/s · prompt 705 tokens, none cached, 705 new in
                       0.29 s (2,431 T/s) · first token 0.30 s, total 1.52 s ·
                       draft 165/273 accepted (60%) · max_tokens reached
22:39:33.954 INFO:     #47 chat/completions (stream): 796 prompt tokens ·
                       temperature: 0, greedy (req), max_tokens: 256 (req),
                       min_tokens: 256 (req)
22:39:34.520 INFO:     #46 chat/completions (stream): 256 tokens generated at
                       182.1 T/s · prompt 62 tokens, none cached, 62 new in 0.07
                       s · first token 0.08 s, total 1.48 s · draft 165/273
                       accepted (60%) · max_tokens reached
22:39:34.553 INFO:     #48 chat/completions (stream): 93 prompt tokens ·
                       temperature: 0, greedy (req), max_tokens: 256 (req),
                       min_tokens: 256 (req)
22:39:35.529 INFO:     #47 chat/completions (stream): 256 tokens generated at
                       202.1 T/s · prompt 796 tokens, none cached, 796 new in
                       0.26 s (3,062 T/s) · first token 0.27 s, total 1.53 s ·
                       draft 163/279 accepted (58%) · max_tokens reached
22:39:35.560 INFO:     #49 chat/completions (stream): 94 prompt tokens ·
                       temperature: 0, greedy (req), max_tokens: 256 (req),
                       min_tokens: 256 (req)
22:39:35.731 INFO:     #48 chat/completions (stream): 256 tokens generated at
                       245.7 T/s · prompt 93 tokens, none cached, 93 new in 0.09
                       s · first token 0.10 s, total 1.14 s · draft 180/228
                       accepted (79%) · max_tokens reached
22:39:35.763 INFO:     #50 chat/completions (stream): 65 prompt tokens ·
                       temperature: 0, greedy (req), max_tokens: 256 (req),
                       min_tokens: 256 (req)
22:39:36.837 INFO:     #50 chat/completions (stream): 256 tokens generated at
                       264.8 T/s · prompt 65 tokens, none cached, 65 new in 0.08
                       s · first token 0.08 s, total 1.05 s · draft 181/225
                       accepted (80%) · max_tokens reached
22:39:36.841 INFO:     #49 chat/completions (stream): 256 tokens generated at
                       216.4 T/s · prompt 94 tokens, none cached, 94 new in 0.09
                       s · first token 0.10 s, total 1.28 s · draft 169/261
                       accepted (65%) · max_tokens reached
22:39:36.845 INFO:     #51 chat/completions (stream): 1,347 prompt tokens ·
                       temperature: 0, greedy (req), max_tokens: 256 (req),
                       min_tokens: 256 (req)
22:39:36.847 INFO:     #52 chat/completions (stream): 754 prompt tokens ·
                       temperature: 0, greedy (req), max_tokens: 256 (req),
                       min_tokens: 256 (req)
22:39:38.708 INFO:     #52 chat/completions (stream): 256 tokens generated at
                       225.7 T/s · prompt 754 tokens, none cached, 754 new in
                       0.39 s (1,933 T/s) · queued 0.30 s, first token 0.69 s,
                       total 1.82 s · draft 167/267 accepted (63%) · max_tokens
                       reached
22:39:38.740 INFO:     #53 chat/completions (stream): 73 prompt tokens ·
                       temperature: 0, greedy (req), max_tokens: 256 (req),
                       min_tokens: 256 (req)
22:39:38.951 INFO:     #51 chat/completions (stream): 256 tokens generated at
                       185.8 T/s · prompt 1,347 tokens, none cached, 1,347 new
                       in 0.68 s (1,981 T/s) · first token 0.69 s, total 2.07 s
                       · draft 153/309 accepted (50%) · max_tokens reached
22:39:38.984 INFO:     #54 chat/completions (stream): 758 prompt tokens ·
                       temperature: 0, greedy (req), max_tokens: 256 (req),
                       min_tokens: 256 (req)
22:39:40.209 INFO:     #53 chat/completions (stream): 256 tokens generated at
                       191.5 T/s · prompt 73 tokens, none cached, 73 new in 0.08
                       s · first token 0.09 s, total 1.42 s · draft 175/243
                       accepted (72%) · max_tokens reached
22:39:40.241 INFO:     #55 chat/completions (stream): 63 prompt tokens ·
                       temperature: 0, greedy (req), max_tokens: 256 (req),
                       min_tokens: 256 (req)
22:39:40.558 INFO:     #54 chat/completions (stream): 256 tokens generated at
                       214.1 T/s · prompt 758 tokens, none cached, 758 new in
                       0.33 s (2,297 T/s) · first token 0.33 s, total 1.53 s ·
                       draft 167/267 accepted (63%) · max_tokens reached
22:39:40.589 INFO:     #56 chat/completions (stream): 71 prompt tokens ·
                       temperature: 0, greedy (req), max_tokens: 256 (req),
                       min_tokens: 256 (req)
22:39:41.730 INFO:     #55 chat/completions (stream): 256 tokens generated at
                       186.7 T/s · prompt 63 tokens, none cached, 63 new in 0.07
                       s · first token 0.08 s, total 1.45 s · draft 153/309
                       accepted (50%) · max_tokens reached
22:39:41.762 INFO:     #57 chat/completions (stream): 71 prompt tokens ·
                       temperature: 0, greedy (req), max_tokens: 256 (req),
                       min_tokens: 256 (req)
22:39:42.025 INFO:     #56 chat/completions (stream): 256 tokens generated at
                       195.4 T/s · prompt 71 tokens, none cached, 71 new in 0.08
                       s · first token 0.09 s, total 1.40 s · draft 158/294
                       accepted (54%) · max_tokens reached
22:39:42.057 INFO:     #58 chat/completions (stream): 741 prompt tokens ·
                       temperature: 0, greedy (req), max_tokens: 256 (req),
                       min_tokens: 256 (req)
22:39:43.129 INFO:     #57 chat/completions (stream): 256 tokens generated at
                       206.3 T/s · prompt 71 tokens, none cached, 71 new in 0.08
                       s · first token 0.09 s, total 1.33 s · draft 179/231
                       accepted (77%) · max_tokens reached
22:39:43.166 INFO:     #59 chat/completions (stream): 117 prompt tokens ·
                       temperature: 0, greedy (req), max_tokens: 256 (req),
                       min_tokens: 256 (req)
22:39:43.653 INFO:     #58 chat/completions (stream): 256 tokens generated at
                       202.0 T/s · prompt 741 tokens, none cached, 741 new in
                       0.28 s (2,646 T/s) · first token 0.28 s, total 1.55 s ·
                       draft 166/270 accepted (61%) · max_tokens reached
22:39:43.685 INFO:     #60 chat/completions (stream): 72 prompt tokens ·
                       temperature: 0, greedy (req), max_tokens: 256 (req),
                       min_tokens: 256 (req)
22:39:44.554 INFO:     #59 chat/completions (stream): 256 tokens generated at
                       210.5 T/s · prompt 117 tokens, none cached, 117 new in
                       0.12 s · first token 0.13 s, total 1.34 s · draft 165/273
                       accepted (60%) · max_tokens reached
22:39:44.586 INFO:     #61 chat/completions (stream): 127 prompt tokens ·
                       temperature: 0, greedy (req), max_tokens: 256 (req),
                       min_tokens: 256 (req)
22:39:45.077 INFO:     #60 chat/completions (stream): 256 tokens generated at
                       201.8 T/s · prompt 72 tokens, none cached, 72 new in 0.08
                       s · first token 0.09 s, total 1.35 s · draft 163/279
                       accepted (58%) · max_tokens reached
22:39:45.110 INFO:     #62 chat/completions (stream): 62 prompt tokens ·
                       temperature: 0, greedy (req), max_tokens: 256 (req),
                       min_tokens: 256 (req)
22:39:45.900 INFO:     #61 chat/completions (stream): 256 tokens generated at
                       220.3 T/s · prompt 127 tokens, none cached, 127 new in
                       0.10 s · first token 0.11 s, total 1.27 s · draft 169/261
                       accepted (65%) · max_tokens reached
22:39:45.932 INFO:     #63 chat/completions (stream): 104 prompt tokens ·
                       temperature: 0, greedy (req), max_tokens: 256 (req),
                       min_tokens: 256 (req)
22:39:46.612 INFO:     #62 chat/completions (stream): 256 tokens generated at
                       184.7 T/s · prompt 62 tokens, none cached, 62 new in 0.07
                       s · first token 0.08 s, total 1.46 s · draft 154/306
                       accepted (50%) · max_tokens reached
22:39:46.644 INFO:     #64 chat/completions (stream): 67 prompt tokens ·
                       temperature: 0, greedy (req), max_tokens: 256 (req),
                       min_tokens: 256 (req)
22:39:47.374 INFO:     #63 chat/completions (stream): 256 tokens generated at
                       196.4 T/s · prompt 104 tokens, none cached, 104 new in
                       0.09 s · first token 0.10 s, total 1.40 s · draft 160/288
                       accepted (56%) · max_tokens reached
22:39:47.407 INFO:     #66 chat/completions (stream): 676 prompt tokens ·
                       temperature: 0, greedy (req), max_tokens: 256 (req),
                       min_tokens: 256 (req)
22:39:48.353 INFO:     #64 chat/completions (stream): 256 tokens generated at
                       161.2 T/s · prompt 67 tokens, none cached, 67 new in 0.07
                       s · first token 0.08 s, total 1.66 s · draft 153/309
                       accepted (50%) · max_tokens reached
22:39:48.386 INFO:     #67 chat/completions (stream): 802 prompt tokens ·
                       temperature: 0, greedy (req), max_tokens: 256 (req),
                       min_tokens: 256 (req)
22:39:49.207 INFO:     #66 chat/completions (stream): 256 tokens generated at
                       173.2 T/s · prompt 676 tokens, none cached, 676 new in
                       0.27 s (2,504 T/s) · first token 0.28 s, total 1.75 s ·
                       draft 161/285 accepted (56%) · max_tokens reached
22:39:49.243 INFO:     #68 chat/completions (stream): 992 prompt tokens ·
                       temperature: 0, greedy (req), max_tokens: 256 (req),
                       min_tokens: 256 (req)
22:39:50.155 INFO:     #67 chat/completions (stream): 256 tokens generated at
                       176.4 T/s · prompt 802 tokens, none cached, 802 new in
                       0.27 s (2,970 T/s) · first token 0.28 s, total 1.73 s ·
                       draft 166/270 accepted (61%) · max_tokens reached
22:39:50.191 INFO:     #69 chat/completions (stream): 68 prompt tokens ·
                       temperature: 0, greedy (req), max_tokens: 256 (req),
                       min_tokens: 256 (req)
22:39:50.730 INFO:     #68 chat/completions (stream): 256 tokens generated at
                       226.9 T/s · prompt 992 tokens, none cached, 992 new in
                       0.31 s (3,200 T/s) · first token 0.32 s, total 1.44 s ·
                       draft 173/249 accepted (69%) · max_tokens reached
22:39:50.764 INFO:     #70 chat/completions (stream): 785 prompt tokens ·
                       temperature: 0, greedy (req), max_tokens: 256 (req),
                       min_tokens: 256 (req)
22:39:51.667 INFO:     #69 chat/completions (stream): 256 tokens generated at
                       189.3 T/s · prompt 68 tokens, none cached, 68 new in 0.08
                       s · first token 0.09 s, total 1.44 s · draft 167/267
                       accepted (63%) · max_tokens reached
22:39:51.700 INFO:     #71 chat/completions (stream): 262 prompt tokens ·
                       temperature: 0, greedy (req), max_tokens: 256 (req),
                       min_tokens: 256 (req)
22:39:52.409 INFO:     #70 chat/completions (stream): 256 tokens generated at
                       187.9 T/s · prompt 785 tokens, none cached, 785 new in
                       0.23 s (3,413 T/s) · first token 0.24 s, total 1.60 s ·
                       draft 162/282 accepted (57%) · max_tokens reached
22:39:52.443 INFO:     #72 chat/completions (stream): 689 prompt tokens ·
                       temperature: 0, greedy (req), max_tokens: 256 (req),
                       min_tokens: 256 (req)
22:39:53.183 INFO:     #71 chat/completions (stream): 256 tokens generated at
                       202.1 T/s · prompt 262 tokens, none cached, 262 new in
                       0.16 s (1,638 T/s) · first token 0.17 s, total 1.43 s ·
                       draft 178/234 accepted (76%) · max_tokens reached
22:39:53.219 INFO:     #73 chat/completions (stream): 702 prompt tokens ·
                       temperature: 0, greedy (req), max_tokens: 256 (req),
                       min_tokens: 256 (req)
22:39:54.375 INFO:     #72 chat/completions (stream): 256 tokens generated at
                       159.2 T/s · prompt 689 tokens, none cached, 689 new in
                       0.27 s (2,552 T/s) · first token 0.28 s, total 1.88 s ·
                       draft 152/312 accepted (49%) · max_tokens reached
22:39:54.413 INFO:     #74 chat/completions (stream): 785 prompt tokens ·
                       temperature: 0, greedy (req), max_tokens: 256 (req),
                       min_tokens: 256 (req)
22:39:54.954 INFO:     #73 chat/completions (stream): 256 tokens generated at
                       181.3 T/s · prompt 702 tokens, none cached, 702 new in
                       0.28 s (2,507 T/s) · first token 0.29 s, total 1.70 s ·
                       draft 164/276 accepted (59%) · max_tokens reached
22:39:54.986 INFO:     #75 chat/completions (stream): 67 prompt tokens ·
                       temperature: 0, greedy (req), max_tokens: 256 (req),
                       min_tokens: 256 (req)
22:39:55.744 INFO:     #74 chat/completions (stream): 256 tokens generated at
                       244.6 T/s · prompt 785 tokens, none cached, 785 new in
                       0.24 s (3,271 T/s) · first token 0.25 s, total 1.29 s ·
                       draft 180/228 accepted (79%) · max_tokens reached
22:39:55.778 INFO:     #76 chat/completions (stream): 724 prompt tokens ·
                       temperature: 0, greedy (req), max_tokens: 256 (req),
                       min_tokens: 256 (req)
22:39:56.505 INFO:     #75 chat/completions (stream): 256 tokens generated at
                       183.3 T/s · prompt 67 tokens, none cached, 67 new in 0.08
                       s · first token 0.09 s, total 1.48 s · draft 168/264
                       accepted (64%) · max_tokens reached
22:39:56.539 INFO:     #77 chat/completions (stream): 414 prompt tokens ·
                       temperature: 0, greedy (req), max_tokens: 256 (req),
                       min_tokens: 256 (req)
22:39:57.573 INFO:     #76 chat/completions (stream): 256 tokens generated at
                       173.8 T/s · prompt 724 tokens, none cached, 724 new in
                       0.27 s (2,681 T/s) · first token 0.28 s, total 1.75 s ·
                       draft 159/291 accepted (55%) · max_tokens reached
22:39:57.606 INFO:     #78 chat/completions (stream): 63 prompt tokens ·
                       temperature: 0, greedy (req), max_tokens: 256 (req),
                       min_tokens: 256 (req)
22:39:58.106 INFO:     #77 chat/completions (stream): 256 tokens generated at
                       199.7 T/s · prompt 414 tokens, none cached, 414 new in
                       0.24 s (1,725 T/s) · first token 0.25 s, total 1.53 s ·
                       draft 161/285 accepted (56%) · max_tokens reached
22:39:58.138 INFO:     #79 chat/completions (stream): 104 prompt tokens ·
                       temperature: 0, greedy (req), max_tokens: 256 (req),
                       min_tokens: 256 (req)
22:39:58.992 INFO:     #78 chat/completions (stream): 256 tokens generated at
                       201.9 T/s · prompt 63 tokens, none cached, 63 new in 0.07
                       s · first token 0.08 s, total 1.34 s · draft 163/279
                       accepted (58%) · max_tokens reached
22:39:59.026 INFO:     #80 chat/completions (stream): 666 prompt tokens ·
                       temperature: 0, greedy (req), max_tokens: 256 (req),
                       min_tokens: 256 (req)
22:39:59.689 INFO:     #79 chat/completions (stream): 256 tokens generated at
                       181.9 T/s · prompt 104 tokens, none cached, 104 new in
                       0.10 s · first token 0.10 s, total 1.51 s · draft 165/273
                       accepted (60%) · max_tokens reached
22:39:59.721 INFO:     #81 chat/completions (stream): 90 prompt tokens ·
                       temperature: 0, greedy (req), max_tokens: 256 (req),
                       min_tokens: 256 (req)
22:40:00.721 INFO:     #80 chat/completions (stream): 256 tokens generated at
                       185.6 T/s · prompt 666 tokens, none cached, 666 new in
                       0.27 s (2,467 T/s) · first token 0.28 s, total 1.66 s ·
                       draft 156/300 accepted (52%) · max_tokens reached
22:40:00.753 INFO:     #82 chat/completions (stream): 61 prompt tokens ·
                       temperature: 0, greedy (req), max_tokens: 256 (req),
                       min_tokens: 256 (req)
22:40:01.109 INFO:     #81 chat/completions (stream): 256 tokens generated at
                       204.2 T/s · prompt 90 tokens, none cached, 90 new in 0.09
                       s · first token 0.10 s, total 1.35 s · draft 164/276
                       accepted (59%) · max_tokens reached
22:40:01.144 INFO:     #83 chat/completions (stream): 1,355 prompt tokens ·
                       temperature: 0, greedy (req), max_tokens: 256 (req),
                       min_tokens: 256 (req)
22:40:02.363 INFO:     #82 chat/completions (stream): 256 tokens generated at
                       171.5 T/s · prompt 61 tokens, none cached, 61 new in 0.07
                       s · first token 0.08 s, total 1.57 s · draft 170/258
                       accepted (66%) · max_tokens reached
22:40:02.394 INFO:     #85 chat/completions (stream): 67 prompt tokens ·
                       temperature: 0, greedy (req), max_tokens: 256 (req),
                       min_tokens: 256 (req)
22:40:02.883 INFO:     #83 chat/completions (stream): 256 tokens generated at
                       199.6 T/s · prompt 1,355 tokens, none cached, 1,355 new
                       in 0.41 s (3,305 T/s) · first token 0.41 s, total 1.70 s
                       · draft 161/285 accepted (56%) · max_tokens reached
22:40:02.918 INFO:     #86 chat/completions (stream): 1,173 prompt tokens ·
                       temperature: 0, greedy (req), max_tokens: 256 (req),
                       min_tokens: 256 (req)
22:40:04.018 INFO:     #85 chat/completions (stream): 256 tokens generated at
                       170.5 T/s · prompt 67 tokens, none cached, 67 new in 0.08
                       s · first token 0.09 s, total 1.59 s · draft 166/270
                       accepted (61%) · max_tokens reached
22:40:04.049 INFO:     #87 chat/completions (stream): 65 prompt tokens ·
                       temperature: 0, greedy (req), max_tokens: 256 (req),
                       min_tokens: 256 (req)
22:40:04.676 INFO:     #86 chat/completions (stream): 256 tokens generated at
                       192.8 T/s · prompt 1,173 tokens, none cached, 1,173 new
                       in 0.38 s (3,087 T/s) · first token 0.38 s, total 1.71 s
                       · draft 157/297 accepted (53%) · max_tokens reached
22:40:04.708 INFO:     #88 chat/completions (stream): 100 prompt tokens ·
                       temperature: 0, greedy (req), max_tokens: 256 (req),
                       min_tokens: 256 (req)
22:40:05.799 INFO:     #87 chat/completions (stream): 256 tokens generated at
                       156.8 T/s · prompt 65 tokens, none cached, 65 new in 0.07
                       s · first token 0.08 s, total 1.71 s · draft 137/357
                       accepted (38%) · max_tokens reached
22:40:05.832 INFO:     #89 chat/completions (stream): 110 prompt tokens ·
                       temperature: 0, greedy (req), max_tokens: 256 (req),
                       min_tokens: 256 (req)
22:40:05.988 INFO:     #88 chat/completions (stream): 256 tokens generated at
                       224.7 T/s · prompt 100 tokens, none cached, 100 new in
                       0.09 s · first token 0.10 s, total 1.24 s · draft 175/243
                       accepted (72%) · max_tokens reached
22:40:06.020 INFO:     #90 chat/completions (stream): 112 prompt tokens ·
                       temperature: 0, greedy (req), max_tokens: 256 (req),
                       min_tokens: 256 (req)
22:40:07.250 INFO:     #89 chat/completions (stream): 256 tokens generated at
                       201.0 T/s · prompt 110 tokens, none cached, 110 new in
                       0.10 s · first token 0.11 s, total 1.38 s · draft 164/276
                       accepted (59%) · max_tokens reached
22:40:07.282 INFO:     #91 chat/completions (stream): 64 prompt tokens ·
                       temperature: 0, greedy (req), max_tokens: 256 (req),
                       min_tokens: 256 (req)
22:40:07.437 INFO:     #90 chat/completions (stream): 256 tokens generated at
                       200.4 T/s · prompt 112 tokens, none cached, 112 new in
                       0.09 s · first token 0.09 s, total 1.37 s · draft 162/282
                       accepted (57%) · max_tokens reached
22:40:07.469 INFO:     #92 chat/completions (stream): 63 prompt tokens ·
                       temperature: 0, greedy (req), max_tokens: 256 (req),
                       min_tokens: 256 (req)
22:40:08.537 INFO:     #91 chat/completions (stream): 256 tokens generated at
                       225.1 T/s · prompt 64 tokens, none cached, 64 new in 0.07
                       s · first token 0.08 s, total 1.21 s · draft 171/255
                       accepted (67%) · max_tokens reached
22:40:08.570 INFO:     #93 chat/completions (stream): 794 prompt tokens ·
                       temperature: 0, greedy (req), max_tokens: 256 (req),
                       min_tokens: 256 (req)
22:40:09.053 INFO:     #92 chat/completions (stream): 256 tokens generated at
                       174.9 T/s · prompt 63 tokens, none cached, 63 new in 0.07
                       s · first token 0.08 s, total 1.54 s · draft 157/297
                       accepted (53%) · max_tokens reached
22:40:09.086 INFO:     #94 chat/completions (stream): 440 prompt tokens ·
                       temperature: 0, greedy (req), max_tokens: 256 (req),
                       min_tokens: 256 (req)
22:40:10.157 INFO:     #93 chat/completions (stream): 256 tokens generated at
                       195.8 T/s · prompt 794 tokens, none cached, 794 new in
                       0.23 s (3,452 T/s) · first token 0.24 s, total 1.54 s ·
                       draft 170/258 accepted (66%) · max_tokens reached
22:40:10.198 INFO:     #95 chat/completions (stream): 65 prompt tokens ·
                       temperature: 0, greedy (req), max_tokens: 256 (req),
                       min_tokens: 256 (req)
22:40:10.521 INFO:     #94 chat/completions (stream): 256 tokens generated at
                       223.5 T/s · prompt 440 tokens, none cached, 440 new in
                       0.24 s (1,833 T/s) · first token 0.25 s, total 1.39 s ·
                       draft 171/255 accepted (67%) · max_tokens reached
22:40:10.556 INFO:     #96 chat/completions (stream): 1,320 prompt tokens ·
                       temperature: 0, greedy (req), max_tokens: 256 (req),
                       min_tokens: 256 (req)
22:40:11.857 INFO:     #95 chat/completions (stream): 256 tokens generated at
                       166.3 T/s · prompt 65 tokens, none cached, 65 new in 0.07
                       s · first token 0.08 s, total 1.62 s · draft 162/282
                       accepted (57%) · max_tokens reached
22:40:11.891 INFO:     #97 chat/completions (stream): 795 prompt tokens ·
                       temperature: 0, greedy (req), max_tokens: 256 (req),
                       min_tokens: 256 (req)
22:40:12.525 INFO:     #96 chat/completions (stream): 256 tokens generated at
                       164.4 T/s · prompt 1,320 tokens, none cached, 1,320 new
                       in 0.36 s (3,667 T/s) · first token 0.37 s, total 1.92 s
                       · draft 151/315 accepted (48%) · max_tokens reached
22:40:12.558 INFO:     #98 chat/completions (stream): 267 prompt tokens ·
                       temperature: 0, greedy (req), max_tokens: 256 (req),
                       min_tokens: 256 (req)
22:40:13.292 INFO:     #97 chat/completions (stream): 256 tokens generated at
                       227.9 T/s · prompt 795 tokens, none cached, 795 new in
                       0.23 s (3,457 T/s) · first token 0.24 s, total 1.36 s ·
                       draft 181/225 accepted (80%) · max_tokens reached
22:40:13.324 INFO:     #99 chat/completions (stream): 300 prompt tokens ·
                       temperature: 0, greedy (req), max_tokens: 256 (req),
                       min_tokens: 256 (req)
22:40:14.005 INFO:     #98 chat/completions (stream): 256 tokens generated at
                       207.4 T/s · prompt 267 tokens, none cached, 267 new in
                       0.16 s (1,669 T/s) · first token 0.17 s, total 1.40 s ·
                       draft 174/246 accepted (71%) · max_tokens reached
22:40:14.037 INFO:     #100 chat/completions (stream): 73 prompt tokens ·
                       temperature: 0, greedy (req), max_tokens: 256 (req),
                       min_tokens: 256 (req)
22:40:14.798 INFO:     #99 chat/completions (stream): 256 tokens generated at
                       209.8 T/s · prompt 300 tokens, none cached, 300 new in
                       0.21 s (1,429 T/s) · first token 0.22 s, total 1.44 s ·
                       draft 166/270 accepted (61%) · max_tokens reached
22:40:14.830 INFO:     #101 chat/completions (stream): 64 prompt tokens ·
                       temperature: 0, greedy (req), max_tokens: 256 (req),
                       min_tokens: 256 (req)
22:40:15.350 INFO:     #100 chat/completions (stream): 256 tokens generated at
                       215.8 T/s · prompt 73 tokens, none cached, 73 new in 0.08
                       s · first token 0.09 s, total 1.27 s · draft 169/261
                       accepted (65%) · max_tokens reached
22:40:15.382 INFO:     #102 chat/completions (stream): 121 prompt tokens ·
                       temperature: 0, greedy (req), max_tokens: 256 (req),
                       min_tokens: 256 (req)
22:40:16.270 INFO:     #101 chat/completions (stream): 256 tokens generated at
                       193.7 T/s · prompt 64 tokens, none cached, 64 new in 0.07
                       s · first token 0.08 s, total 1.40 s · draft 161/285
                       accepted (56%) · max_tokens reached
22:40:16.303 INFO:     #103 chat/completions (stream): 464 prompt tokens ·
                       temperature: 0, greedy (req), max_tokens: 256 (req),
                       min_tokens: 256 (req)
22:40:16.816 INFO:     #102 chat/completions (stream): 256 tokens generated at
                       199.1 T/s · prompt 121 tokens, none cached, 121 new in
                       0.10 s · first token 0.11 s, total 1.39 s · draft 174/246
                       accepted (71%) · max_tokens reached
22:40:16.849 INFO:     #104 chat/completions (stream): 443 prompt tokens ·
                       temperature: 0, greedy (req), max_tokens: 256 (req),
                       min_tokens: 256 (req)
22:40:18.026 INFO:     #103 chat/completions (stream): 256 tokens generated at
                       179.9 T/s · prompt 464 tokens, none cached, 464 new in
                       0.25 s (1,856 T/s) · first token 0.26 s, total 1.68 s ·
                       draft 162/282 accepted (57%) · max_tokens reached
22:40:18.059 INFO:     #106 chat/completions (stream): 74 prompt tokens ·
                       temperature: 0, greedy (req), max_tokens: 256 (req),
                       min_tokens: 256 (req)
22:40:18.406 INFO:     #104 chat/completions (stream): 256 tokens generated at
                       202.1 T/s · prompt 443 tokens, none cached, 443 new in
                       0.24 s (1,846 T/s) · first token 0.25 s, total 1.51 s ·
                       draft 163/279 accepted (58%) · max_tokens reached
22:40:18.438 INFO:     #107 chat/completions (stream): 153 prompt tokens ·
                       temperature: 0, greedy (req), max_tokens: 256 (req),
                       min_tokens: 256 (req)
22:40:19.414 INFO:     #106 chat/completions (stream): 256 tokens generated at
                       208.4 T/s · prompt 74 tokens, none cached, 74 new in 0.08
                       s · first token 0.09 s, total 1.31 s · draft 168/264
                       accepted (64%) · max_tokens reached
22:40:19.446 INFO:     #108 chat/completions (stream): 63 prompt tokens ·
                       temperature: 0, greedy (req), max_tokens: 256 (req),
                       min_tokens: 256 (req)
22:40:19.627 INFO:     #107 chat/completions (stream): 256 tokens generated at
                       243.9 T/s · prompt 153 tokens, none cached, 153 new in
                       0.09 s · first token 0.10 s, total 1.14 s · draft 180/228
                       accepted (79%) · max_tokens reached
22:40:19.659 INFO:     #109 chat/completions (stream): 729 prompt tokens ·
                       temperature: 0, greedy (req), max_tokens: 256 (req),
                       min_tokens: 256 (req)
22:40:21.131 INFO:     #108 chat/completions (stream): 256 tokens generated at
                       163.4 T/s · prompt 63 tokens, none cached, 63 new in 0.07
                       s · first token 0.08 s, total 1.64 s · draft 155/303
                       accepted (51%) · max_tokens reached
22:40:21.164 INFO:     #110 chat/completions (stream): 789 prompt tokens ·
                       temperature: 0, greedy (req), max_tokens: 256 (req),
                       min_tokens: 256 (req)
22:40:21.580 INFO:     #109 chat/completions (stream): 256 tokens generated at
                       161.2 T/s · prompt 729 tokens, none cached, 729 new in
                       0.29 s (2,514 T/s) · first token 0.29 s, total 1.88 s ·
                       draft 151/315 accepted (48%) · max_tokens reached
22:40:21.613 INFO:     #111 chat/completions (stream): 168 prompt tokens ·
                       temperature: 0, greedy (req), max_tokens: 256 (req),
                       min_tokens: 256 (req)
22:40:22.740 INFO:     #111 chat/completions (stream): 256 tokens generated at
                       260.4 T/s · prompt 168 tokens, none cached, 168 new in
                       0.10 s · first token 0.11 s, total 1.09 s · draft 178/234
                       accepted (76%) · max_tokens reached
22:40:22.773 INFO:     #112 chat/completions (stream): 143 prompt tokens ·
                       temperature: 0, greedy (req), max_tokens: 256 (req),
                       min_tokens: 256 (req)
22:40:22.931 INFO:     #110 chat/completions (stream): 256 tokens generated at
                       189.8 T/s · prompt 789 tokens, none cached, 789 new in
                       0.25 s (3,156 T/s) · first token 0.26 s, total 1.60 s ·
                       draft 155/303 accepted (51%) · max_tokens reached
22:40:22.964 INFO:     #113 chat/completions (stream): 118 prompt tokens ·
                       temperature: 0, greedy (req), max_tokens: 256 (req),
                       min_tokens: 256 (req)
22:40:24.218 INFO:     #112 chat/completions (stream): 256 tokens generated at
                       200.2 T/s · prompt 143 tokens, none cached, 143 new in
                       0.11 s · first token 0.12 s, total 1.39 s · draft 163/279
                       accepted (58%) · max_tokens reached
22:40:24.251 INFO:     #114 chat/completions (stream): 273 prompt tokens ·
                       temperature: 0, greedy (req), max_tokens: 256 (req),
                       min_tokens: 256 (req)
22:40:24.566 INFO:     #113 chat/completions (stream): 256 tokens generated at
                       176.3 T/s · prompt 118 tokens, none cached, 118 new in
                       0.10 s · first token 0.11 s, total 1.56 s · draft 153/309
                       accepted (50%) · max_tokens reached
22:40:24.599 INFO:     #115 chat/completions (stream): 87 prompt tokens ·
                       temperature: 0, greedy (req), max_tokens: 256 (req),
                       min_tokens: 256 (req)
22:40:25.599 INFO:     #115 chat/completions (stream): 256 tokens generated at
                       288.3 T/s · prompt 87 tokens, none cached, 87 new in 0.09
                       s · first token 0.10 s, total 0.98 s · draft 186/210
                       accepted (89%) · max_tokens reached
22:40:25.602 INFO:     #114 chat/completions (stream): 256 tokens generated at
                       215.8 T/s · prompt 273 tokens, none cached, 273 new in
                       0.16 s (1,706 T/s) · first token 0.17 s, total 1.35 s ·
                       draft 168/264 accepted (64%) · max_tokens reached
22:40:25.603 INFO:     #116 chat/completions (stream): 130 prompt tokens ·
                       temperature: 0, greedy (req), max_tokens: 256 (req),
                       min_tokens: 256 (req)
22:40:25.604 INFO:     #117 chat/completions (stream): 63 prompt tokens ·
                       temperature: 0, greedy (req), max_tokens: 256 (req),
                       min_tokens: 256 (req)
22:40:26.816 INFO:     #116 chat/completions (stream): 256 tokens generated at
                       260.5 T/s · prompt 130 tokens, none cached, 130 new in
                       0.18 s · first token 0.19 s, total 1.17 s · draft 179/231
                       accepted (77%) · max_tokens reached
22:40:26.848 INFO:     #118 chat/completions (stream): 67 prompt tokens ·
                       temperature: 0, greedy (req), max_tokens: 256 (req),
                       min_tokens: 256 (req)
22:40:27.083 INFO:     #117 chat/completions (stream): 256 tokens generated at
                       204.9 T/s · prompt 63 tokens, none cached, 63 new in 0.07
                       s · queued 0.12 s, first token 0.19 s, total 1.44 s ·
                       draft 163/279 accepted (58%) · max_tokens reached
22:40:27.114 INFO:     #119 chat/completions (stream): 61 prompt tokens ·
                       temperature: 0, greedy (req), max_tokens: 256 (req),
                       min_tokens: 256 (req)
22:40:28.063 INFO:     #118 chat/completions (stream): 256 tokens generated at
                       234.5 T/s · prompt 67 tokens, none cached, 67 new in 0.08
                       s · first token 0.09 s, total 1.18 s · draft 174/246
                       accepted (71%) · max_tokens reached
22:40:28.096 INFO:     #120 chat/completions (stream): 96 prompt tokens ·
                       temperature: 0, greedy (req), max_tokens: 256 (req),
                       min_tokens: 256 (req)
22:40:28.492 INFO:     #119 chat/completions (stream): 256 tokens generated at
                       202.9 T/s · prompt 61 tokens, none cached, 61 new in 0.07
                       s · first token 0.07 s, total 1.34 s · draft 163/279
                       accepted (58%) · max_tokens reached
22:40:28.525 INFO:     #121 chat/completions (stream): 497 prompt tokens ·
                       temperature: 0, greedy (req), max_tokens: 256 (req),
                       min_tokens: 256 (req)
22:40:29.474 INFO:     #120 chat/completions (stream): 256 tokens generated at
                       206.4 T/s · prompt 96 tokens, none cached, 96 new in 0.09
                       s · first token 0.10 s, total 1.34 s · draft 178/234
                       accepted (76%) · max_tokens reached
22:40:29.507 INFO:     #122 chat/completions (stream): 357 prompt tokens ·
                       temperature: 0, greedy (req), max_tokens: 256 (req),
                       min_tokens: 256 (req)
22:40:30.164 INFO:     #121 chat/completions (stream): 256 tokens generated at
                       191.7 T/s · prompt 497 tokens, none cached, 497 new in
                       0.26 s (1,912 T/s) · first token 0.27 s, total 1.60 s ·
                       draft 168/264 accepted (64%) · max_tokens reached
22:40:30.201 INFO:     #123 chat/completions (stream): 82 prompt tokens ·
                       temperature: 0, greedy (req), max_tokens: 256 (req),
                       min_tokens: 256 (req)
22:40:31.006 INFO:     #122 chat/completions (stream): 256 tokens generated at
                       209.9 T/s · prompt 357 tokens, none cached, 357 new in
                       0.23 s (1,552 T/s) · first token 0.24 s, total 1.46 s ·
                       draft 166/270 accepted (61%) · max_tokens reached
22:40:31.039 INFO:     #124 chat/completions (stream): 851 prompt tokens ·
                       temperature: 0, greedy (req), max_tokens: 256 (req),
                       min_tokens: 256 (req)
22:40:31.836 INFO:     #123 chat/completions (stream): 256 tokens generated at
                       170.2 T/s · prompt 82 tokens, none cached, 82 new in 0.08
                       s · first token 0.09 s, total 1.59 s · draft 159/291
                       accepted (55%) · max_tokens reached
22:40:31.868 INFO:     #125 chat/completions (stream): 121 prompt tokens ·
                       temperature: 0, greedy (req), max_tokens: 256 (req),
                       min_tokens: 256 (req)
22:40:32.620 INFO:     #124 chat/completions (stream): 256 tokens generated at
                       206.7 T/s · prompt 851 tokens, none cached, 851 new in
                       0.29 s (2,934 T/s) · first token 0.30 s, total 1.53 s ·
                       draft 167/267 accepted (63%) · max_tokens reached
22:40:32.652 INFO:     #127 chat/completions (stream): 62 prompt tokens ·
                       temperature: 0, greedy (req), max_tokens: 256 (req),
                       min_tokens: 256 (req)
22:40:33.081 INFO:     #125 chat/completions (stream): 256 tokens generated at
                       240.5 T/s · prompt 121 tokens, none cached, 121 new in
                       0.10 s · first token 0.11 s, total 1.17 s · draft 179/231
                       accepted (77%) · max_tokens reached
22:40:33.113 INFO:     #128 chat/completions (stream): 95 prompt tokens ·
                       temperature: 0, greedy (req), max_tokens: 256 (req),
                       min_tokens: 256 (req)
22:40:34.054 INFO:     #127 chat/completions (stream): 256 tokens generated at
                       199.2 T/s · prompt 62 tokens, none cached, 62 new in 0.07
                       s · first token 0.08 s, total 1.36 s · draft 162/282
                       accepted (57%) · max_tokens reached
22:40:34.085 INFO:     #129 chat/completions (stream): 61 prompt tokens ·
                       temperature: 0, greedy (req), max_tokens: 256 (req),
                       min_tokens: 256 (req)
22:40:34.403 INFO:     #128 chat/completions (stream): 256 tokens generated at
                       221.6 T/s · prompt 95 tokens, none cached, 95 new in 0.09
                       s · first token 0.10 s, total 1.25 s · draft 171/255
                       accepted (67%) · max_tokens reached
22:40:34.437 INFO:     #130 chat/completions (stream): 1,431 prompt tokens ·
                       temperature: 0, greedy (req), max_tokens: 256 (req),
                       min_tokens: 256 (req)
22:40:35.900 INFO:     #129 chat/completions (stream): 256 tokens generated at
                       150.7 T/s · prompt 61 tokens, none cached, 61 new in 0.07
                       s · first token 0.08 s, total 1.77 s · draft 153/309
                       accepted (50%) · max_tokens reached
22:40:35.933 INFO:     #131 chat/completions (stream): 670 prompt tokens ·
                       temperature: 0, greedy (req), max_tokens: 256 (req),
                       min_tokens: 256 (req)
22:40:36.289 INFO:     #130 chat/completions (stream): 256 tokens generated at
                       180.7 T/s · prompt 1,431 tokens, none cached, 1,431 new
                       in 0.39 s (3,669 T/s) · first token 0.40 s, total 1.81 s
                       · draft 164/276 accepted (59%) · max_tokens reached
22:40:36.322 INFO:     #132 chat/completions (stream): 393 prompt tokens ·
                       temperature: 0, greedy (req), max_tokens: 256 (req),
                       min_tokens: 256 (req)
22:40:37.624 INFO:     #131 chat/completions (stream): 256 tokens generated at
                       184.7 T/s · prompt 670 tokens, none cached, 670 new in
                       0.26 s (2,577 T/s) · first token 0.27 s, total 1.65 s ·
                       draft 166/270 accepted (61%) · max_tokens reached
22:40:37.657 INFO:     #133 chat/completions (stream): 242 prompt tokens ·
                       temperature: 0, greedy (req), max_tokens: 256 (req),
                       min_tokens: 256 (req)
22:40:38.039 INFO:     #132 chat/completions (stream): 256 tokens generated at
                       180.8 T/s · prompt 393 tokens, none cached, 393 new in
                       0.25 s (1,572 T/s) · first token 0.26 s, total 1.67 s ·
                       draft 154/306 accepted (50%) · max_tokens reached
22:40:38.071 INFO:     #134 chat/completions (stream): 199 prompt tokens ·
                       temperature: 0, greedy (req), max_tokens: 256 (req),
                       min_tokens: 256 (req)
22:40:38.827 INFO:     #133 chat/completions (stream): 256 tokens generated at
                       254.1 T/s · prompt 242 tokens, none cached, 242 new in
                       0.12 s · first token 0.13 s, total 1.13 s · draft 185/213
                       accepted (87%) · max_tokens reached
22:40:38.861 INFO:     #135 chat/completions (stream): 412 prompt tokens ·
                       temperature: 0, greedy (req), max_tokens: 256 (req),
                       min_tokens: 256 (req)
22:40:39.724 INFO:     #134 chat/completions (stream): 256 tokens generated at
                       170.6 T/s · prompt 199 tokens, none cached, 199 new in
                       0.11 s · first token 0.11 s, total 1.62 s · draft 156/300
                       accepted (52%) · max_tokens reached
22:40:39.757 INFO:     #136 chat/completions (stream): 109 prompt tokens ·
                       temperature: 0, greedy (req), max_tokens: 256 (req),
                       min_tokens: 256 (req)
22:40:40.357 INFO:     #135 chat/completions (stream): 256 tokens generated at
                       210.6 T/s · prompt 412 tokens, none cached, 412 new in
                       0.23 s (1,791 T/s) · first token 0.24 s, total 1.45 s ·
                       draft 169/261 accepted (65%) · max_tokens reached
22:40:40.389 INFO:     #137 chat/completions (stream): 92 prompt tokens ·
                       temperature: 0, greedy (req), max_tokens: 256 (req),
                       min_tokens: 256 (req)
22:40:40.985 INFO:     #136 chat/completions (stream): 256 tokens generated at
                       236.2 T/s · prompt 109 tokens, none cached, 109 new in
                       0.10 s · first token 0.11 s, total 1.19 s · draft 178/234
                       accepted (76%) · max_tokens reached
22:40:41.017 INFO:     #138 chat/completions (stream): 98 prompt tokens ·
                       temperature: 0, greedy (req), max_tokens: 256 (req),
                       min_tokens: 256 (req)
22:40:41.966 INFO:     #137 chat/completions (stream): 256 tokens generated at
                       177.4 T/s · prompt 92 tokens, none cached, 92 new in 0.09
                       s · first token 0.10 s, total 1.54 s · draft 150/318
                       accepted (47%) · max_tokens reached
22:40:41.999 INFO:     #139 chat/completions (stream): 91 prompt tokens ·
                       temperature: 0, greedy (req), max_tokens: 256 (req),
                       min_tokens: 256 (req)
22:40:42.338 INFO:     #138 chat/completions (stream): 256 tokens generated at
                       216.3 T/s · prompt 98 tokens, none cached, 98 new in 0.09
                       s · first token 0.10 s, total 1.28 s · draft 171/255
                       accepted (67%) · max_tokens reached
22:40:42.372 INFO:     #140 chat/completions (stream): 774 prompt tokens ·
                       temperature: 0, greedy (req), max_tokens: 256 (req),
                       min_tokens: 256 (req)
22:40:43.317 INFO:     #139 chat/completions (stream): 256 tokens generated at
                       216.9 T/s · prompt 91 tokens, none cached, 91 new in 0.09
                       s · first token 0.10 s, total 1.28 s · draft 181/225
                       accepted (80%) · max_tokens reached
22:40:43.353 INFO:     #141 chat/completions (stream): 823 prompt tokens ·
                       temperature: 0, greedy (req), max_tokens: 256 (req),
                       min_tokens: 256 (req)
22:40:43.981 INFO:     #140 chat/completions (stream): 256 tokens generated at
                       190.0 T/s · prompt 774 tokens, none cached, 774 new in
                       0.22 s (3,518 T/s) · first token 0.23 s, total 1.57 s ·
                       draft 172/252 accepted (68%) · max_tokens reached
22:40:44.013 INFO:     #142 chat/completions (stream): 75 prompt tokens ·
                       temperature: 0, greedy (req), max_tokens: 256 (req),
                       min_tokens: 256 (req)
22:40:44.826 INFO:     #141 chat/completions (stream): 256 tokens generated at
                       223.3 T/s · prompt 823 tokens, none cached, 823 new in
                       0.28 s (2,939 T/s) · first token 0.29 s, total 1.43 s ·
                       draft 172/252 accepted (68%) · max_tokens reached
22:40:44.859 INFO:     #143 chat/completions (stream): 819 prompt tokens ·
                       temperature: 0, greedy (req), max_tokens: 256 (req),
                       min_tokens: 256 (req)
22:40:45.478 INFO:     #142 chat/completions (stream): 256 tokens generated at
                       190.7 T/s · prompt 75 tokens, none cached, 75 new in 0.08
                       s · first token 0.09 s, total 1.43 s · draft 171/255
                       accepted (67%) · max_tokens reached
22:40:45.510 INFO:     #144 chat/completions (stream): 125 prompt tokens ·
                       temperature: 0, greedy (req), max_tokens: 256 (req),
                       min_tokens: 256 (req)
22:40:46.243 INFO:     #143 chat/completions (stream): 256 tokens generated at
                       241.2 T/s · prompt 819 tokens, none cached, 819 new in
                       0.28 s (2,925 T/s) · first token 0.29 s, total 1.35 s ·
                       draft 179/231 accepted (77%) · max_tokens reached
22:40:46.278 INFO:     #145 chat/completions (stream): 763 prompt tokens ·
                       temperature: 0, greedy (req), max_tokens: 256 (req),
                       min_tokens: 256 (req)
22:40:46.900 INFO:     #144 chat/completions (stream): 256 tokens generated at
                       206.1 T/s · prompt 125 tokens, none cached, 125 new in
                       0.10 s · first token 0.11 s, total 1.35 s · draft 180/228
                       accepted (79%) · max_tokens reached
22:40:46.932 INFO:     #146 chat/completions (stream): 65 prompt tokens ·
                       temperature: 0, greedy (req), max_tokens: 256 (req),
                       min_tokens: 256 (req)
22:40:47.869 INFO:     #145 chat/completions (stream): 256 tokens generated at
                       204.6 T/s · prompt 763 tokens, none cached, 763 new in
                       0.29 s (2,631 T/s) · first token 0.30 s, total 1.55 s ·
                       draft 164/276 accepted (59%) · max_tokens reached
22:40:47.902 INFO:     #148 chat/completions (stream): 536 prompt tokens ·
                       temperature: 0, greedy (req), max_tokens: 256 (req),
                       min_tokens: 256 (req)
22:40:48.515 INFO:     #146 chat/completions (stream): 256 tokens generated at
                       174.7 T/s · prompt 65 tokens, none cached, 65 new in 0.07
                       s · first token 0.08 s, total 1.54 s · draft 156/300
                       accepted (52%) · max_tokens reached
22:40:48.546 INFO:     #149 chat/completions (stream): 106 prompt tokens ·
                       temperature: 0, greedy (req), max_tokens: 256 (req),
                       min_tokens: 256 (req)
22:40:49.472 INFO:     #148 chat/completions (stream): 256 tokens generated at
                       192.1 T/s · prompt 536 tokens, none cached, 536 new in
                       0.19 s (2,821 T/s) · first token 0.20 s, total 1.53 s ·
                       draft 160/288 accepted (56%) · max_tokens reached
22:40:49.503 INFO:     #150 chat/completions (stream): 70 prompt tokens ·
                       temperature: 0, greedy (req), max_tokens: 256 (req),
                       min_tokens: 256 (req)
22:40:49.893 INFO:     #149 chat/completions (stream): 256 tokens generated at
                       212.9 T/s · prompt 106 tokens, none cached, 106 new in
                       0.10 s · first token 0.11 s, total 1.31 s · draft 168/264
                       accepted (64%) · max_tokens reached
22:40:49.927 INFO:     #151 chat/completions (stream): 1,053 prompt tokens ·
                       temperature: 0, greedy (req), max_tokens: 256 (req),
                       min_tokens: 256 (req)
22:40:51.097 INFO:     #150 chat/completions (stream): 256 tokens generated at
                       174.4 T/s · prompt 70 tokens, none cached, 70 new in 0.08
                       s · first token 0.09 s, total 1.55 s · draft 164/276
                       accepted (59%) · max_tokens reached
22:40:51.132 INFO:     #152 chat/completions (stream): 1,100 prompt tokens ·
                       temperature: 0, greedy (req), max_tokens: 256 (req),
                       min_tokens: 256 (req)
22:40:51.785 INFO:     #151 chat/completions (stream): 256 tokens generated at
                       171.0 T/s · prompt 1,053 tokens, none cached, 1,053 new
                       in 0.31 s (3,397 T/s) · first token 0.32 s, total 1.81 s
                       · draft 165/273 accepted (60%) · max_tokens reached
22:40:51.819 INFO:     #153 chat/completions (stream): 411 prompt tokens ·
                       temperature: 0, greedy (req), max_tokens: 256 (req),
                       min_tokens: 256 (req)
22:40:52.794 INFO:     #152 chat/completions (stream): 256 tokens generated at
                       202.6 T/s · prompt 1,100 tokens, none cached, 1,100 new
                       in 0.35 s (3,143 T/s) · first token 0.36 s, total 1.62 s
                       · draft 176/240 accepted (73%) · max_tokens reached
22:40:52.827 INFO:     #154 chat/completions (stream): 128 prompt tokens ·
                       temperature: 0, greedy (req), max_tokens: 256 (req),
                       min_tokens: 256 (req)
22:40:53.168 INFO:     #153 chat/completions (stream): 256 tokens generated at
                       240.5 T/s · prompt 411 tokens, none cached, 411 new in
                       0.24 s (1,712 T/s) · first token 0.25 s, total 1.31 s ·
                       draft 182/222 accepted (82%) · max_tokens reached
22:40:53.207 INFO:     #155 chat/completions (stream): 84 prompt tokens ·
                       temperature: 0, greedy (req), max_tokens: 256 (req),
                       min_tokens: 256 (req)
22:40:54.008 INFO:     #154 chat/completions (stream): 256 tokens generated at
                       248.4 T/s · prompt 128 tokens, none cached, 128 new in
                       0.10 s · first token 0.11 s, total 1.14 s · draft 182/222
                       accepted (82%) · max_tokens reached
22:40:54.041 INFO:     #156 chat/completions (stream): 74 prompt tokens ·
                       temperature: 0, greedy (req), max_tokens: 256 (req),
                       min_tokens: 256 (req)
22:40:54.663 INFO:     #155 chat/completions (stream): 256 tokens generated at
                       193.1 T/s · prompt 84 tokens, none cached, 84 new in 0.08
                       s · first token 0.09 s, total 1.41 s · draft 158/294
                       accepted (54%) · max_tokens reached
22:40:54.694 INFO:     #157 chat/completions (stream): 61 prompt tokens ·
                       temperature: 0, greedy (req), max_tokens: 256 (req),
                       min_tokens: 256 (req)
22:40:55.684 INFO:     #156 chat/completions (stream): 256 tokens generated at
                       168.5 T/s · prompt 74 tokens, none cached, 74 new in 0.08
                       s · first token 0.09 s, total 1.60 s · draft 142/342
                       accepted (42%) · max_tokens reached
22:40:55.717 INFO:     #158 chat/completions (stream): 80 prompt tokens ·
                       temperature: 0, greedy (req), max_tokens: 256 (req),
                       min_tokens: 256 (req)
22:40:56.064 INFO:     #157 chat/completions (stream): 256 tokens generated at
                       204.4 T/s · prompt 61 tokens, none cached, 61 new in 0.07
                       s · first token 0.08 s, total 1.33 s · draft 164/276
                       accepted (59%) · max_tokens reached
22:40:56.096 INFO:     #159 chat/completions (stream): 112 prompt tokens ·
                       temperature: 0, greedy (req), max_tokens: 256 (req),
                       min_tokens: 256 (req)
22:40:57.003 INFO:     #158 chat/completions (stream): 256 tokens generated at
                       220.9 T/s · prompt 80 tokens, none cached, 80 new in 0.08
                       s · first token 0.09 s, total 1.24 s · draft 172/252
                       accepted (68%) · max_tokens reached
22:40:57.038 INFO:     #160 chat/completions (stream): 83 prompt tokens ·
                       temperature: 0, greedy (req), max_tokens: 256 (req),
                       min_tokens: 256 (req)
22:40:57.272 INFO:     #159 chat/completions (stream): 256 tokens generated at
                       248.1 T/s · prompt 112 tokens, none cached, 112 new in
                       0.10 s · first token 0.11 s, total 1.14 s · draft 181/225
                       accepted (80%) · max_tokens reached
22:40:57.303 INFO:     #161 chat/completions (stream): 100 prompt tokens ·
                       temperature: 0, greedy (req), max_tokens: 256 (req),
                       min_tokens: 256 (req)
22:40:58.472 INFO:     #160 chat/completions (stream): 256 tokens generated at
                       193.6 T/s · prompt 83 tokens, none cached, 83 new in 0.08
                       s · first token 0.09 s, total 1.41 s · draft 159/291
                       accepted (55%) · max_tokens reached
22:40:58.474 INFO:     #161 chat/completions (stream): 256 tokens generated at
                       239.3 T/s · prompt 100 tokens, none cached, 100 new in
                       0.09 s · first token 0.09 s, total 1.16 s · draft 172/252
                       accepted (68%) · max_tokens reached
22:40:58.477 INFO:     #162 chat/completions (stream): 127 prompt tokens ·
                       temperature: 0, greedy (req), max_tokens: 256 (req),
                       min_tokens: 256 (req)
22:40:58.478 INFO:     #163 chat/completions (stream): 90 prompt tokens ·
                       temperature: 0, greedy (req), max_tokens: 256 (req),
                       min_tokens: 256 (req)
22:40:59.677 INFO:     #162 chat/completions (stream): 256 tokens generated at
                       266.4 T/s · prompt 127 tokens, none cached, 127 new in
                       0.19 s · first token 0.20 s, total 1.16 s · draft 182/222
                       accepted (82%) · max_tokens reached
22:40:59.710 INFO:     #164 chat/completions (stream): 63 prompt tokens ·
                       temperature: 0, greedy (req), max_tokens: 256 (req),
                       min_tokens: 256 (req)
22:40:59.866 INFO:     #163 chat/completions (stream): 256 tokens generated at
                       222.6 T/s · prompt 90 tokens, none cached, 90 new in 0.09
                       s · queued 0.11 s, first token 0.20 s, total 1.35 s ·
                       draft 172/252 accepted (68%) · max_tokens reached
22:40:59.898 INFO:     #165 chat/completions (stream): 104 prompt tokens ·
                       temperature: 0, greedy (req), max_tokens: 256 (req),
                       min_tokens: 256 (req)
22:41:01.116 INFO:     #164 chat/completions (stream): 256 tokens generated at
                       198.7 T/s · prompt 63 tokens, none cached, 63 new in 0.07
                       s · first token 0.08 s, total 1.36 s · draft 163/279
                       accepted (58%) · max_tokens reached
22:41:01.148 INFO:     #166 chat/completions (stream): 80 prompt tokens ·
                       temperature: 0, greedy (req), max_tokens: 256 (req),
                       min_tokens: 256 (req)
22:41:01.375 INFO:     #165 chat/completions (stream): 256 tokens generated at
                       191.7 T/s · prompt 104 tokens, none cached, 104 new in
                       0.09 s · first token 0.10 s, total 1.43 s · draft 158/294
                       accepted (54%) · max_tokens reached
22:41:01.407 INFO:     #167 chat/completions (stream): 82 prompt tokens ·
                       temperature: 0, greedy (req), max_tokens: 256 (req),
                       min_tokens: 256 (req)
22:41:02.623 INFO:     #166 chat/completions (stream): 256 tokens generated at
                       189.8 T/s · prompt 80 tokens, none cached, 80 new in 0.08
                       s · first token 0.09 s, total 1.43 s · draft 156/300
                       accepted (52%) · max_tokens reached
22:41:02.657 INFO:     #169 chat/completions (stream): 809 prompt tokens ·
                       temperature: 0, greedy (req), max_tokens: 256 (req),
                       min_tokens: 256 (req)
22:41:03.126 INFO:     #167 chat/completions (stream): 256 tokens generated at
                       161.0 T/s · prompt 82 tokens, none cached, 82 new in 0.08
                       s · first token 0.08 s, total 1.67 s · draft 151/315
                       accepted (48%) · max_tokens reached
22:41:03.159 INFO:     #170 chat/completions (stream): 77 prompt tokens ·
                       temperature: 0, greedy (req), max_tokens: 256 (req),
                       min_tokens: 256 (req)
22:41:04.213 INFO:     #169 chat/completions (stream): 256 tokens generated at
                       207.8 T/s · prompt 809 tokens, none cached, 809 new in
                       0.27 s (2,996 T/s) · first token 0.28 s, total 1.51 s ·
                       draft 167/267 accepted (63%) · max_tokens reached
22:41:04.244 INFO:     #171 chat/completions (stream): 64 prompt tokens ·
                       temperature: 0, greedy (req), max_tokens: 256 (req),
                       min_tokens: 256 (req)
22:41:04.423 INFO:     #170 chat/completions (stream): 256 tokens generated at
                       230.6 T/s · prompt 77 tokens, none cached, 77 new in 0.11
                       s · first token 0.12 s, total 1.23 s · draft 175/243
                       accepted (72%) · max_tokens reached
22:41:04.455 INFO:     #172 chat/completions (stream): 104 prompt tokens ·
                       temperature: 0, greedy (req), max_tokens: 256 (req),
                       min_tokens: 256 (req)
22:41:05.518 INFO:     #171 chat/completions (stream): 256 tokens generated at
                       219.6 T/s · prompt 64 tokens, none cached, 64 new in 0.07
                       s · first token 0.08 s, total 1.24 s · draft 172/252
                       accepted (68%) · max_tokens reached
22:41:05.520 INFO:     #172 chat/completions (stream): 256 tokens generated at
                       265.6 T/s · prompt 104 tokens, none cached, 104 new in
                       0.09 s · first token 0.10 s, total 1.06 s · draft 180/228
                       accepted (79%) · max_tokens reached
22:41:05.521 INFO:     #173 chat/completions (stream): 66 prompt tokens ·
                       temperature: 0, greedy (req), max_tokens: 256 (req),
                       min_tokens: 256 (req)
22:41:05.627 INFO:     #174 chat/completions (stream): 786 prompt tokens ·
                       temperature: 0, greedy (req), max_tokens: 256 (req),
                       min_tokens: 256 (req)
22:41:06.942 INFO:     #173 chat/completions (stream): 256 tokens generated at
                       196.2 T/s · prompt 66 tokens, none cached, 66 new in 0.08
                       s · first token 0.09 s, total 1.39 s · draft 169/261
                       accepted (65%) · max_tokens reached
22:41:06.945 INFO:     #174 chat/completions (stream): 256 tokens generated at
                       234.0 T/s · prompt 786 tokens, none cached, 786 new in
                       0.21 s (3,743 T/s) · first token 0.22 s, total 1.31 s ·
                       draft 169/261 accepted (65%) · max_tokens reached
22:41:06.945 INFO:     #175 chat/completions (stream): 67 prompt tokens ·
                       temperature: 0, greedy (req), max_tokens: 256 (req),
                       min_tokens: 256 (req)
22:41:07.049 INFO:     #176 chat/completions (stream): 831 prompt tokens ·
                       temperature: 0, greedy (req), max_tokens: 256 (req),
                       min_tokens: 256 (req)
22:41:08.593 INFO:     #175 chat/completions (stream): 256 tokens generated at
                       166.9 T/s · prompt 67 tokens, none cached, 67 new in 0.07
                       s · first token 0.08 s, total 1.61 s · draft 157/297
                       accepted (53%) · max_tokens reached
22:41:08.596 INFO:     #176 chat/completions (stream): 256 tokens generated at
                       203.1 T/s · prompt 831 tokens, none cached, 831 new in
                       0.28 s (2,968 T/s) · first token 0.29 s, total 1.55 s ·
                       draft 157/297 accepted (53%) · max_tokens reached
22:41:08.597 INFO:     #177 chat/completions (stream): 731 prompt tokens ·
                       temperature: 0, greedy (req), max_tokens: 256 (req),
                       min_tokens: 256 (req)
22:41:08.879 INFO:     #178 chat/completions (stream): 87 prompt tokens ·
                       temperature: 0, greedy (req), max_tokens: 256 (req),
                       min_tokens: 256 (req)
22:41:10.013 INFO:     #178 chat/completions (stream): 256 tokens generated at
                       253.4 T/s · prompt 87 tokens, none cached, 87 new in 0.09
                       s · first token 0.10 s, total 1.11 s · draft 177/237
                       accepted (75%) · max_tokens reached
22:41:10.016 INFO:     #177 chat/completions (stream): 256 tokens generated at
                       224.0 T/s · prompt 731 tokens, none cached, 731 new in
                       0.26 s (2,812 T/s) · first token 0.27 s, total 1.41 s ·
                       draft 173/249 accepted (69%) · max_tokens reached
22:41:10.018 INFO:     #179 chat/completions (stream): 1,138 prompt tokens ·
                       temperature: 0, greedy (req), max_tokens: 256 (req),
                       min_tokens: 256 (req)
22:41:10.367 INFO:     #180 chat/completions (stream): 128 prompt tokens ·
                       temperature: 0, greedy (req), max_tokens: 256 (req),
                       min_tokens: 256 (req)
22:41:11.552 INFO:     #179 chat/completions (stream): 256 tokens generated at
                       214.4 T/s · prompt 1,138 tokens, none cached, 1,138 new
                       in 0.33 s (3,448 T/s) · first token 0.34 s, total 1.53 s
                       · draft 171/255 accepted (67%) · max_tokens reached
22:41:11.553 INFO:     #180 chat/completions (stream): 256 tokens generated at
                       237.7 T/s · prompt 128 tokens, none cached, 128 new in
                       0.10 s · first token 0.11 s, total 1.18 s · draft 172/252
                       accepted (68%) · max_tokens reached
22:41:11.557 INFO:     #181 chat/completions (stream): 592 prompt tokens ·
                       temperature: 0, greedy (req), max_tokens: 256 (req),
                       min_tokens: 256 (req)
22:41:11.559 INFO:     #182 chat/completions (stream): 63 prompt tokens ·
                       temperature: 0, greedy (req), max_tokens: 256 (req),
                       min_tokens: 256 (req)
22:41:13.159 INFO:     #181 chat/completions (stream): 256 tokens generated at
                       207.5 T/s · prompt 592 tokens, none cached, 592 new in
                       0.32 s (1,850 T/s) · first token 0.33 s, total 1.56 s ·
                       draft 159/291 accepted (55%) · max_tokens reached
22:41:13.200 INFO:     #183 chat/completions (stream): 654 prompt tokens ·
                       temperature: 0, greedy (req), max_tokens: 256 (req),
                       min_tokens: 256 (req)
22:41:13.561 INFO:     #182 chat/completions (stream): 256 tokens generated at
                       148.1 T/s · prompt 63 tokens, none cached, 63 new in 0.07
                       s · queued 0.16 s, first token 0.23 s, total 1.96 s ·
                       draft 147/327 accepted (45%) · max_tokens reached
22:41:13.595 INFO:     #184 chat/completions (stream): 586 prompt tokens ·
                       temperature: 0, greedy (req), max_tokens: 256 (req),
                       min_tokens: 256 (req)
22:41:15.058 INFO:     #184 chat/completions (stream): 256 tokens generated at
                       216.7 T/s · prompt 586 tokens, none cached, 586 new in
                       0.25 s (2,344 T/s) · first token 0.26 s, total 1.44 s ·
                       draft 164/276 accepted (59%) · max_tokens reached
22:41:15.061 INFO:     #183 chat/completions (stream): 256 tokens generated at
                       162.6 T/s · prompt 654 tokens, none cached, 654 new in
                       0.28 s (2,336 T/s) · first token 0.29 s, total 1.86 s ·
                       draft 150/318 accepted (47%) · max_tokens reached
22:41:15.062 INFO:     #185 chat/completions (stream): 212 prompt tokens ·
                       temperature: 0, greedy (req), max_tokens: 256 (req),
                       min_tokens: 256 (req)
22:41:15.199 INFO:     #186 chat/completions (stream): 960 prompt tokens ·
                       temperature: 0, greedy (req), max_tokens: 256 (req),
                       min_tokens: 256 (req)
22:41:16.531 INFO:     #185 chat/completions (stream): 256 tokens generated at
                       195.0 T/s · prompt 212 tokens, none cached, 212 new in
                       0.11 s · first token 0.12 s, total 1.43 s · draft 177/237
                       accepted (75%) · max_tokens reached
22:41:16.563 INFO:     #187 chat/completions (stream): 77 prompt tokens ·
                       temperature: 0, greedy (req), max_tokens: 256 (req),
                       min_tokens: 256 (req)
22:41:16.872 INFO:     #186 chat/completions (stream): 256 tokens generated at
                       194.0 T/s · prompt 960 tokens, none cached, 960 new in
                       0.31 s (3,097 T/s) · first token 0.31 s, total 1.63 s ·
                       draft 159/291 accepted (55%) · max_tokens reached
22:41:16.906 INFO:     #188 chat/completions (stream): 819 prompt tokens ·
                       temperature: 0, greedy (req), max_tokens: 256 (req),
                       min_tokens: 256 (req)
22:41:18.124 INFO:     #187 chat/completions (stream): 256 tokens generated at
                       178.5 T/s · prompt 77 tokens, none cached, 77 new in 0.08
                       s · first token 0.09 s, total 1.52 s · draft 163/279
                       accepted (58%) · max_tokens reached
22:41:18.157 INFO:     #190 chat/completions (stream): 780 prompt tokens ·
                       temperature: 0, greedy (req), max_tokens: 256 (req),
                       min_tokens: 256 (req)
22:41:18.495 INFO:     #188 chat/completions (stream): 256 tokens generated at
                       201.8 T/s · prompt 819 tokens, none cached, 819 new in
                       0.27 s (3,033 T/s) · first token 0.28 s, total 1.54 s ·
                       draft 175/243 accepted (72%) · max_tokens reached
22:41:18.527 INFO:     #191 chat/completions (stream): 134 prompt tokens ·
                       temperature: 0, greedy (req), max_tokens: 256 (req),
                       min_tokens: 256 (req)
22:41:19.643 INFO:     #191 chat/completions (stream): 256 tokens generated at
                       263.6 T/s · prompt 134 tokens, none cached, 134 new in
                       0.11 s · first token 0.12 s, total 1.09 s · draft 181/225
                       accepted (80%) · max_tokens reached
22:41:19.647 INFO:     #190 chat/completions (stream): 256 tokens generated at
                       210.9 T/s · prompt 780 tokens, none cached, 780 new in
                       0.27 s (2,889 T/s) · first token 0.28 s, total 1.49 s ·
                       draft 169/261 accepted (65%) · max_tokens reached
22:41:19.649 INFO:     #192 chat/completions (stream): 695 prompt tokens ·
                       temperature: 0, greedy (req), max_tokens: 256 (req),
                       min_tokens: 256 (req)
22:41:19.929 INFO:     #193 chat/completions (stream): 88 prompt tokens ·
                       temperature: 0, greedy (req), max_tokens: 256 (req),
                       min_tokens: 256 (req)
22:41:21.183 INFO:     #193 chat/completions (stream): 256 tokens generated at
                       225.2 T/s · prompt 88 tokens, none cached, 88 new in 0.09
                       s · first token 0.10 s, total 1.23 s · draft 167/267
                       accepted (63%) · max_tokens reached
22:41:21.186 INFO:     #192 chat/completions (stream): 256 tokens generated at
                       202.5 T/s · prompt 695 tokens, none cached, 695 new in
                       0.26 s (2,673 T/s) · first token 0.27 s, total 1.53 s ·
                       draft 164/276 accepted (59%) · max_tokens reached
22:41:21.189 INFO:     #194 chat/completions (stream): 516 prompt tokens ·
                       temperature: 0, greedy (req), max_tokens: 256 (req),
                       min_tokens: 256 (req)
22:41:21.189 INFO:     #195 chat/completions (stream): 93 prompt tokens ·
                       temperature: 0, greedy (req), max_tokens: 256 (req),
                       min_tokens: 256 (req)
22:41:22.440 INFO:     #195 chat/completions (stream): 256 tokens generated at
                       267.0 T/s · prompt 93 tokens, none cached, 93 new in 0.09
                       s · queued 0.16 s, first token 0.25 s, total 1.21 s ·
                       draft 182/222 accepted (82%) · max_tokens reached
22:41:22.473 INFO:     #196 chat/completions (stream): 775 prompt tokens ·
                       temperature: 0, greedy (req), max_tokens: 256 (req),
                       min_tokens: 256 (req)
22:41:22.838 INFO:     #194 chat/completions (stream): 256 tokens generated at
                       192.9 T/s · prompt 516 tokens, none cached, 516 new in
                       0.27 s (1,911 T/s) · first token 0.28 s, total 1.61 s ·
                       draft 168/264 accepted (64%) · max_tokens reached
22:41:22.871 INFO:     #197 chat/completions (stream): 386 prompt tokens ·
                       temperature: 0, greedy (req), max_tokens: 256 (req),
                       min_tokens: 256 (req)
22:41:24.175 INFO:     #196 chat/completions (stream): 256 tokens generated at
                       179.5 T/s · prompt 775 tokens, none cached, 775 new in
                       0.23 s (3,370 T/s) · first token 0.24 s, total 1.66 s ·
                       draft 162/282 accepted (57%) · max_tokens reached
22:41:24.211 INFO:     #198 chat/completions (stream): 123 prompt tokens ·
                       temperature: 0, greedy (req), max_tokens: 256 (req),
                       min_tokens: 256 (req)
22:41:24.433 INFO:     #197 chat/completions (stream): 256 tokens generated at
                       202.4 T/s · prompt 386 tokens, none cached, 386 new in
                       0.25 s (1,544 T/s) · first token 0.26 s, total 1.52 s ·
                       draft 164/276 accepted (59%) · max_tokens reached
22:41:24.465 INFO:     #199 chat/completions (stream): 78 prompt tokens ·
                       temperature: 0, greedy (req), max_tokens: 256 (req),
                       min_tokens: 256 (req)
22:41:25.663 INFO:     #199 chat/completions (stream): 256 tokens generated at
                       239.2 T/s · prompt 78 tokens, none cached, 78 new in 0.08
                       s · first token 0.09 s, total 1.16 s · draft 172/252
                       accepted (68%) · max_tokens reached
22:41:25.676 INFO:     #200 chat/completions (stream): 116 prompt tokens ·
                       temperature: 0, greedy (req), max_tokens: 256 (req),
                       min_tokens: 256 (req)
22:41:25.792 INFO:     #198 chat/completions (stream): 256 tokens generated at
                       188.6 T/s · prompt 123 tokens, none cached, 123 new in
                       0.10 s · first token 0.11 s, total 1.46 s · draft 154/306
                       accepted (50%) · max_tokens reached
22:41:25.825 INFO:     #201 chat/completions (stream): 67 prompt tokens ·
                       temperature: 0, greedy (req), max_tokens: 256 (req),
                       min_tokens: 256 (req)
22:41:26.946 INFO:     #200 chat/completions (stream): 256 tokens generated at
                       227.9 T/s · prompt 116 tokens, none cached, 116 new in
                       0.10 s · first token 0.11 s, total 1.23 s · draft 173/249
                       accepted (69%) · max_tokens reached
22:41:26.978 INFO:     #202 chat/completions (stream): 74 prompt tokens ·
                       temperature: 0, greedy (req), max_tokens: 256 (req),
                       min_tokens: 256 (req)
22:41:27.118 INFO:     #201 chat/completions (stream): 256 tokens generated at
                       218.9 T/s · prompt 67 tokens, none cached, 67 new in 0.08
                       s · first token 0.08 s, total 1.25 s · draft 169/261
                       accepted (65%) · max_tokens reached
22:41:27.151 INFO:     #203 chat/completions (stream): 148 prompt tokens ·
                       temperature: 0, greedy (req), max_tokens: 256 (req),
                       min_tokens: 256 (req)
22:41:28.201 INFO:     #203 chat/completions (stream): 256 tokens generated at
                       280.6 T/s · prompt 148 tokens, none cached, 148 new in
                       0.09 s · first token 0.10 s, total 1.01 s · draft 184/216
                       accepted (85%) · max_tokens reached
22:41:28.233 INFO:     #204 chat/completions (stream): 660 prompt tokens ·
                       temperature: 0, greedy (req), max_tokens: 256 (req),
                       min_tokens: 256 (req)
22:41:28.562 INFO:     #202 chat/completions (stream): 256 tokens generated at
                       175.6 T/s · prompt 74 tokens, none cached, 74 new in 0.08
                       s · first token 0.09 s, total 1.54 s · draft 166/270
                       accepted (61%) · max_tokens reached
22:41:28.594 INFO:     #205 chat/completions (stream): 62 prompt tokens ·
                       temperature: 0, greedy (req), max_tokens: 256 (req),
                       min_tokens: 256 (req)
22:41:29.772 INFO:     #204 chat/completions (stream): 256 tokens generated at
                       207.9 T/s · prompt 660 tokens, none cached, 660 new in
                       0.26 s (2,538 T/s) · first token 0.27 s, total 1.50 s ·
                       draft 165/273 accepted (60%) · max_tokens reached
22:41:29.802 INFO:     #206 chat/completions (stream): 61 prompt tokens ·
                       temperature: 0, greedy (req), max_tokens: 256 (req),
                       min_tokens: 256 (req)
22:41:30.069 INFO:     #205 chat/completions (stream): 256 tokens generated at
                       188.6 T/s · prompt 62 tokens, none cached, 62 new in 0.07
                       s · first token 0.08 s, total 1.43 s · draft 155/303
                       accepted (51%) · max_tokens reached
22:41:30.101 INFO:     #207 chat/completions (stream): 91 prompt tokens ·
                       temperature: 0, greedy (req), max_tokens: 256 (req),
                       min_tokens: 256 (req)
22:41:31.044 INFO:     #206 chat/completions (stream): 256 tokens generated at
                       227.5 T/s · prompt 61 tokens, none cached, 61 new in 0.07
                       s · first token 0.08 s, total 1.20 s · draft 172/252
                       accepted (68%) · max_tokens reached
22:41:31.076 INFO:     #208 chat/completions (stream): 86 prompt tokens ·
                       temperature: 0, greedy (req), max_tokens: 256 (req),
                       min_tokens: 256 (req)
22:41:31.221 INFO:     #207 chat/completions (stream): 256 tokens generated at
                       260.0 T/s · prompt 91 tokens, none cached, 91 new in 0.09
                       s · first token 0.10 s, total 1.08 s · draft 183/219
                       accepted (84%) · max_tokens reached
22:41:31.254 INFO:     #209 chat/completions (stream): 64 prompt tokens ·
                       temperature: 0, greedy (req), max_tokens: 256 (req),
                       min_tokens: 256 (req)
22:41:32.485 INFO:     #209 chat/completions (stream): 256 tokens generated at
                       228.1 T/s · prompt 64 tokens, none cached, 64 new in 0.07
                       s · first token 0.08 s, total 1.20 s · draft 167/267
                       accepted (63%) · max_tokens reached
22:41:32.488 INFO:     #208 chat/completions (stream): 256 tokens generated at
                       194.5 T/s · prompt 86 tokens, none cached, 86 new in 0.09
                       s · first token 0.10 s, total 1.41 s · draft 156/300
                       accepted (52%) · max_tokens reached
22:41:32.489 INFO:     #211 chat/completions (stream): 745 prompt tokens ·
                       temperature: 0, greedy (req), max_tokens: 256 (req),
                       min_tokens: 256 (req)
22:41:32.780 INFO:     #212 chat/completions (stream): 722 prompt tokens ·
                       temperature: 0, greedy (req), max_tokens: 256 (req),
                       min_tokens: 256 (req)
22:41:34.196 INFO:     #211 chat/completions (stream): 256 tokens generated at
                       180.9 T/s · prompt 745 tokens, none cached, 745 new in
                       0.27 s (2,759 T/s) · first token 0.28 s, total 1.69 s ·
                       draft 166/270 accepted (61%) · max_tokens reached
22:41:34.197 INFO:     #212 chat/completions (stream): 256 tokens generated at
                       225.3 T/s · prompt 722 tokens, none cached, 722 new in
                       0.27 s (2,674 T/s) · first token 0.27 s, total 1.41 s ·
                       draft 167/267 accepted (63%) · max_tokens reached
22:41:34.200 INFO:     #213 chat/completions (stream): 115 prompt tokens ·
                       temperature: 0, greedy (req), max_tokens: 256 (req),
                       min_tokens: 256 (req)
22:41:34.201 INFO:     #214 chat/completions (stream): 91 prompt tokens ·
                       temperature: 0, greedy (req), max_tokens: 256 (req),
                       min_tokens: 256 (req)
22:41:35.352 INFO:     #214 chat/completions (stream): 256 tokens generated at
                       274.6 T/s · prompt 91 tokens, none cached, 91 new in 0.09
                       s · queued 0.11 s, first token 0.20 s, total 1.13 s ·
                       draft 181/225 accepted (80%) · max_tokens reached
22:41:35.355 INFO:     #213 chat/completions (stream): 256 tokens generated at
                       268.8 T/s · prompt 115 tokens, none cached, 115 new in
                       0.19 s · first token 0.20 s, total 1.15 s · draft 179/231
                       accepted (77%) · max_tokens reached
22:41:35.357 INFO:     #215 chat/completions (stream): 680 prompt tokens ·
                       temperature: 0, greedy (req), max_tokens: 256 (req),
                       min_tokens: 256 (req)
22:41:35.358 INFO:     #216 chat/completions (stream): 100 prompt tokens ·
                       temperature: 0, greedy (req), max_tokens: 256 (req),
                       min_tokens: 256 (req)
22:41:36.716 INFO:     #216 chat/completions (stream): 256 tokens generated at
                       242.3 T/s · prompt 100 tokens, none cached, 100 new in
                       0.09 s · queued 0.17 s, first token 0.26 s, total 1.31 s
                       · draft 181/225 accepted (80%) · max_tokens reached
22:41:36.748 INFO:     #217 chat/completions (stream): 64 prompt tokens ·
                       temperature: 0, greedy (req), max_tokens: 256 (req),
                       min_tokens: 256 (req)
22:41:37.082 INFO:     #215 chat/completions (stream): 256 tokens generated at
                       194.7 T/s · prompt 680 tokens, none cached, 680 new in
                       0.36 s (1,889 T/s) · first token 0.37 s, total 1.69 s ·
                       draft 158/294 accepted (54%) · max_tokens reached
22:41:37.116 INFO:     #218 chat/completions (stream): 672 prompt tokens ·
                       temperature: 0, greedy (req), max_tokens: 256 (req),
                       min_tokens: 256 (req)
22:41:38.171 INFO:     #217 chat/completions (stream): 256 tokens generated at
                       196.2 T/s · prompt 64 tokens, none cached, 64 new in 0.07
                       s · first token 0.08 s, total 1.38 s · draft 172/252
                       accepted (68%) · max_tokens reached
22:41:38.215 INFO:     #219 chat/completions (stream): 875 prompt tokens ·
                       temperature: 0, greedy (req), max_tokens: 256 (req),
                       min_tokens: 256 (req)
22:41:38.765 INFO:     #218 chat/completions (stream): 256 tokens generated at
                       191.1 T/s · prompt 672 tokens, none cached, 672 new in
                       0.26 s (2,585 T/s) · first token 0.27 s, total 1.61 s ·
                       draft 173/249 accepted (69%) · max_tokens reached
22:41:38.798 INFO:     #220 chat/completions (stream): 139 prompt tokens ·
                       temperature: 0, greedy (req), max_tokens: 256 (req),
                       min_tokens: 256 (req)
22:41:39.675 INFO:     #219 chat/completions (stream): 256 tokens generated at
                       230.2 T/s · prompt 875 tokens, none cached, 875 new in
                       0.30 s (2,917 T/s) · first token 0.31 s, total 1.42 s ·
                       draft 176/240 accepted (73%) · max_tokens reached
22:41:39.708 INFO:     #221 chat/completions (stream): 63 prompt tokens ·
                       temperature: 0, greedy (req), max_tokens: 256 (req),
                       min_tokens: 256 (req)
22:41:40.004 INFO:     #220 chat/completions (stream): 256 tokens generated at
                       243.7 T/s · prompt 139 tokens, none cached, 139 new in
                       0.11 s · first token 0.12 s, total 1.17 s · draft 178/234
                       accepted (76%) · max_tokens reached
22:41:40.037 INFO:     #222 chat/completions (stream): 778 prompt tokens ·
                       temperature: 0, greedy (req), max_tokens: 256 (req),
                       min_tokens: 256 (req)
22:41:41.273 INFO:     #222 chat/completions (stream): 256 tokens generated at
                       262.0 T/s · prompt 778 tokens, none cached, 778 new in
                       0.21 s (3,705 T/s) · first token 0.22 s, total 1.19 s ·
                       draft 179/231 accepted (77%) · max_tokens reached
22:41:41.306 INFO:     #223 chat/completions (stream): 774 prompt tokens ·
                       temperature: 0, greedy (req), max_tokens: 256 (req),
                       min_tokens: 256 (req)
22:41:41.618 INFO:     #221 chat/completions (stream): 256 tokens generated at
                       142.9 T/s · prompt 63 tokens, none cached, 63 new in 0.07
                       s · first token 0.08 s, total 1.87 s · draft 145/333
                       accepted (44%) · max_tokens reached
22:41:41.651 INFO:     #224 chat/completions (stream): 65 prompt tokens ·
                       temperature: 0, greedy (req), max_tokens: 256 (req),
                       min_tokens: 256 (req)
22:41:42.837 INFO:     #223 chat/completions (stream): 256 tokens generated at
                       202.3 T/s · prompt 774 tokens, none cached, 774 new in
                       0.22 s (3,518 T/s) · first token 0.23 s, total 1.49 s ·
                       draft 161/285 accepted (56%) · max_tokens reached
22:41:42.840 INFO:     #225 chat/completions (stream): 117 prompt tokens ·
                       temperature: 0, greedy (req), max_tokens: 256 (req),
                       min_tokens: 256 (req)
22:41:42.840 INFO:     #224 chat/completions (stream): 256 tokens generated at
                       232.0 T/s · prompt 65 tokens, none cached, 65 new in 0.07
                       s · first token 0.08 s, total 1.18 s · draft 168/264
                       accepted (64%) · max_tokens reached
22:41:42.988 INFO:     #226 chat/completions (stream): 405 prompt tokens ·
                       temperature: 0, greedy (req), max_tokens: 256 (req),
                       min_tokens: 256 (req)
22:41:44.201 INFO:     #225 chat/completions (stream): 256 tokens generated at
                       212.3 T/s · prompt 117 tokens, none cached, 117 new in
                       0.10 s · first token 0.11 s, total 1.31 s · draft 179/231
                       accepted (77%) · max_tokens reached
22:41:44.233 INFO:     #227 chat/completions (stream): 96 prompt tokens ·
                       temperature: 0, greedy (req), max_tokens: 256 (req),
                       min_tokens: 256 (req)
22:41:44.546 INFO:     #226 chat/completions (stream): 256 tokens generated at
                       202.1 T/s · prompt 405 tokens, none cached, 405 new in
                       0.24 s (1,688 T/s) · first token 0.24 s, total 1.51 s ·
                       draft 163/279 accepted (58%) · max_tokens reached
22:41:44.581 INFO:     #228 chat/completions (stream): 1,533 prompt tokens ·
                       temperature: 0, greedy (req), max_tokens: 256 (req),
                       min_tokens: 256 (req)
22:41:45.937 INFO:     #227 chat/completions (stream): 256 tokens generated at
                       163.3 T/s · prompt 96 tokens, none cached, 96 new in 0.09
                       s · first token 0.10 s, total 1.66 s · draft 163/279
                       accepted (58%) · max_tokens reached
22:41:45.971 INFO:     #229 chat/completions (stream): 786 prompt tokens ·
                       temperature: 0, greedy (req), max_tokens: 256 (req),
                       min_tokens: 256 (req)
22:41:46.487 INFO:     #228 chat/completions (stream): 256 tokens generated at
                       174.8 T/s · prompt 1,533 tokens, none cached, 1,533 new
                       in 0.39 s (3,931 T/s) · first token 0.40 s, total 1.86 s
                       · draft 161/285 accepted (56%) · max_tokens reached
22:41:46.520 INFO:     #230 chat/completions (stream): 61 prompt tokens ·
                       temperature: 0, greedy (req), max_tokens: 256 (req),
                       min_tokens: 256 (req)
22:41:47.397 INFO:     #229 chat/completions (stream): 256 tokens generated at
                       230.3 T/s · prompt 786 tokens, none cached, 786 new in
                       0.27 s (2,911 T/s) · first token 0.28 s, total 1.39 s ·
                       draft 173/249 accepted (69%) · max_tokens reached
22:41:47.429 INFO:     #232 chat/completions (stream): 84 prompt tokens ·
                       temperature: 0, greedy (req), max_tokens: 256 (req),
                       min_tokens: 256 (req)
22:41:47.703 INFO:     #230 chat/completions (stream): 256 tokens generated at
                       240.2 T/s · prompt 61 tokens, none cached, 61 new in 0.07
                       s · first token 0.08 s, total 1.14 s · draft 178/234
                       accepted (76%) · max_tokens reached
22:41:47.735 INFO:     #233 chat/completions (stream): 92 prompt tokens ·
                       temperature: 0, greedy (req), max_tokens: 256 (req),
                       min_tokens: 256 (req)
22:41:48.876 INFO:     #232 chat/completions (stream): 256 tokens generated at
                       194.8 T/s · prompt 84 tokens, none cached, 84 new in 0.09
                       s · first token 0.10 s, total 1.41 s · draft 159/291
                       accepted (55%) · max_tokens reached
22:41:48.910 INFO:     #234 chat/completions (stream): 388 prompt tokens ·
                       temperature: 0, greedy (req), max_tokens: 256 (req),
                       min_tokens: 256 (req)
22:41:49.227 INFO:     #233 chat/completions (stream): 256 tokens generated at
                       208.9 T/s · prompt 92 tokens, none cached, 92 new in 0.09
                       s · first token 0.10 s, total 1.32 s · draft 169/261
                       accepted (65%) · max_tokens reached
22:41:49.260 INFO:     #235 chat/completions (stream): 63 prompt tokens ·
                       temperature: 0, greedy (req), max_tokens: 256 (req),
                       min_tokens: 256 (req)
22:41:50.401 INFO:     #234 chat/completions (stream): 256 tokens generated at
                       214.6 T/s · prompt 388 tokens, none cached, 388 new in
                       0.25 s (1,552 T/s) · first token 0.26 s, total 1.45 s ·
                       draft 170/258 accepted (66%) · max_tokens reached
22:41:50.434 INFO:     #236 chat/completions (stream): 78 prompt tokens ·
                       temperature: 0, greedy (req), max_tokens: 256 (req),
                       min_tokens: 256 (req)
22:41:50.822 INFO:     #235 chat/completions (stream): 256 tokens generated at
                       177.1 T/s · prompt 63 tokens, none cached, 63 new in 0.07
                       s · first token 0.08 s, total 1.52 s · draft 149/321
                       accepted (46%) · max_tokens reached
22:41:50.856 INFO:     #237 chat/completions (stream): 707 prompt tokens ·
                       temperature: 0, greedy (req), max_tokens: 256 (req),
                       min_tokens: 256 (req)
22:41:52.039 INFO:     #236 chat/completions (stream): 256 tokens generated at
                       173.2 T/s · prompt 78 tokens, none cached, 78 new in 0.08
                       s · first token 0.09 s, total 1.56 s · draft 160/288
                       accepted (56%) · max_tokens reached
22:41:52.066 INFO:     #238 chat/completions (stream): 316 prompt tokens ·
                       temperature: 0, greedy (req), max_tokens: 256 (req),
                       min_tokens: 256 (req)
22:41:52.282 INFO:     #237 chat/completions (stream): 256 tokens generated at
                       277.3 T/s · prompt 707 tokens, none cached, 707 new in
                       0.28 s (2,525 T/s) · first token 0.29 s, total 1.21 s ·
                       draft 183/219 accepted (84%) · max_tokens reached
22:41:52.314 INFO:     #239 chat/completions (stream): 70 prompt tokens ·
                       temperature: 0, greedy (req), max_tokens: 256 (req),
                       min_tokens: 256 (req)
22:41:53.638 INFO:     #238 chat/completions (stream): 256 tokens generated at
                       193.2 T/s · prompt 316 tokens, none cached, 316 new in
                       0.20 s (1,580 T/s) · first token 0.21 s, total 1.53 s ·
                       draft 159/291 accepted (55%) · max_tokens reached
22:41:53.671 INFO:     #240 chat/completions (stream): 85 prompt tokens ·
                       temperature: 0, greedy (req), max_tokens: 256 (req),
                       min_tokens: 256 (req)
22:41:53.853 INFO:     #239 chat/completions (stream): 256 tokens generated at
                       180.8 T/s · prompt 70 tokens, none cached, 70 new in 0.08
                       s · first token 0.09 s, total 1.50 s · draft 152/312
                       accepted (49%) · max_tokens reached
22:41:53.887 INFO:     #241 chat/completions (stream): 689 prompt tokens ·
                       temperature: 0, greedy (req), max_tokens: 256 (req),
                       min_tokens: 256 (req)
22:41:55.404 INFO:     #240 chat/completions (stream): 256 tokens generated at
                       159.9 T/s · prompt 85 tokens, none cached, 85 new in 0.09
                       s · first token 0.10 s, total 1.70 s · draft 150/318
                       accepted (47%) · max_tokens reached
22:41:55.420 INFO:     #242 chat/completions (stream): 118 prompt tokens ·
                       temperature: 0, greedy (req), max_tokens: 256 (req),
                       min_tokens: 256 (req)
22:41:55.536 INFO:     #241 chat/completions (stream): 256 tokens generated at
                       203.1 T/s · prompt 689 tokens, none cached, 689 new in
                       0.26 s (2,650 T/s) · first token 0.26 s, total 1.53 s ·
                       draft 157/297 accepted (53%) · max_tokens reached
22:41:55.571 INFO:     #243 chat/completions (stream): 811 prompt tokens ·
                       temperature: 0, greedy (req), max_tokens: 256 (req),
                       min_tokens: 256 (req)
22:41:56.767 INFO:     #242 chat/completions (stream): 256 tokens generated at
                       213.1 T/s · prompt 118 tokens, none cached, 118 new in
                       0.10 s · first token 0.11 s, total 1.31 s · draft 181/225
                       accepted (80%) · max_tokens reached
22:41:56.801 INFO:     #244 chat/completions (stream): 560 prompt tokens ·
                       temperature: 0, greedy (req), max_tokens: 256 (req),
                       min_tokens: 256 (req)
22:41:57.192 INFO:     #243 chat/completions (stream): 256 tokens generated at
                       196.0 T/s · prompt 811 tokens, none cached, 811 new in
                       0.27 s (3,004 T/s) · first token 0.28 s, total 1.58 s ·
                       draft 169/261 accepted (65%) · max_tokens reached
22:41:57.225 INFO:     #245 chat/completions (stream): 105 prompt tokens ·
                       temperature: 0, greedy (req), max_tokens: 256 (req),
                       min_tokens: 256 (req)
22:41:58.361 INFO:     #244 chat/completions (stream): 256 tokens generated at
                       199.5 T/s · prompt 560 tokens, none cached, 560 new in
                       0.23 s (2,435 T/s) · first token 0.24 s, total 1.52 s ·
                       draft 162/282 accepted (57%) · max_tokens reached
22:41:58.395 INFO:     #246 chat/completions (stream): 715 prompt tokens ·
                       temperature: 0, greedy (req), max_tokens: 256 (req),
                       min_tokens: 256 (req)
22:41:58.725 INFO:     #245 chat/completions (stream): 256 tokens generated at
                       188.5 T/s · prompt 105 tokens, none cached, 105 new in
                       0.10 s · first token 0.11 s, total 1.46 s · draft 169/261
                       accepted (65%) · max_tokens reached
22:41:58.757 INFO:     #247 chat/completions (stream): 116 prompt tokens ·
                       temperature: 0, greedy (req), max_tokens: 256 (req),
                       min_tokens: 256 (req)
22:41:59.944 INFO:     #247 chat/completions (stream): 256 tokens generated at
                       241.8 T/s · prompt 116 tokens, none cached, 116 new in
                       0.10 s · first token 0.11 s, total 1.16 s · draft 174/246
                       accepted (71%) · max_tokens reached
22:41:59.946 INFO:     #246 chat/completions (stream): 256 tokens generated at
                       202.2 T/s · prompt 715 tokens, none cached, 715 new in
                       0.27 s (2,648 T/s) · first token 0.28 s, total 1.54 s ·
                       draft 164/276 accepted (59%) · max_tokens reached
22:41:59.948 INFO:     #248 chat/completions (stream): 69 prompt tokens ·
                       temperature: 0, greedy (req), max_tokens: 256 (req),
                       min_tokens: 256 (req)
22:41:59.949 INFO:     #249 chat/completions (stream): 63 prompt tokens ·
                       temperature: 0, greedy (req), max_tokens: 256 (req),
                       min_tokens: 256 (req)
22:42:01.392 INFO:     #249 chat/completions (stream): 256 tokens generated at
                       204.3 T/s · prompt 63 tokens, none cached, 63 new in 0.07
                       s · first token 0.16 s, total 1.41 s · draft 157/297
                       accepted (53%) · max_tokens reached
22:42:01.394 INFO:     #248 chat/completions (stream): 256 tokens generated at
                       199.4 T/s · prompt 69 tokens, none cached, 69 new in 0.15
                       s · first token 0.16 s, total 1.44 s · draft 154/306
                       accepted (50%) · max_tokens reached
22:42:01.395 INFO:     #250 chat/completions (stream): 74 prompt tokens ·
                       temperature: 0, greedy (req), max_tokens: 256 (req),
                       min_tokens: 256 (req)
22:42:01.502 INFO:     #251 chat/completions (stream): 755 prompt tokens ·
                       temperature: 0, greedy (req), max_tokens: 256 (req),
                       min_tokens: 256 (req)
22:42:02.837 INFO:     #250 chat/completions (stream): 256 tokens generated at
                       194.6 T/s · prompt 74 tokens, none cached, 74 new in 0.08
                       s · first token 0.09 s, total 1.40 s · draft 175/243
                       accepted (72%) · max_tokens reached
22:42:02.869 INFO:     #253 chat/completions (stream): 119 prompt tokens ·
                       temperature: 0, greedy (req), max_tokens: 256 (req),
                       min_tokens: 256 (req)
22:42:03.145 INFO:     #251 chat/completions (stream): 256 tokens generated at
                       194.8 T/s · prompt 755 tokens, none cached, 755 new in
                       0.28 s (2,696 T/s) · first token 0.29 s, total 1.60 s ·
                       draft 161/285 accepted (56%) · max_tokens reached
22:42:03.181 INFO:     #254 chat/completions (stream): 157 prompt tokens ·
                       temperature: 0, greedy (req), max_tokens: 256 (req),
                       min_tokens: 256 (req)
22:42:04.053 INFO:     #253 chat/completions (stream): 256 tokens generated at
                       246.9 T/s · prompt 119 tokens, none cached, 119 new in
                       0.10 s · first token 0.11 s, total 1.14 s · draft 181/225
                       accepted (80%) · max_tokens reached
22:42:04.087 INFO:     #255 chat/completions (stream): 588 prompt tokens ·
                       temperature: 0, greedy (req), max_tokens: 256 (req),
                       min_tokens: 256 (req)
22:42:04.512 INFO:     #254 chat/completions (stream): 256 tokens generated at
                       215.1 T/s · prompt 157 tokens, none cached, 157 new in
                       0.09 s · first token 0.10 s, total 1.29 s · draft 180/228
                       accepted (79%) · max_tokens reached
22:42:04.544 INFO:     #256 chat/completions (stream): 86 prompt tokens ·
                       temperature: 0, greedy (req), max_tokens: 256 (req),
                       min_tokens: 256 (req)
22:42:05.771 INFO:     #255 chat/completions (stream): 256 tokens generated at
                       181.0 T/s · prompt 588 tokens, none cached, 588 new in
                       0.25 s (2,352 T/s) · first token 0.26 s, total 1.67 s ·
                       draft 152/312 accepted (49%) · max_tokens reached
22:42:05.773 INFO:     #256 chat/completions (stream): 256 tokens generated at
                       226.4 T/s · prompt 86 tokens, none cached, 86 new in 0.09
                       s · first token 0.10 s, total 1.23 s · draft 168/264
                       accepted (64%) · max_tokens reached
22:42:05.778 INFO:     #257 chat/completions (stream): 71 prompt tokens ·
                       temperature: 0, greedy (req), max_tokens: 256 (req),
                       min_tokens: 256 (req)
22:42:05.780 INFO:     #258 chat/completions (stream): 1,392 prompt tokens ·
                       temperature: 0, greedy (req), max_tokens: 256 (req),
                       min_tokens: 256 (req)
22:42:07.559 INFO:     #258 chat/completions (stream): 256 tokens generated at
                       201.7 T/s · prompt 1,392 tokens, none cached, 1,392 new
                       in 0.38 s (3,663 T/s) · first token 0.47 s, total 1.74 s
                       · draft 156/300 accepted (52%) · max_tokens reached
22:42:07.575 INFO:     #259 chat/completions (stream): 107 prompt tokens ·
                       temperature: 0, greedy (req), max_tokens: 256 (req),
                       min_tokens: 256 (req)
22:42:07.685 INFO:     #257 chat/completions (stream): 256 tokens generated at
                       178.4 T/s · prompt 71 tokens, none cached, 71 new in 0.34
                       s · first token 0.35 s, total 1.79 s · draft 150/318
                       accepted (47%) · max_tokens reached
22:42:07.717 INFO:     #260 chat/completions (stream): 75 prompt tokens ·
                       temperature: 0, greedy (req), max_tokens: 256 (req),
                       min_tokens: 256 (req)
22:42:09.072 INFO:     #260 chat/completions (stream): 256 tokens generated at
                       208.3 T/s · prompt 75 tokens, none cached, 75 new in 0.08
                       s · first token 0.08 s, total 1.31 s · draft 160/288
                       accepted (56%) · max_tokens reached
22:42:09.095 INFO:     #261 chat/completions (stream): 97 prompt tokens ·
                       temperature: 0, greedy (req), max_tokens: 256 (req),
                       min_tokens: 256 (req)
22:42:09.215 INFO:     #259 chat/completions (stream): 256 tokens generated at
                       180.5 T/s · prompt 107 tokens, none cached, 107 new in
                       0.09 s · first token 0.10 s, total 1.51 s · draft 150/318
                       accepted (47%) · max_tokens reached
22:42:09.248 INFO:     #262 chat/completions (stream): 81 prompt tokens ·
                       temperature: 0, greedy (req), max_tokens: 256 (req),
                       min_tokens: 256 (req)
22:42:10.350 INFO:     #261 chat/completions (stream): 256 tokens generated at
                       230.1 T/s · prompt 97 tokens, none cached, 97 new in 0.09
                       s · first token 0.10 s, total 1.21 s · draft 175/243
                       accepted (72%) · max_tokens reached
22:42:10.354 INFO:     #263 chat/completions (stream): 642 prompt tokens ·
                       temperature: 0, greedy (req), max_tokens: 256 (req),
                       min_tokens: 256 (req)
22:42:10.355 INFO:     #262 chat/completions (stream): 256 tokens generated at
                       252.6 T/s · prompt 81 tokens, none cached, 81 new in 0.08
                       s · first token 0.09 s, total 1.10 s · draft 176/240
                       accepted (73%) · max_tokens reached
22:42:10.648 INFO:     #264 chat/completions (stream): 61 prompt tokens ·
                       temperature: 0, greedy (req), max_tokens: 256 (req),
                       min_tokens: 256 (req)
22:42:11.939 INFO:     #263 chat/completions (stream): 256 tokens generated at
                       199.7 T/s · prompt 642 tokens, none cached, 642 new in
                       0.26 s (2,469 T/s) · first token 0.27 s, total 1.55 s ·
                       draft 161/285 accepted (56%) · max_tokens reached
22:42:11.971 INFO:     #265 chat/completions (stream): 128 prompt tokens ·
                       temperature: 0, greedy (req), max_tokens: 256 (req),
                       min_tokens: 256 (req)
22:42:12.239 INFO:     #264 chat/completions (stream): 256 tokens generated at
                       173.9 T/s · prompt 61 tokens, none cached, 61 new in 0.07
                       s · first token 0.08 s, total 1.55 s · draft 148/324
                       accepted (46%) · max_tokens reached
22:42:12.274 INFO:     #266 chat/completions (stream): 712 prompt tokens ·
                       temperature: 0, greedy (req), max_tokens: 256 (req),
                       min_tokens: 256 (req)
22:42:13.342 INFO:     #265 chat/completions (stream): 256 tokens generated at
                       209.4 T/s · prompt 128 tokens, none cached, 128 new in
                       0.10 s · first token 0.11 s, total 1.33 s · draft 181/225
                       accepted (80%) · max_tokens reached
22:42:13.375 INFO:     #267 chat/completions (stream): 94 prompt tokens ·
                       temperature: 0, greedy (req), max_tokens: 256 (req),
                       min_tokens: 256 (req)
22:42:13.817 INFO:     #266 chat/completions (stream): 256 tokens generated at
                       208.8 T/s · prompt 712 tokens, none cached, 712 new in
                       0.27 s (2,637 T/s) · first token 0.28 s, total 1.50 s ·
                       draft 167/267 accepted (63%) · max_tokens reached
22:42:13.849 INFO:     #268 chat/completions (stream): 66 prompt tokens ·
                       temperature: 0, greedy (req), max_tokens: 256 (req),
                       min_tokens: 256 (req)
22:42:14.824 INFO:     #267 chat/completions (stream): 256 tokens generated at
                       195.0 T/s · prompt 94 tokens, none cached, 94 new in 0.09
                       s · first token 0.10 s, total 1.41 s · draft 158/294
                       accepted (54%) · max_tokens reached
22:42:14.856 INFO:     #269 chat/completions (stream): 93 prompt tokens ·
                       temperature: 0, greedy (req), max_tokens: 256 (req),
                       min_tokens: 256 (req)
22:42:15.167 INFO:     #268 chat/completions (stream): 256 tokens generated at
                       213.8 T/s · prompt 66 tokens, none cached, 66 new in 0.07
                       s · first token 0.08 s, total 1.27 s · draft 168/264
                       accepted (64%) · max_tokens reached
22:42:15.208 INFO:     #270 chat/completions (stream): 108 prompt tokens ·
                       temperature: 0, greedy (req), max_tokens: 256 (req),
                       min_tokens: 256 (req)
22:42:16.055 INFO:     #269 chat/completions (stream): 256 tokens generated at
                       240.3 T/s · prompt 93 tokens, none cached, 93 new in 0.09
                       s · first token 0.10 s, total 1.16 s · draft 180/228
                       accepted (79%) · max_tokens reached
22:42:16.088 INFO:     #271 chat/completions (stream): 93 prompt tokens ·
                       temperature: 0, greedy (req), max_tokens: 256 (req),
                       min_tokens: 256 (req)
22:42:16.493 INFO:     #270 chat/completions (stream): 256 tokens generated at
                       224.0 T/s · prompt 108 tokens, none cached, 108 new in
                       0.10 s · first token 0.11 s, total 1.25 s · draft 173/249
                       accepted (69%) · max_tokens reached
22:42:16.525 INFO:     #272 chat/completions (stream): 86 prompt tokens ·
                       temperature: 0, greedy (req), max_tokens: 256 (req),
                       min_tokens: 256 (req)
22:42:17.259 INFO:     #271 chat/completions (stream): 256 tokens generated at
                       247.0 T/s · prompt 93 tokens, none cached, 93 new in 0.09
                       s · first token 0.10 s, total 1.13 s · draft 180/228
                       accepted (79%) · max_tokens reached
22:42:17.290 INFO:     #274 chat/completions (stream): 87 prompt tokens ·
                       temperature: 0, greedy (req), max_tokens: 256 (req),
                       min_tokens: 256 (req)
22:42:17.736 INFO:     #272 chat/completions (stream): 256 tokens generated at
                       237.1 T/s · prompt 86 tokens, none cached, 86 new in 0.08
                       s · first token 0.09 s, total 1.17 s · draft 176/240
                       accepted (73%) · max_tokens reached
22:42:17.768 INFO:     #275 chat/completions (stream): 91 prompt tokens ·
                       temperature: 0, greedy (req), max_tokens: 256 (req),
                       min_tokens: 256 (req)
22:42:18.750 INFO:     #274 chat/completions (stream): 256 tokens generated at
                       192.8 T/s · prompt 87 tokens, none cached, 87 new in 0.09
                       s · first token 0.10 s, total 1.42 s · draft 158/294
                       accepted (54%) · max_tokens reached
22:42:18.786 INFO:     #276 chat/completions (stream): 849 prompt tokens ·
                       temperature: 0, greedy (req), max_tokens: 256 (req),
                       min_tokens: 256 (req)
22:42:19.462 INFO:     #275 chat/completions (stream): 256 tokens generated at
                       163.8 T/s · prompt 91 tokens, none cached, 91 new in 0.08
                       s · first token 0.09 s, total 1.65 s · draft 155/303
                       accepted (51%) · max_tokens reached
22:42:19.495 INFO:     #277 chat/completions (stream): 82 prompt tokens ·
                       temperature: 0, greedy (req), max_tokens: 256 (req),
                       min_tokens: 256 (req)
22:42:20.354 INFO:     #276 chat/completions (stream): 256 tokens generated at
                       206.5 T/s · prompt 849 tokens, none cached, 849 new in
                       0.28 s (3,032 T/s) · first token 0.29 s, total 1.53 s ·
                       draft 166/270 accepted (61%) · max_tokens reached
22:42:20.387 INFO:     #278 chat/completions (stream): 64 prompt tokens ·
                       temperature: 0, greedy (req), max_tokens: 256 (req),
                       min_tokens: 256 (req)
22:42:20.870 INFO:     #277 chat/completions (stream): 256 tokens generated at
                       206.0 T/s · prompt 82 tokens, none cached, 82 new in 0.08
                       s · first token 0.09 s, total 1.33 s · draft 164/276
                       accepted (59%) · max_tokens reached
22:42:20.902 INFO:     #279 chat/completions (stream): 117 prompt tokens ·
                       temperature: 0, greedy (req), max_tokens: 256 (req),
                       min_tokens: 256 (req)
22:42:21.804 INFO:     #278 chat/completions (stream): 256 tokens generated at
                       196.9 T/s · prompt 64 tokens, none cached, 64 new in 0.07
                       s · first token 0.08 s, total 1.38 s · draft 161/285
                       accepted (56%) · max_tokens reached
22:42:21.841 INFO:     #280 chat/completions (stream): 1,307 prompt tokens ·
                       temperature: 0, greedy (req), max_tokens: 256 (req),
                       min_tokens: 256 (req)
22:42:22.290 INFO:     #279 chat/completions (stream): 256 tokens generated at
                       206.2 T/s · prompt 117 tokens, none cached, 117 new in
                       0.10 s · first token 0.11 s, total 1.35 s · draft 181/225
                       accepted (80%) · max_tokens reached
22:42:22.322 INFO:     #281 chat/completions (stream): 93 prompt tokens ·
                       temperature: 0, greedy (req), max_tokens: 256 (req),
                       min_tokens: 256 (req)
22:42:23.409 INFO:     #280 chat/completions (stream): 256 tokens generated at
                       210.4 T/s · prompt 1,307 tokens, none cached, 1,307 new
                       in 0.30 s (4,357 T/s) · first token 0.31 s, total 1.52 s
                       · draft 166/270 accepted (61%) · max_tokens reached
22:42:23.442 INFO:     #282 chat/completions (stream): 108 prompt tokens ·
                       temperature: 0, greedy (req), max_tokens: 256 (req),
                       min_tokens: 256 (req)
22:42:23.800 INFO:     #281 chat/completions (stream): 256 tokens generated at
                       190.7 T/s · prompt 93 tokens, none cached, 93 new in 0.09
                       s · first token 0.10 s, total 1.44 s · draft 157/297
                       accepted (53%) · max_tokens reached
22:42:23.832 INFO:     #283 chat/completions (stream): 97 prompt tokens ·
                       temperature: 0, greedy (req), max_tokens: 256 (req),
                       min_tokens: 256 (req)
22:42:24.792 INFO:     #282 chat/completions (stream): 256 tokens generated at
                       212.1 T/s · prompt 108 tokens, none cached, 108 new in
                       0.10 s · first token 0.11 s, total 1.31 s · draft 167/267
                       accepted (63%) · max_tokens reached
22:42:24.827 INFO:     #284 chat/completions (stream): 752 prompt tokens ·
                       temperature: 0, greedy (req), max_tokens: 256 (req),
                       min_tokens: 256 (req)
22:42:25.237 INFO:     #283 chat/completions (stream): 256 tokens generated at
                       201.7 T/s · prompt 97 tokens, none cached, 97 new in 0.09
                       s · first token 0.10 s, total 1.37 s · draft 176/240
                       accepted (73%) · max_tokens reached
22:42:25.270 INFO:     #285 chat/completions (stream): 772 prompt tokens ·
                       temperature: 0, greedy (req), max_tokens: 256 (req),
                       min_tokens: 256 (req)
22:42:26.507 INFO:     #284 chat/completions (stream): 256 tokens generated at
                       188.3 T/s · prompt 752 tokens, none cached, 752 new in
                       0.27 s (2,785 T/s) · first token 0.28 s, total 1.63 s ·
                       draft 164/276 accepted (59%) · max_tokens reached
22:42:26.540 INFO:     #286 chat/completions (stream): 84 prompt tokens ·
                       temperature: 0, greedy (req), max_tokens: 256 (req),
                       min_tokens: 256 (req)
22:42:26.682 INFO:     #285 chat/completions (stream): 256 tokens generated at
                       222.8 T/s · prompt 772 tokens, none cached, 772 new in
                       0.21 s (3,676 T/s) · first token 0.22 s, total 1.36 s ·
                       draft 171/255 accepted (67%) · max_tokens reached
22:42:26.713 INFO:     #287 chat/completions (stream): 76 prompt tokens ·
                       temperature: 0, greedy (req), max_tokens: 256 (req),
                       min_tokens: 256 (req)
22:42:27.888 INFO:     #287 chat/completions (stream): 256 tokens generated at
                       243.9 T/s · prompt 76 tokens, none cached, 76 new in 0.08
                       s · first token 0.08 s, total 1.13 s · draft 173/249
                       accepted (69%) · max_tokens reached
22:42:27.922 INFO:     #288 chat/completions (stream): 881 prompt tokens ·
                       temperature: 0, greedy (req), max_tokens: 256 (req),
                       min_tokens: 256 (req)
22:42:28.295 INFO:     #286 chat/completions (stream): 256 tokens generated at
                       157.5 T/s · prompt 84 tokens, none cached, 84 new in 0.08
                       s · first token 0.09 s, total 1.71 s · draft 155/303
                       accepted (51%) · max_tokens reached
22:42:28.327 INFO:     #289 chat/completions (stream): 78 prompt tokens ·
                       temperature: 0, greedy (req), max_tokens: 256 (req),
                       min_tokens: 256 (req)
22:42:29.494 INFO:     #288 chat/completions (stream): 256 tokens generated at
                       208.2 T/s · prompt 881 tokens, none cached, 881 new in
                       0.30 s (2,937 T/s) · first token 0.31 s, total 1.54 s ·
                       draft 166/270 accepted (61%) · max_tokens reached
22:42:29.498 INFO:     #289 chat/completions (stream): 256 tokens generated at
                       237.4 T/s · prompt 78 tokens, none cached, 78 new in 0.08
                       s · first token 0.09 s, total 1.16 s · draft 172/252
                       accepted (68%) · max_tokens reached
22:42:29.499 INFO:     #290 chat/completions (stream): 681 prompt tokens ·
                       temperature: 0, greedy (req), max_tokens: 256 (req),
                       min_tokens: 256 (req)
22:42:29.766 INFO:     #291 chat/completions (stream): 947 prompt tokens ·
                       temperature: 0, greedy (req), max_tokens: 256 (req),
                       min_tokens: 256 (req)
22:42:31.170 INFO:     #290 chat/completions (stream): 256 tokens generated at
                       182.6 T/s · prompt 681 tokens, none cached, 681 new in
                       0.25 s (2,724 T/s) · first token 0.26 s, total 1.66 s ·
                       draft 169/261 accepted (65%) · max_tokens reached
22:42:31.172 INFO:     #291 chat/completions (stream): 256 tokens generated at
                       233.7 T/s · prompt 947 tokens, none cached, 947 new in
                       0.30 s (3,157 T/s) · first token 0.31 s, total 1.40 s ·
                       draft 170/258 accepted (66%) · max_tokens reached
22:42:31.175 INFO:     #292 chat/completions (stream): 98 prompt tokens ·
                       temperature: 0, greedy (req), max_tokens: 256 (req),
                       min_tokens: 256 (req)
22:42:31.176 INFO:     #293 chat/completions (stream): 96 prompt tokens ·
                       temperature: 0, greedy (req), max_tokens: 256 (req),
                       min_tokens: 256 (req)
22:42:32.548 INFO:     #293 chat/completions (stream): 256 tokens generated at
                       225.0 T/s · prompt 96 tokens, none cached, 96 new in 0.09
                       s · queued 0.10 s, first token 0.19 s, total 1.33 s ·
                       draft 166/270 accepted (61%) · max_tokens reached
22:42:32.581 INFO:     #295 chat/completions (stream): 191 prompt tokens ·
                       temperature: 0, greedy (req), max_tokens: 256 (req),
                       min_tokens: 256 (req)
22:42:32.742 INFO:     #292 chat/completions (stream): 256 tokens generated at
                       192.4 T/s · prompt 98 tokens, none cached, 98 new in 0.18
                       s · first token 0.19 s, total 1.52 s · draft 158/294
                       accepted (54%) · max_tokens reached
22:42:32.775 INFO:     #296 chat/completions (stream): 166 prompt tokens ·
                       temperature: 0, greedy (req), max_tokens: 256 (req),
                       min_tokens: 256 (req)
22:42:33.966 INFO:     #296 chat/completions (stream): 256 tokens generated at
                       241.6 T/s · prompt 166 tokens, none cached, 166 new in
                       0.09 s · first token 0.10 s, total 1.16 s · draft 174/246
                       accepted (71%) · max_tokens reached
22:42:33.969 INFO:     #295 chat/completions (stream): 256 tokens generated at
                       200.3 T/s · prompt 191 tokens, none cached, 191 new in
                       0.10 s · first token 0.11 s, total 1.38 s · draft 163/279
                       accepted (58%) · max_tokens reached
22:42:33.969 INFO:     #297 chat/completions (stream): 85 prompt tokens ·
                       temperature: 0, greedy (req), max_tokens: 256 (req),
                       min_tokens: 256 (req)
22:42:34.082 INFO:     #298 chat/completions (stream): 62 prompt tokens ·
                       temperature: 0, greedy (req), max_tokens: 256 (req),
                       min_tokens: 256 (req)
22:42:35.267 INFO:     #298 chat/completions (stream): 256 tokens generated at
                       239.4 T/s · prompt 62 tokens, none cached, 62 new in 0.07
                       s · first token 0.08 s, total 1.14 s · draft 175/243
                       accepted (72%) · max_tokens reached
22:42:35.301 INFO:     #299 chat/completions (stream): 775 prompt tokens ·
                       temperature: 0, greedy (req), max_tokens: 256 (req),
                       min_tokens: 256 (req)
22:42:35.566 INFO:     #297 chat/completions (stream): 256 tokens generated at
                       174.9 T/s · prompt 85 tokens, none cached, 85 new in 0.09
                       s · first token 0.10 s, total 1.56 s · draft 164/276
                       accepted (59%) · max_tokens reached
22:42:35.598 INFO:     #300 chat/completions (stream): 63 prompt tokens ·
                       temperature: 0, greedy (req), max_tokens: 256 (req),
                       min_tokens: 256 (req)
22:42:36.712 INFO:     #299 chat/completions (stream): 256 tokens generated at
                       221.2 T/s · prompt 775 tokens, none cached, 775 new in
                       0.21 s (3,690 T/s) · first token 0.22 s, total 1.37 s ·
                       draft 169/261 accepted (65%) · max_tokens reached
22:42:36.744 INFO:     #301 chat/completions (stream): 97 prompt tokens ·
                       temperature: 0, greedy (req), max_tokens: 256 (req),
                       min_tokens: 256 (req)
22:42:37.083 INFO:     #300 chat/completions (stream): 256 tokens generated at
                       187.1 T/s · prompt 63 tokens, none cached, 63 new in 0.07
                       s · first token 0.08 s, total 1.44 s · draft 154/306
                       accepted (50%) · max_tokens reached
22:42:37.115 INFO:     #302 chat/completions (stream): 65 prompt tokens ·
                       temperature: 0, greedy (req), max_tokens: 256 (req),
                       min_tokens: 256 (req)
22:42:38.013 INFO:     #301 chat/completions (stream): 256 tokens generated at
                       225.9 T/s · prompt 97 tokens, none cached, 97 new in 0.09
                       s · first token 0.10 s, total 1.23 s · draft 171/255
                       accepted (67%) · max_tokens reached
22:42:38.045 INFO:     #303 chat/completions (stream): 61 prompt tokens ·
                       temperature: 0, greedy (req), max_tokens: 256 (req),
                       min_tokens: 256 (req)
22:42:38.407 INFO:     #302 chat/completions (stream): 256 tokens generated at
                       218.0 T/s · prompt 65 tokens, none cached, 65 new in 0.07
                       s · first token 0.08 s, total 1.25 s · draft 168/264
                       accepted (64%) · max_tokens reached
22:42:38.441 INFO:     #304 chat/completions (stream): 797 prompt tokens ·
                       temperature: 0, greedy (req), max_tokens: 256 (req),
                       min_tokens: 256 (req)
22:42:39.663 INFO:     #304 chat/completions (stream): 256 tokens generated at
                       259.7 T/s · prompt 797 tokens, none cached, 797 new in
                       0.21 s (3,795 T/s) · first token 0.22 s, total 1.20 s ·
                       draft 178/234 accepted (76%) · max_tokens reached
22:42:39.664 INFO:     #303 chat/completions (stream): 256 tokens generated at
                       166.6 T/s · prompt 61 tokens, none cached, 61 new in 0.07
                       s · first token 0.08 s, total 1.61 s · draft 150/318
                       accepted (47%) · max_tokens reached
22:42:39.669 INFO:     #305 chat/completions (stream): 822 prompt tokens ·
                       temperature: 0, greedy (req), max_tokens: 256 (req),
                       min_tokens: 256 (req)
22:42:39.670 INFO:     #306 chat/completions (stream): 63 prompt tokens ·
                       temperature: 0, greedy (req), max_tokens: 256 (req),
                       min_tokens: 256 (req)
22:42:41.076 INFO:     #306 chat/completions (stream): 256 tokens generated at
                       234.6 T/s · prompt 63 tokens, none cached, 63 new in 0.07
                       s · queued 0.20 s, first token 0.27 s, total 1.36 s ·
                       draft 176/240 accepted (73%) · max_tokens reached
22:42:41.108 INFO:     #307 chat/completions (stream): 94 prompt tokens ·
                       temperature: 0, greedy (req), max_tokens: 256 (req),
                       min_tokens: 256 (req)
22:42:41.344 INFO:     #305 chat/completions (stream): 256 tokens generated at
                       200.3 T/s · prompt 822 tokens, none cached, 822 new in
                       0.34 s (2,418 T/s) · first token 0.35 s, total 1.63 s ·
                       draft 162/282 accepted (57%) · max_tokens reached
22:42:41.377 INFO:     #308 chat/completions (stream): 104 prompt tokens ·
                       temperature: 0, greedy (req), max_tokens: 256 (req),
                       min_tokens: 256 (req)
22:42:42.274 INFO:     #307 chat/completions (stream): 256 tokens generated at
                       248.1 T/s · prompt 94 tokens, none cached, 94 new in 0.09
                       s · first token 0.10 s, total 1.13 s · draft 181/225
                       accepted (80%) · max_tokens reached
22:42:42.307 INFO:     #309 chat/completions (stream): 470 prompt tokens ·
                       temperature: 0, greedy (req), max_tokens: 256 (req),
                       min_tokens: 256 (req)
22:42:42.915 INFO:     #308 chat/completions (stream): 256 tokens generated at
                       183.1 T/s · prompt 104 tokens, none cached, 104 new in
                       0.09 s · first token 0.10 s, total 1.49 s · draft 162/282
                       accepted (57%) · max_tokens reached
22:42:42.949 INFO:     #310 chat/completions (stream): 957 prompt tokens ·
                       temperature: 0, greedy (req), max_tokens: 256 (req),
                       min_tokens: 256 (req)
22:42:43.934 INFO:     #309 chat/completions (stream): 256 tokens generated at
                       190.7 T/s · prompt 470 tokens, none cached, 470 new in
                       0.24 s (1,958 T/s) · first token 0.25 s, total 1.59 s ·
                       draft 173/249 accepted (69%) · max_tokens reached
22:42:43.967 INFO:     #311 chat/completions (stream): 90 prompt tokens ·
                       temperature: 0, greedy (req), max_tokens: 256 (req),
                       min_tokens: 256 (req)
22:42:44.537 INFO:     #310 chat/completions (stream): 256 tokens generated at
                       207.2 T/s · prompt 957 tokens, none cached, 957 new in
                       0.31 s (3,087 T/s) · first token 0.32 s, total 1.55 s ·
                       draft 166/270 accepted (61%) · max_tokens reached
22:42:44.568 INFO:     #312 chat/completions (stream): 72 prompt tokens ·
                       temperature: 0, greedy (req), max_tokens: 256 (req),
                       min_tokens: 256 (req)
22:42:45.180 INFO:     #311 chat/completions (stream): 256 tokens generated at
                       237.7 T/s · prompt 90 tokens, none cached, 90 new in 0.09
                       s · first token 0.10 s, total 1.17 s · draft 176/240
                       accepted (73%) · max_tokens reached
22:42:45.219 INFO:     #313 chat/completions (stream): 748 prompt tokens ·
                       temperature: 0, greedy (req), max_tokens: 256 (req),
                       min_tokens: 256 (req)
22:42:45.862 INFO:     #312 chat/completions (stream): 256 tokens generated at
                       219.0 T/s · prompt 72 tokens, none cached, 72 new in 0.08
                       s · first token 0.09 s, total 1.25 s · draft 184/216
                       accepted (85%) · max_tokens reached
22:42:45.894 INFO:     #314 chat/completions (stream): 135 prompt tokens ·
                       temperature: 0, greedy (req), max_tokens: 256 (req),
                       min_tokens: 256 (req)
22:42:46.726 INFO:     #313 chat/completions (stream): 256 tokens generated at
                       215.5 T/s · prompt 748 tokens, none cached, 748 new in
                       0.27 s (2,770 T/s) · first token 0.28 s, total 1.46 s ·
                       draft 171/255 accepted (67%) · max_tokens reached
22:42:46.759 INFO:     #315 chat/completions (stream): 109 prompt tokens ·
                       temperature: 0, greedy (req), max_tokens: 256 (req),
                       min_tokens: 256 (req)
22:42:47.076 INFO:     #314 chat/completions (stream): 256 tokens generated at
                       248.8 T/s · prompt 135 tokens, none cached, 135 new in
                       0.11 s · first token 0.12 s, total 1.14 s · draft 182/222
                       accepted (82%) · max_tokens reached
22:42:47.110 INFO:     #317 chat/completions (stream): 748 prompt tokens ·
                       temperature: 0, greedy (req), max_tokens: 256 (req),
                       min_tokens: 256 (req)
22:42:48.075 INFO:     #315 chat/completions (stream): 256 tokens generated at
                       217.9 T/s · prompt 109 tokens, none cached, 109 new in
                       0.09 s · first token 0.10 s, total 1.27 s · draft 183/219
                       accepted (84%) · max_tokens reached
22:42:48.111 INFO:     #318 chat/completions (stream): 1,170 prompt tokens ·
                       temperature: 0, greedy (req), max_tokens: 256 (req),
                       min_tokens: 256 (req)
22:42:48.822 INFO:     #317 chat/completions (stream): 256 tokens generated at
                       184.1 T/s · prompt 748 tokens, none cached, 748 new in
                       0.27 s (2,770 T/s) · first token 0.28 s, total 1.67 s ·
                       draft 170/258 accepted (66%) · max_tokens reached
22:42:48.855 INFO:     #319 chat/completions (stream): 832 prompt tokens ·
                       temperature: 0, greedy (req), max_tokens: 256 (req),
                       min_tokens: 256 (req)
22:42:49.922 INFO:     #318 chat/completions (stream): 256 tokens generated at
                       177.7 T/s · prompt 1,170 tokens, none cached, 1,170 new
                       in 0.32 s (3,656 T/s) · first token 0.33 s, total 1.77 s
                       · draft 163/279 accepted (58%) · max_tokens reached
22:42:49.955 INFO:     #320 chat/completions (stream): 64 prompt tokens ·
                       temperature: 0, greedy (req), max_tokens: 256 (req),
                       min_tokens: 256 (req)
22:42:50.363 INFO:     #319 chat/completions (stream): 256 tokens generated at
                       214.9 T/s · prompt 832 tokens, none cached, 832 new in
                       0.27 s (3,081 T/s) · first token 0.28 s, total 1.47 s ·
                       draft 168/264 accepted (64%) · max_tokens reached
22:42:50.395 INFO:     #321 chat/completions (stream): 103 prompt tokens ·
                       temperature: 0, greedy (req), max_tokens: 256 (req),
                       min_tokens: 256 (req)
22:42:51.441 INFO:     #320 chat/completions (stream): 256 tokens generated at
                       186.9 T/s · prompt 64 tokens, none cached, 64 new in 0.07
                       s · first token 0.08 s, total 1.44 s · draft 155/303
                       accepted (51%) · max_tokens reached
22:42:51.472 INFO:     #322 chat/completions (stream): 101 prompt tokens ·
                       temperature: 0, greedy (req), max_tokens: 256 (req),
                       min_tokens: 256 (req)
22:42:51.809 INFO:     #321 chat/completions (stream): 256 tokens generated at
                       201.2 T/s · prompt 103 tokens, none cached, 103 new in
                       0.09 s · first token 0.10 s, total 1.37 s · draft 162/282
                       accepted (57%) · max_tokens reached
22:42:51.840 INFO:     #323 chat/completions (stream): 63 prompt tokens ·
                       temperature: 0, greedy (req), max_tokens: 256 (req),
                       min_tokens: 256 (req)
22:42:52.833 INFO:     #322 chat/completions (stream): 256 tokens generated at
                       210.1 T/s · prompt 101 tokens, none cached, 101 new in
                       0.09 s · first token 0.10 s, total 1.31 s · draft 164/276
                       accepted (59%) · max_tokens reached
22:42:52.866 INFO:     #324 chat/completions (stream): 63 prompt tokens ·
                       temperature: 0, greedy (req), max_tokens: 256 (req),
                       min_tokens: 256 (req)
22:42:53.134 INFO:     #323 chat/completions (stream): 256 tokens generated at
                       217.2 T/s · prompt 63 tokens, none cached, 63 new in 0.07
                       s · first token 0.08 s, total 1.25 s · draft 168/264
                       accepted (64%) · max_tokens reached
22:42:53.165 INFO:     #325 chat/completions (stream): 155 prompt tokens ·
                       temperature: 0, greedy (req), max_tokens: 256 (req),
                       min_tokens: 256 (req)
22:42:54.158 INFO:     #324 chat/completions (stream): 256 tokens generated at
                       217.8 T/s · prompt 63 tokens, none cached, 63 new in 0.07
                       s · first token 0.08 s, total 1.25 s · draft 171/255
                       accepted (67%) · max_tokens reached
22:42:54.191 INFO:     #326 chat/completions (stream): 71 prompt tokens ·
                       temperature: 0, greedy (req), max_tokens: 256 (req),
                       min_tokens: 256 (req)
22:42:54.454 INFO:     #325 chat/completions (stream): 256 tokens generated at
                       226.6 T/s · prompt 155 tokens, none cached, 155 new in
                       0.11 s · first token 0.12 s, total 1.24 s · draft 172/252
                       accepted (68%) · max_tokens reached
22:42:54.487 INFO:     #327 chat/completions (stream): 102 prompt tokens ·
                       temperature: 0, greedy (req), max_tokens: 256 (req),
                       min_tokens: 256 (req)
22:42:55.782 INFO:     #326 chat/completions (stream): 256 tokens generated at
                       174.6 T/s · prompt 71 tokens, none cached, 71 new in 0.08
                       s · first token 0.09 s, total 1.55 s · draft 148/324
                       accepted (46%) · max_tokens reached
22:42:55.813 INFO:     #328 chat/completions (stream): 91 prompt tokens ·
                       temperature: 0, greedy (req), max_tokens: 256 (req),
                       min_tokens: 256 (req)
22:42:56.137 INFO:     #327 chat/completions (stream): 256 tokens generated at
                       169.4 T/s · prompt 102 tokens, none cached, 102 new in
                       0.09 s · first token 0.10 s, total 1.61 s · draft 144/336
                       accepted (43%) · max_tokens reached
22:42:56.172 INFO:     #329 chat/completions (stream): 788 prompt tokens ·
                       temperature: 0, greedy (req), max_tokens: 256 (req),
                       min_tokens: 256 (req)
22:42:57.248 INFO:     #328 chat/completions (stream): 256 tokens generated at
                       196.6 T/s · prompt 91 tokens, none cached, 91 new in 0.09
                       s · first token 0.10 s, total 1.40 s · draft 171/255
                       accepted (67%) · max_tokens reached
22:42:57.282 INFO:     #330 chat/completions (stream): 809 prompt tokens ·
                       temperature: 0, greedy (req), max_tokens: 256 (req),
                       min_tokens: 256 (req)
22:42:57.829 INFO:     #329 chat/completions (stream): 256 tokens generated at
                       184.9 T/s · prompt 788 tokens, none cached, 788 new in
                       0.23 s (3,426 T/s) · first token 0.24 s, total 1.62 s ·
                       draft 167/267 accepted (63%) · max_tokens reached
22:42:57.862 INFO:     #331 chat/completions (stream): 106 prompt tokens ·
                       temperature: 0, greedy (req), max_tokens: 256 (req),
                       min_tokens: 256 (req)
22:42:58.954 INFO:     #331 chat/completions (stream): 256 tokens generated at
                       268.1 T/s · prompt 106 tokens, none cached, 106 new in
                       0.09 s · first token 0.10 s, total 1.05 s · draft 181/225
                       accepted (80%) · max_tokens reached
22:42:58.956 INFO:     #330 chat/completions (stream): 256 tokens generated at
                       183.6 T/s · prompt 809 tokens, none cached, 809 new in
                       0.26 s (3,112 T/s) · first token 0.27 s, total 1.66 s ·
                       draft 152/312 accepted (49%) · max_tokens reached
22:42:58.957 INFO:     #332 chat/completions (stream): 87 prompt tokens ·
                       temperature: 0, greedy (req), max_tokens: 256 (req),
                       min_tokens: 256 (req)
22:42:59.070 INFO:     #333 chat/completions (stream): 95 prompt tokens ·
                       temperature: 0, greedy (req), max_tokens: 256 (req),
                       min_tokens: 256 (req)
22:43:00.042 INFO:     #332 chat/completions (stream): 256 tokens generated at
                       269.1 T/s · prompt 87 tokens, none cached, 87 new in 0.09
                       s · first token 0.10 s, total 1.05 s · draft 187/207
                       accepted (90%) · max_tokens reached
22:43:00.075 INFO:     #334 chat/completions (stream): 133 prompt tokens ·
                       temperature: 0, greedy (req), max_tokens: 256 (req),
                       min_tokens: 256 (req)
22:43:00.533 INFO:     #333 chat/completions (stream): 256 tokens generated at
                       192.6 T/s · prompt 95 tokens, none cached, 95 new in 0.09
                       s · first token 0.10 s, total 1.42 s · draft 158/294
                       accepted (54%) · max_tokens reached
22:43:00.566 INFO:     #335 chat/completions (stream): 125 prompt tokens ·
                       temperature: 0, greedy (req), max_tokens: 256 (req),
                       min_tokens: 256 (req)
22:43:01.352 INFO:     #334 chat/completions (stream): 256 tokens generated at
                       227.8 T/s · prompt 133 tokens, none cached, 133 new in
                       0.11 s · first token 0.12 s, total 1.24 s · draft 174/246
                       accepted (71%) · max_tokens reached
22:43:01.385 INFO:     #336 chat/completions (stream): 92 prompt tokens ·
                       temperature: 0, greedy (req), max_tokens: 256 (req),
                       min_tokens: 256 (req)
22:43:01.782 INFO:     #335 chat/completions (stream): 256 tokens generated at
                       239.7 T/s · prompt 125 tokens, none cached, 125 new in
                       0.10 s · first token 0.11 s, total 1.17 s · draft 177/237
                       accepted (75%) · max_tokens reached
22:43:01.814 INFO:     #337 chat/completions (stream): 143 prompt tokens ·
                       temperature: 0, greedy (req), max_tokens: 256 (req),
                       min_tokens: 256 (req)
22:43:02.560 INFO:     #336 chat/completions (stream): 256 tokens generated at
                       246.0 T/s · prompt 92 tokens, none cached, 92 new in 0.09
                       s · first token 0.10 s, total 1.14 s · draft 182/222
                       accepted (82%) · max_tokens reached
22:43:02.594 INFO:     #339 chat/completions (stream): 832 prompt tokens ·
                       temperature: 0, greedy (req), max_tokens: 256 (req),
                       min_tokens: 256 (req)
22:43:03.363 INFO:     #337 chat/completions (stream): 256 tokens generated at
                       183.3 T/s · prompt 143 tokens, none cached, 143 new in
                       0.11 s · first token 0.12 s, total 1.51 s · draft 168/264
                       accepted (64%) · max_tokens reached
22:43:03.395 INFO:     #340 chat/completions (stream): 91 prompt tokens ·
                       temperature: 0, greedy (req), max_tokens: 256 (req),
                       min_tokens: 256 (req)
22:43:04.248 INFO:     #339 chat/completions (stream): 256 tokens generated at
                       192.5 T/s · prompt 832 tokens, none cached, 832 new in
                       0.28 s (2,971 T/s) · first token 0.29 s, total 1.62 s ·
                       draft 158/294 accepted (54%) · max_tokens reached
22:43:04.281 INFO:     #341 chat/completions (stream): 62 prompt tokens ·
                       temperature: 0, greedy (req), max_tokens: 256 (req),
                       min_tokens: 256 (req)
22:43:04.486 INFO:     #340 chat/completions (stream): 256 tokens generated at
                       267.5 T/s · prompt 91 tokens, none cached, 91 new in 0.09
                       s · first token 0.10 s, total 1.05 s · draft 185/213
                       accepted (87%) · max_tokens reached
22:43:04.519 INFO:     #342 chat/completions (stream): 62 prompt tokens ·
                       temperature: 0, greedy (req), max_tokens: 256 (req),
                       min_tokens: 256 (req)
22:43:05.854 INFO:     #341 chat/completions (stream): 256 tokens generated at
                       174.0 T/s · prompt 62 tokens, none cached, 62 new in 0.07
                       s · first token 0.08 s, total 1.55 s · draft 145/333
                       accepted (44%) · max_tokens reached
22:43:05.856 INFO:     #342 chat/completions (stream): 256 tokens generated at
                       203.8 T/s · prompt 62 tokens, none cached, 62 new in 0.07
                       s · first token 0.08 s, total 1.33 s · draft 157/297
                       accepted (53%) · max_tokens reached
22:43:05.858 INFO:     #343 chat/completions (stream): 71 prompt tokens ·
                       temperature: 0, greedy (req), max_tokens: 256 (req),
                       min_tokens: 256 (req)
22:43:05.859 INFO:     #344 chat/completions (stream): 93 prompt tokens ·
                       temperature: 0, greedy (req), max_tokens: 256 (req),
                       min_tokens: 256 (req)
22:43:06.995 INFO:     #344 chat/completions (stream): 256 tokens generated at
                       278.3 T/s · prompt 93 tokens, none cached, 93 new in 0.09
                       s · first token 0.18 s, total 1.10 s · draft 184/216
                       accepted (85%) · max_tokens reached
22:43:07.028 INFO:     #345 chat/completions (stream): 74 prompt tokens ·
                       temperature: 0, greedy (req), max_tokens: 256 (req),
                       min_tokens: 256 (req)
22:43:07.258 INFO:     #343 chat/completions (stream): 256 tokens generated at
                       216.5 T/s · prompt 71 tokens, none cached, 71 new in 0.16
                       s · first token 0.17 s, total 1.35 s · draft 169/261
                       accepted (65%) · max_tokens reached
22:43:07.292 INFO:     #346 chat/completions (stream): 892 prompt tokens ·
                       temperature: 0, greedy (req), max_tokens: 256 (req),
                       min_tokens: 256 (req)
22:43:08.630 INFO:     #346 chat/completions (stream): 256 tokens generated at
                       250.2 T/s · prompt 892 tokens, none cached, 892 new in
                       0.30 s (2,973 T/s) · first token 0.31 s, total 1.33 s ·
                       draft 176/240 accepted (73%) · max_tokens reached
22:43:08.631 INFO:     #345 chat/completions (stream): 256 tokens generated at
                       168.9 T/s · prompt 74 tokens, none cached, 74 new in 0.08
                       s · first token 0.09 s, total 1.60 s · draft 159/291
                       accepted (55%) · max_tokens reached
22:43:08.636 INFO:     #347 chat/completions (stream): 726 prompt tokens ·
                       temperature: 0, greedy (req), max_tokens: 256 (req),
                       min_tokens: 256 (req)
22:43:08.638 INFO:     #348 chat/completions (stream): 433 prompt tokens ·
                       temperature: 0, greedy (req), max_tokens: 256 (req),
                       min_tokens: 256 (req)
22:43:10.216 INFO:     #348 chat/completions (stream): 256 tokens generated at
                       245.1 T/s · prompt 433 tokens, none cached, 433 new in
                       0.33 s (1,312 T/s) · queued 0.16 s, first token 0.49 s,
                       total 1.53 s · draft 174/246 accepted (71%) · max_tokens
                       reached
22:43:10.248 INFO:     #349 chat/completions (stream): 116 prompt tokens ·
                       temperature: 0, greedy (req), max_tokens: 256 (req),
                       min_tokens: 256 (req)
22:43:10.483 INFO:     #347 chat/completions (stream): 256 tokens generated at
                       194.9 T/s · prompt 726 tokens, none cached, 726 new in
                       0.48 s (1,512 T/s) · first token 0.49 s, total 1.81 s ·
                       draft 160/288 accepted (56%) · max_tokens reached
22:43:10.516 INFO:     #350 chat/completions (stream): 81 prompt tokens ·
                       temperature: 0, greedy (req), max_tokens: 256 (req),
                       min_tokens: 256 (req)
22:43:11.415 INFO:     #349 chat/completions (stream): 256 tokens generated at
                       250.8 T/s · prompt 116 tokens, none cached, 116 new in
                       0.10 s · first token 0.11 s, total 1.13 s · draft 182/222
                       accepted (82%) · max_tokens reached
22:43:11.450 INFO:     #351 chat/completions (stream): 634 prompt tokens ·
                       temperature: 0, greedy (req), max_tokens: 256 (req),
                       min_tokens: 256 (req)
22:43:11.919 INFO:     #350 chat/completions (stream): 256 tokens generated at
                       201.1 T/s · prompt 81 tokens, none cached, 81 new in 0.08
                       s · first token 0.09 s, total 1.36 s · draft 175/243
                       accepted (72%) · max_tokens reached
22:43:11.951 INFO:     #352 chat/completions (stream): 71 prompt tokens ·
                       temperature: 0, greedy (req), max_tokens: 256 (req),
                       min_tokens: 256 (req)
22:43:12.927 INFO:     #351 chat/completions (stream): 256 tokens generated at
                       218.2 T/s · prompt 634 tokens, none cached, 634 new in
                       0.26 s (2,438 T/s) · first token 0.27 s, total 1.44 s ·
                       draft 169/261 accepted (65%) · max_tokens reached
22:43:12.961 INFO:     #353 chat/completions (stream): 100 prompt tokens ·
                       temperature: 0, greedy (req), max_tokens: 256 (req),
                       min_tokens: 256 (req)
22:43:13.272 INFO:     #352 chat/completions (stream): 256 tokens generated at
                       213.8 T/s · prompt 71 tokens, none cached, 71 new in 0.08
                       s · first token 0.09 s, total 1.28 s · draft 169/261
                       accepted (65%) · max_tokens reached
22:43:13.304 INFO:     #354 chat/completions (stream): 96 prompt tokens ·
                       temperature: 0, greedy (req), max_tokens: 256 (req),
                       min_tokens: 256 (req)
22:43:14.224 INFO:     #353 chat/completions (stream): 256 tokens generated at
                       227.8 T/s · prompt 100 tokens, none cached, 100 new in
                       0.09 s · first token 0.10 s, total 1.22 s · draft 173/249
                       accepted (69%) · max_tokens reached
22:43:14.256 INFO:     #355 chat/completions (stream): 93 prompt tokens ·
                       temperature: 0, greedy (req), max_tokens: 256 (req),
                       min_tokens: 256 (req)
22:43:14.641 INFO:     #354 chat/completions (stream): 256 tokens generated at
                       213.0 T/s · prompt 96 tokens, none cached, 96 new in 0.09
                       s · first token 0.10 s, total 1.30 s · draft 166/270
                       accepted (61%) · max_tokens reached
22:43:14.673 INFO:     #356 chat/completions (stream): 804 prompt tokens ·
                       temperature: 0, greedy (req), max_tokens: 256 (req),
                       min_tokens: 256 (req)
22:43:15.839 INFO:     #355 chat/completions (stream): 256 tokens generated at
                       176.4 T/s · prompt 93 tokens, none cached, 93 new in 0.09
                       s · first token 0.10 s, total 1.55 s · draft 161/285
                       accepted (56%) · max_tokens reached
22:43:15.874 INFO:     #357 chat/completions (stream): 745 prompt tokens ·
                       temperature: 0, greedy (req), max_tokens: 256 (req),
                       min_tokens: 256 (req)
22:43:16.357 INFO:     #356 chat/completions (stream): 256 tokens generated at
                       185.6 T/s · prompt 804 tokens, none cached, 804 new in
                       0.26 s (3,092 T/s) · first token 0.27 s, total 1.64 s ·
                       draft 168/264 accepted (64%) · max_tokens reached
22:43:16.390 INFO:     #358 chat/completions (stream): 740 prompt tokens ·
                       temperature: 0, greedy (req), max_tokens: 256 (req),
                       min_tokens: 256 (req)
22:43:17.434 INFO:     #357 chat/completions (stream): 256 tokens generated at
                       206.5 T/s · prompt 745 tokens, none cached, 745 new in
                       0.27 s (2,759 T/s) · first token 0.28 s, total 1.52 s ·
                       draft 178/234 accepted (76%) · max_tokens reached
22:43:17.465 INFO:     #360 chat/completions (stream): 93 prompt tokens ·
                       temperature: 0, greedy (req), max_tokens: 256 (req),
                       min_tokens: 256 (req)
22:43:18.011 INFO:     #358 chat/completions (stream): 256 tokens generated at
                       195.8 T/s · prompt 740 tokens, none cached, 740 new in
                       0.27 s (2,741 T/s) · first token 0.28 s, total 1.58 s ·
                       draft 160/288 accepted (56%) · max_tokens reached
22:43:18.043 INFO:     #361 chat/completions (stream): 108 prompt tokens ·
                       temperature: 0, greedy (req), max_tokens: 256 (req),
                       min_tokens: 256 (req)
22:43:18.752 INFO:     #360 chat/completions (stream): 256 tokens generated at
                       222.3 T/s · prompt 93 tokens, none cached, 93 new in 0.09
                       s · first token 0.10 s, total 1.25 s · draft 172/252
                       accepted (68%) · max_tokens reached
22:43:18.785 INFO:     #362 chat/completions (stream): 63 prompt tokens ·
                       temperature: 0, greedy (req), max_tokens: 256 (req),
                       min_tokens: 256 (req)
22:43:19.217 INFO:     #361 chat/completions (stream): 256 tokens generated at
                       250.4 T/s · prompt 108 tokens, none cached, 108 new in
                       0.09 s · first token 0.10 s, total 1.12 s · draft 180/228
                       accepted (79%) · max_tokens reached
22:43:19.250 INFO:     #363 chat/completions (stream): 395 prompt tokens ·
                       temperature: 0, greedy (req), max_tokens: 256 (req),
                       min_tokens: 256 (req)
22:43:20.457 INFO:     #362 chat/completions (stream): 256 tokens generated at
                       164.7 T/s · prompt 63 tokens, none cached, 63 new in 0.07
                       s · first token 0.08 s, total 1.63 s · draft 151/315
                       accepted (48%) · max_tokens reached
22:43:20.476 INFO:     #364 chat/completions (stream): 692 prompt tokens ·
                       temperature: 0, greedy (req), max_tokens: 256 (req),
                       min_tokens: 256 (req)
22:43:20.628 INFO:     #363 chat/completions (stream): 256 tokens generated at
                       258.5 T/s · prompt 395 tokens, none cached, 395 new in
                       0.22 s (1,795 T/s) · first token 0.23 s, total 1.22 s ·
                       draft 178/234 accepted (76%) · max_tokens reached
22:43:20.764 INFO:     #365 chat/completions (stream): 714 prompt tokens ·
                       temperature: 0, greedy (req), max_tokens: 256 (req),
                       min_tokens: 256 (req)
22:43:22.122 INFO:     #365 chat/completions (stream): 256 tokens generated at
                       242.9 T/s · prompt 714 tokens, none cached, 714 new in
                       0.26 s (2,746 T/s) · first token 0.27 s, total 1.32 s ·
                       draft 173/249 accepted (69%) · max_tokens reached
22:43:22.154 INFO:     #366 chat/completions (stream): 79 prompt tokens ·
                       temperature: 0, greedy (req), max_tokens: 256 (req),
                       min_tokens: 256 (req)
22:43:22.343 INFO:     #364 chat/completions (stream): 256 tokens generated at
                       162.7 T/s · prompt 692 tokens, none cached, 692 new in
                       0.25 s (2,768 T/s) · first token 0.26 s, total 1.83 s ·
                       draft 157/297 accepted (53%) · max_tokens reached
22:43:22.375 INFO:     #367 chat/completions (stream): 587 prompt tokens ·
                       temperature: 0, greedy (req), max_tokens: 256 (req),
                       min_tokens: 256 (req)
22:43:23.852 INFO:     #366 chat/completions (stream): 256 tokens generated at
                       159.1 T/s · prompt 79 tokens, none cached, 79 new in 0.08
                       s · first token 0.09 s, total 1.69 s · draft 147/327
                       accepted (45%) · max_tokens reached
22:43:23.853 INFO:     #367 chat/completions (stream): 256 tokens generated at
                       208.9 T/s · prompt 587 tokens, none cached, 587 new in
                       0.24 s (2,446 T/s) · first token 0.25 s, total 1.47 s ·
                       draft 160/288 accepted (56%) · max_tokens reached
22:43:23.856 INFO:     #368 chat/completions (stream): 120 prompt tokens ·
                       temperature: 0, greedy (req), max_tokens: 256 (req),
                       min_tokens: 256 (req)
22:43:23.858 INFO:     #369 chat/completions (stream): 111 prompt tokens ·
                       temperature: 0, greedy (req), max_tokens: 256 (req),
                       min_tokens: 256 (req)
22:43:24.982 INFO:     #368 chat/completions (stream): 256 tokens generated at
                       291.9 T/s · prompt 120 tokens, none cached, 120 new in
                       0.19 s · first token 0.20 s, total 1.08 s · draft 186/210
                       accepted (89%) · max_tokens reached
22:43:24.987 INFO:     #370 chat/completions (stream): 894 prompt tokens ·
                       temperature: 0, greedy (req), max_tokens: 256 (req),
                       min_tokens: 256 (req)
22:43:24.987 INFO:     #369 chat/completions (stream): 256 tokens generated at
                       278.9 T/s · prompt 111 tokens, none cached, 111 new in
                       0.09 s · queued 0.11 s, first token 0.20 s, total 1.12 s
                       · draft 182/222 accepted (82%) · max_tokens reached
22:43:25.356 INFO:     #371 chat/completions (stream): 1,157 prompt tokens ·
                       temperature: 0, greedy (req), max_tokens: 256 (req),
                       min_tokens: 256 (req)
22:43:26.633 INFO:     #370 chat/completions (stream): 256 tokens generated at
                       201.3 T/s · prompt 894 tokens, none cached, 894 new in
                       0.33 s (2,709 T/s) · first token 0.34 s, total 1.61 s ·
                       draft 182/222 accepted (82%) · max_tokens reached
22:43:26.665 INFO:     #372 chat/completions (stream): 93 prompt tokens ·
                       temperature: 0, greedy (req), max_tokens: 256 (req),
                       min_tokens: 256 (req)
22:43:27.052 INFO:     #371 chat/completions (stream): 256 tokens generated at
                       195.3 T/s · prompt 1,157 tokens, none cached, 1,157 new
                       in 0.34 s (3,403 T/s) · first token 0.35 s, total 1.66 s
                       · draft 159/291 accepted (55%) · max_tokens reached
22:43:27.084 INFO:     #373 chat/completions (stream): 61 prompt tokens ·
                       temperature: 0, greedy (req), max_tokens: 256 (req),
                       min_tokens: 256 (req)
22:43:28.023 INFO:     #372 chat/completions (stream): 256 tokens generated at
                       209.6 T/s · prompt 93 tokens, none cached, 93 new in 0.09
                       s · first token 0.10 s, total 1.32 s · draft 164/276
                       accepted (59%) · max_tokens reached
22:43:28.058 INFO:     #374 chat/completions (stream): 1,540 prompt tokens ·
                       temperature: 0, greedy (req), max_tokens: 256 (req),
                       min_tokens: 256 (req)
22:43:28.606 INFO:     #373 chat/completions (stream): 256 tokens generated at
                       182.0 T/s · prompt 61 tokens, none cached, 61 new in 0.07
                       s · first token 0.08 s, total 1.48 s · draft 167/267
                       accepted (63%) · max_tokens reached
22:43:28.638 INFO:     #375 chat/completions (stream): 64 prompt tokens ·
                       temperature: 0, greedy (req), max_tokens: 256 (req),
                       min_tokens: 256 (req)
22:43:29.710 INFO:     #374 chat/completions (stream): 256 tokens generated at
                       196.1 T/s · prompt 1,540 tokens, none cached, 1,540 new
                       in 0.30 s (5,133 T/s) · first token 0.31 s, total 1.61 s
                       · draft 158/294 accepted (54%) · max_tokens reached
22:43:29.743 INFO:     #376 chat/completions (stream): 123 prompt tokens ·
                       temperature: 0, greedy (req), max_tokens: 256 (req),
                       min_tokens: 256 (req)
22:43:29.928 INFO:     #375 chat/completions (stream): 256 tokens generated at
                       218.7 T/s · prompt 64 tokens, none cached, 64 new in 0.07
                       s · first token 0.08 s, total 1.25 s · draft 171/255
                       accepted (67%) · max_tokens reached
22:43:29.960 INFO:     #377 chat/completions (stream): 72 prompt tokens ·
                       temperature: 0, greedy (req), max_tokens: 256 (req),
                       min_tokens: 256 (req)
22:43:30.999 INFO:     #376 chat/completions (stream): 256 tokens generated at
                       230.7 T/s · prompt 123 tokens, none cached, 123 new in
                       0.10 s · first token 0.11 s, total 1.22 s · draft 174/246
                       accepted (71%) · max_tokens reached
22:43:31.031 INFO:     #378 chat/completions (stream): 81 prompt tokens ·
                       temperature: 0, greedy (req), max_tokens: 256 (req),
                       min_tokens: 256 (req)
22:43:31.314 INFO:     #377 chat/completions (stream): 256 tokens generated at
                       208.0 T/s · prompt 72 tokens, none cached, 72 new in 0.08
                       s · first token 0.08 s, total 1.32 s · draft 165/273
                       accepted (60%) · max_tokens reached
22:43:31.345 INFO:     #379 chat/completions (stream): 64 prompt tokens ·
                       temperature: 0, greedy (req), max_tokens: 256 (req),
                       min_tokens: 256 (req)
22:43:32.319 INFO:     #378 chat/completions (stream): 256 tokens generated at
                       220.8 T/s · prompt 81 tokens, none cached, 81 new in 0.08
                       s · first token 0.09 s, total 1.24 s · draft 169/261
                       accepted (65%) · max_tokens reached
22:43:32.350 INFO:     #381 chat/completions (stream): 73 prompt tokens ·
                       temperature: 0, greedy (req), max_tokens: 256 (req),
                       min_tokens: 256 (req)
22:43:32.744 INFO:     #379 chat/completions (stream): 256 tokens generated at
                       199.9 T/s · prompt 64 tokens, none cached, 64 new in 0.07
                       s · first token 0.08 s, total 1.36 s · draft 159/291
                       accepted (55%) · max_tokens reached
22:43:32.775 INFO:     #382 chat/completions (stream): 63 prompt tokens ·
                       temperature: 0, greedy (req), max_tokens: 256 (req),
                       min_tokens: 256 (req)
22:43:33.640 INFO:     #381 chat/completions (stream): 256 tokens generated at
                       219.4 T/s · prompt 73 tokens, none cached, 73 new in 0.08
                       s · first token 0.09 s, total 1.25 s · draft 168/264
                       accepted (64%) · max_tokens reached
22:43:33.675 INFO:     #383 chat/completions (stream): 720 prompt tokens ·
                       temperature: 0, greedy (req), max_tokens: 256 (req),
                       min_tokens: 256 (req)
22:43:34.423 INFO:     #382 chat/completions (stream): 256 tokens generated at
                       167.1 T/s · prompt 63 tokens, none cached, 63 new in 0.07
                       s · first token 0.08 s, total 1.61 s · draft 156/300
                       accepted (52%) · max_tokens reached
22:43:34.456 INFO:     #384 chat/completions (stream): 110 prompt tokens ·
                       temperature: 0, greedy (req), max_tokens: 256 (req),
                       min_tokens: 256 (req)
22:43:35.292 INFO:     #383 chat/completions (stream): 256 tokens generated at
                       196.3 T/s · prompt 720 tokens, none cached, 720 new in
                       0.27 s (2,667 T/s) · first token 0.28 s, total 1.58 s ·
                       draft 162/282 accepted (57%) · max_tokens reached
22:43:35.327 INFO:     #385 chat/completions (stream): 751 prompt tokens ·
                       temperature: 0, greedy (req), max_tokens: 256 (req),
                       min_tokens: 256 (req)
22:43:35.816 INFO:     #384 chat/completions (stream): 256 tokens generated at
                       209.8 T/s · prompt 110 tokens, none cached, 110 new in
                       0.09 s · first token 0.10 s, total 1.32 s · draft 181/225
                       accepted (80%) · max_tokens reached
22:43:35.848 INFO:     #386 chat/completions (stream): 128 prompt tokens ·
                       temperature: 0, greedy (req), max_tokens: 256 (req),
                       min_tokens: 256 (req)
22:43:36.808 INFO:     #385 chat/completions (stream): 256 tokens generated at
                       221.0 T/s · prompt 751 tokens, none cached, 751 new in
                       0.28 s (2,682 T/s) · first token 0.29 s, total 1.44 s ·
                       draft 173/249 accepted (69%) · max_tokens reached
22:43:36.842 INFO:     #387 chat/completions (stream): 103 prompt tokens ·
                       temperature: 0, greedy (req), max_tokens: 256 (req),
                       min_tokens: 256 (req)
22:43:36.982 INFO:     #386 chat/completions (stream): 256 tokens generated at
                       290.0 T/s · prompt 128 tokens, none cached, 128 new in
                       0.10 s · first token 0.11 s, total 0.99 s · draft 186/210
                       accepted (89%) · max_tokens reached
22:43:37.013 INFO:     #388 chat/completions (stream): 64 prompt tokens ·
                       temperature: 0, greedy (req), max_tokens: 256 (req),
                       min_tokens: 256 (req)
22:43:38.303 INFO:     #387 chat/completions (stream): 256 tokens generated at
                       189.8 T/s · prompt 103 tokens, none cached, 103 new in
                       0.09 s · first token 0.10 s, total 1.44 s · draft 154/306
                       accepted (50%) · max_tokens reached
22:43:38.304 INFO:     #388 chat/completions (stream): 256 tokens generated at
                       211.4 T/s · prompt 64 tokens, none cached, 64 new in 0.07
                       s · first token 0.07 s, total 1.29 s · draft 160/288
                       accepted (56%) · max_tokens reached
22:43:38.308 INFO:     #389 chat/completions (stream): 135 prompt tokens ·
                       temperature: 0, greedy (req), max_tokens: 256 (req),
                       min_tokens: 256 (req)
22:43:38.309 INFO:     #390 chat/completions (stream): 114 prompt tokens ·
                       temperature: 0, greedy (req), max_tokens: 256 (req),
                       min_tokens: 256 (req)
22:43:39.513 INFO:     #389 chat/completions (stream): 256 tokens generated at
                       270.1 T/s · prompt 135 tokens, none cached, 135 new in
                       0.21 s · first token 0.22 s, total 1.17 s · draft 182/222
                       accepted (82%) · max_tokens reached
22:43:39.545 INFO:     #391 chat/completions (stream): 80 prompt tokens ·
                       temperature: 0, greedy (req), max_tokens: 256 (req),
                       min_tokens: 256 (req)
22:43:40.002 INFO:     #390 chat/completions (stream): 256 tokens generated at
                       178.3 T/s · prompt 114 tokens, none cached, 114 new in
                       0.10 s · queued 0.12 s, first token 0.22 s, total 1.65 s
                       · draft 149/321 accepted (46%) · max_tokens reached
22:43:40.034 INFO:     #392 chat/completions (stream): 73 prompt tokens ·
                       temperature: 0, greedy (req), max_tokens: 256 (req),
                       min_tokens: 256 (req)
22:43:40.978 INFO:     #391 chat/completions (stream): 256 tokens generated at
                       196.3 T/s · prompt 80 tokens, none cached, 80 new in 0.08
                       s · first token 0.09 s, total 1.39 s · draft 159/291
                       accepted (55%) · max_tokens reached
22:43:41.009 INFO:     #393 chat/completions (stream): 62 prompt tokens ·
                       temperature: 0, greedy (req), max_tokens: 256 (req),
                       min_tokens: 256 (req)
22:43:41.326 INFO:     #392 chat/completions (stream): 256 tokens generated at
                       218.8 T/s · prompt 73 tokens, none cached, 73 new in 0.08
                       s · first token 0.09 s, total 1.26 s · draft 170/258
                       accepted (66%) · max_tokens reached
22:43:41.360 INFO:     #394 chat/completions (stream): 785 prompt tokens ·
                       temperature: 0, greedy (req), max_tokens: 256 (req),
                       min_tokens: 256 (req)
22:43:42.407 INFO:     #393 chat/completions (stream): 256 tokens generated at
                       200.0 T/s · prompt 62 tokens, none cached, 62 new in 0.07
                       s · first token 0.08 s, total 1.36 s · draft 170/258
                       accepted (66%) · max_tokens reached
22:43:42.440 INFO:     #395 chat/completions (stream): 92 prompt tokens ·
                       temperature: 0, greedy (req), max_tokens: 256 (req),
                       min_tokens: 256 (req)
22:43:42.765 INFO:     #394 chat/completions (stream): 256 tokens generated at
                       223.2 T/s · prompt 785 tokens, none cached, 785 new in
                       0.21 s (3,738 T/s) · first token 0.22 s, total 1.36 s ·
                       draft 171/255 accepted (67%) · max_tokens reached
22:43:42.802 INFO:     #396 chat/completions (stream): 680 prompt tokens ·
                       temperature: 0, greedy (req), max_tokens: 256 (req),
                       min_tokens: 256 (req)
22:43:44.002 INFO:     #395 chat/completions (stream): 256 tokens generated at
                       179.2 T/s · prompt 92 tokens, none cached, 92 new in 0.09
                       s · first token 0.10 s, total 1.53 s · draft 164/276
                       accepted (59%) · max_tokens reached
22:43:44.034 INFO:     #397 chat/completions (stream): 125 prompt tokens ·
                       temperature: 0, greedy (req), max_tokens: 256 (req),
                       min_tokens: 256 (req)
22:43:44.281 INFO:     #396 chat/completions (stream): 256 tokens generated at
                       217.2 T/s · prompt 680 tokens, none cached, 680 new in
                       0.25 s (2,720 T/s) · first token 0.26 s, total 1.43 s ·
                       draft 173/249 accepted (69%) · max_tokens reached
22:43:44.313 INFO:     #398 chat/completions (stream): 79 prompt tokens ·
                       temperature: 0, greedy (req), max_tokens: 256 (req),
                       min_tokens: 256 (req)
22:43:45.369 INFO:     #397 chat/completions (stream): 256 tokens generated at
                       215.0 T/s · prompt 125 tokens, none cached, 125 new in
                       0.10 s · first token 0.11 s, total 1.30 s · draft 168/264
                       accepted (64%) · max_tokens reached
22:43:45.401 INFO:     #399 chat/completions (stream): 86 prompt tokens ·
                       temperature: 0, greedy (req), max_tokens: 256 (req),
                       min_tokens: 256 (req)
22:43:45.646 INFO:     #398 chat/completions (stream): 256 tokens generated at
                       212.3 T/s · prompt 79 tokens, none cached, 79 new in 0.08
                       s · first token 0.09 s, total 1.29 s · draft 166/270
                       accepted (61%) · max_tokens reached
22:43:45.678 INFO:     #400 chat/completions (stream): 69 prompt tokens ·
                       temperature: 0, greedy (req), max_tokens: 256 (req),
                       min_tokens: 256 (req)
22:43:46.729 INFO:     #399 chat/completions (stream): 256 tokens generated at
                       214.3 T/s · prompt 86 tokens, none cached, 86 new in 0.09
                       s · first token 0.10 s, total 1.29 s · draft 166/270
                       accepted (61%) · max_tokens reached
22:43:46.761 INFO:     #401 chat/completions (stream): 80 prompt tokens ·
                       temperature: 0, greedy (req), max_tokens: 256 (req),
                       min_tokens: 256 (req)
22:43:47.263 INFO:     #400 chat/completions (stream): 256 tokens generated at
                       175.1 T/s · prompt 69 tokens, none cached, 69 new in 0.08
                       s · first token 0.09 s, total 1.55 s · draft 146/330
                       accepted (44%) · max_tokens reached
22:43:47.295 INFO:     #403 chat/completions (stream): 80 prompt tokens ·
                       temperature: 0, greedy (req), max_tokens: 256 (req),
                       min_tokens: 256 (req)
22:43:48.123 INFO:     #401 chat/completions (stream): 256 tokens generated at
                       207.5 T/s · prompt 80 tokens, none cached, 80 new in 0.08
                       s · first token 0.09 s, total 1.32 s · draft 164/276
                       accepted (59%) · max_tokens reached
22:43:48.155 INFO:     #404 chat/completions (stream): 62 prompt tokens ·
                       temperature: 0, greedy (req), max_tokens: 256 (req),
                       min_tokens: 256 (req)
22:43:48.749 INFO:     #403 chat/completions (stream): 256 tokens generated at
                       193.1 T/s · prompt 80 tokens, none cached, 80 new in 0.08
                       s · first token 0.09 s, total 1.41 s · draft 155/303
                       accepted (51%) · max_tokens reached
22:43:48.783 INFO:     #405 chat/completions (stream): 635 prompt tokens ·
                       temperature: 0, greedy (req), max_tokens: 256 (req),
                       min_tokens: 256 (req)
22:43:49.843 INFO:     #404 chat/completions (stream): 256 tokens generated at
                       162.9 T/s · prompt 62 tokens, none cached, 62 new in 0.07
                       s · first token 0.08 s, total 1.65 s · draft 152/312
                       accepted (49%) · max_tokens reached
22:43:49.877 INFO:     #406 chat/completions (stream): 828 prompt tokens ·
                       temperature: 0, greedy (req), max_tokens: 256 (req),
                       min_tokens: 256 (req)
22:43:50.584 INFO:     #405 chat/completions (stream): 256 tokens generated at
                       170.8 T/s · prompt 635 tokens, none cached, 635 new in
                       0.26 s (2,442 T/s) · first token 0.27 s, total 1.76 s ·
                       draft 159/291 accepted (55%) · max_tokens reached
22:43:50.616 INFO:     #407 chat/completions (stream): 62 prompt tokens ·
                       temperature: 0, greedy (req), max_tokens: 256 (req),
                       min_tokens: 256 (req)
22:43:51.439 INFO:     #406 chat/completions (stream): 256 tokens generated at
                       204.3 T/s · prompt 828 tokens, none cached, 828 new in
                       0.26 s (3,185 T/s) · first token 0.27 s, total 1.52 s ·
                       draft 162/282 accepted (57%) · max_tokens reached
22:43:51.472 INFO:     #408 chat/completions (stream): 79 prompt tokens ·
                       temperature: 0, greedy (req), max_tokens: 256 (req),
                       min_tokens: 256 (req)
22:43:52.171 INFO:     #407 chat/completions (stream): 256 tokens generated at
                       177.9 T/s · prompt 62 tokens, none cached, 62 new in 0.07
                       s · first token 0.08 s, total 1.51 s · draft 147/327
                       accepted (45%) · max_tokens reached
22:43:52.204 INFO:     #409 chat/completions (stream): 492 prompt tokens ·
                       temperature: 0, greedy (req), max_tokens: 256 (req),
                       min_tokens: 256 (req)
22:43:52.732 INFO:     #408 chat/completions (stream): 256 tokens generated at
                       225.7 T/s · prompt 79 tokens, none cached, 79 new in 0.08
                       s · first token 0.09 s, total 1.22 s · draft 184/216
                       accepted (85%) · max_tokens reached
22:43:52.764 INFO:     #410 chat/completions (stream): 65 prompt tokens ·
                       temperature: 0, greedy (req), max_tokens: 256 (req),
                       min_tokens: 256 (req)
22:43:53.813 INFO:     #409 chat/completions (stream): 256 tokens generated at
                       195.3 T/s · prompt 492 tokens, none cached, 492 new in
                       0.25 s (1,968 T/s) · first token 0.26 s, total 1.57 s ·
                       draft 158/294 accepted (54%) · max_tokens reached
22:43:53.844 INFO:     #411 chat/completions (stream): 63 prompt tokens ·
                       temperature: 0, greedy (req), max_tokens: 256 (req),
                       min_tokens: 256 (req)
22:43:54.088 INFO:     #410 chat/completions (stream): 256 tokens generated at
                       212.7 T/s · prompt 65 tokens, none cached, 65 new in 0.07
                       s · first token 0.08 s, total 1.28 s · draft 166/270
                       accepted (61%) · max_tokens reached
22:43:54.122 INFO:     #412 chat/completions (stream): 724 prompt tokens ·
                       temperature: 0, greedy (req), max_tokens: 256 (req),
                       min_tokens: 256 (req)
22:43:55.292 INFO:     #411 chat/completions (stream): 256 tokens generated at
                       192.4 T/s · prompt 63 tokens, none cached, 63 new in 0.07
                       s · first token 0.08 s, total 1.41 s · draft 170/258
                       accepted (66%) · max_tokens reached
22:43:55.326 INFO:     #413 chat/completions (stream): 760 prompt tokens ·
                       temperature: 0, greedy (req), max_tokens: 256 (req),
                       min_tokens: 256 (req)
22:43:55.723 INFO:     #412 chat/completions (stream): 256 tokens generated at
                       198.2 T/s · prompt 724 tokens, none cached, 724 new in
                       0.26 s (2,785 T/s) · first token 0.27 s, total 1.56 s ·
                       draft 173/249 accepted (69%) · max_tokens reached
22:43:55.759 INFO:     #414 chat/completions (stream): 742 prompt tokens ·
                       temperature: 0, greedy (req), max_tokens: 256 (req),
                       min_tokens: 256 (req)
22:43:56.917 INFO:     #413 chat/completions (stream): 256 tokens generated at
                       199.8 T/s · prompt 760 tokens, none cached, 760 new in
                       0.26 s (2,923 T/s) · first token 0.27 s, total 1.55 s ·
                       draft 175/243 accepted (72%) · max_tokens reached
22:43:56.950 INFO:     #415 chat/completions (stream): 61 prompt tokens ·
                       temperature: 0, greedy (req), max_tokens: 256 (req),
                       min_tokens: 256 (req)
22:43:57.168 INFO:     #414 chat/completions (stream): 256 tokens generated at
                       233.1 T/s · prompt 742 tokens, none cached, 742 new in
                       0.27 s (2,748 T/s) · first token 0.28 s, total 1.37 s ·
                       draft 175/243 accepted (72%) · max_tokens reached
22:43:57.205 INFO:     #416 chat/completions (stream): 764 prompt tokens ·
                       temperature: 0, greedy (req), max_tokens: 256 (req),
                       min_tokens: 256 (req)
22:43:58.514 INFO:     #416 chat/completions (stream): 256 tokens generated at
                       258.0 T/s · prompt 764 tokens, none cached, 764 new in
                       0.27 s (2,830 T/s) · first token 0.28 s, total 1.27 s ·
                       draft 177/237 accepted (75%) · max_tokens reached
22:43:58.548 INFO:     #417 chat/completions (stream): 833 prompt tokens ·
                       temperature: 0, greedy (req), max_tokens: 256 (req),
                       min_tokens: 256 (req)
22:43:59.013 INFO:     #415 chat/completions (stream): 256 tokens generated at
                       131.5 T/s · prompt 61 tokens, none cached, 61 new in 0.07
                       s · first token 0.08 s, total 2.02 s · draft 141/345
                       accepted (41%) · max_tokens reached
22:43:59.046 INFO:     #418 chat/completions (stream): 71 prompt tokens ·
                       temperature: 0, greedy (req), max_tokens: 256 (req),
                       min_tokens: 256 (req)
22:43:59.941 INFO:     #417 chat/completions (stream): 256 tokens generated at
                       237.7 T/s · prompt 833 tokens, none cached, 833 new in
                       0.27 s (3,085 T/s) · first token 0.28 s, total 1.35 s ·
                       draft 175/243 accepted (72%) · max_tokens reached
22:43:59.974 INFO:     #419 chat/completions (stream): 798 prompt tokens ·
                       temperature: 0, greedy (req), max_tokens: 256 (req),
                       min_tokens: 256 (req)
22:44:00.827 INFO:     #418 chat/completions (stream): 256 tokens generated at
                       154.3 T/s · prompt 71 tokens, none cached, 71 new in 0.08
                       s · first token 0.09 s, total 1.74 s · draft 143/339
                       accepted (42%) · max_tokens reached
22:44:00.859 INFO:     #420 chat/completions (stream): 87 prompt tokens ·
                       temperature: 0, greedy (req), max_tokens: 256 (req),
                       min_tokens: 256 (req)
22:44:01.489 INFO:     #419 chat/completions (stream): 256 tokens generated at
                       212.4 T/s · prompt 798 tokens, none cached, 798 new in
                       0.26 s (3,069 T/s) · first token 0.27 s, total 1.47 s ·
                       draft 167/267 accepted (63%) · max_tokens reached
22:44:01.524 INFO:     #421 chat/completions (stream): 773 prompt tokens ·
                       temperature: 0, greedy (req), max_tokens: 256 (req),
                       min_tokens: 256 (req)
22:44:02.232 INFO:     #420 chat/completions (stream): 256 tokens generated at
                       206.4 T/s · prompt 87 tokens, none cached, 87 new in 0.09
                       s · first token 0.10 s, total 1.34 s · draft 173/249
                       accepted (69%) · max_tokens reached
22:44:02.265 INFO:     #423 chat/completions (stream): 114 prompt tokens ·
                       temperature: 0, greedy (req), max_tokens: 256 (req),
                       min_tokens: 256 (req)
22:44:02.922 INFO:     #421 chat/completions (stream): 256 tokens generated at
                       222.6 T/s · prompt 773 tokens, none cached, 773 new in
                       0.20 s (3,865 T/s) · first token 0.21 s, total 1.36 s ·
                       draft 172/252 accepted (68%) · max_tokens reached
22:44:02.955 INFO:     #424 chat/completions (stream): 312 prompt tokens ·
                       temperature: 0, greedy (req), max_tokens: 256 (req),
                       min_tokens: 256 (req)
22:44:03.796 INFO:     #423 chat/completions (stream): 256 tokens generated at
                       184.9 T/s · prompt 114 tokens, none cached, 114 new in
                       0.10 s · first token 0.11 s, total 1.49 s · draft 161/285
                       accepted (56%) · max_tokens reached
22:44:03.829 INFO:     #425 chat/completions (stream): 63 prompt tokens ·
                       temperature: 0, greedy (req), max_tokens: 256 (req),
                       min_tokens: 256 (req)
22:44:04.313 INFO:     #424 chat/completions (stream): 256 tokens generated at
                       231.5 T/s · prompt 312 tokens, none cached, 312 new in
                       0.21 s (1,486 T/s) · first token 0.22 s, total 1.32 s ·
                       draft 174/246 accepted (71%) · max_tokens reached
22:44:04.347 INFO:     #426 chat/completions (stream): 66 prompt tokens ·
                       temperature: 0, greedy (req), max_tokens: 256 (req),
                       min_tokens: 256 (req)
22:44:05.026 INFO:     #425 chat/completions (stream): 256 tokens generated at
                       237.0 T/s · prompt 63 tokens, none cached, 63 new in 0.07
                       s · first token 0.08 s, total 1.16 s · draft 175/243
                       accepted (72%) · max_tokens reached
22:44:05.060 INFO:     #427 chat/completions (stream): 912 prompt tokens ·
                       temperature: 0, greedy (req), max_tokens: 256 (req),
                       min_tokens: 256 (req)
22:44:06.009 INFO:     #426 chat/completions (stream): 256 tokens generated at
                       166.2 T/s · prompt 66 tokens, none cached, 66 new in 0.08
                       s · first token 0.09 s, total 1.63 s · draft 156/300
                       accepted (52%) · max_tokens reached
22:44:06.041 INFO:     #428 chat/completions (stream): 66 prompt tokens ·
                       temperature: 0, greedy (req), max_tokens: 256 (req),
                       min_tokens: 256 (req)
22:44:06.785 INFO:     #427 chat/completions (stream): 256 tokens generated at
                       186.9 T/s · prompt 912 tokens, none cached, 912 new in
                       0.31 s (2,942 T/s) · first token 0.32 s, total 1.69 s ·
                       draft 154/306 accepted (50%) · max_tokens reached
22:44:06.818 INFO:     #429 chat/completions (stream): 75 prompt tokens ·
                       temperature: 0, greedy (req), max_tokens: 256 (req),
                       min_tokens: 256 (req)
22:44:07.349 INFO:     #428 chat/completions (stream): 256 tokens generated at
                       216.2 T/s · prompt 66 tokens, none cached, 66 new in 0.07
                       s · first token 0.08 s, total 1.26 s · draft 170/258
                       accepted (66%) · max_tokens reached
22:44:07.383 INFO:     #430 chat/completions (stream): 624 prompt tokens ·
                       temperature: 0, greedy (req), max_tokens: 256 (req),
                       min_tokens: 256 (req)
22:44:08.401 INFO:     #429 chat/completions (stream): 256 tokens generated at
                       175.6 T/s · prompt 75 tokens, none cached, 75 new in 0.08
                       s · first token 0.09 s, total 1.54 s · draft 162/282
                       accepted (57%) · max_tokens reached
22:44:08.433 INFO:     #431 chat/completions (stream): 63 prompt tokens ·
                       temperature: 0, greedy (req), max_tokens: 256 (req),
                       min_tokens: 256 (req)
22:44:08.913 INFO:     #430 chat/completions (stream): 256 tokens generated at
                       209.3 T/s · prompt 624 tokens, none cached, 624 new in
                       0.26 s (2,400 T/s) · first token 0.27 s, total 1.49 s ·
                       draft 165/273 accepted (60%) · max_tokens reached
22:44:08.944 INFO:     #432 chat/completions (stream): 78 prompt tokens ·
                       temperature: 0, greedy (req), max_tokens: 256 (req),
                       min_tokens: 256 (req)
22:44:09.895 INFO:     #431 chat/completions (stream): 256 tokens generated at
                       190.3 T/s · prompt 63 tokens, none cached, 63 new in 0.07
                       s · first token 0.08 s, total 1.42 s · draft 155/303
                       accepted (51%) · max_tokens reached
22:44:09.927 INFO:     #433 chat/completions (stream): 136 prompt tokens ·
                       temperature: 0, greedy (req), max_tokens: 256 (req),
                       min_tokens: 256 (req)
22:44:10.468 INFO:     #432 chat/completions (stream): 256 tokens generated at
                       182.8 T/s · prompt 78 tokens, none cached, 78 new in 0.08
                       s · first token 0.09 s, total 1.49 s · draft 154/306
                       accepted (50%) · max_tokens reached
22:44:10.500 INFO:     #434 chat/completions (stream): 87 prompt tokens ·
                       temperature: 0, greedy (req), max_tokens: 256 (req),
                       min_tokens: 256 (req)
22:44:11.241 INFO:     #433 chat/completions (stream): 256 tokens generated at
                       221.1 T/s · prompt 136 tokens, none cached, 136 new in
                       0.11 s · first token 0.12 s, total 1.27 s · draft 171/255
                       accepted (67%) · max_tokens reached
22:44:11.273 INFO:     #435 chat/completions (stream): 63 prompt tokens ·
                       temperature: 0, greedy (req), max_tokens: 256 (req),
                       min_tokens: 256 (req)
22:44:11.850 INFO:     #434 chat/completions (stream): 256 tokens generated at
                       210.0 T/s · prompt 87 tokens, none cached, 87 new in 0.09
                       s · first token 0.10 s, total 1.31 s · draft 164/276
                       accepted (59%) · max_tokens reached
22:44:11.882 INFO:     #436 chat/completions (stream): 106 prompt tokens ·
                       temperature: 0, greedy (req), max_tokens: 256 (req),
                       min_tokens: 256 (req)
22:44:12.638 INFO:     #435 chat/completions (stream): 256 tokens generated at
                       205.2 T/s · prompt 63 tokens, none cached, 63 new in 0.07
                       s · first token 0.08 s, total 1.32 s · draft 164/276
                       accepted (59%) · max_tokens reached
22:44:12.670 INFO:     #437 chat/completions (stream): 121 prompt tokens ·
                       temperature: 0, greedy (req), max_tokens: 256 (req),
                       min_tokens: 256 (req)
22:44:13.287 INFO:     #436 chat/completions (stream): 256 tokens generated at
                       202.3 T/s · prompt 106 tokens, none cached, 106 new in
                       0.09 s · first token 0.10 s, total 1.36 s · draft 165/273
                       accepted (60%) · max_tokens reached
22:44:13.319 INFO:     #438 chat/completions (stream): 88 prompt tokens ·
                       temperature: 0, greedy (req), max_tokens: 256 (req),
                       min_tokens: 256 (req)
22:44:13.893 INFO:     #437 chat/completions (stream): 256 tokens generated at
                       238.2 T/s · prompt 121 tokens, none cached, 121 new in
                       0.10 s · first token 0.11 s, total 1.18 s · draft 178/234
                       accepted (76%) · max_tokens reached
22:44:13.926 INFO:     #439 chat/completions (stream): 728 prompt tokens ·
                       temperature: 0, greedy (req), max_tokens: 256 (req),
                       min_tokens: 256 (req)
22:44:14.738 INFO:     #438 chat/completions (stream): 256 tokens generated at
                       198.9 T/s · prompt 88 tokens, none cached, 88 new in 0.09
                       s · first token 0.10 s, total 1.38 s · draft 173/249
                       accepted (69%) · max_tokens reached
22:44:14.773 INFO:     #440 chat/completions (stream): 749 prompt tokens ·
                       temperature: 0, greedy (req), max_tokens: 256 (req),
                       min_tokens: 256 (req)
22:44:15.643 INFO:     #439 chat/completions (stream): 256 tokens generated at
                       182.4 T/s · prompt 728 tokens, none cached, 728 new in
                       0.27 s (2,696 T/s) · first token 0.28 s, total 1.68 s ·
                       draft 165/273 accepted (60%) · max_tokens reached
22:44:15.675 INFO:     #441 chat/completions (stream): 89 prompt tokens ·
                       temperature: 0, greedy (req), max_tokens: 256 (req),
                       min_tokens: 256 (req)
22:44:16.233 INFO:     #440 chat/completions (stream): 256 tokens generated at
                       222.8 T/s · prompt 749 tokens, none cached, 749 new in
                       0.26 s (2,881 T/s) · first token 0.27 s, total 1.41 s ·
                       draft 173/249 accepted (69%) · max_tokens reached
22:44:16.267 INFO:     #442 chat/completions (stream): 341 prompt tokens ·
                       temperature: 0, greedy (req), max_tokens: 256 (req),
                       min_tokens: 256 (req)
22:44:17.146 INFO:     #441 chat/completions (stream): 256 tokens generated at
                       191.4 T/s · prompt 89 tokens, none cached, 89 new in 0.09
                       s · first token 0.10 s, total 1.43 s · draft 166/270
                       accepted (61%) · max_tokens reached
22:44:17.181 INFO:     #444 chat/completions (stream): 66 prompt tokens ·
                       temperature: 0, greedy (req), max_tokens: 256 (req),
                       min_tokens: 256 (req)
22:44:17.797 INFO:     #442 chat/completions (stream): 256 tokens generated at
                       202.2 T/s · prompt 341 tokens, none cached, 341 new in
                       0.22 s (1,550 T/s) · first token 0.23 s, total 1.49 s ·
                       draft 161/285 accepted (56%) · max_tokens reached
22:44:17.829 INFO:     #445 chat/completions (stream): 63 prompt tokens ·
                       temperature: 0, greedy (req), max_tokens: 256 (req),
                       min_tokens: 256 (req)
22:44:18.528 INFO:     #444 chat/completions (stream): 256 tokens generated at
                       208.7 T/s · prompt 66 tokens, none cached, 66 new in 0.07
                       s · first token 0.08 s, total 1.30 s · draft 164/276
                       accepted (59%) · max_tokens reached
22:44:18.560 INFO:     #446 chat/completions (stream): 74 prompt tokens ·
                       temperature: 0, greedy (req), max_tokens: 256 (req),
                       min_tokens: 256 (req)
22:44:19.035 INFO:     #445 chat/completions (stream): 256 tokens generated at
                       235.4 T/s · prompt 63 tokens, none cached, 63 new in 0.07
                       s · first token 0.08 s, total 1.16 s · draft 175/243
                       accepted (72%) · max_tokens reached
22:44:19.068 INFO:     #447 chat/completions (stream): 107 prompt tokens ·
                       temperature: 0, greedy (req), max_tokens: 256 (req),
                       min_tokens: 256 (req)
22:44:20.069 INFO:     #446 chat/completions (stream): 256 tokens generated at
                       184.9 T/s · prompt 74 tokens, none cached, 74 new in 0.08
                       s · first token 0.09 s, total 1.47 s · draft 154/306
                       accepted (50%) · max_tokens reached
22:44:20.101 INFO:     #448 chat/completions (stream): 165 prompt tokens ·
                       temperature: 0, greedy (req), max_tokens: 256 (req),
                       min_tokens: 256 (req)
22:44:20.305 INFO:     #447 chat/completions (stream): 256 tokens generated at
                       233.6 T/s · prompt 107 tokens, none cached, 107 new in
                       0.09 s · first token 0.10 s, total 1.19 s · draft 177/237
                       accepted (75%) · max_tokens reached
22:44:20.340 INFO:     #449 chat/completions (stream): 780 prompt tokens ·
                       temperature: 0, greedy (req), max_tokens: 256 (req),
                       min_tokens: 256 (req)
22:44:21.473 INFO:     #448 chat/completions (stream): 256 tokens generated at
                       207.9 T/s · prompt 165 tokens, none cached, 165 new in
                       0.09 s · first token 0.10 s, total 1.33 s · draft 175/243
                       accepted (72%) · max_tokens reached
22:44:21.505 INFO:     #450 chat/completions (stream): 79 prompt tokens ·
                       temperature: 0, greedy (req), max_tokens: 256 (req),
                       min_tokens: 256 (req)
22:44:21.772 INFO:     #449 chat/completions (stream): 256 tokens generated at
                       220.0 T/s · prompt 780 tokens, none cached, 780 new in
                       0.22 s (3,545 T/s) · first token 0.23 s, total 1.39 s ·
                       draft 170/258 accepted (66%) · max_tokens reached
22:44:21.807 INFO:     #451 chat/completions (stream): 1,083 prompt tokens ·
                       temperature: 0, greedy (req), max_tokens: 256 (req),
                       min_tokens: 256 (req)
22:44:22.832 INFO:     #450 chat/completions (stream): 256 tokens generated at
                       213.4 T/s · prompt 79 tokens, none cached, 79 new in 0.08
                       s · first token 0.09 s, total 1.29 s · draft 184/216
                       accepted (85%) · max_tokens reached
22:44:22.864 INFO:     #452 chat/completions (stream): 82 prompt tokens ·
                       temperature: 0, greedy (req), max_tokens: 256 (req),
                       min_tokens: 256 (req)
22:44:23.437 INFO:     #451 chat/completions (stream): 256 tokens generated at
                       201.5 T/s · prompt 1,083 tokens, none cached, 1,083 new
                       in 0.31 s (3,494 T/s) · first token 0.32 s, total 1.59 s
                       · draft 162/282 accepted (57%) · max_tokens reached
22:44:23.469 INFO:     #453 chat/completions (stream): 91 prompt tokens ·
                       temperature: 0, greedy (req), max_tokens: 256 (req),
                       min_tokens: 256 (req)
22:44:23.947 INFO:     #452 chat/completions (stream): 256 tokens generated at
                       268.9 T/s · prompt 82 tokens, none cached, 82 new in 0.08
                       s · first token 0.09 s, total 1.04 s · draft 187/207
                       accepted (90%) · max_tokens reached
22:44:23.978 INFO:     #454 chat/completions (stream): 82 prompt tokens ·
                       temperature: 0, greedy (req), max_tokens: 256 (req),
                       min_tokens: 256 (req)
22:44:24.772 INFO:     #453 chat/completions (stream): 256 tokens generated at
                       218.5 T/s · prompt 91 tokens, none cached, 91 new in 0.09
                       s · first token 0.10 s, total 1.27 s · draft 169/261
                       accepted (65%) · max_tokens reached
22:44:24.804 INFO:     #455 chat/completions (stream): 70 prompt tokens ·
                       temperature: 0, greedy (req), max_tokens: 256 (req),
                       min_tokens: 256 (req)
22:44:25.544 INFO:     #454 chat/completions (stream): 256 tokens generated at
                       178.1 T/s · prompt 82 tokens, none cached, 82 new in 0.08
                       s · first token 0.09 s, total 1.52 s · draft 148/324
                       accepted (46%) · max_tokens reached
22:44:25.578 INFO:     #456 chat/completions (stream): 816 prompt tokens ·
                       temperature: 0, greedy (req), max_tokens: 256 (req),
                       min_tokens: 256 (req)
22:44:26.221 INFO:     #455 chat/completions (stream): 256 tokens generated at
                       199.2 T/s · prompt 70 tokens, none cached, 70 new in 0.08
                       s · first token 0.09 s, total 1.37 s · draft 172/252
                       accepted (68%) · max_tokens reached
22:44:26.255 INFO:     #457 chat/completions (stream): 103 prompt tokens ·
                       temperature: 0, greedy (req), max_tokens: 256 (req),
                       min_tokens: 256 (req)
22:44:26.923 INFO:     #456 chat/completions (stream): 256 tokens generated at
                       244.9 T/s · prompt 816 tokens, none cached, 816 new in
                       0.25 s (3,264 T/s) · first token 0.26 s, total 1.30 s ·
                       draft 180/228 accepted (79%) · max_tokens reached
22:44:26.955 INFO:     #458 chat/completions (stream): 96 prompt tokens ·
                       temperature: 0, greedy (req), max_tokens: 256 (req),
                       min_tokens: 256 (req)
22:44:27.372 INFO:     #457 chat/completions (stream): 256 tokens generated at
                       261.9 T/s · prompt 103 tokens, none cached, 103 new in
                       0.09 s · first token 0.10 s, total 1.07 s · draft 185/213
                       accepted (87%) · max_tokens reached
22:44:27.405 INFO:     #459 chat/completions (stream): 64 prompt tokens ·
                       temperature: 0, greedy (req), max_tokens: 256 (req),
                       min_tokens: 256 (req)
22:44:28.170 INFO:     #458 chat/completions (stream): 256 tokens generated at
                       237.0 T/s · prompt 96 tokens, none cached, 96 new in 0.09
                       s · first token 0.10 s, total 1.18 s · draft 176/240
                       accepted (73%) · max_tokens reached
22:44:28.207 INFO:     #460 chat/completions (stream): 494 prompt tokens ·
                       temperature: 0, greedy (req), max_tokens: 256 (req),
                       min_tokens: 256 (req)
22:44:29.019 INFO:     #459 chat/completions (stream): 256 tokens generated at
                       171.2 T/s · prompt 64 tokens, none cached, 64 new in 0.07
                       s · first token 0.08 s, total 1.57 s · draft 156/300
                       accepted (52%) · max_tokens reached
22:44:29.053 INFO:     #461 chat/completions (stream): 814 prompt tokens ·
                       temperature: 0, greedy (req), max_tokens: 256 (req),
                       min_tokens: 256 (req)
22:44:29.998 INFO:     #460 chat/completions (stream): 256 tokens generated at
                       171.1 T/s · prompt 494 tokens, none cached, 494 new in
                       0.25 s (1,976 T/s) · first token 0.26 s, total 1.75 s ·
                       draft 156/300 accepted (52%) · max_tokens reached
22:44:30.030 INFO:     #462 chat/completions (stream): 64 prompt tokens ·
                       temperature: 0, greedy (req), max_tokens: 256 (req),
                       min_tokens: 256 (req)
22:44:30.474 INFO:     #461 chat/completions (stream): 256 tokens generated at
                       229.0 T/s · prompt 814 tokens, none cached, 814 new in
                       0.26 s (3,131 T/s) · first token 0.27 s, total 1.38 s ·
                       draft 172/252 accepted (68%) · max_tokens reached
22:44:30.506 INFO:     #463 chat/completions (stream): 82 prompt tokens ·
                       temperature: 0, greedy (req), max_tokens: 256 (req),
                       min_tokens: 256 (req)
22:44:31.313 INFO:     #462 chat/completions (stream): 256 tokens generated at
                       219.8 T/s · prompt 64 tokens, none cached, 64 new in 0.07
                       s · first token 0.08 s, total 1.24 s · draft 169/261
                       accepted (65%) · max_tokens reached
22:44:31.346 INFO:     #464 chat/completions (stream): 97 prompt tokens ·
                       temperature: 0, greedy (req), max_tokens: 256 (req),
                       min_tokens: 256 (req)
22:44:31.835 INFO:     #463 chat/completions (stream): 256 tokens generated at
                       213.6 T/s · prompt 82 tokens, none cached, 82 new in 0.08
                       s · first token 0.09 s, total 1.28 s · draft 167/267
                       accepted (63%) · max_tokens reached
22:44:31.867 INFO:     #465 chat/completions (stream): 64 prompt tokens ·
                       temperature: 0, greedy (req), max_tokens: 256 (req),
                       min_tokens: 256 (req)
22:44:32.505 INFO:     #464 chat/completions (stream): 256 tokens generated at
                       250.2 T/s · prompt 97 tokens, none cached, 97 new in 0.09
                       s · first token 0.10 s, total 1.12 s · draft 180/228
                       accepted (79%) · max_tokens reached
22:44:32.539 INFO:     #467 chat/completions (stream): 684 prompt tokens ·
                       temperature: 0, greedy (req), max_tokens: 256 (req),
                       min_tokens: 256 (req)
22:44:33.701 INFO:     #465 chat/completions (stream): 256 tokens generated at
                       149.2 T/s · prompt 64 tokens, none cached, 64 new in 0.07
                       s · first token 0.08 s, total 1.79 s · draft 140/348
                       accepted (40%) · max_tokens reached
22:44:33.734 INFO:     #468 chat/completions (stream): 704 prompt tokens ·
                       temperature: 0, greedy (req), max_tokens: 256 (req),
                       min_tokens: 256 (req)
22:44:34.292 INFO:     #467 chat/completions (stream): 256 tokens generated at
                       176.6 T/s · prompt 684 tokens, none cached, 684 new in
                       0.26 s (2,631 T/s) · first token 0.27 s, total 1.72 s ·
                       draft 163/279 accepted (58%) · max_tokens reached
22:44:34.326 INFO:     #469 chat/completions (stream): 583 prompt tokens ·
                       temperature: 0, greedy (req), max_tokens: 256 (req),
                       min_tokens: 256 (req)
22:44:35.599 INFO:     #468 chat/completions (stream): 256 tokens generated at
                       165.7 T/s · prompt 704 tokens, none cached, 704 new in
                       0.27 s (2,607 T/s) · first token 0.28 s, total 1.82 s ·
                       draft 155/303 accepted (51%) · max_tokens reached
22:44:35.631 INFO:     #470 chat/completions (stream): 255 prompt tokens ·
                       temperature: 0, greedy (req), max_tokens: 256 (req),
                       min_tokens: 256 (req)
22:44:35.935 INFO:     #469 chat/completions (stream): 256 tokens generated at
                       196.9 T/s · prompt 583 tokens, none cached, 583 new in
                       0.26 s (2,242 T/s) · first token 0.27 s, total 1.57 s ·
                       draft 163/279 accepted (58%) · max_tokens reached
22:44:35.967 INFO:     #471 chat/completions (stream): 61 prompt tokens ·
                       temperature: 0, greedy (req), max_tokens: 256 (req),
                       min_tokens: 256 (req)
22:44:37.004 INFO:     #470 chat/completions (stream): 256 tokens generated at
                       211.6 T/s · prompt 255 tokens, none cached, 255 new in
                       0.12 s · first token 0.13 s, total 1.34 s · draft 166/270
                       accepted (61%) · max_tokens reached
22:44:37.035 INFO:     #472 chat/completions (stream): 66 prompt tokens ·
                       temperature: 0, greedy (req), max_tokens: 256 (req),
                       min_tokens: 256 (req)
22:44:37.272 INFO:     #471 chat/completions (stream): 256 tokens generated at
                       215.5 T/s · prompt 61 tokens, none cached, 61 new in 0.07
                       s · first token 0.08 s, total 1.26 s · draft 169/261
                       accepted (65%) · max_tokens reached
22:44:37.306 INFO:     #473 chat/completions (stream): 479 prompt tokens ·
                       temperature: 0, greedy (req), max_tokens: 256 (req),
                       min_tokens: 256 (req)
22:44:38.376 INFO:     #472 chat/completions (stream): 256 tokens generated at
                       209.9 T/s · prompt 66 tokens, none cached, 66 new in 0.07
                       s · first token 0.08 s, total 1.30 s · draft 179/231
                       accepted (77%) · max_tokens reached
22:44:38.408 INFO:     #474 chat/completions (stream): 93 prompt tokens ·
                       temperature: 0, greedy (req), max_tokens: 256 (req),
                       min_tokens: 256 (req)
22:44:38.959 INFO:     #473 chat/completions (stream): 256 tokens generated at
                       188.1 T/s · prompt 479 tokens, none cached, 479 new in
                       0.25 s (1,916 T/s) · first token 0.26 s, total 1.62 s ·
                       draft 155/303 accepted (51%) · max_tokens reached
22:44:38.992 INFO:     #475 chat/completions (stream): 743 prompt tokens ·
                       temperature: 0, greedy (req), max_tokens: 256 (req),
                       min_tokens: 256 (req)
22:44:39.814 INFO:     #474 chat/completions (stream): 256 tokens generated at
                       201.4 T/s · prompt 93 tokens, none cached, 93 new in 0.09
                       s · first token 0.10 s, total 1.37 s · draft 175/243
                       accepted (72%) · max_tokens reached
22:44:39.848 INFO:     #476 chat/completions (stream): 82 prompt tokens ·
                       temperature: 0, greedy (req), max_tokens: 256 (req),
                       min_tokens: 256 (req)
22:44:40.540 INFO:     #475 chat/completions (stream): 256 tokens generated at
                       207.9 T/s · prompt 743 tokens, none cached, 743 new in
                       0.27 s (2,752 T/s) · first token 0.28 s, total 1.51 s ·
                       draft 165/273 accepted (60%) · max_tokens reached
22:44:40.572 INFO:     #477 chat/completions (stream): 124 prompt tokens ·
                       temperature: 0, greedy (req), max_tokens: 256 (req),
                       min_tokens: 256 (req)
22:44:41.092 INFO:     #476 chat/completions (stream): 256 tokens generated at
                       229.9 T/s · prompt 82 tokens, none cached, 82 new in 0.08
                       s · first token 0.09 s, total 1.20 s · draft 176/240
                       accepted (73%) · max_tokens reached
22:44:41.125 INFO:     #478 chat/completions (stream): 228 prompt tokens ·
                       temperature: 0, greedy (req), max_tokens: 256 (req),
                       min_tokens: 256 (req)
22:44:41.839 INFO:     #477 chat/completions (stream): 256 tokens generated at
                       229.0 T/s · prompt 124 tokens, none cached, 124 new in
                       0.10 s · first token 0.11 s, total 1.22 s · draft 176/240
                       accepted (73%) · max_tokens reached
22:44:41.871 INFO:     #479 chat/completions (stream): 69 prompt tokens ·
                       temperature: 0, greedy (req), max_tokens: 256 (req),
                       min_tokens: 256 (req)
22:44:42.451 INFO:     #478 chat/completions (stream): 256 tokens generated at
                       218.8 T/s · prompt 228 tokens, none cached, 228 new in
                       0.11 s · first token 0.12 s, total 1.29 s · draft 169/261
                       accepted (65%) · max_tokens reached
22:44:42.483 INFO:     #480 chat/completions (stream): 73 prompt tokens ·
                       temperature: 0, greedy (req), max_tokens: 256 (req),
                       min_tokens: 256 (req)
22:44:43.240 INFO:     #479 chat/completions (stream): 256 tokens generated at
                       206.3 T/s · prompt 69 tokens, none cached, 69 new in 0.08
                       s · first token 0.09 s, total 1.33 s · draft 165/273
                       accepted (60%) · max_tokens reached
22:44:43.275 INFO:     #481 chat/completions (stream): 66 prompt tokens ·
                       temperature: 0, greedy (req), max_tokens: 256 (req),
                       min_tokens: 256 (req)
22:44:44.105 INFO:     #480 chat/completions (stream): 256 tokens generated at
                       171.1 T/s · prompt 73 tokens, none cached, 73 new in 0.08
                       s · first token 0.09 s, total 1.58 s · draft 146/330
                       accepted (44%) · max_tokens reached
22:44:44.139 INFO:     #482 chat/completions (stream): 736 prompt tokens ·
                       temperature: 0, greedy (req), max_tokens: 256 (req),
                       min_tokens: 256 (req)
22:44:44.759 INFO:     #481 chat/completions (stream): 256 tokens generated at
                       188.8 T/s · prompt 66 tokens, none cached, 66 new in 0.08
                       s · first token 0.09 s, total 1.44 s · draft 170/258
                       accepted (66%) · max_tokens reached
22:44:44.791 INFO:     #483 chat/completions (stream): 106 prompt tokens ·
                       temperature: 0, greedy (req), max_tokens: 256 (req),
                       min_tokens: 256 (req)
22:44:45.605 INFO:     #482 chat/completions (stream): 256 tokens generated at
                       227.0 T/s · prompt 736 tokens, none cached, 736 new in
                       0.29 s (2,538 T/s) · first token 0.30 s, total 1.42 s ·
                       draft 173/249 accepted (69%) · max_tokens reached
22:44:45.637 INFO:     #484 chat/completions (stream): 63 prompt tokens ·
                       temperature: 0, greedy (req), max_tokens: 256 (req),
                       min_tokens: 256 (req)
22:44:45.974 INFO:     #483 chat/completions (stream): 256 tokens generated at
                       245.0 T/s · prompt 106 tokens, none cached, 106 new in
                       0.09 s · first token 0.10 s, total 1.14 s · draft 178/234
                       accepted (76%) · max_tokens reached
22:44:46.005 INFO:     #485 chat/completions (stream): 76 prompt tokens ·
                       temperature: 0, greedy (req), max_tokens: 256 (req),
                       min_tokens: 256 (req)
22:44:47.190 INFO:     #484 chat/completions (stream): 256 tokens generated at
                       178.5 T/s · prompt 63 tokens, none cached, 63 new in 0.07
                       s · first token 0.08 s, total 1.51 s · draft 148/324
                       accepted (46%) · max_tokens reached
22:44:47.233 INFO:     #487 chat/completions (stream): 833 prompt tokens ·
                       temperature: 0, greedy (req), max_tokens: 256 (req),
                       min_tokens: 256 (req)
22:44:47.534 INFO:     #485 chat/completions (stream): 256 tokens generated at
                       226.1 T/s · prompt 76 tokens, none cached, 76 new in 0.08
                       s · first token 0.09 s, total 1.22 s · draft 166/270
                       accepted (61%) · max_tokens reached
22:44:47.566 INFO:     #488 chat/completions (stream): 61 prompt tokens ·
                       temperature: 0, greedy (req), max_tokens: 256 (req),
                       min_tokens: 256 (req)
22:44:48.658 INFO:     #487 chat/completions (stream): 256 tokens generated at
                       229.7 T/s · prompt 833 tokens, none cached, 833 new in
                       0.26 s (3,204 T/s) · first token 0.27 s, total 1.38 s ·
                       draft 174/246 accepted (71%) · max_tokens reached
22:44:48.692 INFO:     #489 chat/completions (stream): 85 prompt tokens ·
                       temperature: 0, greedy (req), max_tokens: 256 (req),
                       min_tokens: 256 (req)
22:44:49.097 INFO:     #488 chat/completions (stream): 256 tokens generated at
                       181.3 T/s · prompt 61 tokens, none cached, 61 new in 0.07
                       s · first token 0.08 s, total 1.49 s · draft 151/315
                       accepted (48%) · max_tokens reached
22:44:49.129 INFO:     #490 chat/completions (stream): 100 prompt tokens ·
                       temperature: 0, greedy (req), max_tokens: 256 (req),
                       min_tokens: 256 (req)
22:44:50.052 INFO:     #489 chat/completions (stream): 256 tokens generated at
                       207.9 T/s · prompt 85 tokens, none cached, 85 new in 0.08
                       s · first token 0.09 s, total 1.32 s · draft 165/273
                       accepted (60%) · max_tokens reached
22:44:50.087 INFO:     #491 chat/completions (stream): 723 prompt tokens ·
                       temperature: 0, greedy (req), max_tokens: 256 (req),
                       min_tokens: 256 (req)
22:44:50.578 INFO:     #490 chat/completions (stream): 256 tokens generated at
                       195.3 T/s · prompt 100 tokens, none cached, 100 new in
                       0.09 s · first token 0.10 s, total 1.41 s · draft 172/252
                       accepted (68%) · max_tokens reached
22:44:50.611 INFO:     #492 chat/completions (stream): 120 prompt tokens ·
                       temperature: 0, greedy (req), max_tokens: 256 (req),
                       min_tokens: 256 (req)
22:44:51.503 INFO:     #491 chat/completions (stream): 256 tokens generated at
                       233.1 T/s · prompt 723 tokens, none cached, 723 new in
                       0.27 s (2,678 T/s) · first token 0.28 s, total 1.37 s ·
                       draft 176/240 accepted (73%) · max_tokens reached
22:44:51.536 INFO:     #493 chat/completions (stream): 66 prompt tokens ·
                       temperature: 0, greedy (req), max_tokens: 256 (req),
                       min_tokens: 256 (req)
22:44:51.905 INFO:     #492 chat/completions (stream): 256 tokens generated at
                       223.5 T/s · prompt 120 tokens, none cached, 120 new in
                       0.10 s · first token 0.11 s, total 1.25 s · draft 170/258
                       accepted (66%) · max_tokens reached
22:44:51.937 INFO:     #494 chat/completions (stream): 68 prompt tokens ·
                       temperature: 0, greedy (req), max_tokens: 256 (req),
                       min_tokens: 256 (req)
22:44:53.098 INFO:     #493 chat/completions (stream): 256 tokens generated at
                       177.7 T/s · prompt 66 tokens, none cached, 66 new in 0.07
                       s · first token 0.08 s, total 1.52 s · draft 147/327
                       accepted (45%) · max_tokens reached
22:44:53.131 INFO:     #495 chat/completions (stream): 70 prompt tokens ·
                       temperature: 0, greedy (req), max_tokens: 256 (req),
                       min_tokens: 256 (req)
22:44:53.292 INFO:     #494 chat/completions (stream): 256 tokens generated at
                       207.3 T/s · prompt 68 tokens, none cached, 68 new in 0.07
                       s · first token 0.08 s, total 1.31 s · draft 164/276
                       accepted (59%) · max_tokens reached
22:44:53.325 INFO:     #496 chat/completions (stream): 737 prompt tokens ·
                       temperature: 0, greedy (req), max_tokens: 256 (req),
                       min_tokens: 256 (req)
22:44:54.674 INFO:     #495 chat/completions (stream): 256 tokens generated at
                       180.5 T/s · prompt 70 tokens, none cached, 70 new in 0.08
                       s · first token 0.09 s, total 1.50 s · draft 165/273
                       accepted (60%) · max_tokens reached
22:44:54.715 INFO:     #497 chat/completions (stream): 61 prompt tokens ·
                       temperature: 0, greedy (req), max_tokens: 256 (req),
                       min_tokens: 256 (req)
22:44:54.831 INFO:     #496 chat/completions (stream): 256 tokens generated at
                       232.2 T/s · prompt 737 tokens, none cached, 737 new in
                       0.27 s (2,730 T/s) · first token 0.28 s, total 1.38 s ·
                       draft 169/261 accepted (65%) · max_tokens reached
22:44:54.865 INFO:     #498 chat/completions (stream): 1,015 prompt tokens ·
                       temperature: 0, greedy (req), max_tokens: 256 (req),
                       min_tokens: 256 (req)
22:44:56.314 INFO:     #497 chat/completions (stream): 256 tokens generated at
                       169.8 T/s · prompt 61 tokens, none cached, 61 new in 0.07
                       s · first token 0.08 s, total 1.58 s · draft 160/288
                       accepted (56%) · max_tokens reached
22:44:56.315 INFO:     #498 chat/completions (stream): 256 tokens generated at
                       227.5 T/s · prompt 1,015 tokens, none cached, 1,015 new
                       in 0.31 s (3,274 T/s) · first token 0.32 s, total 1.44 s
                       · draft 167/267 accepted (63%) · max_tokens reached
22:44:56.318 INFO:     #499 chat/completions (stream): 62 prompt tokens ·
                       temperature: 0, greedy (req), max_tokens: 256 (req),
                       min_tokens: 256 (req)
22:44:56.319 INFO:     #500 chat/completions (stream): 84 prompt tokens ·
                       temperature: 0, greedy (req), max_tokens: 256 (req),
                       min_tokens: 256 (req)
22:44:57.506 INFO:     #500 chat/completions (stream): 256 tokens generated at
                       260.7 T/s · prompt 84 tokens, none cached, 84 new in 0.08
                       s · first token 0.16 s, total 1.14 s · draft 177/237
                       accepted (75%) · max_tokens reached
22:44:57.540 INFO:     #501 chat/completions (stream): 783 prompt tokens ·
                       temperature: 0, greedy (req), max_tokens: 256 (req),
                       min_tokens: 256 (req)
22:44:58.116 INFO:     #499 chat/completions (stream): 256 tokens generated at
                       160.9 T/s · prompt 62 tokens, none cached, 62 new in 0.15
                       s · first token 0.16 s, total 1.75 s · draft 145/333
                       accepted (44%) · max_tokens reached
22:44:58.150 INFO:     #502 chat/completions (stream): 766 prompt tokens ·
                       temperature: 0, greedy (req), max_tokens: 256 (req),
                       min_tokens: 256 (req)
22:44:59.128 INFO:     #501 chat/completions (stream): 256 tokens generated at
                       194.9 T/s · prompt 783 tokens, none cached, 783 new in
                       0.23 s (3,404 T/s) · first token 0.24 s, total 1.55 s ·
                       draft 174/246 accepted (71%) · max_tokens reached
22:44:59.164 INFO:     #503 chat/completions (stream): 1,490 prompt tokens ·
                       temperature: 0, greedy (req), max_tokens: 256 (req),
                       min_tokens: 256 (req)
22:44:59.991 INFO:     #502 chat/completions (stream): 256 tokens generated at
                       171.8 T/s · prompt 766 tokens, none cached, 766 new in
                       0.30 s (2,553 T/s) · first token 0.31 s, total 1.80 s ·
                       draft 168/264 accepted (64%) · max_tokens reached
22:45:00.023 INFO:     #504 chat/completions (stream): 61 prompt tokens ·
                       temperature: 0, greedy (req), max_tokens: 256 (req),
                       min_tokens: 256 (req)
22:45:00.909 INFO:     #503 chat/completions (stream): 256 tokens generated at
                       197.4 T/s · prompt 1,490 tokens, none cached, 1,490 new
                       in 0.40 s (3,725 T/s) · first token 0.41 s, total 1.70 s
                       · draft 159/291 accepted (55%) · max_tokens reached
22:45:00.942 INFO:     #505 chat/completions (stream): 65 prompt tokens ·
                       temperature: 0, greedy (req), max_tokens: 256 (req),
                       min_tokens: 256 (req)
22:45:01.399 INFO:     #504 chat/completions (stream): 256 tokens generated at
                       203.2 T/s · prompt 61 tokens, none cached, 61 new in 0.07
                       s · first token 0.08 s, total 1.34 s · draft 163/279
                       accepted (58%) · max_tokens reached
22:45:01.432 INFO:     #506 chat/completions (stream): 89 prompt tokens ·
                       temperature: 0, greedy (req), max_tokens: 256 (req),
                       min_tokens: 256 (req)
22:45:02.303 INFO:     #505 chat/completions (stream): 256 tokens generated at
                       206.2 T/s · prompt 65 tokens, none cached, 65 new in 0.07
                       s · first token 0.08 s, total 1.32 s · draft 165/273
                       accepted (60%) · max_tokens reached
22:45:02.335 INFO:     #508 chat/completions (stream): 90 prompt tokens ·
                       temperature: 0, greedy (req), max_tokens: 256 (req),
                       min_tokens: 256 (req)
22:45:02.742 INFO:     #506 chat/completions (stream): 256 tokens generated at
                       217.5 T/s · prompt 89 tokens, none cached, 89 new in 0.09
                       s · first token 0.10 s, total 1.27 s · draft 169/261
                       accepted (65%) · max_tokens reached
22:45:02.777 INFO:     #509 chat/completions (stream): 875 prompt tokens ·
                       temperature: 0, greedy (req), max_tokens: 256 (req),
                       min_tokens: 256 (req)
22:45:03.969 INFO:     #508 chat/completions (stream): 256 tokens generated at
                       170.6 T/s · prompt 90 tokens, none cached, 90 new in 0.09
                       s · first token 0.10 s, total 1.60 s · draft 159/291
                       accepted (55%) · max_tokens reached
22:45:04.004 INFO:     #510 chat/completions (stream): 749 prompt tokens ·
                       temperature: 0, greedy (req), max_tokens: 256 (req),
                       min_tokens: 256 (req)
22:45:04.575 INFO:     #509 chat/completions (stream): 256 tokens generated at
                       175.2 T/s · prompt 875 tokens, none cached, 875 new in
                       0.29 s (3,017 T/s) · first token 0.30 s, total 1.76 s ·
                       draft 164/276 accepted (59%) · max_tokens reached
22:45:04.607 INFO:     #511 chat/completions (stream): 94 prompt tokens ·
                       temperature: 0, greedy (req), max_tokens: 256 (req),
                       min_tokens: 256 (req)
22:45:05.475 INFO:     #510 chat/completions (stream): 256 tokens generated at
                       229.1 T/s · prompt 749 tokens, none cached, 749 new in
                       0.31 s (2,416 T/s) · first token 0.32 s, total 1.43 s ·
                       draft 174/246 accepted (71%) · max_tokens reached
22:45:05.510 INFO:     #512 chat/completions (stream): 1,065 prompt tokens ·
                       temperature: 0, greedy (req), max_tokens: 256 (req),
                       min_tokens: 256 (req)
22:45:05.946 INFO:     #511 chat/completions (stream): 256 tokens generated at
                       213.0 T/s · prompt 94 tokens, none cached, 94 new in 0.09
                       s · first token 0.10 s, total 1.30 s · draft 182/222
                       accepted (82%) · max_tokens reached
22:45:05.980 INFO:     #513 chat/completions (stream): 761 prompt tokens ·
                       temperature: 0, greedy (req), max_tokens: 256 (req),
                       min_tokens: 256 (req)
22:45:07.174 INFO:     #512 chat/completions (stream): 256 tokens generated at
                       192.8 T/s · prompt 1,065 tokens, none cached, 1,065 new
                       in 0.29 s (3,672 T/s) · first token 0.30 s, total 1.62 s
                       · draft 172/252 accepted (68%) · max_tokens reached
22:45:07.249 INFO:     #513 chat/completions (stream): 256 tokens generated at
                       262.2 T/s · prompt 761 tokens, none cached, 761 new in
                       0.28 s (2,718 T/s) · first token 0.29 s, total 1.26 s ·
                       draft 177/237 accepted (75%) · max_tokens reached
