22:29:51.091 INFO:     Sampler preset "qwen38_thinking": temperature 0.6, top_k
                       20, top_p 0.95
22:29:51.128 INFO:     exllamav3 version: 1.5.0
22:29:52.591 INFO:     Using main model MTP component for drafting
22:29:52.611 INFO:     Context: max_seq_len 262,144 tokens (configured),
                       cache_size 983,040 tokens
22:29:52.667 INFO:     Using tool format: qwen3_coder
22:29:52.668 INFO:     Using template "chat_template" for chat completions.
22:29:54.708 INFO:     Loading model
                       /models/qwen3.8-flash-next-exl3-2.50bpw-r0b0tlab (manual
                       GPU split)
Loading vision modules ━━━━━━━━━━━━━━━━━━━━━━━━━━━━━━━━━━━━━━ 100% 30/30 0:00:00
Loading draft modules  ━━━━━━━━━━━━━━━━━━━━━━━━━━━━━━━━━━━━━━ 100% 3/3   0:00:00
Loading model modules  ━━━━━━━━━━━━━━━━━━━━━━━━━━━━━━━━━━━━━━ 100% 53/53 0:00:00
EXL3_EMBED_GPU_PRUNED=1: embedding mirror 65536 of 248320 rows (320.0 MiB, prefix) on cuda:1
22:30:02.191 INFO:     Model loaded in 9.5 s

22:30:02.192 WARNING:  Disabling authentication makes your instance vulnerable.
                       Set the `disable_auth` flag to False in config.yml if you
                       want to share this instance with others.
22:30:02.192 WARNING:  With authentication disabled and `allowed_origins` left
                       at ["*"], any website open in a browser on this machine
                       can send requests to this instance and read the
                       responses, including admin endpoints. Set
                       `network.allowed_origins` to your own frontends (or [])
                       unless you use a browser-based frontend that needs it.
22:30:02.193 INFO:     Serving OAI API on http://0.0.0.0:8022 (docs at
                       http://0.0.0.0:8022/redoc)
22:30:03.914 INFO:     #3 completions: 3 prompt tokens · temperature: 0, greedy
                       (req), max_tokens: 16 (req)
densegemm lcguard: device 1: dense calls on the QSA side branch use the side scratch (hctr upper half, side slots)
densegemm lcguard: device 0: dense calls on the QSA side branch use the side scratch (hctr upper half, side slots)
22:30:04.313 INFO:     #3 completions: 16 tokens generated at 104.1 T/s · prompt
                       3 tokens, none cached, 3 new in 0.23 s · first token 0.24
                       s, total 0.39 s · draft 8/24 accepted (33%) · max_tokens
                       reached
22:30:04.538 INFO:     #5 chat/completions: 73 prompt tokens · temperature: 0,
                       greedy (req), max_tokens: 64 (req), min_tokens: 64 (req)
22:30:04.886 INFO:     #5 chat/completions: 64 tokens generated at 280.3 T/s ·
                       prompt 73 tokens, none cached, 73 new in 0.11 s · first
                       token 0.12 s, total 0.34 s · draft 42/66 accepted (64%) ·
                       max_tokens reached
22:30:15.690 INFO:     #8 chat/completions (stream): 92 prompt tokens ·
                       temperature: 0, greedy (req), max_tokens: 256 (req),
                       min_tokens: 256 (req)
22:30:16.662 INFO:     #8 chat/completions (stream): 256 tokens generated at
                       295.5 T/s · prompt 92 tokens, none cached, 92 new in 0.10
                       s · first token 0.11 s, total 0.97 s · draft 173/249
                       accepted (69%) · max_tokens reached
22:30:16.666 INFO:     #9 chat/completions (stream): 511 prompt tokens ·
                       temperature: 0, greedy (req), max_tokens: 256 (req),
                       min_tokens: 256 (req)
22:30:17.915 INFO:     #9 chat/completions (stream): 256 tokens generated at
                       265.0 T/s · prompt 511 tokens, none cached, 511 new in
                       0.28 s (1,825 T/s) · first token 0.29 s, total 1.25 s ·
                       draft 162/282 accepted (57%) · max_tokens reached
22:30:17.917 INFO:     #11 chat/completions (stream): 74 prompt tokens ·
                       temperature: 0, greedy (req), max_tokens: 256 (req),
                       min_tokens: 256 (req)
22:30:19.031 INFO:     #11 chat/completions (stream): 256 tokens generated at
                       249.5 T/s · prompt 74 tokens, none cached, 74 new in 0.08
                       s · first token 0.09 s, total 1.11 s · draft 156/300
                       accepted (52%) · max_tokens reached
22:30:19.033 INFO:     #12 chat/completions (stream): 87 prompt tokens ·
                       temperature: 0, greedy (req), max_tokens: 256 (req),
                       min_tokens: 256 (req)
22:30:20.106 INFO:     #12 chat/completions (stream): 256 tokens generated at
                       261.6 T/s · prompt 87 tokens, none cached, 87 new in 0.09
                       s · first token 0.10 s, total 1.07 s · draft 164/276
                       accepted (59%) · max_tokens reached
22:30:20.108 INFO:     #13 chat/completions (stream): 105 prompt tokens ·
                       temperature: 0, greedy (req), max_tokens: 256 (req),
                       min_tokens: 256 (req)
22:30:20.974 INFO:     #13 chat/completions (stream): 256 tokens generated at
                       335.5 T/s · prompt 105 tokens, none cached, 105 new in
                       0.10 s · first token 0.11 s, total 0.87 s · draft 181/225
                       accepted (80%) · max_tokens reached
22:30:20.977 INFO:     #14 chat/completions (stream): 121 prompt tokens ·
                       temperature: 0, greedy (req), max_tokens: 256 (req),
                       min_tokens: 256 (req)
22:30:21.954 INFO:     #14 chat/completions (stream): 256 tokens generated at
                       295.2 T/s · prompt 121 tokens, none cached, 121 new in
                       0.10 s · first token 0.11 s, total 0.97 s · draft 172/252
                       accepted (68%) · max_tokens reached
22:30:21.956 INFO:     #15 chat/completions (stream): 74 prompt tokens ·
                       temperature: 0, greedy (req), max_tokens: 256 (req),
                       min_tokens: 256 (req)
22:30:22.970 INFO:     #15 chat/completions (stream): 256 tokens generated at
                       275.7 T/s · prompt 74 tokens, none cached, 74 new in 0.08
                       s · first token 0.09 s, total 1.01 s · draft 166/270
                       accepted (61%) · max_tokens reached
22:30:22.973 INFO:     #16 chat/completions (stream): 78 prompt tokens ·
                       temperature: 0, greedy (req), max_tokens: 256 (req),
                       min_tokens: 256 (req)
22:30:24.002 INFO:     #16 chat/completions (stream): 256 tokens generated at
                       272.3 T/s · prompt 78 tokens, none cached, 78 new in 0.08
                       s · first token 0.09 s, total 1.03 s · draft 164/276
                       accepted (59%) · max_tokens reached
22:30:24.004 INFO:     #17 chat/completions (stream): 62 prompt tokens ·
                       temperature: 0, greedy (req), max_tokens: 256 (req),
                       min_tokens: 256 (req)
22:30:25.065 INFO:     #17 chat/completions (stream): 256 tokens generated at
                       262.4 T/s · prompt 62 tokens, none cached, 62 new in 0.07
                       s · first token 0.08 s, total 1.05 s · draft 161/285
                       accepted (56%) · max_tokens reached
22:30:25.067 INFO:     #18 chat/completions (stream): 64 prompt tokens ·
                       temperature: 0, greedy (req), max_tokens: 256 (req),
                       min_tokens: 256 (req)
22:30:26.191 INFO:     #18 chat/completions (stream): 256 tokens generated at
                       245.1 T/s · prompt 64 tokens, none cached, 64 new in 0.07
                       s · first token 0.08 s, total 1.12 s · draft 153/309
                       accepted (50%) · max_tokens reached
22:30:26.193 INFO:     #19 chat/completions (stream): 89 prompt tokens ·
                       temperature: 0, greedy (req), max_tokens: 256 (req),
                       min_tokens: 256 (req)
22:30:27.052 INFO:     #19 chat/completions (stream): 256 tokens generated at
                       334.2 T/s · prompt 89 tokens, none cached, 89 new in 0.09
                       s · first token 0.10 s, total 0.86 s · draft 180/228
                       accepted (79%) · max_tokens reached
22:30:27.054 INFO:     #20 chat/completions (stream): 109 prompt tokens ·
                       temperature: 0, greedy (req), max_tokens: 256 (req),
                       min_tokens: 256 (req)
22:30:28.038 INFO:     #20 chat/completions (stream): 256 tokens generated at
                       290.2 T/s · prompt 109 tokens, none cached, 109 new in
                       0.09 s · first token 0.10 s, total 0.98 s · draft 170/258
                       accepted (66%) · max_tokens reached
22:30:28.042 INFO:     #21 chat/completions (stream): 829 prompt tokens ·
                       temperature: 0, greedy (req), max_tokens: 256 (req),
                       min_tokens: 256 (req)
22:30:29.209 INFO:     #21 chat/completions (stream): 256 tokens generated at
                       290.7 T/s · prompt 829 tokens, none cached, 829 new in
                       0.28 s (2,961 T/s) · first token 0.29 s, total 1.17 s ·
                       draft 171/255 accepted (67%) · max_tokens reached
22:30:29.211 INFO:     #22 chat/completions (stream): 67 prompt tokens ·
                       temperature: 0, greedy (req), max_tokens: 256 (req),
                       min_tokens: 256 (req)
22:30:30.115 INFO:     #22 chat/completions (stream): 256 tokens generated at
                       312.3 T/s · prompt 67 tokens, none cached, 67 new in 0.08
                       s · first token 0.09 s, total 0.91 s · draft 175/243
                       accepted (72%) · max_tokens reached
22:30:30.117 INFO:     #23 chat/completions (stream): 201 prompt tokens ·
                       temperature: 0, greedy (req), max_tokens: 256 (req),
                       min_tokens: 256 (req)
22:30:31.074 INFO:     #23 chat/completions (stream): 256 tokens generated at
                       303.3 T/s · prompt 201 tokens, none cached, 201 new in
                       0.11 s · first token 0.12 s, total 0.96 s · draft 174/246
                       accepted (71%) · max_tokens reached
22:30:31.076 INFO:     #24 chat/completions (stream): 88 prompt tokens ·
                       temperature: 0, greedy (req), max_tokens: 256 (req),
                       min_tokens: 256 (req)
22:30:32.210 INFO:     #24 chat/completions (stream): 256 tokens generated at
                       245.6 T/s · prompt 88 tokens, none cached, 88 new in 0.09
                       s · first token 0.10 s, total 1.14 s · draft 153/309
                       accepted (50%) · max_tokens reached
22:30:32.212 INFO:     #26 chat/completions (stream): 84 prompt tokens ·
                       temperature: 0, greedy (req), max_tokens: 256 (req),
                       min_tokens: 256 (req)
22:30:33.235 INFO:     #26 chat/completions (stream): 256 tokens generated at
                       275.5 T/s · prompt 84 tokens, none cached, 84 new in 0.09
                       s · first token 0.10 s, total 1.02 s · draft 166/270
                       accepted (61%) · max_tokens reached
22:30:33.239 INFO:     #27 chat/completions (stream): 735 prompt tokens ·
                       temperature: 0, greedy (req), max_tokens: 256 (req),
                       min_tokens: 256 (req)
22:30:34.334 INFO:     #27 chat/completions (stream): 256 tokens generated at
                       316.3 T/s · prompt 735 tokens, none cached, 735 new in
                       0.28 s (2,625 T/s) · first token 0.29 s, total 1.09 s ·
                       draft 178/234 accepted (76%) · max_tokens reached
22:30:34.336 INFO:     #28 chat/completions (stream): 72 prompt tokens ·
                       temperature: 0, greedy (req), max_tokens: 256 (req),
                       min_tokens: 256 (req)
22:30:35.531 INFO:     #28 chat/completions (stream): 256 tokens generated at
                       231.1 T/s · prompt 72 tokens, none cached, 72 new in 0.08
                       s · first token 0.09 s, total 1.19 s · draft 148/324
                       accepted (46%) · max_tokens reached
22:30:35.536 INFO:     #29 chat/completions (stream): 1,231 prompt tokens ·
                       temperature: 0, greedy (req), max_tokens: 256 (req),
                       min_tokens: 256 (req)
22:30:36.838 INFO:     #29 chat/completions (stream): 256 tokens generated at
                       272.8 T/s · prompt 1,231 tokens, none cached, 1,231 new
                       in 0.36 s (3,419 T/s) · first token 0.37 s, total 1.30 s
                       · draft 165/273 accepted (60%) · max_tokens reached
22:30:36.841 INFO:     #30 chat/completions (stream): 134 prompt tokens ·
                       temperature: 0, greedy (req), max_tokens: 256 (req),
                       min_tokens: 256 (req)
22:30:37.717 INFO:     #30 chat/completions (stream): 256 tokens generated at
                       337.1 T/s · prompt 134 tokens, none cached, 134 new in
                       0.11 s · first token 0.12 s, total 0.87 s · draft 182/222
                       accepted (82%) · max_tokens reached
22:30:37.723 INFO:     #31 chat/completions (stream): 1,082 prompt tokens ·
                       temperature: 0, greedy (req), max_tokens: 256 (req),
                       min_tokens: 256 (req)
22:30:39.044 INFO:     #31 chat/completions (stream): 256 tokens generated at
                       257.9 T/s · prompt 1,082 tokens, none cached, 1,082 new
                       in 0.32 s (3,381 T/s) · first token 0.33 s, total 1.32 s
                       · draft 159/291 accepted (55%) · max_tokens reached
22:30:39.046 INFO:     #32 chat/completions (stream): 84 prompt tokens ·
                       temperature: 0, greedy (req), max_tokens: 256 (req),
                       min_tokens: 256 (req)
22:30:40.065 INFO:     #32 chat/completions (stream): 256 tokens generated at
                       276.7 T/s · prompt 84 tokens, none cached, 84 new in 0.09
                       s · first token 0.10 s, total 1.02 s · draft 166/270
                       accepted (61%) · max_tokens reached
22:30:40.067 INFO:     #33 chat/completions (stream): 78 prompt tokens ·
                       temperature: 0, greedy (req), max_tokens: 256 (req),
                       min_tokens: 256 (req)
22:30:41.115 INFO:     #33 chat/completions (stream): 256 tokens generated at
                       266.9 T/s · prompt 78 tokens, none cached, 78 new in 0.08
                       s · first token 0.09 s, total 1.04 s · draft 162/282
                       accepted (57%) · max_tokens reached
22:30:41.117 INFO:     #34 chat/completions (stream): 70 prompt tokens ·
                       temperature: 0, greedy (req), max_tokens: 256 (req),
                       min_tokens: 256 (req)
22:30:42.107 INFO:     #34 chat/completions (stream): 256 tokens generated at
                       283.1 T/s · prompt 70 tokens, none cached, 70 new in 0.08
                       s · first token 0.09 s, total 0.99 s · draft 167/267
                       accepted (63%) · max_tokens reached
22:30:42.109 INFO:     #35 chat/completions (stream): 149 prompt tokens ·
                       temperature: 0, greedy (req), max_tokens: 256 (req),
                       min_tokens: 256 (req)
22:30:43.031 INFO:     #35 chat/completions (stream): 256 tokens generated at
                       312.5 T/s · prompt 149 tokens, none cached, 149 new in
                       0.09 s · first token 0.10 s, total 0.91 s · draft 176/240
                       accepted (73%) · max_tokens reached
22:30:43.034 INFO:     #36 chat/completions (stream): 258 prompt tokens ·
                       temperature: 0, greedy (req), max_tokens: 256 (req),
                       min_tokens: 256 (req)
22:30:44.174 INFO:     #36 chat/completions (stream): 256 tokens generated at
                       265.0 T/s · prompt 258 tokens, none cached, 258 new in
                       0.16 s (1,612 T/s) · first token 0.17 s, total 1.13 s ·
                       draft 164/276 accepted (59%) · max_tokens reached
22:30:44.176 INFO:     #37 chat/completions (stream): 109 prompt tokens ·
                       temperature: 0, greedy (req), max_tokens: 256 (req),
                       min_tokens: 256 (req)
22:30:45.192 INFO:     #37 chat/completions (stream): 256 tokens generated at
                       281.4 T/s · prompt 109 tokens, none cached, 109 new in
                       0.10 s · first token 0.11 s, total 1.02 s · draft 168/264
                       accepted (64%) · max_tokens reached
22:30:45.194 INFO:     #38 chat/completions (stream): 105 prompt tokens ·
                       temperature: 0, greedy (req), max_tokens: 256 (req),
                       min_tokens: 256 (req)
22:30:46.239 INFO:     #38 chat/completions (stream): 256 tokens generated at
                       272.3 T/s · prompt 105 tokens, none cached, 105 new in
                       0.10 s · first token 0.11 s, total 1.05 s · draft 165/273
                       accepted (60%) · max_tokens reached
22:30:46.242 INFO:     #39 chat/completions (stream): 788 prompt tokens ·
                       temperature: 0, greedy (req), max_tokens: 256 (req),
                       min_tokens: 256 (req)
22:30:47.314 INFO:     #39 chat/completions (stream): 256 tokens generated at
                       304.3 T/s · prompt 788 tokens, none cached, 788 new in
                       0.22 s (3,582 T/s) · first token 0.23 s, total 1.07 s ·
                       draft 172/252 accepted (68%) · max_tokens reached
22:30:47.316 INFO:     #41 chat/completions (stream): 62 prompt tokens ·
                       temperature: 0, greedy (req), max_tokens: 256 (req),
                       min_tokens: 256 (req)
22:30:48.407 INFO:     #41 chat/completions (stream): 256 tokens generated at
                       252.7 T/s · prompt 62 tokens, none cached, 62 new in 0.07
                       s · first token 0.08 s, total 1.09 s · draft 155/303
                       accepted (51%) · max_tokens reached
22:30:48.413 INFO:     #42 chat/completions (stream): 1,445 prompt tokens ·
                       temperature: 0, greedy (req), max_tokens: 256 (req),
                       min_tokens: 256 (req)
22:30:49.778 INFO:     #42 chat/completions (stream): 256 tokens generated at
                       267.8 T/s · prompt 1,445 tokens, none cached, 1,445 new
                       in 0.40 s (3,612 T/s) · first token 0.41 s, total 1.36 s
                       · draft 161/285 accepted (56%) · max_tokens reached
22:30:49.780 INFO:     #43 chat/completions (stream): 159 prompt tokens ·
                       temperature: 0, greedy (req), max_tokens: 256 (req),
                       min_tokens: 256 (req)
22:30:50.596 INFO:     #43 chat/completions (stream): 256 tokens generated at
                       359.3 T/s · prompt 159 tokens, none cached, 159 new in
                       0.10 s · first token 0.11 s, total 0.82 s · draft 185/213
                       accepted (87%) · max_tokens reached
22:30:50.600 INFO:     #44 chat/completions (stream): 705 prompt tokens ·
                       temperature: 0, greedy (req), max_tokens: 256 (req),
                       min_tokens: 256 (req)
22:30:51.903 INFO:     #44 chat/completions (stream): 256 tokens generated at
                       252.3 T/s · prompt 705 tokens, none cached, 705 new in
                       0.28 s (2,518 T/s) · first token 0.29 s, total 1.30 s ·
                       draft 163/279 accepted (58%) · max_tokens reached
22:30:51.905 INFO:     #45 chat/completions (stream): 62 prompt tokens ·
                       temperature: 0, greedy (req), max_tokens: 256 (req),
                       min_tokens: 256 (req)
22:30:52.911 INFO:     #45 chat/completions (stream): 256 tokens generated at
                       275.9 T/s · prompt 62 tokens, none cached, 62 new in 0.07
                       s · first token 0.08 s, total 1.00 s · draft 163/279
                       accepted (58%) · max_tokens reached
22:30:52.915 INFO:     #46 chat/completions (stream): 796 prompt tokens ·
                       temperature: 0, greedy (req), max_tokens: 256 (req),
                       min_tokens: 256 (req)
22:30:54.064 INFO:     #46 chat/completions (stream): 256 tokens generated at
                       278.3 T/s · prompt 796 tokens, none cached, 796 new in
                       0.22 s (3,618 T/s) · first token 0.23 s, total 1.15 s ·
                       draft 163/279 accepted (58%) · max_tokens reached
22:30:54.067 INFO:     #47 chat/completions (stream): 93 prompt tokens ·
                       temperature: 0, greedy (req), max_tokens: 256 (req),
                       min_tokens: 256 (req)
22:30:54.938 INFO:     #47 chat/completions (stream): 256 tokens generated at
                       331.7 T/s · prompt 93 tokens, none cached, 93 new in 0.09
                       s · first token 0.10 s, total 0.87 s · draft 178/234
                       accepted (76%) · max_tokens reached
22:30:54.940 INFO:     #48 chat/completions (stream): 94 prompt tokens ·
                       temperature: 0, greedy (req), max_tokens: 256 (req),
                       min_tokens: 256 (req)
22:30:55.877 INFO:     #48 chat/completions (stream): 256 tokens generated at
                       304.1 T/s · prompt 94 tokens, none cached, 94 new in 0.09
                       s · first token 0.10 s, total 0.94 s · draft 171/255
                       accepted (67%) · max_tokens reached
22:30:55.879 INFO:     #49 chat/completions (stream): 65 prompt tokens ·
                       temperature: 0, greedy (req), max_tokens: 256 (req),
                       min_tokens: 256 (req)
22:30:56.722 INFO:     #49 chat/completions (stream): 256 tokens generated at
                       339.2 T/s · prompt 65 tokens, none cached, 65 new in 0.08
                       s · first token 0.09 s, total 0.84 s · draft 180/228
                       accepted (79%) · max_tokens reached
22:30:56.727 INFO:     #50 chat/completions (stream): 1,347 prompt tokens ·
                       temperature: 0, greedy (req), max_tokens: 256 (req),
                       min_tokens: 256 (req)
22:30:58.071 INFO:     #50 chat/completions (stream): 256 tokens generated at
                       265.3 T/s · prompt 1,347 tokens, none cached, 1,347 new
                       in 0.37 s (3,641 T/s) · first token 0.38 s, total 1.34 s
                       · draft 159/291 accepted (55%) · max_tokens reached
22:30:58.076 INFO:     #51 chat/completions (stream): 754 prompt tokens ·
                       temperature: 0, greedy (req), max_tokens: 256 (req),
                       min_tokens: 256 (req)
22:30:59.200 INFO:     #51 chat/completions (stream): 256 tokens generated at
                       303.9 T/s · prompt 754 tokens, none cached, 754 new in
                       0.28 s (2,693 T/s) · first token 0.29 s, total 1.13 s ·
                       draft 172/252 accepted (68%) · max_tokens reached
22:30:59.203 INFO:     #52 chat/completions (stream): 73 prompt tokens ·
                       temperature: 0, greedy (req), max_tokens: 256 (req),
                       min_tokens: 256 (req)
22:31:00.107 INFO:     #52 chat/completions (stream): 256 tokens generated at
                       311.9 T/s · prompt 73 tokens, none cached, 73 new in 0.08
                       s · first token 0.09 s, total 0.91 s · draft 173/249
                       accepted (69%) · max_tokens reached
22:31:00.111 INFO:     #53 chat/completions (stream): 758 prompt tokens ·
                       temperature: 0, greedy (req), max_tokens: 256 (req),
                       min_tokens: 256 (req)
22:31:01.379 INFO:     #53 chat/completions (stream): 256 tokens generated at
                       260.8 T/s · prompt 758 tokens, none cached, 758 new in
                       0.28 s (2,707 T/s) · first token 0.29 s, total 1.27 s ·
                       draft 158/294 accepted (54%) · max_tokens reached
22:31:01.381 INFO:     #54 chat/completions (stream): 63 prompt tokens ·
                       temperature: 0, greedy (req), max_tokens: 256 (req),
                       min_tokens: 256 (req)
22:31:02.426 INFO:     #54 chat/completions (stream): 256 tokens generated at
                       265.1 T/s · prompt 63 tokens, none cached, 63 new in 0.07
                       s · first token 0.08 s, total 1.04 s · draft 159/291
                       accepted (55%) · max_tokens reached
22:31:02.428 INFO:     #56 chat/completions (stream): 71 prompt tokens ·
                       temperature: 0, greedy (req), max_tokens: 256 (req),
                       min_tokens: 256 (req)
22:31:03.470 INFO:     #56 chat/completions (stream): 256 tokens generated at
                       267.7 T/s · prompt 71 tokens, none cached, 71 new in 0.08
                       s · first token 0.09 s, total 1.04 s · draft 160/288
                       accepted (56%) · max_tokens reached
22:31:03.472 INFO:     #57 chat/completions (stream): 71 prompt tokens ·
                       temperature: 0, greedy (req), max_tokens: 256 (req),
                       min_tokens: 256 (req)
22:31:04.309 INFO:     #57 chat/completions (stream): 256 tokens generated at
                       340.3 T/s · prompt 71 tokens, none cached, 71 new in 0.08
                       s · first token 0.09 s, total 0.84 s · draft 179/231
                       accepted (77%) · max_tokens reached
22:31:04.313 INFO:     #58 chat/completions (stream): 741 prompt tokens ·
                       temperature: 0, greedy (req), max_tokens: 256 (req),
                       min_tokens: 256 (req)
22:31:05.458 INFO:     #58 chat/completions (stream): 256 tokens generated at
                       309.5 T/s · prompt 741 tokens, none cached, 741 new in
                       0.31 s (2,390 T/s) · first token 0.32 s, total 1.14 s ·
                       draft 173/249 accepted (69%) · max_tokens reached
22:31:05.460 INFO:     #59 chat/completions (stream): 117 prompt tokens ·
                       temperature: 0, greedy (req), max_tokens: 256 (req),
                       min_tokens: 256 (req)
22:31:06.457 INFO:     #59 chat/completions (stream): 256 tokens generated at
                       288.4 T/s · prompt 117 tokens, none cached, 117 new in
                       0.10 s · first token 0.11 s, total 0.99 s · draft 167/267
                       accepted (63%) · max_tokens reached
22:31:06.460 INFO:     #60 chat/completions (stream): 72 prompt tokens ·
                       temperature: 0, greedy (req), max_tokens: 256 (req),
                       min_tokens: 256 (req)
22:31:07.460 INFO:     #60 chat/completions (stream): 256 tokens generated at
                       280.5 T/s · prompt 72 tokens, none cached, 72 new in 0.08
                       s · first token 0.09 s, total 1.00 s · draft 165/273
                       accepted (60%) · max_tokens reached
22:31:07.462 INFO:     #61 chat/completions (stream): 127 prompt tokens ·
                       temperature: 0, greedy (req), max_tokens: 256 (req),
                       min_tokens: 256 (req)
22:31:08.462 INFO:     #61 chat/completions (stream): 256 tokens generated at
                       288.5 T/s · prompt 127 tokens, none cached, 127 new in
                       0.11 s · first token 0.12 s, total 1.00 s · draft 167/267
                       accepted (63%) · max_tokens reached
22:31:08.464 INFO:     #62 chat/completions (stream): 62 prompt tokens ·
                       temperature: 0, greedy (req), max_tokens: 256 (req),
                       min_tokens: 256 (req)
22:31:09.511 INFO:     #62 chat/completions (stream): 256 tokens generated at
                       263.8 T/s · prompt 62 tokens, none cached, 62 new in 0.07
                       s · first token 0.08 s, total 1.05 s · draft 158/294
                       accepted (54%) · max_tokens reached
22:31:09.513 INFO:     #63 chat/completions (stream): 104 prompt tokens ·
                       temperature: 0, greedy (req), max_tokens: 256 (req),
                       min_tokens: 256 (req)
22:31:10.466 INFO:     #63 chat/completions (stream): 256 tokens generated at
                       300.6 T/s · prompt 104 tokens, none cached, 104 new in
                       0.09 s · first token 0.10 s, total 0.95 s · draft 171/255
                       accepted (67%) · max_tokens reached
22:31:10.468 INFO:     #64 chat/completions (stream): 67 prompt tokens ·
                       temperature: 0, greedy (req), max_tokens: 256 (req),
                       min_tokens: 256 (req)
22:31:11.475 INFO:     #64 chat/completions (stream): 256 tokens generated at
                       276.9 T/s · prompt 67 tokens, none cached, 67 new in 0.08
                       s · first token 0.09 s, total 1.01 s · draft 163/279
                       accepted (58%) · max_tokens reached
22:31:11.479 INFO:     #65 chat/completions (stream): 676 prompt tokens ·
                       temperature: 0, greedy (req), max_tokens: 256 (req),
                       min_tokens: 256 (req)
22:31:12.623 INFO:     #65 chat/completions (stream): 256 tokens generated at
                       290.7 T/s · prompt 676 tokens, none cached, 676 new in
                       0.26 s (2,600 T/s) · first token 0.27 s, total 1.15 s ·
                       draft 168/264 accepted (64%) · max_tokens reached
22:31:12.627 INFO:     #66 chat/completions (stream): 802 prompt tokens ·
                       temperature: 0, greedy (req), max_tokens: 256 (req),
                       min_tokens: 256 (req)
22:31:13.867 INFO:     #66 chat/completions (stream): 256 tokens generated at
                       262.4 T/s · prompt 802 tokens, none cached, 802 new in
                       0.26 s (3,085 T/s) · first token 0.27 s, total 1.24 s ·
                       draft 158/294 accepted (54%) · max_tokens reached
22:31:13.871 INFO:     #67 chat/completions (stream): 992 prompt tokens ·
                       temperature: 0, greedy (req), max_tokens: 256 (req),
                       min_tokens: 256 (req)
22:31:15.001 INFO:     #67 chat/completions (stream): 256 tokens generated at
                       311.3 T/s · prompt 992 tokens, none cached, 992 new in
                       0.30 s (3,307 T/s) · first token 0.31 s, total 1.13 s ·
                       draft 173/249 accepted (69%) · max_tokens reached
22:31:15.004 INFO:     #68 chat/completions (stream): 68 prompt tokens ·
                       temperature: 0, greedy (req), max_tokens: 256 (req),
                       min_tokens: 256 (req)
22:31:16.020 INFO:     #68 chat/completions (stream): 256 tokens generated at
                       274.5 T/s · prompt 68 tokens, none cached, 68 new in 0.08
                       s · first token 0.09 s, total 1.02 s · draft 162/282
                       accepted (57%) · max_tokens reached
22:31:16.023 INFO:     #69 chat/completions (stream): 785 prompt tokens ·
                       temperature: 0, greedy (req), max_tokens: 256 (req),
                       min_tokens: 256 (req)
22:31:17.151 INFO:     #69 chat/completions (stream): 256 tokens generated at
                       285.4 T/s · prompt 785 tokens, none cached, 785 new in
                       0.22 s (3,568 T/s) · first token 0.23 s, total 1.12 s ·
                       draft 166/270 accepted (61%) · max_tokens reached
22:31:17.154 INFO:     #71 chat/completions (stream): 262 prompt tokens ·
                       temperature: 0, greedy (req), max_tokens: 256 (req),
                       min_tokens: 256 (req)
22:31:18.108 INFO:     #71 chat/completions (stream): 256 tokens generated at
                       333.2 T/s · prompt 262 tokens, none cached, 262 new in
                       0.18 s (1,456 T/s) · first token 0.19 s, total 0.95 s ·
                       draft 179/231 accepted (77%) · max_tokens reached
22:31:18.111 INFO:     #72 chat/completions (stream): 689 prompt tokens ·
                       temperature: 0, greedy (req), max_tokens: 256 (req),
                       min_tokens: 256 (req)
22:31:19.420 INFO:     #72 chat/completions (stream): 256 tokens generated at
                       246.1 T/s · prompt 689 tokens, none cached, 689 new in
                       0.26 s (2,650 T/s) · first token 0.27 s, total 1.31 s ·
                       draft 153/309 accepted (50%) · max_tokens reached
22:31:19.424 INFO:     #73 chat/completions (stream): 702 prompt tokens ·
                       temperature: 0, greedy (req), max_tokens: 256 (req),
                       min_tokens: 256 (req)
22:31:20.647 INFO:     #73 chat/completions (stream): 256 tokens generated at
                       269.3 T/s · prompt 702 tokens, none cached, 702 new in
                       0.27 s (2,600 T/s) · first token 0.28 s, total 1.23 s ·
                       draft 160/288 accepted (56%) · max_tokens reached
22:31:20.650 INFO:     #74 chat/completions (stream): 785 prompt tokens ·
                       temperature: 0, greedy (req), max_tokens: 256 (req),
                       min_tokens: 256 (req)
22:31:21.676 INFO:     #74 chat/completions (stream): 256 tokens generated at
                       322.3 T/s · prompt 785 tokens, none cached, 785 new in
                       0.22 s (3,568 T/s) · first token 0.23 s, total 1.02 s ·
                       draft 177/237 accepted (75%) · max_tokens reached
22:31:21.678 INFO:     #75 chat/completions (stream): 67 prompt tokens ·
                       temperature: 0, greedy (req), max_tokens: 256 (req),
                       min_tokens: 256 (req)
22:31:22.560 INFO:     #75 chat/completions (stream): 256 tokens generated at
                       319.9 T/s · prompt 67 tokens, none cached, 67 new in 0.08
                       s · first token 0.09 s, total 0.89 s · draft 175/243
                       accepted (72%) · max_tokens reached
22:31:22.564 INFO:     #76 chat/completions (stream): 724 prompt tokens ·
                       temperature: 0, greedy (req), max_tokens: 256 (req),
                       min_tokens: 256 (req)
22:31:23.783 INFO:     #76 chat/completions (stream): 256 tokens generated at
                       269.5 T/s · prompt 724 tokens, none cached, 724 new in
                       0.26 s (2,785 T/s) · first token 0.27 s, total 1.22 s ·
                       draft 160/288 accepted (56%) · max_tokens reached
22:31:23.786 INFO:     #77 chat/completions (stream): 414 prompt tokens ·
                       temperature: 0, greedy (req), max_tokens: 256 (req),
                       min_tokens: 256 (req)
22:31:24.946 INFO:     #77 chat/completions (stream): 256 tokens generated at
                       277.1 T/s · prompt 414 tokens, none cached, 414 new in
                       0.23 s (1,800 T/s) · first token 0.24 s, total 1.16 s ·
                       draft 164/276 accepted (59%) · max_tokens reached
22:31:24.948 INFO:     #78 chat/completions (stream): 63 prompt tokens ·
                       temperature: 0, greedy (req), max_tokens: 256 (req),
                       min_tokens: 256 (req)
22:31:26.013 INFO:     #78 chat/completions (stream): 256 tokens generated at
                       259.5 T/s · prompt 63 tokens, none cached, 63 new in 0.07
                       s · first token 0.08 s, total 1.06 s · draft 156/300
                       accepted (52%) · max_tokens reached
22:31:26.015 INFO:     #79 chat/completions (stream): 104 prompt tokens ·
                       temperature: 0, greedy (req), max_tokens: 256 (req),
                       min_tokens: 256 (req)
22:31:27.050 INFO:     #79 chat/completions (stream): 256 tokens generated at
                       274.8 T/s · prompt 104 tokens, none cached, 104 new in
                       0.10 s · first token 0.11 s, total 1.04 s · draft 165/273
                       accepted (60%) · max_tokens reached
22:31:27.054 INFO:     #80 chat/completions (stream): 666 prompt tokens ·
                       temperature: 0, greedy (req), max_tokens: 256 (req),
                       min_tokens: 256 (req)
22:31:28.298 INFO:     #80 chat/completions (stream): 256 tokens generated at
                       261.3 T/s · prompt 666 tokens, none cached, 666 new in
                       0.26 s (2,562 T/s) · first token 0.27 s, total 1.24 s ·
                       draft 159/291 accepted (55%) · max_tokens reached
22:31:28.301 INFO:     #81 chat/completions (stream): 90 prompt tokens ·
                       temperature: 0, greedy (req), max_tokens: 256 (req),
                       min_tokens: 256 (req)
22:31:29.274 INFO:     #81 chat/completions (stream): 256 tokens generated at
                       291.7 T/s · prompt 90 tokens, none cached, 90 new in 0.09
                       s · first token 0.10 s, total 0.97 s · draft 169/261
                       accepted (65%) · max_tokens reached
22:31:29.276 INFO:     #82 chat/completions (stream): 61 prompt tokens ·
                       temperature: 0, greedy (req), max_tokens: 256 (req),
                       min_tokens: 256 (req)
22:31:30.202 INFO:     #82 chat/completions (stream): 256 tokens generated at
                       301.5 T/s · prompt 61 tokens, none cached, 61 new in 0.07
                       s · first token 0.08 s, total 0.92 s · draft 171/255
                       accepted (67%) · max_tokens reached
22:31:30.207 INFO:     #83 chat/completions (stream): 1,355 prompt tokens ·
                       temperature: 0, greedy (req), max_tokens: 256 (req),
                       min_tokens: 256 (req)
22:31:31.511 INFO:     #83 chat/completions (stream): 256 tokens generated at
                       276.9 T/s · prompt 1,355 tokens, none cached, 1,355 new
                       in 0.37 s (3,662 T/s) · first token 0.38 s, total 1.30 s
                       · draft 163/279 accepted (58%) · max_tokens reached
22:31:31.513 INFO:     #84 chat/completions (stream): 67 prompt tokens ·
                       temperature: 0, greedy (req), max_tokens: 256 (req),
                       min_tokens: 256 (req)
22:31:32.462 INFO:     #84 chat/completions (stream): 256 tokens generated at
                       295.6 T/s · prompt 67 tokens, none cached, 67 new in 0.08
                       s · first token 0.09 s, total 0.95 s · draft 169/261
                       accepted (65%) · max_tokens reached
22:31:32.466 INFO:     #86 chat/completions (stream): 1,173 prompt tokens ·
                       temperature: 0, greedy (req), max_tokens: 256 (req),
                       min_tokens: 256 (req)
22:31:33.742 INFO:     #86 chat/completions (stream): 256 tokens generated at
                       272.2 T/s · prompt 1,173 tokens, none cached, 1,173 new
                       in 0.33 s (3,555 T/s) · first token 0.34 s, total 1.28 s
                       · draft 162/282 accepted (57%) · max_tokens reached
22:31:33.744 INFO:     #87 chat/completions (stream): 65 prompt tokens ·
                       temperature: 0, greedy (req), max_tokens: 256 (req),
                       min_tokens: 256 (req)
22:31:34.949 INFO:     #87 chat/completions (stream): 256 tokens generated at
                       227.0 T/s · prompt 65 tokens, none cached, 65 new in 0.07
                       s · first token 0.08 s, total 1.20 s · draft 143/339
                       accepted (42%) · max_tokens reached
22:31:34.951 INFO:     #88 chat/completions (stream): 100 prompt tokens ·
                       temperature: 0, greedy (req), max_tokens: 256 (req),
                       min_tokens: 256 (req)
22:31:35.855 INFO:     #88 chat/completions (stream): 256 tokens generated at
                       318.5 T/s · prompt 100 tokens, none cached, 100 new in
                       0.09 s · first token 0.10 s, total 0.90 s · draft 175/243
                       accepted (72%) · max_tokens reached
22:31:35.857 INFO:     #89 chat/completions (stream): 110 prompt tokens ·
                       temperature: 0, greedy (req), max_tokens: 256 (req),
                       min_tokens: 256 (req)
22:31:36.861 INFO:     #89 chat/completions (stream): 256 tokens generated at
                       284.6 T/s · prompt 110 tokens, none cached, 110 new in
                       0.10 s · first token 0.11 s, total 1.00 s · draft 165/273
                       accepted (60%) · max_tokens reached
22:31:36.863 INFO:     #90 chat/completions (stream): 112 prompt tokens ·
                       temperature: 0, greedy (req), max_tokens: 256 (req),
                       min_tokens: 256 (req)
22:31:37.895 INFO:     #90 chat/completions (stream): 256 tokens generated at
                       275.2 T/s · prompt 112 tokens, none cached, 112 new in
                       0.09 s · first token 0.10 s, total 1.03 s · draft 163/279
                       accepted (58%) · max_tokens reached
22:31:37.898 INFO:     #91 chat/completions (stream): 64 prompt tokens ·
                       temperature: 0, greedy (req), max_tokens: 256 (req),
                       min_tokens: 256 (req)
22:31:38.835 INFO:     #91 chat/completions (stream): 256 tokens generated at
                       297.8 T/s · prompt 64 tokens, none cached, 64 new in 0.07
                       s · first token 0.08 s, total 0.94 s · draft 169/261
                       accepted (65%) · max_tokens reached
22:31:38.837 INFO:     #92 chat/completions (stream): 63 prompt tokens ·
                       temperature: 0, greedy (req), max_tokens: 256 (req),
                       min_tokens: 256 (req)
22:31:39.979 INFO:     #92 chat/completions (stream): 256 tokens generated at
                       240.5 T/s · prompt 63 tokens, none cached, 63 new in 0.07
                       s · first token 0.08 s, total 1.14 s · draft 149/321
                       accepted (46%) · max_tokens reached
22:31:39.983 INFO:     #93 chat/completions (stream): 794 prompt tokens ·
                       temperature: 0, greedy (req), max_tokens: 256 (req),
                       min_tokens: 256 (req)
22:31:41.138 INFO:     #93 chat/completions (stream): 256 tokens generated at
                       287.3 T/s · prompt 794 tokens, none cached, 794 new in
                       0.26 s (3,054 T/s) · first token 0.27 s, total 1.16 s ·
                       draft 166/270 accepted (61%) · max_tokens reached
22:31:41.141 INFO:     #94 chat/completions (stream): 440 prompt tokens ·
                       temperature: 0, greedy (req), max_tokens: 256 (req),
                       min_tokens: 256 (req)
22:31:42.277 INFO:     #94 chat/completions (stream): 256 tokens generated at
                       285.4 T/s · prompt 440 tokens, none cached, 440 new in
                       0.23 s (1,913 T/s) · first token 0.24 s, total 1.13 s ·
                       draft 167/267 accepted (63%) · max_tokens reached
22:31:42.279 INFO:     #95 chat/completions (stream): 65 prompt tokens ·
                       temperature: 0, greedy (req), max_tokens: 256 (req),
                       min_tokens: 256 (req)
22:31:43.317 INFO:     #95 chat/completions (stream): 256 tokens generated at
                       267.1 T/s · prompt 65 tokens, none cached, 65 new in 0.07
                       s · first token 0.08 s, total 1.03 s · draft 162/282
                       accepted (57%) · max_tokens reached
22:31:43.323 INFO:     #96 chat/completions (stream): 1,320 prompt tokens ·
                       temperature: 0, greedy (req), max_tokens: 256 (req),
                       min_tokens: 256 (req)
22:31:44.672 INFO:     #96 chat/completions (stream): 256 tokens generated at
                       260.1 T/s · prompt 1,320 tokens, none cached, 1,320 new
                       in 0.36 s (3,667 T/s) · first token 0.37 s, total 1.35 s
                       · draft 158/294 accepted (54%) · max_tokens reached
22:31:44.676 INFO:     #97 chat/completions (stream): 795 prompt tokens ·
                       temperature: 0, greedy (req), max_tokens: 256 (req),
                       min_tokens: 256 (req)
22:31:45.733 INFO:     #97 chat/completions (stream): 256 tokens generated at
                       308.8 T/s · prompt 795 tokens, none cached, 795 new in
                       0.22 s (3,614 T/s) · first token 0.23 s, total 1.05 s ·
                       draft 173/249 accepted (69%) · max_tokens reached
22:31:45.736 INFO:     #98 chat/completions (stream): 267 prompt tokens ·
                       temperature: 0, greedy (req), max_tokens: 256 (req),
                       min_tokens: 256 (req)
22:31:46.691 INFO:     #98 chat/completions (stream): 256 tokens generated at
                       322.6 T/s · prompt 267 tokens, none cached, 267 new in
                       0.15 s (1,780 T/s) · first token 0.16 s, total 0.95 s ·
                       draft 176/240 accepted (73%) · max_tokens reached
22:31:46.694 INFO:     #99 chat/completions (stream): 300 prompt tokens ·
                       temperature: 0, greedy (req), max_tokens: 256 (req),
                       min_tokens: 256 (req)
22:31:47.763 INFO:     #99 chat/completions (stream): 256 tokens generated at
                       295.9 T/s · prompt 300 tokens, none cached, 300 new in
                       0.20 s (1,500 T/s) · first token 0.21 s, total 1.07 s ·
                       draft 170/258 accepted (66%) · max_tokens reached
22:31:47.766 INFO:     #101 chat/completions (stream): 73 prompt tokens ·
                       temperature: 0, greedy (req), max_tokens: 256 (req),
                       min_tokens: 256 (req)
22:31:48.694 INFO:     #101 chat/completions (stream): 256 tokens generated at
                       303.8 T/s · prompt 73 tokens, none cached, 73 new in 0.08
                       s · first token 0.09 s, total 0.93 s · draft 171/255
                       accepted (67%) · max_tokens reached
22:31:48.696 INFO:     #102 chat/completions (stream): 64 prompt tokens ·
                       temperature: 0, greedy (req), max_tokens: 256 (req),
                       min_tokens: 256 (req)
22:31:49.744 INFO:     #102 chat/completions (stream): 256 tokens generated at
                       264.1 T/s · prompt 64 tokens, none cached, 64 new in 0.07
                       s · first token 0.08 s, total 1.04 s · draft 160/288
                       accepted (56%) · max_tokens reached
22:31:49.746 INFO:     #103 chat/completions (stream): 121 prompt tokens ·
                       temperature: 0, greedy (req), max_tokens: 256 (req),
                       min_tokens: 256 (req)
22:31:50.668 INFO:     #103 chat/completions (stream): 256 tokens generated at
                       314.8 T/s · prompt 121 tokens, none cached, 121 new in
                       0.10 s · first token 0.11 s, total 0.92 s · draft 175/243
                       accepted (72%) · max_tokens reached
22:31:50.672 INFO:     #104 chat/completions (stream): 464 prompt tokens ·
                       temperature: 0, greedy (req), max_tokens: 256 (req),
                       min_tokens: 256 (req)
22:31:51.886 INFO:     #104 chat/completions (stream): 256 tokens generated at
                       265.6 T/s · prompt 464 tokens, none cached, 464 new in
                       0.24 s (1,933 T/s) · first token 0.25 s, total 1.21 s ·
                       draft 159/291 accepted (55%) · max_tokens reached
22:31:51.889 INFO:     #105 chat/completions (stream): 443 prompt tokens ·
                       temperature: 0, greedy (req), max_tokens: 256 (req),
                       min_tokens: 256 (req)
22:31:53.107 INFO:     #105 chat/completions (stream): 256 tokens generated at
                       261.8 T/s · prompt 443 tokens, none cached, 443 new in
                       0.23 s (1,926 T/s) · first token 0.24 s, total 1.21 s ·
                       draft 167/267 accepted (63%) · max_tokens reached
22:31:53.109 INFO:     #106 chat/completions (stream): 74 prompt tokens ·
                       temperature: 0, greedy (req), max_tokens: 256 (req),
                       min_tokens: 256 (req)
22:31:54.111 INFO:     #106 chat/completions (stream): 256 tokens generated at
                       279.0 T/s · prompt 74 tokens, none cached, 74 new in 0.08
                       s · first token 0.09 s, total 1.00 s · draft 164/276
                       accepted (59%) · max_tokens reached
22:31:54.114 INFO:     #107 chat/completions (stream): 153 prompt tokens ·
                       temperature: 0, greedy (req), max_tokens: 256 (req),
                       min_tokens: 256 (req)
22:31:54.977 INFO:     #107 chat/completions (stream): 256 tokens generated at
                       337.9 T/s · prompt 153 tokens, none cached, 153 new in
                       0.09 s · first token 0.10 s, total 0.85 s · draft 180/228
                       accepted (79%) · max_tokens reached
22:31:54.979 INFO:     #108 chat/completions (stream): 63 prompt tokens ·
                       temperature: 0, greedy (req), max_tokens: 256 (req),
                       min_tokens: 256 (req)
22:31:56.077 INFO:     #108 chat/completions (stream): 256 tokens generated at
                       251.2 T/s · prompt 63 tokens, none cached, 63 new in 0.07
                       s · first token 0.08 s, total 1.09 s · draft 154/306
                       accepted (50%) · max_tokens reached
22:31:56.080 INFO:     #109 chat/completions (stream): 729 prompt tokens ·
                       temperature: 0, greedy (req), max_tokens: 256 (req),
                       min_tokens: 256 (req)
22:31:57.357 INFO:     #109 chat/completions (stream): 256 tokens generated at
                       257.7 T/s · prompt 729 tokens, none cached, 729 new in
                       0.28 s (2,604 T/s) · first token 0.29 s, total 1.28 s ·
                       draft 157/297 accepted (53%) · max_tokens reached
22:31:57.360 INFO:     #110 chat/completions (stream): 789 prompt tokens ·
                       temperature: 0, greedy (req), max_tokens: 256 (req),
                       min_tokens: 256 (req)
22:31:58.625 INFO:     #110 chat/completions (stream): 256 tokens generated at
                       246.6 T/s · prompt 789 tokens, none cached, 789 new in
                       0.22 s (3,586 T/s) · first token 0.23 s, total 1.26 s ·
                       draft 152/312 accepted (49%) · max_tokens reached
22:31:58.628 INFO:     #111 chat/completions (stream): 168 prompt tokens ·
                       temperature: 0, greedy (req), max_tokens: 256 (req),
                       min_tokens: 256 (req)
22:31:59.508 INFO:     #111 chat/completions (stream): 256 tokens generated at
                       329.8 T/s · prompt 168 tokens, none cached, 168 new in
                       0.10 s · first token 0.11 s, total 0.88 s · draft 178/234
                       accepted (76%) · max_tokens reached
22:31:59.511 INFO:     #112 chat/completions (stream): 143 prompt tokens ·
                       temperature: 0, greedy (req), max_tokens: 256 (req),
                       min_tokens: 256 (req)
22:32:00.588 INFO:     #112 chat/completions (stream): 256 tokens generated at
                       266.9 T/s · prompt 143 tokens, none cached, 143 new in
                       0.11 s · first token 0.12 s, total 1.07 s · draft 160/288
                       accepted (56%) · max_tokens reached
22:32:00.590 INFO:     #113 chat/completions (stream): 118 prompt tokens ·
                       temperature: 0, greedy (req), max_tokens: 256 (req),
                       min_tokens: 256 (req)
22:32:01.760 INFO:     #113 chat/completions (stream): 256 tokens generated at
                       241.8 T/s · prompt 118 tokens, none cached, 118 new in
                       0.10 s · first token 0.11 s, total 1.16 s · draft 149/321
                       accepted (46%) · max_tokens reached
22:32:01.763 INFO:     #114 chat/completions (stream): 273 prompt tokens ·
                       temperature: 0, greedy (req), max_tokens: 256 (req),
                       min_tokens: 256 (req)
22:32:02.883 INFO:     #114 chat/completions (stream): 256 tokens generated at
                       264.1 T/s · prompt 273 tokens, none cached, 273 new in
                       0.14 s (1,950 T/s) · first token 0.15 s, total 1.11 s ·
                       draft 160/288 accepted (56%) · max_tokens reached
22:32:02.885 INFO:     #116 chat/completions (stream): 87 prompt tokens ·
                       temperature: 0, greedy (req), max_tokens: 256 (req),
                       min_tokens: 256 (req)
22:32:03.672 INFO:     #116 chat/completions (stream): 256 tokens generated at
                       368.9 T/s · prompt 87 tokens, none cached, 87 new in 0.09
                       s · first token 0.10 s, total 0.79 s · draft 186/210
                       accepted (89%) · max_tokens reached
22:32:03.674 INFO:     #117 chat/completions (stream): 130 prompt tokens ·
                       temperature: 0, greedy (req), max_tokens: 256 (req),
                       min_tokens: 256 (req)
22:32:04.562 INFO:     #117 chat/completions (stream): 256 tokens generated at
                       331.1 T/s · prompt 130 tokens, none cached, 130 new in
                       0.11 s · first token 0.12 s, total 0.89 s · draft 179/231
                       accepted (77%) · max_tokens reached
22:32:04.565 INFO:     #118 chat/completions (stream): 63 prompt tokens ·
                       temperature: 0, greedy (req), max_tokens: 256 (req),
                       min_tokens: 256 (req)
22:32:05.655 INFO:     #118 chat/completions (stream): 256 tokens generated at
                       253.0 T/s · prompt 63 tokens, none cached, 63 new in 0.07
                       s · first token 0.08 s, total 1.09 s · draft 154/306
                       accepted (50%) · max_tokens reached
22:32:05.657 INFO:     #119 chat/completions (stream): 67 prompt tokens ·
                       temperature: 0, greedy (req), max_tokens: 256 (req),
                       min_tokens: 256 (req)
22:32:06.622 INFO:     #119 chat/completions (stream): 256 tokens generated at
                       290.0 T/s · prompt 67 tokens, none cached, 67 new in 0.08
                       s · first token 0.09 s, total 0.97 s · draft 167/267
                       accepted (63%) · max_tokens reached
22:32:06.624 INFO:     #120 chat/completions (stream): 61 prompt tokens ·
                       temperature: 0, greedy (req), max_tokens: 256 (req),
                       min_tokens: 256 (req)
22:32:07.630 INFO:     #120 chat/completions (stream): 256 tokens generated at
                       275.7 T/s · prompt 61 tokens, none cached, 61 new in 0.07
                       s · first token 0.08 s, total 1.00 s · draft 163/279
                       accepted (58%) · max_tokens reached
22:32:07.633 INFO:     #121 chat/completions (stream): 96 prompt tokens ·
                       temperature: 0, greedy (req), max_tokens: 256 (req),
                       min_tokens: 256 (req)
22:32:08.534 INFO:     #121 chat/completions (stream): 256 tokens generated at
                       318.2 T/s · prompt 96 tokens, none cached, 96 new in 0.09
                       s · first token 0.10 s, total 0.90 s · draft 176/240
                       accepted (73%) · max_tokens reached
22:32:08.537 INFO:     #122 chat/completions (stream): 497 prompt tokens ·
                       temperature: 0, greedy (req), max_tokens: 256 (req),
                       min_tokens: 256 (req)
22:32:09.714 INFO:     #122 chat/completions (stream): 256 tokens generated at
                       277.1 T/s · prompt 497 tokens, none cached, 497 new in
                       0.25 s (1,988 T/s) · first token 0.26 s, total 1.18 s ·
                       draft 164/276 accepted (59%) · max_tokens reached
22:32:09.718 INFO:     #123 chat/completions (stream): 357 prompt tokens ·
                       temperature: 0, greedy (req), max_tokens: 256 (req),
                       min_tokens: 256 (req)
22:32:10.848 INFO:     #123 chat/completions (stream): 256 tokens generated at
                       283.8 T/s · prompt 357 tokens, none cached, 357 new in
                       0.22 s (1,623 T/s) · first token 0.23 s, total 1.13 s ·
                       draft 165/273 accepted (60%) · max_tokens reached
22:32:10.850 INFO:     #124 chat/completions (stream): 82 prompt tokens ·
                       temperature: 0, greedy (req), max_tokens: 256 (req),
                       min_tokens: 256 (req)
22:32:11.851 INFO:     #124 chat/completions (stream): 256 tokens generated at
                       281.8 T/s · prompt 82 tokens, none cached, 82 new in 0.09
                       s · first token 0.10 s, total 1.00 s · draft 165/273
                       accepted (60%) · max_tokens reached
22:32:11.855 INFO:     #125 chat/completions (stream): 851 prompt tokens ·
                       temperature: 0, greedy (req), max_tokens: 256 (req),
                       min_tokens: 256 (req)
22:32:13.096 INFO:     #125 chat/completions (stream): 256 tokens generated at
                       269.7 T/s · prompt 851 tokens, none cached, 851 new in
                       0.28 s (3,039 T/s) · first token 0.29 s, total 1.23 s ·
                       draft 165/273 accepted (60%) · max_tokens reached
22:32:13.098 INFO:     #126 chat/completions (stream): 121 prompt tokens ·
                       temperature: 0, greedy (req), max_tokens: 256 (req),
                       min_tokens: 256 (req)
22:32:13.961 INFO:     #126 chat/completions (stream): 256 tokens generated at
                       339.2 T/s · prompt 121 tokens, none cached, 121 new in
                       0.10 s · first token 0.11 s, total 0.86 s · draft 180/228
                       accepted (79%) · max_tokens reached
22:32:13.963 INFO:     #127 chat/completions (stream): 62 prompt tokens ·
                       temperature: 0, greedy (req), max_tokens: 256 (req),
                       min_tokens: 256 (req)
22:32:14.997 INFO:     #127 chat/completions (stream): 256 tokens generated at
                       267.5 T/s · prompt 62 tokens, none cached, 62 new in 0.07
                       s · first token 0.08 s, total 1.03 s · draft 160/288
                       accepted (56%) · max_tokens reached
22:32:14.999 INFO:     #128 chat/completions (stream): 95 prompt tokens ·
                       temperature: 0, greedy (req), max_tokens: 256 (req),
                       min_tokens: 256 (req)
22:32:15.970 INFO:     #128 chat/completions (stream): 256 tokens generated at
                       292.0 T/s · prompt 95 tokens, none cached, 95 new in 0.09
                       s · first token 0.10 s, total 0.97 s · draft 171/255
                       accepted (67%) · max_tokens reached
22:32:15.973 INFO:     #129 chat/completions (stream): 61 prompt tokens ·
                       temperature: 0, greedy (req), max_tokens: 256 (req),
                       min_tokens: 256 (req)
22:32:17.169 INFO:     #129 chat/completions (stream): 256 tokens generated at
                       228.8 T/s · prompt 61 tokens, none cached, 61 new in 0.07
                       s · first token 0.08 s, total 1.19 s · draft 143/339
                       accepted (42%) · max_tokens reached
22:32:17.174 INFO:     #131 chat/completions (stream): 1,431 prompt tokens ·
                       temperature: 0, greedy (req), max_tokens: 256 (req),
                       min_tokens: 256 (req)
22:32:18.445 INFO:     #131 chat/completions (stream): 256 tokens generated at
                       289.6 T/s · prompt 1,431 tokens, none cached, 1,431 new
                       in 0.38 s (3,766 T/s) · first token 0.39 s, total 1.27 s
                       · draft 168/264 accepted (64%) · max_tokens reached
22:32:18.449 INFO:     #132 chat/completions (stream): 670 prompt tokens ·
                       temperature: 0, greedy (req), max_tokens: 256 (req),
                       min_tokens: 256 (req)
22:32:19.570 INFO:     #132 chat/completions (stream): 256 tokens generated at
                       295.5 T/s · prompt 670 tokens, none cached, 670 new in
                       0.25 s (2,680 T/s) · first token 0.26 s, total 1.12 s ·
                       draft 170/258 accepted (66%) · max_tokens reached
22:32:19.573 INFO:     #133 chat/completions (stream): 393 prompt tokens ·
                       temperature: 0, greedy (req), max_tokens: 256 (req),
                       min_tokens: 256 (req)
22:32:20.862 INFO:     #133 chat/completions (stream): 256 tokens generated at
                       246.2 T/s · prompt 393 tokens, none cached, 393 new in
                       0.24 s (1,638 T/s) · first token 0.25 s, total 1.29 s ·
                       draft 152/312 accepted (49%) · max_tokens reached
22:32:20.865 INFO:     #134 chat/completions (stream): 242 prompt tokens ·
                       temperature: 0, greedy (req), max_tokens: 256 (req),
                       min_tokens: 256 (req)
22:32:21.716 INFO:     #134 chat/completions (stream): 256 tokens generated at
                       352.2 T/s · prompt 242 tokens, none cached, 242 new in
                       0.12 s · first token 0.13 s, total 0.85 s · draft 184/216
                       accepted (85%) · max_tokens reached
22:32:21.719 INFO:     #135 chat/completions (stream): 199 prompt tokens ·
                       temperature: 0, greedy (req), max_tokens: 256 (req),
                       min_tokens: 256 (req)
22:32:22.806 INFO:     #135 chat/completions (stream): 256 tokens generated at
                       262.9 T/s · prompt 199 tokens, none cached, 199 new in
                       0.11 s · first token 0.12 s, total 1.09 s · draft 158/294
                       accepted (54%) · max_tokens reached
22:32:22.809 INFO:     #136 chat/completions (stream): 412 prompt tokens ·
                       temperature: 0, greedy (req), max_tokens: 256 (req),
                       min_tokens: 256 (req)
22:32:23.920 INFO:     #136 chat/completions (stream): 256 tokens generated at
                       291.4 T/s · prompt 412 tokens, none cached, 412 new in
                       0.22 s (1,873 T/s) · first token 0.23 s, total 1.10 s ·
                       draft 170/258 accepted (66%) · max_tokens reached
22:32:23.922 INFO:     #137 chat/completions (stream): 109 prompt tokens ·
                       temperature: 0, greedy (req), max_tokens: 256 (req),
                       min_tokens: 256 (req)
22:32:24.834 INFO:     #137 chat/completions (stream): 256 tokens generated at
                       316.6 T/s · prompt 109 tokens, none cached, 109 new in
                       0.10 s · first token 0.11 s, total 0.91 s · draft 176/240
                       accepted (73%) · max_tokens reached
22:32:24.836 INFO:     #138 chat/completions (stream): 92 prompt tokens ·
                       temperature: 0, greedy (req), max_tokens: 256 (req),
                       min_tokens: 256 (req)
22:32:25.923 INFO:     #138 chat/completions (stream): 256 tokens generated at
                       257.8 T/s · prompt 92 tokens, none cached, 92 new in 0.09
                       s · first token 0.10 s, total 1.09 s · draft 156/300
                       accepted (52%) · max_tokens reached
22:32:25.925 INFO:     #139 chat/completions (stream): 98 prompt tokens ·
                       temperature: 0, greedy (req), max_tokens: 256 (req),
                       min_tokens: 256 (req)
22:32:26.850 INFO:     #139 chat/completions (stream): 256 tokens generated at
                       309.4 T/s · prompt 98 tokens, none cached, 98 new in 0.09
                       s · first token 0.10 s, total 0.92 s · draft 173/249
                       accepted (69%) · max_tokens reached
22:32:26.852 INFO:     #140 chat/completions (stream): 91 prompt tokens ·
                       temperature: 0, greedy (req), max_tokens: 256 (req),
                       min_tokens: 256 (req)
22:32:27.729 INFO:     #140 chat/completions (stream): 256 tokens generated at
                       326.9 T/s · prompt 91 tokens, none cached, 91 new in 0.09
                       s · first token 0.10 s, total 0.88 s · draft 178/234
                       accepted (76%) · max_tokens reached
22:32:27.733 INFO:     #141 chat/completions (stream): 774 prompt tokens ·
                       temperature: 0, greedy (req), max_tokens: 256 (req),
                       min_tokens: 256 (req)
22:32:28.789 INFO:     #141 chat/completions (stream): 256 tokens generated at
                       303.4 T/s · prompt 774 tokens, none cached, 774 new in
                       0.21 s (3,686 T/s) · first token 0.22 s, total 1.06 s ·
                       draft 171/255 accepted (67%) · max_tokens reached
22:32:28.793 INFO:     #142 chat/completions (stream): 823 prompt tokens ·
                       temperature: 0, greedy (req), max_tokens: 256 (req),
                       min_tokens: 256 (req)
22:32:29.889 INFO:     #142 chat/completions (stream): 256 tokens generated at
                       310.7 T/s · prompt 823 tokens, none cached, 823 new in
                       0.26 s (3,165 T/s) · first token 0.27 s, total 1.09 s ·
                       draft 173/249 accepted (69%) · max_tokens reached
22:32:29.891 INFO:     #143 chat/completions (stream): 75 prompt tokens ·
                       temperature: 0, greedy (req), max_tokens: 256 (req),
                       min_tokens: 256 (req)
22:32:30.859 INFO:     #143 chat/completions (stream): 256 tokens generated at
                       289.7 T/s · prompt 75 tokens, none cached, 75 new in 0.08
                       s · first token 0.09 s, total 0.97 s · draft 167/267
                       accepted (63%) · max_tokens reached
22:32:30.863 INFO:     #144 chat/completions (stream): 819 prompt tokens ·
                       temperature: 0, greedy (req), max_tokens: 256 (req),
                       min_tokens: 256 (req)
22:32:31.883 INFO:     #144 chat/completions (stream): 256 tokens generated at
                       341.2 T/s · prompt 819 tokens, none cached, 819 new in
                       0.26 s (3,150 T/s) · first token 0.27 s, total 1.02 s ·
                       draft 181/225 accepted (80%) · max_tokens reached
22:32:31.886 INFO:     #145 chat/completions (stream): 125 prompt tokens ·
                       temperature: 0, greedy (req), max_tokens: 256 (req),
                       min_tokens: 256 (req)
22:32:32.759 INFO:     #145 chat/completions (stream): 256 tokens generated at
                       335.1 T/s · prompt 125 tokens, none cached, 125 new in
                       0.10 s · first token 0.11 s, total 0.87 s · draft 180/228
                       accepted (79%) · max_tokens reached
22:32:32.763 INFO:     #147 chat/completions (stream): 763 prompt tokens ·
                       temperature: 0, greedy (req), max_tokens: 256 (req),
                       min_tokens: 256 (req)
22:32:33.968 INFO:     #147 chat/completions (stream): 256 tokens generated at
                       279.9 T/s · prompt 763 tokens, none cached, 763 new in
                       0.28 s (2,725 T/s) · first token 0.29 s, total 1.20 s ·
                       draft 165/273 accepted (60%) · max_tokens reached
22:32:33.970 INFO:     #148 chat/completions (stream): 65 prompt tokens ·
                       temperature: 0, greedy (req), max_tokens: 256 (req),
                       min_tokens: 256 (req)
22:32:35.070 INFO:     #148 chat/completions (stream): 256 tokens generated at
                       251.2 T/s · prompt 65 tokens, none cached, 65 new in 0.07
                       s · first token 0.08 s, total 1.09 s · draft 155/303
                       accepted (51%) · max_tokens reached
22:32:35.073 INFO:     #149 chat/completions (stream): 536 prompt tokens ·
                       temperature: 0, greedy (req), max_tokens: 256 (req),
                       min_tokens: 256 (req)
22:32:36.229 INFO:     #149 chat/completions (stream): 256 tokens generated at
                       263.9 T/s · prompt 536 tokens, none cached, 536 new in
                       0.18 s (2,978 T/s) · first token 0.19 s, total 1.16 s ·
                       draft 159/291 accepted (55%) · max_tokens reached
22:32:36.232 INFO:     #150 chat/completions (stream): 106 prompt tokens ·
                       temperature: 0, greedy (req), max_tokens: 256 (req),
                       min_tokens: 256 (req)
22:32:37.198 INFO:     #150 chat/completions (stream): 256 tokens generated at
                       297.1 T/s · prompt 106 tokens, none cached, 106 new in
                       0.10 s · first token 0.11 s, total 0.97 s · draft 169/261
                       accepted (65%) · max_tokens reached
22:32:37.200 INFO:     #151 chat/completions (stream): 70 prompt tokens ·
                       temperature: 0, greedy (req), max_tokens: 256 (req),
                       min_tokens: 256 (req)
22:32:38.196 INFO:     #151 chat/completions (stream): 256 tokens generated at
                       280.8 T/s · prompt 70 tokens, none cached, 70 new in 0.08
                       s · first token 0.09 s, total 1.00 s · draft 165/273
                       accepted (60%) · max_tokens reached
22:32:38.201 INFO:     #152 chat/completions (stream): 1,053 prompt tokens ·
                       temperature: 0, greedy (req), max_tokens: 256 (req),
                       min_tokens: 256 (req)
22:32:39.382 INFO:     #152 chat/completions (stream): 256 tokens generated at
                       278.9 T/s · prompt 1,053 tokens, none cached, 1,053 new
                       in 0.26 s (4,050 T/s) · first token 0.27 s, total 1.18 s
                       · draft 165/273 accepted (60%) · max_tokens reached
22:32:39.387 INFO:     #153 chat/completions (stream): 1,100 prompt tokens ·
                       temperature: 0, greedy (req), max_tokens: 256 (req),
                       min_tokens: 256 (req)
22:32:40.497 INFO:     #153 chat/completions (stream): 256 tokens generated at
                       325.0 T/s · prompt 1,100 tokens, none cached, 1,100 new
                       in 0.32 s (3,438 T/s) · first token 0.33 s, total 1.11 s
                       · draft 178/234 accepted (76%) · max_tokens reached
22:32:40.501 INFO:     #154 chat/completions (stream): 411 prompt tokens ·
                       temperature: 0, greedy (req), max_tokens: 256 (req),
                       min_tokens: 256 (req)
22:32:41.480 INFO:     #154 chat/completions (stream): 256 tokens generated at
                       344.0 T/s · prompt 411 tokens, none cached, 411 new in
                       0.23 s (1,787 T/s) · first token 0.24 s, total 0.98 s ·
                       draft 182/222 accepted (82%) · max_tokens reached
22:32:41.483 INFO:     #155 chat/completions (stream): 128 prompt tokens ·
                       temperature: 0, greedy (req), max_tokens: 256 (req),
                       min_tokens: 256 (req)
22:32:42.327 INFO:     #155 chat/completions (stream): 256 tokens generated at
                       348.5 T/s · prompt 128 tokens, none cached, 128 new in
                       0.10 s · first token 0.11 s, total 0.84 s · draft 182/222
                       accepted (82%) · max_tokens reached
22:32:42.329 INFO:     #156 chat/completions (stream): 84 prompt tokens ·
                       temperature: 0, greedy (req), max_tokens: 256 (req),
                       min_tokens: 256 (req)
22:32:43.463 INFO:     #156 chat/completions (stream): 256 tokens generated at
                       245.6 T/s · prompt 84 tokens, none cached, 84 new in 0.08
                       s · first token 0.09 s, total 1.13 s · draft 155/303
                       accepted (51%) · max_tokens reached
22:32:43.466 INFO:     #157 chat/completions (stream): 74 prompt tokens ·
                       temperature: 0, greedy (req), max_tokens: 256 (req),
                       min_tokens: 256 (req)
22:32:44.755 INFO:     #157 chat/completions (stream): 256 tokens generated at
                       212.7 T/s · prompt 74 tokens, none cached, 74 new in 0.08
                       s · first token 0.09 s, total 1.29 s · draft 134/366
                       accepted (37%) · max_tokens reached
22:32:44.757 INFO:     #158 chat/completions (stream): 61 prompt tokens ·
                       temperature: 0, greedy (req), max_tokens: 256 (req),
                       min_tokens: 256 (req)
22:32:45.757 INFO:     #158 chat/completions (stream): 256 tokens generated at
                       277.1 T/s · prompt 61 tokens, none cached, 61 new in 0.07
                       s · first token 0.08 s, total 1.00 s · draft 163/279
                       accepted (58%) · max_tokens reached
22:32:45.759 INFO:     #159 chat/completions (stream): 80 prompt tokens ·
                       temperature: 0, greedy (req), max_tokens: 256 (req),
                       min_tokens: 256 (req)
22:32:46.622 INFO:     #159 chat/completions (stream): 256 tokens generated at
                       330.4 T/s · prompt 80 tokens, none cached, 80 new in 0.08
                       s · first token 0.09 s, total 0.86 s · draft 179/231
                       accepted (77%) · max_tokens reached
22:32:46.624 INFO:     #160 chat/completions (stream): 112 prompt tokens ·
                       temperature: 0, greedy (req), max_tokens: 256 (req),
                       min_tokens: 256 (req)
22:32:47.475 INFO:     #160 chat/completions (stream): 256 tokens generated at
                       343.3 T/s · prompt 112 tokens, none cached, 112 new in
                       0.10 s · first token 0.11 s, total 0.85 s · draft 182/222
                       accepted (82%) · max_tokens reached
22:32:47.477 INFO:     #162 chat/completions (stream): 83 prompt tokens ·
                       temperature: 0, greedy (req), max_tokens: 256 (req),
                       min_tokens: 256 (req)
22:32:48.530 INFO:     #162 chat/completions (stream): 256 tokens generated at
                       266.6 T/s · prompt 83 tokens, none cached, 83 new in 0.09
                       s · first token 0.10 s, total 1.06 s · draft 160/288
                       accepted (56%) · max_tokens reached
22:32:48.533 INFO:     #163 chat/completions (stream): 100 prompt tokens ·
                       temperature: 0, greedy (req), max_tokens: 256 (req),
                       min_tokens: 256 (req)
22:32:49.463 INFO:     #163 chat/completions (stream): 256 tokens generated at
                       308.4 T/s · prompt 100 tokens, none cached, 100 new in
                       0.09 s · first token 0.10 s, total 0.93 s · draft 173/249
                       accepted (69%) · max_tokens reached
22:32:49.466 INFO:     #164 chat/completions (stream): 127 prompt tokens ·
                       temperature: 0, greedy (req), max_tokens: 256 (req),
                       min_tokens: 256 (req)
22:32:50.321 INFO:     #164 chat/completions (stream): 256 tokens generated at
                       343.6 T/s · prompt 127 tokens, none cached, 127 new in
                       0.10 s · first token 0.11 s, total 0.85 s · draft 182/222
                       accepted (82%) · max_tokens reached
22:32:50.323 INFO:     #165 chat/completions (stream): 90 prompt tokens ·
                       temperature: 0, greedy (req), max_tokens: 256 (req),
                       min_tokens: 256 (req)
22:32:51.351 INFO:     #165 chat/completions (stream): 256 tokens generated at
                       273.6 T/s · prompt 90 tokens, none cached, 90 new in 0.09
                       s · first token 0.10 s, total 1.03 s · draft 163/279
                       accepted (58%) · max_tokens reached
22:32:51.353 INFO:     #166 chat/completions (stream): 63 prompt tokens ·
                       temperature: 0, greedy (req), max_tokens: 256 (req),
                       min_tokens: 256 (req)
22:32:52.349 INFO:     #166 chat/completions (stream): 256 tokens generated at
                       278.5 T/s · prompt 63 tokens, none cached, 63 new in 0.07
                       s · first token 0.08 s, total 0.99 s · draft 165/273
                       accepted (60%) · max_tokens reached
22:32:52.352 INFO:     #167 chat/completions (stream): 104 prompt tokens ·
                       temperature: 0, greedy (req), max_tokens: 256 (req),
                       min_tokens: 256 (req)
22:32:53.444 INFO:     #167 chat/completions (stream): 256 tokens generated at
                       258.3 T/s · prompt 104 tokens, none cached, 104 new in
                       0.09 s · first token 0.10 s, total 1.09 s · draft 157/297
                       accepted (53%) · max_tokens reached
22:32:53.447 INFO:     #168 chat/completions (stream): 80 prompt tokens ·
                       temperature: 0, greedy (req), max_tokens: 256 (req),
                       min_tokens: 256 (req)
22:32:54.602 INFO:     #168 chat/completions (stream): 256 tokens generated at
                       239.5 T/s · prompt 80 tokens, none cached, 80 new in 0.08
                       s · first token 0.09 s, total 1.15 s · draft 148/324
                       accepted (46%) · max_tokens reached
22:32:54.604 INFO:     #169 chat/completions (stream): 82 prompt tokens ·
                       temperature: 0, greedy (req), max_tokens: 256 (req),
                       min_tokens: 256 (req)
22:32:55.782 INFO:     #169 chat/completions (stream): 256 tokens generated at
                       235.6 T/s · prompt 82 tokens, none cached, 82 new in 0.08
                       s · first token 0.09 s, total 1.17 s · draft 147/327
                       accepted (45%) · max_tokens reached
22:32:55.786 INFO:     #170 chat/completions (stream): 809 prompt tokens ·
                       temperature: 0, greedy (req), max_tokens: 256 (req),
                       min_tokens: 256 (req)
22:32:57.006 INFO:     #170 chat/completions (stream): 256 tokens generated at
                       268.5 T/s · prompt 809 tokens, none cached, 809 new in
                       0.26 s (3,112 T/s) · first token 0.27 s, total 1.22 s ·
                       draft 161/285 accepted (56%) · max_tokens reached
22:32:57.008 INFO:     #171 chat/completions (stream): 77 prompt tokens ·
                       temperature: 0, greedy (req), max_tokens: 256 (req),
                       min_tokens: 256 (req)
22:32:57.885 INFO:     #171 chat/completions (stream): 256 tokens generated at
                       324.4 T/s · prompt 77 tokens, none cached, 77 new in 0.08
                       s · first token 0.09 s, total 0.87 s · draft 176/240
                       accepted (73%) · max_tokens reached
22:32:57.887 INFO:     #172 chat/completions (stream): 64 prompt tokens ·
                       temperature: 0, greedy (req), max_tokens: 256 (req),
                       min_tokens: 256 (req)
22:32:58.857 INFO:     #172 chat/completions (stream): 256 tokens generated at
                       287.5 T/s · prompt 64 tokens, none cached, 64 new in 0.07
                       s · first token 0.08 s, total 0.97 s · draft 167/267
                       accepted (63%) · max_tokens reached
22:32:58.859 INFO:     #173 chat/completions (stream): 104 prompt tokens ·
                       temperature: 0, greedy (req), max_tokens: 256 (req),
                       min_tokens: 256 (req)
22:32:59.671 INFO:     #173 chat/completions (stream): 256 tokens generated at
                       359.8 T/s · prompt 104 tokens, none cached, 104 new in
                       0.09 s · first token 0.10 s, total 0.81 s · draft 184/216
                       accepted (85%) · max_tokens reached
22:32:59.673 INFO:     #174 chat/completions (stream): 66 prompt tokens ·
                       temperature: 0, greedy (req), max_tokens: 256 (req),
                       min_tokens: 256 (req)
22:33:00.636 INFO:     #174 chat/completions (stream): 256 tokens generated at
                       291.4 T/s · prompt 66 tokens, none cached, 66 new in 0.08
                       s · first token 0.09 s, total 0.96 s · draft 167/267
                       accepted (63%) · max_tokens reached
22:33:00.639 INFO:     #175 chat/completions (stream): 786 prompt tokens ·
                       temperature: 0, greedy (req), max_tokens: 256 (req),
                       min_tokens: 256 (req)
22:33:01.661 INFO:     #175 chat/completions (stream): 256 tokens generated at
                       315.0 T/s · prompt 786 tokens, none cached, 786 new in
                       0.20 s (3,930 T/s) · first token 0.21 s, total 1.02 s ·
                       draft 174/246 accepted (71%) · max_tokens reached
22:33:01.664 INFO:     #176 chat/completions (stream): 67 prompt tokens ·
                       temperature: 0, greedy (req), max_tokens: 256 (req),
                       min_tokens: 256 (req)
22:33:02.771 INFO:     #176 chat/completions (stream): 256 tokens generated at
                       249.9 T/s · prompt 67 tokens, none cached, 67 new in 0.07
                       s · first token 0.08 s, total 1.10 s · draft 153/309
                       accepted (50%) · max_tokens reached
22:33:02.774 INFO:     #178 chat/completions (stream): 831 prompt tokens ·
                       temperature: 0, greedy (req), max_tokens: 256 (req),
                       min_tokens: 256 (req)
22:33:03.915 INFO:     #178 chat/completions (stream): 256 tokens generated at
                       295.4 T/s · prompt 831 tokens, none cached, 831 new in
                       0.27 s (3,078 T/s) · first token 0.28 s, total 1.14 s ·
                       draft 169/261 accepted (65%) · max_tokens reached
22:33:03.919 INFO:     #179 chat/completions (stream): 731 prompt tokens ·
                       temperature: 0, greedy (req), max_tokens: 256 (req),
                       min_tokens: 256 (req)
22:33:04.994 INFO:     #179 chat/completions (stream): 256 tokens generated at
                       317.9 T/s · prompt 731 tokens, none cached, 731 new in
                       0.26 s (2,812 T/s) · first token 0.27 s, total 1.07 s ·
                       draft 176/240 accepted (73%) · max_tokens reached
22:33:04.996 INFO:     #180 chat/completions (stream): 87 prompt tokens ·
                       temperature: 0, greedy (req), max_tokens: 256 (req),
                       min_tokens: 256 (req)
22:33:05.877 INFO:     #180 chat/completions (stream): 256 tokens generated at
                       325.2 T/s · prompt 87 tokens, none cached, 87 new in 0.09
                       s · first token 0.10 s, total 0.88 s · draft 177/237
                       accepted (75%) · max_tokens reached
22:33:05.881 INFO:     #181 chat/completions (stream): 1,138 prompt tokens ·
                       temperature: 0, greedy (req), max_tokens: 256 (req),
                       min_tokens: 256 (req)
22:33:07.129 INFO:     #181 chat/completions (stream): 256 tokens generated at
                       281.6 T/s · prompt 1,138 tokens, none cached, 1,138 new
                       in 0.33 s (3,448 T/s) · first token 0.34 s, total 1.24 s
                       · draft 164/276 accepted (59%) · max_tokens reached
22:33:07.132 INFO:     #182 chat/completions (stream): 128 prompt tokens ·
                       temperature: 0, greedy (req), max_tokens: 256 (req),
                       min_tokens: 256 (req)
22:33:08.029 INFO:     #182 chat/completions (stream): 256 tokens generated at
                       323.9 T/s · prompt 128 tokens, none cached, 128 new in
                       0.10 s · first token 0.11 s, total 0.90 s · draft 176/240
                       accepted (73%) · max_tokens reached
22:33:08.033 INFO:     #183 chat/completions (stream): 592 prompt tokens ·
                       temperature: 0, greedy (req), max_tokens: 256 (req),
                       min_tokens: 256 (req)
22:33:09.270 INFO:     #183 chat/completions (stream): 256 tokens generated at
                       265.0 T/s · prompt 592 tokens, none cached, 592 new in
                       0.26 s (2,277 T/s) · first token 0.27 s, total 1.23 s ·
                       draft 159/291 accepted (55%) · max_tokens reached
22:33:09.272 INFO:     #184 chat/completions (stream): 63 prompt tokens ·
                       temperature: 0, greedy (req), max_tokens: 256 (req),
                       min_tokens: 256 (req)
22:33:10.422 INFO:     #184 chat/completions (stream): 256 tokens generated at
                       238.7 T/s · prompt 63 tokens, none cached, 63 new in 0.07
                       s · first token 0.08 s, total 1.15 s · draft 147/327
                       accepted (45%) · max_tokens reached
22:33:10.426 INFO:     #185 chat/completions (stream): 654 prompt tokens ·
                       temperature: 0, greedy (req), max_tokens: 256 (req),
                       min_tokens: 256 (req)
22:33:11.694 INFO:     #185 chat/completions (stream): 256 tokens generated at
                       257.2 T/s · prompt 654 tokens, none cached, 654 new in
                       0.27 s (2,422 T/s) · first token 0.28 s, total 1.27 s ·
                       draft 156/300 accepted (52%) · max_tokens reached
22:33:11.698 INFO:     #186 chat/completions (stream): 586 prompt tokens ·
                       temperature: 0, greedy (req), max_tokens: 256 (req),
                       min_tokens: 256 (req)
22:33:12.853 INFO:     #186 chat/completions (stream): 256 tokens generated at
                       280.2 T/s · prompt 586 tokens, none cached, 586 new in
                       0.23 s (2,548 T/s) · first token 0.24 s, total 1.15 s ·
                       draft 165/273 accepted (60%) · max_tokens reached
22:33:12.856 INFO:     #187 chat/completions (stream): 212 prompt tokens ·
                       temperature: 0, greedy (req), max_tokens: 256 (req),
                       min_tokens: 256 (req)
22:33:13.747 INFO:     #187 chat/completions (stream): 256 tokens generated at
                       330.1 T/s · prompt 212 tokens, none cached, 212 new in
                       0.11 s · first token 0.12 s, total 0.89 s · draft 179/231
                       accepted (77%) · max_tokens reached
22:33:13.751 INFO:     #188 chat/completions (stream): 960 prompt tokens ·
                       temperature: 0, greedy (req), max_tokens: 256 (req),
                       min_tokens: 256 (req)
22:33:15.010 INFO:     #188 chat/completions (stream): 256 tokens generated at
                       267.4 T/s · prompt 960 tokens, none cached, 960 new in
                       0.29 s (3,310 T/s) · first token 0.30 s, total 1.25 s ·
                       draft 160/288 accepted (56%) · max_tokens reached
22:33:15.012 INFO:     #189 chat/completions (stream): 77 prompt tokens ·
                       temperature: 0, greedy (req), max_tokens: 256 (req),
                       min_tokens: 256 (req)
22:33:16.020 INFO:     #189 chat/completions (stream): 256 tokens generated at
                       278.2 T/s · prompt 77 tokens, none cached, 77 new in 0.08
                       s · first token 0.09 s, total 1.01 s · draft 164/276
                       accepted (59%) · max_tokens reached
22:33:16.023 INFO:     #190 chat/completions (stream): 819 prompt tokens ·
                       temperature: 0, greedy (req), max_tokens: 256 (req),
                       min_tokens: 256 (req)
22:33:17.068 INFO:     #190 chat/completions (stream): 256 tokens generated at
                       328.8 T/s · prompt 819 tokens, none cached, 819 new in
                       0.26 s (3,150 T/s) · first token 0.27 s, total 1.04 s ·
                       draft 178/234 accepted (76%) · max_tokens reached
22:33:17.072 INFO:     #192 chat/completions (stream): 780 prompt tokens ·
                       temperature: 0, greedy (req), max_tokens: 256 (req),
                       min_tokens: 256 (req)
22:33:18.069 INFO:     #192 chat/completions (stream): 256 tokens generated at
                       335.3 T/s · prompt 780 tokens, none cached, 780 new in
                       0.23 s (3,391 T/s) · first token 0.24 s, total 1.00 s ·
                       draft 179/231 accepted (77%) · max_tokens reached
22:33:18.071 INFO:     #193 chat/completions (stream): 134 prompt tokens ·
                       temperature: 0, greedy (req), max_tokens: 256 (req),
                       min_tokens: 256 (req)
22:33:18.930 INFO:     #193 chat/completions (stream): 256 tokens generated at
                       344.9 T/s · prompt 134 tokens, none cached, 134 new in
                       0.11 s · first token 0.12 s, total 0.86 s · draft 182/222
                       accepted (82%) · max_tokens reached
22:33:18.933 INFO:     #194 chat/completions (stream): 695 prompt tokens ·
                       temperature: 0, greedy (req), max_tokens: 256 (req),
                       min_tokens: 256 (req)
22:33:20.103 INFO:     #194 chat/completions (stream): 256 tokens generated at
                       284.3 T/s · prompt 695 tokens, none cached, 695 new in
                       0.26 s (2,673 T/s) · first token 0.27 s, total 1.17 s ·
                       draft 165/273 accepted (60%) · max_tokens reached
22:33:20.105 INFO:     #195 chat/completions (stream): 88 prompt tokens ·
                       temperature: 0, greedy (req), max_tokens: 256 (req),
                       min_tokens: 256 (req)
22:33:21.052 INFO:     #195 chat/completions (stream): 256 tokens generated at
                       299.8 T/s · prompt 88 tokens, none cached, 88 new in 0.09
                       s · first token 0.10 s, total 0.95 s · draft 170/258
                       accepted (66%) · max_tokens reached
22:33:21.055 INFO:     #196 chat/completions (stream): 516 prompt tokens ·
                       temperature: 0, greedy (req), max_tokens: 256 (req),
                       min_tokens: 256 (req)
22:33:22.124 INFO:     #196 chat/completions (stream): 256 tokens generated at
                       284.6 T/s · prompt 516 tokens, none cached, 516 new in
                       0.16 s (3,225 T/s) · first token 0.17 s, total 1.06 s ·
                       draft 166/270 accepted (61%) · max_tokens reached
22:33:22.126 INFO:     #197 chat/completions (stream): 93 prompt tokens ·
                       temperature: 0, greedy (req), max_tokens: 256 (req),
                       min_tokens: 256 (req)
22:33:22.961 INFO:     #197 chat/completions (stream): 256 tokens generated at
                       346.2 T/s · prompt 93 tokens, none cached, 93 new in 0.09
                       s · first token 0.10 s, total 0.83 s · draft 181/225
                       accepted (80%) · max_tokens reached
22:33:22.965 INFO:     #198 chat/completions (stream): 775 prompt tokens ·
                       temperature: 0, greedy (req), max_tokens: 256 (req),
                       min_tokens: 256 (req)
22:33:24.231 INFO:     #198 chat/completions (stream): 256 tokens generated at
                       245.7 T/s · prompt 775 tokens, none cached, 775 new in
                       0.22 s (3,523 T/s) · first token 0.23 s, total 1.27 s ·
                       draft 160/288 accepted (56%) · max_tokens reached
22:33:24.239 INFO:     #199 chat/completions (stream): 386 prompt tokens ·
                       temperature: 0, greedy (req), max_tokens: 256 (req),
                       min_tokens: 256 (req)
22:33:25.477 INFO:     #199 chat/completions (stream): 256 tokens generated at
                       258.6 T/s · prompt 386 tokens, none cached, 386 new in
                       0.24 s (1,608 T/s) · first token 0.25 s, total 1.24 s ·
                       draft 158/294 accepted (54%) · max_tokens reached
22:33:25.479 INFO:     #200 chat/completions (stream): 123 prompt tokens ·
                       temperature: 0, greedy (req), max_tokens: 256 (req),
                       min_tokens: 256 (req)
22:33:26.570 INFO:     #200 chat/completions (stream): 256 tokens generated at
                       260.1 T/s · prompt 123 tokens, none cached, 123 new in
                       0.10 s · first token 0.11 s, total 1.09 s · draft 157/297
                       accepted (53%) · max_tokens reached
22:33:26.573 INFO:     #201 chat/completions (stream): 78 prompt tokens ·
                       temperature: 0, greedy (req), max_tokens: 256 (req),
                       min_tokens: 256 (req)
22:33:27.498 INFO:     #201 chat/completions (stream): 256 tokens generated at
                       306.3 T/s · prompt 78 tokens, none cached, 78 new in 0.08
                       s · first token 0.09 s, total 0.92 s · draft 172/252
                       accepted (68%) · max_tokens reached
22:33:27.501 INFO:     #202 chat/completions (stream): 116 prompt tokens ·
                       temperature: 0, greedy (req), max_tokens: 256 (req),
                       min_tokens: 256 (req)
22:33:28.450 INFO:     #202 chat/completions (stream): 256 tokens generated at
                       304.2 T/s · prompt 116 tokens, none cached, 116 new in
                       0.10 s · first token 0.11 s, total 0.95 s · draft 171/255
                       accepted (67%) · max_tokens reached
22:33:28.452 INFO:     #203 chat/completions (stream): 67 prompt tokens ·
                       temperature: 0, greedy (req), max_tokens: 256 (req),
                       min_tokens: 256 (req)
22:33:29.295 INFO:     #203 chat/completions (stream): 256 tokens generated at
                       337.3 T/s · prompt 67 tokens, none cached, 67 new in 0.08
                       s · first token 0.09 s, total 0.84 s · draft 179/231
                       accepted (77%) · max_tokens reached
22:33:29.297 INFO:     #204 chat/completions (stream): 74 prompt tokens ·
                       temperature: 0, greedy (req), max_tokens: 256 (req),
                       min_tokens: 256 (req)
22:33:30.280 INFO:     #204 chat/completions (stream): 256 tokens generated at
                       285.7 T/s · prompt 74 tokens, none cached, 74 new in 0.08
                       s · first token 0.09 s, total 0.98 s · draft 165/273
                       accepted (60%) · max_tokens reached
22:33:30.283 INFO:     #205 chat/completions (stream): 148 prompt tokens ·
                       temperature: 0, greedy (req), max_tokens: 256 (req),
                       min_tokens: 256 (req)
22:33:31.166 INFO:     #205 chat/completions (stream): 256 tokens generated at
                       325.4 T/s · prompt 148 tokens, none cached, 148 new in
                       0.09 s · first token 0.10 s, total 0.88 s · draft 177/237
                       accepted (75%) · max_tokens reached
22:33:31.169 INFO:     #206 chat/completions (stream): 660 prompt tokens ·
                       temperature: 0, greedy (req), max_tokens: 256 (req),
                       min_tokens: 256 (req)
22:33:32.383 INFO:     #206 chat/completions (stream): 256 tokens generated at
                       272.0 T/s · prompt 660 tokens, none cached, 660 new in
                       0.27 s (2,444 T/s) · first token 0.28 s, total 1.22 s ·
                       draft 163/279 accepted (58%) · max_tokens reached
22:33:32.385 INFO:     #208 chat/completions (stream): 62 prompt tokens ·
                       temperature: 0, greedy (req), max_tokens: 256 (req),
                       min_tokens: 256 (req)
22:33:33.478 INFO:     #208 chat/completions (stream): 256 tokens generated at
                       252.5 T/s · prompt 62 tokens, none cached, 62 new in 0.07
                       s · first token 0.08 s, total 1.09 s · draft 154/306
                       accepted (50%) · max_tokens reached
22:33:33.481 INFO:     #209 chat/completions (stream): 61 prompt tokens ·
                       temperature: 0, greedy (req), max_tokens: 256 (req),
                       min_tokens: 256 (req)
22:33:34.427 INFO:     #209 chat/completions (stream): 256 tokens generated at
                       295.4 T/s · prompt 61 tokens, none cached, 61 new in 0.07
                       s · first token 0.08 s, total 0.94 s · draft 169/261
                       accepted (65%) · max_tokens reached
22:33:34.429 INFO:     #210 chat/completions (stream): 91 prompt tokens ·
                       temperature: 0, greedy (req), max_tokens: 256 (req),
                       min_tokens: 256 (req)
22:33:35.270 INFO:     #210 chat/completions (stream): 256 tokens generated at
                       343.7 T/s · prompt 91 tokens, none cached, 91 new in 0.09
                       s · first token 0.10 s, total 0.84 s · draft 180/228
                       accepted (79%) · max_tokens reached
22:33:35.272 INFO:     #211 chat/completions (stream): 86 prompt tokens ·
                       temperature: 0, greedy (req), max_tokens: 256 (req),
                       min_tokens: 256 (req)
22:33:36.349 INFO:     #211 chat/completions (stream): 256 tokens generated at
                       260.2 T/s · prompt 86 tokens, none cached, 86 new in 0.09
                       s · first token 0.10 s, total 1.08 s · draft 157/297
                       accepted (53%) · max_tokens reached
22:33:36.351 INFO:     #212 chat/completions (stream): 64 prompt tokens ·
                       temperature: 0, greedy (req), max_tokens: 256 (req),
                       min_tokens: 256 (req)
22:33:37.387 INFO:     #212 chat/completions (stream): 256 tokens generated at
                       267.8 T/s · prompt 64 tokens, none cached, 64 new in 0.07
                       s · first token 0.08 s, total 1.03 s · draft 160/288
                       accepted (56%) · max_tokens reached
22:33:37.391 INFO:     #213 chat/completions (stream): 745 prompt tokens ·
                       temperature: 0, greedy (req), max_tokens: 256 (req),
                       min_tokens: 256 (req)
22:33:38.556 INFO:     #213 chat/completions (stream): 256 tokens generated at
                       288.9 T/s · prompt 745 tokens, none cached, 745 new in
                       0.27 s (2,759 T/s) · first token 0.28 s, total 1.16 s ·
                       draft 167/267 accepted (63%) · max_tokens reached
22:33:38.560 INFO:     #214 chat/completions (stream): 722 prompt tokens ·
                       temperature: 0, greedy (req), max_tokens: 256 (req),
                       min_tokens: 256 (req)
22:33:39.820 INFO:     #214 chat/completions (stream): 256 tokens generated at
                       258.8 T/s · prompt 722 tokens, none cached, 722 new in
                       0.26 s (2,777 T/s) · first token 0.27 s, total 1.25 s ·
                       draft 157/297 accepted (53%) · max_tokens reached
22:33:39.822 INFO:     #215 chat/completions (stream): 115 prompt tokens ·
                       temperature: 0, greedy (req), max_tokens: 256 (req),
                       min_tokens: 256 (req)
22:33:40.695 INFO:     #215 chat/completions (stream): 256 tokens generated at
                       333.1 T/s · prompt 115 tokens, none cached, 115 new in
                       0.10 s · first token 0.11 s, total 0.87 s · draft 179/231
                       accepted (77%) · max_tokens reached
22:33:40.697 INFO:     #216 chat/completions (stream): 91 prompt tokens ·
                       temperature: 0, greedy (req), max_tokens: 256 (req),
                       min_tokens: 256 (req)
22:33:41.541 INFO:     #216 chat/completions (stream): 256 tokens generated at
                       342.8 T/s · prompt 91 tokens, none cached, 91 new in 0.09
                       s · first token 0.10 s, total 0.84 s · draft 181/225
                       accepted (80%) · max_tokens reached
22:33:41.544 INFO:     #217 chat/completions (stream): 680 prompt tokens ·
                       temperature: 0, greedy (req), max_tokens: 256 (req),
                       min_tokens: 256 (req)
22:33:42.863 INFO:     #217 chat/completions (stream): 256 tokens generated at
                       242.6 T/s · prompt 680 tokens, none cached, 680 new in
                       0.26 s (2,615 T/s) · first token 0.27 s, total 1.32 s ·
                       draft 151/315 accepted (48%) · max_tokens reached
22:33:42.865 INFO:     #218 chat/completions (stream): 100 prompt tokens ·
                       temperature: 0, greedy (req), max_tokens: 256 (req),
                       min_tokens: 256 (req)
22:33:43.748 INFO:     #218 chat/completions (stream): 256 tokens generated at
                       327.3 T/s · prompt 100 tokens, none cached, 100 new in
                       0.09 s · first token 0.10 s, total 0.88 s · draft 181/225
                       accepted (80%) · max_tokens reached
22:33:43.750 INFO:     #219 chat/completions (stream): 64 prompt tokens ·
                       temperature: 0, greedy (req), max_tokens: 256 (req),
                       min_tokens: 256 (req)
22:33:44.671 INFO:     #219 chat/completions (stream): 256 tokens generated at
                       304.0 T/s · prompt 64 tokens, none cached, 64 new in 0.07
                       s · first token 0.08 s, total 0.92 s · draft 171/255
                       accepted (67%) · max_tokens reached
22:33:44.675 INFO:     #220 chat/completions (stream): 672 prompt tokens ·
                       temperature: 0, greedy (req), max_tokens: 256 (req),
                       min_tokens: 256 (req)
22:33:45.819 INFO:     #220 chat/completions (stream): 256 tokens generated at
                       289.2 T/s · prompt 672 tokens, none cached, 672 new in
                       0.25 s (2,688 T/s) · first token 0.26 s, total 1.14 s ·
                       draft 168/264 accepted (64%) · max_tokens reached
22:33:45.823 INFO:     #221 chat/completions (stream): 875 prompt tokens ·
                       temperature: 0, greedy (req), max_tokens: 256 (req),
                       min_tokens: 256 (req)
22:33:46.980 INFO:     #221 chat/completions (stream): 256 tokens generated at
                       298.4 T/s · prompt 875 tokens, none cached, 875 new in
                       0.29 s (3,017 T/s) · first token 0.30 s, total 1.15 s ·
                       draft 171/255 accepted (67%) · max_tokens reached
22:33:46.982 INFO:     #223 chat/completions (stream): 139 prompt tokens ·
                       temperature: 0, greedy (req), max_tokens: 256 (req),
                       min_tokens: 256 (req)
22:33:47.875 INFO:     #223 chat/completions (stream): 256 tokens generated at
                       330.2 T/s · prompt 139 tokens, none cached, 139 new in
                       0.11 s · first token 0.12 s, total 0.89 s · draft 178/234
                       accepted (76%) · max_tokens reached
22:33:47.877 INFO:     #224 chat/completions (stream): 63 prompt tokens ·
                       temperature: 0, greedy (req), max_tokens: 256 (req),
                       min_tokens: 256 (req)
22:33:49.043 INFO:     #224 chat/completions (stream): 256 tokens generated at
                       235.2 T/s · prompt 63 tokens, none cached, 63 new in 0.07
                       s · first token 0.08 s, total 1.16 s · draft 146/330
                       accepted (44%) · max_tokens reached
22:33:49.048 INFO:     #225 chat/completions (stream): 778 prompt tokens ·
                       temperature: 0, greedy (req), max_tokens: 256 (req),
                       min_tokens: 256 (req)
22:33:50.078 INFO:     #225 chat/completions (stream): 256 tokens generated at
                       310.0 T/s · prompt 778 tokens, none cached, 778 new in
                       0.19 s (4,095 T/s) · first token 0.20 s, total 1.02 s ·
                       draft 174/246 accepted (71%) · max_tokens reached
22:33:50.082 INFO:     #226 chat/completions (stream): 774 prompt tokens ·
                       temperature: 0, greedy (req), max_tokens: 256 (req),
                       min_tokens: 256 (req)
22:33:51.202 INFO:     #226 chat/completions (stream): 256 tokens generated at
                       279.7 T/s · prompt 774 tokens, none cached, 774 new in
                       0.20 s (3,870 T/s) · first token 0.21 s, total 1.12 s ·
                       draft 164/276 accepted (59%) · max_tokens reached
22:33:51.204 INFO:     #227 chat/completions (stream): 65 prompt tokens ·
                       temperature: 0, greedy (req), max_tokens: 256 (req),
                       min_tokens: 256 (req)
22:33:52.192 INFO:     #227 chat/completions (stream): 256 tokens generated at
                       281.7 T/s · prompt 65 tokens, none cached, 65 new in 0.07
                       s · first token 0.08 s, total 0.98 s · draft 164/276
                       accepted (59%) · max_tokens reached
22:33:52.195 INFO:     #228 chat/completions (stream): 117 prompt tokens ·
                       temperature: 0, greedy (req), max_tokens: 256 (req),
                       min_tokens: 256 (req)
22:33:53.044 INFO:     #228 chat/completions (stream): 256 tokens generated at
                       345.1 T/s · prompt 117 tokens, none cached, 117 new in
                       0.10 s · first token 0.11 s, total 0.85 s · draft 181/225
                       accepted (80%) · max_tokens reached
22:33:53.048 INFO:     #229 chat/completions (stream): 405 prompt tokens ·
                       temperature: 0, greedy (req), max_tokens: 256 (req),
                       min_tokens: 256 (req)
22:33:54.233 INFO:     #229 chat/completions (stream): 256 tokens generated at
                       279.4 T/s · prompt 405 tokens, none cached, 405 new in
                       0.26 s (1,558 T/s) · first token 0.27 s, total 1.18 s ·
                       draft 163/279 accepted (58%) · max_tokens reached
22:33:54.235 INFO:     #230 chat/completions (stream): 96 prompt tokens ·
                       temperature: 0, greedy (req), max_tokens: 256 (req),
                       min_tokens: 256 (req)
22:33:55.251 INFO:     #230 chat/completions (stream): 256 tokens generated at
                       279.9 T/s · prompt 96 tokens, none cached, 96 new in 0.09
                       s · first token 0.10 s, total 1.01 s · draft 164/276
                       accepted (59%) · max_tokens reached
22:33:55.257 INFO:     #231 chat/completions (stream): 1,533 prompt tokens ·
                       temperature: 0, greedy (req), max_tokens: 256 (req),
                       min_tokens: 256 (req)
22:33:56.509 INFO:     #231 chat/completions (stream): 256 tokens generated at
                       297.0 T/s · prompt 1,533 tokens, none cached, 1,533 new
                       in 0.38 s (4,034 T/s) · first token 0.39 s, total 1.25 s
                       · draft 169/261 accepted (65%) · max_tokens reached
22:33:56.514 INFO:     #232 chat/completions (stream): 786 prompt tokens ·
                       temperature: 0, greedy (req), max_tokens: 256 (req),
                       min_tokens: 256 (req)
22:33:57.535 INFO:     #232 chat/completions (stream): 256 tokens generated at
                       322.0 T/s · prompt 786 tokens, none cached, 786 new in
                       0.22 s (3,573 T/s) · first token 0.23 s, total 1.02 s ·
                       draft 176/240 accepted (73%) · max_tokens reached
22:33:57.537 INFO:     #233 chat/completions (stream): 61 prompt tokens ·
                       temperature: 0, greedy (req), max_tokens: 256 (req),
                       min_tokens: 256 (req)
22:33:58.403 INFO:     #233 chat/completions (stream): 256 tokens generated at
                       325.0 T/s · prompt 61 tokens, none cached, 61 new in 0.07
                       s · first token 0.08 s, total 0.86 s · draft 176/240
                       accepted (73%) · max_tokens reached
22:33:58.405 INFO:     #234 chat/completions (stream): 84 prompt tokens ·
                       temperature: 0, greedy (req), max_tokens: 256 (req),
                       min_tokens: 256 (req)
22:33:59.457 INFO:     #234 chat/completions (stream): 256 tokens generated at
                       266.9 T/s · prompt 84 tokens, none cached, 84 new in 0.09
                       s · first token 0.10 s, total 1.05 s · draft 159/291
                       accepted (55%) · max_tokens reached
22:33:59.459 INFO:     #235 chat/completions (stream): 92 prompt tokens ·
                       temperature: 0, greedy (req), max_tokens: 256 (req),
                       min_tokens: 256 (req)
22:34:00.351 INFO:     #235 chat/completions (stream): 256 tokens generated at
                       321.0 T/s · prompt 92 tokens, none cached, 92 new in 0.09
                       s · first token 0.10 s, total 0.89 s · draft 175/243
                       accepted (72%) · max_tokens reached
22:34:00.354 INFO:     #236 chat/completions (stream): 388 prompt tokens ·
                       temperature: 0, greedy (req), max_tokens: 256 (req),
                       min_tokens: 256 (req)
22:34:01.455 INFO:     #236 chat/completions (stream): 256 tokens generated at
                       301.1 T/s · prompt 388 tokens, none cached, 388 new in
                       0.24 s (1,617 T/s) · first token 0.25 s, total 1.10 s ·
                       draft 172/252 accepted (68%) · max_tokens reached
22:34:01.457 INFO:     #237 chat/completions (stream): 63 prompt tokens ·
                       temperature: 0, greedy (req), max_tokens: 256 (req),
                       min_tokens: 256 (req)
22:34:02.532 INFO:     #237 chat/completions (stream): 256 tokens generated at
                       257.1 T/s · prompt 63 tokens, none cached, 63 new in 0.07
                       s · first token 0.08 s, total 1.07 s · draft 156/300
                       accepted (52%) · max_tokens reached
22:34:02.534 INFO:     #239 chat/completions (stream): 78 prompt tokens ·
                       temperature: 0, greedy (req), max_tokens: 256 (req),
                       min_tokens: 256 (req)
22:34:03.583 INFO:     #239 chat/completions (stream): 256 tokens generated at
                       265.8 T/s · prompt 78 tokens, none cached, 78 new in 0.08
                       s · first token 0.09 s, total 1.05 s · draft 159/291
                       accepted (55%) · max_tokens reached
22:34:03.587 INFO:     #240 chat/completions (stream): 707 prompt tokens ·
                       temperature: 0, greedy (req), max_tokens: 256 (req),
                       min_tokens: 256 (req)
22:34:04.596 INFO:     #240 chat/completions (stream): 256 tokens generated at
                       346.3 T/s · prompt 707 tokens, none cached, 707 new in
                       0.26 s (2,719 T/s) · first token 0.27 s, total 1.00 s ·
                       draft 182/222 accepted (82%) · max_tokens reached
22:34:04.599 INFO:     #241 chat/completions (stream): 316 prompt tokens ·
                       temperature: 0, greedy (req), max_tokens: 256 (req),
                       min_tokens: 256 (req)
22:34:05.693 INFO:     #241 chat/completions (stream): 256 tokens generated at
                       288.9 T/s · prompt 316 tokens, none cached, 316 new in
                       0.20 s (1,580 T/s) · first token 0.21 s, total 1.09 s ·
                       draft 168/264 accepted (64%) · max_tokens reached
22:34:05.695 INFO:     #242 chat/completions (stream): 70 prompt tokens ·
                       temperature: 0, greedy (req), max_tokens: 256 (req),
                       min_tokens: 256 (req)
22:34:06.818 INFO:     #242 chat/completions (stream): 256 tokens generated at
                       246.6 T/s · prompt 70 tokens, none cached, 70 new in 0.08
                       s · first token 0.09 s, total 1.12 s · draft 152/312
                       accepted (49%) · max_tokens reached
22:34:06.820 INFO:     #243 chat/completions (stream): 85 prompt tokens ·
                       temperature: 0, greedy (req), max_tokens: 256 (req),
                       min_tokens: 256 (req)
22:34:07.975 INFO:     #243 chat/completions (stream): 256 tokens generated at
                       240.9 T/s · prompt 85 tokens, none cached, 85 new in 0.08
                       s · first token 0.09 s, total 1.15 s · draft 149/321
                       accepted (46%) · max_tokens reached
22:34:07.979 INFO:     #244 chat/completions (stream): 689 prompt tokens ·
                       temperature: 0, greedy (req), max_tokens: 256 (req),
                       min_tokens: 256 (req)
22:34:09.225 INFO:     #244 chat/completions (stream): 256 tokens generated at
                       260.2 T/s · prompt 689 tokens, none cached, 689 new in
                       0.25 s (2,756 T/s) · first token 0.26 s, total 1.24 s ·
                       draft 157/297 accepted (53%) · max_tokens reached
22:34:09.228 INFO:     #245 chat/completions (stream): 118 prompt tokens ·
                       temperature: 0, greedy (req), max_tokens: 256 (req),
                       min_tokens: 256 (req)
22:34:10.073 INFO:     #245 chat/completions (stream): 256 tokens generated at
                       346.8 T/s · prompt 118 tokens, none cached, 118 new in
                       0.10 s · first token 0.11 s, total 0.84 s · draft 181/225
                       accepted (80%) · max_tokens reached
22:34:10.077 INFO:     #246 chat/completions (stream): 811 prompt tokens ·
                       temperature: 0, greedy (req), max_tokens: 256 (req),
                       min_tokens: 256 (req)
22:34:11.235 INFO:     #246 chat/completions (stream): 256 tokens generated at
                       287.8 T/s · prompt 811 tokens, none cached, 811 new in
                       0.26 s (3,119 T/s) · first token 0.27 s, total 1.16 s ·
                       draft 167/267 accepted (63%) · max_tokens reached
22:34:11.239 INFO:     #247 chat/completions (stream): 560 prompt tokens ·
                       temperature: 0, greedy (req), max_tokens: 256 (req),
                       min_tokens: 256 (req)
22:34:12.453 INFO:     #247 chat/completions (stream): 256 tokens generated at
                       260.4 T/s · prompt 560 tokens, none cached, 560 new in
                       0.22 s (2,545 T/s) · first token 0.23 s, total 1.21 s ·
                       draft 158/294 accepted (54%) · max_tokens reached
22:34:12.455 INFO:     #248 chat/completions (stream): 105 prompt tokens ·
                       temperature: 0, greedy (req), max_tokens: 256 (req),
                       min_tokens: 256 (req)
22:34:13.410 INFO:     #248 chat/completions (stream): 256 tokens generated at
                       300.7 T/s · prompt 105 tokens, none cached, 105 new in
                       0.10 s · first token 0.11 s, total 0.96 s · draft 170/258
                       accepted (66%) · max_tokens reached
22:34:13.414 INFO:     #249 chat/completions (stream): 715 prompt tokens ·
                       temperature: 0, greedy (req), max_tokens: 256 (req),
                       min_tokens: 256 (req)
22:34:14.611 INFO:     #249 chat/completions (stream): 256 tokens generated at
                       275.6 T/s · prompt 715 tokens, none cached, 715 new in
                       0.26 s (2,750 T/s) · first token 0.27 s, total 1.19 s ·
                       draft 163/279 accepted (58%) · max_tokens reached
22:34:14.613 INFO:     #250 chat/completions (stream): 116 prompt tokens ·
                       temperature: 0, greedy (req), max_tokens: 256 (req),
                       min_tokens: 256 (req)
22:34:15.544 INFO:     #250 chat/completions (stream): 256 tokens generated at
                       310.1 T/s · prompt 116 tokens, none cached, 116 new in
                       0.10 s · first token 0.11 s, total 0.93 s · draft 172/252
                       accepted (68%) · max_tokens reached
22:34:15.546 INFO:     #251 chat/completions (stream): 69 prompt tokens ·
                       temperature: 0, greedy (req), max_tokens: 256 (req),
                       min_tokens: 256 (req)
22:34:16.642 INFO:     #251 chat/completions (stream): 256 tokens generated at
                       253.2 T/s · prompt 69 tokens, none cached, 69 new in 0.08
                       s · first token 0.09 s, total 1.10 s · draft 154/306
                       accepted (50%) · max_tokens reached
22:34:16.644 INFO:     #252 chat/completions (stream): 63 prompt tokens ·
                       temperature: 0, greedy (req), max_tokens: 256 (req),
                       min_tokens: 256 (req)
22:34:17.658 INFO:     #252 chat/completions (stream): 256 tokens generated at
                       273.9 T/s · prompt 63 tokens, none cached, 63 new in 0.07
                       s · first token 0.08 s, total 1.01 s · draft 162/282
                       accepted (57%) · max_tokens reached
22:34:17.660 INFO:     #254 chat/completions (stream): 74 prompt tokens ·
                       temperature: 0, greedy (req), max_tokens: 256 (req),
                       min_tokens: 256 (req)
22:34:18.558 INFO:     #254 chat/completions (stream): 256 tokens generated at
                       315.2 T/s · prompt 74 tokens, none cached, 74 new in 0.08
                       s · first token 0.09 s, total 0.90 s · draft 174/246
                       accepted (71%) · max_tokens reached
22:34:18.562 INFO:     #255 chat/completions (stream): 755 prompt tokens ·
                       temperature: 0, greedy (req), max_tokens: 256 (req),
                       min_tokens: 256 (req)
22:34:19.818 INFO:     #255 chat/completions (stream): 256 tokens generated at
                       261.8 T/s · prompt 755 tokens, none cached, 755 new in
                       0.27 s (2,796 T/s) · first token 0.28 s, total 1.25 s ·
                       draft 159/291 accepted (55%) · max_tokens reached
22:34:19.821 INFO:     #256 chat/completions (stream): 119 prompt tokens ·
                       temperature: 0, greedy (req), max_tokens: 256 (req),
                       min_tokens: 256 (req)
22:34:20.661 INFO:     #256 chat/completions (stream): 256 tokens generated at
                       349.8 T/s · prompt 119 tokens, none cached, 119 new in
                       0.10 s · first token 0.11 s, total 0.84 s · draft 183/219
                       accepted (84%) · max_tokens reached
22:34:20.663 INFO:     #257 chat/completions (stream): 157 prompt tokens ·
                       temperature: 0, greedy (req), max_tokens: 256 (req),
                       min_tokens: 256 (req)
22:34:21.517 INFO:     #257 chat/completions (stream): 256 tokens generated at
                       340.8 T/s · prompt 157 tokens, none cached, 157 new in
                       0.10 s · first token 0.11 s, total 0.86 s · draft 180/228
                       accepted (79%) · max_tokens reached
22:34:21.521 INFO:     #258 chat/completions (stream): 588 prompt tokens ·
                       temperature: 0, greedy (req), max_tokens: 256 (req),
                       min_tokens: 256 (req)
22:34:22.787 INFO:     #258 chat/completions (stream): 256 tokens generated at
                       251.5 T/s · prompt 588 tokens, none cached, 588 new in
                       0.24 s (2,450 T/s) · first token 0.25 s, total 1.26 s ·
                       draft 154/306 accepted (50%) · max_tokens reached
22:34:22.789 INFO:     #259 chat/completions (stream): 86 prompt tokens ·
                       temperature: 0, greedy (req), max_tokens: 256 (req),
                       min_tokens: 256 (req)
22:34:23.789 INFO:     #259 chat/completions (stream): 256 tokens generated at
                       282.2 T/s · prompt 86 tokens, none cached, 86 new in 0.09
                       s · first token 0.10 s, total 1.00 s · draft 165/273
                       accepted (60%) · max_tokens reached
22:34:23.792 INFO:     #260 chat/completions (stream): 71 prompt tokens ·
                       temperature: 0, greedy (req), max_tokens: 256 (req),
                       min_tokens: 256 (req)
22:34:24.909 INFO:     #260 chat/completions (stream): 256 tokens generated at
                       248.3 T/s · prompt 71 tokens, none cached, 71 new in 0.08
                       s · first token 0.09 s, total 1.12 s · draft 152/312
                       accepted (49%) · max_tokens reached
22:34:24.916 INFO:     #261 chat/completions (stream): 1,392 prompt tokens ·
                       temperature: 0, greedy (req), max_tokens: 256 (req),
                       min_tokens: 256 (req)
22:34:26.291 INFO:     #261 chat/completions (stream): 256 tokens generated at
                       266.2 T/s · prompt 1,392 tokens, none cached, 1,392 new
                       in 0.40 s (3,480 T/s) · first token 0.41 s, total 1.37 s
                       · draft 160/288 accepted (56%) · max_tokens reached
22:34:26.293 INFO:     #262 chat/completions (stream): 107 prompt tokens ·
                       temperature: 0, greedy (req), max_tokens: 256 (req),
                       min_tokens: 256 (req)
22:34:27.412 INFO:     #262 chat/completions (stream): 256 tokens generated at
                       251.6 T/s · prompt 107 tokens, none cached, 107 new in
                       0.09 s · first token 0.10 s, total 1.11 s · draft 154/306
                       accepted (50%) · max_tokens reached
22:34:27.415 INFO:     #263 chat/completions (stream): 75 prompt tokens ·
                       temperature: 0, greedy (req), max_tokens: 256 (req),
                       min_tokens: 256 (req)
22:34:28.399 INFO:     #263 chat/completions (stream): 256 tokens generated at
                       285.6 T/s · prompt 75 tokens, none cached, 75 new in 0.08
                       s · first token 0.09 s, total 0.98 s · draft 166/270
                       accepted (61%) · max_tokens reached
22:34:28.401 INFO:     #264 chat/completions (stream): 97 prompt tokens ·
                       temperature: 0, greedy (req), max_tokens: 256 (req),
                       min_tokens: 256 (req)
22:34:29.342 INFO:     #264 chat/completions (stream): 256 tokens generated at
                       307.8 T/s · prompt 97 tokens, none cached, 97 new in 0.10
                       s · first token 0.11 s, total 0.94 s · draft 173/249
                       accepted (69%) · max_tokens reached
22:34:29.344 INFO:     #265 chat/completions (stream): 81 prompt tokens ·
                       temperature: 0, greedy (req), max_tokens: 256 (req),
                       min_tokens: 256 (req)
22:34:30.190 INFO:     #265 chat/completions (stream): 256 tokens generated at
                       337.9 T/s · prompt 81 tokens, none cached, 81 new in 0.08
                       s · first token 0.09 s, total 0.84 s · draft 179/231
                       accepted (77%) · max_tokens reached
22:34:30.194 INFO:     #266 chat/completions (stream): 642 prompt tokens ·
                       temperature: 0, greedy (req), max_tokens: 256 (req),
                       min_tokens: 256 (req)
22:34:31.398 INFO:     #266 chat/completions (stream): 256 tokens generated at
                       278.9 T/s · prompt 642 tokens, none cached, 642 new in
                       0.28 s (2,293 T/s) · first token 0.29 s, total 1.20 s ·
                       draft 164/276 accepted (59%) · max_tokens reached
22:34:31.400 INFO:     #267 chat/completions (stream): 61 prompt tokens ·
                       temperature: 0, greedy (req), max_tokens: 256 (req),
                       min_tokens: 256 (req)
22:34:32.633 INFO:     #267 chat/completions (stream): 256 tokens generated at
                       221.6 T/s · prompt 61 tokens, none cached, 61 new in 0.07
                       s · first token 0.08 s, total 1.23 s · draft 140/348
                       accepted (40%) · max_tokens reached
22:34:32.635 INFO:     #269 chat/completions (stream): 128 prompt tokens ·
                       temperature: 0, greedy (req), max_tokens: 256 (req),
                       min_tokens: 256 (req)
22:34:33.483 INFO:     #269 chat/completions (stream): 256 tokens generated at
                       345.9 T/s · prompt 128 tokens, none cached, 128 new in
                       0.10 s · first token 0.11 s, total 0.85 s · draft 182/222
                       accepted (82%) · max_tokens reached
22:34:33.487 INFO:     #270 chat/completions (stream): 712 prompt tokens ·
                       temperature: 0, greedy (req), max_tokens: 256 (req),
                       min_tokens: 256 (req)
22:34:34.672 INFO:     #270 chat/completions (stream): 256 tokens generated at
                       279.8 T/s · prompt 712 tokens, none cached, 712 new in
                       0.26 s (2,738 T/s) · first token 0.27 s, total 1.18 s ·
                       draft 165/273 accepted (60%) · max_tokens reached
22:34:34.675 INFO:     #271 chat/completions (stream): 94 prompt tokens ·
                       temperature: 0, greedy (req), max_tokens: 256 (req),
                       min_tokens: 256 (req)
22:34:35.756 INFO:     #271 chat/completions (stream): 256 tokens generated at
                       259.9 T/s · prompt 94 tokens, none cached, 94 new in 0.09
                       s · first token 0.10 s, total 1.08 s · draft 158/294
                       accepted (54%) · max_tokens reached
22:34:35.758 INFO:     #272 chat/completions (stream): 66 prompt tokens ·
                       temperature: 0, greedy (req), max_tokens: 256 (req),
                       min_tokens: 256 (req)
22:34:36.794 INFO:     #272 chat/completions (stream): 256 tokens generated at
                       268.5 T/s · prompt 66 tokens, none cached, 66 new in 0.07
                       s · first token 0.08 s, total 1.03 s · draft 161/285
                       accepted (56%) · max_tokens reached
22:34:36.796 INFO:     #273 chat/completions (stream): 93 prompt tokens ·
                       temperature: 0, greedy (req), max_tokens: 256 (req),
                       min_tokens: 256 (req)
22:34:37.711 INFO:     #273 chat/completions (stream): 256 tokens generated at
                       312.3 T/s · prompt 93 tokens, none cached, 93 new in 0.09
                       s · first token 0.10 s, total 0.92 s · draft 174/246
                       accepted (71%) · max_tokens reached
22:34:37.713 INFO:     #274 chat/completions (stream): 108 prompt tokens ·
                       temperature: 0, greedy (req), max_tokens: 256 (req),
                       min_tokens: 256 (req)
22:34:38.690 INFO:     #274 chat/completions (stream): 256 tokens generated at
                       293.8 T/s · prompt 108 tokens, none cached, 108 new in
                       0.10 s · first token 0.11 s, total 0.98 s · draft 169/261
                       accepted (65%) · max_tokens reached
22:34:38.692 INFO:     #275 chat/completions (stream): 93 prompt tokens ·
                       temperature: 0, greedy (req), max_tokens: 256 (req),
                       min_tokens: 256 (req)
22:34:39.546 INFO:     #275 chat/completions (stream): 256 tokens generated at
                       338.1 T/s · prompt 93 tokens, none cached, 93 new in 0.09
                       s · first token 0.10 s, total 0.85 s · draft 180/228
                       accepted (79%) · max_tokens reached
22:34:39.548 INFO:     #276 chat/completions (stream): 86 prompt tokens ·
                       temperature: 0, greedy (req), max_tokens: 256 (req),
                       min_tokens: 256 (req)
22:34:40.426 INFO:     #276 chat/completions (stream): 256 tokens generated at
                       326.7 T/s · prompt 86 tokens, none cached, 86 new in 0.09
                       s · first token 0.10 s, total 0.88 s · draft 177/237
                       accepted (75%) · max_tokens reached
22:34:40.428 INFO:     #277 chat/completions (stream): 87 prompt tokens ·
                       temperature: 0, greedy (req), max_tokens: 256 (req),
                       min_tokens: 256 (req)
22:34:41.458 INFO:     #277 chat/completions (stream): 256 tokens generated at
                       273.5 T/s · prompt 87 tokens, none cached, 87 new in 0.09
                       s · first token 0.10 s, total 1.03 s · draft 162/282
                       accepted (57%) · max_tokens reached
22:34:41.460 INFO:     #278 chat/completions (stream): 91 prompt tokens ·
                       temperature: 0, greedy (req), max_tokens: 256 (req),
                       min_tokens: 256 (req)
22:34:42.548 INFO:     #278 chat/completions (stream): 256 tokens generated at
                       257.2 T/s · prompt 91 tokens, none cached, 91 new in 0.08
                       s · first token 0.09 s, total 1.08 s · draft 156/300
                       accepted (52%) · max_tokens reached
22:34:42.553 INFO:     #279 chat/completions (stream): 849 prompt tokens ·
                       temperature: 0, greedy (req), max_tokens: 256 (req),
                       min_tokens: 256 (req)
22:34:43.694 INFO:     #279 chat/completions (stream): 256 tokens generated at
                       298.4 T/s · prompt 849 tokens, none cached, 849 new in
                       0.27 s (3,144 T/s) · first token 0.28 s, total 1.13 s ·
                       draft 173/249 accepted (69%) · max_tokens reached
22:34:43.696 INFO:     #280 chat/completions (stream): 82 prompt tokens ·
                       temperature: 0, greedy (req), max_tokens: 256 (req),
                       min_tokens: 256 (req)
22:34:44.710 INFO:     #280 chat/completions (stream): 256 tokens generated at
                       278.0 T/s · prompt 82 tokens, none cached, 82 new in 0.08
                       s · first token 0.09 s, total 1.01 s · draft 164/276
                       accepted (59%) · max_tokens reached
22:34:44.712 INFO:     #281 chat/completions (stream): 64 prompt tokens ·
                       temperature: 0, greedy (req), max_tokens: 256 (req),
                       min_tokens: 256 (req)
22:34:45.805 INFO:     #281 chat/completions (stream): 256 tokens generated at
                       252.6 T/s · prompt 64 tokens, none cached, 64 new in 0.07
                       s · first token 0.08 s, total 1.09 s · draft 154/306
                       accepted (50%) · max_tokens reached
22:34:45.807 INFO:     #282 chat/completions (stream): 117 prompt tokens ·
                       temperature: 0, greedy (req), max_tokens: 256 (req),
                       min_tokens: 256 (req)
22:34:46.651 INFO:     #282 chat/completions (stream): 256 tokens generated at
                       347.7 T/s · prompt 117 tokens, none cached, 117 new in
                       0.10 s · first token 0.11 s, total 0.84 s · draft 182/222
                       accepted (82%) · max_tokens reached
22:34:46.656 INFO:     #283 chat/completions (stream): 1,307 prompt tokens ·
                       temperature: 0, greedy (req), max_tokens: 256 (req),
                       min_tokens: 256 (req)
22:34:47.861 INFO:     #283 chat/completions (stream): 256 tokens generated at
                       284.3 T/s · prompt 1,307 tokens, none cached, 1,307 new
                       in 0.29 s (4,507 T/s) · first token 0.30 s, total 1.20 s
                       · draft 166/270 accepted (61%) · max_tokens reached
22:34:47.864 INFO:     #285 chat/completions (stream): 93 prompt tokens ·
                       temperature: 0, greedy (req), max_tokens: 256 (req),
                       min_tokens: 256 (req)
22:34:48.941 INFO:     #285 chat/completions (stream): 256 tokens generated at
                       260.6 T/s · prompt 93 tokens, none cached, 93 new in 0.09
                       s · first token 0.10 s, total 1.08 s · draft 157/297
                       accepted (53%) · max_tokens reached
22:34:48.943 INFO:     #286 chat/completions (stream): 108 prompt tokens ·
                       temperature: 0, greedy (req), max_tokens: 256 (req),
                       min_tokens: 256 (req)
22:34:49.948 INFO:     #286 chat/completions (stream): 256 tokens generated at
                       284.7 T/s · prompt 108 tokens, none cached, 108 new in
                       0.10 s · first token 0.11 s, total 1.00 s · draft 167/267
                       accepted (63%) · max_tokens reached
22:34:49.950 INFO:     #287 chat/completions (stream): 97 prompt tokens ·
                       temperature: 0, greedy (req), max_tokens: 256 (req),
                       min_tokens: 256 (req)
22:34:50.823 INFO:     #287 chat/completions (stream): 256 tokens generated at
                       329.6 T/s · prompt 97 tokens, none cached, 97 new in 0.09
                       s · first token 0.10 s, total 0.87 s · draft 179/231
                       accepted (77%) · max_tokens reached
22:34:50.827 INFO:     #288 chat/completions (stream): 752 prompt tokens ·
                       temperature: 0, greedy (req), max_tokens: 256 (req),
                       min_tokens: 256 (req)
22:34:52.029 INFO:     #288 chat/completions (stream): 256 tokens generated at
                       276.6 T/s · prompt 752 tokens, none cached, 752 new in
                       0.27 s (2,785 T/s) · first token 0.28 s, total 1.20 s ·
                       draft 165/273 accepted (60%) · max_tokens reached
22:34:52.034 INFO:     #289 chat/completions (stream): 772 prompt tokens ·
                       temperature: 0, greedy (req), max_tokens: 256 (req),
                       min_tokens: 256 (req)
22:34:53.086 INFO:     #289 chat/completions (stream): 256 tokens generated at
                       303.7 T/s · prompt 772 tokens, none cached, 772 new in
                       0.20 s (3,860 T/s) · first token 0.21 s, total 1.05 s ·
                       draft 171/255 accepted (67%) · max_tokens reached
22:34:53.089 INFO:     #290 chat/completions (stream): 84 prompt tokens ·
                       temperature: 0, greedy (req), max_tokens: 256 (req),
                       min_tokens: 256 (req)
22:34:54.201 INFO:     #290 chat/completions (stream): 256 tokens generated at
                       250.7 T/s · prompt 84 tokens, none cached, 84 new in 0.08
                       s · first token 0.09 s, total 1.11 s · draft 153/309
                       accepted (50%) · max_tokens reached
22:34:54.203 INFO:     #291 chat/completions (stream): 76 prompt tokens ·
                       temperature: 0, greedy (req), max_tokens: 256 (req),
                       min_tokens: 256 (req)
22:34:55.122 INFO:     #291 chat/completions (stream): 256 tokens generated at
                       307.9 T/s · prompt 76 tokens, none cached, 76 new in 0.08
                       s · first token 0.09 s, total 0.92 s · draft 172/252
                       accepted (68%) · max_tokens reached
22:34:55.126 INFO:     #292 chat/completions (stream): 881 prompt tokens ·
                       temperature: 0, greedy (req), max_tokens: 256 (req),
                       min_tokens: 256 (req)
22:34:56.350 INFO:     #292 chat/completions (stream): 256 tokens generated at
                       283.6 T/s · prompt 881 tokens, none cached, 881 new in
                       0.31 s (2,842 T/s) · first token 0.32 s, total 1.22 s ·
                       draft 166/270 accepted (61%) · max_tokens reached
22:34:56.353 INFO:     #293 chat/completions (stream): 78 prompt tokens ·
                       temperature: 0, greedy (req), max_tokens: 256 (req),
                       min_tokens: 256 (req)
22:34:57.320 INFO:     #293 chat/completions (stream): 256 tokens generated at
                       290.6 T/s · prompt 78 tokens, none cached, 78 new in 0.08
                       s · first token 0.09 s, total 0.97 s · draft 168/264
                       accepted (64%) · max_tokens reached
22:34:57.324 INFO:     #294 chat/completions (stream): 681 prompt tokens ·
                       temperature: 0, greedy (req), max_tokens: 256 (req),
                       min_tokens: 256 (req)
22:34:58.472 INFO:     #294 chat/completions (stream): 256 tokens generated at
                       287.5 T/s · prompt 681 tokens, none cached, 681 new in
                       0.25 s (2,724 T/s) · first token 0.26 s, total 1.15 s ·
                       draft 167/267 accepted (63%) · max_tokens reached
22:34:58.477 INFO:     #295 chat/completions (stream): 947 prompt tokens ·
                       temperature: 0, greedy (req), max_tokens: 256 (req),
                       min_tokens: 256 (req)
22:34:59.629 INFO:     #295 chat/completions (stream): 256 tokens generated at
                       301.0 T/s · prompt 947 tokens, none cached, 947 new in
                       0.29 s (3,266 T/s) · first token 0.30 s, total 1.15 s ·
                       draft 170/258 accepted (66%) · max_tokens reached
22:34:59.631 INFO:     #296 chat/completions (stream): 98 prompt tokens ·
                       temperature: 0, greedy (req), max_tokens: 256 (req),
                       min_tokens: 256 (req)
22:35:00.726 INFO:     #296 chat/completions (stream): 256 tokens generated at
                       257.6 T/s · prompt 98 tokens, none cached, 98 new in 0.09
                       s · first token 0.10 s, total 1.09 s · draft 156/300
                       accepted (52%) · max_tokens reached
22:35:00.728 INFO:     #297 chat/completions (stream): 96 prompt tokens ·
                       temperature: 0, greedy (req), max_tokens: 256 (req),
                       min_tokens: 256 (req)
22:35:01.813 INFO:     #297 chat/completions (stream): 256 tokens generated at
                       258.9 T/s · prompt 96 tokens, none cached, 96 new in 0.09
                       s · first token 0.10 s, total 1.08 s · draft 157/297
                       accepted (53%) · max_tokens reached
22:35:01.816 INFO:     #298 chat/completions (stream): 191 prompt tokens ·
                       temperature: 0, greedy (req), max_tokens: 256 (req),
                       min_tokens: 256 (req)
22:35:02.786 INFO:     #298 chat/completions (stream): 256 tokens generated at
                       296.9 T/s · prompt 191 tokens, none cached, 191 new in
                       0.10 s · first token 0.11 s, total 0.97 s · draft 170/258
                       accepted (66%) · max_tokens reached
22:35:02.789 INFO:     #300 chat/completions (stream): 166 prompt tokens ·
                       temperature: 0, greedy (req), max_tokens: 256 (req),
                       min_tokens: 256 (req)
22:35:03.672 INFO:     #300 chat/completions (stream): 256 tokens generated at
                       327.9 T/s · prompt 166 tokens, none cached, 166 new in
                       0.09 s · first token 0.10 s, total 0.88 s · draft 178/234
                       accepted (76%) · max_tokens reached
22:35:03.674 INFO:     #301 chat/completions (stream): 85 prompt tokens ·
                       temperature: 0, greedy (req), max_tokens: 256 (req),
                       min_tokens: 256 (req)
22:35:04.684 INFO:     #301 chat/completions (stream): 256 tokens generated at
                       279.3 T/s · prompt 85 tokens, none cached, 85 new in 0.09
                       s · first token 0.10 s, total 1.01 s · draft 166/270
                       accepted (61%) · max_tokens reached
22:35:04.686 INFO:     #302 chat/completions (stream): 62 prompt tokens ·
                       temperature: 0, greedy (req), max_tokens: 256 (req),
                       min_tokens: 256 (req)
22:35:05.562 INFO:     #302 chat/completions (stream): 256 tokens generated at
                       320.5 T/s · prompt 62 tokens, none cached, 62 new in 0.07
                       s · first token 0.08 s, total 0.87 s · draft 175/243
                       accepted (72%) · max_tokens reached
22:35:05.566 INFO:     #303 chat/completions (stream): 775 prompt tokens ·
                       temperature: 0, greedy (req), max_tokens: 256 (req),
                       min_tokens: 256 (req)
22:35:06.639 INFO:     #303 chat/completions (stream): 256 tokens generated at
                       295.9 T/s · prompt 775 tokens, none cached, 775 new in
                       0.20 s (3,875 T/s) · first token 0.21 s, total 1.07 s ·
                       draft 169/261 accepted (65%) · max_tokens reached
22:35:06.641 INFO:     #304 chat/completions (stream): 63 prompt tokens ·
                       temperature: 0, greedy (req), max_tokens: 256 (req),
                       min_tokens: 256 (req)
22:35:07.745 INFO:     #304 chat/completions (stream): 256 tokens generated at
                       249.6 T/s · prompt 63 tokens, none cached, 63 new in 0.07
                       s · first token 0.08 s, total 1.10 s · draft 152/312
                       accepted (49%) · max_tokens reached
22:35:07.747 INFO:     #305 chat/completions (stream): 97 prompt tokens ·
                       temperature: 0, greedy (req), max_tokens: 256 (req),
                       min_tokens: 256 (req)
22:35:08.711 INFO:     #305 chat/completions (stream): 256 tokens generated at
                       295.9 T/s · prompt 97 tokens, none cached, 97 new in 0.09
                       s · first token 0.10 s, total 0.96 s · draft 169/261
                       accepted (65%) · max_tokens reached
22:35:08.714 INFO:     #306 chat/completions (stream): 65 prompt tokens ·
                       temperature: 0, greedy (req), max_tokens: 256 (req),
                       min_tokens: 256 (req)
22:35:09.675 INFO:     #306 chat/completions (stream): 256 tokens generated at
                       291.4 T/s · prompt 65 tokens, none cached, 65 new in 0.07
                       s · first token 0.08 s, total 0.95 s · draft 167/267
                       accepted (63%) · max_tokens reached
22:35:09.678 INFO:     #307 chat/completions (stream): 61 prompt tokens ·
                       temperature: 0, greedy (req), max_tokens: 256 (req),
                       min_tokens: 256 (req)
22:35:10.868 INFO:     #307 chat/completions (stream): 256 tokens generated at
                       230.1 T/s · prompt 61 tokens, none cached, 61 new in 0.07
                       s · first token 0.08 s, total 1.19 s · draft 144/336
                       accepted (43%) · max_tokens reached
22:35:10.872 INFO:     #308 chat/completions (stream): 797 prompt tokens ·
                       temperature: 0, greedy (req), max_tokens: 256 (req),
                       min_tokens: 256 (req)
22:35:11.857 INFO:     #308 chat/completions (stream): 256 tokens generated at
                       333.4 T/s · prompt 797 tokens, none cached, 797 new in
                       0.21 s (3,795 T/s) · first token 0.22 s, total 0.98 s ·
                       draft 178/234 accepted (76%) · max_tokens reached
22:35:11.861 INFO:     #309 chat/completions (stream): 822 prompt tokens ·
                       temperature: 0, greedy (req), max_tokens: 256 (req),
                       min_tokens: 256 (req)
22:35:13.111 INFO:     #309 chat/completions (stream): 256 tokens generated at
                       262.2 T/s · prompt 822 tokens, none cached, 822 new in
                       0.26 s (3,162 T/s) · first token 0.27 s, total 1.24 s ·
                       draft 161/285 accepted (56%) · max_tokens reached
22:35:13.113 INFO:     #310 chat/completions (stream): 63 prompt tokens ·
                       temperature: 0, greedy (req), max_tokens: 256 (req),
                       min_tokens: 256 (req)
22:35:14.007 INFO:     #310 chat/completions (stream): 256 tokens generated at
                       314.2 T/s · prompt 63 tokens, none cached, 63 new in 0.07
                       s · first token 0.08 s, total 0.89 s · draft 173/249
                       accepted (69%) · max_tokens reached
22:35:14.009 INFO:     #311 chat/completions (stream): 94 prompt tokens ·
                       temperature: 0, greedy (req), max_tokens: 256 (req),
                       min_tokens: 256 (req)
22:35:15.093 INFO:     #311 chat/completions (stream): 256 tokens generated at
                       259.0 T/s · prompt 94 tokens, none cached, 94 new in 0.09
                       s · first token 0.10 s, total 1.08 s · draft 157/297
                       accepted (53%) · max_tokens reached
22:35:15.096 INFO:     #312 chat/completions (stream): 104 prompt tokens ·
                       temperature: 0, greedy (req), max_tokens: 256 (req),
                       min_tokens: 256 (req)
22:35:16.083 INFO:     #312 chat/completions (stream): 256 tokens generated at
                       289.4 T/s · prompt 104 tokens, none cached, 104 new in
                       0.09 s · first token 0.10 s, total 0.98 s · draft 167/267
                       accepted (63%) · max_tokens reached
22:35:16.087 INFO:     #313 chat/completions (stream): 470 prompt tokens ·
                       temperature: 0, greedy (req), max_tokens: 256 (req),
                       min_tokens: 256 (req)
22:35:17.162 INFO:     #313 chat/completions (stream): 256 tokens generated at
                       307.6 T/s · prompt 470 tokens, none cached, 470 new in
                       0.23 s (2,043 T/s) · first token 0.24 s, total 1.07 s ·
                       draft 173/249 accepted (69%) · max_tokens reached
22:35:17.166 INFO:     #315 chat/completions (stream): 957 prompt tokens ·
                       temperature: 0, greedy (req), max_tokens: 256 (req),
                       min_tokens: 256 (req)
22:35:18.380 INFO:     #315 chat/completions (stream): 256 tokens generated at
                       286.0 T/s · prompt 957 tokens, none cached, 957 new in
                       0.31 s (3,087 T/s) · first token 0.32 s, total 1.21 s ·
                       draft 166/270 accepted (61%) · max_tokens reached
22:35:18.382 INFO:     #316 chat/completions (stream): 90 prompt tokens ·
                       temperature: 0, greedy (req), max_tokens: 256 (req),
                       min_tokens: 256 (req)
22:35:19.278 INFO:     #316 chat/completions (stream): 256 tokens generated at
                       318.9 T/s · prompt 90 tokens, none cached, 90 new in 0.09
                       s · first token 0.10 s, total 0.90 s · draft 174/246
                       accepted (71%) · max_tokens reached
22:35:19.281 INFO:     #317 chat/completions (stream): 72 prompt tokens ·
                       temperature: 0, greedy (req), max_tokens: 256 (req),
                       min_tokens: 256 (req)
22:35:20.085 INFO:     #317 chat/completions (stream): 256 tokens generated at
                       356.6 T/s · prompt 72 tokens, none cached, 72 new in 0.08
                       s · first token 0.09 s, total 0.80 s · draft 184/216
                       accepted (85%) · max_tokens reached
22:35:20.089 INFO:     #318 chat/completions (stream): 748 prompt tokens ·
                       temperature: 0, greedy (req), max_tokens: 256 (req),
                       min_tokens: 256 (req)
22:35:21.161 INFO:     #318 chat/completions (stream): 256 tokens generated at
                       320.0 T/s · prompt 748 tokens, none cached, 748 new in
                       0.26 s (2,877 T/s) · first token 0.27 s, total 1.07 s ·
                       draft 175/243 accepted (72%) · max_tokens reached
22:35:21.164 INFO:     #319 chat/completions (stream): 135 prompt tokens ·
                       temperature: 0, greedy (req), max_tokens: 256 (req),
                       min_tokens: 256 (req)
22:35:22.026 INFO:     #319 chat/completions (stream): 256 tokens generated at
                       353.2 T/s · prompt 135 tokens, none cached, 135 new in
                       0.13 s · first token 0.14 s, total 0.86 s · draft 183/219
                       accepted (84%) · max_tokens reached
22:35:22.028 INFO:     #320 chat/completions (stream): 109 prompt tokens ·
                       temperature: 0, greedy (req), max_tokens: 256 (req),
                       min_tokens: 256 (req)
22:35:22.883 INFO:     #320 chat/completions (stream): 256 tokens generated at
                       339.6 T/s · prompt 109 tokens, none cached, 109 new in
                       0.09 s · first token 0.10 s, total 0.85 s · draft 183/219
                       accepted (84%) · max_tokens reached
22:35:22.887 INFO:     #321 chat/completions (stream): 748 prompt tokens ·
                       temperature: 0, greedy (req), max_tokens: 256 (req),
                       min_tokens: 256 (req)
22:35:23.964 INFO:     #321 chat/completions (stream): 256 tokens generated at
                       318.5 T/s · prompt 748 tokens, none cached, 748 new in
                       0.26 s (2,877 T/s) · first token 0.27 s, total 1.07 s ·
                       draft 176/240 accepted (73%) · max_tokens reached
22:35:23.969 INFO:     #322 chat/completions (stream): 1,170 prompt tokens ·
                       temperature: 0, greedy (req), max_tokens: 256 (req),
                       min_tokens: 256 (req)
22:35:25.314 INFO:     #322 chat/completions (stream): 256 tokens generated at
                       257.0 T/s · prompt 1,170 tokens, none cached, 1,170 new
                       in 0.34 s (3,441 T/s) · first token 0.35 s, total 1.34 s
                       · draft 156/300 accepted (52%) · max_tokens reached
22:35:25.318 INFO:     #323 chat/completions (stream): 832 prompt tokens ·
                       temperature: 0, greedy (req), max_tokens: 256 (req),
                       min_tokens: 256 (req)
22:35:26.431 INFO:     #323 chat/completions (stream): 256 tokens generated at
                       304.9 T/s · prompt 832 tokens, none cached, 832 new in
                       0.26 s (3,200 T/s) · first token 0.27 s, total 1.11 s ·
                       draft 171/255 accepted (67%) · max_tokens reached
22:35:26.433 INFO:     #324 chat/completions (stream): 64 prompt tokens ·
                       temperature: 0, greedy (req), max_tokens: 256 (req),
                       min_tokens: 256 (req)
22:35:27.523 INFO:     #324 chat/completions (stream): 256 tokens generated at
                       253.5 T/s · prompt 64 tokens, none cached, 64 new in 0.07
                       s · first token 0.08 s, total 1.09 s · draft 154/306
                       accepted (50%) · max_tokens reached
22:35:27.525 INFO:     #325 chat/completions (stream): 103 prompt tokens ·
                       temperature: 0, greedy (req), max_tokens: 256 (req),
                       min_tokens: 256 (req)
22:35:28.510 INFO:     #325 chat/completions (stream): 256 tokens generated at
                       289.9 T/s · prompt 103 tokens, none cached, 103 new in
                       0.09 s · first token 0.10 s, total 0.98 s · draft 165/273
                       accepted (60%) · max_tokens reached
22:35:28.512 INFO:     #326 chat/completions (stream): 101 prompt tokens ·
                       temperature: 0, greedy (req), max_tokens: 256 (req),
                       min_tokens: 256 (req)
22:35:29.523 INFO:     #326 chat/completions (stream): 256 tokens generated at
                       282.0 T/s · prompt 101 tokens, none cached, 101 new in
                       0.09 s · first token 0.10 s, total 1.00 s · draft 165/273
                       accepted (60%) · max_tokens reached
22:35:29.525 INFO:     #327 chat/completions (stream): 63 prompt tokens ·
                       temperature: 0, greedy (req), max_tokens: 256 (req),
                       min_tokens: 256 (req)
22:35:30.459 INFO:     #327 chat/completions (stream): 256 tokens generated at
                       299.3 T/s · prompt 63 tokens, none cached, 63 new in 0.07
                       s · first token 0.08 s, total 0.93 s · draft 170/258
                       accepted (66%) · max_tokens reached
22:35:30.462 INFO:     #328 chat/completions (stream): 63 prompt tokens ·
                       temperature: 0, greedy (req), max_tokens: 256 (req),
                       min_tokens: 256 (req)
22:35:31.452 INFO:     #328 chat/completions (stream): 256 tokens generated at
                       281.0 T/s · prompt 63 tokens, none cached, 63 new in 0.07
                       s · first token 0.08 s, total 0.99 s · draft 164/276
                       accepted (59%) · max_tokens reached
22:35:31.455 INFO:     #329 chat/completions (stream): 155 prompt tokens ·
                       temperature: 0, greedy (req), max_tokens: 256 (req),
                       min_tokens: 256 (req)
22:35:32.371 INFO:     #329 chat/completions (stream): 256 tokens generated at
                       314.4 T/s · prompt 155 tokens, none cached, 155 new in
                       0.09 s · first token 0.10 s, total 0.91 s · draft 175/243
                       accepted (72%) · max_tokens reached
22:35:32.373 INFO:     #331 chat/completions (stream): 71 prompt tokens ·
                       temperature: 0, greedy (req), max_tokens: 256 (req),
                       min_tokens: 256 (req)
22:35:33.476 INFO:     #331 chat/completions (stream): 256 tokens generated at
                       251.4 T/s · prompt 71 tokens, none cached, 71 new in 0.08
                       s · first token 0.09 s, total 1.10 s · draft 153/309
                       accepted (50%) · max_tokens reached
22:35:33.479 INFO:     #332 chat/completions (stream): 102 prompt tokens ·
                       temperature: 0, greedy (req), max_tokens: 256 (req),
                       min_tokens: 256 (req)
22:35:34.705 INFO:     #332 chat/completions (stream): 256 tokens generated at
                       227.4 T/s · prompt 102 tokens, none cached, 102 new in
                       0.09 s · first token 0.10 s, total 1.22 s · draft 143/339
                       accepted (42%) · max_tokens reached
22:35:34.708 INFO:     #333 chat/completions (stream): 91 prompt tokens ·
                       temperature: 0, greedy (req), max_tokens: 256 (req),
                       min_tokens: 256 (req)
22:35:35.711 INFO:     #333 chat/completions (stream): 256 tokens generated at
                       281.9 T/s · prompt 91 tokens, none cached, 91 new in 0.09
                       s · first token 0.10 s, total 1.00 s · draft 165/273
                       accepted (60%) · max_tokens reached
22:35:35.715 INFO:     #334 chat/completions (stream): 788 prompt tokens ·
                       temperature: 0, greedy (req), max_tokens: 256 (req),
                       min_tokens: 256 (req)
22:35:36.819 INFO:     #334 chat/completions (stream): 256 tokens generated at
                       289.3 T/s · prompt 788 tokens, none cached, 788 new in
                       0.21 s (3,752 T/s) · first token 0.22 s, total 1.10 s ·
                       draft 167/267 accepted (63%) · max_tokens reached
22:35:36.823 INFO:     #335 chat/completions (stream): 809 prompt tokens ·
                       temperature: 0, greedy (req), max_tokens: 256 (req),
                       min_tokens: 256 (req)
22:35:38.272 INFO:     #335 chat/completions (stream): 256 tokens generated at
                       240.9 T/s · prompt 809 tokens, none cached, 809 new in
                       0.38 s (2,129 T/s) · first token 0.39 s, total 1.45 s ·
                       draft 149/321 accepted (46%) · max_tokens reached
22:35:38.274 INFO:     #336 chat/completions (stream): 106 prompt tokens ·
                       temperature: 0, greedy (req), max_tokens: 256 (req),
                       min_tokens: 256 (req)
22:35:39.104 INFO:     #336 chat/completions (stream): 256 tokens generated at
                       352.1 T/s · prompt 106 tokens, none cached, 106 new in
                       0.09 s · first token 0.10 s, total 0.82 s · draft 182/222
                       accepted (82%) · max_tokens reached
22:35:39.107 INFO:     #337 chat/completions (stream): 87 prompt tokens ·
                       temperature: 0, greedy (req), max_tokens: 256 (req),
                       min_tokens: 256 (req)
22:35:40.017 INFO:     #337 chat/completions (stream): 256 tokens generated at
                       314.1 T/s · prompt 87 tokens, none cached, 87 new in 0.09
                       s · first token 0.10 s, total 0.91 s · draft 174/246
                       accepted (71%) · max_tokens reached
22:35:40.019 INFO:     #338 chat/completions (stream): 95 prompt tokens ·
                       temperature: 0, greedy (req), max_tokens: 256 (req),
                       min_tokens: 256 (req)
22:35:41.011 INFO:     #338 chat/completions (stream): 256 tokens generated at
                       285.5 T/s · prompt 95 tokens, none cached, 95 new in 0.09
                       s · first token 0.10 s, total 0.99 s · draft 166/270
                       accepted (61%) · max_tokens reached
22:35:41.013 INFO:     #339 chat/completions (stream): 133 prompt tokens ·
                       temperature: 0, greedy (req), max_tokens: 256 (req),
                       min_tokens: 256 (req)
22:35:41.974 INFO:     #339 chat/completions (stream): 256 tokens generated at
                       302.9 T/s · prompt 133 tokens, none cached, 133 new in
                       0.11 s · first token 0.12 s, total 0.96 s · draft 173/249
                       accepted (69%) · max_tokens reached
22:35:41.976 INFO:     #340 chat/completions (stream): 125 prompt tokens ·
                       temperature: 0, greedy (req), max_tokens: 256 (req),
                       min_tokens: 256 (req)
22:35:42.846 INFO:     #340 chat/completions (stream): 256 tokens generated at
                       335.8 T/s · prompt 125 tokens, none cached, 125 new in
                       0.10 s · first token 0.11 s, total 0.87 s · draft 179/231
                       accepted (77%) · max_tokens reached
22:35:42.848 INFO:     #341 chat/completions (stream): 92 prompt tokens ·
                       temperature: 0, greedy (req), max_tokens: 256 (req),
                       min_tokens: 256 (req)
22:35:43.722 INFO:     #341 chat/completions (stream): 256 tokens generated at
                       329.4 T/s · prompt 92 tokens, none cached, 92 new in 0.09
                       s · first token 0.10 s, total 0.87 s · draft 181/225
                       accepted (80%) · max_tokens reached
22:35:43.725 INFO:     #342 chat/completions (stream): 143 prompt tokens ·
                       temperature: 0, greedy (req), max_tokens: 256 (req),
                       min_tokens: 256 (req)
22:35:44.780 INFO:     #342 chat/completions (stream): 256 tokens generated at
                       271.9 T/s · prompt 143 tokens, none cached, 143 new in
                       0.11 s · first token 0.12 s, total 1.06 s · draft 161/285
                       accepted (56%) · max_tokens reached
22:35:44.784 INFO:     #343 chat/completions (stream): 832 prompt tokens ·
                       temperature: 0, greedy (req), max_tokens: 256 (req),
                       min_tokens: 256 (req)
22:35:46.021 INFO:     #343 chat/completions (stream): 256 tokens generated at
                       266.5 T/s · prompt 832 tokens, none cached, 832 new in
                       0.27 s (3,081 T/s) · first token 0.28 s, total 1.24 s ·
                       draft 159/291 accepted (55%) · max_tokens reached
22:35:46.023 INFO:     #344 chat/completions (stream): 91 prompt tokens ·
                       temperature: 0, greedy (req), max_tokens: 256 (req),
                       min_tokens: 256 (req)
22:35:46.835 INFO:     #344 chat/completions (stream): 256 tokens generated at
                       357.6 T/s · prompt 91 tokens, none cached, 91 new in 0.09
                       s · first token 0.10 s, total 0.81 s · draft 184/216
                       accepted (85%) · max_tokens reached
22:35:46.837 INFO:     #345 chat/completions (stream): 62 prompt tokens ·
                       temperature: 0, greedy (req), max_tokens: 256 (req),
                       min_tokens: 256 (req)
22:35:47.923 INFO:     #345 chat/completions (stream): 256 tokens generated at
                       254.4 T/s · prompt 62 tokens, none cached, 62 new in 0.07
                       s · first token 0.08 s, total 1.08 s · draft 154/306
                       accepted (50%) · max_tokens reached
22:35:47.925 INFO:     #347 chat/completions (stream): 62 prompt tokens ·
                       temperature: 0, greedy (req), max_tokens: 256 (req),
                       min_tokens: 256 (req)
22:35:49.007 INFO:     #347 chat/completions (stream): 256 tokens generated at
                       255.1 T/s · prompt 62 tokens, none cached, 62 new in 0.07
                       s · first token 0.08 s, total 1.08 s · draft 155/303
                       accepted (51%) · max_tokens reached
22:35:49.009 INFO:     #348 chat/completions (stream): 71 prompt tokens ·
                       temperature: 0, greedy (req), max_tokens: 256 (req),
                       min_tokens: 256 (req)
22:35:49.937 INFO:     #348 chat/completions (stream): 256 tokens generated at
                       303.9 T/s · prompt 71 tokens, none cached, 71 new in 0.08
                       s · first token 0.09 s, total 0.93 s · draft 172/252
                       accepted (68%) · max_tokens reached
22:35:49.940 INFO:     #349 chat/completions (stream): 93 prompt tokens ·
                       temperature: 0, greedy (req), max_tokens: 256 (req),
                       min_tokens: 256 (req)
22:35:50.747 INFO:     #349 chat/completions (stream): 256 tokens generated at
                       360.1 T/s · prompt 93 tokens, none cached, 93 new in 0.09
                       s · first token 0.10 s, total 0.81 s · draft 184/216
                       accepted (85%) · max_tokens reached
22:35:50.749 INFO:     #350 chat/completions (stream): 74 prompt tokens ·
                       temperature: 0, greedy (req), max_tokens: 256 (req),
                       min_tokens: 256 (req)
22:35:51.834 INFO:     #350 chat/completions (stream): 256 tokens generated at
                       256.5 T/s · prompt 74 tokens, none cached, 74 new in 0.08
                       s · first token 0.09 s, total 1.08 s · draft 155/303
                       accepted (51%) · max_tokens reached
22:35:51.838 INFO:     #351 chat/completions (stream): 892 prompt tokens ·
                       temperature: 0, greedy (req), max_tokens: 256 (req),
                       min_tokens: 256 (req)
22:35:52.990 INFO:     #351 chat/completions (stream): 256 tokens generated at
                       298.1 T/s · prompt 892 tokens, none cached, 892 new in
                       0.28 s (3,186 T/s) · first token 0.29 s, total 1.14 s ·
                       draft 173/249 accepted (69%) · max_tokens reached
22:35:52.993 INFO:     #352 chat/completions (stream): 726 prompt tokens ·
                       temperature: 0, greedy (req), max_tokens: 256 (req),
                       min_tokens: 256 (req)
22:35:54.174 INFO:     #352 chat/completions (stream): 256 tokens generated at
                       279.7 T/s · prompt 726 tokens, none cached, 726 new in
                       0.26 s (2,792 T/s) · first token 0.27 s, total 1.18 s ·
                       draft 163/279 accepted (58%) · max_tokens reached
22:35:54.178 INFO:     #353 chat/completions (stream): 433 prompt tokens ·
                       temperature: 0, greedy (req), max_tokens: 256 (req),
                       min_tokens: 256 (req)
22:35:55.256 INFO:     #353 chat/completions (stream): 256 tokens generated at
                       304.4 T/s · prompt 433 tokens, none cached, 433 new in
                       0.22 s (1,968 T/s) · first token 0.23 s, total 1.07 s ·
                       draft 171/255 accepted (67%) · max_tokens reached
22:35:55.258 INFO:     #354 chat/completions (stream): 116 prompt tokens ·
                       temperature: 0, greedy (req), max_tokens: 256 (req),
                       min_tokens: 256 (req)
22:35:56.090 INFO:     #354 chat/completions (stream): 256 tokens generated at
                       353.4 T/s · prompt 116 tokens, none cached, 116 new in
                       0.10 s · first token 0.11 s, total 0.83 s · draft 183/219
                       accepted (84%) · max_tokens reached
22:35:56.092 INFO:     #355 chat/completions (stream): 81 prompt tokens ·
                       temperature: 0, greedy (req), max_tokens: 256 (req),
                       min_tokens: 256 (req)
22:35:57.032 INFO:     #355 chat/completions (stream): 256 tokens generated at
                       301.3 T/s · prompt 81 tokens, none cached, 81 new in 0.08
                       s · first token 0.09 s, total 0.94 s · draft 170/258
                       accepted (66%) · max_tokens reached
22:35:57.035 INFO:     #356 chat/completions (stream): 634 prompt tokens ·
                       temperature: 0, greedy (req), max_tokens: 256 (req),
                       min_tokens: 256 (req)
22:35:58.229 INFO:     #356 chat/completions (stream): 256 tokens generated at
                       282.9 T/s · prompt 634 tokens, none cached, 634 new in
                       0.28 s (2,264 T/s) · first token 0.29 s, total 1.19 s ·
                       draft 166/270 accepted (61%) · max_tokens reached
22:35:58.231 INFO:     #357 chat/completions (stream): 71 prompt tokens ·
                       temperature: 0, greedy (req), max_tokens: 256 (req),
                       min_tokens: 256 (req)
22:35:59.172 INFO:     #357 chat/completions (stream): 256 tokens generated at
                       299.6 T/s · prompt 71 tokens, none cached, 71 new in 0.08
                       s · first token 0.09 s, total 0.94 s · draft 170/258
                       accepted (66%) · max_tokens reached
22:35:59.174 INFO:     #358 chat/completions (stream): 100 prompt tokens ·
                       temperature: 0, greedy (req), max_tokens: 256 (req),
                       min_tokens: 256 (req)
22:36:00.070 INFO:     #358 chat/completions (stream): 256 tokens generated at
                       324.1 T/s · prompt 100 tokens, none cached, 100 new in
                       0.10 s · first token 0.11 s, total 0.90 s · draft 176/240
                       accepted (73%) · max_tokens reached
22:36:00.072 INFO:     #359 chat/completions (stream): 96 prompt tokens ·
                       temperature: 0, greedy (req), max_tokens: 256 (req),
                       min_tokens: 256 (req)
22:36:01.048 INFO:     #359 chat/completions (stream): 256 tokens generated at
                       291.6 T/s · prompt 96 tokens, none cached, 96 new in 0.09
                       s · first token 0.10 s, total 0.97 s · draft 167/267
                       accepted (63%) · max_tokens reached
22:36:01.050 INFO:     #360 chat/completions (stream): 93 prompt tokens ·
                       temperature: 0, greedy (req), max_tokens: 256 (req),
                       min_tokens: 256 (req)
22:36:02.127 INFO:     #360 chat/completions (stream): 256 tokens generated at
                       260.8 T/s · prompt 93 tokens, none cached, 93 new in 0.09
                       s · first token 0.10 s, total 1.08 s · draft 158/294
                       accepted (54%) · max_tokens reached
22:36:02.132 INFO:     #362 chat/completions (stream): 804 prompt tokens ·
                       temperature: 0, greedy (req), max_tokens: 256 (req),
                       min_tokens: 256 (req)
22:36:03.315 INFO:     #362 chat/completions (stream): 256 tokens generated at
                       286.1 T/s · prompt 804 tokens, none cached, 804 new in
                       0.28 s (2,871 T/s) · first token 0.29 s, total 1.18 s ·
                       draft 166/270 accepted (61%) · max_tokens reached
22:36:03.319 INFO:     #363 chat/completions (stream): 745 prompt tokens ·
                       temperature: 0, greedy (req), max_tokens: 256 (req),
                       min_tokens: 256 (req)
22:36:04.327 INFO:     #363 chat/completions (stream): 256 tokens generated at
                       348.1 T/s · prompt 745 tokens, none cached, 745 new in
                       0.26 s (2,865 T/s) · first token 0.27 s, total 1.00 s ·
                       draft 182/222 accepted (82%) · max_tokens reached
22:36:04.331 INFO:     #364 chat/completions (stream): 740 prompt tokens ·
                       temperature: 0, greedy (req), max_tokens: 256 (req),
                       min_tokens: 256 (req)
22:36:05.566 INFO:     #364 chat/completions (stream): 256 tokens generated at
                       272.1 T/s · prompt 740 tokens, none cached, 740 new in
                       0.28 s (2,643 T/s) · first token 0.29 s, total 1.23 s ·
                       draft 162/282 accepted (57%) · max_tokens reached
22:36:05.569 INFO:     #365 chat/completions (stream): 93 prompt tokens ·
                       temperature: 0, greedy (req), max_tokens: 256 (req),
                       min_tokens: 256 (req)
22:36:06.433 INFO:     #365 chat/completions (stream): 256 tokens generated at
                       333.6 T/s · prompt 93 tokens, none cached, 93 new in 0.09
                       s · first token 0.10 s, total 0.86 s · draft 178/234
                       accepted (76%) · max_tokens reached
22:36:06.435 INFO:     #366 chat/completions (stream): 108 prompt tokens ·
                       temperature: 0, greedy (req), max_tokens: 256 (req),
                       min_tokens: 256 (req)
22:36:07.293 INFO:     #366 chat/completions (stream): 256 tokens generated at
                       339.7 T/s · prompt 108 tokens, none cached, 108 new in
                       0.10 s · first token 0.11 s, total 0.86 s · draft 180/228
                       accepted (79%) · max_tokens reached
22:36:07.295 INFO:     #367 chat/completions (stream): 63 prompt tokens ·
                       temperature: 0, greedy (req), max_tokens: 256 (req),
                       min_tokens: 256 (req)
22:36:08.476 INFO:     #367 chat/completions (stream): 256 tokens generated at
                       232.3 T/s · prompt 63 tokens, none cached, 63 new in 0.07
                       s · first token 0.08 s, total 1.18 s · draft 145/333
                       accepted (44%) · max_tokens reached
22:36:08.480 INFO:     #368 chat/completions (stream): 395 prompt tokens ·
                       temperature: 0, greedy (req), max_tokens: 256 (req),
                       min_tokens: 256 (req)
22:36:09.455 INFO:     #368 chat/completions (stream): 256 tokens generated at
                       342.1 T/s · prompt 395 tokens, none cached, 395 new in
                       0.22 s (1,795 T/s) · first token 0.23 s, total 0.97 s ·
                       draft 182/222 accepted (82%) · max_tokens reached
22:36:09.459 INFO:     #369 chat/completions (stream): 692 prompt tokens ·
                       temperature: 0, greedy (req), max_tokens: 256 (req),
                       min_tokens: 256 (req)
22:36:10.683 INFO:     #369 chat/completions (stream): 256 tokens generated at
                       264.5 T/s · prompt 692 tokens, none cached, 692 new in
                       0.25 s (2,768 T/s) · first token 0.26 s, total 1.22 s ·
                       draft 159/291 accepted (55%) · max_tokens reached
22:36:10.687 INFO:     #370 chat/completions (stream): 714 prompt tokens ·
                       temperature: 0, greedy (req), max_tokens: 256 (req),
                       min_tokens: 256 (req)
22:36:11.739 INFO:     #370 chat/completions (stream): 256 tokens generated at
                       324.1 T/s · prompt 714 tokens, none cached, 714 new in
                       0.25 s (2,856 T/s) · first token 0.26 s, total 1.05 s ·
                       draft 176/240 accepted (73%) · max_tokens reached
22:36:11.741 INFO:     #371 chat/completions (stream): 79 prompt tokens ·
                       temperature: 0, greedy (req), max_tokens: 256 (req),
                       min_tokens: 256 (req)
22:36:12.857 INFO:     #371 chat/completions (stream): 256 tokens generated at
                       249.2 T/s · prompt 79 tokens, none cached, 79 new in 0.08
                       s · first token 0.09 s, total 1.11 s · draft 153/309
                       accepted (50%) · max_tokens reached
22:36:12.860 INFO:     #372 chat/completions (stream): 587 prompt tokens ·
                       temperature: 0, greedy (req), max_tokens: 256 (req),
                       min_tokens: 256 (req)
22:36:14.033 INFO:     #372 chat/completions (stream): 256 tokens generated at
                       275.2 T/s · prompt 587 tokens, none cached, 587 new in
                       0.23 s (2,552 T/s) · first token 0.24 s, total 1.17 s ·
                       draft 162/282 accepted (57%) · max_tokens reached
22:36:14.036 INFO:     #373 chat/completions (stream): 120 prompt tokens ·
                       temperature: 0, greedy (req), max_tokens: 256 (req),
                       min_tokens: 256 (req)
22:36:14.851 INFO:     #373 chat/completions (stream): 256 tokens generated at
                       362.8 T/s · prompt 120 tokens, none cached, 120 new in
                       0.10 s · first token 0.11 s, total 0.81 s · draft 186/210
                       accepted (89%) · max_tokens reached
22:36:14.853 INFO:     #374 chat/completions (stream): 111 prompt tokens ·
                       temperature: 0, greedy (req), max_tokens: 256 (req),
                       min_tokens: 256 (req)
22:36:15.702 INFO:     #374 chat/completions (stream): 256 tokens generated at
                       343.9 T/s · prompt 111 tokens, none cached, 111 new in
                       0.10 s · first token 0.11 s, total 0.85 s · draft 181/225
                       accepted (80%) · max_tokens reached
22:36:15.706 INFO:     #375 chat/completions (stream): 894 prompt tokens ·
                       temperature: 0, greedy (req), max_tokens: 256 (req),
                       min_tokens: 256 (req)
22:36:16.726 INFO:     #375 chat/completions (stream): 256 tokens generated at
                       354.2 T/s · prompt 894 tokens, none cached, 894 new in
                       0.29 s (3,083 T/s) · first token 0.30 s, total 1.02 s ·
                       draft 183/219 accepted (84%) · max_tokens reached
22:36:16.731 INFO:     #376 chat/completions (stream): 1,157 prompt tokens ·
                       temperature: 0, greedy (req), max_tokens: 256 (req),
                       min_tokens: 256 (req)
22:36:17.961 INFO:     #376 chat/completions (stream): 256 tokens generated at
                       288.6 T/s · prompt 1,157 tokens, none cached, 1,157 new
                       in 0.33 s (3,506 T/s) · first token 0.34 s, total 1.22 s
                       · draft 167/267 accepted (63%) · max_tokens reached
22:36:17.963 INFO:     #378 chat/completions (stream): 93 prompt tokens ·
                       temperature: 0, greedy (req), max_tokens: 256 (req),
                       min_tokens: 256 (req)
22:36:18.924 INFO:     #378 chat/completions (stream): 256 tokens generated at
                       297.3 T/s · prompt 93 tokens, none cached, 93 new in 0.09
                       s · first token 0.10 s, total 0.96 s · draft 170/258
                       accepted (66%) · max_tokens reached
22:36:18.926 INFO:     #379 chat/completions (stream): 61 prompt tokens ·
                       temperature: 0, greedy (req), max_tokens: 256 (req),
                       min_tokens: 256 (req)
22:36:19.896 INFO:     #379 chat/completions (stream): 256 tokens generated at
                       287.0 T/s · prompt 61 tokens, none cached, 61 new in 0.07
                       s · first token 0.08 s, total 0.97 s · draft 167/267
                       accepted (63%) · max_tokens reached
22:36:19.902 INFO:     #380 chat/completions (stream): 1,540 prompt tokens ·
                       temperature: 0, greedy (req), max_tokens: 256 (req),
                       min_tokens: 256 (req)
22:36:21.230 INFO:     #380 chat/completions (stream): 256 tokens generated at
                       250.0 T/s · prompt 1,540 tokens, none cached, 1,540 new
                       in 0.29 s (5,310 T/s) · first token 0.30 s, total 1.32 s
                       · draft 153/309 accepted (50%) · max_tokens reached
22:36:21.232 INFO:     #381 chat/completions (stream): 64 prompt tokens ·
                       temperature: 0, greedy (req), max_tokens: 256 (req),
                       min_tokens: 256 (req)
22:36:22.146 INFO:     #381 chat/completions (stream): 256 tokens generated at
                       307.0 T/s · prompt 64 tokens, none cached, 64 new in 0.07
                       s · first token 0.08 s, total 0.91 s · draft 171/255
                       accepted (67%) · max_tokens reached
22:36:22.148 INFO:     #382 chat/completions (stream): 123 prompt tokens ·
                       temperature: 0, greedy (req), max_tokens: 256 (req),
                       min_tokens: 256 (req)
22:36:23.048 INFO:     #382 chat/completions (stream): 256 tokens generated at
                       323.4 T/s · prompt 123 tokens, none cached, 123 new in
                       0.10 s · first token 0.11 s, total 0.90 s · draft 176/240
                       accepted (73%) · max_tokens reached
22:36:23.050 INFO:     #383 chat/completions (stream): 72 prompt tokens ·
                       temperature: 0, greedy (req), max_tokens: 256 (req),
                       min_tokens: 256 (req)
22:36:24.085 INFO:     #383 chat/completions (stream): 256 tokens generated at
                       270.0 T/s · prompt 72 tokens, none cached, 72 new in 0.08
                       s · first token 0.09 s, total 1.03 s · draft 163/279
                       accepted (58%) · max_tokens reached
22:36:24.087 INFO:     #384 chat/completions (stream): 81 prompt tokens ·
                       temperature: 0, greedy (req), max_tokens: 256 (req),
                       min_tokens: 256 (req)
22:36:25.040 INFO:     #384 chat/completions (stream): 256 tokens generated at
                       296.6 T/s · prompt 81 tokens, none cached, 81 new in 0.08
                       s · first token 0.09 s, total 0.95 s · draft 169/261
                       accepted (65%) · max_tokens reached
22:36:25.043 INFO:     #385 chat/completions (stream): 64 prompt tokens ·
                       temperature: 0, greedy (req), max_tokens: 256 (req),
                       min_tokens: 256 (req)
22:36:26.093 INFO:     #385 chat/completions (stream): 256 tokens generated at
                       264.0 T/s · prompt 64 tokens, none cached, 64 new in 0.07
                       s · first token 0.08 s, total 1.05 s · draft 157/297
                       accepted (53%) · max_tokens reached
22:36:26.095 INFO:     #386 chat/completions (stream): 73 prompt tokens ·
                       temperature: 0, greedy (req), max_tokens: 256 (req),
                       min_tokens: 256 (req)
22:36:27.073 INFO:     #386 chat/completions (stream): 256 tokens generated at
                       287.2 T/s · prompt 73 tokens, none cached, 73 new in 0.08
                       s · first token 0.09 s, total 0.98 s · draft 166/270
                       accepted (61%) · max_tokens reached
22:36:27.075 INFO:     #387 chat/completions (stream): 63 prompt tokens ·
                       temperature: 0, greedy (req), max_tokens: 256 (req),
                       min_tokens: 256 (req)
22:36:28.161 INFO:     #387 chat/completions (stream): 256 tokens generated at
                       254.3 T/s · prompt 63 tokens, none cached, 63 new in 0.07
                       s · first token 0.08 s, total 1.08 s · draft 154/306
                       accepted (50%) · max_tokens reached
22:36:28.165 INFO:     #388 chat/completions (stream): 720 prompt tokens ·
                       temperature: 0, greedy (req), max_tokens: 256 (req),
                       min_tokens: 256 (req)
22:36:29.401 INFO:     #388 chat/completions (stream): 256 tokens generated at
                       270.3 T/s · prompt 720 tokens, none cached, 720 new in
                       0.28 s (2,571 T/s) · first token 0.29 s, total 1.23 s ·
                       draft 161/285 accepted (56%) · max_tokens reached
22:36:29.403 INFO:     #389 chat/completions (stream): 110 prompt tokens ·
                       temperature: 0, greedy (req), max_tokens: 256 (req),
                       min_tokens: 256 (req)
22:36:30.254 INFO:     #389 chat/completions (stream): 256 tokens generated at
                       342.5 T/s · prompt 110 tokens, none cached, 110 new in
                       0.09 s · first token 0.10 s, total 0.84 s · draft 181/225
                       accepted (80%) · max_tokens reached
22:36:30.258 INFO:     #390 chat/completions (stream): 751 prompt tokens ·
                       temperature: 0, greedy (req), max_tokens: 256 (req),
                       min_tokens: 256 (req)
22:36:31.331 INFO:     #390 chat/completions (stream): 256 tokens generated at
                       320.2 T/s · prompt 751 tokens, none cached, 751 new in
                       0.26 s (2,888 T/s) · first token 0.27 s, total 1.07 s ·
                       draft 176/240 accepted (73%) · max_tokens reached
22:36:31.333 INFO:     #391 chat/completions (stream): 128 prompt tokens ·
                       temperature: 0, greedy (req), max_tokens: 256 (req),
                       min_tokens: 256 (req)
22:36:32.143 INFO:     #391 chat/completions (stream): 256 tokens generated at
                       366.5 T/s · prompt 128 tokens, none cached, 128 new in
                       0.10 s · first token 0.11 s, total 0.80 s · draft 185/213
                       accepted (87%) · max_tokens reached
22:36:32.145 INFO:     #393 chat/completions (stream): 103 prompt tokens ·
                       temperature: 0, greedy (req), max_tokens: 256 (req),
                       min_tokens: 256 (req)
22:36:33.204 INFO:     #393 chat/completions (stream): 256 tokens generated at
                       267.4 T/s · prompt 103 tokens, none cached, 103 new in
                       0.09 s · first token 0.10 s, total 1.05 s · draft 160/288
                       accepted (56%) · max_tokens reached
22:36:33.206 INFO:     #394 chat/completions (stream): 64 prompt tokens ·
                       temperature: 0, greedy (req), max_tokens: 256 (req),
                       min_tokens: 256 (req)
22:36:34.291 INFO:     #394 chat/completions (stream): 256 tokens generated at
                       254.6 T/s · prompt 64 tokens, none cached, 64 new in 0.07
                       s · first token 0.08 s, total 1.08 s · draft 155/303
                       accepted (51%) · max_tokens reached
22:36:34.294 INFO:     #395 chat/completions (stream): 114 prompt tokens ·
                       temperature: 0, greedy (req), max_tokens: 256 (req),
                       min_tokens: 256 (req)
22:36:35.527 INFO:     #395 chat/completions (stream): 256 tokens generated at
                       227.8 T/s · prompt 114 tokens, none cached, 114 new in
                       0.10 s · first token 0.11 s, total 1.23 s · draft 142/342
                       accepted (42%) · max_tokens reached
22:36:35.530 INFO:     #396 chat/completions (stream): 135 prompt tokens ·
                       temperature: 0, greedy (req), max_tokens: 256 (req),
                       min_tokens: 256 (req)
22:36:36.392 INFO:     #396 chat/completions (stream): 256 tokens generated at
                       342.7 T/s · prompt 135 tokens, none cached, 135 new in
                       0.11 s · first token 0.12 s, total 0.86 s · draft 181/225
                       accepted (80%) · max_tokens reached
22:36:36.394 INFO:     #397 chat/completions (stream): 80 prompt tokens ·
                       temperature: 0, greedy (req), max_tokens: 256 (req),
                       min_tokens: 256 (req)
22:36:37.388 INFO:     #397 chat/completions (stream): 256 tokens generated at
                       282.9 T/s · prompt 80 tokens, none cached, 80 new in 0.08
                       s · first token 0.09 s, total 0.99 s · draft 166/270
                       accepted (61%) · max_tokens reached
22:36:37.390 INFO:     #398 chat/completions (stream): 73 prompt tokens ·
                       temperature: 0, greedy (req), max_tokens: 256 (req),
                       min_tokens: 256 (req)
22:36:38.331 INFO:     #398 chat/completions (stream): 256 tokens generated at
                       299.2 T/s · prompt 73 tokens, none cached, 73 new in 0.08
                       s · first token 0.09 s, total 0.94 s · draft 170/258
                       accepted (66%) · max_tokens reached
22:36:38.333 INFO:     #399 chat/completions (stream): 62 prompt tokens ·
                       temperature: 0, greedy (req), max_tokens: 256 (req),
                       min_tokens: 256 (req)
22:36:39.233 INFO:     #399 chat/completions (stream): 256 tokens generated at
                       312.3 T/s · prompt 62 tokens, none cached, 62 new in 0.07
                       s · first token 0.08 s, total 0.90 s · draft 172/252
                       accepted (68%) · max_tokens reached
22:36:39.237 INFO:     #400 chat/completions (stream): 785 prompt tokens ·
                       temperature: 0, greedy (req), max_tokens: 256 (req),
                       min_tokens: 256 (req)
22:36:40.335 INFO:     #400 chat/completions (stream): 256 tokens generated at
                       288.5 T/s · prompt 785 tokens, none cached, 785 new in
                       0.20 s (3,925 T/s) · first token 0.21 s, total 1.09 s ·
                       draft 167/267 accepted (63%) · max_tokens reached
22:36:40.337 INFO:     #401 chat/completions (stream): 92 prompt tokens ·
                       temperature: 0, greedy (req), max_tokens: 256 (req),
                       min_tokens: 256 (req)
22:36:41.316 INFO:     #401 chat/completions (stream): 256 tokens generated at
                       289.7 T/s · prompt 92 tokens, none cached, 92 new in 0.09
                       s · first token 0.10 s, total 0.98 s · draft 166/270
                       accepted (61%) · max_tokens reached
22:36:41.320 INFO:     #402 chat/completions (stream): 680 prompt tokens ·
                       temperature: 0, greedy (req), max_tokens: 256 (req),
                       min_tokens: 256 (req)
22:36:42.428 INFO:     #402 chat/completions (stream): 256 tokens generated at
                       299.7 T/s · prompt 680 tokens, none cached, 680 new in
                       0.24 s (2,833 T/s) · first token 0.25 s, total 1.10 s ·
                       draft 170/258 accepted (66%) · max_tokens reached
22:36:42.430 INFO:     #403 chat/completions (stream): 125 prompt tokens ·
                       temperature: 0, greedy (req), max_tokens: 256 (req),
                       min_tokens: 256 (req)
22:36:43.372 INFO:     #403 chat/completions (stream): 256 tokens generated at
                       307.0 T/s · prompt 125 tokens, none cached, 125 new in
                       0.10 s · first token 0.11 s, total 0.94 s · draft 175/243
                       accepted (72%) · max_tokens reached
22:36:43.375 INFO:     #404 chat/completions (stream): 79 prompt tokens ·
                       temperature: 0, greedy (req), max_tokens: 256 (req),
                       min_tokens: 256 (req)
22:36:44.414 INFO:     #404 chat/completions (stream): 256 tokens generated at
                       270.8 T/s · prompt 79 tokens, none cached, 79 new in 0.08
                       s · first token 0.09 s, total 1.03 s · draft 161/285
                       accepted (56%) · max_tokens reached
22:36:44.416 INFO:     #405 chat/completions (stream): 86 prompt tokens ·
                       temperature: 0, greedy (req), max_tokens: 256 (req),
                       min_tokens: 256 (req)
22:36:45.331 INFO:     #405 chat/completions (stream): 256 tokens generated at
                       312.7 T/s · prompt 86 tokens, none cached, 86 new in 0.09
                       s · first token 0.10 s, total 0.91 s · draft 174/246
                       accepted (71%) · max_tokens reached
22:36:45.333 INFO:     #406 chat/completions (stream): 69 prompt tokens ·
                       temperature: 0, greedy (req), max_tokens: 256 (req),
                       min_tokens: 256 (req)
22:36:46.295 INFO:     #406 chat/completions (stream): 256 tokens generated at
                       292.0 T/s · prompt 69 tokens, none cached, 69 new in 0.08
                       s · first token 0.09 s, total 0.96 s · draft 168/264
                       accepted (64%) · max_tokens reached
22:36:46.297 INFO:     #407 chat/completions (stream): 80 prompt tokens ·
                       temperature: 0, greedy (req), max_tokens: 256 (req),
                       min_tokens: 256 (req)
22:36:47.302 INFO:     #407 chat/completions (stream): 256 tokens generated at
                       280.0 T/s · prompt 80 tokens, none cached, 80 new in 0.08
                       s · first token 0.09 s, total 1.00 s · draft 164/276
                       accepted (59%) · max_tokens reached
22:36:47.304 INFO:     #409 chat/completions (stream): 80 prompt tokens ·
                       temperature: 0, greedy (req), max_tokens: 256 (req),
                       min_tokens: 256 (req)
22:36:48.366 INFO:     #409 chat/completions (stream): 256 tokens generated at
                       263.8 T/s · prompt 80 tokens, none cached, 80 new in 0.08
                       s · first token 0.09 s, total 1.06 s · draft 158/294
                       accepted (54%) · max_tokens reached
22:36:48.368 INFO:     #410 chat/completions (stream): 62 prompt tokens ·
                       temperature: 0, greedy (req), max_tokens: 256 (req),
                       min_tokens: 256 (req)
22:36:49.497 INFO:     #410 chat/completions (stream): 256 tokens generated at
                       244.0 T/s · prompt 62 tokens, none cached, 62 new in 0.07
                       s · first token 0.08 s, total 1.12 s · draft 152/312
                       accepted (49%) · max_tokens reached
22:36:49.501 INFO:     #411 chat/completions (stream): 635 prompt tokens ·
                       temperature: 0, greedy (req), max_tokens: 256 (req),
                       min_tokens: 256 (req)
22:36:50.697 INFO:     #411 chat/completions (stream): 256 tokens generated at
                       273.2 T/s · prompt 635 tokens, none cached, 635 new in
                       0.25 s (2,540 T/s) · first token 0.26 s, total 1.19 s ·
                       draft 162/282 accepted (57%) · max_tokens reached
22:36:50.701 INFO:     #412 chat/completions (stream): 828 prompt tokens ·
                       temperature: 0, greedy (req), max_tokens: 256 (req),
                       min_tokens: 256 (req)
22:36:51.952 INFO:     #412 chat/completions (stream): 256 tokens generated at
                       260.3 T/s · prompt 828 tokens, none cached, 828 new in
                       0.26 s (3,185 T/s) · first token 0.27 s, total 1.25 s ·
                       draft 157/297 accepted (53%) · max_tokens reached
22:36:51.954 INFO:     #413 chat/completions (stream): 62 prompt tokens ·
                       temperature: 0, greedy (req), max_tokens: 256 (req),
                       min_tokens: 256 (req)
22:36:53.071 INFO:     #413 chat/completions (stream): 256 tokens generated at
                       246.4 T/s · prompt 62 tokens, none cached, 62 new in 0.07
                       s · first token 0.08 s, total 1.11 s · draft 151/315
                       accepted (48%) · max_tokens reached
22:36:53.074 INFO:     #414 chat/completions (stream): 79 prompt tokens ·
                       temperature: 0, greedy (req), max_tokens: 256 (req),
                       min_tokens: 256 (req)
22:36:53.868 INFO:     #414 chat/completions (stream): 256 tokens generated at
                       361.9 T/s · prompt 79 tokens, none cached, 79 new in 0.08
                       s · first token 0.09 s, total 0.79 s · draft 184/216
                       accepted (85%) · max_tokens reached
22:36:53.872 INFO:     #415 chat/completions (stream): 492 prompt tokens ·
                       temperature: 0, greedy (req), max_tokens: 256 (req),
                       min_tokens: 256 (req)
22:36:55.032 INFO:     #415 chat/completions (stream): 256 tokens generated at
                       281.9 T/s · prompt 492 tokens, none cached, 492 new in
                       0.24 s (2,050 T/s) · first token 0.25 s, total 1.15 s ·
                       draft 164/276 accepted (59%) · max_tokens reached
22:36:55.035 INFO:     #416 chat/completions (stream): 65 prompt tokens ·
                       temperature: 0, greedy (req), max_tokens: 256 (req),
                       min_tokens: 256 (req)
22:36:56.089 INFO:     #416 chat/completions (stream): 256 tokens generated at
                       262.9 T/s · prompt 65 tokens, none cached, 65 new in 0.07
                       s · first token 0.08 s, total 1.05 s · draft 157/297
                       accepted (53%) · max_tokens reached
22:36:56.091 INFO:     #417 chat/completions (stream): 63 prompt tokens ·
                       temperature: 0, greedy (req), max_tokens: 256 (req),
                       min_tokens: 256 (req)
22:36:57.028 INFO:     #417 chat/completions (stream): 256 tokens generated at
                       298.4 T/s · prompt 63 tokens, none cached, 63 new in 0.07
                       s · first token 0.08 s, total 0.93 s · draft 168/264
                       accepted (64%) · max_tokens reached
22:36:57.032 INFO:     #418 chat/completions (stream): 724 prompt tokens ·
                       temperature: 0, greedy (req), max_tokens: 256 (req),
                       min_tokens: 256 (req)
22:36:58.178 INFO:     #418 chat/completions (stream): 256 tokens generated at
                       301.9 T/s · prompt 724 tokens, none cached, 724 new in
                       0.29 s (2,497 T/s) · first token 0.30 s, total 1.14 s ·
                       draft 170/258 accepted (66%) · max_tokens reached
22:36:58.182 INFO:     #419 chat/completions (stream): 760 prompt tokens ·
                       temperature: 0, greedy (req), max_tokens: 256 (req),
                       min_tokens: 256 (req)
22:36:59.264 INFO:     #419 chat/completions (stream): 256 tokens generated at
                       314.7 T/s · prompt 760 tokens, none cached, 760 new in
                       0.26 s (2,923 T/s) · first token 0.27 s, total 1.08 s ·
                       draft 174/246 accepted (71%) · max_tokens reached
22:36:59.268 INFO:     #420 chat/completions (stream): 742 prompt tokens ·
                       temperature: 0, greedy (req), max_tokens: 256 (req),
                       min_tokens: 256 (req)
22:37:00.337 INFO:     #420 chat/completions (stream): 256 tokens generated at
                       320.6 T/s · prompt 742 tokens, none cached, 742 new in
                       0.26 s (2,854 T/s) · first token 0.27 s, total 1.06 s ·
                       draft 176/240 accepted (73%) · max_tokens reached
22:37:00.339 INFO:     #421 chat/completions (stream): 61 prompt tokens ·
                       temperature: 0, greedy (req), max_tokens: 256 (req),
                       min_tokens: 256 (req)
22:37:01.528 INFO:     #421 chat/completions (stream): 256 tokens generated at
                       230.7 T/s · prompt 61 tokens, none cached, 61 new in 0.07
                       s · first token 0.08 s, total 1.19 s · draft 144/336
                       accepted (43%) · max_tokens reached
22:37:01.532 INFO:     #422 chat/completions (stream): 764 prompt tokens ·
                       temperature: 0, greedy (req), max_tokens: 256 (req),
                       min_tokens: 256 (req)
22:37:02.587 INFO:     #422 chat/completions (stream): 256 tokens generated at
                       328.1 T/s · prompt 764 tokens, none cached, 764 new in
                       0.27 s (2,830 T/s) · first token 0.28 s, total 1.06 s ·
                       draft 177/237 accepted (75%) · max_tokens reached
22:37:02.591 INFO:     #424 chat/completions (stream): 833 prompt tokens ·
                       temperature: 0, greedy (req), max_tokens: 256 (req),
                       min_tokens: 256 (req)
22:37:03.704 INFO:     #424 chat/completions (stream): 256 tokens generated at
                       304.2 T/s · prompt 833 tokens, none cached, 833 new in
                       0.26 s (3,204 T/s) · first token 0.27 s, total 1.11 s ·
                       draft 170/258 accepted (66%) · max_tokens reached
22:37:03.706 INFO:     #425 chat/completions (stream): 71 prompt tokens ·
                       temperature: 0, greedy (req), max_tokens: 256 (req),
                       min_tokens: 256 (req)
22:37:04.778 INFO:     #425 chat/completions (stream): 256 tokens generated at
                       259.4 T/s · prompt 71 tokens, none cached, 71 new in 0.08
                       s · first token 0.09 s, total 1.07 s · draft 157/297
                       accepted (53%) · max_tokens reached
22:37:04.782 INFO:     #426 chat/completions (stream): 798 prompt tokens ·
                       temperature: 0, greedy (req), max_tokens: 256 (req),
                       min_tokens: 256 (req)
22:37:05.867 INFO:     #426 chat/completions (stream): 256 tokens generated at
                       296.4 T/s · prompt 798 tokens, none cached, 798 new in
                       0.21 s (3,800 T/s) · first token 0.22 s, total 1.08 s ·
                       draft 170/258 accepted (66%) · max_tokens reached
22:37:05.870 INFO:     #427 chat/completions (stream): 87 prompt tokens ·
                       temperature: 0, greedy (req), max_tokens: 256 (req),
                       min_tokens: 256 (req)
22:37:06.792 INFO:     #427 chat/completions (stream): 256 tokens generated at
                       309.3 T/s · prompt 87 tokens, none cached, 87 new in 0.09
                       s · first token 0.10 s, total 0.92 s · draft 173/249
                       accepted (69%) · max_tokens reached
22:37:06.796 INFO:     #428 chat/completions (stream): 773 prompt tokens ·
                       temperature: 0, greedy (req), max_tokens: 256 (req),
                       min_tokens: 256 (req)
22:37:07.881 INFO:     #428 chat/completions (stream): 256 tokens generated at
                       290.6 T/s · prompt 773 tokens, none cached, 773 new in
                       0.19 s (4,068 T/s) · first token 0.20 s, total 1.08 s ·
                       draft 168/264 accepted (64%) · max_tokens reached
22:37:07.884 INFO:     #429 chat/completions (stream): 114 prompt tokens ·
                       temperature: 0, greedy (req), max_tokens: 256 (req),
                       min_tokens: 256 (req)
22:37:08.937 INFO:     #429 chat/completions (stream): 256 tokens generated at
                       271.0 T/s · prompt 114 tokens, none cached, 114 new in
                       0.10 s · first token 0.11 s, total 1.05 s · draft 161/285
                       accepted (56%) · max_tokens reached
22:37:08.940 INFO:     #430 chat/completions (stream): 312 prompt tokens ·
                       temperature: 0, greedy (req), max_tokens: 256 (req),
                       min_tokens: 256 (req)
22:37:09.934 INFO:     #430 chat/completions (stream): 256 tokens generated at
                       327.6 T/s · prompt 312 tokens, none cached, 312 new in
                       0.20 s (1,560 T/s) · first token 0.21 s, total 0.99 s ·
                       draft 177/237 accepted (75%) · max_tokens reached
22:37:09.936 INFO:     #431 chat/completions (stream): 63 prompt tokens ·
                       temperature: 0, greedy (req), max_tokens: 256 (req),
                       min_tokens: 256 (req)
22:37:10.815 INFO:     #431 chat/completions (stream): 256 tokens generated at
                       320.0 T/s · prompt 63 tokens, none cached, 63 new in 0.07
                       s · first token 0.08 s, total 0.88 s · draft 175/243
                       accepted (72%) · max_tokens reached
22:37:10.817 INFO:     #432 chat/completions (stream): 66 prompt tokens ·
                       temperature: 0, greedy (req), max_tokens: 256 (req),
                       min_tokens: 256 (req)
22:37:11.902 INFO:     #432 chat/completions (stream): 256 tokens generated at
                       256.0 T/s · prompt 66 tokens, none cached, 66 new in 0.08
                       s · first token 0.09 s, total 1.09 s · draft 155/303
                       accepted (51%) · max_tokens reached
22:37:11.906 INFO:     #433 chat/completions (stream): 912 prompt tokens ·
                       temperature: 0, greedy (req), max_tokens: 256 (req),
                       min_tokens: 256 (req)
22:37:13.239 INFO:     #433 chat/completions (stream): 256 tokens generated at
                       251.4 T/s · prompt 912 tokens, none cached, 912 new in
                       0.30 s (3,040 T/s) · first token 0.31 s, total 1.32 s ·
                       draft 153/309 accepted (50%) · max_tokens reached
22:37:13.241 INFO:     #434 chat/completions (stream): 66 prompt tokens ·
                       temperature: 0, greedy (req), max_tokens: 256 (req),
                       min_tokens: 256 (req)
22:37:14.184 INFO:     #434 chat/completions (stream): 256 tokens generated at
                       298.2 T/s · prompt 66 tokens, none cached, 66 new in 0.08
                       s · first token 0.09 s, total 0.94 s · draft 170/258
                       accepted (66%) · max_tokens reached
22:37:14.187 INFO:     #435 chat/completions (stream): 75 prompt tokens ·
                       temperature: 0, greedy (req), max_tokens: 256 (req),
                       min_tokens: 256 (req)
22:37:15.142 INFO:     #435 chat/completions (stream): 256 tokens generated at
                       294.7 T/s · prompt 75 tokens, none cached, 75 new in 0.08
                       s · first token 0.09 s, total 0.95 s · draft 168/264
                       accepted (64%) · max_tokens reached
22:37:15.146 INFO:     #436 chat/completions (stream): 624 prompt tokens ·
                       temperature: 0, greedy (req), max_tokens: 256 (req),
                       min_tokens: 256 (req)
22:37:16.361 INFO:     #436 chat/completions (stream): 256 tokens generated at
                       275.2 T/s · prompt 624 tokens, none cached, 624 new in
                       0.28 s (2,229 T/s) · first token 0.29 s, total 1.22 s ·
                       draft 164/276 accepted (59%) · max_tokens reached
22:37:16.363 INFO:     #437 chat/completions (stream): 63 prompt tokens ·
                       temperature: 0, greedy (req), max_tokens: 256 (req),
                       min_tokens: 256 (req)
22:37:17.435 INFO:     #437 chat/completions (stream): 256 tokens generated at
                       258.0 T/s · prompt 63 tokens, none cached, 63 new in 0.07
                       s · first token 0.08 s, total 1.07 s · draft 155/303
                       accepted (51%) · max_tokens reached
22:37:17.437 INFO:     #439 chat/completions (stream): 78 prompt tokens ·
                       temperature: 0, greedy (req), max_tokens: 256 (req),
                       min_tokens: 256 (req)
22:37:18.534 INFO:     #439 chat/completions (stream): 256 tokens generated at
                       253.6 T/s · prompt 78 tokens, none cached, 78 new in 0.08
                       s · first token 0.09 s, total 1.10 s · draft 154/306
                       accepted (50%) · max_tokens reached
22:37:18.536 INFO:     #440 chat/completions (stream): 136 prompt tokens ·
                       temperature: 0, greedy (req), max_tokens: 256 (req),
                       min_tokens: 256 (req)
22:37:19.504 INFO:     #440 chat/completions (stream): 256 tokens generated at
                       300.8 T/s · prompt 136 tokens, none cached, 136 new in
                       0.11 s · first token 0.12 s, total 0.97 s · draft 172/252
                       accepted (68%) · max_tokens reached
22:37:19.507 INFO:     #441 chat/completions (stream): 87 prompt tokens ·
                       temperature: 0, greedy (req), max_tokens: 256 (req),
                       min_tokens: 256 (req)
22:37:20.452 INFO:     #441 chat/completions (stream): 256 tokens generated at
                       301.0 T/s · prompt 87 tokens, none cached, 87 new in 0.09
                       s · first token 0.10 s, total 0.95 s · draft 171/255
                       accepted (67%) · max_tokens reached
22:37:20.454 INFO:     #442 chat/completions (stream): 63 prompt tokens ·
                       temperature: 0, greedy (req), max_tokens: 256 (req),
                       min_tokens: 256 (req)
22:37:21.446 INFO:     #442 chat/completions (stream): 256 tokens generated at
                       280.3 T/s · prompt 63 tokens, none cached, 63 new in 0.07
                       s · first token 0.08 s, total 0.99 s · draft 163/279
                       accepted (58%) · max_tokens reached
22:37:21.448 INFO:     #443 chat/completions (stream): 106 prompt tokens ·
                       temperature: 0, greedy (req), max_tokens: 256 (req),
                       min_tokens: 256 (req)
22:37:22.521 INFO:     #443 chat/completions (stream): 256 tokens generated at
                       264.1 T/s · prompt 106 tokens, none cached, 106 new in
                       0.10 s · first token 0.11 s, total 1.07 s · draft 158/294
                       accepted (54%) · max_tokens reached
22:37:22.524 INFO:     #444 chat/completions (stream): 121 prompt tokens ·
                       temperature: 0, greedy (req), max_tokens: 256 (req),
                       min_tokens: 256 (req)
22:37:23.436 INFO:     #444 chat/completions (stream): 256 tokens generated at
                       319.1 T/s · prompt 121 tokens, none cached, 121 new in
                       0.10 s · first token 0.11 s, total 0.91 s · draft 176/240
                       accepted (73%) · max_tokens reached
22:37:23.438 INFO:     #445 chat/completions (stream): 88 prompt tokens ·
                       temperature: 0, greedy (req), max_tokens: 256 (req),
                       min_tokens: 256 (req)
22:37:24.370 INFO:     #445 chat/completions (stream): 256 tokens generated at
                       306.2 T/s · prompt 88 tokens, none cached, 88 new in 0.09
                       s · first token 0.10 s, total 0.93 s · draft 171/255
                       accepted (67%) · max_tokens reached
22:37:24.374 INFO:     #446 chat/completions (stream): 728 prompt tokens ·
                       temperature: 0, greedy (req), max_tokens: 256 (req),
                       min_tokens: 256 (req)
22:37:25.571 INFO:     #446 chat/completions (stream): 256 tokens generated at
                       276.9 T/s · prompt 728 tokens, none cached, 728 new in
                       0.26 s (2,800 T/s) · first token 0.27 s, total 1.19 s ·
                       draft 163/279 accepted (58%) · max_tokens reached
22:37:25.575 INFO:     #447 chat/completions (stream): 749 prompt tokens ·
                       temperature: 0, greedy (req), max_tokens: 256 (req),
                       min_tokens: 256 (req)
22:37:26.680 INFO:     #447 chat/completions (stream): 256 tokens generated at
                       306.4 T/s · prompt 749 tokens, none cached, 749 new in
                       0.26 s (2,881 T/s) · first token 0.27 s, total 1.10 s ·
                       draft 172/252 accepted (68%) · max_tokens reached
22:37:26.682 INFO:     #448 chat/completions (stream): 89 prompt tokens ·
                       temperature: 0, greedy (req), max_tokens: 256 (req),
                       min_tokens: 256 (req)
22:37:27.706 INFO:     #448 chat/completions (stream): 256 tokens generated at
                       276.0 T/s · prompt 89 tokens, none cached, 89 new in 0.09
                       s · first token 0.10 s, total 1.02 s · draft 163/279
                       accepted (58%) · max_tokens reached
22:37:27.709 INFO:     #449 chat/completions (stream): 341 prompt tokens ·
                       temperature: 0, greedy (req), max_tokens: 256 (req),
                       min_tokens: 256 (req)
22:37:28.882 INFO:     #449 chat/completions (stream): 256 tokens generated at
                       269.5 T/s · prompt 341 tokens, none cached, 341 new in
                       0.21 s (1,624 T/s) · first token 0.22 s, total 1.17 s ·
                       draft 161/285 accepted (56%) · max_tokens reached
22:37:28.884 INFO:     #450 chat/completions (stream): 66 prompt tokens ·
                       temperature: 0, greedy (req), max_tokens: 256 (req),
                       min_tokens: 256 (req)
22:37:29.856 INFO:     #450 chat/completions (stream): 256 tokens generated at
                       288.1 T/s · prompt 66 tokens, none cached, 66 new in 0.07
                       s · first token 0.08 s, total 0.96 s · draft 166/270
                       accepted (61%) · max_tokens reached
22:37:29.858 INFO:     #451 chat/completions (stream): 63 prompt tokens ·
                       temperature: 0, greedy (req), max_tokens: 256 (req),
                       min_tokens: 256 (req)
22:37:30.820 INFO:     #451 chat/completions (stream): 256 tokens generated at
                       290.3 T/s · prompt 63 tokens, none cached, 63 new in 0.07
                       s · first token 0.08 s, total 0.96 s · draft 167/267
                       accepted (63%) · max_tokens reached
22:37:30.822 INFO:     #452 chat/completions (stream): 74 prompt tokens ·
                       temperature: 0, greedy (req), max_tokens: 256 (req),
                       min_tokens: 256 (req)
22:37:31.923 INFO:     #452 chat/completions (stream): 256 tokens generated at
                       252.4 T/s · prompt 74 tokens, none cached, 74 new in 0.08
                       s · first token 0.09 s, total 1.10 s · draft 154/306
                       accepted (50%) · max_tokens reached
22:37:31.925 INFO:     #453 chat/completions (stream): 107 prompt tokens ·
                       temperature: 0, greedy (req), max_tokens: 256 (req),
                       min_tokens: 256 (req)
22:37:32.800 INFO:     #453 chat/completions (stream): 256 tokens generated at
                       332.0 T/s · prompt 107 tokens, none cached, 107 new in
                       0.09 s · first token 0.10 s, total 0.87 s · draft 178/234
                       accepted (76%) · max_tokens reached
22:37:32.803 INFO:     #455 chat/completions (stream): 165 prompt tokens ·
                       temperature: 0, greedy (req), max_tokens: 256 (req),
                       min_tokens: 256 (req)
22:37:33.718 INFO:     #455 chat/completions (stream): 256 tokens generated at
                       315.1 T/s · prompt 165 tokens, none cached, 165 new in
                       0.09 s · first token 0.10 s, total 0.91 s · draft 174/246
                       accepted (71%) · max_tokens reached
22:37:33.723 INFO:     #456 chat/completions (stream): 780 prompt tokens ·
                       temperature: 0, greedy (req), max_tokens: 256 (req),
                       min_tokens: 256 (req)
22:37:34.831 INFO:     #456 chat/completions (stream): 256 tokens generated at
                       289.8 T/s · prompt 780 tokens, none cached, 780 new in
                       0.21 s (3,714 T/s) · first token 0.22 s, total 1.10 s ·
                       draft 168/264 accepted (64%) · max_tokens reached
22:37:34.833 INFO:     #457 chat/completions (stream): 79 prompt tokens ·
                       temperature: 0, greedy (req), max_tokens: 256 (req),
                       min_tokens: 256 (req)
22:37:35.669 INFO:     #457 chat/completions (stream): 256 tokens generated at
                       342.9 T/s · prompt 79 tokens, none cached, 79 new in 0.08
                       s · first token 0.09 s, total 0.83 s · draft 181/225
                       accepted (80%) · max_tokens reached
22:37:35.674 INFO:     #458 chat/completions (stream): 1,083 prompt tokens ·
                       temperature: 0, greedy (req), max_tokens: 256 (req),
                       min_tokens: 256 (req)
22:37:37.041 INFO:     #458 chat/completions (stream): 256 tokens generated at
                       242.8 T/s · prompt 1,083 tokens, none cached, 1,083 new
                       in 0.30 s (3,610 T/s) · first token 0.31 s, total 1.36 s
                       · draft 159/291 accepted (55%) · max_tokens reached
22:37:37.043 INFO:     #459 chat/completions (stream): 82 prompt tokens ·
                       temperature: 0, greedy (req), max_tokens: 256 (req),
                       min_tokens: 256 (req)
22:37:37.825 INFO:     #459 chat/completions (stream): 256 tokens generated at
                       371.8 T/s · prompt 82 tokens, none cached, 82 new in 0.08
                       s · first token 0.09 s, total 0.77 s · draft 187/207
                       accepted (90%) · max_tokens reached
22:37:37.827 INFO:     #460 chat/completions (stream): 91 prompt tokens ·
                       temperature: 0, greedy (req), max_tokens: 256 (req),
                       min_tokens: 256 (req)
22:37:38.738 INFO:     #460 chat/completions (stream): 256 tokens generated at
                       314.2 T/s · prompt 91 tokens, none cached, 91 new in 0.09
                       s · first token 0.10 s, total 0.91 s · draft 174/246
                       accepted (71%) · max_tokens reached
22:37:38.740 INFO:     #461 chat/completions (stream): 82 prompt tokens ·
                       temperature: 0, greedy (req), max_tokens: 256 (req),
                       min_tokens: 256 (req)
22:37:39.937 INFO:     #461 chat/completions (stream): 256 tokens generated at
                       231.6 T/s · prompt 82 tokens, none cached, 82 new in 0.08
                       s · first token 0.09 s, total 1.19 s · draft 144/336
                       accepted (43%) · max_tokens reached
22:37:39.939 INFO:     #462 chat/completions (stream): 70 prompt tokens ·
                       temperature: 0, greedy (req), max_tokens: 256 (req),
                       min_tokens: 256 (req)
22:37:40.888 INFO:     #462 chat/completions (stream): 256 tokens generated at
                       296.4 T/s · prompt 70 tokens, none cached, 70 new in 0.08
                       s · first token 0.09 s, total 0.95 s · draft 169/261
                       accepted (65%) · max_tokens reached
22:37:40.892 INFO:     #463 chat/completions (stream): 816 prompt tokens ·
                       temperature: 0, greedy (req), max_tokens: 256 (req),
                       min_tokens: 256 (req)
22:37:41.908 INFO:     #463 chat/completions (stream): 256 tokens generated at
                       337.6 T/s · prompt 816 tokens, none cached, 816 new in
                       0.25 s (3,264 T/s) · first token 0.26 s, total 1.01 s ·
                       draft 179/231 accepted (77%) · max_tokens reached
22:37:41.910 INFO:     #464 chat/completions (stream): 103 prompt tokens ·
                       temperature: 0, greedy (req), max_tokens: 256 (req),
                       min_tokens: 256 (req)
22:37:42.708 INFO:     #464 chat/completions (stream): 256 tokens generated at
                       367.0 T/s · prompt 103 tokens, none cached, 103 new in
                       0.09 s · first token 0.10 s, total 0.79 s · draft 185/213
                       accepted (87%) · max_tokens reached
22:37:42.710 INFO:     #465 chat/completions (stream): 96 prompt tokens ·
                       temperature: 0, greedy (req), max_tokens: 256 (req),
                       min_tokens: 256 (req)
22:37:43.773 INFO:     #465 chat/completions (stream): 256 tokens generated at
                       265.4 T/s · prompt 96 tokens, none cached, 96 new in 0.09
                       s · first token 0.10 s, total 1.06 s · draft 163/279
                       accepted (58%) · max_tokens reached
22:37:43.776 INFO:     #466 chat/completions (stream): 64 prompt tokens ·
                       temperature: 0, greedy (req), max_tokens: 256 (req),
                       min_tokens: 256 (req)
22:37:44.820 INFO:     #466 chat/completions (stream): 256 tokens generated at
                       265.7 T/s · prompt 64 tokens, none cached, 64 new in 0.07
                       s · first token 0.08 s, total 1.04 s · draft 158/294
                       accepted (54%) · max_tokens reached
22:37:44.823 INFO:     #467 chat/completions (stream): 494 prompt tokens ·
                       temperature: 0, greedy (req), max_tokens: 256 (req),
                       min_tokens: 256 (req)
22:37:46.108 INFO:     #467 chat/completions (stream): 256 tokens generated at
                       247.1 T/s · prompt 494 tokens, none cached, 494 new in
                       0.24 s (2,058 T/s) · first token 0.25 s, total 1.28 s ·
                       draft 152/312 accepted (49%) · max_tokens reached
22:37:46.112 INFO:     #468 chat/completions (stream): 814 prompt tokens ·
                       temperature: 0, greedy (req), max_tokens: 256 (req),
                       min_tokens: 256 (req)
22:37:47.220 INFO:     #468 chat/completions (stream): 256 tokens generated at
                       301.2 T/s · prompt 814 tokens, none cached, 814 new in
                       0.25 s (3,256 T/s) · first token 0.26 s, total 1.11 s ·
                       draft 171/255 accepted (67%) · max_tokens reached
22:37:47.222 INFO:     #470 chat/completions (stream): 64 prompt tokens ·
                       temperature: 0, greedy (req), max_tokens: 256 (req),
                       min_tokens: 256 (req)
22:37:48.183 INFO:     #470 chat/completions (stream): 256 tokens generated at
                       291.0 T/s · prompt 64 tokens, none cached, 64 new in 0.07
                       s · first token 0.08 s, total 0.96 s · draft 166/270
                       accepted (61%) · max_tokens reached
22:37:48.185 INFO:     #471 chat/completions (stream): 82 prompt tokens ·
                       temperature: 0, greedy (req), max_tokens: 256 (req),
                       min_tokens: 256 (req)
22:37:49.140 INFO:     #471 chat/completions (stream): 256 tokens generated at
                       297.1 T/s · prompt 82 tokens, none cached, 82 new in 0.08
                       s · first token 0.09 s, total 0.95 s · draft 169/261
                       accepted (65%) · max_tokens reached
22:37:49.142 INFO:     #472 chat/completions (stream): 97 prompt tokens ·
                       temperature: 0, greedy (req), max_tokens: 256 (req),
                       min_tokens: 256 (req)
22:37:50.001 INFO:     #472 chat/completions (stream): 256 tokens generated at
                       336.2 T/s · prompt 97 tokens, none cached, 97 new in 0.09
                       s · first token 0.10 s, total 0.86 s · draft 180/228
                       accepted (79%) · max_tokens reached
22:37:50.004 INFO:     #473 chat/completions (stream): 64 prompt tokens ·
                       temperature: 0, greedy (req), max_tokens: 256 (req),
                       min_tokens: 256 (req)
22:37:51.321 INFO:     #473 chat/completions (stream): 256 tokens generated at
                       207.1 T/s · prompt 64 tokens, none cached, 64 new in 0.07
                       s · first token 0.08 s, total 1.31 s · draft 131/375
                       accepted (35%) · max_tokens reached
22:37:51.325 INFO:     #474 chat/completions (stream): 684 prompt tokens ·
                       temperature: 0, greedy (req), max_tokens: 256 (req),
                       min_tokens: 256 (req)
22:37:52.565 INFO:     #474 chat/completions (stream): 256 tokens generated at
                       260.6 T/s · prompt 684 tokens, none cached, 684 new in
                       0.25 s (2,736 T/s) · first token 0.26 s, total 1.24 s ·
                       draft 157/297 accepted (53%) · max_tokens reached
22:37:52.569 INFO:     #475 chat/completions (stream): 704 prompt tokens ·
                       temperature: 0, greedy (req), max_tokens: 256 (req),
                       min_tokens: 256 (req)
22:37:53.803 INFO:     #475 chat/completions (stream): 256 tokens generated at
                       264.7 T/s · prompt 704 tokens, none cached, 704 new in
                       0.26 s (2,708 T/s) · first token 0.27 s, total 1.23 s ·
                       draft 160/288 accepted (56%) · max_tokens reached
22:37:53.808 INFO:     #476 chat/completions (stream): 583 prompt tokens ·
                       temperature: 0, greedy (req), max_tokens: 256 (req),
                       min_tokens: 256 (req)
22:37:54.998 INFO:     #476 chat/completions (stream): 256 tokens generated at
                       268.8 T/s · prompt 583 tokens, none cached, 583 new in
                       0.23 s (2,535 T/s) · first token 0.24 s, total 1.19 s ·
                       draft 160/288 accepted (56%) · max_tokens reached
22:37:55.000 INFO:     #477 chat/completions (stream): 255 prompt tokens ·
                       temperature: 0, greedy (req), max_tokens: 256 (req),
                       min_tokens: 256 (req)
22:37:56.029 INFO:     #477 chat/completions (stream): 256 tokens generated at
                       283.9 T/s · prompt 255 tokens, none cached, 255 new in
                       0.12 s · first token 0.13 s, total 1.03 s · draft 166/270
                       accepted (61%) · max_tokens reached
22:37:56.032 INFO:     #478 chat/completions (stream): 61 prompt tokens ·
                       temperature: 0, greedy (req), max_tokens: 256 (req),
                       min_tokens: 256 (req)
22:37:56.990 INFO:     #478 chat/completions (stream): 256 tokens generated at
                       291.5 T/s · prompt 61 tokens, none cached, 61 new in 0.07
                       s · first token 0.08 s, total 0.95 s · draft 168/264
                       accepted (64%) · max_tokens reached
22:37:56.992 INFO:     #479 chat/completions (stream): 66 prompt tokens ·
                       temperature: 0, greedy (req), max_tokens: 256 (req),
                       min_tokens: 256 (req)
22:37:57.951 INFO:     #479 chat/completions (stream): 256 tokens generated at
                       292.3 T/s · prompt 66 tokens, none cached, 66 new in 0.07
                       s · first token 0.08 s, total 0.95 s · draft 167/267
                       accepted (63%) · max_tokens reached
22:37:57.954 INFO:     #480 chat/completions (stream): 479 prompt tokens ·
                       temperature: 0, greedy (req), max_tokens: 256 (req),
                       min_tokens: 256 (req)
22:37:59.225 INFO:     #480 chat/completions (stream): 256 tokens generated at
                       250.9 T/s · prompt 479 tokens, none cached, 479 new in
                       0.24 s (1,996 T/s) · first token 0.25 s, total 1.27 s ·
                       draft 154/306 accepted (50%) · max_tokens reached
22:37:59.227 INFO:     #481 chat/completions (stream): 93 prompt tokens ·
                       temperature: 0, greedy (req), max_tokens: 256 (req),
                       min_tokens: 256 (req)
22:38:00.099 INFO:     #481 chat/completions (stream): 256 tokens generated at
                       330.4 T/s · prompt 93 tokens, none cached, 93 new in 0.09
                       s · first token 0.10 s, total 0.87 s · draft 177/237
                       accepted (75%) · max_tokens reached
22:38:00.103 INFO:     #482 chat/completions (stream): 743 prompt tokens ·
                       temperature: 0, greedy (req), max_tokens: 256 (req),
                       min_tokens: 256 (req)
22:38:01.230 INFO:     #482 chat/completions (stream): 256 tokens generated at
                       299.6 T/s · prompt 743 tokens, none cached, 743 new in
                       0.26 s (2,858 T/s) · first token 0.27 s, total 1.12 s ·
                       draft 170/258 accepted (66%) · max_tokens reached
22:38:01.232 INFO:     #483 chat/completions (stream): 82 prompt tokens ·
                       temperature: 0, greedy (req), max_tokens: 256 (req),
                       min_tokens: 256 (req)
22:38:02.128 INFO:     #483 chat/completions (stream): 256 tokens generated at
                       318.9 T/s · prompt 82 tokens, none cached, 82 new in 0.08
                       s · first token 0.09 s, total 0.89 s · draft 175/243
                       accepted (72%) · max_tokens reached
22:38:02.130 INFO:     #485 chat/completions (stream): 124 prompt tokens ·
                       temperature: 0, greedy (req), max_tokens: 256 (req),
                       min_tokens: 256 (req)
22:38:03.034 INFO:     #485 chat/completions (stream): 256 tokens generated at
                       322.5 T/s · prompt 124 tokens, none cached, 124 new in
                       0.10 s · first token 0.11 s, total 0.90 s · draft 176/240
                       accepted (73%) · max_tokens reached
22:38:03.037 INFO:     #486 chat/completions (stream): 228 prompt tokens ·
                       temperature: 0, greedy (req), max_tokens: 256 (req),
                       min_tokens: 256 (req)
22:38:04.051 INFO:     #486 chat/completions (stream): 256 tokens generated at
                       285.8 T/s · prompt 228 tokens, none cached, 228 new in
                       0.11 s · first token 0.12 s, total 1.01 s · draft 169/261
                       accepted (65%) · max_tokens reached
22:38:04.053 INFO:     #487 chat/completions (stream): 69 prompt tokens ·
                       temperature: 0, greedy (req), max_tokens: 256 (req),
                       min_tokens: 256 (req)
22:38:05.052 INFO:     #487 chat/completions (stream): 256 tokens generated at
                       280.7 T/s · prompt 69 tokens, none cached, 69 new in 0.08
                       s · first token 0.09 s, total 1.00 s · draft 167/267
                       accepted (63%) · max_tokens reached
22:38:05.055 INFO:     #488 chat/completions (stream): 73 prompt tokens ·
                       temperature: 0, greedy (req), max_tokens: 256 (req),
                       min_tokens: 256 (req)
22:38:06.225 INFO:     #488 chat/completions (stream): 256 tokens generated at
                       236.4 T/s · prompt 73 tokens, none cached, 73 new in 0.08
                       s · first token 0.09 s, total 1.17 s · draft 147/327
                       accepted (45%) · max_tokens reached
22:38:06.227 INFO:     #489 chat/completions (stream): 66 prompt tokens ·
                       temperature: 0, greedy (req), max_tokens: 256 (req),
                       min_tokens: 256 (req)
22:38:07.203 INFO:     #489 chat/completions (stream): 256 tokens generated at
                       287.4 T/s · prompt 66 tokens, none cached, 66 new in 0.08
                       s · first token 0.09 s, total 0.98 s · draft 166/270
                       accepted (61%) · max_tokens reached
22:38:07.207 INFO:     #490 chat/completions (stream): 736 prompt tokens ·
                       temperature: 0, greedy (req), max_tokens: 256 (req),
                       min_tokens: 256 (req)
22:38:08.434 INFO:     #490 chat/completions (stream): 256 tokens generated at
                       267.7 T/s · prompt 736 tokens, none cached, 736 new in
                       0.26 s (2,831 T/s) · first token 0.27 s, total 1.22 s ·
                       draft 160/288 accepted (56%) · max_tokens reached
22:38:08.436 INFO:     #491 chat/completions (stream): 106 prompt tokens ·
                       temperature: 0, greedy (req), max_tokens: 256 (req),
                       min_tokens: 256 (req)
22:38:09.261 INFO:     #491 chat/completions (stream): 256 tokens generated at
                       354.9 T/s · prompt 106 tokens, none cached, 106 new in
                       0.09 s · first token 0.10 s, total 0.82 s · draft 183/219
                       accepted (84%) · max_tokens reached
22:38:09.264 INFO:     #492 chat/completions (stream): 63 prompt tokens ·
                       temperature: 0, greedy (req), max_tokens: 256 (req),
                       min_tokens: 256 (req)
22:38:10.433 INFO:     #492 chat/completions (stream): 256 tokens generated at
                       234.8 T/s · prompt 63 tokens, none cached, 63 new in 0.07
                       s · first token 0.08 s, total 1.17 s · draft 145/333
                       accepted (44%) · max_tokens reached
22:38:10.436 INFO:     #493 chat/completions (stream): 76 prompt tokens ·
                       temperature: 0, greedy (req), max_tokens: 256 (req),
                       min_tokens: 256 (req)
22:38:11.417 INFO:     #493 chat/completions (stream): 256 tokens generated at
                       287.2 T/s · prompt 76 tokens, none cached, 76 new in 0.08
                       s · first token 0.09 s, total 0.98 s · draft 167/267
                       accepted (63%) · max_tokens reached
22:38:11.421 INFO:     #494 chat/completions (stream): 833 prompt tokens ·
                       temperature: 0, greedy (req), max_tokens: 256 (req),
                       min_tokens: 256 (req)
22:38:12.519 INFO:     #494 chat/completions (stream): 256 tokens generated at
                       310.7 T/s · prompt 833 tokens, none cached, 833 new in
                       0.26 s (3,204 T/s) · first token 0.27 s, total 1.09 s ·
                       draft 173/249 accepted (69%) · max_tokens reached
22:38:12.521 INFO:     #495 chat/completions (stream): 61 prompt tokens ·
                       temperature: 0, greedy (req), max_tokens: 256 (req),
                       min_tokens: 256 (req)
22:38:13.654 INFO:     #495 chat/completions (stream): 256 tokens generated at
                       243.1 T/s · prompt 61 tokens, none cached, 61 new in 0.07
                       s · first token 0.08 s, total 1.13 s · draft 149/321
                       accepted (46%) · max_tokens reached
22:38:13.657 INFO:     #496 chat/completions (stream): 85 prompt tokens ·
                       temperature: 0, greedy (req), max_tokens: 256 (req),
                       min_tokens: 256 (req)
22:38:14.774 INFO:     #496 chat/completions (stream): 256 tokens generated at
                       249.8 T/s · prompt 85 tokens, none cached, 85 new in 0.08
                       s · first token 0.09 s, total 1.11 s · draft 153/309
                       accepted (50%) · max_tokens reached
22:38:14.777 INFO:     #497 chat/completions (stream): 100 prompt tokens ·
                       temperature: 0, greedy (req), max_tokens: 256 (req),
                       min_tokens: 256 (req)
22:38:15.690 INFO:     #497 chat/completions (stream): 256 tokens generated at
                       315.5 T/s · prompt 100 tokens, none cached, 100 new in
                       0.09 s · first token 0.10 s, total 0.91 s · draft 174/246
                       accepted (71%) · max_tokens reached
22:38:15.694 INFO:     #498 chat/completions (stream): 723 prompt tokens ·
                       temperature: 0, greedy (req), max_tokens: 256 (req),
                       min_tokens: 256 (req)
22:38:16.805 INFO:     #498 chat/completions (stream): 256 tokens generated at
                       305.8 T/s · prompt 723 tokens, none cached, 723 new in
                       0.26 s (2,781 T/s) · first token 0.27 s, total 1.10 s ·
                       draft 171/255 accepted (67%) · max_tokens reached
22:38:16.808 INFO:     #499 chat/completions (stream): 120 prompt tokens ·
                       temperature: 0, greedy (req), max_tokens: 256 (req),
                       min_tokens: 256 (req)
22:38:17.790 INFO:     #499 chat/completions (stream): 256 tokens generated at
                       294.3 T/s · prompt 120 tokens, none cached, 120 new in
                       0.10 s · first token 0.11 s, total 0.98 s · draft 169/261
                       accepted (65%) · max_tokens reached
22:38:17.792 INFO:     #501 chat/completions (stream): 66 prompt tokens ·
                       temperature: 0, greedy (req), max_tokens: 256 (req),
                       min_tokens: 256 (req)
22:38:18.902 INFO:     #501 chat/completions (stream): 256 tokens generated at
                       249.3 T/s · prompt 66 tokens, none cached, 66 new in 0.07
                       s · first token 0.08 s, total 1.10 s · draft 152/312
                       accepted (49%) · max_tokens reached
22:38:18.905 INFO:     #502 chat/completions (stream): 68 prompt tokens ·
                       temperature: 0, greedy (req), max_tokens: 256 (req),
                       min_tokens: 256 (req)
22:38:19.877 INFO:     #502 chat/completions (stream): 256 tokens generated at
                       288.7 T/s · prompt 68 tokens, none cached, 68 new in 0.08
                       s · first token 0.09 s, total 0.97 s · draft 167/267
                       accepted (63%) · max_tokens reached
22:38:19.879 INFO:     #503 chat/completions (stream): 70 prompt tokens ·
                       temperature: 0, greedy (req), max_tokens: 256 (req),
                       min_tokens: 256 (req)
22:38:20.860 INFO:     #503 chat/completions (stream): 256 tokens generated at
                       286.5 T/s · prompt 70 tokens, none cached, 70 new in 0.08
                       s · first token 0.09 s, total 0.98 s · draft 166/270
                       accepted (61%) · max_tokens reached
22:38:20.864 INFO:     #504 chat/completions (stream): 737 prompt tokens ·
                       temperature: 0, greedy (req), max_tokens: 256 (req),
                       min_tokens: 256 (req)
22:38:22.079 INFO:     #504 chat/completions (stream): 256 tokens generated at
                       272.8 T/s · prompt 737 tokens, none cached, 737 new in
                       0.27 s (2,730 T/s) · first token 0.28 s, total 1.21 s ·
                       draft 164/276 accepted (59%) · max_tokens reached
22:38:22.081 INFO:     #505 chat/completions (stream): 61 prompt tokens ·
                       temperature: 0, greedy (req), max_tokens: 256 (req),
                       min_tokens: 256 (req)
22:38:23.090 INFO:     #505 chat/completions (stream): 256 tokens generated at
                       275.1 T/s · prompt 61 tokens, none cached, 61 new in 0.07
                       s · first token 0.08 s, total 1.01 s · draft 162/282
                       accepted (57%) · max_tokens reached
22:38:23.095 INFO:     #506 chat/completions (stream): 1,015 prompt tokens ·
                       temperature: 0, greedy (req), max_tokens: 256 (req),
                       min_tokens: 256 (req)
22:38:24.258 INFO:     #506 chat/completions (stream): 256 tokens generated at
                       301.8 T/s · prompt 1,015 tokens, none cached, 1,015 new
                       in 0.30 s (3,383 T/s) · first token 0.31 s, total 1.15 s
                       · draft 170/258 accepted (66%) · max_tokens reached
22:38:24.260 INFO:     #507 chat/completions (stream): 62 prompt tokens ·
                       temperature: 0, greedy (req), max_tokens: 256 (req),
                       min_tokens: 256 (req)
22:38:25.426 INFO:     #507 chat/completions (stream): 256 tokens generated at
                       236.7 T/s · prompt 62 tokens, none cached, 62 new in 0.07
                       s · first token 0.08 s, total 1.16 s · draft 145/333
                       accepted (44%) · max_tokens reached
22:38:25.428 INFO:     #508 chat/completions (stream): 84 prompt tokens ·
                       temperature: 0, greedy (req), max_tokens: 256 (req),
                       min_tokens: 256 (req)
22:38:26.314 INFO:     #508 chat/completions (stream): 256 tokens generated at
                       323.4 T/s · prompt 84 tokens, none cached, 84 new in 0.09
                       s · first token 0.10 s, total 0.89 s · draft 176/240
                       accepted (73%) · max_tokens reached
22:38:26.318 INFO:     #509 chat/completions (stream): 783 prompt tokens ·
                       temperature: 0, greedy (req), max_tokens: 256 (req),
                       min_tokens: 256 (req)
22:38:27.361 INFO:     #509 chat/completions (stream): 256 tokens generated at
                       311.7 T/s · prompt 783 tokens, none cached, 783 new in
                       0.21 s (3,729 T/s) · first token 0.22 s, total 1.04 s ·
                       draft 173/249 accepted (69%) · max_tokens reached
22:38:27.365 INFO:     #510 chat/completions (stream): 766 prompt tokens ·
                       temperature: 0, greedy (req), max_tokens: 256 (req),
                       min_tokens: 256 (req)
22:38:28.547 INFO:     #510 chat/completions (stream): 256 tokens generated at
                       284.2 T/s · prompt 766 tokens, none cached, 766 new in
                       0.27 s (2,837 T/s) · first token 0.28 s, total 1.18 s ·
                       draft 166/270 accepted (61%) · max_tokens reached
22:38:28.553 INFO:     #511 chat/completions (stream): 1,490 prompt tokens ·
                       temperature: 0, greedy (req), max_tokens: 256 (req),
                       min_tokens: 256 (req)
22:38:29.786 INFO:     #511 chat/completions (stream): 256 tokens generated at
                       302.8 T/s · prompt 1,490 tokens, none cached, 1,490 new
                       in 0.38 s (3,921 T/s) · first token 0.39 s, total 1.23 s
                       · draft 171/255 accepted (67%) · max_tokens reached
22:38:29.789 INFO:     #512 chat/completions (stream): 61 prompt tokens ·
                       temperature: 0, greedy (req), max_tokens: 256 (req),
                       min_tokens: 256 (req)
22:38:30.765 INFO:     #512 chat/completions (stream): 256 tokens generated at
                       285.5 T/s · prompt 61 tokens, none cached, 61 new in 0.07
                       s · first token 0.08 s, total 0.97 s · draft 166/270
                       accepted (61%) · max_tokens reached
22:38:30.767 INFO:     #513 chat/completions (stream): 65 prompt tokens ·
                       temperature: 0, greedy (req), max_tokens: 256 (req),
                       min_tokens: 256 (req)
22:38:31.805 INFO:     #513 chat/completions (stream): 256 tokens generated at
                       267.4 T/s · prompt 65 tokens, none cached, 65 new in 0.07
                       s · first token 0.08 s, total 1.03 s · draft 160/288
                       accepted (56%) · max_tokens reached
22:38:31.808 INFO:     #514 chat/completions (stream): 89 prompt tokens ·
                       temperature: 0, greedy (req), max_tokens: 256 (req),
                       min_tokens: 256 (req)
22:38:32.789 INFO:     #514 chat/completions (stream): 256 tokens generated at
                       289.4 T/s · prompt 89 tokens, none cached, 89 new in 0.09
                       s · first token 0.10 s, total 0.98 s · draft 167/267
                       accepted (63%) · max_tokens reached
22:38:32.792 INFO:     #516 chat/completions (stream): 90 prompt tokens ·
                       temperature: 0, greedy (req), max_tokens: 256 (req),
                       min_tokens: 256 (req)
22:38:33.743 INFO:     #516 chat/completions (stream): 256 tokens generated at
                       298.8 T/s · prompt 90 tokens, none cached, 90 new in 0.09
                       s · first token 0.10 s, total 0.95 s · draft 170/258
                       accepted (66%) · max_tokens reached
22:38:33.747 INFO:     #517 chat/completions (stream): 875 prompt tokens ·
                       temperature: 0, greedy (req), max_tokens: 256 (req),
                       min_tokens: 256 (req)
22:38:35.017 INFO:     #517 chat/completions (stream): 256 tokens generated at
                       262.3 T/s · prompt 875 tokens, none cached, 875 new in
                       0.28 s (3,125 T/s) · first token 0.29 s, total 1.26 s ·
                       draft 158/294 accepted (54%) · max_tokens reached
22:38:35.021 INFO:     #518 chat/completions (stream): 749 prompt tokens ·
                       temperature: 0, greedy (req), max_tokens: 256 (req),
                       min_tokens: 256 (req)
22:38:36.104 INFO:     #518 chat/completions (stream): 256 tokens generated at
                       333.8 T/s · prompt 749 tokens, none cached, 749 new in
                       0.30 s (2,497 T/s) · first token 0.31 s, total 1.07 s ·
                       draft 178/234 accepted (76%) · max_tokens reached
22:38:36.107 INFO:     #519 chat/completions (stream): 94 prompt tokens ·
                       temperature: 0, greedy (req), max_tokens: 256 (req),
                       min_tokens: 256 (req)
22:38:36.933 INFO:     #519 chat/completions (stream): 256 tokens generated at
                       351.7 T/s · prompt 94 tokens, none cached, 94 new in 0.09
                       s · first token 0.10 s, total 0.82 s · draft 182/222
                       accepted (82%) · max_tokens reached
22:38:36.937 INFO:     #520 chat/completions (stream): 1,065 prompt tokens ·
                       temperature: 0, greedy (req), max_tokens: 256 (req),
                       min_tokens: 256 (req)
22:38:38.123 INFO:     #520 chat/completions (stream): 256 tokens generated at
                       303.3 T/s · prompt 1,065 tokens, none cached, 1,065 new
                       in 0.33 s (3,227 T/s) · first token 0.34 s, total 1.18 s
                       · draft 171/255 accepted (67%) · max_tokens reached
22:38:38.127 INFO:     #521 chat/completions (stream): 761 prompt tokens ·
                       temperature: 0, greedy (req), max_tokens: 256 (req),
                       min_tokens: 256 (req)
22:38:39.244 INFO:     #521 chat/completions (stream): 256 tokens generated at
                       306.9 T/s · prompt 761 tokens, none cached, 761 new in
                       0.27 s (2,819 T/s) · first token 0.28 s, total 1.11 s ·
                       draft 172/252 accepted (68%) · max_tokens reached
