22:05:48.208 INFO:     Sampler preset "qwen38_thinking": temperature 0.6, top_k
                       20, top_p 0.95
22:05:48.211 INFO:     exllamav3 version: 1.5.0
22:05:49.544 INFO:     Using main model MTP component for drafting
22:05:49.564 INFO:     Context: max_seq_len 262,144 tokens (configured),
                       cache_size 983,040 tokens
22:05:49.622 INFO:     Using tool format: qwen3_coder
22:05:49.622 INFO:     Using template "chat_template" for chat completions.
22:05:51.683 INFO:     Loading model
                       /models/qwen3.8-flash-next-exl3-2.50bpw-r0b0tlab (manual
                       GPU split)
Loading vision modules ━━━━━━━━━━━━━━━━━━━━━━━━━━━━━━━━━━━━━━ 100% 30/30 0:00:00
Loading draft modules  ━━━━━━━━━━━━━━━━━━━━━━━━━━━━━━━━━━━━━━ 100% 3/3   0:00:00
Loading model modules  ━━━━━━━━━━━━━━━━━━━━━━━━━━━━━━━━━━━━━━ 100% 53/53 0:00:00
EXL3_EMBED_GPU_PRUNED=1: embedding mirror 65536 of 248320 rows (320.0 MiB, prefix) on cuda:1
22:05:58.954 INFO:     Model loaded in 9.3 s

22:05:58.954 WARNING:  Disabling authentication makes your instance vulnerable.
                       Set the `disable_auth` flag to False in config.yml if you
                       want to share this instance with others.
22:05:58.954 WARNING:  With authentication disabled and `allowed_origins` left
                       at ["*"], any website open in a browser on this machine
                       can send requests to this instance and read the
                       responses, including admin endpoints. Set
                       `network.allowed_origins` to your own frontends (or [])
                       unless you use a browser-based frontend that needs it.
22:05:58.955 INFO:     Serving OAI API on http://0.0.0.0:8022 (docs at
                       http://0.0.0.0:8022/redoc)
22:06:03.030 INFO:     #4 completions: 3 prompt tokens · temperature: 0, greedy
                       (req), max_tokens: 16 (req)
densegemm lcguard: device 1: dense calls on the QSA side branch use the side scratch (hctr upper half, side slots)
densegemm lcguard: device 0: dense calls on the QSA side branch use the side scratch (hctr upper half, side slots)
22:06:03.415 INFO:     #4 completions: 16 tokens generated at 111.4 T/s · prompt
                       3 tokens, none cached, 3 new in 0.23 s · first token 0.24
                       s, total 0.38 s · draft 8/24 accepted (33%) · max_tokens
                       reached
22:06:03.641 INFO:     #6 chat/completions: 73 prompt tokens · temperature: 0,
                       greedy (req), max_tokens: 64 (req), min_tokens: 64 (req)
22:06:03.643 INFO:     #7 chat/completions: 73 prompt tokens · temperature: 0,
                       greedy (req), max_tokens: 64 (req), min_tokens: 64 (req)
22:06:03.644 INFO:     #8 chat/completions: 73 prompt tokens · temperature: 0,
                       greedy (req), max_tokens: 64 (req), min_tokens: 64 (req)
22:06:03.945 INFO:     #9 chat/completions: 73 prompt tokens · temperature: 0,
                       greedy (req), max_tokens: 64 (req), min_tokens: 64 (req)
22:06:04.049 INFO:     #10 chat/completions: 73 prompt tokens · temperature: 0,
                       greedy (req), max_tokens: 64 (req), min_tokens: 64 (req)
22:06:04.152 INFO:     #11 chat/completions: 73 prompt tokens · temperature: 0,
                       greedy (req), max_tokens: 64 (req), min_tokens: 64 (req)
22:06:04.257 INFO:     #12 chat/completions: 73 prompt tokens · temperature: 0,
                       greedy (req), max_tokens: 64 (req), min_tokens: 64 (req)
22:06:04.363 INFO:     #13 chat/completions: 73 prompt tokens · temperature: 0,
                       greedy (req), max_tokens: 64 (req), min_tokens: 64 (req)
22:06:04.969 INFO:     #7 chat/completions: 64 tokens generated at 67.3 T/s ·
                       prompt 73 tokens, none cached, 73 new in 0.16 s · queued
                       0.13 s, first token 0.29 s, total 1.24 s · draft 38/54
                       accepted (70%) · max_tokens reached
22:06:04.985 INFO:     #8 chat/completions: 64 tokens generated at 65.6 T/s ·
                       prompt 73 tokens, none cached, 73 new in 0.08 s · queued
                       0.20 s, first token 0.28 s, total 1.26 s · draft 37/56
                       accepted (66%) · max_tokens reached
22:06:04.986 INFO:     #6 chat/completions: 64 tokens generated at 64.0 T/s ·
                       prompt 73 tokens, none cached, 73 new in 0.27 s · first
                       token 0.29 s, total 1.29 s · draft 36/58 accepted (62%) ·
                       max_tokens reached
22:06:04.986 INFO:     #9 chat/completions: 64 tokens generated at 71.6 T/s ·
                       prompt 73 tokens, none cached, 73 new in 0.08 s · first
                       token 0.09 s, total 0.98 s · draft 37/55 accepted (67%) ·
                       max_tokens reached
22:06:04.987 INFO:     #10 chat/completions: 64 tokens generated at 78.8 T/s ·
                       prompt 73 tokens, none cached, 73 new in 0.08 s · first
                       token 0.09 s, total 0.90 s · draft 37/55 accepted (67%) ·
                       max_tokens reached
22:06:04.988 INFO:     #11 chat/completions: 64 tokens generated at 87.5 T/s ·
                       prompt 73 tokens, none cached, 73 new in 0.08 s · first
                       token 0.09 s, total 0.82 s · draft 37/56 accepted (66%) ·
                       max_tokens reached
22:06:04.988 INFO:     #12 chat/completions: 64 tokens generated at 99.9 T/s ·
                       prompt 73 tokens, none cached, 73 new in 0.08 s · first
                       token 0.09 s, total 0.73 s · draft 37/57 accepted (65%) ·
                       max_tokens reached
22:06:04.989 INFO:     #13 chat/completions: 64 tokens generated at 119.4 T/s ·
                       prompt 73 tokens, none cached, 73 new in 0.08 s · first
                       token 0.08 s, total 0.62 s · draft 38/55 accepted (69%) ·
                       max_tokens reached
22:06:15.915 INFO:     #16 chat/completions (stream): 92 prompt tokens ·
                       temperature: 0, greedy (req), max_tokens: 256 (req),
                       min_tokens: 256 (req)
22:06:16.026 INFO:     #17 chat/completions (stream): 511 prompt tokens ·
                       temperature: 0, greedy (req), max_tokens: 256 (req),
                       min_tokens: 256 (req)
22:06:16.177 INFO:     #18 chat/completions (stream): 74 prompt tokens ·
                       temperature: 0, greedy (req), max_tokens: 256 (req),
                       min_tokens: 256 (req)
22:06:16.439 INFO:     #19 chat/completions (stream): 87 prompt tokens ·
                       temperature: 0, greedy (req), max_tokens: 256 (req),
                       min_tokens: 256 (req)
22:06:16.549 INFO:     #20 chat/completions (stream): 121 prompt tokens ·
                       temperature: 0, greedy (req), max_tokens: 256 (req),
                       min_tokens: 256 (req)
22:06:16.680 INFO:     #21 chat/completions (stream): 74 prompt tokens ·
                       temperature: 0, greedy (req), max_tokens: 256 (req),
                       min_tokens: 256 (req)
22:06:16.783 INFO:     #22 chat/completions (stream): 105 prompt tokens ·
                       temperature: 0, greedy (req), max_tokens: 256 (req),
                       min_tokens: 256 (req)
22:06:16.900 INFO:     #23 chat/completions (stream): 78 prompt tokens ·
                       temperature: 0, greedy (req), max_tokens: 256 (req),
                       min_tokens: 256 (req)
22:06:19.322 INFO:     #16 chat/completions (stream): 256 tokens generated at
                       79.5 T/s · prompt 92 tokens, none cached, 92 new in 0.09
                       s · first token 0.10 s, total 3.32 s · draft 156/204
                       accepted (76%) · max_tokens reached
22:06:19.323 INFO:     #22 chat/completions (stream): 256 tokens generated at
                       108.7 T/s · prompt 105 tokens, none cached, 105 new in
                       0.09 s · first token 0.09 s, total 2.45 s · draft 162/188
                       accepted (86%) · max_tokens reached
22:06:19.394 INFO:     #25 chat/completions (stream): 62 prompt tokens ·
                       temperature: 0, greedy (req), max_tokens: 256 (req),
                       min_tokens: 256 (req)
22:06:19.395 INFO:     #26 chat/completions (stream): 64 prompt tokens ·
                       temperature: 0, greedy (req), max_tokens: 256 (req),
                       min_tokens: 256 (req)
22:06:19.568 INFO:     #20 chat/completions (stream): 256 tokens generated at
                       96.1 T/s · prompt 121 tokens, none cached, 121 new in
                       0.10 s · first token 0.11 s, total 2.77 s · draft 156/200
                       accepted (78%) · max_tokens reached
22:06:19.609 INFO:     #19 chat/completions (stream): 256 tokens generated at
                       90.1 T/s · prompt 87 tokens, none cached, 87 new in 0.09
                       s · first token 0.10 s, total 2.94 s · draft 153/207
                       accepted (74%) · max_tokens reached
22:06:19.627 INFO:     #27 chat/completions (stream): 89 prompt tokens ·
                       temperature: 0, greedy (req), max_tokens: 256 (req),
                       min_tokens: 256 (req)
22:06:19.752 INFO:     #28 chat/completions (stream): 109 prompt tokens ·
                       temperature: 0, greedy (req), max_tokens: 256 (req),
                       min_tokens: 256 (req)
22:06:19.868 INFO:     #21 chat/completions (stream): 256 tokens generated at
                       90.0 T/s · prompt 74 tokens, none cached, 74 new in 0.08
                       s · first token 0.09 s, total 2.93 s · draft 151/211
                       accepted (72%) · max_tokens reached
22:06:19.890 INFO:     #17 chat/completions (stream): 256 tokens generated at
                       80.0 T/s · prompt 511 tokens, none cached, 511 new in
                       0.39 s (1,310 T/s) · first token 0.40 s, total 3.60 s ·
                       draft 147/221 accepted (67%) · max_tokens reached
22:06:19.927 INFO:     #29 chat/completions (stream): 829 prompt tokens ·
                       temperature: 0, greedy (req), max_tokens: 256 (req),
                       min_tokens: 256 (req)
22:06:20.136 INFO:     #30 chat/completions (stream): 67 prompt tokens ·
                       temperature: 0, greedy (req), max_tokens: 256 (req),
                       min_tokens: 256 (req)
22:06:20.314 INFO:     #18 chat/completions (stream): 256 tokens generated at
                       73.9 T/s · prompt 74 tokens, none cached, 74 new in 0.08
                       s · queued 0.17 s, first token 0.25 s, total 3.71 s ·
                       draft 143/229 accepted (62%) · max_tokens reached
22:06:20.377 INFO:     #31 chat/completions (stream): 201 prompt tokens ·
                       temperature: 0, greedy (req), max_tokens: 256 (req),
                       min_tokens: 256 (req)
22:06:20.506 INFO:     #23 chat/completions (stream): 256 tokens generated at
                       77.0 T/s · prompt 78 tokens, none cached, 78 new in 0.08
                       s · first token 0.08 s, total 3.41 s · draft 144/225
                       accepted (64%) · max_tokens reached
22:06:20.572 INFO:     #32 chat/completions (stream): 88 prompt tokens ·
                       temperature: 0, greedy (req), max_tokens: 256 (req),
                       min_tokens: 256 (req)
22:06:22.896 INFO:     #28 chat/completions (stream): 256 tokens generated at
                       86.5 T/s · prompt 109 tokens, none cached, 109 new in
                       0.09 s · first token 0.09 s, total 3.05 s · draft 156/200
                       accepted (78%) · max_tokens reached
22:06:22.939 INFO:     #30 chat/completions (stream): 256 tokens generated at
                       100.0 T/s · prompt 67 tokens, none cached, 67 new in 0.08
                       s · first token 0.16 s, total 2.72 s · draft 159/194
                       accepted (82%) · max_tokens reached
22:06:22.962 INFO:     #33 chat/completions (stream): 84 prompt tokens ·
                       temperature: 0, greedy (req), max_tokens: 256 (req),
                       min_tokens: 256 (req)
22:06:23.088 INFO:     #34 chat/completions (stream): 735 prompt tokens ·
                       temperature: 0, greedy (req), max_tokens: 256 (req),
                       min_tokens: 256 (req)
22:06:23.396 INFO:     #25 chat/completions (stream): 256 tokens generated at
                       75.0 T/s · prompt 62 tokens, none cached, 62 new in 0.14
                       s · first token 0.15 s, total 3.56 s · draft 143/226
                       accepted (63%) · max_tokens reached
22:06:23.398 INFO:     #29 chat/completions (stream): 256 tokens generated at
                       95.9 T/s · prompt 829 tokens, none cached, 829 new in
                       0.36 s (2,303 T/s) · first token 0.37 s, total 3.03 s ·
                       draft 154/204 accepted (75%) · max_tokens reached
22:06:23.453 INFO:     #35 chat/completions (stream): 72 prompt tokens ·
                       temperature: 0, greedy (req), max_tokens: 256 (req),
                       min_tokens: 256 (req)
22:06:23.455 INFO:     #36 chat/completions (stream): 1,231 prompt tokens ·
                       temperature: 0, greedy (req), max_tokens: 256 (req),
                       min_tokens: 256 (req)
22:06:23.780 INFO:     #26 chat/completions (stream): 256 tokens generated at
                       66.5 T/s · prompt 64 tokens, none cached, 64 new in 0.07
                       s · first token 0.15 s, total 4.00 s · draft 139/234
                       accepted (59%) · max_tokens reached
22:06:23.781 INFO:     #27 chat/completions (stream): 256 tokens generated at
                       69.6 T/s · prompt 89 tokens, none cached, 89 new in 0.08
                       s · first token 0.09 s, total 3.76 s · draft 143/226
                       accepted (63%) · max_tokens reached
22:06:23.926 INFO:     #31 chat/completions (stream): 256 tokens generated at
                       86.7 T/s · prompt 201 tokens, none cached, 201 new in
                       0.10 s · first token 0.11 s, total 3.06 s · draft 152/210
                       accepted (72%) · max_tokens reached
22:06:23.944 INFO:     #37 chat/completions (stream): 134 prompt tokens ·
                       temperature: 0, greedy (req), max_tokens: 256 (req),
                       min_tokens: 256 (req)
22:06:23.946 INFO:     #38 chat/completions (stream): 1,082 prompt tokens ·
                       temperature: 0, greedy (req), max_tokens: 256 (req),
                       min_tokens: 256 (req)
22:06:24.414 INFO:     #39 chat/completions (stream): 84 prompt tokens ·
                       temperature: 0, greedy (req), max_tokens: 256 (req),
                       min_tokens: 256 (req)
22:06:24.631 INFO:     #32 chat/completions (stream): 256 tokens generated at
                       65.9 T/s · prompt 88 tokens, none cached, 88 new in 0.08
                       s · first token 0.09 s, total 3.97 s · draft 147/222
                       accepted (66%) · max_tokens reached
22:06:24.697 INFO:     #40 chat/completions (stream): 78 prompt tokens ·
                       temperature: 0, greedy (req), max_tokens: 256 (req),
                       min_tokens: 256 (req)
22:06:26.692 INFO:     #34 chat/completions (stream): 256 tokens generated at
                       79.4 T/s · prompt 735 tokens, none cached, 735 new in
                       0.28 s (2,625 T/s) · first token 0.29 s, total 3.51 s ·
                       draft 162/192 accepted (84%) · max_tokens reached
22:06:26.760 INFO:     #41 chat/completions (stream): 70 prompt tokens ·
                       temperature: 0, greedy (req), max_tokens: 256 (req),
                       min_tokens: 256 (req)
22:06:26.912 INFO:     #37 chat/completions (stream): 256 tokens generated at
                       104.9 T/s · prompt 134 tokens, none cached, 134 new in
                       0.34 s · first token 0.35 s, total 2.79 s · draft 164/184
                       accepted (89%) · max_tokens reached
22:06:26.981 INFO:     #42 chat/completions (stream): 149 prompt tokens ·
                       temperature: 0, greedy (req), max_tokens: 256 (req),
                       min_tokens: 256 (req)
22:06:27.163 INFO:     #33 chat/completions (stream): 256 tokens generated at
                       65.2 T/s · prompt 84 tokens, none cached, 84 new in 0.08
                       s · first token 0.09 s, total 4.01 s · draft 146/224
                       accepted (65%) · max_tokens reached
22:06:27.206 INFO:     #36 chat/completions (stream): 256 tokens generated at
                       79.2 T/s · prompt 1,231 tokens, none cached, 1,231 new in
                       0.35 s (3,517 T/s) · first token 0.43 s, total 3.67 s ·
                       draft 152/208 accepted (73%) · max_tokens reached
22:06:27.225 INFO:     #43 chat/completions (stream): 258 prompt tokens ·
                       temperature: 0, greedy (req), max_tokens: 256 (req),
                       min_tokens: 256 (req)
22:06:27.416 INFO:     #44 chat/completions (stream): 109 prompt tokens ·
                       temperature: 0, greedy (req), max_tokens: 256 (req),
                       min_tokens: 256 (req)
22:06:27.537 INFO:     #39 chat/completions (stream): 256 tokens generated at
                       94.8 T/s · prompt 84 tokens, none cached, 84 new in 0.08
                       s · first token 0.09 s, total 2.79 s · draft 153/206
                       accepted (74%) · max_tokens reached
22:06:27.605 INFO:     #45 chat/completions (stream): 105 prompt tokens ·
                       temperature: 0, greedy (req), max_tokens: 256 (req),
                       min_tokens: 256 (req)
22:06:27.793 INFO:     #38 chat/completions (stream): 256 tokens generated at
                       79.7 T/s · prompt 1,082 tokens, none cached, 1,082 new in
                       0.33 s (3,279 T/s) · queued 0.12 s, first token 0.45 s,
                       total 3.66 s · draft 145/222 accepted (65%) · max_tokens
                       reached
22:06:27.854 INFO:     #46 chat/completions (stream): 788 prompt tokens ·
                       temperature: 0, greedy (req), max_tokens: 256 (req),
                       min_tokens: 256 (req)
22:06:28.066 INFO:     #35 chat/completions (stream): 256 tokens generated at
                       63.5 T/s · prompt 72 tokens, none cached, 72 new in 0.30
                       s · first token 0.31 s, total 4.34 s · draft 136/241
                       accepted (56%) · max_tokens reached
22:06:28.130 INFO:     #40 chat/completions (stream): 256 tokens generated at
                       83.9 T/s · prompt 78 tokens, none cached, 78 new in 0.08
                       s · first token 0.08 s, total 3.14 s · draft 149/214
                       accepted (70%) · max_tokens reached
22:06:28.152 INFO:     #47 chat/completions (stream): 62 prompt tokens ·
                       temperature: 0, greedy (req), max_tokens: 256 (req),
                       min_tokens: 256 (req)
22:06:28.277 INFO:     #48 chat/completions (stream): 1,445 prompt tokens ·
                       temperature: 0, greedy (req), max_tokens: 256 (req),
                       min_tokens: 256 (req)
22:06:30.544 INFO:     #41 chat/completions (stream): 256 tokens generated at
                       71.0 T/s · prompt 70 tokens, none cached, 70 new in 0.08
                       s · first token 0.09 s, total 3.69 s · draft 151/210
                       accepted (72%) · max_tokens reached
22:06:30.609 INFO:     #49 chat/completions (stream): 159 prompt tokens ·
                       temperature: 0, greedy (req), max_tokens: 256 (req),
                       min_tokens: 256 (req)
22:06:30.732 INFO:     #42 chat/completions (stream): 256 tokens generated at
                       73.9 T/s · prompt 149 tokens, none cached, 149 new in
                       0.09 s · first token 0.09 s, total 3.56 s · draft 153/206
                       accepted (74%) · max_tokens reached
22:06:30.803 INFO:     #50 chat/completions (stream): 705 prompt tokens ·
                       temperature: 0, greedy (req), max_tokens: 256 (req),
                       min_tokens: 256 (req)
22:06:31.277 INFO:     #43 chat/completions (stream): 256 tokens generated at
                       67.8 T/s · prompt 258 tokens, none cached, 258 new in
                       0.16 s (1,612 T/s) · first token 0.17 s, total 3.94 s ·
                       draft 150/212 accepted (71%) · max_tokens reached
22:06:31.300 INFO:     #44 chat/completions (stream): 256 tokens generated at
                       69.3 T/s · prompt 109 tokens, none cached, 109 new in
                       0.09 s · first token 0.10 s, total 3.79 s · draft 150/212
                       accepted (71%) · max_tokens reached
22:06:31.346 INFO:     #51 chat/completions (stream): 62 prompt tokens ·
                       temperature: 0, greedy (req), max_tokens: 256 (req),
                       min_tokens: 256 (req)
22:06:31.447 INFO:     #52 chat/completions (stream): 796 prompt tokens ·
                       temperature: 0, greedy (req), max_tokens: 256 (req),
                       min_tokens: 256 (req)
22:06:31.743 INFO:     #45 chat/completions (stream): 256 tokens generated at
                       68.5 T/s · prompt 105 tokens, none cached, 105 new in
                       0.09 s · first token 0.10 s, total 3.83 s · draft 147/218
                       accepted (67%) · max_tokens reached
22:06:31.744 INFO:     #46 chat/completions (stream): 256 tokens generated at
                       76.3 T/s · prompt 788 tokens, none cached, 788 new in
                       0.23 s (3,426 T/s) · first token 0.24 s, total 3.59 s ·
                       draft 155/202 accepted (77%) · max_tokens reached
22:06:31.810 INFO:     #53 chat/completions (stream): 93 prompt tokens ·
                       temperature: 0, greedy (req), max_tokens: 256 (req),
                       min_tokens: 256 (req)
22:06:31.810 INFO:     #54 chat/completions (stream): 94 prompt tokens ·
                       temperature: 0, greedy (req), max_tokens: 256 (req),
                       min_tokens: 256 (req)
22:06:32.300 INFO:     #48 chat/completions (stream): 256 tokens generated at
                       72.8 T/s · prompt 1,445 tokens, none cached, 1,445 new in
                       0.41 s (3,524 T/s) · first token 0.41 s, total 3.93 s ·
                       draft 145/222 accepted (65%) · max_tokens reached
22:06:32.365 INFO:     #56 chat/completions (stream): 65 prompt tokens ·
                       temperature: 0, greedy (req), max_tokens: 256 (req),
                       min_tokens: 256 (req)
22:06:32.499 INFO:     #47 chat/completions (stream): 256 tokens generated at
                       62.6 T/s · prompt 62 tokens, none cached, 62 new in 0.07
                       s · first token 0.08 s, total 4.17 s · draft 137/238
                       accepted (58%) · max_tokens reached
22:06:32.572 INFO:     #57 chat/completions (stream): 1,347 prompt tokens ·
                       temperature: 0, greedy (req), max_tokens: 256 (req),
                       min_tokens: 256 (req)
22:06:34.233 INFO:     #49 chat/completions (stream): 256 tokens generated at
                       74.9 T/s · prompt 159 tokens, none cached, 159 new in
                       0.10 s · first token 0.11 s, total 3.52 s · draft 163/186
                       accepted (88%) · max_tokens reached
22:06:34.306 INFO:     #58 chat/completions (stream): 754 prompt tokens ·
                       temperature: 0, greedy (req), max_tokens: 256 (req),
                       min_tokens: 256 (req)
22:06:35.016 INFO:     #50 chat/completions (stream): 256 tokens generated at
                       66.9 T/s · prompt 705 tokens, none cached, 705 new in
                       0.29 s (2,431 T/s) · first token 0.29 s, total 4.12 s ·
                       draft 148/216 accepted (69%) · max_tokens reached
22:06:35.082 INFO:     #59 chat/completions (stream): 73 prompt tokens ·
                       temperature: 0, greedy (req), max_tokens: 256 (req),
                       min_tokens: 256 (req)
22:06:35.233 INFO:     #51 chat/completions (stream): 256 tokens generated at
                       70.8 T/s · prompt 62 tokens, none cached, 62 new in 0.07
                       s · first token 0.08 s, total 3.69 s · draft 153/206
                       accepted (74%) · max_tokens reached
22:06:35.298 INFO:     #60 chat/completions (stream): 758 prompt tokens ·
                       temperature: 0, greedy (req), max_tokens: 256 (req),
                       min_tokens: 256 (req)
22:06:35.299 INFO:     #53 chat/completions (stream): 256 tokens generated at
                       79.6 T/s · prompt 93 tokens, none cached, 93 new in 0.17
                       s · first token 0.18 s, total 3.40 s · draft 158/196
                       accepted (81%) · max_tokens reached
22:06:35.641 INFO:     #61 chat/completions (stream): 63 prompt tokens ·
                       temperature: 0, greedy (req), max_tokens: 256 (req),
                       min_tokens: 256 (req)
22:06:35.760 INFO:     #52 chat/completions (stream): 256 tokens generated at
                       67.4 T/s · prompt 796 tokens, none cached, 796 new in
                       0.23 s (3,461 T/s) · first token 0.24 s, total 4.03 s ·
                       draft 147/218 accepted (67%) · max_tokens reached
22:06:35.761 INFO:     #54 chat/completions (stream): 256 tokens generated at
                       73.5 T/s · prompt 94 tokens, none cached, 94 new in 0.09
                       s · queued 0.10 s, first token 0.19 s, total 3.67 s ·
                       draft 153/206 accepted (74%) · max_tokens reached
22:06:35.826 INFO:     #62 chat/completions (stream): 71 prompt tokens ·
                       temperature: 0, greedy (req), max_tokens: 256 (req),
                       min_tokens: 256 (req)
22:06:35.826 INFO:     #63 chat/completions (stream): 71 prompt tokens ·
                       temperature: 0, greedy (req), max_tokens: 256 (req),
                       min_tokens: 256 (req)
22:06:36.177 INFO:     #56 chat/completions (stream): 256 tokens generated at
                       70.5 T/s · prompt 65 tokens, none cached, 65 new in 0.08
                       s · first token 0.09 s, total 3.72 s · draft 158/196
                       accepted (81%) · max_tokens reached
22:06:36.257 INFO:     #64 chat/completions (stream): 741 prompt tokens ·
                       temperature: 0, greedy (req), max_tokens: 256 (req),
                       min_tokens: 256 (req)
22:06:36.985 INFO:     #57 chat/completions (stream): 256 tokens generated at
                       65.2 T/s · prompt 1,347 tokens, none cached, 1,347 new in
                       0.39 s (3,454 T/s) · first token 0.40 s, total 4.32 s ·
                       draft 142/228 accepted (62%) · max_tokens reached
22:06:37.055 INFO:     #65 chat/completions (stream): 117 prompt tokens ·
                       temperature: 0, greedy (req), max_tokens: 256 (req),
                       min_tokens: 256 (req)
22:06:38.158 INFO:     #58 chat/completions (stream): 256 tokens generated at
                       74.6 T/s · prompt 754 tokens, none cached, 754 new in
                       0.32 s (2,356 T/s) · first token 0.33 s, total 3.76 s ·
                       draft 154/204 accepted (75%) · max_tokens reached
22:06:38.230 INFO:     #66 chat/completions (stream): 72 prompt tokens ·
                       temperature: 0, greedy (req), max_tokens: 256 (req),
                       min_tokens: 256 (req)
22:06:38.617 INFO:     #59 chat/completions (stream): 256 tokens generated at
                       76.2 T/s · prompt 73 tokens, none cached, 73 new in 0.08
                       s · first token 0.09 s, total 3.45 s · draft 157/198
                       accepted (79%) · max_tokens reached
22:06:38.686 INFO:     #67 chat/completions (stream): 127 prompt tokens ·
                       temperature: 0, greedy (req), max_tokens: 256 (req),
                       min_tokens: 256 (req)
22:06:38.950 INFO:     #63 chat/completions (stream): 256 tokens generated at
                       89.1 T/s · prompt 71 tokens, none cached, 71 new in 0.08
                       s · first token 0.17 s, total 3.04 s · draft 160/192
                       accepted (83%) · max_tokens reached
22:06:39.016 INFO:     #68 chat/completions (stream): 62 prompt tokens ·
                       temperature: 0, greedy (req), max_tokens: 256 (req),
                       min_tokens: 256 (req)
22:06:39.179 INFO:     #60 chat/completions (stream): 256 tokens generated at
                       75.1 T/s · prompt 758 tokens, none cached, 758 new in
                       0.30 s (2,527 T/s) · first token 0.31 s, total 3.72 s ·
                       draft 146/220 accepted (66%) · max_tokens reached
22:06:39.241 INFO:     #69 chat/completions (stream): 104 prompt tokens ·
                       temperature: 0, greedy (req), max_tokens: 256 (req),
                       min_tokens: 256 (req)
22:06:39.242 INFO:     #61 chat/completions (stream): 256 tokens generated at
                       74.5 T/s · prompt 63 tokens, none cached, 63 new in 0.07
                       s · first token 0.08 s, total 3.51 s · draft 145/222
                       accepted (65%) · max_tokens reached
22:06:39.380 INFO:     #62 chat/completions (stream): 256 tokens generated at
                       79.7 T/s · prompt 71 tokens, none cached, 71 new in 0.16
                       s · first token 0.17 s, total 3.38 s · draft 148/216
                       accepted (69%) · max_tokens reached
22:06:39.398 INFO:     #70 chat/completions (stream): 67 prompt tokens ·
                       temperature: 0, greedy (req), max_tokens: 256 (req),
                       min_tokens: 256 (req)
22:06:39.522 INFO:     #71 chat/completions (stream): 676 prompt tokens ·
                       temperature: 0, greedy (req), max_tokens: 256 (req),
                       min_tokens: 256 (req)
22:06:39.522 INFO:     #64 chat/completions (stream): 256 tokens generated at
                       91.5 T/s · prompt 741 tokens, none cached, 741 new in
                       0.30 s (2,470 T/s) · first token 0.31 s, total 3.10 s ·
                       draft 157/198 accepted (79%) · max_tokens reached
22:06:39.855 INFO:     #72 chat/completions (stream): 802 prompt tokens ·
                       temperature: 0, greedy (req), max_tokens: 256 (req),
                       min_tokens: 256 (req)
22:06:40.591 INFO:     #65 chat/completions (stream): 256 tokens generated at
                       76.8 T/s · prompt 117 tokens, none cached, 117 new in
                       0.10 s · first token 0.11 s, total 3.44 s · draft 156/200
                       accepted (78%) · max_tokens reached
22:06:40.662 INFO:     #73 chat/completions (stream): 992 prompt tokens ·
                       temperature: 0, greedy (req), max_tokens: 256 (req),
                       min_tokens: 256 (req)
22:06:42.255 INFO:     #66 chat/completions (stream): 256 tokens generated at
                       66.5 T/s · prompt 72 tokens, none cached, 72 new in 0.08
                       s · first token 0.09 s, total 3.93 s · draft 144/224
                       accepted (64%) · max_tokens reached
22:06:42.326 INFO:     #74 chat/completions (stream): 68 prompt tokens ·
                       temperature: 0, greedy (req), max_tokens: 256 (req),
                       min_tokens: 256 (req)
22:06:42.571 INFO:     #67 chat/completions (stream): 256 tokens generated at
                       69.5 T/s · prompt 127 tokens, none cached, 127 new in
                       0.11 s · first token 0.12 s, total 3.80 s · draft 150/212
                       accepted (71%) · max_tokens reached
22:06:42.644 INFO:     #75 chat/completions (stream): 785 prompt tokens ·
                       temperature: 0, greedy (req), max_tokens: 256 (req),
                       min_tokens: 256 (req)
22:06:43.167 INFO:     #68 chat/completions (stream): 256 tokens generated at
                       64.4 T/s · prompt 62 tokens, none cached, 62 new in 0.07
                       s · first token 0.08 s, total 4.05 s · draft 145/222
                       accepted (65%) · max_tokens reached
22:06:43.235 INFO:     #69 chat/completions (stream): 256 tokens generated at
                       67.8 T/s · prompt 104 tokens, none cached, 104 new in
                       0.09 s · first token 0.10 s, total 3.87 s · draft 150/212
                       accepted (71%) · max_tokens reached
22:06:43.256 INFO:     #76 chat/completions (stream): 262 prompt tokens ·
                       temperature: 0, greedy (req), max_tokens: 256 (req),
                       min_tokens: 256 (req)
22:06:43.466 INFO:     #77 chat/completions (stream): 689 prompt tokens ·
                       temperature: 0, greedy (req), max_tokens: 256 (req),
                       min_tokens: 256 (req)
22:06:43.467 INFO:     #70 chat/completions (stream): 256 tokens generated at
                       68.6 T/s · prompt 67 tokens, none cached, 67 new in 0.07
                       s · first token 0.08 s, total 3.81 s · draft 150/212
                       accepted (71%) · max_tokens reached
22:06:43.805 INFO:     #78 chat/completions (stream): 702 prompt tokens ·
                       temperature: 0, greedy (req), max_tokens: 256 (req),
                       min_tokens: 256 (req)
22:06:44.170 INFO:     #71 chat/completions (stream): 256 tokens generated at
                       64.1 T/s · prompt 676 tokens, none cached, 676 new in
                       0.28 s (2,414 T/s) · first token 0.29 s, total 4.28 s ·
                       draft 146/220 accepted (66%) · max_tokens reached
22:06:44.262 INFO:     #79 chat/completions (stream): 785 prompt tokens ·
                       temperature: 0, greedy (req), max_tokens: 256 (req),
                       min_tokens: 256 (req)
22:06:44.608 INFO:     #72 chat/completions (stream): 256 tokens generated at
                       58.8 T/s · prompt 802 tokens, none cached, 802 new in
                       0.28 s (2,864 T/s) · first token 0.29 s, total 4.64 s ·
                       draft 141/230 accepted (61%) · max_tokens reached
22:06:44.680 INFO:     #80 chat/completions (stream): 67 prompt tokens ·
                       temperature: 0, greedy (req), max_tokens: 256 (req),
                       min_tokens: 256 (req)
22:06:44.854 INFO:     #73 chat/completions (stream): 256 tokens generated at
                       69.5 T/s · prompt 992 tokens, none cached, 992 new in
                       0.32 s (3,100 T/s) · first token 0.33 s, total 4.01 s ·
                       draft 156/200 accepted (78%) · max_tokens reached
22:06:44.925 INFO:     #81 chat/completions (stream): 724 prompt tokens ·
                       temperature: 0, greedy (req), max_tokens: 256 (req),
                       min_tokens: 256 (req)
22:06:46.594 INFO:     #74 chat/completions (stream): 256 tokens generated at
                       62.5 T/s · prompt 68 tokens, none cached, 68 new in 0.08
                       s · first token 0.09 s, total 4.18 s · draft 151/210
                       accepted (72%) · max_tokens reached
22:06:46.665 INFO:     #82 chat/completions (stream): 414 prompt tokens ·
                       temperature: 0, greedy (req), max_tokens: 256 (req),
                       min_tokens: 256 (req)
22:06:47.118 INFO:     #75 chat/completions (stream): 256 tokens generated at
                       62.0 T/s · prompt 785 tokens, none cached, 785 new in
                       0.25 s (3,140 T/s) · first token 0.26 s, total 4.38 s ·
                       draft 150/212 accepted (71%) · max_tokens reached
22:06:47.184 INFO:     #84 chat/completions (stream): 63 prompt tokens ·
                       temperature: 0, greedy (req), max_tokens: 256 (req),
                       min_tokens: 256 (req)
22:06:47.304 INFO:     #76 chat/completions (stream): 256 tokens generated at
                       69.3 T/s · prompt 262 tokens, none cached, 262 new in
                       0.18 s (1,456 T/s) · first token 0.19 s, total 3.88 s ·
                       draft 160/192 accepted (83%) · max_tokens reached
22:06:47.375 INFO:     #85 chat/completions (stream): 104 prompt tokens ·
                       temperature: 0, greedy (req), max_tokens: 256 (req),
                       min_tokens: 256 (req)
22:06:47.711 INFO:     #79 chat/completions (stream): 256 tokens generated at
                       82.5 T/s · prompt 785 tokens, none cached, 785 new in
                       0.25 s (3,140 T/s) · first token 0.26 s, total 3.36 s ·
                       draft 159/194 accepted (82%) · max_tokens reached
22:06:47.781 INFO:     #86 chat/completions (stream): 666 prompt tokens ·
                       temperature: 0, greedy (req), max_tokens: 256 (req),
                       min_tokens: 256 (req)
22:06:48.093 INFO:     #78 chat/completions (stream): 256 tokens generated at
                       70.5 T/s · prompt 702 tokens, none cached, 702 new in
                       0.29 s (2,421 T/s) · first token 0.30 s, total 3.93 s ·
                       draft 147/218 accepted (67%) · max_tokens reached
22:06:48.156 INFO:     #87 chat/completions (stream): 90 prompt tokens ·
                       temperature: 0, greedy (req), max_tokens: 256 (req),
                       min_tokens: 256 (req)
22:06:48.298 INFO:     #77 chat/completions (stream): 256 tokens generated at
                       58.8 T/s · prompt 689 tokens, none cached, 689 new in
                       0.29 s (2,376 T/s) · first token 0.30 s, total 4.65 s ·
                       draft 139/234 accepted (59%) · max_tokens reached
22:06:48.320 INFO:     #80 chat/completions (stream): 256 tokens generated at
                       75.9 T/s · prompt 67 tokens, none cached, 67 new in 0.08
                       s · first token 0.09 s, total 3.46 s · draft 155/202
                       accepted (77%) · max_tokens reached
22:06:48.363 INFO:     #88 chat/completions (stream): 61 prompt tokens ·
                       temperature: 0, greedy (req), max_tokens: 256 (req),
                       min_tokens: 256 (req)
22:06:48.462 INFO:     #89 chat/completions (stream): 1,355 prompt tokens ·
                       temperature: 0, greedy (req), max_tokens: 256 (req),
                       min_tokens: 256 (req)
22:06:49.210 INFO:     #81 chat/completions (stream): 256 tokens generated at
                       65.8 T/s · prompt 724 tokens, none cached, 724 new in
                       0.29 s (2,497 T/s) · first token 0.30 s, total 4.18 s ·
                       draft 145/222 accepted (65%) · max_tokens reached
22:06:49.280 INFO:     #90 chat/completions (stream): 67 prompt tokens ·
                       temperature: 0, greedy (req), max_tokens: 256 (req),
                       min_tokens: 256 (req)
22:06:50.743 INFO:     #82 chat/completions (stream): 256 tokens generated at
                       68.8 T/s · prompt 414 tokens, none cached, 414 new in
                       0.26 s (1,592 T/s) · first token 0.27 s, total 3.99 s ·
                       draft 145/222 accepted (65%) · max_tokens reached
22:06:50.816 INFO:     #91 chat/completions (stream): 1,173 prompt tokens ·
                       temperature: 0, greedy (req), max_tokens: 256 (req),
                       min_tokens: 256 (req)
22:06:51.346 INFO:     #84 chat/completions (stream): 256 tokens generated at
                       64.0 T/s · prompt 63 tokens, none cached, 63 new in 0.07
                       s · first token 0.08 s, total 4.07 s · draft 145/222
                       accepted (65%) · max_tokens reached
22:06:51.389 INFO:     #85 chat/completions (stream): 256 tokens generated at
                       66.9 T/s · prompt 104 tokens, none cached, 104 new in
                       0.10 s · first token 0.11 s, total 3.93 s · draft 148/216
                       accepted (69%) · max_tokens reached
22:06:51.411 INFO:     #92 chat/completions (stream): 65 prompt tokens ·
                       temperature: 0, greedy (req), max_tokens: 256 (req),
                       min_tokens: 256 (req)
22:06:51.535 INFO:     #93 chat/completions (stream): 100 prompt tokens ·
                       temperature: 0, greedy (req), max_tokens: 256 (req),
                       min_tokens: 256 (req)
22:06:51.937 INFO:     #86 chat/completions (stream): 256 tokens generated at
                       67.7 T/s · prompt 666 tokens, none cached, 666 new in
                       0.28 s (2,379 T/s) · first token 0.29 s, total 4.07 s ·
                       draft 146/220 accepted (66%) · max_tokens reached
22:06:51.974 INFO:     #87 chat/completions (stream): 256 tokens generated at
                       70.3 T/s · prompt 90 tokens, none cached, 90 new in 0.09
                       s · first token 0.10 s, total 3.73 s · draft 148/216
                       accepted (69%) · max_tokens reached
22:06:51.992 INFO:     #94 chat/completions (stream): 110 prompt tokens ·
                       temperature: 0, greedy (req), max_tokens: 256 (req),
                       min_tokens: 256 (req)
22:06:51.994 INFO:     #88 chat/completions (stream): 256 tokens generated at
                       73.6 T/s · prompt 61 tokens, none cached, 61 new in 0.07
                       s · first token 0.08 s, total 3.55 s · draft 152/208
                       accepted (73%) · max_tokens reached
22:06:52.140 INFO:     #95 chat/completions (stream): 112 prompt tokens ·
                       temperature: 0, greedy (req), max_tokens: 256 (req),
                       min_tokens: 256 (req)
22:06:52.264 INFO:     #96 chat/completions (stream): 64 prompt tokens ·
                       temperature: 0, greedy (req), max_tokens: 256 (req),
                       min_tokens: 256 (req)
22:06:52.453 INFO:     #89 chat/completions (stream): 256 tokens generated at
                       73.2 T/s · prompt 1,355 tokens, none cached, 1,355 new in
                       0.40 s (3,388 T/s) · first token 0.40 s, total 3.90 s ·
                       draft 146/220 accepted (66%) · max_tokens reached
22:06:52.523 INFO:     #97 chat/completions (stream): 63 prompt tokens ·
                       temperature: 0, greedy (req), max_tokens: 256 (req),
                       min_tokens: 256 (req)
22:06:52.864 INFO:     #90 chat/completions (stream): 256 tokens generated at
                       75.1 T/s · prompt 67 tokens, none cached, 67 new in 0.08
                       s · first token 0.09 s, total 3.49 s · draft 149/214
                       accepted (70%) · max_tokens reached
22:06:52.934 INFO:     #98 chat/completions (stream): 794 prompt tokens ·
                       temperature: 0, greedy (req), max_tokens: 256 (req),
                       min_tokens: 256 (req)
22:06:54.606 INFO:     #91 chat/completions (stream): 256 tokens generated at
                       76.7 T/s · prompt 1,173 tokens, none cached, 1,173 new in
                       0.35 s (3,351 T/s) · first token 0.36 s, total 3.69 s ·
                       draft 149/214 accepted (70%) · max_tokens reached
22:06:54.673 INFO:     #99 chat/completions (stream): 440 prompt tokens ·
                       temperature: 0, greedy (req), max_tokens: 256 (req),
                       min_tokens: 256 (req)
22:06:54.980 INFO:     #93 chat/completions (stream): 256 tokens generated at
                       84.8 T/s · prompt 100 tokens, none cached, 100 new in
                       0.09 s · first token 0.10 s, total 3.11 s · draft 155/202
                       accepted (77%) · max_tokens reached
22:06:55.051 INFO:     #100 chat/completions (stream): 65 prompt tokens ·
                       temperature: 0, greedy (req), max_tokens: 256 (req),
                       min_tokens: 256 (req)
22:06:55.401 INFO:     #92 chat/completions (stream): 256 tokens generated at
                       67.0 T/s · prompt 65 tokens, none cached, 65 new in 0.07
                       s · first token 0.08 s, total 3.90 s · draft 139/234
                       accepted (59%) · max_tokens reached
22:06:55.473 INFO:     #101 chat/completions (stream): 1,320 prompt tokens ·
                       temperature: 0, greedy (req), max_tokens: 256 (req),
                       min_tokens: 256 (req)
22:06:55.921 INFO:     #95 chat/completions (stream): 256 tokens generated at
                       79.3 T/s · prompt 112 tokens, none cached, 112 new in
                       0.09 s · first token 0.10 s, total 3.32 s · draft 152/208
                       accepted (73%) · max_tokens reached
22:06:55.941 INFO:     #96 chat/completions (stream): 256 tokens generated at
                       74.2 T/s · prompt 64 tokens, none cached, 64 new in 0.07
                       s · first token 0.08 s, total 3.53 s · draft 152/208
                       accepted (73%) · max_tokens reached
22:06:55.978 INFO:     #102 chat/completions (stream): 795 prompt tokens ·
                       temperature: 0, greedy (req), max_tokens: 256 (req),
                       min_tokens: 256 (req)
22:06:56.237 INFO:     #103 chat/completions (stream): 267 prompt tokens ·
                       temperature: 0, greedy (req), max_tokens: 256 (req),
                       min_tokens: 256 (req)
22:06:56.238 INFO:     #94 chat/completions (stream): 256 tokens generated at
                       67.0 T/s · prompt 110 tokens, none cached, 110 new in
                       0.10 s · first token 0.11 s, total 3.93 s · draft 146/220
                       accepted (66%) · max_tokens reached
22:06:56.487 INFO:     #104 chat/completions (stream): 300 prompt tokens ·
                       temperature: 0, greedy (req), max_tokens: 256 (req),
                       min_tokens: 256 (req)
22:06:56.848 INFO:     #97 chat/completions (stream): 256 tokens generated at
                       61.5 T/s · prompt 63 tokens, none cached, 63 new in 0.07
                       s · first token 0.08 s, total 4.24 s · draft 147/218
                       accepted (67%) · max_tokens reached
22:06:56.912 INFO:     #105 chat/completions (stream): 73 prompt tokens ·
                       temperature: 0, greedy (req), max_tokens: 256 (req),
                       min_tokens: 256 (req)
22:06:57.040 INFO:     #98 chat/completions (stream): 256 tokens generated at
                       69.5 T/s · prompt 794 tokens, none cached, 794 new in
                       0.25 s (3,176 T/s) · first token 0.26 s, total 3.94 s ·
                       draft 157/198 accepted (79%) · max_tokens reached
22:06:57.109 INFO:     #106 chat/completions (stream): 64 prompt tokens ·
                       temperature: 0, greedy (req), max_tokens: 256 (req),
                       min_tokens: 256 (req)
22:06:58.715 INFO:     #99 chat/completions (stream): 256 tokens generated at
                       69.4 T/s · prompt 440 tokens, none cached, 440 new in
                       0.26 s (1,692 T/s) · first token 0.27 s, total 3.95 s ·
                       draft 152/208 accepted (73%) · max_tokens reached
22:06:58.783 INFO:     #107 chat/completions (stream): 121 prompt tokens ·
                       temperature: 0, greedy (req), max_tokens: 256 (req),
                       min_tokens: 256 (req)
22:06:58.961 INFO:     #100 chat/completions (stream): 256 tokens generated at
                       70.5 T/s · prompt 65 tokens, none cached, 65 new in 0.07
                       s · first token 0.08 s, total 3.71 s · draft 151/210
                       accepted (72%) · max_tokens reached
22:06:59.033 INFO:     #108 chat/completions (stream): 464 prompt tokens ·
                       temperature: 0, greedy (req), max_tokens: 256 (req),
                       min_tokens: 256 (req)
22:06:59.640 INFO:     #102 chat/completions (stream): 256 tokens generated at
                       81.2 T/s · prompt 795 tokens, none cached, 795 new in
                       0.41 s (1,939 T/s) · first token 0.42 s, total 3.57 s ·
                       draft 157/198 accepted (79%) · max_tokens reached
22:06:59.685 INFO:     #103 chat/completions (stream): 256 tokens generated at
                       81.2 T/s · prompt 267 tokens, none cached, 267 new in
                       0.18 s (1,483 T/s) · first token 0.21 s, total 3.36 s ·
                       draft 156/200 accepted (78%) · max_tokens reached
22:06:59.708 INFO:     #109 chat/completions (stream): 443 prompt tokens ·
                       temperature: 0, greedy (req), max_tokens: 256 (req),
                       min_tokens: 256 (req)
22:06:59.996 INFO:     #110 chat/completions (stream): 74 prompt tokens ·
                       temperature: 0, greedy (req), max_tokens: 256 (req),
                       min_tokens: 256 (req)
22:07:00.250 INFO:     #101 chat/completions (stream): 256 tokens generated at
                       59.6 T/s · prompt 1,320 tokens, none cached, 1,320 new in
                       0.38 s (3,474 T/s) · first token 0.39 s, total 4.68 s ·
                       draft 138/236 accepted (58%) · max_tokens reached
22:07:00.251 INFO:     #104 chat/completions (stream): 256 tokens generated at
                       74.5 T/s · prompt 300 tokens, none cached, 300 new in
                       0.22 s (1,364 T/s) · first token 0.23 s, total 3.66 s ·
                       draft 149/214 accepted (70%) · max_tokens reached
22:07:00.308 INFO:     #111 chat/completions (stream): 153 prompt tokens ·
                       temperature: 0, greedy (req), max_tokens: 256 (req),
                       min_tokens: 256 (req)
22:07:00.309 INFO:     #112 chat/completions (stream): 63 prompt tokens ·
                       temperature: 0, greedy (req), max_tokens: 256 (req),
                       min_tokens: 256 (req)
22:07:00.310 INFO:     #105 chat/completions (stream): 256 tokens generated at
                       79.2 T/s · prompt 73 tokens, none cached, 73 new in 0.08
                       s · first token 0.09 s, total 3.32 s · draft 155/202
                       accepted (77%) · max_tokens reached
22:07:00.557 INFO:     #113 chat/completions (stream): 729 prompt tokens ·
                       temperature: 0, greedy (req), max_tokens: 256 (req),
                       min_tokens: 256 (req)
22:07:01.277 INFO:     #106 chat/completions (stream): 256 tokens generated at
                       64.1 T/s · prompt 64 tokens, none cached, 64 new in 0.07
                       s · first token 0.08 s, total 4.07 s · draft 139/234
                       accepted (59%) · max_tokens reached
22:07:01.352 INFO:     #114 chat/completions (stream): 789 prompt tokens ·
                       temperature: 0, greedy (req), max_tokens: 256 (req),
                       min_tokens: 256 (req)
22:07:02.702 INFO:     #107 chat/completions (stream): 256 tokens generated at
                       68.9 T/s · prompt 121 tokens, none cached, 121 new in
                       0.10 s · first token 0.11 s, total 3.82 s · draft 157/198
                       accepted (79%) · max_tokens reached
22:07:02.773 INFO:     #116 chat/completions (stream): 168 prompt tokens ·
                       temperature: 0, greedy (req), max_tokens: 256 (req),
                       min_tokens: 256 (req)
22:07:03.214 INFO:     #108 chat/completions (stream): 256 tokens generated at
                       68.4 T/s · prompt 464 tokens, none cached, 464 new in
                       0.32 s (1,450 T/s) · first token 0.33 s, total 4.07 s ·
                       draft 148/216 accepted (69%) · max_tokens reached
22:07:03.285 INFO:     #117 chat/completions (stream): 143 prompt tokens ·
                       temperature: 0, greedy (req), max_tokens: 256 (req),
                       min_tokens: 256 (req)
22:07:03.720 INFO:     #110 chat/completions (stream): 256 tokens generated at
                       72.2 T/s · prompt 74 tokens, none cached, 74 new in 0.08
                       s · first token 0.09 s, total 3.63 s · draft 149/214
                       accepted (70%) · max_tokens reached
22:07:03.777 INFO:     #118 chat/completions (stream): 118 prompt tokens ·
                       temperature: 0, greedy (req), max_tokens: 256 (req),
                       min_tokens: 256 (req)
22:07:03.777 INFO:     #111 chat/completions (stream): 256 tokens generated at
                       79.7 T/s · prompt 153 tokens, none cached, 153 new in
                       0.17 s · first token 0.18 s, total 3.39 s · draft 156/200
                       accepted (78%) · max_tokens reached
22:07:03.910 INFO:     #109 chat/completions (stream): 256 tokens generated at
                       68.3 T/s · prompt 443 tokens, none cached, 443 new in
                       0.26 s (1,704 T/s) · first token 0.27 s, total 4.01 s ·
                       draft 144/224 accepted (64%) · max_tokens reached
22:07:03.955 INFO:     #119 chat/completions (stream): 273 prompt tokens ·
                       temperature: 0, greedy (req), max_tokens: 256 (req),
                       min_tokens: 256 (req)
22:07:04.113 INFO:     #120 chat/completions (stream): 87 prompt tokens ·
                       temperature: 0, greedy (req), max_tokens: 256 (req),
                       min_tokens: 256 (req)
22:07:04.375 INFO:     #112 chat/completions (stream): 256 tokens generated at
                       67.7 T/s · prompt 63 tokens, none cached, 63 new in 0.07
                       s · queued 0.11 s, first token 0.18 s, total 3.95 s ·
                       draft 146/220 accepted (66%) · max_tokens reached
22:07:04.447 INFO:     #121 chat/completions (stream): 130 prompt tokens ·
                       temperature: 0, greedy (req), max_tokens: 256 (req),
                       min_tokens: 256 (req)
22:07:04.799 INFO:     #113 chat/completions (stream): 256 tokens generated at
                       66.7 T/s · prompt 729 tokens, none cached, 729 new in
                       0.30 s (2,430 T/s) · first token 0.31 s, total 4.15 s ·
                       draft 137/238 accepted (58%) · max_tokens reached
22:07:04.868 INFO:     #122 chat/completions (stream): 63 prompt tokens ·
                       temperature: 0, greedy (req), max_tokens: 256 (req),
                       min_tokens: 256 (req)
22:07:05.058 INFO:     #114 chat/completions (stream): 256 tokens generated at
                       76.1 T/s · prompt 789 tokens, none cached, 789 new in
                       0.24 s (3,288 T/s) · first token 0.25 s, total 3.61 s ·
                       draft 150/212 accepted (71%) · max_tokens reached
22:07:05.127 INFO:     #123 chat/completions (stream): 67 prompt tokens ·
                       temperature: 0, greedy (req), max_tokens: 256 (req),
                       min_tokens: 256 (req)
22:07:06.061 INFO:     #116 chat/completions (stream): 256 tokens generated at
                       82.8 T/s · prompt 168 tokens, none cached, 168 new in
                       0.10 s · first token 0.11 s, total 3.20 s · draft 158/196
                       accepted (81%) · max_tokens reached
22:07:06.131 INFO:     #124 chat/completions (stream): 61 prompt tokens ·
                       temperature: 0, greedy (req), max_tokens: 256 (req),
                       min_tokens: 256 (req)
22:07:06.884 INFO:     #120 chat/completions (stream): 256 tokens generated at
                       99.5 T/s · prompt 87 tokens, none cached, 87 new in 0.09
                       s · first token 0.11 s, total 2.68 s · draft 163/186
                       accepted (88%) · max_tokens reached
22:07:06.953 INFO:     #125 chat/completions (stream): 96 prompt tokens ·
                       temperature: 0, greedy (req), max_tokens: 256 (req),
                       min_tokens: 256 (req)
22:07:07.238 INFO:     #119 chat/completions (stream): 256 tokens generated at
                       87.6 T/s · prompt 273 tokens, none cached, 273 new in
                       0.26 s (1,050 T/s) · first token 0.27 s, total 3.19 s ·
                       draft 152/208 accepted (73%) · max_tokens reached
22:07:07.258 INFO:     #117 chat/completions (stream): 256 tokens generated at
                       68.0 T/s · prompt 143 tokens, none cached, 143 new in
                       0.11 s · first token 0.12 s, total 3.88 s · draft 131/250
                       accepted (52%) · max_tokens reached
22:07:07.259 INFO:     #121 chat/completions (stream): 256 tokens generated at
                       98.2 T/s · prompt 130 tokens, none cached, 130 new in
                       0.11 s · first token 0.12 s, total 2.72 s · draft 160/192
                       accepted (83%) · max_tokens reached
22:07:07.297 INFO:     #126 chat/completions (stream): 497 prompt tokens ·
                       temperature: 0, greedy (req), max_tokens: 256 (req),
                       min_tokens: 256 (req)
22:07:07.453 INFO:     #127 chat/completions (stream): 357 prompt tokens ·
                       temperature: 0, greedy (req), max_tokens: 256 (req),
                       min_tokens: 256 (req)
22:07:07.454 INFO:     #128 chat/completions (stream): 82 prompt tokens ·
                       temperature: 0, greedy (req), max_tokens: 256 (req),
                       min_tokens: 256 (req)
22:07:08.042 INFO:     #118 chat/completions (stream): 256 tokens generated at
                       63.0 T/s · prompt 118 tokens, none cached, 118 new in
                       0.10 s · first token 0.11 s, total 4.17 s · draft 137/238
                       accepted (58%) · max_tokens reached
22:07:08.115 INFO:     #129 chat/completions (stream): 851 prompt tokens ·
                       temperature: 0, greedy (req), max_tokens: 256 (req),
                       min_tokens: 256 (req)
22:07:08.703 INFO:     #123 chat/completions (stream): 256 tokens generated at
                       75.0 T/s · prompt 67 tokens, none cached, 67 new in 0.08
                       s · first token 0.09 s, total 3.50 s · draft 155/202
                       accepted (77%) · max_tokens reached
22:07:08.725 INFO:     #122 chat/completions (stream): 256 tokens generated at
                       69.2 T/s · prompt 63 tokens, none cached, 63 new in 0.07
                       s · first token 0.08 s, total 3.77 s · draft 146/220
                       accepted (66%) · max_tokens reached
22:07:08.769 INFO:     #130 chat/completions (stream): 121 prompt tokens ·
                       temperature: 0, greedy (req), max_tokens: 256 (req),
                       min_tokens: 256 (req)
22:07:08.898 INFO:     #131 chat/completions (stream): 62 prompt tokens ·
                       temperature: 0, greedy (req), max_tokens: 256 (req),
                       min_tokens: 256 (req)
22:07:10.093 INFO:     #124 chat/completions (stream): 256 tokens generated at
                       67.5 T/s · prompt 61 tokens, none cached, 61 new in 0.07
                       s · first token 0.08 s, total 3.87 s · draft 144/224
                       accepted (64%) · max_tokens reached
22:07:10.165 INFO:     #132 chat/completions (stream): 95 prompt tokens ·
                       temperature: 0, greedy (req), max_tokens: 256 (req),
                       min_tokens: 256 (req)
22:07:10.589 INFO:     #125 chat/completions (stream): 256 tokens generated at
                       74.3 T/s · prompt 96 tokens, none cached, 96 new in 0.09
                       s · first token 0.10 s, total 3.54 s · draft 159/194
                       accepted (82%) · max_tokens reached
22:07:10.661 INFO:     #133 chat/completions (stream): 61 prompt tokens ·
                       temperature: 0, greedy (req), max_tokens: 256 (req),
                       min_tokens: 256 (req)
22:07:11.126 INFO:     #126 chat/completions (stream): 256 tokens generated at
                       79.0 T/s · prompt 497 tokens, none cached, 497 new in
                       0.49 s (1,014 T/s) · first token 0.50 s, total 3.74 s ·
                       draft 152/208 accepted (73%) · max_tokens reached
22:07:11.212 INFO:     #134 chat/completions (stream): 1,431 prompt tokens ·
                       temperature: 0, greedy (req), max_tokens: 256 (req),
                       min_tokens: 256 (req)
22:07:11.212 INFO:     #127 chat/completions (stream): 256 tokens generated at
                       80.1 T/s · prompt 357 tokens, none cached, 357 new in
                       0.33 s (1,082 T/s) · queued 0.13 s, first token 0.46 s,
                       total 3.65 s · draft 150/212 accepted (71%) · max_tokens
                       reached
22:07:11.663 INFO:     #135 chat/completions (stream): 670 prompt tokens ·
                       temperature: 0, greedy (req), max_tokens: 256 (req),
                       min_tokens: 256 (req)
22:07:11.845 INFO:     #128 chat/completions (stream): 256 tokens generated at
                       74.9 T/s · prompt 82 tokens, none cached, 82 new in 0.08
                       s · queued 0.25 s, first token 0.33 s, total 3.75 s ·
                       draft 145/222 accepted (65%) · max_tokens reached
22:07:12.011 INFO:     #136 chat/completions (stream): 393 prompt tokens ·
                       temperature: 0, greedy (req), max_tokens: 256 (req),
                       min_tokens: 256 (req)
22:07:12.383 INFO:     #129 chat/completions (stream): 256 tokens generated at
                       71.5 T/s · prompt 851 tokens, none cached, 851 new in
                       0.31 s (2,745 T/s) · first token 0.32 s, total 3.89 s ·
                       draft 149/214 accepted (70%) · max_tokens reached
22:07:12.447 INFO:     #137 chat/completions (stream): 242 prompt tokens ·
                       temperature: 0, greedy (req), max_tokens: 256 (req),
                       min_tokens: 256 (req)
22:07:12.592 INFO:     #130 chat/completions (stream): 256 tokens generated at
                       73.0 T/s · prompt 121 tokens, none cached, 121 new in
                       0.10 s · first token 0.11 s, total 3.61 s · draft 160/192
                       accepted (83%) · max_tokens reached
22:07:12.661 INFO:     #138 chat/completions (stream): 199 prompt tokens ·
                       temperature: 0, greedy (req), max_tokens: 256 (req),
                       min_tokens: 256 (req)
22:07:13.009 INFO:     #131 chat/completions (stream): 256 tokens generated at
                       64.9 T/s · prompt 62 tokens, none cached, 62 new in 0.07
                       s · first token 0.07 s, total 4.02 s · draft 148/216
                       accepted (69%) · max_tokens reached
22:07:13.079 INFO:     #139 chat/completions (stream): 412 prompt tokens ·
                       temperature: 0, greedy (req), max_tokens: 256 (req),
                       min_tokens: 256 (req)
22:07:14.308 INFO:     #132 chat/completions (stream): 256 tokens generated at
                       65.0 T/s · prompt 95 tokens, none cached, 95 new in 0.10
                       s · first token 0.11 s, total 4.04 s · draft 154/204
                       accepted (75%) · max_tokens reached
22:07:14.378 INFO:     #140 chat/completions (stream): 109 prompt tokens ·
                       temperature: 0, greedy (req), max_tokens: 256 (req),
                       min_tokens: 256 (req)
22:07:15.137 INFO:     #133 chat/completions (stream): 256 tokens generated at
                       59.5 T/s · prompt 61 tokens, none cached, 61 new in 0.07
                       s · first token 0.08 s, total 4.38 s · draft 140/232
                       accepted (60%) · max_tokens reached
22:07:15.210 INFO:     #141 chat/completions (stream): 92 prompt tokens ·
                       temperature: 0, greedy (req), max_tokens: 256 (req),
                       min_tokens: 256 (req)
22:07:15.437 INFO:     #137 chat/completions (stream): 256 tokens generated at
                       92.0 T/s · prompt 242 tokens, none cached, 242 new in
                       0.12 s · first token 0.13 s, total 2.91 s · draft 164/184
                       accepted (89%) · max_tokens reached
22:07:15.461 INFO:     #135 chat/completions (stream): 256 tokens generated at
                       74.6 T/s · prompt 670 tokens, none cached, 670 new in
                       0.27 s (2,481 T/s) · first token 0.28 s, total 3.71 s ·
                       draft 153/206 accepted (74%) · max_tokens reached
22:07:15.505 INFO:     #142 chat/completions (stream): 98 prompt tokens ·
                       temperature: 0, greedy (req), max_tokens: 256 (req),
                       min_tokens: 256 (req)
22:07:15.624 INFO:     #143 chat/completions (stream): 91 prompt tokens ·
                       temperature: 0, greedy (req), max_tokens: 256 (req),
                       min_tokens: 256 (req)
22:07:15.926 INFO:     #134 chat/completions (stream): 256 tokens generated at
                       60.8 T/s · prompt 1,431 tokens, none cached, 1,431 new in
                       0.40 s (3,578 T/s) · first token 0.41 s, total 4.62 s ·
                       draft 138/236 accepted (58%) · max_tokens reached
22:07:15.999 INFO:     #144 chat/completions (stream): 774 prompt tokens ·
                       temperature: 0, greedy (req), max_tokens: 256 (req),
                       min_tokens: 256 (req)
22:07:16.419 INFO:     #136 chat/completions (stream): 256 tokens generated at
                       63.7 T/s · prompt 393 tokens, none cached, 393 new in
                       0.30 s (1,310 T/s) · first token 0.31 s, total 4.32 s ·
                       draft 134/244 accepted (55%) · max_tokens reached
22:07:16.420 INFO:     #138 chat/completions (stream): 256 tokens generated at
                       71.9 T/s · prompt 199 tokens, none cached, 199 new in
                       0.11 s · first token 0.12 s, total 3.67 s · draft 144/224
                       accepted (64%) · max_tokens reached
22:07:16.477 INFO:     #145 chat/completions (stream): 75 prompt tokens ·
                       temperature: 0, greedy (req), max_tokens: 256 (req),
                       min_tokens: 256 (req)
22:07:16.478 INFO:     #146 chat/completions (stream): 823 prompt tokens ·
                       temperature: 0, greedy (req), max_tokens: 256 (req),
                       min_tokens: 256 (req)
22:07:16.784 INFO:     #139 chat/completions (stream): 256 tokens generated at
                       83.0 T/s · prompt 412 tokens, none cached, 412 new in
                       0.25 s (1,648 T/s) · first token 0.26 s, total 3.34 s ·
                       draft 154/204 accepted (75%) · max_tokens reached
22:07:16.928 INFO:     #147 chat/completions (stream): 819 prompt tokens ·
                       temperature: 0, greedy (req), max_tokens: 256 (req),
                       min_tokens: 256 (req)
22:07:18.039 INFO:     #140 chat/completions (stream): 256 tokens generated at
                       73.9 T/s · prompt 109 tokens, none cached, 109 new in
                       0.10 s · first token 0.11 s, total 3.57 s · draft 158/196
                       accepted (81%) · max_tokens reached
22:07:18.108 INFO:     #149 chat/completions (stream): 125 prompt tokens ·
                       temperature: 0, greedy (req), max_tokens: 256 (req),
                       min_tokens: 256 (req)
22:07:19.027 INFO:     #142 chat/completions (stream): 256 tokens generated at
                       76.8 T/s · prompt 98 tokens, none cached, 98 new in 0.09
                       s · first token 0.10 s, total 3.43 s · draft 161/190
                       accepted (85%) · max_tokens reached
22:07:19.097 INFO:     #150 chat/completions (stream): 763 prompt tokens ·
                       temperature: 0, greedy (req), max_tokens: 256 (req),
                       min_tokens: 256 (req)
22:07:19.285 INFO:     #143 chat/completions (stream): 256 tokens generated at
                       77.4 T/s · prompt 91 tokens, none cached, 91 new in 0.09
                       s · first token 0.10 s, total 3.40 s · draft 158/196
                       accepted (81%) · max_tokens reached
22:07:19.480 INFO:     #151 chat/completions (stream): 65 prompt tokens ·
                       temperature: 0, greedy (req), max_tokens: 256 (req),
                       min_tokens: 256 (req)
22:07:19.672 INFO:     #141 chat/completions (stream): 256 tokens generated at
                       59.9 T/s · prompt 92 tokens, none cached, 92 new in 0.09
                       s · first token 0.10 s, total 4.37 s · draft 140/232
                       accepted (60%) · max_tokens reached
22:07:19.744 INFO:     #152 chat/completions (stream): 536 prompt tokens ·
                       temperature: 0, greedy (req), max_tokens: 256 (req),
                       min_tokens: 256 (req)
22:07:20.093 INFO:     #144 chat/completions (stream): 256 tokens generated at
                       68.4 T/s · prompt 774 tokens, none cached, 774 new in
                       0.25 s (3,096 T/s) · first token 0.26 s, total 4.00 s ·
                       draft 153/206 accepted (74%) · max_tokens reached
22:07:20.164 INFO:     #153 chat/completions (stream): 106 prompt tokens ·
                       temperature: 0, greedy (req), max_tokens: 256 (req),
                       min_tokens: 256 (req)
22:07:20.464 INFO:     #145 chat/completions (stream): 256 tokens generated at
                       70.8 T/s · prompt 75 tokens, none cached, 75 new in 0.27
                       s · first token 0.28 s, total 3.90 s · draft 152/208
                       accepted (73%) · max_tokens reached
22:07:20.465 INFO:     #146 chat/completions (stream): 256 tokens generated at
                       72.7 T/s · prompt 823 tokens, none cached, 823 new in
                       0.29 s (2,838 T/s) · first token 0.38 s, total 3.90 s ·
                       draft 153/206 accepted (74%) · max_tokens reached
22:07:20.531 INFO:     #154 chat/completions (stream): 70 prompt tokens ·
                       temperature: 0, greedy (req), max_tokens: 256 (req),
                       min_tokens: 256 (req)
22:07:20.533 INFO:     #155 chat/completions (stream): 1,053 prompt tokens ·
                       temperature: 0, greedy (req), max_tokens: 256 (req),
                       min_tokens: 256 (req)
22:07:20.997 INFO:     #147 chat/completions (stream): 256 tokens generated at
                       70.1 T/s · prompt 819 tokens, none cached, 819 new in
                       0.29 s (2,824 T/s) · first token 0.30 s, total 3.95 s ·
                       draft 149/214 accepted (70%) · max_tokens reached
22:07:21.070 INFO:     #156 chat/completions (stream): 1,100 prompt tokens ·
                       temperature: 0, greedy (req), max_tokens: 256 (req),
                       min_tokens: 256 (req)
22:07:21.926 INFO:     #149 chat/completions (stream): 256 tokens generated at
                       70.8 T/s · prompt 125 tokens, none cached, 125 new in
                       0.10 s · first token 0.11 s, total 3.72 s · draft 161/190
                       accepted (85%) · max_tokens reached
22:07:21.997 INFO:     #157 chat/completions (stream): 411 prompt tokens ·
                       temperature: 0, greedy (req), max_tokens: 256 (req),
                       min_tokens: 256 (req)
22:07:23.282 INFO:     #150 chat/completions (stream): 256 tokens generated at
                       68.1 T/s · prompt 763 tokens, none cached, 763 new in
                       0.31 s (2,461 T/s) · first token 0.32 s, total 4.07 s ·
                       draft 154/204 accepted (75%) · max_tokens reached
22:07:23.352 INFO:     #158 chat/completions (stream): 128 prompt tokens ·
                       temperature: 0, greedy (req), max_tokens: 256 (req),
                       min_tokens: 256 (req)
22:07:23.747 INFO:     #151 chat/completions (stream): 256 tokens generated at
                       62.5 T/s · prompt 65 tokens, none cached, 65 new in 0.07
                       s · first token 0.08 s, total 4.17 s · draft 142/228
                       accepted (62%) · max_tokens reached
22:07:23.812 INFO:     #159 chat/completions (stream): 84 prompt tokens ·
                       temperature: 0, greedy (req), max_tokens: 256 (req),
                       min_tokens: 256 (req)
22:07:23.924 INFO:     #152 chat/completions (stream): 256 tokens generated at
                       67.5 T/s · prompt 536 tokens, none cached, 536 new in
                       0.20 s (2,680 T/s) · first token 0.21 s, total 4.00 s ·
                       draft 147/218 accepted (67%) · max_tokens reached
22:07:23.989 INFO:     #160 chat/completions (stream): 74 prompt tokens ·
                       temperature: 0, greedy (req), max_tokens: 256 (req),
                       min_tokens: 256 (req)
22:07:24.095 INFO:     #153 chat/completions (stream): 256 tokens generated at
                       70.4 T/s · prompt 106 tokens, none cached, 106 new in
                       0.12 s · first token 0.13 s, total 3.76 s · draft 152/208
                       accepted (73%) · max_tokens reached
22:07:24.163 INFO:     #161 chat/completions (stream): 61 prompt tokens ·
                       temperature: 0, greedy (req), max_tokens: 256 (req),
                       min_tokens: 256 (req)
22:07:24.460 INFO:     #154 chat/completions (stream): 256 tokens generated at
                       72.7 T/s · prompt 70 tokens, none cached, 70 new in 0.31
                       s · first token 0.32 s, total 3.84 s · draft 151/210
                       accepted (72%) · max_tokens reached
22:07:24.498 INFO:     #155 chat/completions (stream): 256 tokens generated at
                       72.8 T/s · prompt 1,053 tokens, none cached, 1,053 new in
                       0.28 s (3,761 T/s) · first token 0.37 s, total 3.89 s ·
                       draft 150/212 accepted (71%) · max_tokens reached
22:07:24.499 INFO:     #156 chat/completions (stream): 256 tokens generated at
                       85.2 T/s · prompt 1,100 tokens, none cached, 1,100 new in
                       0.34 s (3,235 T/s) · first token 0.35 s, total 3.35 s ·
                       draft 158/196 accepted (81%) · max_tokens reached
22:07:24.518 INFO:     #162 chat/completions (stream): 80 prompt tokens ·
                       temperature: 0, greedy (req), max_tokens: 256 (req),
                       min_tokens: 256 (req)
22:07:24.648 INFO:     #163 chat/completions (stream): 112 prompt tokens ·
                       temperature: 0, greedy (req), max_tokens: 256 (req),
                       min_tokens: 256 (req)
22:07:24.649 INFO:     #164 chat/completions (stream): 83 prompt tokens ·
                       temperature: 0, greedy (req), max_tokens: 256 (req),
                       min_tokens: 256 (req)
22:07:25.254 INFO:     #157 chat/completions (stream): 256 tokens generated at
                       89.0 T/s · prompt 411 tokens, none cached, 411 new in
                       0.28 s (1,468 T/s) · first token 0.29 s, total 3.16 s ·
                       draft 163/186 accepted (88%) · max_tokens reached
22:07:25.324 INFO:     #165 chat/completions (stream): 100 prompt tokens ·
                       temperature: 0, greedy (req), max_tokens: 256 (req),
                       min_tokens: 256 (req)
22:07:26.351 INFO:     #158 chat/completions (stream): 256 tokens generated at
                       91.5 T/s · prompt 128 tokens, none cached, 128 new in
                       0.10 s · first token 0.11 s, total 2.90 s · draft 165/182
                       accepted (91%) · max_tokens reached
22:07:26.422 INFO:     #166 chat/completions (stream): 127 prompt tokens ·
                       temperature: 0, greedy (req), max_tokens: 256 (req),
                       min_tokens: 256 (req)
22:07:27.230 INFO:     #162 chat/completions (stream): 256 tokens generated at
                       101.2 T/s · prompt 80 tokens, none cached, 80 new in 0.08
                       s · first token 0.09 s, total 2.62 s · draft 168/176
                       accepted (95%) · max_tokens reached
22:07:27.298 INFO:     #167 chat/completions (stream): 90 prompt tokens ·
                       temperature: 0, greedy (req), max_tokens: 256 (req),
                       min_tokens: 256 (req)
22:07:27.451 INFO:     #161 chat/completions (stream): 256 tokens generated at
                       84.8 T/s · prompt 61 tokens, none cached, 61 new in 0.09
                       s · first token 0.10 s, total 3.11 s · draft 150/212
                       accepted (71%) · max_tokens reached
22:07:27.470 INFO:     #159 chat/completions (stream): 256 tokens generated at
                       75.4 T/s · prompt 84 tokens, none cached, 84 new in 0.08
                       s · first token 0.09 s, total 3.48 s · draft 141/230
                       accepted (61%) · max_tokens reached
22:07:27.507 INFO:     #168 chat/completions (stream): 63 prompt tokens ·
                       temperature: 0, greedy (req), max_tokens: 256 (req),
                       min_tokens: 256 (req)
22:07:27.606 INFO:     #169 chat/completions (stream): 104 prompt tokens ·
                       temperature: 0, greedy (req), max_tokens: 256 (req),
                       min_tokens: 256 (req)
22:07:27.607 INFO:     #163 chat/completions (stream): 256 tokens generated at
                       98.2 T/s · prompt 112 tokens, none cached, 112 new in
                       0.18 s · first token 0.19 s, total 2.80 s · draft 160/192
                       accepted (83%) · max_tokens reached
22:07:27.775 INFO:     #170 chat/completions (stream): 80 prompt tokens ·
                       temperature: 0, greedy (req), max_tokens: 256 (req),
                       min_tokens: 256 (req)
22:07:27.943 INFO:     #160 chat/completions (stream): 256 tokens generated at
                       69.2 T/s · prompt 74 tokens, none cached, 74 new in 0.08
                       s · first token 0.09 s, total 3.79 s · draft 135/242
                       accepted (56%) · max_tokens reached
22:07:28.010 INFO:     #171 chat/completions (stream): 82 prompt tokens ·
                       temperature: 0, greedy (req), max_tokens: 256 (req),
                       min_tokens: 256 (req)
22:07:28.258 INFO:     #164 chat/completions (stream): 256 tokens generated at
                       77.5 T/s · prompt 83 tokens, none cached, 83 new in 0.08
                       s · queued 0.11 s, first token 0.19 s, total 3.49 s ·
                       draft 144/224 accepted (64%) · max_tokens reached
22:07:28.326 INFO:     #172 chat/completions (stream): 809 prompt tokens ·
                       temperature: 0, greedy (req), max_tokens: 256 (req),
                       min_tokens: 256 (req)
22:07:28.658 INFO:     #165 chat/completions (stream): 256 tokens generated at
                       88.9 T/s · prompt 100 tokens, none cached, 100 new in
                       0.09 s · first token 0.10 s, total 2.98 s · draft 158/196
                       accepted (81%) · max_tokens reached
22:07:28.726 INFO:     #173 chat/completions (stream): 77 prompt tokens ·
                       temperature: 0, greedy (req), max_tokens: 256 (req),
                       min_tokens: 256 (req)
22:07:29.626 INFO:     #166 chat/completions (stream): 256 tokens generated at
                       85.3 T/s · prompt 127 tokens, none cached, 127 new in
                       0.10 s · first token 0.11 s, total 3.11 s · draft 163/186
                       accepted (88%) · max_tokens reached
22:07:29.698 INFO:     #174 chat/completions (stream): 64 prompt tokens ·
                       temperature: 0, greedy (req), max_tokens: 256 (req),
                       min_tokens: 256 (req)
22:07:30.764 INFO:     #167 chat/completions (stream): 256 tokens generated at
                       78.0 T/s · prompt 90 tokens, none cached, 90 new in 0.09
                       s · first token 0.10 s, total 3.38 s · draft 152/208
                       accepted (73%) · max_tokens reached
22:07:30.834 INFO:     #175 chat/completions (stream): 104 prompt tokens ·
                       temperature: 0, greedy (req), max_tokens: 256 (req),
                       min_tokens: 256 (req)
22:07:31.172 INFO:     #170 chat/completions (stream): 256 tokens generated at
                       79.5 T/s · prompt 80 tokens, none cached, 80 new in 0.08
                       s · first token 0.09 s, total 3.31 s · draft 149/214
                       accepted (70%) · max_tokens reached
22:07:31.250 INFO:     #176 chat/completions (stream): 66 prompt tokens ·
                       temperature: 0, greedy (req), max_tokens: 256 (req),
                       min_tokens: 256 (req)
22:07:31.250 INFO:     #169 chat/completions (stream): 256 tokens generated at
                       74.4 T/s · prompt 104 tokens, none cached, 104 new in
                       0.09 s · first token 0.10 s, total 3.54 s · draft 143/226
                       accepted (63%) · max_tokens reached
22:07:31.400 INFO:     #177 chat/completions (stream): 786 prompt tokens ·
                       temperature: 0, greedy (req), max_tokens: 256 (req),
                       min_tokens: 256 (req)
22:07:31.400 INFO:     #168 chat/completions (stream): 256 tokens generated at
                       70.2 T/s · prompt 63 tokens, none cached, 63 new in 0.07
                       s · first token 0.08 s, total 3.72 s · draft 139/234
                       accepted (59%) · max_tokens reached
22:07:31.681 INFO:     #178 chat/completions (stream): 67 prompt tokens ·
                       temperature: 0, greedy (req), max_tokens: 256 (req),
                       min_tokens: 256 (req)
22:07:31.876 INFO:     #173 chat/completions (stream): 256 tokens generated at
                       86.2 T/s · prompt 77 tokens, none cached, 77 new in 0.08
                       s · first token 0.09 s, total 3.06 s · draft 157/198
                       accepted (79%) · max_tokens reached
22:07:31.946 INFO:     #179 chat/completions (stream): 831 prompt tokens ·
                       temperature: 0, greedy (req), max_tokens: 256 (req),
                       min_tokens: 256 (req)
22:07:32.362 INFO:     #172 chat/completions (stream): 256 tokens generated at
                       72.1 T/s · prompt 809 tokens, none cached, 809 new in
                       0.28 s (2,889 T/s) · first token 0.29 s, total 3.84 s ·
                       draft 144/224 accepted (64%) · max_tokens reached
22:07:32.429 INFO:     #181 chat/completions (stream): 731 prompt tokens ·
                       temperature: 0, greedy (req), max_tokens: 256 (req),
                       min_tokens: 256 (req)
22:07:32.746 INFO:     #171 chat/completions (stream): 256 tokens generated at
                       59.8 T/s · prompt 82 tokens, none cached, 82 new in 0.08
                       s · first token 0.09 s, total 4.37 s · draft 129/254
                       accepted (51%) · max_tokens reached
22:07:32.816 INFO:     #182 chat/completions (stream): 87 prompt tokens ·
                       temperature: 0, greedy (req), max_tokens: 256 (req),
                       min_tokens: 256 (req)
22:07:33.656 INFO:     #174 chat/completions (stream): 256 tokens generated at
                       67.6 T/s · prompt 64 tokens, none cached, 64 new in 0.07
                       s · first token 0.08 s, total 3.86 s · draft 147/218
                       accepted (67%) · max_tokens reached
22:07:33.730 INFO:     #183 chat/completions (stream): 1,138 prompt tokens ·
                       temperature: 0, greedy (req), max_tokens: 256 (req),
                       min_tokens: 256 (req)
22:07:34.638 INFO:     #175 chat/completions (stream): 256 tokens generated at
                       70.8 T/s · prompt 104 tokens, none cached, 104 new in
                       0.09 s · first token 0.10 s, total 3.71 s · draft 164/184
                       accepted (89%) · max_tokens reached
22:07:34.708 INFO:     #184 chat/completions (stream): 128 prompt tokens ·
                       temperature: 0, greedy (req), max_tokens: 256 (req),
                       min_tokens: 256 (req)
22:07:35.444 INFO:     #176 chat/completions (stream): 256 tokens generated at
                       63.7 T/s · prompt 66 tokens, none cached, 66 new in 0.08
                       s · first token 0.09 s, total 4.11 s · draft 148/216
                       accepted (69%) · max_tokens reached
22:07:35.508 INFO:     #185 chat/completions (stream): 592 prompt tokens ·
                       temperature: 0, greedy (req), max_tokens: 256 (req),
                       min_tokens: 256 (req)
22:07:35.509 INFO:     #177 chat/completions (stream): 256 tokens generated at
                       67.6 T/s · prompt 786 tokens, none cached, 786 new in
                       0.23 s (3,417 T/s) · first token 0.24 s, total 4.02 s ·
                       draft 149/214 accepted (70%) · max_tokens reached
22:07:35.816 INFO:     #186 chat/completions (stream): 63 prompt tokens ·
                       temperature: 0, greedy (req), max_tokens: 256 (req),
                       min_tokens: 256 (req)
22:07:35.977 INFO:     #178 chat/completions (stream): 256 tokens generated at
                       63.2 T/s · prompt 67 tokens, none cached, 67 new in 0.07
                       s · first token 0.08 s, total 4.13 s · draft 144/224
                       accepted (64%) · max_tokens reached
22:07:36.035 INFO:     #187 chat/completions (stream): 654 prompt tokens ·
                       temperature: 0, greedy (req), max_tokens: 256 (req),
                       min_tokens: 256 (req)
22:07:36.036 INFO:     #181 chat/completions (stream): 256 tokens generated at
                       79.2 T/s · prompt 731 tokens, none cached, 731 new in
                       0.29 s (2,521 T/s) · first token 0.30 s, total 3.53 s ·
                       draft 158/196 accepted (81%) · max_tokens reached
22:07:36.350 INFO:     #179 chat/completions (stream): 256 tokens generated at
                       68.8 T/s · prompt 831 tokens, none cached, 831 new in
                       0.32 s (2,597 T/s) · first token 0.33 s, total 4.05 s ·
                       draft 148/216 accepted (69%) · max_tokens reached
22:07:36.368 INFO:     #188 chat/completions (stream): 586 prompt tokens ·
                       temperature: 0, greedy (req), max_tokens: 256 (req),
                       min_tokens: 256 (req)
22:07:36.649 INFO:     #189 chat/completions (stream): 212 prompt tokens ·
                       temperature: 0, greedy (req), max_tokens: 256 (req),
                       min_tokens: 256 (req)
22:07:36.787 INFO:     #182 chat/completions (stream): 256 tokens generated at
                       74.4 T/s · prompt 87 tokens, none cached, 87 new in 0.08
                       s · first token 0.09 s, total 3.53 s · draft 156/200
                       accepted (78%) · max_tokens reached
22:07:36.857 INFO:     #190 chat/completions (stream): 960 prompt tokens ·
                       temperature: 0, greedy (req), max_tokens: 256 (req),
                       min_tokens: 256 (req)
22:07:37.925 INFO:     #183 chat/completions (stream): 256 tokens generated at
                       68.4 T/s · prompt 1,138 tokens, none cached, 1,138 new in
                       0.36 s (3,161 T/s) · first token 0.37 s, total 4.11 s ·
                       draft 155/202 accepted (77%) · max_tokens reached
22:07:37.993 INFO:     #191 chat/completions (stream): 77 prompt tokens ·
                       temperature: 0, greedy (req), max_tokens: 256 (req),
                       min_tokens: 256 (req)
22:07:38.496 INFO:     #184 chat/completions (stream): 256 tokens generated at
                       71.3 T/s · prompt 128 tokens, none cached, 128 new in
                       0.10 s · first token 0.11 s, total 3.70 s · draft 160/192
                       accepted (83%) · max_tokens reached
22:07:38.569 INFO:     #192 chat/completions (stream): 819 prompt tokens ·
                       temperature: 0, greedy (req), max_tokens: 256 (req),
                       min_tokens: 256 (req)
22:07:39.738 INFO:     #189 chat/completions (stream): 256 tokens generated at
                       88.8 T/s · prompt 212 tokens, none cached, 212 new in
                       0.11 s · first token 0.12 s, total 3.00 s · draft 164/184
                       accepted (89%) · max_tokens reached
22:07:39.802 INFO:     #193 chat/completions (stream): 780 prompt tokens ·
                       temperature: 0, greedy (req), max_tokens: 256 (req),
                       min_tokens: 256 (req)
22:07:40.032 INFO:     #185 chat/completions (stream): 256 tokens generated at
                       64.6 T/s · prompt 592 tokens, none cached, 592 new in
                       0.26 s (2,277 T/s) · first token 0.27 s, total 4.23 s ·
                       draft 146/220 accepted (66%) · max_tokens reached
22:07:40.131 INFO:     #194 chat/completions (stream): 134 prompt tokens ·
                       temperature: 0, greedy (req), max_tokens: 256 (req),
                       min_tokens: 256 (req)
22:07:40.434 INFO:     #186 chat/completions (stream): 256 tokens generated at
                       57.5 T/s · prompt 63 tokens, none cached, 63 new in 0.07
                       s · first token 0.08 s, total 4.53 s · draft 137/238
                       accepted (58%) · max_tokens reached
22:07:40.502 INFO:     #195 chat/completions (stream): 695 prompt tokens ·
                       temperature: 0, greedy (req), max_tokens: 256 (req),
                       min_tokens: 256 (req)
22:07:40.503 INFO:     #188 chat/completions (stream): 256 tokens generated at
                       67.7 T/s · prompt 586 tokens, none cached, 586 new in
                       0.25 s (2,344 T/s) · first token 0.26 s, total 4.04 s ·
                       draft 145/222 accepted (65%) · max_tokens reached
22:07:40.835 INFO:     #196 chat/completions (stream): 88 prompt tokens ·
                       temperature: 0, greedy (req), max_tokens: 256 (req),
                       min_tokens: 256 (req)
22:07:40.970 INFO:     #187 chat/completions (stream): 256 tokens generated at
                       58.8 T/s · prompt 654 tokens, none cached, 654 new in
                       0.29 s (2,255 T/s) · first token 0.30 s, total 4.65 s ·
                       draft 137/238 accepted (58%) · max_tokens reached
22:07:41.035 INFO:     #197 chat/completions (stream): 516 prompt tokens ·
                       temperature: 0, greedy (req), max_tokens: 256 (req),
                       min_tokens: 256 (req)
22:07:41.036 INFO:     #190 chat/completions (stream): 256 tokens generated at
                       68.0 T/s · prompt 960 tokens, none cached, 960 new in
                       0.32 s (3,000 T/s) · first token 0.33 s, total 4.09 s ·
                       draft 143/226 accepted (63%) · max_tokens reached
22:07:41.271 INFO:     #198 chat/completions (stream): 93 prompt tokens ·
                       temperature: 0, greedy (req), max_tokens: 256 (req),
                       min_tokens: 256 (req)
22:07:42.046 INFO:     #191 chat/completions (stream): 256 tokens generated at
                       66.2 T/s · prompt 77 tokens, none cached, 77 new in 0.08
                       s · first token 0.09 s, total 3.95 s · draft 146/220
                       accepted (66%) · max_tokens reached
22:07:42.120 INFO:     #199 chat/completions (stream): 775 prompt tokens ·
                       temperature: 0, greedy (req), max_tokens: 256 (req),
                       min_tokens: 256 (req)
22:07:42.928 INFO:     #192 chat/completions (stream): 256 tokens generated at
                       64.4 T/s · prompt 819 tokens, none cached, 819 new in
                       0.29 s (2,824 T/s) · first token 0.30 s, total 4.27 s ·
                       draft 140/232 accepted (60%) · max_tokens reached
22:07:42.998 INFO:     #200 chat/completions (stream): 386 prompt tokens ·
                       temperature: 0, greedy (req), max_tokens: 256 (req),
                       min_tokens: 256 (req)
22:07:43.751 INFO:     #193 chat/completions (stream): 256 tokens generated at
                       71.0 T/s · prompt 780 tokens, none cached, 780 new in
                       0.25 s (3,120 T/s) · first token 0.26 s, total 3.86 s ·
                       draft 158/196 accepted (81%) · max_tokens reached
22:07:43.752 INFO:     #194 chat/completions (stream): 256 tokens generated at
                       74.9 T/s · prompt 134 tokens, none cached, 134 new in
                       0.11 s · first token 0.12 s, total 3.53 s · draft 161/190
                       accepted (85%) · max_tokens reached
22:07:43.818 INFO:     #201 chat/completions (stream): 78 prompt tokens ·
                       temperature: 0, greedy (req), max_tokens: 256 (req),
                       min_tokens: 256 (req)
22:07:43.819 INFO:     #202 chat/completions (stream): 123 prompt tokens ·
                       temperature: 0, greedy (req), max_tokens: 256 (req),
                       min_tokens: 256 (req)
22:07:44.394 INFO:     #198 chat/completions (stream): 256 tokens generated at
                       87.0 T/s · prompt 93 tokens, none cached, 93 new in 0.09
                       s · first token 0.10 s, total 3.04 s · draft 164/184
                       accepted (89%) · max_tokens reached
22:07:44.413 INFO:     #195 chat/completions (stream): 256 tokens generated at
                       72.4 T/s · prompt 695 tokens, none cached, 695 new in
                       0.28 s (2,482 T/s) · first token 0.29 s, total 3.82 s ·
                       draft 153/206 accepted (74%) · max_tokens reached
22:07:44.450 INFO:     #203 chat/completions (stream): 116 prompt tokens ·
                       temperature: 0, greedy (req), max_tokens: 256 (req),
                       min_tokens: 256 (req)
22:07:44.577 INFO:     #204 chat/completions (stream): 67 prompt tokens ·
                       temperature: 0, greedy (req), max_tokens: 256 (req),
                       min_tokens: 256 (req)
22:07:44.579 INFO:     #196 chat/completions (stream): 256 tokens generated at
                       73.9 T/s · prompt 88 tokens, none cached, 88 new in 0.08
                       s · first token 0.09 s, total 3.55 s · draft 152/208
                       accepted (73%) · max_tokens reached
22:07:44.728 INFO:     #205 chat/completions (stream): 74 prompt tokens ·
                       temperature: 0, greedy (req), max_tokens: 256 (req),
                       min_tokens: 256 (req)
22:07:45.023 INFO:     #197 chat/completions (stream): 256 tokens generated at
                       69.1 T/s · prompt 516 tokens, none cached, 516 new in
                       0.18 s (2,867 T/s) · first token 0.19 s, total 3.89 s ·
                       draft 146/220 accepted (66%) · max_tokens reached
22:07:45.095 INFO:     #206 chat/completions (stream): 148 prompt tokens ·
                       temperature: 0, greedy (req), max_tokens: 256 (req),
                       min_tokens: 256 (req)
22:07:46.010 INFO:     #199 chat/completions (stream): 256 tokens generated at
                       72.2 T/s · prompt 775 tokens, none cached, 775 new in
                       0.24 s (3,229 T/s) · first token 0.25 s, total 3.79 s ·
                       draft 143/226 accepted (63%) · max_tokens reached
22:07:46.081 INFO:     #207 chat/completions (stream): 660 prompt tokens ·
                       temperature: 0, greedy (req), max_tokens: 256 (req),
                       min_tokens: 256 (req)
22:07:46.886 INFO:     #200 chat/completions (stream): 256 tokens generated at
                       73.7 T/s · prompt 386 tokens, none cached, 386 new in
                       0.31 s (1,245 T/s) · first token 0.32 s, total 3.79 s ·
                       draft 145/222 accepted (65%) · max_tokens reached
22:07:46.957 INFO:     #208 chat/completions (stream): 62 prompt tokens ·
                       temperature: 0, greedy (req), max_tokens: 256 (req),
                       min_tokens: 256 (req)
22:07:47.275 INFO:     #201 chat/completions (stream): 256 tokens generated at
                       80.8 T/s · prompt 78 tokens, none cached, 78 new in 0.18
                       s · first token 0.19 s, total 3.36 s · draft 153/206
                       accepted (74%) · max_tokens reached
22:07:47.344 INFO:     #210 chat/completions (stream): 61 prompt tokens ·
                       temperature: 0, greedy (req), max_tokens: 256 (req),
                       min_tokens: 256 (req)
22:07:47.723 INFO:     #202 chat/completions (stream): 256 tokens generated at
                       70.6 T/s · prompt 123 tokens, none cached, 123 new in
                       0.10 s · first token 0.19 s, total 3.82 s · draft 137/238
                       accepted (58%) · max_tokens reached
22:07:47.724 INFO:     #203 chat/completions (stream): 256 tokens generated at
                       83.1 T/s · prompt 116 tokens, none cached, 116 new in
                       0.10 s · first token 0.11 s, total 3.19 s · draft 156/200
                       accepted (78%) · max_tokens reached
22:07:47.780 INFO:     #211 chat/completions (stream): 91 prompt tokens ·
                       temperature: 0, greedy (req), max_tokens: 256 (req),
                       min_tokens: 256 (req)
22:07:47.780 INFO:     #212 chat/completions (stream): 86 prompt tokens ·
                       temperature: 0, greedy (req), max_tokens: 256 (req),
                       min_tokens: 256 (req)
22:07:47.985 INFO:     #204 chat/completions (stream): 256 tokens generated at
                       83.6 T/s · prompt 67 tokens, none cached, 67 new in 0.08
                       s · first token 0.09 s, total 3.15 s · draft 153/206
                       accepted (74%) · max_tokens reached
22:07:48.043 INFO:     #213 chat/completions (stream): 64 prompt tokens ·
                       temperature: 0, greedy (req), max_tokens: 256 (req),
                       min_tokens: 256 (req)
22:07:48.140 INFO:     #206 chat/completions (stream): 256 tokens generated at
                       91.6 T/s · prompt 148 tokens, none cached, 148 new in
                       0.09 s · first token 0.10 s, total 2.89 s · draft 164/184
                       accepted (89%) · max_tokens reached
22:07:48.163 INFO:     #205 chat/completions (stream): 256 tokens generated at
                       80.2 T/s · prompt 74 tokens, none cached, 74 new in 0.08
                       s · first token 0.09 s, total 3.28 s · draft 151/210
                       accepted (72%) · max_tokens reached
22:07:48.209 INFO:     #214 chat/completions (stream): 745 prompt tokens ·
                       temperature: 0, greedy (req), max_tokens: 256 (req),
                       min_tokens: 256 (req)
22:07:48.396 INFO:     #215 chat/completions (stream): 722 prompt tokens ·
                       temperature: 0, greedy (req), max_tokens: 256 (req),
                       min_tokens: 256 (req)
22:07:49.895 INFO:     #207 chat/completions (stream): 256 tokens generated at
                       74.8 T/s · prompt 660 tokens, none cached, 660 new in
                       0.29 s (2,276 T/s) · first token 0.30 s, total 3.72 s ·
                       draft 153/206 accepted (74%) · max_tokens reached
22:07:49.965 INFO:     #216 chat/completions (stream): 115 prompt tokens ·
                       temperature: 0, greedy (req), max_tokens: 256 (req),
                       min_tokens: 256 (req)
22:07:50.882 INFO:     #210 chat/completions (stream): 256 tokens generated at
                       75.8 T/s · prompt 61 tokens, none cached, 61 new in 0.07
                       s · first token 0.08 s, total 3.45 s · draft 154/204
                       accepted (75%) · max_tokens reached
22:07:50.920 INFO:     #208 chat/completions (stream): 256 tokens generated at
                       67.3 T/s · prompt 62 tokens, none cached, 62 new in 0.07
                       s · first token 0.08 s, total 3.88 s · draft 139/234
                       accepted (59%) · max_tokens reached
22:07:50.938 INFO:     #217 chat/completions (stream): 91 prompt tokens ·
                       temperature: 0, greedy (req), max_tokens: 256 (req),
                       min_tokens: 256 (req)
22:07:50.941 INFO:     #211 chat/completions (stream): 256 tokens generated at
                       88.3 T/s · prompt 91 tokens, none cached, 91 new in 0.17
                       s · first token 0.18 s, total 3.08 s · draft 167/178
                       accepted (94%) · max_tokens reached
22:07:51.079 INFO:     #218 chat/completions (stream): 680 prompt tokens ·
                       temperature: 0, greedy (req), max_tokens: 256 (req),
                       min_tokens: 256 (req)
22:07:51.264 INFO:     #219 chat/completions (stream): 100 prompt tokens ·
                       temperature: 0, greedy (req), max_tokens: 256 (req),
                       min_tokens: 256 (req)
22:07:51.952 INFO:     #212 chat/completions (stream): 256 tokens generated at
                       65.5 T/s · prompt 86 tokens, none cached, 86 new in 0.09
                       s · queued 0.10 s, first token 0.19 s, total 4.09 s ·
                       draft 143/226 accepted (63%) · max_tokens reached
22:07:51.972 INFO:     #214 chat/completions (stream): 256 tokens generated at
                       79.6 T/s · prompt 745 tokens, none cached, 745 new in
                       0.46 s (1,620 T/s) · first token 0.47 s, total 3.68 s ·
                       draft 151/210 accepted (72%) · max_tokens reached
22:07:51.993 INFO:     #213 chat/completions (stream): 256 tokens generated at
                       67.5 T/s · prompt 64 tokens, none cached, 64 new in 0.07
                       s · first token 0.08 s, total 3.87 s · draft 145/222
                       accepted (65%) · max_tokens reached
22:07:52.012 INFO:     #220 chat/completions (stream): 64 prompt tokens ·
                       temperature: 0, greedy (req), max_tokens: 256 (req),
                       min_tokens: 256 (req)
22:07:52.110 INFO:     #221 chat/completions (stream): 672 prompt tokens ·
                       temperature: 0, greedy (req), max_tokens: 256 (req),
                       min_tokens: 256 (req)
22:07:52.111 INFO:     #215 chat/completions (stream): 256 tokens generated at
                       81.5 T/s · prompt 722 tokens, none cached, 722 new in
                       0.29 s (2,490 T/s) · queued 0.12 s, first token 0.41 s,
                       total 3.55 s · draft 149/214 accepted (70%) · max_tokens
                       reached
22:07:52.289 INFO:     #222 chat/completions (stream): 875 prompt tokens ·
                       temperature: 0, greedy (req), max_tokens: 256 (req),
                       min_tokens: 256 (req)
22:07:52.730 INFO:     #223 chat/completions (stream): 139 prompt tokens ·
                       temperature: 0, greedy (req), max_tokens: 256 (req),
                       min_tokens: 256 (req)
22:07:53.613 INFO:     #216 chat/completions (stream): 256 tokens generated at
                       74.2 T/s · prompt 115 tokens, none cached, 115 new in
                       0.10 s · first token 0.11 s, total 3.56 s · draft 161/193
                       accepted (83%) · max_tokens reached
22:07:53.683 INFO:     #224 chat/completions (stream): 63 prompt tokens ·
                       temperature: 0, greedy (req), max_tokens: 256 (req),
                       min_tokens: 256 (req)
22:07:54.449 INFO:     #217 chat/completions (stream): 256 tokens generated at
                       77.1 T/s · prompt 91 tokens, none cached, 91 new in 0.09
                       s · first token 0.10 s, total 3.42 s · draft 165/185
                       accepted (89%) · max_tokens reached
22:07:54.515 INFO:     #225 chat/completions (stream): 778 prompt tokens ·
                       temperature: 0, greedy (req), max_tokens: 256 (req),
                       min_tokens: 256 (req)
22:07:54.719 INFO:     #219 chat/completions (stream): 256 tokens generated at
                       85.7 T/s · prompt 100 tokens, none cached, 100 new in
                       0.09 s · queued 0.10 s, first token 0.19 s, total 3.18 s
                       · draft 164/187 accepted (88%) · max_tokens reached
22:07:54.816 INFO:     #226 chat/completions (stream): 774 prompt tokens ·
                       temperature: 0, greedy (req), max_tokens: 256 (req),
                       min_tokens: 256 (req)
22:07:55.450 INFO:     #218 chat/completions (stream): 256 tokens generated at
                       65.7 T/s · prompt 680 tokens, none cached, 680 new in
                       0.38 s (1,789 T/s) · first token 0.39 s, total 4.28 s ·
                       draft 144/227 accepted (63%) · max_tokens reached
22:07:55.520 INFO:     #227 chat/completions (stream): 65 prompt tokens ·
                       temperature: 0, greedy (req), max_tokens: 256 (req),
                       min_tokens: 256 (req)
22:07:55.732 INFO:     #223 chat/completions (stream): 256 tokens generated at
                       91.5 T/s · prompt 139 tokens, none cached, 139 new in
                       0.11 s · first token 0.12 s, total 2.91 s · draft 163/186
                       accepted (88%) · max_tokens reached
22:07:55.795 INFO:     #228 chat/completions (stream): 117 prompt tokens ·
                       temperature: 0, greedy (req), max_tokens: 256 (req),
                       min_tokens: 256 (req)
22:07:55.795 INFO:     #220 chat/completions (stream): 256 tokens generated at
                       70.8 T/s · prompt 64 tokens, none cached, 64 new in 0.07
                       s · first token 0.08 s, total 3.70 s · draft 156/200
                       accepted (78%) · max_tokens reached
22:07:55.969 INFO:     #229 chat/completions (stream): 405 prompt tokens ·
                       temperature: 0, greedy (req), max_tokens: 256 (req),
                       min_tokens: 256 (req)
22:07:56.278 INFO:     #222 chat/completions (stream): 256 tokens generated at
                       78.5 T/s · prompt 875 tokens, none cached, 875 new in
                       0.31 s (2,823 T/s) · queued 0.10 s, first token 0.41 s,
                       total 3.67 s · draft 152/208 accepted (73%) · max_tokens
                       reached
22:07:56.322 INFO:     #221 chat/completions (stream): 256 tokens generated at
                       70.2 T/s · prompt 672 tokens, none cached, 672 new in
                       0.47 s (1,430 T/s) · first token 0.48 s, total 4.13 s ·
                       draft 149/214 accepted (70%) · max_tokens reached
22:07:56.343 INFO:     #230 chat/completions (stream): 96 prompt tokens ·
                       temperature: 0, greedy (req), max_tokens: 256 (req),
                       min_tokens: 256 (req)
22:07:56.487 INFO:     #231 chat/completions (stream): 1,533 prompt tokens ·
                       temperature: 0, greedy (req), max_tokens: 256 (req),
                       min_tokens: 256 (req)
22:07:58.235 INFO:     #224 chat/completions (stream): 256 tokens generated at
                       58.7 T/s · prompt 63 tokens, none cached, 63 new in 0.07
                       s · first token 0.08 s, total 4.44 s · draft 127/258
                       accepted (49%) · max_tokens reached
22:07:58.303 INFO:     #232 chat/completions (stream): 786 prompt tokens ·
                       temperature: 0, greedy (req), max_tokens: 256 (req),
                       min_tokens: 256 (req)
22:07:58.570 INFO:     #225 chat/completions (stream): 256 tokens generated at
                       72.9 T/s · prompt 778 tokens, none cached, 778 new in
                       0.22 s (3,536 T/s) · first token 0.23 s, total 3.74 s ·
                       draft 155/202 accepted (77%) · max_tokens reached
22:07:58.639 INFO:     #233 chat/completions (stream): 61 prompt tokens ·
                       temperature: 0, greedy (req), max_tokens: 256 (req),
                       min_tokens: 256 (req)
22:07:58.833 INFO:     #226 chat/completions (stream): 256 tokens generated at
                       69.4 T/s · prompt 774 tokens, none cached, 774 new in
                       0.23 s (3,365 T/s) · first token 0.24 s, total 3.92 s ·
                       draft 151/210 accepted (72%) · max_tokens reached
22:07:58.903 INFO:     #234 chat/completions (stream): 84 prompt tokens ·
                       temperature: 0, greedy (req), max_tokens: 256 (req),
                       min_tokens: 256 (req)
22:07:59.373 INFO:     #228 chat/completions (stream): 256 tokens generated at
                       75.7 T/s · prompt 117 tokens, none cached, 117 new in
                       0.10 s · first token 0.11 s, total 3.49 s · draft 160/192
                       accepted (83%) · max_tokens reached
22:07:59.439 INFO:     #235 chat/completions (stream): 92 prompt tokens ·
                       temperature: 0, greedy (req), max_tokens: 256 (req),
                       min_tokens: 256 (req)
22:07:59.599 INFO:     #227 chat/completions (stream): 256 tokens generated at
                       67.1 T/s · prompt 65 tokens, none cached, 65 new in 0.07
                       s · first token 0.08 s, total 3.89 s · draft 145/222
                       accepted (65%) · max_tokens reached
22:07:59.668 INFO:     #236 chat/completions (stream): 388 prompt tokens ·
                       temperature: 0, greedy (req), max_tokens: 256 (req),
                       min_tokens: 256 (req)
22:08:00.090 INFO:     #229 chat/completions (stream): 256 tokens generated at
                       67.5 T/s · prompt 405 tokens, none cached, 405 new in
                       0.24 s (1,688 T/s) · first token 0.25 s, total 4.04 s ·
                       draft 147/218 accepted (67%) · max_tokens reached
22:08:00.091 INFO:     #231 chat/completions (stream): 256 tokens generated at
                       82.4 T/s · prompt 1,533 tokens, none cached, 1,533 new in
                       0.41 s (3,739 T/s) · first token 0.42 s, total 3.52 s ·
                       draft 156/200 accepted (78%) · max_tokens reached
22:08:00.148 INFO:     #237 chat/completions (stream): 63 prompt tokens ·
                       temperature: 0, greedy (req), max_tokens: 256 (req),
                       min_tokens: 256 (req)
22:08:00.148 INFO:     #238 chat/completions (stream): 78 prompt tokens ·
                       temperature: 0, greedy (req), max_tokens: 256 (req),
                       min_tokens: 256 (req)
22:08:00.150 INFO:     #230 chat/completions (stream): 256 tokens generated at
                       70.6 T/s · prompt 96 tokens, none cached, 96 new in 0.09
                       s · first token 0.10 s, total 3.73 s · draft 150/212
                       accepted (71%) · max_tokens reached
22:08:00.379 INFO:     #239 chat/completions (stream): 707 prompt tokens ·
                       temperature: 0, greedy (req), max_tokens: 256 (req),
                       min_tokens: 256 (req)
22:08:01.869 INFO:     #232 chat/completions (stream): 256 tokens generated at
                       79.3 T/s · prompt 786 tokens, none cached, 786 new in
                       0.24 s (3,275 T/s) · first token 0.25 s, total 3.47 s ·
                       draft 159/194 accepted (82%) · max_tokens reached
22:08:01.942 INFO:     #240 chat/completions (stream): 316 prompt tokens ·
                       temperature: 0, greedy (req), max_tokens: 256 (req),
                       min_tokens: 256 (req)
22:08:02.279 INFO:     #233 chat/completions (stream): 256 tokens generated at
                       75.7 T/s · prompt 61 tokens, none cached, 61 new in 0.07
                       s · first token 0.08 s, total 3.46 s · draft 155/202
                       accepted (77%) · max_tokens reached
22:08:02.350 INFO:     #242 chat/completions (stream): 70 prompt tokens ·
                       temperature: 0, greedy (req), max_tokens: 256 (req),
                       min_tokens: 256 (req)
22:08:02.789 INFO:     #234 chat/completions (stream): 256 tokens generated at
                       69.1 T/s · prompt 84 tokens, none cached, 84 new in 0.09
                       s · first token 0.10 s, total 3.80 s · draft 145/222
                       accepted (65%) · max_tokens reached
22:08:02.854 INFO:     #243 chat/completions (stream): 85 prompt tokens ·
                       temperature: 0, greedy (req), max_tokens: 256 (req),
                       min_tokens: 256 (req)
22:08:02.855 INFO:     #235 chat/completions (stream): 256 tokens generated at
                       79.2 T/s · prompt 92 tokens, none cached, 92 new in 0.09
                       s · first token 0.10 s, total 3.33 s · draft 161/190
                       accepted (85%) · max_tokens reached
22:08:03.018 INFO:     #244 chat/completions (stream): 689 prompt tokens ·
                       temperature: 0, greedy (req), max_tokens: 256 (req),
                       min_tokens: 256 (req)
22:08:03.630 INFO:     #236 chat/completions (stream): 256 tokens generated at
                       71.1 T/s · prompt 388 tokens, none cached, 388 new in
                       0.26 s (1,492 T/s) · first token 0.27 s, total 3.86 s ·
                       draft 152/208 accepted (73%) · max_tokens reached
22:08:03.702 INFO:     #245 chat/completions (stream): 118 prompt tokens ·
                       temperature: 0, greedy (req), max_tokens: 256 (req),
                       min_tokens: 256 (req)
22:08:03.946 INFO:     #239 chat/completions (stream): 256 tokens generated at
                       80.6 T/s · prompt 707 tokens, none cached, 707 new in
                       0.29 s (2,438 T/s) · first token 0.30 s, total 3.47 s ·
                       draft 157/198 accepted (79%) · max_tokens reached
22:08:04.017 INFO:     #246 chat/completions (stream): 811 prompt tokens ·
                       temperature: 0, greedy (req), max_tokens: 256 (req),
                       min_tokens: 256 (req)
22:08:04.557 INFO:     #237 chat/completions (stream): 256 tokens generated at
                       61.5 T/s · prompt 63 tokens, none cached, 63 new in 0.15
                       s · first token 0.16 s, total 4.32 s · draft 139/234
                       accepted (59%) · max_tokens reached
22:08:04.558 INFO:     #238 chat/completions (stream): 256 tokens generated at
                       61.5 T/s · prompt 78 tokens, none cached, 78 new in 0.08
                       s · first token 0.16 s, total 4.32 s · draft 139/234
                       accepted (59%) · max_tokens reached
22:08:04.626 INFO:     #247 chat/completions (stream): 105 prompt tokens ·
                       temperature: 0, greedy (req), max_tokens: 256 (req),
                       min_tokens: 256 (req)
22:08:04.627 INFO:     #248 chat/completions (stream): 560 prompt tokens ·
                       temperature: 0, greedy (req), max_tokens: 256 (req),
                       min_tokens: 256 (req)
22:08:06.305 INFO:     #240 chat/completions (stream): 256 tokens generated at
                       63.4 T/s · prompt 316 tokens, none cached, 316 new in
                       0.22 s (1,436 T/s) · first token 0.23 s, total 4.27 s ·
                       draft 139/234 accepted (59%) · max_tokens reached
22:08:06.378 INFO:     #249 chat/completions (stream): 715 prompt tokens ·
                       temperature: 0, greedy (req), max_tokens: 256 (req),
                       min_tokens: 256 (req)
22:08:06.791 INFO:     #242 chat/completions (stream): 256 tokens generated at
                       60.0 T/s · prompt 70 tokens, none cached, 70 new in 0.08
                       s · first token 0.09 s, total 4.35 s · draft 137/238
                       accepted (58%) · max_tokens reached
22:08:06.861 INFO:     #250 chat/completions (stream): 116 prompt tokens ·
                       temperature: 0, greedy (req), max_tokens: 256 (req),
                       min_tokens: 256 (req)
22:08:07.080 INFO:     #244 chat/completions (stream): 256 tokens generated at
                       70.2 T/s · prompt 689 tokens, none cached, 689 new in
                       0.32 s (2,153 T/s) · first token 0.33 s, total 3.97 s ·
                       draft 151/210 accepted (72%) · max_tokens reached
22:08:07.145 INFO:     #251 chat/completions (stream): 69 prompt tokens ·
                       temperature: 0, greedy (req), max_tokens: 256 (req),
                       min_tokens: 256 (req)
22:08:07.273 INFO:     #245 chat/completions (stream): 256 tokens generated at
                       77.7 T/s · prompt 118 tokens, none cached, 118 new in
                       0.10 s · first token 0.11 s, total 3.40 s · draft 161/190
                       accepted (85%) · max_tokens reached
22:08:07.337 INFO:     #252 chat/completions (stream): 63 prompt tokens ·
                       temperature: 0, greedy (req), max_tokens: 256 (req),
                       min_tokens: 256 (req)
22:08:07.436 INFO:     #243 chat/completions (stream): 256 tokens generated at
                       59.2 T/s · prompt 85 tokens, none cached, 85 new in 0.08
                       s · first token 0.09 s, total 4.41 s · draft 138/236
                       accepted (58%) · max_tokens reached
22:08:07.506 INFO:     #253 chat/completions (stream): 74 prompt tokens ·
                       temperature: 0, greedy (req), max_tokens: 256 (req),
                       min_tokens: 256 (req)
22:08:07.949 INFO:     #246 chat/completions (stream): 256 tokens generated at
                       72.1 T/s · prompt 811 tokens, none cached, 811 new in
                       0.28 s (2,896 T/s) · first token 0.29 s, total 3.84 s ·
                       draft 149/214 accepted (70%) · max_tokens reached
22:08:08.021 INFO:     #254 chat/completions (stream): 755 prompt tokens ·
                       temperature: 0, greedy (req), max_tokens: 256 (req),
                       min_tokens: 256 (req)
22:08:08.454 INFO:     #247 chat/completions (stream): 256 tokens generated at
                       76.4 T/s · prompt 105 tokens, none cached, 105 new in
                       0.25 s · first token 0.26 s, total 3.62 s · draft 154/204
                       accepted (75%) · max_tokens reached
22:08:08.525 INFO:     #255 chat/completions (stream): 119 prompt tokens ·
                       temperature: 0, greedy (req), max_tokens: 256 (req),
                       min_tokens: 256 (req)
22:08:08.791 INFO:     #248 chat/completions (stream): 256 tokens generated at
                       68.8 T/s · prompt 560 tokens, none cached, 560 new in
                       0.24 s (2,333 T/s) · queued 0.11 s, first token 0.35 s,
                       total 4.07 s · draft 145/222 accepted (65%) · max_tokens
                       reached
22:08:08.860 INFO:     #256 chat/completions (stream): 157 prompt tokens ·
                       temperature: 0, greedy (req), max_tokens: 256 (req),
                       min_tokens: 256 (req)
22:08:10.206 INFO:     #249 chat/completions (stream): 256 tokens generated at
                       74.4 T/s · prompt 715 tokens, none cached, 715 new in
                       0.29 s (2,466 T/s) · first token 0.30 s, total 3.74 s ·
                       draft 148/216 accepted (69%) · max_tokens reached
22:08:10.207 INFO:     #250 chat/completions (stream): 256 tokens generated at
                       81.2 T/s · prompt 116 tokens, none cached, 116 new in
                       0.10 s · first token 0.11 s, total 3.26 s · draft 156/200
                       accepted (78%) · max_tokens reached
22:08:10.273 INFO:     #257 chat/completions (stream): 588 prompt tokens ·
                       temperature: 0, greedy (req), max_tokens: 256 (req),
                       min_tokens: 256 (req)
22:08:10.273 INFO:     #258 chat/completions (stream): 86 prompt tokens ·
                       temperature: 0, greedy (req), max_tokens: 256 (req),
                       min_tokens: 256 (req)
22:08:10.961 INFO:     #252 chat/completions (stream): 256 tokens generated at
                       74.0 T/s · prompt 63 tokens, none cached, 63 new in 0.07
                       s · first token 0.08 s, total 3.53 s · draft 151/210
                       accepted (72%) · max_tokens reached
22:08:11.020 INFO:     #259 chat/completions (stream): 71 prompt tokens ·
                       temperature: 0, greedy (req), max_tokens: 256 (req),
                       min_tokens: 256 (req)
22:08:11.021 INFO:     #253 chat/completions (stream): 256 tokens generated at
                       76.4 T/s · prompt 74 tokens, none cached, 74 new in 0.08
                       s · first token 0.09 s, total 3.43 s · draft 152/208
                       accepted (73%) · max_tokens reached
22:08:11.150 INFO:     #251 chat/completions (stream): 256 tokens generated at
                       68.2 T/s · prompt 69 tokens, none cached, 69 new in 0.08
                       s · first token 0.09 s, total 3.84 s · draft 141/230
                       accepted (61%) · max_tokens reached
22:08:11.175 INFO:     #260 chat/completions (stream): 1,392 prompt tokens ·
                       temperature: 0, greedy (req), max_tokens: 256 (req),
                       min_tokens: 256 (req)
22:08:11.599 INFO:     #261 chat/completions (stream): 107 prompt tokens ·
                       temperature: 0, greedy (req), max_tokens: 256 (req),
                       min_tokens: 256 (req)
22:08:12.030 INFO:     #255 chat/completions (stream): 256 tokens generated at
                       77.3 T/s · prompt 119 tokens, none cached, 119 new in
                       0.10 s · first token 0.11 s, total 3.42 s · draft 162/188
                       accepted (86%) · max_tokens reached
22:08:12.098 INFO:     #262 chat/completions (stream): 75 prompt tokens ·
                       temperature: 0, greedy (req), max_tokens: 256 (req),
                       min_tokens: 256 (req)
22:08:12.363 INFO:     #254 chat/completions (stream): 256 tokens generated at
                       65.3 T/s · prompt 755 tokens, none cached, 755 new in
                       0.33 s (2,288 T/s) · first token 0.34 s, total 4.25 s ·
                       draft 144/224 accepted (64%) · max_tokens reached
22:08:12.385 INFO:     #256 chat/completions (stream): 256 tokens generated at
                       76.7 T/s · prompt 157 tokens, none cached, 157 new in
                       0.09 s · first token 0.10 s, total 3.43 s · draft 160/192
                       accepted (83%) · max_tokens reached
22:08:12.427 INFO:     #263 chat/completions (stream): 97 prompt tokens ·
                       temperature: 0, greedy (req), max_tokens: 256 (req),
                       min_tokens: 256 (req)
22:08:12.555 INFO:     #264 chat/completions (stream): 81 prompt tokens ·
                       temperature: 0, greedy (req), max_tokens: 256 (req),
                       min_tokens: 256 (req)
22:08:14.086 INFO:     #258 chat/completions (stream): 256 tokens generated at
                       73.7 T/s · prompt 86 tokens, none cached, 86 new in 0.09
                       s · queued 0.16 s, first token 0.25 s, total 3.72 s ·
                       draft 152/208 accepted (73%) · max_tokens reached
22:08:14.158 INFO:     #265 chat/completions (stream): 642 prompt tokens ·
                       temperature: 0, greedy (req), max_tokens: 256 (req),
                       min_tokens: 256 (req)
22:08:14.727 INFO:     #257 chat/completions (stream): 256 tokens generated at
                       63.9 T/s · prompt 588 tokens, none cached, 588 new in
                       0.35 s (1,680 T/s) · first token 0.36 s, total 4.37 s ·
                       draft 138/236 accepted (58%) · max_tokens reached
22:08:14.795 INFO:     #266 chat/completions (stream): 61 prompt tokens ·
                       temperature: 0, greedy (req), max_tokens: 256 (req),
                       min_tokens: 256 (req)
22:08:15.103 INFO:     #261 chat/completions (stream): 256 tokens generated at
                       77.3 T/s · prompt 107 tokens, none cached, 107 new in
                       0.10 s · first token 0.11 s, total 3.42 s · draft 147/218
                       accepted (67%) · max_tokens reached
22:08:15.146 INFO:     #260 chat/completions (stream): 256 tokens generated at
                       73.5 T/s · prompt 1,392 tokens, none cached, 1,392 new in
                       0.40 s (3,480 T/s) · first token 0.41 s, total 3.89 s ·
                       draft 144/224 accepted (64%) · max_tokens reached
22:08:15.168 INFO:     #267 chat/completions (stream): 128 prompt tokens ·
                       temperature: 0, greedy (req), max_tokens: 256 (req),
                       min_tokens: 256 (req)
22:08:15.333 INFO:     #268 chat/completions (stream): 712 prompt tokens ·
                       temperature: 0, greedy (req), max_tokens: 256 (req),
                       min_tokens: 256 (req)
22:08:15.672 INFO:     #259 chat/completions (stream): 256 tokens generated at
                       60.9 T/s · prompt 71 tokens, none cached, 71 new in 0.08
                       s · first token 0.09 s, total 4.29 s · draft 134/244
                       accepted (55%) · max_tokens reached
22:08:15.731 INFO:     #269 chat/completions (stream): 94 prompt tokens ·
                       temperature: 0, greedy (req), max_tokens: 256 (req),
                       min_tokens: 256 (req)
22:08:15.848 INFO:     #263 chat/completions (stream): 256 tokens generated at
                       81.6 T/s · prompt 97 tokens, none cached, 97 new in 0.10
                       s · first token 0.11 s, total 3.24 s · draft 160/192
                       accepted (83%) · max_tokens reached
22:08:15.871 INFO:     #264 chat/completions (stream): 256 tokens generated at
                       83.9 T/s · prompt 81 tokens, none cached, 81 new in 0.08
                       s · first token 0.09 s, total 3.14 s · draft 160/192
                       accepted (83%) · max_tokens reached
22:08:15.916 INFO:     #270 chat/completions (stream): 66 prompt tokens ·
                       temperature: 0, greedy (req), max_tokens: 256 (req),
                       min_tokens: 256 (req)
22:08:16.023 INFO:     #271 chat/completions (stream): 93 prompt tokens ·
                       temperature: 0, greedy (req), max_tokens: 256 (req),
                       min_tokens: 256 (req)
22:08:16.207 INFO:     #262 chat/completions (stream): 256 tokens generated at
                       66.7 T/s · prompt 75 tokens, none cached, 75 new in 0.08
                       s · first token 0.09 s, total 3.92 s · draft 141/230
                       accepted (61%) · max_tokens reached
22:08:16.276 INFO:     #272 chat/completions (stream): 108 prompt tokens ·
                       temperature: 0, greedy (req), max_tokens: 256 (req),
                       min_tokens: 256 (req)
22:08:17.954 INFO:     #265 chat/completions (stream): 256 tokens generated at
                       75.5 T/s · prompt 642 tokens, none cached, 642 new in
                       0.30 s (2,140 T/s) · first token 0.31 s, total 3.70 s ·
                       draft 149/214 accepted (70%) · max_tokens reached
22:08:18.026 INFO:     #274 chat/completions (stream): 93 prompt tokens ·
                       temperature: 0, greedy (req), max_tokens: 256 (req),
                       min_tokens: 256 (req)
22:08:18.398 INFO:     #267 chat/completions (stream): 256 tokens generated at
                       84.9 T/s · prompt 128 tokens, none cached, 128 new in
                       0.11 s · first token 0.12 s, total 3.13 s · draft 162/188
                       accepted (86%) · max_tokens reached
22:08:18.469 INFO:     #275 chat/completions (stream): 86 prompt tokens ·
                       temperature: 0, greedy (req), max_tokens: 256 (req),
                       min_tokens: 256 (req)
22:08:18.754 INFO:     #268 chat/completions (stream): 256 tokens generated at
                       84.4 T/s · prompt 712 tokens, none cached, 712 new in
                       0.29 s (2,455 T/s) · first token 0.30 s, total 3.33 s ·
                       draft 154/204 accepted (75%) · max_tokens reached
22:08:18.819 INFO:     #276 chat/completions (stream): 87 prompt tokens ·
                       temperature: 0, greedy (req), max_tokens: 256 (req),
                       min_tokens: 256 (req)
22:08:18.933 INFO:     #266 chat/completions (stream): 256 tokens generated at
                       66.0 T/s · prompt 61 tokens, none cached, 61 new in 0.07
                       s · first token 0.08 s, total 3.96 s · draft 134/244
                       accepted (55%) · max_tokens reached
22:08:18.998 INFO:     #277 chat/completions (stream): 91 prompt tokens ·
                       temperature: 0, greedy (req), max_tokens: 256 (req),
                       min_tokens: 256 (req)
22:08:19.133 INFO:     #271 chat/completions (stream): 256 tokens generated at
                       90.2 T/s · prompt 93 tokens, none cached, 93 new in 0.09
                       s · first token 0.10 s, total 2.93 s · draft 155/202
                       accepted (77%) · max_tokens reached
22:08:19.210 INFO:     #278 chat/completions (stream): 849 prompt tokens ·
                       temperature: 0, greedy (req), max_tokens: 256 (req),
                       min_tokens: 256 (req)
22:08:19.425 INFO:     #270 chat/completions (stream): 256 tokens generated at
                       81.8 T/s · prompt 66 tokens, none cached, 66 new in 0.08
                       s · first token 0.09 s, total 3.22 s · draft 150/212
                       accepted (71%) · max_tokens reached
22:08:19.574 INFO:     #279 chat/completions (stream): 82 prompt tokens ·
                       temperature: 0, greedy (req), max_tokens: 256 (req),
                       min_tokens: 256 (req)
22:08:19.707 INFO:     #269 chat/completions (stream): 256 tokens generated at
                       69.1 T/s · prompt 94 tokens, none cached, 94 new in 0.09
                       s · first token 0.10 s, total 3.80 s · draft 141/230
                       accepted (61%) · max_tokens reached
22:08:19.749 INFO:     #272 chat/completions (stream): 256 tokens generated at
                       80.2 T/s · prompt 108 tokens, none cached, 108 new in
                       0.10 s · first token 0.11 s, total 3.30 s · draft 151/210
                       accepted (72%) · max_tokens reached
22:08:19.769 INFO:     #280 chat/completions (stream): 64 prompt tokens ·
                       temperature: 0, greedy (req), max_tokens: 256 (req),
                       min_tokens: 256 (req)
22:08:19.890 INFO:     #281 chat/completions (stream): 117 prompt tokens ·
                       temperature: 0, greedy (req), max_tokens: 256 (req),
                       min_tokens: 256 (req)
22:08:21.298 INFO:     #274 chat/completions (stream): 256 tokens generated at
                       83.0 T/s · prompt 93 tokens, none cached, 93 new in 0.09
                       s · first token 0.10 s, total 3.18 s · draft 161/190
                       accepted (85%) · max_tokens reached
22:08:21.372 INFO:     #282 chat/completions (stream): 1,307 prompt tokens ·
                       temperature: 0, greedy (req), max_tokens: 256 (req),
                       min_tokens: 256 (req)
22:08:22.073 INFO:     #275 chat/completions (stream): 256 tokens generated at
                       74.8 T/s · prompt 86 tokens, none cached, 86 new in 0.09
                       s · first token 0.10 s, total 3.52 s · draft 155/202
                       accepted (77%) · max_tokens reached
22:08:22.143 INFO:     #283 chat/completions (stream): 93 prompt tokens ·
                       temperature: 0, greedy (req), max_tokens: 256 (req),
                       min_tokens: 256 (req)
22:08:22.727 INFO:     #281 chat/completions (stream): 256 tokens generated at
                       96.5 T/s · prompt 117 tokens, none cached, 117 new in
                       0.10 s · first token 0.11 s, total 2.76 s · draft 162/188
                       accepted (86%) · max_tokens reached
22:08:22.745 INFO:     #276 chat/completions (stream): 256 tokens generated at
                       68.1 T/s · prompt 87 tokens, none cached, 87 new in 0.09
                       s · first token 0.10 s, total 3.86 s · draft 141/230
                       accepted (61%) · max_tokens reached
22:08:22.746 INFO:     #278 chat/completions (stream): 256 tokens generated at
                       80.9 T/s · prompt 849 tokens, none cached, 849 new in
                       0.29 s (2,928 T/s) · first token 0.30 s, total 3.46 s ·
                       draft 151/210 accepted (72%) · max_tokens reached
22:08:22.747 INFO:     #279 chat/completions (stream): 256 tokens generated at
                       85.1 T/s · prompt 82 tokens, none cached, 82 new in 0.08
                       s · first token 0.09 s, total 3.09 s · draft 154/204
                       accepted (75%) · max_tokens reached
22:08:22.785 INFO:     #284 chat/completions (stream): 108 prompt tokens ·
                       temperature: 0, greedy (req), max_tokens: 256 (req),
                       min_tokens: 256 (req)
22:08:22.786 INFO:     #277 chat/completions (stream): 256 tokens generated at
                       70.7 T/s · prompt 91 tokens, none cached, 91 new in 0.09
                       s · first token 0.10 s, total 3.71 s · draft 143/228
                       accepted (63%) · max_tokens reached
22:08:22.909 INFO:     #285 chat/completions (stream): 752 prompt tokens ·
                       temperature: 0, greedy (req), max_tokens: 256 (req),
                       min_tokens: 256 (req)
22:08:22.910 INFO:     #286 chat/completions (stream): 97 prompt tokens ·
                       temperature: 0, greedy (req), max_tokens: 256 (req),
                       min_tokens: 256 (req)
22:08:22.912 INFO:     #287 chat/completions (stream): 772 prompt tokens ·
                       temperature: 0, greedy (req), max_tokens: 256 (req),
                       min_tokens: 256 (req)
22:08:23.549 INFO:     #288 chat/completions (stream): 84 prompt tokens ·
                       temperature: 0, greedy (req), max_tokens: 256 (req),
                       min_tokens: 256 (req)
22:08:23.770 INFO:     #280 chat/completions (stream): 256 tokens generated at
                       66.8 T/s · prompt 64 tokens, none cached, 64 new in 0.07
                       s · first token 0.08 s, total 3.91 s · draft 148/223
                       accepted (66%) · max_tokens reached
22:08:23.836 INFO:     #289 chat/completions (stream): 76 prompt tokens ·
                       temperature: 0, greedy (req), max_tokens: 256 (req),
                       min_tokens: 256 (req)
22:08:25.276 INFO:     #282 chat/completions (stream): 256 tokens generated at
                       73.4 T/s · prompt 1,307 tokens, none cached, 1,307 new in
                       0.32 s (4,084 T/s) · first token 0.33 s, total 3.82 s ·
                       draft 149/221 accepted (67%) · max_tokens reached
22:08:25.345 INFO:     #290 chat/completions (stream): 881 prompt tokens ·
                       temperature: 0, greedy (req), max_tokens: 256 (req),
                       min_tokens: 256 (req)
22:08:26.094 INFO:     #283 chat/completions (stream): 256 tokens generated at
                       68.0 T/s · prompt 93 tokens, none cached, 93 new in 0.09
                       s · first token 0.10 s, total 3.86 s · draft 146/227
                       accepted (64%) · max_tokens reached
22:08:26.164 INFO:     #291 chat/completions (stream): 78 prompt tokens ·
                       temperature: 0, greedy (req), max_tokens: 256 (req),
                       min_tokens: 256 (req)
22:08:26.456 INFO:     #286 chat/completions (stream): 256 tokens generated at
                       85.7 T/s · prompt 97 tokens, none cached, 97 new in 0.30
                       s · queued 0.17 s, first token 0.47 s, total 3.45 s ·
                       draft 160/192 accepted (83%) · max_tokens reached
22:08:26.501 INFO:     #287 chat/completions (stream): 256 tokens generated at
                       88.7 T/s · prompt 772 tokens, none cached, 772 new in
                       0.36 s (2,144 T/s) · queued 0.25 s, first token 0.61 s,
                       total 3.50 s · draft 159/194 accepted (82%) · max_tokens
                       reached
22:08:26.521 INFO:     #292 chat/completions (stream): 681 prompt tokens ·
                       temperature: 0, greedy (req), max_tokens: 256 (req),
                       min_tokens: 256 (req)
22:08:26.817 INFO:     #293 chat/completions (stream): 947 prompt tokens ·
                       temperature: 0, greedy (req), max_tokens: 256 (req),
                       min_tokens: 256 (req)
22:08:27.037 INFO:     #284 chat/completions (stream): 256 tokens generated at
                       70.9 T/s · prompt 108 tokens, none cached, 108 new in
                       0.10 s · first token 0.11 s, total 3.72 s · draft 153/207
                       accepted (74%) · max_tokens reached
22:08:27.208 INFO:     #294 chat/completions (stream): 98 prompt tokens ·
                       temperature: 0, greedy (req), max_tokens: 256 (req),
                       min_tokens: 256 (req)
22:08:27.486 INFO:     #285 chat/completions (stream): 256 tokens generated at
                       66.1 T/s · prompt 752 tokens, none cached, 752 new in
                       0.60 s (1,253 T/s) · first token 0.62 s, total 4.49 s ·
                       draft 144/224 accepted (64%) · max_tokens reached
22:08:27.487 INFO:     #289 chat/completions (stream): 256 tokens generated at
                       73.5 T/s · prompt 76 tokens, none cached, 76 new in 0.08
                       s · first token 0.09 s, total 3.57 s · draft 154/204
                       accepted (75%) · max_tokens reached
22:08:27.551 INFO:     #295 chat/completions (stream): 96 prompt tokens ·
                       temperature: 0, greedy (req), max_tokens: 256 (req),
                       min_tokens: 256 (req)
22:08:27.552 INFO:     #296 chat/completions (stream): 191 prompt tokens ·
                       temperature: 0, greedy (req), max_tokens: 256 (req),
                       min_tokens: 256 (req)
22:08:27.816 INFO:     #288 chat/completions (stream): 256 tokens generated at
                       65.8 T/s · prompt 84 tokens, none cached, 84 new in 0.08
                       s · first token 0.09 s, total 3.98 s · draft 139/234
                       accepted (59%) · max_tokens reached
22:08:27.886 INFO:     #297 chat/completions (stream): 166 prompt tokens ·
                       temperature: 0, greedy (req), max_tokens: 256 (req),
                       min_tokens: 256 (req)
22:08:29.306 INFO:     #290 chat/completions (stream): 256 tokens generated at
                       72.3 T/s · prompt 881 tokens, none cached, 881 new in
                       0.32 s (2,753 T/s) · first token 0.33 s, total 3.87 s ·
                       draft 152/208 accepted (73%) · max_tokens reached
22:08:29.377 INFO:     #298 chat/completions (stream): 85 prompt tokens ·
                       temperature: 0, greedy (req), max_tokens: 256 (req),
                       min_tokens: 256 (req)
22:08:29.903 INFO:     #291 chat/completions (stream): 256 tokens generated at
                       72.3 T/s · prompt 78 tokens, none cached, 78 new in 0.10
                       s · first token 0.11 s, total 3.65 s · draft 152/208
                       accepted (73%) · max_tokens reached
22:08:29.974 INFO:     #299 chat/completions (stream): 62 prompt tokens ·
                       temperature: 0, greedy (req), max_tokens: 256 (req),
                       min_tokens: 256 (req)
22:08:30.278 INFO:     #292 chat/completions (stream): 256 tokens generated at
                       75.8 T/s · prompt 681 tokens, none cached, 681 new in
                       0.26 s (2,619 T/s) · first token 0.27 s, total 3.64 s ·
                       draft 152/208 accepted (73%) · max_tokens reached
22:08:30.323 INFO:     #293 chat/completions (stream): 256 tokens generated at
                       82.6 T/s · prompt 947 tokens, none cached, 947 new in
                       0.31 s (3,055 T/s) · first token 0.32 s, total 3.41 s ·
                       draft 152/208 accepted (73%) · max_tokens reached
22:08:30.345 INFO:     #300 chat/completions (stream): 775 prompt tokens ·
                       temperature: 0, greedy (req), max_tokens: 256 (req),
                       min_tokens: 256 (req)
22:08:30.594 INFO:     #301 chat/completions (stream): 63 prompt tokens ·
                       temperature: 0, greedy (req), max_tokens: 256 (req),
                       min_tokens: 256 (req)
22:08:30.882 INFO:     #294 chat/completions (stream): 256 tokens generated at
                       73.5 T/s · prompt 98 tokens, none cached, 98 new in 0.09
                       s · first token 0.10 s, total 3.58 s · draft 143/226
                       accepted (63%) · max_tokens reached
22:08:30.945 INFO:     #302 chat/completions (stream): 97 prompt tokens ·
                       temperature: 0, greedy (req), max_tokens: 256 (req),
                       min_tokens: 256 (req)
22:08:31.064 INFO:     #297 chat/completions (stream): 256 tokens generated at
                       88.5 T/s · prompt 166 tokens, none cached, 166 new in
                       0.09 s · first token 0.10 s, total 2.99 s · draft 156/200
                       accepted (78%) · max_tokens reached
22:08:31.129 INFO:     #303 chat/completions (stream): 65 prompt tokens ·
                       temperature: 0, greedy (req), max_tokens: 256 (req),
                       min_tokens: 256 (req)
22:08:31.250 INFO:     #295 chat/completions (stream): 256 tokens generated at
                       76.8 T/s · prompt 96 tokens, none cached, 96 new in 0.19
                       s · first token 0.20 s, total 3.53 s · draft 145/222
                       accepted (65%) · max_tokens reached
22:08:31.317 INFO:     #304 chat/completions (stream): 61 prompt tokens ·
                       temperature: 0, greedy (req), max_tokens: 256 (req),
                       min_tokens: 256 (req)
22:08:31.458 INFO:     #296 chat/completions (stream): 256 tokens generated at
                       72.2 T/s · prompt 191 tokens, none cached, 191 new in
                       0.10 s · queued 0.10 s, first token 0.20 s, total 3.74 s
                       · draft 139/234 accepted (59%) · max_tokens reached
22:08:31.529 INFO:     #305 chat/completions (stream): 797 prompt tokens ·
                       temperature: 0, greedy (req), max_tokens: 256 (req),
                       min_tokens: 256 (req)
22:08:32.842 INFO:     #298 chat/completions (stream): 256 tokens generated at
                       78.1 T/s · prompt 85 tokens, none cached, 85 new in 0.09
                       s · first token 0.10 s, total 3.37 s · draft 153/206
                       accepted (74%) · max_tokens reached
22:08:32.913 INFO:     #307 chat/completions (stream): 822 prompt tokens ·
                       temperature: 0, greedy (req), max_tokens: 256 (req),
                       min_tokens: 256 (req)
22:08:33.491 INFO:     #299 chat/completions (stream): 256 tokens generated at
                       76.4 T/s · prompt 62 tokens, none cached, 62 new in 0.07
                       s · first token 0.08 s, total 3.43 s · draft 158/196
                       accepted (81%) · max_tokens reached
22:08:33.560 INFO:     #308 chat/completions (stream): 63 prompt tokens ·
                       temperature: 0, greedy (req), max_tokens: 256 (req),
                       min_tokens: 256 (req)
22:08:33.999 INFO:     #300 chat/completions (stream): 256 tokens generated at
                       76.8 T/s · prompt 775 tokens, none cached, 775 new in
                       0.22 s (3,523 T/s) · first token 0.23 s, total 3.56 s ·
                       draft 153/206 accepted (74%) · max_tokens reached
22:08:34.073 INFO:     #309 chat/completions (stream): 94 prompt tokens ·
                       temperature: 0, greedy (req), max_tokens: 256 (req),
                       min_tokens: 256 (req)
22:08:34.316 INFO:     #301 chat/completions (stream): 256 tokens generated at
                       71.9 T/s · prompt 63 tokens, none cached, 63 new in 0.07
                       s · first token 0.08 s, total 3.64 s · draft 145/222
                       accepted (65%) · max_tokens reached
22:08:34.375 INFO:     #310 chat/completions (stream): 104 prompt tokens ·
                       temperature: 0, greedy (req), max_tokens: 256 (req),
                       min_tokens: 256 (req)
22:08:34.375 INFO:     #302 chat/completions (stream): 256 tokens generated at
                       78.7 T/s · prompt 97 tokens, none cached, 97 new in 0.09
                       s · first token 0.10 s, total 3.35 s · draft 154/204
                       accepted (75%) · max_tokens reached
22:08:34.376 INFO:     #303 chat/completions (stream): 256 tokens generated at
                       82.8 T/s · prompt 65 tokens, none cached, 65 new in 0.07
                       s · first token 0.08 s, total 3.17 s · draft 158/196
                       accepted (81%) · max_tokens reached
22:08:34.543 INFO:     #311 chat/completions (stream): 470 prompt tokens ·
                       temperature: 0, greedy (req), max_tokens: 256 (req),
                       min_tokens: 256 (req)
22:08:34.545 INFO:     #312 chat/completions (stream): 957 prompt tokens ·
                       temperature: 0, greedy (req), max_tokens: 256 (req),
                       min_tokens: 256 (req)
22:08:35.248 INFO:     #305 chat/completions (stream): 256 tokens generated at
                       75.3 T/s · prompt 797 tokens, none cached, 797 new in
                       0.23 s (3,465 T/s) · first token 0.24 s, total 3.63 s ·
                       draft 159/194 accepted (82%) · max_tokens reached
22:08:35.313 INFO:     #313 chat/completions (stream): 90 prompt tokens ·
                       temperature: 0, greedy (req), max_tokens: 256 (req),
                       min_tokens: 256 (req)
22:08:35.518 INFO:     #304 chat/completions (stream): 256 tokens generated at
                       63.5 T/s · prompt 61 tokens, none cached, 61 new in 0.07
                       s · first token 0.08 s, total 4.11 s · draft 144/224
                       accepted (64%) · max_tokens reached
22:08:35.585 INFO:     #314 chat/completions (stream): 72 prompt tokens ·
                       temperature: 0, greedy (req), max_tokens: 256 (req),
                       min_tokens: 256 (req)
22:08:36.955 INFO:     #307 chat/completions (stream): 256 tokens generated at
                       70.2 T/s · prompt 822 tokens, none cached, 822 new in
                       0.29 s (2,834 T/s) · first token 0.30 s, total 3.95 s ·
                       draft 143/226 accepted (63%) · max_tokens reached
22:08:37.027 INFO:     #315 chat/completions (stream): 748 prompt tokens ·
                       temperature: 0, greedy (req), max_tokens: 256 (req),
                       min_tokens: 256 (req)
22:08:37.406 INFO:     #308 chat/completions (stream): 256 tokens generated at
                       75.6 T/s · prompt 63 tokens, none cached, 63 new in 0.07
                       s · first token 0.08 s, total 3.46 s · draft 151/210
                       accepted (72%) · max_tokens reached
22:08:37.473 INFO:     #316 chat/completions (stream): 135 prompt tokens ·
                       temperature: 0, greedy (req), max_tokens: 256 (req),
                       min_tokens: 256 (req)
22:08:37.633 INFO:     #309 chat/completions (stream): 256 tokens generated at
                       78.5 T/s · prompt 94 tokens, none cached, 94 new in 0.09
                       s · first token 0.10 s, total 3.36 s · draft 164/184
                       accepted (89%) · max_tokens reached
22:08:37.704 INFO:     #317 chat/completions (stream): 109 prompt tokens ·
                       temperature: 0, greedy (req), max_tokens: 256 (req),
                       min_tokens: 256 (req)
22:08:38.208 INFO:     #310 chat/completions (stream): 256 tokens generated at
                       70.4 T/s · prompt 104 tokens, none cached, 104 new in
                       0.09 s · first token 0.10 s, total 3.73 s · draft 153/206
                       accepted (74%) · max_tokens reached
22:08:38.256 INFO:     #311 chat/completions (stream): 256 tokens generated at
                       83.5 T/s · prompt 470 tokens, none cached, 470 new in
                       0.53 s (887 T/s) · first token 0.54 s, total 3.61 s ·
                       draft 155/202 accepted (77%) · max_tokens reached
22:08:38.278 INFO:     #318 chat/completions (stream): 748 prompt tokens ·
                       temperature: 0, greedy (req), max_tokens: 256 (req),
                       min_tokens: 256 (req)
22:08:38.593 INFO:     #319 chat/completions (stream): 1,170 prompt tokens ·
                       temperature: 0, greedy (req), max_tokens: 256 (req),
                       min_tokens: 256 (req)
22:08:39.017 INFO:     #312 chat/completions (stream): 256 tokens generated at
                       68.2 T/s · prompt 957 tokens, none cached, 957 new in
                       0.41 s (2,334 T/s) · queued 0.13 s, first token 0.54 s,
                       total 4.30 s · draft 147/218 accepted (67%) · max_tokens
                       reached
22:08:39.039 INFO:     #313 chat/completions (stream): 256 tokens generated at
                       72.1 T/s · prompt 90 tokens, none cached, 90 new in 0.09
                       s · first token 0.10 s, total 3.65 s · draft 156/200
                       accepted (78%) · max_tokens reached
22:08:39.076 INFO:     #320 chat/completions (stream): 832 prompt tokens ·
                       temperature: 0, greedy (req), max_tokens: 256 (req),
                       min_tokens: 256 (req)
22:08:39.286 INFO:     #321 chat/completions (stream): 64 prompt tokens ·
                       temperature: 0, greedy (req), max_tokens: 256 (req),
                       min_tokens: 256 (req)
22:08:39.287 INFO:     #314 chat/completions (stream): 256 tokens generated at
                       76.5 T/s · prompt 72 tokens, none cached, 72 new in 0.08
                       s · first token 0.09 s, total 3.43 s · draft 161/190
                       accepted (85%) · max_tokens reached
22:08:39.505 INFO:     #322 chat/completions (stream): 103 prompt tokens ·
                       temperature: 0, greedy (req), max_tokens: 256 (req),
                       min_tokens: 256 (req)
22:08:40.936 INFO:     #316 chat/completions (stream): 256 tokens generated at
                       78.6 T/s · prompt 135 tokens, none cached, 135 new in
                       0.11 s · first token 0.12 s, total 3.37 s · draft 166/180
                       accepted (92%) · max_tokens reached
22:08:41.006 INFO:     #323 chat/completions (stream): 101 prompt tokens ·
                       temperature: 0, greedy (req), max_tokens: 256 (req),
                       min_tokens: 256 (req)
22:08:41.172 INFO:     #315 chat/completions (stream): 256 tokens generated at
                       70.2 T/s · prompt 748 tokens, none cached, 748 new in
                       0.30 s (2,493 T/s) · first token 0.31 s, total 3.95 s ·
                       draft 154/204 accepted (75%) · max_tokens reached
22:08:41.229 INFO:     #317 chat/completions (stream): 256 tokens generated at
                       77.0 T/s · prompt 109 tokens, none cached, 109 new in
                       0.09 s · first token 0.10 s, total 3.42 s · draft 163/186
                       accepted (88%) · max_tokens reached
22:08:41.250 INFO:     #324 chat/completions (stream): 63 prompt tokens ·
                       temperature: 0, greedy (req), max_tokens: 256 (req),
                       min_tokens: 256 (req)
22:08:41.371 INFO:     #325 chat/completions (stream): 63 prompt tokens ·
                       temperature: 0, greedy (req), max_tokens: 256 (req),
                       min_tokens: 256 (req)
22:08:42.027 INFO:     #318 chat/completions (stream): 256 tokens generated at
                       76.0 T/s · prompt 748 tokens, none cached, 748 new in
                       0.28 s (2,671 T/s) · first token 0.29 s, total 3.65 s ·
                       draft 157/198 accepted (79%) · max_tokens reached
22:08:42.095 INFO:     #326 chat/completions (stream): 155 prompt tokens ·
                       temperature: 0, greedy (req), max_tokens: 256 (req),
                       min_tokens: 256 (req)
22:08:42.241 INFO:     #320 chat/completions (stream): 256 tokens generated at
                       98.1 T/s · prompt 832 tokens, none cached, 832 new in
                       0.36 s (2,311 T/s) · first token 0.37 s, total 2.97 s ·
                       draft 162/188 accepted (86%) · max_tokens reached
22:08:42.312 INFO:     #327 chat/completions (stream): 71 prompt tokens ·
                       temperature: 0, greedy (req), max_tokens: 256 (req),
                       min_tokens: 256 (req)
22:08:42.485 INFO:     #319 chat/completions (stream): 256 tokens generated at
                       75.9 T/s · prompt 1,170 tokens, none cached, 1,170 new in
                       0.34 s (3,441 T/s) · first token 0.35 s, total 3.72 s ·
                       draft 147/218 accepted (67%) · max_tokens reached
22:08:42.556 INFO:     #328 chat/completions (stream): 102 prompt tokens ·
                       temperature: 0, greedy (req), max_tokens: 256 (req),
                       min_tokens: 256 (req)
22:08:42.745 INFO:     #322 chat/completions (stream): 256 tokens generated at
                       86.8 T/s · prompt 103 tokens, none cached, 103 new in
                       0.09 s · first token 0.10 s, total 3.04 s · draft 151/210
                       accepted (72%) · max_tokens reached
22:08:42.811 INFO:     #329 chat/completions (stream): 91 prompt tokens ·
                       temperature: 0, greedy (req), max_tokens: 256 (req),
                       min_tokens: 256 (req)
22:08:42.974 INFO:     #321 chat/completions (stream): 256 tokens generated at
                       76.5 T/s · prompt 64 tokens, none cached, 64 new in 0.07
                       s · first token 0.15 s, total 3.50 s · draft 142/228
                       accepted (62%) · max_tokens reached
22:08:43.048 INFO:     #330 chat/completions (stream): 788 prompt tokens ·
                       temperature: 0, greedy (req), max_tokens: 256 (req),
                       min_tokens: 256 (req)
22:08:44.540 INFO:     #323 chat/completions (stream): 256 tokens generated at
                       76.5 T/s · prompt 101 tokens, none cached, 101 new in
                       0.09 s · first token 0.10 s, total 3.44 s · draft 148/216
                       accepted (69%) · max_tokens reached
22:08:44.561 INFO:     #324 chat/completions (stream): 256 tokens generated at
                       81.2 T/s · prompt 63 tokens, none cached, 63 new in 0.07
                       s · first token 0.08 s, total 3.23 s · draft 153/206
                       accepted (74%) · max_tokens reached
22:08:44.580 INFO:     #325 chat/completions (stream): 256 tokens generated at
                       83.8 T/s · prompt 63 tokens, none cached, 63 new in 0.07
                       s · first token 0.08 s, total 3.13 s · draft 154/204
                       accepted (75%) · max_tokens reached
22:08:44.601 INFO:     #331 chat/completions (stream): 809 prompt tokens ·
                       temperature: 0, greedy (req), max_tokens: 256 (req),
                       min_tokens: 256 (req)
22:08:44.817 INFO:     #332 chat/completions (stream): 106 prompt tokens ·
                       temperature: 0, greedy (req), max_tokens: 256 (req),
                       min_tokens: 256 (req)
22:08:45.004 INFO:     #333 chat/completions (stream): 87 prompt tokens ·
                       temperature: 0, greedy (req), max_tokens: 256 (req),
                       min_tokens: 256 (req)
22:08:45.717 INFO:     #326 chat/completions (stream): 256 tokens generated at
                       74.7 T/s · prompt 155 tokens, none cached, 155 new in
                       0.09 s · first token 0.10 s, total 3.52 s · draft 153/206
                       accepted (74%) · max_tokens reached
22:08:45.787 INFO:     #334 chat/completions (stream): 95 prompt tokens ·
                       temperature: 0, greedy (req), max_tokens: 256 (req),
                       min_tokens: 256 (req)
22:08:46.256 INFO:     #327 chat/completions (stream): 256 tokens generated at
                       68.3 T/s · prompt 71 tokens, none cached, 71 new in 0.08
                       s · first token 0.09 s, total 3.83 s · draft 140/232
                       accepted (60%) · max_tokens reached
22:08:46.320 INFO:     #335 chat/completions (stream): 133 prompt tokens ·
                       temperature: 0, greedy (req), max_tokens: 256 (req),
                       min_tokens: 256 (req)
22:08:46.321 INFO:     #329 chat/completions (stream): 256 tokens generated at
                       76.9 T/s · prompt 91 tokens, none cached, 91 new in 0.09
                       s · first token 0.10 s, total 3.43 s · draft 151/210
                       accepted (72%) · max_tokens reached
22:08:46.503 INFO:     #336 chat/completions (stream): 125 prompt tokens ·
                       temperature: 0, greedy (req), max_tokens: 256 (req),
                       min_tokens: 256 (req)
22:08:46.678 INFO:     #330 chat/completions (stream): 256 tokens generated at
                       80.5 T/s · prompt 788 tokens, none cached, 788 new in
                       0.24 s (3,283 T/s) · first token 0.25 s, total 3.43 s ·
                       draft 152/208 accepted (73%) · max_tokens reached
22:08:46.745 INFO:     #337 chat/completions (stream): 92 prompt tokens ·
                       temperature: 0, greedy (req), max_tokens: 256 (req),
                       min_tokens: 256 (req)
22:08:46.883 INFO:     #328 chat/completions (stream): 256 tokens generated at
                       63.3 T/s · prompt 102 tokens, none cached, 102 new in
                       0.09 s · first token 0.10 s, total 4.14 s · draft 133/246
                       accepted (54%) · max_tokens reached
22:08:46.952 INFO:     #338 chat/completions (stream): 143 prompt tokens ·
                       temperature: 0, greedy (req), max_tokens: 256 (req),
                       min_tokens: 256 (req)
22:08:47.893 INFO:     #332 chat/completions (stream): 256 tokens generated at
                       90.5 T/s · prompt 106 tokens, none cached, 106 new in
                       0.10 s · first token 0.17 s, total 3.00 s · draft 164/184
                       accepted (89%) · max_tokens reached
22:08:47.894 INFO:     #333 chat/completions (stream): 256 tokens generated at
                       94.3 T/s · prompt 87 tokens, none cached, 87 new in 0.09
                       s · first token 0.10 s, total 2.81 s · draft 165/182
                       accepted (91%) · max_tokens reached
22:08:47.960 INFO:     #340 chat/completions (stream): 832 prompt tokens ·
                       temperature: 0, greedy (req), max_tokens: 256 (req),
                       min_tokens: 256 (req)
22:08:47.962 INFO:     #341 chat/completions (stream): 91 prompt tokens ·
                       temperature: 0, greedy (req), max_tokens: 256 (req),
                       min_tokens: 256 (req)
22:08:48.838 INFO:     #331 chat/completions (stream): 256 tokens generated at
                       68.0 T/s · prompt 809 tokens, none cached, 809 new in
                       0.37 s (2,186 T/s) · first token 0.38 s, total 4.14 s ·
                       draft 142/228 accepted (62%) · max_tokens reached
22:08:48.908 INFO:     #342 chat/completions (stream): 62 prompt tokens ·
                       temperature: 0, greedy (req), max_tokens: 256 (req),
                       min_tokens: 256 (req)
22:08:49.613 INFO:     #334 chat/completions (stream): 256 tokens generated at
                       70.2 T/s · prompt 95 tokens, none cached, 95 new in 0.09
                       s · first token 0.10 s, total 3.74 s · draft 142/228
                       accepted (62%) · max_tokens reached
22:08:49.678 INFO:     #343 chat/completions (stream): 62 prompt tokens ·
                       temperature: 0, greedy (req), max_tokens: 256 (req),
                       min_tokens: 256 (req)
22:08:49.679 INFO:     #336 chat/completions (stream): 256 tokens generated at
                       85.9 T/s · prompt 125 tokens, none cached, 125 new in
                       0.10 s · first token 0.11 s, total 3.09 s · draft 160/192
                       accepted (83%) · max_tokens reached
22:08:49.809 INFO:     #344 chat/completions (stream): 71 prompt tokens ·
                       temperature: 0, greedy (req), max_tokens: 256 (req),
                       min_tokens: 256 (req)
22:08:49.912 INFO:     #335 chat/completions (stream): 256 tokens generated at
                       79.0 T/s · prompt 133 tokens, none cached, 133 new in
                       0.11 s · first token 0.12 s, total 3.36 s · draft 153/206
                       accepted (74%) · max_tokens reached
22:08:49.912 INFO:     #337 chat/completions (stream): 256 tokens generated at
                       90.2 T/s · prompt 92 tokens, none cached, 92 new in 0.09
                       s · first token 0.10 s, total 2.93 s · draft 162/188
                       accepted (86%) · max_tokens reached
22:08:49.976 INFO:     #345 chat/completions (stream): 93 prompt tokens ·
                       temperature: 0, greedy (req), max_tokens: 256 (req),
                       min_tokens: 256 (req)
22:08:49.977 INFO:     #346 chat/completions (stream): 74 prompt tokens ·
                       temperature: 0, greedy (req), max_tokens: 256 (req),
                       min_tokens: 256 (req)
22:08:50.785 INFO:     #338 chat/completions (stream): 256 tokens generated at
                       70.5 T/s · prompt 143 tokens, none cached, 143 new in
                       0.11 s · first token 0.12 s, total 3.75 s · draft 138/236
                       accepted (58%) · max_tokens reached
22:08:50.856 INFO:     #347 chat/completions (stream): 892 prompt tokens ·
                       temperature: 0, greedy (req), max_tokens: 256 (req),
                       min_tokens: 256 (req)
22:08:51.450 INFO:     #341 chat/completions (stream): 256 tokens generated at
                       82.4 T/s · prompt 91 tokens, none cached, 91 new in 0.09
                       s · queued 0.20 s, first token 0.29 s, total 3.40 s ·
                       draft 161/190 accepted (85%) · max_tokens reached
22:08:51.522 INFO:     #348 chat/completions (stream): 726 prompt tokens ·
                       temperature: 0, greedy (req), max_tokens: 256 (req),
                       min_tokens: 256 (req)
22:08:52.151 INFO:     #340 chat/completions (stream): 256 tokens generated at
                       70.0 T/s · prompt 832 tokens, none cached, 832 new in
                       0.43 s (1,935 T/s) · first token 0.44 s, total 4.10 s ·
                       draft 143/226 accepted (63%) · max_tokens reached
22:08:52.235 INFO:     #349 chat/completions (stream): 433 prompt tokens ·
                       temperature: 0, greedy (req), max_tokens: 256 (req),
                       min_tokens: 256 (req)
22:08:53.061 INFO:     #342 chat/completions (stream): 256 tokens generated at
                       64.3 T/s · prompt 62 tokens, none cached, 62 new in 0.07
                       s · first token 0.08 s, total 4.06 s · draft 136/240
                       accepted (57%) · max_tokens reached
22:08:53.127 INFO:     #350 chat/completions (stream): 116 prompt tokens ·
                       temperature: 0, greedy (req), max_tokens: 256 (req),
                       min_tokens: 256 (req)
22:08:53.276 INFO:     #345 chat/completions (stream): 256 tokens generated at
                       87.4 T/s · prompt 93 tokens, none cached, 93 new in 0.17
                       s · first token 0.18 s, total 3.11 s · draft 167/178
                       accepted (94%) · max_tokens reached
22:08:53.345 INFO:     #351 chat/completions (stream): 81 prompt tokens ·
                       temperature: 0, greedy (req), max_tokens: 256 (req),
                       min_tokens: 256 (req)
22:08:53.620 INFO:     #344 chat/completions (stream): 256 tokens generated at
                       70.4 T/s · prompt 71 tokens, none cached, 71 new in 0.08
                       s · first token 0.09 s, total 3.72 s · draft 152/208
                       accepted (73%) · max_tokens reached
22:08:53.691 INFO:     #352 chat/completions (stream): 634 prompt tokens ·
                       temperature: 0, greedy (req), max_tokens: 256 (req),
                       min_tokens: 256 (req)
22:08:54.009 INFO:     #343 chat/completions (stream): 256 tokens generated at
                       65.4 T/s · prompt 62 tokens, none cached, 62 new in 0.07
                       s · first token 0.08 s, total 3.99 s · draft 143/226
                       accepted (63%) · max_tokens reached
22:08:54.077 INFO:     #353 chat/completions (stream): 71 prompt tokens ·
                       temperature: 0, greedy (req), max_tokens: 256 (req),
                       min_tokens: 256 (req)
22:08:54.320 INFO:     #346 chat/completions (stream): 256 tokens generated at
                       62.8 T/s · prompt 74 tokens, none cached, 74 new in 0.08
                       s · queued 0.10 s, first token 0.18 s, total 4.26 s ·
                       draft 140/232 accepted (60%) · max_tokens reached
22:08:54.389 INFO:     #354 chat/completions (stream): 100 prompt tokens ·
                       temperature: 0, greedy (req), max_tokens: 256 (req),
                       min_tokens: 256 (req)
22:08:54.699 INFO:     #347 chat/completions (stream): 256 tokens generated at
                       74.6 T/s · prompt 892 tokens, none cached, 892 new in
                       0.31 s (2,877 T/s) · first token 0.32 s, total 3.75 s ·
                       draft 158/196 accepted (81%) · max_tokens reached
22:08:54.769 INFO:     #355 chat/completions (stream): 96 prompt tokens ·
                       temperature: 0, greedy (req), max_tokens: 256 (req),
                       min_tokens: 256 (req)
22:08:55.471 INFO:     #348 chat/completions (stream): 256 tokens generated at
                       71.7 T/s · prompt 726 tokens, none cached, 726 new in
                       0.28 s (2,593 T/s) · first token 0.29 s, total 3.86 s ·
                       draft 145/222 accepted (65%) · max_tokens reached
22:08:55.540 INFO:     #356 chat/completions (stream): 93 prompt tokens ·
                       temperature: 0, greedy (req), max_tokens: 256 (req),
                       min_tokens: 256 (req)
22:08:55.984 INFO:     #349 chat/completions (stream): 256 tokens generated at
                       75.2 T/s · prompt 433 tokens, none cached, 433 new in
                       0.25 s (1,732 T/s) · first token 0.26 s, total 3.66 s ·
                       draft 146/220 accepted (66%) · max_tokens reached
22:08:56.053 INFO:     #357 chat/completions (stream): 804 prompt tokens ·
                       temperature: 0, greedy (req), max_tokens: 256 (req),
                       min_tokens: 256 (req)
22:08:56.540 INFO:     #350 chat/completions (stream): 256 tokens generated at
                       79.6 T/s · prompt 116 tokens, none cached, 116 new in
                       0.10 s · first token 0.11 s, total 3.32 s · draft 160/192
                       accepted (83%) · max_tokens reached
22:08:56.612 INFO:     #358 chat/completions (stream): 745 prompt tokens ·
                       temperature: 0, greedy (req), max_tokens: 256 (req),
                       min_tokens: 256 (req)
22:08:57.092 INFO:     #351 chat/completions (stream): 256 tokens generated at
                       71.7 T/s · prompt 81 tokens, none cached, 81 new in 0.08
                       s · first token 0.09 s, total 3.66 s · draft 153/206
                       accepted (74%) · max_tokens reached
22:08:57.162 INFO:     #359 chat/completions (stream): 740 prompt tokens ·
                       temperature: 0, greedy (req), max_tokens: 256 (req),
                       min_tokens: 256 (req)
22:08:57.743 INFO:     #352 chat/completions (stream): 256 tokens generated at
                       69.3 T/s · prompt 634 tokens, none cached, 634 new in
                       0.27 s (2,348 T/s) · first token 0.28 s, total 3.97 s ·
                       draft 149/214 accepted (70%) · max_tokens reached
22:08:57.762 INFO:     #354 chat/completions (stream): 256 tokens generated at
                       80.2 T/s · prompt 100 tokens, none cached, 100 new in
                       0.09 s · first token 0.10 s, total 3.29 s · draft 163/186
                       accepted (88%) · max_tokens reached
22:08:57.798 INFO:     #360 chat/completions (stream): 93 prompt tokens ·
                       temperature: 0, greedy (req), max_tokens: 256 (req),
                       min_tokens: 256 (req)
22:08:57.912 INFO:     #361 chat/completions (stream): 108 prompt tokens ·
                       temperature: 0, greedy (req), max_tokens: 256 (req),
                       min_tokens: 256 (req)
22:08:57.914 INFO:     #353 chat/completions (stream): 256 tokens generated at
                       71.5 T/s · prompt 71 tokens, none cached, 71 new in 0.08
                       s · first token 0.09 s, total 3.67 s · draft 150/212
                       accepted (71%) · max_tokens reached
22:08:58.078 INFO:     #362 chat/completions (stream): 63 prompt tokens ·
                       temperature: 0, greedy (req), max_tokens: 256 (req),
                       min_tokens: 256 (req)
22:08:58.691 INFO:     #355 chat/completions (stream): 256 tokens generated at
                       68.6 T/s · prompt 96 tokens, none cached, 96 new in 0.09
                       s · first token 0.10 s, total 3.83 s · draft 147/218
                       accepted (67%) · max_tokens reached
22:08:58.764 INFO:     #363 chat/completions (stream): 395 prompt tokens ·
                       temperature: 0, greedy (req), max_tokens: 256 (req),
                       min_tokens: 256 (req)
22:08:59.854 INFO:     #356 chat/completions (stream): 256 tokens generated at
                       62.0 T/s · prompt 93 tokens, none cached, 93 new in 0.09
                       s · first token 0.10 s, total 4.22 s · draft 137/238
                       accepted (58%) · max_tokens reached
22:08:59.927 INFO:     #364 chat/completions (stream): 692 prompt tokens ·
                       temperature: 0, greedy (req), max_tokens: 256 (req),
                       min_tokens: 256 (req)
22:09:00.259 INFO:     #357 chat/completions (stream): 256 tokens generated at
                       71.3 T/s · prompt 804 tokens, none cached, 804 new in
                       0.28 s (2,871 T/s) · first token 0.29 s, total 3.88 s ·
                       draft 149/214 accepted (70%) · max_tokens reached
22:09:00.260 INFO:     #358 chat/completions (stream): 256 tokens generated at
                       84.9 T/s · prompt 745 tokens, none cached, 745 new in
                       0.29 s (2,569 T/s) · first token 0.30 s, total 3.31 s ·
                       draft 162/188 accepted (86%) · max_tokens reached
22:09:00.326 INFO:     #365 chat/completions (stream): 714 prompt tokens ·
                       temperature: 0, greedy (req), max_tokens: 256 (req),
                       min_tokens: 256 (req)
22:09:00.327 INFO:     #366 chat/completions (stream): 79 prompt tokens ·
                       temperature: 0, greedy (req), max_tokens: 256 (req),
                       min_tokens: 256 (req)
22:09:01.203 INFO:     #359 chat/completions (stream): 256 tokens generated at
                       70.6 T/s · prompt 740 tokens, none cached, 740 new in
                       0.31 s (2,387 T/s) · first token 0.32 s, total 3.94 s ·
                       draft 149/214 accepted (70%) · max_tokens reached
22:09:01.270 INFO:     #367 chat/completions (stream): 587 prompt tokens ·
                       temperature: 0, greedy (req), max_tokens: 256 (req),
                       min_tokens: 256 (req)
22:09:01.271 INFO:     #361 chat/completions (stream): 256 tokens generated at
                       81.1 T/s · prompt 108 tokens, none cached, 108 new in
                       0.09 s · first token 0.10 s, total 3.25 s · draft 162/188
                       accepted (86%) · max_tokens reached
22:09:01.578 INFO:     #368 chat/completions (stream): 120 prompt tokens ·
                       temperature: 0, greedy (req), max_tokens: 256 (req),
                       min_tokens: 256 (req)
22:09:01.728 INFO:     #360 chat/completions (stream): 256 tokens generated at
                       71.9 T/s · prompt 93 tokens, none cached, 93 new in 0.09
                       s · first token 0.10 s, total 3.66 s · draft 156/200
                       accepted (78%) · max_tokens reached
22:09:01.796 INFO:     #369 chat/completions (stream): 111 prompt tokens ·
                       temperature: 0, greedy (req), max_tokens: 256 (req),
                       min_tokens: 256 (req)
22:09:02.518 INFO:     #362 chat/completions (stream): 256 tokens generated at
                       59.9 T/s · prompt 63 tokens, none cached, 63 new in 0.07
                       s · first token 0.08 s, total 4.35 s · draft 131/250
                       accepted (52%) · max_tokens reached
22:09:02.562 INFO:     #363 chat/completions (stream): 256 tokens generated at
                       73.8 T/s · prompt 395 tokens, none cached, 395 new in
                       0.24 s (1,646 T/s) · first token 0.25 s, total 3.71 s ·
                       draft 155/202 accepted (77%) · max_tokens reached
22:09:02.585 INFO:     #371 chat/completions (stream): 894 prompt tokens ·
                       temperature: 0, greedy (req), max_tokens: 256 (req),
                       min_tokens: 256 (req)
22:09:02.922 INFO:     #372 chat/completions (stream): 1,157 prompt tokens ·
                       temperature: 0, greedy (req), max_tokens: 256 (req),
                       min_tokens: 256 (req)
22:09:04.229 INFO:     #365 chat/completions (stream): 256 tokens generated at
                       74.3 T/s · prompt 714 tokens, none cached, 714 new in
                       0.35 s (2,040 T/s) · first token 0.36 s, total 3.81 s ·
                       draft 158/196 accepted (81%) · max_tokens reached
22:09:04.299 INFO:     #373 chat/completions (stream): 93 prompt tokens ·
                       temperature: 0, greedy (req), max_tokens: 256 (req),
                       min_tokens: 256 (req)
22:09:04.624 INFO:     #364 chat/completions (stream): 256 tokens generated at
                       58.9 T/s · prompt 692 tokens, none cached, 692 new in
                       0.26 s (2,662 T/s) · first token 0.27 s, total 4.61 s ·
                       draft 138/236 accepted (58%) · max_tokens reached
22:09:04.625 INFO:     #366 chat/completions (stream): 256 tokens generated at
                       64.3 T/s · prompt 79 tokens, none cached, 79 new in 0.08
                       s · queued 0.15 s, first token 0.23 s, total 4.21 s ·
                       draft 144/224 accepted (64%) · max_tokens reached
22:09:04.690 INFO:     #374 chat/completions (stream): 1,540 prompt tokens ·
                       temperature: 0, greedy (req), max_tokens: 256 (req),
                       min_tokens: 256 (req)
22:09:04.691 INFO:     #375 chat/completions (stream): 61 prompt tokens ·
                       temperature: 0, greedy (req), max_tokens: 256 (req),
                       min_tokens: 256 (req)
22:09:05.104 INFO:     #368 chat/completions (stream): 256 tokens generated at
                       86.5 T/s · prompt 120 tokens, none cached, 120 new in
                       0.10 s · first token 0.11 s, total 3.07 s · draft 167/178
                       accepted (94%) · max_tokens reached
22:09:05.172 INFO:     #376 chat/completions (stream): 64 prompt tokens ·
                       temperature: 0, greedy (req), max_tokens: 256 (req),
                       min_tokens: 256 (req)
22:09:05.392 INFO:     #369 chat/completions (stream): 256 tokens generated at
                       75.1 T/s · prompt 111 tokens, none cached, 111 new in
                       0.09 s · first token 0.10 s, total 3.50 s · draft 163/186
                       accepted (88%) · max_tokens reached
22:09:05.459 INFO:     #377 chat/completions (stream): 123 prompt tokens ·
                       temperature: 0, greedy (req), max_tokens: 256 (req),
                       min_tokens: 256 (req)
22:09:05.773 INFO:     #367 chat/completions (stream): 256 tokens generated at
                       61.7 T/s · prompt 587 tokens, none cached, 587 new in
                       0.26 s (2,258 T/s) · first token 0.27 s, total 4.41 s ·
                       draft 144/224 accepted (64%) · max_tokens reached
22:09:05.843 INFO:     #378 chat/completions (stream): 72 prompt tokens ·
                       temperature: 0, greedy (req), max_tokens: 256 (req),
                       min_tokens: 256 (req)
22:09:06.411 INFO:     #371 chat/completions (stream): 256 tokens generated at
                       74.7 T/s · prompt 894 tokens, none cached, 894 new in
                       0.30 s (2,980 T/s) · first token 0.31 s, total 3.74 s ·
                       draft 158/196 accepted (81%) · max_tokens reached
22:09:06.479 INFO:     #379 chat/completions (stream): 81 prompt tokens ·
                       temperature: 0, greedy (req), max_tokens: 256 (req),
                       min_tokens: 256 (req)
22:09:06.826 INFO:     #372 chat/completions (stream): 256 tokens generated at
                       74.7 T/s · prompt 1,157 tokens, none cached, 1,157 new in
                       0.38 s (3,045 T/s) · first token 0.39 s, total 3.81 s ·
                       draft 146/220 accepted (66%) · max_tokens reached
22:09:06.893 INFO:     #380 chat/completions (stream): 64 prompt tokens ·
                       temperature: 0, greedy (req), max_tokens: 256 (req),
                       min_tokens: 256 (req)
22:09:07.710 INFO:     #373 chat/completions (stream): 256 tokens generated at
                       79.5 T/s · prompt 93 tokens, none cached, 93 new in 0.09
                       s · first token 0.10 s, total 3.32 s · draft 153/206
                       accepted (74%) · max_tokens reached
22:09:07.779 INFO:     #381 chat/completions (stream): 73 prompt tokens ·
                       temperature: 0, greedy (req), max_tokens: 256 (req),
                       min_tokens: 256 (req)
22:09:08.152 INFO:     #375 chat/completions (stream): 256 tokens generated at
                       85.2 T/s · prompt 61 tokens, none cached, 61 new in 0.07
                       s · queued 0.29 s, first token 0.36 s, total 3.37 s ·
                       draft 151/210 accepted (72%) · max_tokens reached
22:09:08.218 INFO:     #382 chat/completions (stream): 63 prompt tokens ·
                       temperature: 0, greedy (req), max_tokens: 256 (req),
                       min_tokens: 256 (req)
22:09:08.336 INFO:     #374 chat/completions (stream): 256 tokens generated at
                       82.8 T/s · prompt 1,540 tokens, none cached, 1,540 new in
                       0.38 s (4,053 T/s) · first token 0.39 s, total 3.48 s ·
                       draft 147/218 accepted (67%) · max_tokens reached
22:09:08.359 INFO:     #376 chat/completions (stream): 256 tokens generated at
                       87.1 T/s · prompt 64 tokens, none cached, 64 new in 0.08
                       s · first token 0.09 s, total 3.03 s · draft 150/212
                       accepted (71%) · max_tokens reached
22:09:08.396 INFO:     #383 chat/completions (stream): 720 prompt tokens ·
                       temperature: 0, greedy (req), max_tokens: 256 (req),
                       min_tokens: 256 (req)
22:09:08.570 INFO:     #384 chat/completions (stream): 110 prompt tokens ·
                       temperature: 0, greedy (req), max_tokens: 256 (req),
                       min_tokens: 256 (req)
22:09:08.798 INFO:     #377 chat/completions (stream): 256 tokens generated at
                       91.8 T/s · prompt 123 tokens, none cached, 123 new in
                       0.10 s · first token 0.11 s, total 2.89 s · draft 155/202
                       accepted (77%) · max_tokens reached
22:09:08.865 INFO:     #385 chat/completions (stream): 751 prompt tokens ·
                       temperature: 0, greedy (req), max_tokens: 256 (req),
                       min_tokens: 256 (req)
22:09:09.672 INFO:     #378 chat/completions (stream): 256 tokens generated at
                       70.0 T/s · prompt 72 tokens, none cached, 72 new in 0.08
                       s · first token 0.09 s, total 3.74 s · draft 142/228
                       accepted (62%) · max_tokens reached
22:09:09.741 INFO:     #386 chat/completions (stream): 128 prompt tokens ·
                       temperature: 0, greedy (req), max_tokens: 256 (req),
                       min_tokens: 256 (req)
22:09:10.081 INFO:     #379 chat/completions (stream): 256 tokens generated at
                       74.8 T/s · prompt 81 tokens, none cached, 81 new in 0.08
                       s · first token 0.09 s, total 3.51 s · draft 152/208
                       accepted (73%) · max_tokens reached
22:09:10.152 INFO:     #387 chat/completions (stream): 103 prompt tokens ·
                       temperature: 0, greedy (req), max_tokens: 256 (req),
                       min_tokens: 256 (req)
22:09:10.703 INFO:     #380 chat/completions (stream): 256 tokens generated at
                       70.3 T/s · prompt 64 tokens, none cached, 64 new in 0.07
                       s · first token 0.08 s, total 3.72 s · draft 144/224
                       accepted (64%) · max_tokens reached
22:09:10.772 INFO:     #388 chat/completions (stream): 64 prompt tokens ·
                       temperature: 0, greedy (req), max_tokens: 256 (req),
                       min_tokens: 256 (req)
22:09:11.465 INFO:     #381 chat/completions (stream): 256 tokens generated at
                       72.9 T/s · prompt 73 tokens, none cached, 73 new in 0.08
                       s · first token 0.09 s, total 3.60 s · draft 150/212
                       accepted (71%) · max_tokens reached
22:09:11.536 INFO:     #389 chat/completions (stream): 114 prompt tokens ·
                       temperature: 0, greedy (req), max_tokens: 256 (req),
                       min_tokens: 256 (req)
22:09:11.755 INFO:     #384 chat/completions (stream): 256 tokens generated at
                       88.6 T/s · prompt 110 tokens, none cached, 110 new in
                       0.09 s · queued 0.11 s, first token 0.20 s, total 3.09 s
                       · draft 163/186 accepted (88%) · max_tokens reached
22:09:11.823 INFO:     #390 chat/completions (stream): 135 prompt tokens ·
                       temperature: 0, greedy (req), max_tokens: 256 (req),
                       min_tokens: 256 (req)
22:09:12.169 INFO:     #385 chat/completions (stream): 256 tokens generated at
                       87.7 T/s · prompt 751 tokens, none cached, 751 new in
                       0.29 s (2,590 T/s) · first token 0.30 s, total 3.22 s ·
                       draft 155/202 accepted (77%) · max_tokens reached
22:09:12.247 INFO:     #391 chat/completions (stream): 80 prompt tokens ·
                       temperature: 0, greedy (req), max_tokens: 256 (req),
                       min_tokens: 256 (req)
22:09:12.248 INFO:     #383 chat/completions (stream): 256 tokens generated at
                       76.0 T/s · prompt 720 tokens, none cached, 720 new in
                       0.37 s (1,946 T/s) · first token 0.38 s, total 3.75 s ·
                       draft 147/218 accepted (67%) · max_tokens reached
22:09:12.399 INFO:     #392 chat/completions (stream): 73 prompt tokens ·
                       temperature: 0, greedy (req), max_tokens: 256 (req),
                       min_tokens: 256 (req)
22:09:12.548 INFO:     #382 chat/completions (stream): 256 tokens generated at
                       62.7 T/s · prompt 63 tokens, none cached, 63 new in 0.07
                       s · first token 0.08 s, total 4.16 s · draft 135/242
                       accepted (56%) · max_tokens reached
22:09:12.614 INFO:     #393 chat/completions (stream): 62 prompt tokens ·
                       temperature: 0, greedy (req), max_tokens: 256 (req),
                       min_tokens: 256 (req)
22:09:12.735 INFO:     #386 chat/completions (stream): 256 tokens generated at
                       94.2 T/s · prompt 128 tokens, none cached, 128 new in
                       0.10 s · first token 0.11 s, total 2.83 s · draft 165/182
                       accepted (91%) · max_tokens reached
22:09:12.806 INFO:     #394 chat/completions (stream): 785 prompt tokens ·
                       temperature: 0, greedy (req), max_tokens: 256 (req),
                       min_tokens: 256 (req)
22:09:13.714 INFO:     #387 chat/completions (stream): 256 tokens generated at
                       76.0 T/s · prompt 103 tokens, none cached, 103 new in
                       0.09 s · first token 0.10 s, total 3.47 s · draft 146/220
                       accepted (66%) · max_tokens reached
22:09:13.785 INFO:     #395 chat/completions (stream): 92 prompt tokens ·
                       temperature: 0, greedy (req), max_tokens: 256 (req),
                       min_tokens: 256 (req)
22:09:14.429 INFO:     #388 chat/completions (stream): 256 tokens generated at
                       73.5 T/s · prompt 64 tokens, none cached, 64 new in 0.07
                       s · first token 0.08 s, total 3.56 s · draft 143/226
                       accepted (63%) · max_tokens reached
22:09:14.500 INFO:     #396 chat/completions (stream): 680 prompt tokens ·
                       temperature: 0, greedy (req), max_tokens: 256 (req),
                       min_tokens: 256 (req)
22:09:15.000 INFO:     #390 chat/completions (stream): 256 tokens generated at
                       86.0 T/s · prompt 135 tokens, none cached, 135 new in
                       0.11 s · first token 0.12 s, total 3.09 s · draft 165/182
                       accepted (91%) · max_tokens reached
22:09:15.071 INFO:     #397 chat/completions (stream): 125 prompt tokens ·
                       temperature: 0, greedy (req), max_tokens: 256 (req),
                       min_tokens: 256 (req)
22:09:15.329 INFO:     #389 chat/completions (stream): 256 tokens generated at
                       71.2 T/s · prompt 114 tokens, none cached, 114 new in
                       0.10 s · first token 0.11 s, total 3.70 s · draft 148/216
                       accepted (69%) · max_tokens reached
22:09:15.398 INFO:     #398 chat/completions (stream): 79 prompt tokens ·
                       temperature: 0, greedy (req), max_tokens: 256 (req),
                       min_tokens: 256 (req)
22:09:15.883 INFO:     #391 chat/completions (stream): 256 tokens generated at
                       73.9 T/s · prompt 80 tokens, none cached, 80 new in 0.08
                       s · first token 0.09 s, total 3.55 s · draft 149/214
                       accepted (70%) · max_tokens reached
22:09:15.902 INFO:     #392 chat/completions (stream): 256 tokens generated at
                       76.6 T/s · prompt 73 tokens, none cached, 73 new in 0.08
                       s · first token 0.09 s, total 3.43 s · draft 151/210
                       accepted (72%) · max_tokens reached
22:09:15.940 INFO:     #399 chat/completions (stream): 86 prompt tokens ·
                       temperature: 0, greedy (req), max_tokens: 256 (req),
                       min_tokens: 256 (req)
22:09:15.941 INFO:     #393 chat/completions (stream): 256 tokens generated at
                       80.7 T/s · prompt 62 tokens, none cached, 62 new in 0.07
                       s · first token 0.08 s, total 3.25 s · draft 155/202
                       accepted (77%) · max_tokens reached
22:09:16.053 INFO:     #400 chat/completions (stream): 69 prompt tokens ·
                       temperature: 0, greedy (req), max_tokens: 256 (req),
                       min_tokens: 256 (req)
22:09:16.179 INFO:     #401 chat/completions (stream): 80 prompt tokens ·
                       temperature: 0, greedy (req), max_tokens: 256 (req),
                       min_tokens: 256 (req)
22:09:16.493 INFO:     #394 chat/completions (stream): 256 tokens generated at
                       75.9 T/s · prompt 785 tokens, none cached, 785 new in
                       0.22 s (3,568 T/s) · first token 0.23 s, total 3.60 s ·
                       draft 148/216 accepted (69%) · max_tokens reached
22:09:16.560 INFO:     #402 chat/completions (stream): 80 prompt tokens ·
                       temperature: 0, greedy (req), max_tokens: 256 (req),
                       min_tokens: 256 (req)
22:09:17.131 INFO:     #395 chat/completions (stream): 256 tokens generated at
                       80.9 T/s · prompt 92 tokens, none cached, 92 new in 0.09
                       s · first token 0.10 s, total 3.26 s · draft 155/202
                       accepted (77%) · max_tokens reached
22:09:17.201 INFO:     #404 chat/completions (stream): 62 prompt tokens ·
                       temperature: 0, greedy (req), max_tokens: 256 (req),
                       min_tokens: 256 (req)
22:09:17.716 INFO:     #396 chat/completions (stream): 256 tokens generated at
                       89.6 T/s · prompt 680 tokens, none cached, 680 new in
                       0.26 s (2,615 T/s) · first token 0.27 s, total 3.12 s ·
                       draft 159/194 accepted (82%) · max_tokens reached
22:09:17.784 INFO:     #405 chat/completions (stream): 635 prompt tokens ·
                       temperature: 0, greedy (req), max_tokens: 256 (req),
                       min_tokens: 256 (req)
22:09:18.298 INFO:     #397 chat/completions (stream): 256 tokens generated at
                       84.4 T/s · prompt 125 tokens, none cached, 125 new in
                       0.10 s · first token 0.11 s, total 3.14 s · draft 158/196
                       accepted (81%) · max_tokens reached
22:09:18.369 INFO:     #406 chat/completions (stream): 828 prompt tokens ·
                       temperature: 0, greedy (req), max_tokens: 256 (req),
                       min_tokens: 256 (req)
22:09:19.074 INFO:     #398 chat/completions (stream): 256 tokens generated at
                       73.2 T/s · prompt 79 tokens, none cached, 79 new in 0.08
                       s · first token 0.09 s, total 3.58 s · draft 145/222
                       accepted (65%) · max_tokens reached
22:09:19.145 INFO:     #407 chat/completions (stream): 62 prompt tokens ·
                       temperature: 0, greedy (req), max_tokens: 256 (req),
                       min_tokens: 256 (req)
22:09:19.480 INFO:     #399 chat/completions (stream): 256 tokens generated at
                       76.0 T/s · prompt 86 tokens, none cached, 86 new in 0.09
                       s · first token 0.10 s, total 3.46 s · draft 151/210
                       accepted (72%) · max_tokens reached
22:09:19.481 INFO:     #400 chat/completions (stream): 256 tokens generated at
                       78.4 T/s · prompt 69 tokens, none cached, 69 new in 0.08
                       s · first token 0.09 s, total 3.35 s · draft 152/208
                       accepted (73%) · max_tokens reached
22:09:19.520 INFO:     #401 chat/completions (stream): 256 tokens generated at
                       80.6 T/s · prompt 80 tokens, none cached, 80 new in 0.08
                       s · first token 0.09 s, total 3.26 s · draft 152/208
                       accepted (73%) · max_tokens reached
22:09:19.538 INFO:     #408 chat/completions (stream): 79 prompt tokens ·
                       temperature: 0, greedy (req), max_tokens: 256 (req),
                       min_tokens: 256 (req)
22:09:19.539 INFO:     #409 chat/completions (stream): 492 prompt tokens ·
                       temperature: 0, greedy (req), max_tokens: 256 (req),
                       min_tokens: 256 (req)
22:09:19.911 INFO:     #410 chat/completions (stream): 65 prompt tokens ·
                       temperature: 0, greedy (req), max_tokens: 256 (req),
                       min_tokens: 256 (req)
22:09:20.417 INFO:     #402 chat/completions (stream): 256 tokens generated at
                       69.6 T/s · prompt 80 tokens, none cached, 80 new in 0.08
                       s · first token 0.09 s, total 3.76 s · draft 144/224
                       accepted (64%) · max_tokens reached
22:09:20.487 INFO:     #411 chat/completions (stream): 63 prompt tokens ·
                       temperature: 0, greedy (req), max_tokens: 256 (req),
                       min_tokens: 256 (req)
22:09:21.087 INFO:     #404 chat/completions (stream): 256 tokens generated at
                       68.8 T/s · prompt 62 tokens, none cached, 62 new in 0.07
                       s · first token 0.08 s, total 3.79 s · draft 143/226
                       accepted (63%) · max_tokens reached
22:09:21.159 INFO:     #412 chat/completions (stream): 724 prompt tokens ·
                       temperature: 0, greedy (req), max_tokens: 256 (req),
                       min_tokens: 256 (req)
22:09:21.775 INFO:     #405 chat/completions (stream): 256 tokens generated at
                       70.7 T/s · prompt 635 tokens, none cached, 635 new in
                       0.27 s (2,352 T/s) · first token 0.28 s, total 3.90 s ·
                       draft 149/214 accepted (70%) · max_tokens reached
22:09:21.847 INFO:     #413 chat/completions (stream): 760 prompt tokens ·
                       temperature: 0, greedy (req), max_tokens: 256 (req),
                       min_tokens: 256 (req)
22:09:22.468 INFO:     #406 chat/completions (stream): 256 tokens generated at
                       68.7 T/s · prompt 828 tokens, none cached, 828 new in
                       0.28 s (2,957 T/s) · first token 0.29 s, total 4.01 s ·
                       draft 145/222 accepted (65%) · max_tokens reached
22:09:22.540 INFO:     #414 chat/completions (stream): 742 prompt tokens ·
                       temperature: 0, greedy (req), max_tokens: 256 (req),
                       min_tokens: 256 (req)
22:09:23.059 INFO:     #408 chat/completions (stream): 256 tokens generated at
                       79.7 T/s · prompt 79 tokens, none cached, 79 new in 0.21
                       s · first token 0.22 s, total 3.44 s · draft 166/180
                       accepted (92%) · max_tokens reached
22:09:23.127 INFO:     #415 chat/completions (stream): 61 prompt tokens ·
                       temperature: 0, greedy (req), max_tokens: 256 (req),
                       min_tokens: 256 (req)
22:09:23.412 INFO:     #407 chat/completions (stream): 256 tokens generated at
                       62.5 T/s · prompt 62 tokens, none cached, 62 new in 0.07
                       s · first token 0.08 s, total 4.17 s · draft 140/232
                       accepted (60%) · max_tokens reached
22:09:23.484 INFO:     #416 chat/completions (stream): 764 prompt tokens ·
                       temperature: 0, greedy (req), max_tokens: 256 (req),
                       min_tokens: 256 (req)
22:09:23.839 INFO:     #410 chat/completions (stream): 256 tokens generated at
                       73.3 T/s · prompt 65 tokens, none cached, 65 new in 0.07
                       s · first token 0.08 s, total 3.57 s · draft 149/214
                       accepted (70%) · max_tokens reached
22:09:23.905 INFO:     #417 chat/completions (stream): 833 prompt tokens ·
                       temperature: 0, greedy (req), max_tokens: 256 (req),
                       min_tokens: 256 (req)
22:09:24.215 INFO:     #409 chat/completions (stream): 256 tokens generated at
                       64.5 T/s · prompt 492 tokens, none cached, 492 new in
                       0.26 s (1,892 T/s) · first token 0.35 s, total 4.32 s ·
                       draft 143/226 accepted (63%) · max_tokens reached
22:09:24.285 INFO:     #418 chat/completions (stream): 71 prompt tokens ·
                       temperature: 0, greedy (req), max_tokens: 256 (req),
                       min_tokens: 256 (req)
22:09:24.718 INFO:     #411 chat/completions (stream): 256 tokens generated at
                       63.1 T/s · prompt 63 tokens, none cached, 63 new in 0.07
                       s · first token 0.08 s, total 4.14 s · draft 147/218
                       accepted (67%) · max_tokens reached
22:09:24.790 INFO:     #419 chat/completions (stream): 798 prompt tokens ·
                       temperature: 0, greedy (req), max_tokens: 256 (req),
                       min_tokens: 256 (req)
22:09:25.305 INFO:     #412 chat/completions (stream): 256 tokens generated at
                       68.3 T/s · prompt 724 tokens, none cached, 724 new in
                       0.30 s (2,413 T/s) · first token 0.31 s, total 4.05 s ·
                       draft 158/196 accepted (81%) · max_tokens reached
22:09:25.374 INFO:     #420 chat/completions (stream): 87 prompt tokens ·
                       temperature: 0, greedy (req), max_tokens: 256 (req),
                       min_tokens: 256 (req)
22:09:25.832 INFO:     #413 chat/completions (stream): 256 tokens generated at
                       70.8 T/s · prompt 760 tokens, none cached, 760 new in
                       0.28 s (2,714 T/s) · first token 0.29 s, total 3.90 s ·
                       draft 156/200 accepted (78%) · max_tokens reached
22:09:25.902 INFO:     #421 chat/completions (stream): 773 prompt tokens ·
                       temperature: 0, greedy (req), max_tokens: 256 (req),
                       min_tokens: 256 (req)
22:09:26.349 INFO:     #414 chat/completions (stream): 256 tokens generated at
                       74.6 T/s · prompt 742 tokens, none cached, 742 new in
                       0.28 s (2,650 T/s) · first token 0.29 s, total 3.72 s ·
                       draft 161/190 accepted (85%) · max_tokens reached
22:09:26.416 INFO:     #422 chat/completions (stream): 114 prompt tokens ·
                       temperature: 0, greedy (req), max_tokens: 256 (req),
                       min_tokens: 256 (req)
22:09:27.088 INFO:     #416 chat/completions (stream): 256 tokens generated at
                       79.3 T/s · prompt 764 tokens, none cached, 764 new in
                       0.28 s (2,729 T/s) · first token 0.29 s, total 3.51 s ·
                       draft 160/192 accepted (83%) · max_tokens reached
22:09:27.156 INFO:     #423 chat/completions (stream): 312 prompt tokens ·
                       temperature: 0, greedy (req), max_tokens: 256 (req),
                       min_tokens: 256 (req)
22:09:27.514 INFO:     #417 chat/completions (stream): 256 tokens generated at
                       79.1 T/s · prompt 833 tokens, none cached, 833 new in
                       0.28 s (2,975 T/s) · first token 0.29 s, total 3.52 s ·
                       draft 158/196 accepted (81%) · max_tokens reached
22:09:27.557 INFO:     #415 chat/completions (stream): 256 tokens generated at
                       60.0 T/s · prompt 61 tokens, none cached, 61 new in 0.07
                       s · first token 0.08 s, total 4.34 s · draft 136/240
                       accepted (57%) · max_tokens reached
22:09:27.579 INFO:     #424 chat/completions (stream): 63 prompt tokens ·
                       temperature: 0, greedy (req), max_tokens: 256 (req),
                       min_tokens: 256 (req)
22:09:27.703 INFO:     #425 chat/completions (stream): 66 prompt tokens ·
                       temperature: 0, greedy (req), max_tokens: 256 (req),
                       min_tokens: 256 (req)
22:09:28.093 INFO:     #418 chat/completions (stream): 256 tokens generated at
                       70.5 T/s · prompt 71 tokens, none cached, 71 new in 0.08
                       s · first token 0.09 s, total 3.72 s · draft 144/224
                       accepted (64%) · max_tokens reached
22:09:28.166 INFO:     #426 chat/completions (stream): 912 prompt tokens ·
                       temperature: 0, greedy (req), max_tokens: 256 (req),
                       min_tokens: 256 (req)
22:09:28.726 INFO:     #419 chat/completions (stream): 256 tokens generated at
                       71.0 T/s · prompt 798 tokens, none cached, 798 new in
                       0.23 s (3,470 T/s) · first token 0.24 s, total 3.84 s ·
                       draft 150/212 accepted (71%) · max_tokens reached
22:09:28.796 INFO:     #427 chat/completions (stream): 66 prompt tokens ·
                       temperature: 0, greedy (req), max_tokens: 256 (req),
                       min_tokens: 256 (req)
22:09:29.038 INFO:     #420 chat/completions (stream): 256 tokens generated at
                       73.6 T/s · prompt 87 tokens, none cached, 87 new in 0.09
                       s · first token 0.10 s, total 3.57 s · draft 154/204
                       accepted (75%) · max_tokens reached
22:09:29.108 INFO:     #428 chat/completions (stream): 75 prompt tokens ·
                       temperature: 0, greedy (req), max_tokens: 256 (req),
                       min_tokens: 256 (req)
22:09:29.528 INFO:     #421 chat/completions (stream): 256 tokens generated at
                       77.2 T/s · prompt 773 tokens, none cached, 773 new in
                       0.21 s (3,681 T/s) · first token 0.22 s, total 3.53 s ·
                       draft 157/198 accepted (79%) · max_tokens reached
22:09:29.599 INFO:     #429 chat/completions (stream): 624 prompt tokens ·
                       temperature: 0, greedy (req), max_tokens: 256 (req),
                       min_tokens: 256 (req)
22:09:30.254 INFO:     #422 chat/completions (stream): 256 tokens generated at
                       70.5 T/s · prompt 114 tokens, none cached, 114 new in
                       0.10 s · first token 0.11 s, total 3.74 s · draft 149/214
                       accepted (70%) · max_tokens reached
22:09:30.325 INFO:     #430 chat/completions (stream): 63 prompt tokens ·
                       temperature: 0, greedy (req), max_tokens: 256 (req),
                       min_tokens: 256 (req)
22:09:30.833 INFO:     #423 chat/completions (stream): 256 tokens generated at
                       76.7 T/s · prompt 312 tokens, none cached, 312 new in
                       0.24 s (1,300 T/s) · first token 0.25 s, total 3.59 s ·
                       draft 156/200 accepted (78%) · max_tokens reached
22:09:30.856 INFO:     #424 chat/completions (stream): 256 tokens generated at
                       82.3 T/s · prompt 63 tokens, none cached, 63 new in 0.07
                       s · first token 0.08 s, total 3.19 s · draft 163/186
                       accepted (88%) · max_tokens reached
22:09:30.902 INFO:     #431 chat/completions (stream): 78 prompt tokens ·
                       temperature: 0, greedy (req), max_tokens: 256 (req),
                       min_tokens: 256 (req)
22:09:31.010 INFO:     #432 chat/completions (stream): 136 prompt tokens ·
                       temperature: 0, greedy (req), max_tokens: 256 (req),
                       min_tokens: 256 (req)
22:09:31.631 INFO:     #425 chat/completions (stream): 256 tokens generated at
                       68.3 T/s · prompt 66 tokens, none cached, 66 new in 0.08
                       s · first token 0.09 s, total 3.84 s · draft 142/228
                       accepted (62%) · max_tokens reached
22:09:31.704 INFO:     #433 chat/completions (stream): 87 prompt tokens ·
                       temperature: 0, greedy (req), max_tokens: 256 (req),
                       min_tokens: 256 (req)
22:09:32.083 INFO:     #426 chat/completions (stream): 256 tokens generated at
                       73.6 T/s · prompt 912 tokens, none cached, 912 new in
                       0.34 s (2,682 T/s) · first token 0.35 s, total 3.82 s ·
                       draft 144/224 accepted (64%) · max_tokens reached
22:09:32.127 INFO:     #427 chat/completions (stream): 256 tokens generated at
                       81.0 T/s · prompt 66 tokens, none cached, 66 new in 0.07
                       s · first token 0.08 s, total 3.24 s · draft 154/204
                       accepted (75%) · max_tokens reached
22:09:32.149 INFO:     #435 chat/completions (stream): 63 prompt tokens ·
                       temperature: 0, greedy (req), max_tokens: 256 (req),
                       min_tokens: 256 (req)
22:09:32.271 INFO:     #436 chat/completions (stream): 106 prompt tokens ·
                       temperature: 0, greedy (req), max_tokens: 256 (req),
                       min_tokens: 256 (req)
22:09:32.672 INFO:     #428 chat/completions (stream): 256 tokens generated at
                       75.5 T/s · prompt 75 tokens, none cached, 75 new in 0.08
                       s · first token 0.09 s, total 3.47 s · draft 148/216
                       accepted (69%) · max_tokens reached
22:09:32.742 INFO:     #437 chat/completions (stream): 121 prompt tokens ·
                       temperature: 0, greedy (req), max_tokens: 256 (req),
                       min_tokens: 256 (req)
22:09:33.231 INFO:     #429 chat/completions (stream): 256 tokens generated at
                       78.5 T/s · prompt 624 tokens, none cached, 624 new in
                       0.27 s (2,311 T/s) · first token 0.28 s, total 3.54 s ·
                       draft 147/218 accepted (67%) · max_tokens reached
22:09:33.299 INFO:     #438 chat/completions (stream): 88 prompt tokens ·
                       temperature: 0, greedy (req), max_tokens: 256 (req),
                       min_tokens: 256 (req)
22:09:33.689 INFO:     #430 chat/completions (stream): 256 tokens generated at
                       80.1 T/s · prompt 63 tokens, none cached, 63 new in 0.07
                       s · first token 0.08 s, total 3.27 s · draft 150/212
                       accepted (71%) · max_tokens reached
22:09:33.759 INFO:     #439 chat/completions (stream): 728 prompt tokens ·
                       temperature: 0, greedy (req), max_tokens: 256 (req),
                       min_tokens: 256 (req)
22:09:34.441 INFO:     #432 chat/completions (stream): 256 tokens generated at
                       79.4 T/s · prompt 136 tokens, none cached, 136 new in
                       0.11 s · first token 0.12 s, total 3.34 s · draft 151/210
                       accepted (72%) · max_tokens reached
22:09:34.511 INFO:     #440 chat/completions (stream): 749 prompt tokens ·
                       temperature: 0, greedy (req), max_tokens: 256 (req),
                       min_tokens: 256 (req)
22:09:34.936 INFO:     #431 chat/completions (stream): 256 tokens generated at
                       66.4 T/s · prompt 78 tokens, none cached, 78 new in 0.08
                       s · first token 0.09 s, total 3.94 s · draft 140/232
                       accepted (60%) · max_tokens reached
22:09:35.006 INFO:     #441 chat/completions (stream): 89 prompt tokens ·
                       temperature: 0, greedy (req), max_tokens: 256 (req),
                       min_tokens: 256 (req)
22:09:35.347 INFO:     #433 chat/completions (stream): 256 tokens generated at
                       74.0 T/s · prompt 87 tokens, none cached, 87 new in 0.09
                       s · first token 0.10 s, total 3.55 s · draft 151/210
                       accepted (72%) · max_tokens reached
22:09:35.419 INFO:     #442 chat/completions (stream): 341 prompt tokens ·
                       temperature: 0, greedy (req), max_tokens: 256 (req),
                       min_tokens: 256 (req)
22:09:35.864 INFO:     #435 chat/completions (stream): 256 tokens generated at
                       72.1 T/s · prompt 63 tokens, none cached, 63 new in 0.07
                       s · first token 0.08 s, total 3.63 s · draft 153/206
                       accepted (74%) · max_tokens reached
22:09:35.907 INFO:     #436 chat/completions (stream): 256 tokens generated at
                       74.2 T/s · prompt 106 tokens, none cached, 106 new in
                       0.09 s · first token 0.10 s, total 3.55 s · draft 153/206
                       accepted (74%) · max_tokens reached
22:09:35.929 INFO:     #443 chat/completions (stream): 66 prompt tokens ·
                       temperature: 0, greedy (req), max_tokens: 256 (req),
                       min_tokens: 256 (req)
22:09:36.054 INFO:     #444 chat/completions (stream): 63 prompt tokens ·
                       temperature: 0, greedy (req), max_tokens: 256 (req),
                       min_tokens: 256 (req)
22:09:36.276 INFO:     #437 chat/completions (stream): 256 tokens generated at
                       76.9 T/s · prompt 121 tokens, none cached, 121 new in
                       0.10 s · first token 0.11 s, total 3.43 s · draft 160/192
                       accepted (83%) · max_tokens reached
22:09:36.342 INFO:     #445 chat/completions (stream): 74 prompt tokens ·
                       temperature: 0, greedy (req), max_tokens: 256 (req),
                       min_tokens: 256 (req)
22:09:36.999 INFO:     #438 chat/completions (stream): 256 tokens generated at
                       72.8 T/s · prompt 88 tokens, none cached, 88 new in 0.09
                       s · first token 0.10 s, total 3.61 s · draft 152/208
                       accepted (73%) · max_tokens reached
22:09:37.069 INFO:     #446 chat/completions (stream): 107 prompt tokens ·
                       temperature: 0, greedy (req), max_tokens: 256 (req),
                       min_tokens: 256 (req)
22:09:37.689 INFO:     #439 chat/completions (stream): 256 tokens generated at
                       72.0 T/s · prompt 728 tokens, none cached, 728 new in
                       0.28 s (2,600 T/s) · first token 0.29 s, total 3.84 s ·
                       draft 145/222 accepted (65%) · max_tokens reached
22:09:37.761 INFO:     #447 chat/completions (stream): 165 prompt tokens ·
                       temperature: 0, greedy (req), max_tokens: 256 (req),
                       min_tokens: 256 (req)
22:09:38.001 INFO:     #440 chat/completions (stream): 256 tokens generated at
                       82.2 T/s · prompt 749 tokens, none cached, 749 new in
                       0.28 s (2,675 T/s) · first token 0.29 s, total 3.40 s ·
                       draft 157/198 accepted (79%) · max_tokens reached
22:09:38.072 INFO:     #448 chat/completions (stream): 780 prompt tokens ·
                       temperature: 0, greedy (req), max_tokens: 256 (req),
                       min_tokens: 256 (req)
22:09:38.672 INFO:     #441 chat/completions (stream): 256 tokens generated at
                       73.6 T/s · prompt 89 tokens, none cached, 89 new in 0.09
                       s · first token 0.10 s, total 3.57 s · draft 147/218
                       accepted (67%) · max_tokens reached
22:09:38.743 INFO:     #449 chat/completions (stream): 79 prompt tokens ·
                       temperature: 0, greedy (req), max_tokens: 256 (req),
                       min_tokens: 256 (req)
22:09:39.132 INFO:     #442 chat/completions (stream): 256 tokens generated at
                       75.6 T/s · prompt 341 tokens, none cached, 341 new in
                       0.23 s (1,483 T/s) · first token 0.24 s, total 3.62 s ·
                       draft 145/222 accepted (65%) · max_tokens reached
22:09:39.178 INFO:     #444 chat/completions (stream): 256 tokens generated at
                       86.6 T/s · prompt 63 tokens, none cached, 63 new in 0.07
                       s · first token 0.08 s, total 3.03 s · draft 157/198
                       accepted (79%) · max_tokens reached
22:09:39.210 INFO:     #450 chat/completions (stream): 1,083 prompt tokens ·
                       temperature: 0, greedy (req), max_tokens: 256 (req),
                       min_tokens: 256 (req)
22:09:39.561 INFO:     #451 chat/completions (stream): 82 prompt tokens ·
                       temperature: 0, greedy (req), max_tokens: 256 (req),
                       min_tokens: 256 (req)
22:09:39.839 INFO:     #443 chat/completions (stream): 256 tokens generated at
                       68.5 T/s · prompt 66 tokens, none cached, 66 new in 0.07
                       s · first token 0.08 s, total 3.81 s · draft 144/224
                       accepted (64%) · max_tokens reached
22:09:39.908 INFO:     #452 chat/completions (stream): 91 prompt tokens ·
                       temperature: 0, greedy (req), max_tokens: 256 (req),
                       min_tokens: 256 (req)
22:09:40.088 INFO:     #445 chat/completions (stream): 256 tokens generated at
                       73.6 T/s · prompt 74 tokens, none cached, 74 new in 0.08
                       s · first token 0.09 s, total 3.57 s · draft 148/216
                       accepted (69%) · max_tokens reached
22:09:40.157 INFO:     #453 chat/completions (stream): 82 prompt tokens ·
                       temperature: 0, greedy (req), max_tokens: 256 (req),
                       min_tokens: 256 (req)
22:09:40.626 INFO:     #446 chat/completions (stream): 256 tokens generated at
                       76.1 T/s · prompt 107 tokens, none cached, 107 new in
                       0.09 s · first token 0.10 s, total 3.46 s · draft 156/200
                       accepted (78%) · max_tokens reached
22:09:40.695 INFO:     #454 chat/completions (stream): 70 prompt tokens ·
                       temperature: 0, greedy (req), max_tokens: 256 (req),
                       min_tokens: 256 (req)
22:09:41.290 INFO:     #447 chat/completions (stream): 256 tokens generated at
                       76.8 T/s · prompt 165 tokens, none cached, 165 new in
                       0.09 s · first token 0.10 s, total 3.43 s · draft 156/200
                       accepted (78%) · max_tokens reached
22:09:41.363 INFO:     #455 chat/completions (stream): 816 prompt tokens ·
                       temperature: 0, greedy (req), max_tokens: 256 (req),
                       min_tokens: 256 (req)
22:09:41.971 INFO:     #448 chat/completions (stream): 256 tokens generated at
                       71.8 T/s · prompt 780 tokens, none cached, 780 new in
                       0.23 s (3,391 T/s) · first token 0.24 s, total 3.80 s ·
                       draft 148/216 accepted (69%) · max_tokens reached
22:09:42.039 INFO:     #456 chat/completions (stream): 103 prompt tokens ·
                       temperature: 0, greedy (req), max_tokens: 256 (req),
                       min_tokens: 256 (req)
22:09:42.208 INFO:     #449 chat/completions (stream): 256 tokens generated at
                       80.4 T/s · prompt 79 tokens, none cached, 79 new in 0.08
                       s · first token 0.09 s, total 3.27 s · draft 160/192
                       accepted (83%) · max_tokens reached
22:09:42.279 INFO:     #457 chat/completions (stream): 96 prompt tokens ·
                       temperature: 0, greedy (req), max_tokens: 256 (req),
                       min_tokens: 256 (req)
22:09:42.613 INFO:     #451 chat/completions (stream): 256 tokens generated at
                       89.3 T/s · prompt 82 tokens, none cached, 82 new in 0.08
                       s · first token 0.09 s, total 2.95 s · draft 165/182
                       accepted (91%) · max_tokens reached
22:09:42.685 INFO:     #458 chat/completions (stream): 64 prompt tokens ·
                       temperature: 0, greedy (req), max_tokens: 256 (req),
                       min_tokens: 256 (req)
22:09:43.182 INFO:     #450 chat/completions (stream): 256 tokens generated at
                       72.2 T/s · prompt 1,083 tokens, none cached, 1,083 new in
                       0.32 s (3,384 T/s) · first token 0.33 s, total 3.87 s ·
                       draft 144/224 accepted (64%) · max_tokens reached
22:09:43.260 INFO:     #459 chat/completions (stream): 494 prompt tokens ·
                       temperature: 0, greedy (req), max_tokens: 256 (req),
                       min_tokens: 256 (req)
22:09:43.581 INFO:     #452 chat/completions (stream): 256 tokens generated at
                       79.2 T/s · prompt 91 tokens, none cached, 91 new in 0.09
                       s · first token 0.10 s, total 3.33 s · draft 150/212
                       accepted (71%) · max_tokens reached
22:09:43.653 INFO:     #460 chat/completions (stream): 814 prompt tokens ·
                       temperature: 0, greedy (req), max_tokens: 256 (req),
                       min_tokens: 256 (req)
22:09:44.039 INFO:     #453 chat/completions (stream): 256 tokens generated at
                       69.1 T/s · prompt 82 tokens, none cached, 82 new in 0.08
                       s · first token 0.09 s, total 3.79 s · draft 148/216
                       accepted (69%) · max_tokens reached
22:09:44.108 INFO:     #461 chat/completions (stream): 64 prompt tokens ·
                       temperature: 0, greedy (req), max_tokens: 256 (req),
                       min_tokens: 256 (req)
22:09:44.417 INFO:     #454 chat/completions (stream): 256 tokens generated at
                       72.2 T/s · prompt 70 tokens, none cached, 70 new in 0.08
                       s · first token 0.09 s, total 3.63 s · draft 154/204
                       accepted (75%) · max_tokens reached
22:09:44.486 INFO:     #462 chat/completions (stream): 82 prompt tokens ·
                       temperature: 0, greedy (req), max_tokens: 256 (req),
                       min_tokens: 256 (req)
22:09:44.924 INFO:     #455 chat/completions (stream): 256 tokens generated at
                       80.0 T/s · prompt 816 tokens, none cached, 816 new in
                       0.27 s (3,022 T/s) · first token 0.28 s, total 3.47 s ·
                       draft 161/190 accepted (85%) · max_tokens reached
22:09:44.992 INFO:     #463 chat/completions (stream): 97 prompt tokens ·
                       temperature: 0, greedy (req), max_tokens: 256 (req),
                       min_tokens: 256 (req)
22:09:45.273 INFO:     #456 chat/completions (stream): 256 tokens generated at
                       84.2 T/s · prompt 103 tokens, none cached, 103 new in
                       0.09 s · first token 0.10 s, total 3.14 s · draft 167/178
                       accepted (94%) · max_tokens reached
22:09:45.339 INFO:     #464 chat/completions (stream): 64 prompt tokens ·
                       temperature: 0, greedy (req), max_tokens: 256 (req),
                       min_tokens: 256 (req)
22:09:45.842 INFO:     #457 chat/completions (stream): 256 tokens generated at
                       75.8 T/s · prompt 96 tokens, none cached, 96 new in 0.09
                       s · first token 0.10 s, total 3.47 s · draft 152/208
                       accepted (73%) · max_tokens reached
22:09:45.912 INFO:     #465 chat/completions (stream): 684 prompt tokens ·
                       temperature: 0, greedy (req), max_tokens: 256 (req),
                       min_tokens: 256 (req)
22:09:46.541 INFO:     #458 chat/completions (stream): 256 tokens generated at
                       69.5 T/s · prompt 64 tokens, none cached, 64 new in 0.07
                       s · first token 0.08 s, total 3.76 s · draft 146/220
                       accepted (66%) · max_tokens reached
22:09:46.611 INFO:     #466 chat/completions (stream): 704 prompt tokens ·
                       temperature: 0, greedy (req), max_tokens: 256 (req),
                       min_tokens: 256 (req)
22:09:47.162 INFO:     #460 chat/completions (stream): 256 tokens generated at
                       81.5 T/s · prompt 814 tokens, none cached, 814 new in
                       0.27 s (3,015 T/s) · first token 0.28 s, total 3.42 s ·
                       draft 158/196 accepted (81%) · max_tokens reached
22:09:47.234 INFO:     #468 chat/completions (stream): 583 prompt tokens ·
                       temperature: 0, greedy (req), max_tokens: 256 (req),
                       min_tokens: 256 (req)
22:09:47.649 INFO:     #459 chat/completions (stream): 256 tokens generated at
                       63.6 T/s · prompt 494 tokens, none cached, 494 new in
                       0.27 s (1,830 T/s) · first token 0.28 s, total 4.30 s ·
                       draft 141/230 accepted (61%) · max_tokens reached
22:09:47.719 INFO:     #469 chat/completions (stream): 255 prompt tokens ·
                       temperature: 0, greedy (req), max_tokens: 256 (req),
                       min_tokens: 256 (req)
22:09:47.910 INFO:     #461 chat/completions (stream): 256 tokens generated at
                       72.9 T/s · prompt 64 tokens, none cached, 64 new in 0.07
                       s · first token 0.08 s, total 3.59 s · draft 149/214
                       accepted (70%) · max_tokens reached
22:09:47.979 INFO:     #470 chat/completions (stream): 61 prompt tokens ·
                       temperature: 0, greedy (req), max_tokens: 256 (req),
                       min_tokens: 256 (req)
22:09:48.124 INFO:     #462 chat/completions (stream): 256 tokens generated at
                       75.7 T/s · prompt 82 tokens, none cached, 82 new in 0.08
                       s · first token 0.09 s, total 3.47 s · draft 156/200
                       accepted (78%) · max_tokens reached
22:09:48.212 INFO:     #471 chat/completions (stream): 66 prompt tokens ·
                       temperature: 0, greedy (req), max_tokens: 256 (req),
                       min_tokens: 256 (req)
22:09:48.459 INFO:     #463 chat/completions (stream): 256 tokens generated at
                       78.1 T/s · prompt 97 tokens, none cached, 97 new in 0.09
                       s · first token 0.10 s, total 3.37 s · draft 164/184
                       accepted (89%) · max_tokens reached
22:09:48.531 INFO:     #472 chat/completions (stream): 479 prompt tokens ·
                       temperature: 0, greedy (req), max_tokens: 256 (req),
                       min_tokens: 256 (req)
22:09:49.805 INFO:     #464 chat/completions (stream): 256 tokens generated at
                       59.6 T/s · prompt 64 tokens, none cached, 64 new in 0.07
                       s · first token 0.08 s, total 4.37 s · draft 130/252
                       accepted (52%) · max_tokens reached
22:09:49.875 INFO:     #473 chat/completions (stream): 93 prompt tokens ·
                       temperature: 0, greedy (req), max_tokens: 256 (req),
                       min_tokens: 256 (req)
22:09:50.152 INFO:     #465 chat/completions (stream): 256 tokens generated at
                       66.0 T/s · prompt 684 tokens, none cached, 684 new in
                       0.27 s (2,533 T/s) · first token 0.28 s, total 4.15 s ·
                       draft 141/230 accepted (61%) · max_tokens reached
22:09:50.234 INFO:     #474 chat/completions (stream): 743 prompt tokens ·
                       temperature: 0, greedy (req), max_tokens: 256 (req),
                       min_tokens: 256 (req)
22:09:50.755 INFO:     #466 chat/completions (stream): 256 tokens generated at
                       68.0 T/s · prompt 704 tokens, none cached, 704 new in
                       0.28 s (2,514 T/s) · first token 0.29 s, total 4.05 s ·
                       draft 146/220 accepted (66%) · max_tokens reached
22:09:50.824 INFO:     #475 chat/completions (stream): 82 prompt tokens ·
                       temperature: 0, greedy (req), max_tokens: 256 (req),
                       min_tokens: 256 (req)
22:09:51.300 INFO:     #468 chat/completions (stream): 256 tokens generated at
                       68.8 T/s · prompt 583 tokens, none cached, 583 new in
                       0.25 s (2,332 T/s) · first token 0.26 s, total 3.98 s ·
                       draft 142/228 accepted (62%) · max_tokens reached
22:09:51.364 INFO:     #476 chat/completions (stream): 124 prompt tokens ·
                       temperature: 0, greedy (req), max_tokens: 256 (req),
                       min_tokens: 256 (req)
22:09:51.491 INFO:     #469 chat/completions (stream): 256 tokens generated at
                       74.1 T/s · prompt 255 tokens, none cached, 255 new in
                       0.12 s · first token 0.13 s, total 3.58 s · draft 148/216
                       accepted (69%) · max_tokens reached
22:09:51.555 INFO:     #477 chat/completions (stream): 228 prompt tokens ·
                       temperature: 0, greedy (req), max_tokens: 256 (req),
                       min_tokens: 256 (req)
22:09:51.555 INFO:     #471 chat/completions (stream): 256 tokens generated at
                       83.4 T/s · prompt 66 tokens, none cached, 66 new in 0.07
                       s · first token 0.08 s, total 3.15 s · draft 157/198
                       accepted (79%) · max_tokens reached
22:09:51.734 INFO:     #478 chat/completions (stream): 69 prompt tokens ·
                       temperature: 0, greedy (req), max_tokens: 256 (req),
                       min_tokens: 256 (req)
22:09:51.862 INFO:     #470 chat/completions (stream): 256 tokens generated at
                       70.5 T/s · prompt 61 tokens, none cached, 61 new in 0.07
                       s · first token 0.08 s, total 3.71 s · draft 146/220
                       accepted (66%) · max_tokens reached
22:09:51.930 INFO:     #479 chat/completions (stream): 73 prompt tokens ·
                       temperature: 0, greedy (req), max_tokens: 256 (req),
                       min_tokens: 256 (req)
22:09:52.367 INFO:     #472 chat/completions (stream): 256 tokens generated at
                       73.5 T/s · prompt 479 tokens, none cached, 479 new in
                       0.26 s (1,842 T/s) · first token 0.27 s, total 3.75 s ·
                       draft 145/222 accepted (65%) · max_tokens reached
22:09:52.436 INFO:     #480 chat/completions (stream): 66 prompt tokens ·
                       temperature: 0, greedy (req), max_tokens: 256 (req),
                       min_tokens: 256 (req)
22:09:53.173 INFO:     #473 chat/completions (stream): 256 tokens generated at
                       82.3 T/s · prompt 93 tokens, none cached, 93 new in 0.09
                       s · first token 0.10 s, total 3.21 s · draft 159/194
                       accepted (82%) · max_tokens reached
22:09:53.261 INFO:     #481 chat/completions (stream): 736 prompt tokens ·
                       temperature: 0, greedy (req), max_tokens: 256 (req),
                       min_tokens: 256 (req)
22:09:53.985 INFO:     #474 chat/completions (stream): 256 tokens generated at
                       75.9 T/s · prompt 743 tokens, none cached, 743 new in
                       0.28 s (2,654 T/s) · first token 0.29 s, total 3.66 s ·
                       draft 149/214 accepted (70%) · max_tokens reached
22:09:54.054 INFO:     #482 chat/completions (stream): 106 prompt tokens ·
                       temperature: 0, greedy (req), max_tokens: 256 (req),
                       min_tokens: 256 (req)
22:09:54.232 INFO:     #475 chat/completions (stream): 256 tokens generated at
                       82.1 T/s · prompt 82 tokens, none cached, 82 new in 0.08
                       s · first token 0.09 s, total 3.20 s · draft 156/200
                       accepted (78%) · max_tokens reached
22:09:54.302 INFO:     #483 chat/completions (stream): 63 prompt tokens ·
                       temperature: 0, greedy (req), max_tokens: 256 (req),
                       min_tokens: 256 (req)
22:09:54.712 INFO:     #476 chat/completions (stream): 256 tokens generated at
                       81.3 T/s · prompt 124 tokens, none cached, 124 new in
                       0.10 s · first token 0.11 s, total 3.25 s · draft 158/196
                       accepted (81%) · max_tokens reached
22:09:54.784 INFO:     #484 chat/completions (stream): 76 prompt tokens ·
                       temperature: 0, greedy (req), max_tokens: 256 (req),
                       min_tokens: 256 (req)
22:09:55.010 INFO:     #477 chat/completions (stream): 256 tokens generated at
                       78.8 T/s · prompt 228 tokens, none cached, 228 new in
                       0.11 s · first token 0.12 s, total 3.36 s · draft 153/206
                       accepted (74%) · max_tokens reached
22:09:55.082 INFO:     #485 chat/completions (stream): 833 prompt tokens ·
                       temperature: 0, greedy (req), max_tokens: 256 (req),
                       min_tokens: 256 (req)
22:09:55.487 INFO:     #478 chat/completions (stream): 256 tokens generated at
                       71.5 T/s · prompt 69 tokens, none cached, 69 new in 0.08
                       s · first token 0.09 s, total 3.67 s · draft 147/218
                       accepted (67%) · max_tokens reached
22:09:55.555 INFO:     #486 chat/completions (stream): 61 prompt tokens ·
                       temperature: 0, greedy (req), max_tokens: 256 (req),
                       min_tokens: 256 (req)
22:09:55.887 INFO:     #480 chat/completions (stream): 256 tokens generated at
                       78.0 T/s · prompt 66 tokens, none cached, 66 new in 0.07
                       s · first token 0.08 s, total 3.36 s · draft 156/200
                       accepted (78%) · max_tokens reached
22:09:55.950 INFO:     #487 chat/completions (stream): 85 prompt tokens ·
                       temperature: 0, greedy (req), max_tokens: 256 (req),
                       min_tokens: 256 (req)
22:09:56.061 INFO:     #479 chat/completions (stream): 256 tokens generated at
                       66.1 T/s · prompt 73 tokens, none cached, 73 new in 0.08
                       s · first token 0.09 s, total 3.96 s · draft 134/244
                       accepted (55%) · max_tokens reached
22:09:56.129 INFO:     #488 chat/completions (stream): 100 prompt tokens ·
                       temperature: 0, greedy (req), max_tokens: 256 (req),
                       min_tokens: 256 (req)
22:09:57.170 INFO:     #482 chat/completions (stream): 256 tokens generated at
                       87.5 T/s · prompt 106 tokens, none cached, 106 new in
                       0.09 s · first token 0.10 s, total 3.02 s · draft 161/190
                       accepted (85%) · max_tokens reached
22:09:57.255 INFO:     #489 chat/completions (stream): 723 prompt tokens ·
                       temperature: 0, greedy (req), max_tokens: 256 (req),
                       min_tokens: 256 (req)
22:09:57.433 INFO:     #481 chat/completions (stream): 256 tokens generated at
                       70.7 T/s · prompt 736 tokens, none cached, 736 new in
                       0.28 s (2,629 T/s) · first token 0.29 s, total 3.91 s ·
                       draft 136/240 accepted (57%) · max_tokens reached
22:09:57.609 INFO:     #490 chat/completions (stream): 120 prompt tokens ·
                       temperature: 0, greedy (req), max_tokens: 256 (req),
                       min_tokens: 256 (req)
22:09:58.276 INFO:     #484 chat/completions (stream): 256 tokens generated at
                       77.3 T/s · prompt 76 tokens, none cached, 76 new in 0.08
                       s · first token 0.09 s, total 3.40 s · draft 154/204
                       accepted (75%) · max_tokens reached
22:09:58.347 INFO:     #491 chat/completions (stream): 66 prompt tokens ·
                       temperature: 0, greedy (req), max_tokens: 256 (req),
                       min_tokens: 256 (req)
22:09:58.513 INFO:     #485 chat/completions (stream): 256 tokens generated at
                       86.2 T/s · prompt 833 tokens, none cached, 833 new in
                       0.29 s (2,872 T/s) · first token 0.30 s, total 3.26 s ·
                       draft 157/198 accepted (79%) · max_tokens reached
22:09:58.536 INFO:     #483 chat/completions (stream): 256 tokens generated at
                       62.9 T/s · prompt 63 tokens, none cached, 63 new in 0.07
                       s · first token 0.08 s, total 4.15 s · draft 129/254
                       accepted (51%) · max_tokens reached
22:09:58.580 INFO:     #492 chat/completions (stream): 68 prompt tokens ·
                       temperature: 0, greedy (req), max_tokens: 256 (req),
                       min_tokens: 256 (req)
22:09:58.684 INFO:     #493 chat/completions (stream): 70 prompt tokens ·
                       temperature: 0, greedy (req), max_tokens: 256 (req),
                       min_tokens: 256 (req)
22:09:59.235 INFO:     #488 chat/completions (stream): 256 tokens generated at
                       88.2 T/s · prompt 100 tokens, none cached, 100 new in
                       0.09 s · first token 0.10 s, total 3.00 s · draft 160/192
                       accepted (83%) · max_tokens reached
22:09:59.307 INFO:     #494 chat/completions (stream): 737 prompt tokens ·
                       temperature: 0, greedy (req), max_tokens: 256 (req),
                       min_tokens: 256 (req)
22:09:59.714 INFO:     #486 chat/completions (stream): 256 tokens generated at
                       64.2 T/s · prompt 61 tokens, none cached, 61 new in 0.07
                       s · first token 0.08 s, total 4.07 s · draft 133/246
                       accepted (54%) · max_tokens reached
22:09:59.782 INFO:     #495 chat/completions (stream): 61 prompt tokens ·
                       temperature: 0, greedy (req), max_tokens: 256 (req),
                       min_tokens: 256 (req)
22:09:59.926 INFO:     #487 chat/completions (stream): 256 tokens generated at
                       68.8 T/s · prompt 85 tokens, none cached, 85 new in 0.08
                       s · first token 0.09 s, total 3.81 s · draft 141/230
                       accepted (61%) · max_tokens reached
22:09:59.999 INFO:     #496 chat/completions (stream): 1,015 prompt tokens ·
                       temperature: 0, greedy (req), max_tokens: 256 (req),
                       min_tokens: 256 (req)
22:10:01.091 INFO:     #489 chat/completions (stream): 256 tokens generated at
                       74.0 T/s · prompt 723 tokens, none cached, 723 new in
                       0.28 s (2,582 T/s) · first token 0.29 s, total 3.74 s ·
                       draft 155/202 accepted (77%) · max_tokens reached
22:10:01.157 INFO:     #497 chat/completions (stream): 62 prompt tokens ·
                       temperature: 0, greedy (req), max_tokens: 256 (req),
                       min_tokens: 256 (req)
22:10:01.157 INFO:     #490 chat/completions (stream): 256 tokens generated at
                       76.4 T/s · prompt 120 tokens, none cached, 120 new in
                       0.10 s · first token 0.11 s, total 3.46 s · draft 155/202
                       accepted (77%) · max_tokens reached
22:10:01.310 INFO:     #498 chat/completions (stream): 84 prompt tokens ·
                       temperature: 0, greedy (req), max_tokens: 256 (req),
                       min_tokens: 256 (req)
22:10:02.130 INFO:     #492 chat/completions (stream): 256 tokens generated at
                       75.8 T/s · prompt 68 tokens, none cached, 68 new in 0.08
                       s · first token 0.09 s, total 3.46 s · draft 154/204
                       accepted (75%) · max_tokens reached
22:10:02.210 INFO:     #500 chat/completions (stream): 783 prompt tokens ·
                       temperature: 0, greedy (req), max_tokens: 256 (req),
                       min_tokens: 256 (req)
22:10:02.420 INFO:     #493 chat/completions (stream): 256 tokens generated at
                       76.1 T/s · prompt 70 tokens, none cached, 70 new in 0.08
                       s · first token 0.09 s, total 3.45 s · draft 151/210
                       accepted (72%) · max_tokens reached
22:10:02.514 INFO:     #501 chat/completions (stream): 766 prompt tokens ·
                       temperature: 0, greedy (req), max_tokens: 256 (req),
                       min_tokens: 256 (req)
22:10:02.975 INFO:     #491 chat/completions (stream): 256 tokens generated at
                       57.4 T/s · prompt 66 tokens, none cached, 66 new in 0.07
                       s · first token 0.08 s, total 4.53 s · draft 132/248
                       accepted (53%) · max_tokens reached
22:10:03.046 INFO:     #502 chat/completions (stream): 1,490 prompt tokens ·
                       temperature: 0, greedy (req), max_tokens: 256 (req),
                       min_tokens: 256 (req)
22:10:03.725 INFO:     #494 chat/completions (stream): 256 tokens generated at
                       63.5 T/s · prompt 737 tokens, none cached, 737 new in
                       0.29 s (2,541 T/s) · first token 0.30 s, total 4.33 s ·
                       draft 147/218 accepted (67%) · max_tokens reached
22:10:03.790 INFO:     #503 chat/completions (stream): 61 prompt tokens ·
                       temperature: 0, greedy (req), max_tokens: 256 (req),
                       min_tokens: 256 (req)
22:10:03.889 INFO:     #495 chat/completions (stream): 256 tokens generated at
                       66.2 T/s · prompt 61 tokens, none cached, 61 new in 0.07
                       s · first token 0.08 s, total 3.94 s · draft 151/210
                       accepted (72%) · max_tokens reached
22:10:03.957 INFO:     #504 chat/completions (stream): 65 prompt tokens ·
                       temperature: 0, greedy (req), max_tokens: 256 (req),
                       min_tokens: 256 (req)
22:10:04.146 INFO:     #496 chat/completions (stream): 256 tokens generated at
                       69.3 T/s · prompt 1,015 tokens, none cached, 1,015 new in
                       0.36 s (2,819 T/s) · first token 0.37 s, total 4.06 s ·
                       draft 150/212 accepted (71%) · max_tokens reached
22:10:04.227 INFO:     #505 chat/completions (stream): 89 prompt tokens ·
                       temperature: 0, greedy (req), max_tokens: 256 (req),
                       min_tokens: 256 (req)
22:10:04.898 INFO:     #498 chat/completions (stream): 256 tokens generated at
                       75.1 T/s · prompt 84 tokens, none cached, 84 new in 0.08
                       s · first token 0.09 s, total 3.49 s · draft 159/194
                       accepted (82%) · max_tokens reached
22:10:04.969 INFO:     #506 chat/completions (stream): 90 prompt tokens ·
                       temperature: 0, greedy (req), max_tokens: 256 (req),
                       min_tokens: 256 (req)
22:10:05.396 INFO:     #497 chat/completions (stream): 256 tokens generated at
                       63.0 T/s · prompt 62 tokens, none cached, 62 new in 0.08
                       s · first token 0.09 s, total 4.15 s · draft 139/234
                       accepted (59%) · max_tokens reached
22:10:05.468 INFO:     #507 chat/completions (stream): 875 prompt tokens ·
                       temperature: 0, greedy (req), max_tokens: 256 (req),
                       min_tokens: 256 (req)
22:10:06.206 INFO:     #500 chat/completions (stream): 256 tokens generated at
                       70.0 T/s · prompt 783 tokens, none cached, 783 new in
                       0.23 s (3,404 T/s) · first token 0.24 s, total 3.89 s ·
                       draft 155/202 accepted (77%) · max_tokens reached
22:10:06.277 INFO:     #508 chat/completions (stream): 749 prompt tokens ·
                       temperature: 0, greedy (req), max_tokens: 256 (req),
                       min_tokens: 256 (req)
22:10:06.681 INFO:     #501 chat/completions (stream): 256 tokens generated at
                       67.8 T/s · prompt 766 tokens, none cached, 766 new in
                       0.29 s (2,641 T/s) · first token 0.30 s, total 4.07 s ·
                       draft 150/212 accepted (71%) · max_tokens reached
22:10:06.749 INFO:     #509 chat/completions (stream): 94 prompt tokens ·
                       temperature: 0, greedy (req), max_tokens: 256 (req),
                       min_tokens: 256 (req)
22:10:07.108 INFO:     #502 chat/completions (stream): 256 tokens generated at
                       71.7 T/s · prompt 1,490 tokens, none cached, 1,490 new in
                       0.39 s (3,821 T/s) · first token 0.40 s, total 3.97 s ·
                       draft 147/218 accepted (67%) · max_tokens reached
22:10:07.179 INFO:     #510 chat/completions (stream): 1,065 prompt tokens ·
                       temperature: 0, greedy (req), max_tokens: 256 (req),
                       min_tokens: 256 (req)
22:10:07.579 INFO:     #503 chat/completions (stream): 256 tokens generated at
                       72.0 T/s · prompt 61 tokens, none cached, 61 new in 0.07
                       s · first token 0.08 s, total 3.63 s · draft 154/204
                       accepted (75%) · max_tokens reached
22:10:07.651 INFO:     #511 chat/completions (stream): 761 prompt tokens ·
                       temperature: 0, greedy (req), max_tokens: 256 (req),
                       min_tokens: 256 (req)
22:10:08.085 INFO:     #504 chat/completions (stream): 256 tokens generated at
                       64.6 T/s · prompt 65 tokens, none cached, 65 new in 0.07
                       s · first token 0.08 s, total 4.04 s · draft 148/216
                       accepted (69%) · max_tokens reached
22:10:08.149 INFO:     #505 chat/completions (stream): 256 tokens generated at
                       68.4 T/s · prompt 89 tokens, none cached, 89 new in 0.09
                       s · first token 0.10 s, total 3.84 s · draft 153/206
                       accepted (74%) · max_tokens reached
22:10:08.877 INFO:     #506 chat/completions (stream): 256 tokens generated at
                       68.3 T/s · prompt 90 tokens, none cached, 90 new in 0.08
                       s · first token 0.09 s, total 3.83 s · draft 144/224
                       accepted (64%) · max_tokens reached
22:10:09.143 INFO:     #507 chat/completions (stream): 256 tokens generated at
                       77.7 T/s · prompt 875 tokens, none cached, 875 new in
                       0.30 s (2,917 T/s) · first token 0.31 s, total 3.60 s ·
                       draft 147/218 accepted (67%) · max_tokens reached
22:10:09.302 INFO:     #508 chat/completions (stream): 256 tokens generated at
                       95.6 T/s · prompt 749 tokens, none cached, 749 new in
                       0.28 s (2,675 T/s) · first token 0.29 s, total 2.96 s ·
                       draft 160/201 accepted (80%) · max_tokens reached
22:10:09.315 INFO:     #509 chat/completions (stream): 256 tokens generated at
                       106.2 T/s · prompt 94 tokens, none cached, 94 new in 0.09
                       s · first token 0.10 s, total 2.51 s · draft 167/188
                       accepted (89%) · max_tokens reached
22:10:09.558 INFO:     #510 chat/completions (stream): 256 tokens generated at
                       126.1 T/s · prompt 1,065 tokens, none cached, 1,065 new
                       in 0.30 s (3,550 T/s) · first token 0.31 s, total 2.34 s
                       · draft 162/218 accepted (74%) · max_tokens reached
22:10:09.633 INFO:     #511 chat/completions (stream): 256 tokens generated at
                       152.6 T/s · prompt 761 tokens, none cached, 761 new in
                       0.29 s (2,624 T/s) · first token 0.30 s, total 1.97 s ·
                       draft 159/235 accepted (68%) · max_tokens reached
