21:54:12.215 INFO:     Sampler preset "qwen38_thinking": temperature 0.6, top_k
                       20, top_p 0.95
21:54:12.218 INFO:     exllamav3 version: 1.5.0
21:54:13.543 INFO:     Using main model MTP component for drafting
21:54:13.564 INFO:     Context: max_seq_len 262,144 tokens (configured),
                       cache_size 983,040 tokens
21:54:13.614 INFO:     Using tool format: qwen3_coder
21:54:13.614 INFO:     Using template "chat_template" for chat completions.
21:54:15.673 INFO:     Loading model
                       /models/qwen3.8-flash-next-exl3-2.50bpw-r0b0tlab (manual
                       GPU split)
Loading vision modules ━━━━━━━━━━━━━━━━━━━━━━━━━━━━━━━━━━━━━━ 100% 30/30 0:00:00
Loading draft modules  ━━━━━━━━━━━━━━━━━━━━━━━━━━━━━━━━━━━━━━ 100% 3/3   0:00:00
Loading model modules  ━━━━━━━━━━━━━━━━━━━━━━━━━━━━━━━━━━━━━━ 100% 53/53 0:00:00
EXL3_EMBED_GPU_PRUNED=1: embedding mirror 65536 of 248320 rows (320.0 MiB, prefix) on cuda:1
21:54:22.962 INFO:     Model loaded in 9.3 s

21:54:22.962 WARNING:  Disabling authentication makes your instance vulnerable.
                       Set the `disable_auth` flag to False in config.yml if you
                       want to share this instance with others.
21:54:22.963 WARNING:  With authentication disabled and `allowed_origins` left
                       at ["*"], any website open in a browser on this machine
                       can send requests to this instance and read the
                       responses, including admin endpoints. Set
                       `network.allowed_origins` to your own frontends (or [])
                       unless you use a browser-based frontend that needs it.
21:54:22.963 INFO:     Serving OAI API on http://0.0.0.0:8022 (docs at
                       http://0.0.0.0:8022/redoc)
21:54:24.970 INFO:     #3 completions: 3 prompt tokens · temperature: 0, greedy
                       (req), max_tokens: 16 (req)
densegemm lcguard: device 1: dense calls on the QSA side branch use the side scratch (hctr upper half, side slots)
densegemm lcguard: device 0: dense calls on the QSA side branch use the side scratch (hctr upper half, side slots)
21:54:25.359 INFO:     #3 completions: 16 tokens generated at 111.5 T/s · prompt
                       3 tokens, none cached, 3 new in 0.23 s · first token 0.24
                       s, total 0.38 s · draft 8/24 accepted (33%) · max_tokens
                       reached
21:54:25.588 INFO:     #5 chat/completions: 73 prompt tokens · temperature: 0,
                       greedy (req), max_tokens: 64 (req), min_tokens: 64 (req)
21:54:25.590 INFO:     #6 chat/completions: 73 prompt tokens · temperature: 0,
                       greedy (req), max_tokens: 64 (req), min_tokens: 64 (req)
21:54:26.068 INFO:     #6 chat/completions: 64 tokens generated at 249.3 T/s ·
                       prompt 73 tokens, none cached, 73 new in 0.08 s · queued
                       0.12 s, first token 0.20 s, total 0.46 s · draft 44/60
                       accepted (73%) · max_tokens reached
21:54:26.069 INFO:     #5 chat/completions: 64 tokens generated at 230.8 T/s ·
                       prompt 73 tokens, none cached, 73 new in 0.19 s · first
                       token 0.20 s, total 0.48 s · draft 42/66 accepted (64%) ·
                       max_tokens reached
21:54:37.053 INFO:     #10 chat/completions (stream): 92 prompt tokens ·
                       temperature: 0, greedy (req), max_tokens: 256 (req),
                       min_tokens: 256 (req)
21:54:37.164 INFO:     #11 chat/completions (stream): 511 prompt tokens ·
                       temperature: 0, greedy (req), max_tokens: 256 (req),
                       min_tokens: 256 (req)
21:54:38.551 INFO:     #10 chat/completions (stream): 256 tokens generated at
                       188.9 T/s · prompt 92 tokens, none cached, 92 new in 0.09
                       s · first token 0.10 s, total 1.45 s · draft 174/246
                       accepted (71%) · max_tokens reached
21:54:38.585 INFO:     #12 chat/completions (stream): 74 prompt tokens ·
                       temperature: 0, greedy (req), max_tokens: 256 (req),
                       min_tokens: 256 (req)
21:54:38.789 INFO:     #11 chat/completions (stream): 256 tokens generated at
                       199.2 T/s · prompt 511 tokens, none cached, 511 new in
                       0.29 s (1,762 T/s) · first token 0.30 s, total 1.58 s ·
                       draft 163/279 accepted (58%) · max_tokens reached
21:54:38.823 INFO:     #13 chat/completions (stream): 87 prompt tokens ·
                       temperature: 0, greedy (req), max_tokens: 256 (req),
                       min_tokens: 256 (req)
21:54:40.047 INFO:     #12 chat/completions (stream): 256 tokens generated at
                       191.9 T/s · prompt 74 tokens, none cached, 74 new in 0.08
                       s · first token 0.09 s, total 1.42 s · draft 159/291
                       accepted (55%) · max_tokens reached
21:54:40.069 INFO:     #14 chat/completions (stream): 105 prompt tokens ·
                       temperature: 0, greedy (req), max_tokens: 256 (req),
                       min_tokens: 256 (req)
21:54:40.190 INFO:     #13 chat/completions (stream): 256 tokens generated at
                       221.8 T/s · prompt 87 tokens, none cached, 87 new in 0.09
                       s · first token 0.10 s, total 1.25 s · draft 166/270
                       accepted (61%) · max_tokens reached
21:54:40.223 INFO:     #15 chat/completions (stream): 121 prompt tokens ·
                       temperature: 0, greedy (req), max_tokens: 256 (req),
                       min_tokens: 256 (req)
21:54:41.272 INFO:     #14 chat/completions (stream): 256 tokens generated at
                       241.4 T/s · prompt 105 tokens, none cached, 105 new in
                       0.09 s · first token 0.10 s, total 1.16 s · draft 181/225
                       accepted (80%) · max_tokens reached
21:54:41.305 INFO:     #16 chat/completions (stream): 74 prompt tokens ·
                       temperature: 0, greedy (req), max_tokens: 256 (req),
                       min_tokens: 256 (req)
21:54:41.494 INFO:     #15 chat/completions (stream): 256 tokens generated at
                       227.9 T/s · prompt 121 tokens, none cached, 121 new in
                       0.10 s · first token 0.10 s, total 1.23 s · draft 174/246
                       accepted (71%) · max_tokens reached
21:54:41.526 INFO:     #17 chat/completions (stream): 78 prompt tokens ·
                       temperature: 0, greedy (req), max_tokens: 256 (req),
                       min_tokens: 256 (req)
21:54:42.646 INFO:     #16 chat/completions (stream): 256 tokens generated at
                       210.9 T/s · prompt 74 tokens, none cached, 74 new in 0.08
                       s · first token 0.09 s, total 1.30 s · draft 168/264
                       accepted (64%) · max_tokens reached
21:54:42.678 INFO:     #18 chat/completions (stream): 62 prompt tokens ·
                       temperature: 0, greedy (req), max_tokens: 256 (req),
                       min_tokens: 256 (req)
21:54:42.887 INFO:     #17 chat/completions (stream): 256 tokens generated at
                       207.5 T/s · prompt 78 tokens, none cached, 78 new in 0.08
                       s · first token 0.08 s, total 1.32 s · draft 166/270
                       accepted (61%) · max_tokens reached
21:54:42.920 INFO:     #19 chat/completions (stream): 64 prompt tokens ·
                       temperature: 0, greedy (req), max_tokens: 256 (req),
                       min_tokens: 256 (req)
21:54:44.095 INFO:     #18 chat/completions (stream): 256 tokens generated at
                       197.6 T/s · prompt 62 tokens, none cached, 62 new in 0.07
                       s · first token 0.08 s, total 1.37 s · draft 163/279
                       accepted (58%) · max_tokens reached
21:54:44.129 INFO:     #20 chat/completions (stream): 89 prompt tokens ·
                       temperature: 0, greedy (req), max_tokens: 256 (req),
                       min_tokens: 256 (req)
21:54:44.417 INFO:     #19 chat/completions (stream): 256 tokens generated at
                       185.7 T/s · prompt 64 tokens, none cached, 64 new in 0.07
                       s · first token 0.07 s, total 1.45 s · draft 158/294
                       accepted (54%) · max_tokens reached
21:54:44.449 INFO:     #21 chat/completions (stream): 109 prompt tokens ·
                       temperature: 0, greedy (req), max_tokens: 256 (req),
                       min_tokens: 256 (req)
21:54:45.321 INFO:     #20 chat/completions (stream): 256 tokens generated at
                       241.6 T/s · prompt 89 tokens, none cached, 89 new in 0.09
                       s · first token 0.10 s, total 1.16 s · draft 180/228
                       accepted (79%) · max_tokens reached
21:54:45.355 INFO:     #22 chat/completions (stream): 829 prompt tokens ·
                       temperature: 0, greedy (req), max_tokens: 256 (req),
                       min_tokens: 256 (req)
21:54:46.003 INFO:     #21 chat/completions (stream): 256 tokens generated at
                       180.9 T/s · prompt 109 tokens, none cached, 109 new in
                       0.09 s · first token 0.09 s, total 1.51 s · draft 166/270
                       accepted (61%) · max_tokens reached
21:54:46.036 INFO:     #23 chat/completions (stream): 67 prompt tokens ·
                       temperature: 0, greedy (req), max_tokens: 256 (req),
                       min_tokens: 256 (req)
21:54:46.854 INFO:     #22 chat/completions (stream): 256 tokens generated at
                       217.1 T/s · prompt 829 tokens, none cached, 829 new in
                       0.27 s (3,070 T/s) · first token 0.28 s, total 1.46 s ·
                       draft 170/258 accepted (66%) · max_tokens reached
21:54:46.887 INFO:     #24 chat/completions (stream): 201 prompt tokens ·
                       temperature: 0, greedy (req), max_tokens: 256 (req),
                       min_tokens: 256 (req)
21:54:47.255 INFO:     #23 chat/completions (stream): 256 tokens generated at
                       233.8 T/s · prompt 67 tokens, none cached, 67 new in 0.08
                       s · first token 0.09 s, total 1.18 s · draft 178/234
                       accepted (76%) · max_tokens reached
21:54:47.288 INFO:     #26 chat/completions (stream): 88 prompt tokens ·
                       temperature: 0, greedy (req), max_tokens: 256 (req),
                       min_tokens: 256 (req)
21:54:48.223 INFO:     #24 chat/completions (stream): 256 tokens generated at
                       216.9 T/s · prompt 201 tokens, none cached, 201 new in
                       0.10 s · first token 0.11 s, total 1.29 s · draft 170/258
                       accepted (66%) · max_tokens reached
21:54:48.256 INFO:     #27 chat/completions (stream): 84 prompt tokens ·
                       temperature: 0, greedy (req), max_tokens: 256 (req),
                       min_tokens: 256 (req)
21:54:48.819 INFO:     #26 chat/completions (stream): 256 tokens generated at
                       182.9 T/s · prompt 88 tokens, none cached, 88 new in 0.08
                       s · first token 0.08 s, total 1.48 s · draft 153/309
                       accepted (50%) · max_tokens reached
21:54:48.854 INFO:     #28 chat/completions (stream): 735 prompt tokens ·
                       temperature: 0, greedy (req), max_tokens: 256 (req),
                       min_tokens: 256 (req)
21:54:49.862 INFO:     #27 chat/completions (stream): 256 tokens generated at
                       173.7 T/s · prompt 84 tokens, none cached, 84 new in 0.08
                       s · first token 0.09 s, total 1.56 s · draft 161/285
                       accepted (56%) · max_tokens reached
21:54:49.895 INFO:     #29 chat/completions (stream): 72 prompt tokens ·
                       temperature: 0, greedy (req), max_tokens: 256 (req),
                       min_tokens: 256 (req)
21:54:50.521 INFO:     #28 chat/completions (stream): 256 tokens generated at
                       189.3 T/s · prompt 735 tokens, none cached, 735 new in
                       0.27 s (2,722 T/s) · first token 0.28 s, total 1.63 s ·
                       draft 158/294 accepted (54%) · max_tokens reached
21:54:50.556 INFO:     #30 chat/completions (stream): 1,231 prompt tokens ·
                       temperature: 0, greedy (req), max_tokens: 256 (req),
                       min_tokens: 256 (req)
21:54:51.734 INFO:     #29 chat/completions (stream): 256 tokens generated at
                       149.2 T/s · prompt 72 tokens, none cached, 72 new in 0.08
                       s · first token 0.09 s, total 1.80 s · draft 149/321
                       accepted (46%) · max_tokens reached
21:54:51.767 INFO:     #31 chat/completions (stream): 134 prompt tokens ·
                       temperature: 0, greedy (req), max_tokens: 256 (req),
                       min_tokens: 256 (req)
21:54:52.231 INFO:     #30 chat/completions (stream): 256 tokens generated at
                       197.8 T/s · prompt 1,231 tokens, none cached, 1,231 new
                       in 0.33 s (3,730 T/s) · first token 0.34 s, total 1.63 s
                       · draft 165/273 accepted (60%) · max_tokens reached
21:54:52.268 INFO:     #32 chat/completions (stream): 1,082 prompt tokens ·
                       temperature: 0, greedy (req), max_tokens: 256 (req),
                       min_tokens: 256 (req)
21:54:53.210 INFO:     #31 chat/completions (stream): 256 tokens generated at
                       200.1 T/s · prompt 134 tokens, none cached, 134 new in
                       0.11 s · first token 0.12 s, total 1.39 s · draft 181/225
                       accepted (80%) · max_tokens reached
21:54:53.243 INFO:     #33 chat/completions (stream): 84 prompt tokens ·
                       temperature: 0, greedy (req), max_tokens: 256 (req),
                       min_tokens: 256 (req)
21:54:53.982 INFO:     #32 chat/completions (stream): 256 tokens generated at
                       190.1 T/s · prompt 1,082 tokens, none cached, 1,082 new
                       in 0.32 s (3,381 T/s) · first token 0.33 s, total 1.67 s
                       · draft 158/294 accepted (54%) · max_tokens reached
21:54:54.015 INFO:     #34 chat/completions (stream): 78 prompt tokens ·
                       temperature: 0, greedy (req), max_tokens: 256 (req),
                       min_tokens: 256 (req)
21:54:54.610 INFO:     #33 chat/completions (stream): 256 tokens generated at
                       207.4 T/s · prompt 84 tokens, none cached, 84 new in 0.08
                       s · first token 0.09 s, total 1.32 s · draft 167/267
                       accepted (63%) · max_tokens reached
21:54:54.642 INFO:     #35 chat/completions (stream): 70 prompt tokens ·
                       temperature: 0, greedy (req), max_tokens: 256 (req),
                       min_tokens: 256 (req)
21:54:55.390 INFO:     #34 chat/completions (stream): 256 tokens generated at
                       205.4 T/s · prompt 78 tokens, none cached, 78 new in 0.08
                       s · first token 0.09 s, total 1.33 s · draft 167/267
                       accepted (63%) · max_tokens reached
21:54:55.423 INFO:     #36 chat/completions (stream): 149 prompt tokens ·
                       temperature: 0, greedy (req), max_tokens: 256 (req),
                       min_tokens: 256 (req)
21:54:56.005 INFO:     #35 chat/completions (stream): 256 tokens generated at
                       207.2 T/s · prompt 70 tokens, none cached, 70 new in 0.08
                       s · first token 0.09 s, total 1.32 s · draft 168/264
                       accepted (64%) · max_tokens reached
21:54:56.037 INFO:     #37 chat/completions (stream): 258 prompt tokens ·
                       temperature: 0, greedy (req), max_tokens: 256 (req),
                       min_tokens: 256 (req)
21:54:56.795 INFO:     #36 chat/completions (stream): 256 tokens generated at
                       207.6 T/s · prompt 149 tokens, none cached, 149 new in
                       0.09 s · first token 0.10 s, total 1.33 s · draft 173/249
                       accepted (69%) · max_tokens reached
21:54:56.827 INFO:     #38 chat/completions (stream): 109 prompt tokens ·
                       temperature: 0, greedy (req), max_tokens: 256 (req),
                       min_tokens: 256 (req)
21:54:57.400 INFO:     #37 chat/completions (stream): 256 tokens generated at
                       226.2 T/s · prompt 258 tokens, none cached, 258 new in
                       0.18 s (1,433 T/s) · first token 0.19 s, total 1.32 s ·
                       draft 175/243 accepted (72%) · max_tokens reached
21:54:57.433 INFO:     #39 chat/completions (stream): 105 prompt tokens ·
                       temperature: 0, greedy (req), max_tokens: 256 (req),
                       min_tokens: 256 (req)
21:54:58.312 INFO:     #38 chat/completions (stream): 256 tokens generated at
                       190.4 T/s · prompt 109 tokens, none cached, 109 new in
                       0.09 s · first token 0.10 s, total 1.44 s · draft 159/291
                       accepted (55%) · max_tokens reached
21:54:58.346 INFO:     #40 chat/completions (stream): 788 prompt tokens ·
                       temperature: 0, greedy (req), max_tokens: 256 (req),
                       min_tokens: 256 (req)
21:54:58.923 INFO:     #39 chat/completions (stream): 256 tokens generated at
                       189.8 T/s · prompt 105 tokens, none cached, 105 new in
                       0.10 s · first token 0.11 s, total 1.45 s · draft 167/267
                       accepted (63%) · max_tokens reached
21:54:58.955 INFO:     #41 chat/completions (stream): 62 prompt tokens ·
                       temperature: 0, greedy (req), max_tokens: 256 (req),
                       min_tokens: 256 (req)
21:54:59.652 INFO:     #40 chat/completions (stream): 256 tokens generated at
                       247.4 T/s · prompt 788 tokens, none cached, 788 new in
                       0.22 s (3,582 T/s) · first token 0.23 s, total 1.26 s ·
                       draft 180/228 accepted (79%) · max_tokens reached
21:54:59.687 INFO:     #42 chat/completions (stream): 1,445 prompt tokens ·
                       temperature: 0, greedy (req), max_tokens: 256 (req),
                       min_tokens: 256 (req)
21:55:00.757 INFO:     #41 chat/completions (stream): 256 tokens generated at
                       152.0 T/s · prompt 62 tokens, none cached, 62 new in 0.07
                       s · first token 0.08 s, total 1.76 s · draft 154/306
                       accepted (50%) · max_tokens reached
21:55:00.789 INFO:     #43 chat/completions (stream): 159 prompt tokens ·
                       temperature: 0, greedy (req), max_tokens: 256 (req),
                       min_tokens: 256 (req)
21:55:01.480 INFO:     #42 chat/completions (stream): 256 tokens generated at
                       189.0 T/s · prompt 1,445 tokens, none cached, 1,445 new
                       in 0.39 s (3,705 T/s) · first token 0.40 s, total 1.75 s
                       · draft 158/294 accepted (54%) · max_tokens reached
21:55:01.515 INFO:     #44 chat/completions (stream): 705 prompt tokens ·
                       temperature: 0, greedy (req), max_tokens: 256 (req),
                       min_tokens: 256 (req)
21:55:02.114 INFO:     #43 chat/completions (stream): 256 tokens generated at
                       216.2 T/s · prompt 159 tokens, none cached, 159 new in
                       0.09 s · first token 0.10 s, total 1.28 s · draft 185/213
                       accepted (87%) · max_tokens reached
21:55:02.146 INFO:     #46 chat/completions (stream): 62 prompt tokens ·
                       temperature: 0, greedy (req), max_tokens: 256 (req),
                       min_tokens: 256 (req)
21:55:03.056 INFO:     #44 chat/completions (stream): 256 tokens generated at
                       210.9 T/s · prompt 705 tokens, none cached, 705 new in
                       0.28 s (2,518 T/s) · first token 0.29 s, total 1.50 s ·
                       draft 165/273 accepted (60%) · max_tokens reached
21:55:03.090 INFO:     #47 chat/completions (stream): 796 prompt tokens ·
                       temperature: 0, greedy (req), max_tokens: 256 (req),
                       min_tokens: 256 (req)
21:55:03.605 INFO:     #46 chat/completions (stream): 256 tokens generated at
                       190.7 T/s · prompt 62 tokens, none cached, 62 new in 0.07
                       s · first token 0.08 s, total 1.42 s · draft 165/273
                       accepted (60%) · max_tokens reached
21:55:03.637 INFO:     #48 chat/completions (stream): 93 prompt tokens ·
                       temperature: 0, greedy (req), max_tokens: 256 (req),
                       min_tokens: 256 (req)
21:55:04.615 INFO:     #47 chat/completions (stream): 256 tokens generated at
                       202.9 T/s · prompt 796 tokens, none cached, 796 new in
                       0.22 s (3,618 T/s) · first token 0.23 s, total 1.49 s ·
                       draft 163/279 accepted (58%) · max_tokens reached
21:55:04.647 INFO:     #49 chat/completions (stream): 94 prompt tokens ·
                       temperature: 0, greedy (req), max_tokens: 256 (req),
                       min_tokens: 256 (req)
21:55:04.817 INFO:     #48 chat/completions (stream): 256 tokens generated at
                       244.8 T/s · prompt 93 tokens, none cached, 93 new in 0.09
                       s · first token 0.10 s, total 1.14 s · draft 180/228
                       accepted (79%) · max_tokens reached
21:55:04.849 INFO:     #50 chat/completions (stream): 65 prompt tokens ·
                       temperature: 0, greedy (req), max_tokens: 256 (req),
                       min_tokens: 256 (req)
21:55:05.902 INFO:     #50 chat/completions (stream): 256 tokens generated at
                       270.8 T/s · prompt 65 tokens, none cached, 65 new in 0.08
                       s · first token 0.08 s, total 1.03 s · draft 181/225
                       accepted (80%) · max_tokens reached
21:55:05.905 INFO:     #49 chat/completions (stream): 256 tokens generated at
                       220.6 T/s · prompt 94 tokens, none cached, 94 new in 0.09
                       s · first token 0.10 s, total 1.26 s · draft 169/261
                       accepted (65%) · max_tokens reached
21:55:05.909 INFO:     #51 chat/completions (stream): 1,347 prompt tokens ·
                       temperature: 0, greedy (req), max_tokens: 256 (req),
                       min_tokens: 256 (req)
21:55:05.911 INFO:     #52 chat/completions (stream): 754 prompt tokens ·
                       temperature: 0, greedy (req), max_tokens: 256 (req),
                       min_tokens: 256 (req)
21:55:07.731 INFO:     #52 chat/completions (stream): 256 tokens generated at
                       228.8 T/s · prompt 754 tokens, none cached, 754 new in
                       0.38 s (1,984 T/s) · queued 0.28 s, first token 0.66 s,
                       total 1.78 s · draft 167/267 accepted (63%) · max_tokens
                       reached
21:55:07.762 INFO:     #53 chat/completions (stream): 73 prompt tokens ·
                       temperature: 0, greedy (req), max_tokens: 256 (req),
                       min_tokens: 256 (req)
21:55:07.972 INFO:     #51 chat/completions (stream): 256 tokens generated at
                       188.2 T/s · prompt 1,347 tokens, none cached, 1,347 new
                       in 0.65 s (2,072 T/s) · first token 0.66 s, total 2.02 s
                       · draft 153/309 accepted (50%) · max_tokens reached
21:55:08.004 INFO:     #54 chat/completions (stream): 758 prompt tokens ·
                       temperature: 0, greedy (req), max_tokens: 256 (req),
                       min_tokens: 256 (req)
21:55:09.220 INFO:     #53 chat/completions (stream): 256 tokens generated at
                       192.5 T/s · prompt 73 tokens, none cached, 73 new in 0.08
                       s · first token 0.09 s, total 1.42 s · draft 175/243
                       accepted (72%) · max_tokens reached
21:55:09.252 INFO:     #55 chat/completions (stream): 63 prompt tokens ·
                       temperature: 0, greedy (req), max_tokens: 256 (req),
                       min_tokens: 256 (req)
21:55:09.567 INFO:     #54 chat/completions (stream): 256 tokens generated at
                       215.1 T/s · prompt 758 tokens, none cached, 758 new in
                       0.33 s (2,297 T/s) · first token 0.33 s, total 1.53 s ·
                       draft 167/267 accepted (63%) · max_tokens reached
21:55:09.598 INFO:     #56 chat/completions (stream): 71 prompt tokens ·
                       temperature: 0, greedy (req), max_tokens: 256 (req),
                       min_tokens: 256 (req)
21:55:10.730 INFO:     #55 chat/completions (stream): 256 tokens generated at
                       188.1 T/s · prompt 63 tokens, none cached, 63 new in 0.07
                       s · first token 0.08 s, total 1.44 s · draft 153/309
                       accepted (50%) · max_tokens reached
21:55:10.763 INFO:     #57 chat/completions (stream): 71 prompt tokens ·
                       temperature: 0, greedy (req), max_tokens: 256 (req),
                       min_tokens: 256 (req)
21:55:11.026 INFO:     #56 chat/completions (stream): 256 tokens generated at
                       196.3 T/s · prompt 71 tokens, none cached, 71 new in 0.08
                       s · first token 0.08 s, total 1.39 s · draft 158/294
                       accepted (54%) · max_tokens reached
21:55:11.058 INFO:     #58 chat/completions (stream): 741 prompt tokens ·
                       temperature: 0, greedy (req), max_tokens: 256 (req),
                       min_tokens: 256 (req)
21:55:12.096 INFO:     #57 chat/completions (stream): 256 tokens generated at
                       211.5 T/s · prompt 71 tokens, none cached, 71 new in 0.08
                       s · first token 0.09 s, total 1.30 s · draft 179/231
                       accepted (77%) · max_tokens reached
21:55:12.127 INFO:     #59 chat/completions (stream): 117 prompt tokens ·
                       temperature: 0, greedy (req), max_tokens: 256 (req),
                       min_tokens: 256 (req)
21:55:12.578 INFO:     #58 chat/completions (stream): 256 tokens generated at
                       211.8 T/s · prompt 741 tokens, none cached, 741 new in
                       0.26 s (2,850 T/s) · first token 0.26 s, total 1.47 s ·
                       draft 166/270 accepted (61%) · max_tokens reached
21:55:12.610 INFO:     #60 chat/completions (stream): 72 prompt tokens ·
                       temperature: 0, greedy (req), max_tokens: 256 (req),
                       min_tokens: 256 (req)
21:55:13.471 INFO:     #59 chat/completions (stream): 256 tokens generated at
                       213.3 T/s · prompt 117 tokens, none cached, 117 new in
                       0.10 s · first token 0.11 s, total 1.31 s · draft 165/273
                       accepted (60%) · max_tokens reached
21:55:13.504 INFO:     #61 chat/completions (stream): 127 prompt tokens ·
                       temperature: 0, greedy (req), max_tokens: 256 (req),
                       min_tokens: 256 (req)
21:55:13.993 INFO:     #60 chat/completions (stream): 256 tokens generated at
                       203.2 T/s · prompt 72 tokens, none cached, 72 new in 0.08
                       s · first token 0.09 s, total 1.34 s · draft 163/279
                       accepted (58%) · max_tokens reached
21:55:14.025 INFO:     #62 chat/completions (stream): 62 prompt tokens ·
                       temperature: 0, greedy (req), max_tokens: 256 (req),
                       min_tokens: 256 (req)
21:55:14.814 INFO:     #61 chat/completions (stream): 256 tokens generated at
                       220.0 T/s · prompt 127 tokens, none cached, 127 new in
                       0.10 s · first token 0.11 s, total 1.27 s · draft 169/261
                       accepted (65%) · max_tokens reached
21:55:14.845 INFO:     #63 chat/completions (stream): 104 prompt tokens ·
                       temperature: 0, greedy (req), max_tokens: 256 (req),
                       min_tokens: 256 (req)
21:55:15.526 INFO:     #62 chat/completions (stream): 256 tokens generated at
                       184.7 T/s · prompt 62 tokens, none cached, 62 new in 0.07
                       s · first token 0.07 s, total 1.46 s · draft 154/306
                       accepted (50%) · max_tokens reached
21:55:15.558 INFO:     #64 chat/completions (stream): 67 prompt tokens ·
                       temperature: 0, greedy (req), max_tokens: 256 (req),
                       min_tokens: 256 (req)
21:55:16.276 INFO:     #63 chat/completions (stream): 256 tokens generated at
                       197.7 T/s · prompt 104 tokens, none cached, 104 new in
                       0.09 s · first token 0.10 s, total 1.39 s · draft 160/288
                       accepted (56%) · max_tokens reached
21:55:16.309 INFO:     #65 chat/completions (stream): 676 prompt tokens ·
                       temperature: 0, greedy (req), max_tokens: 256 (req),
                       min_tokens: 256 (req)
21:55:17.220 INFO:     #64 chat/completions (stream): 256 tokens generated at
                       166.4 T/s · prompt 67 tokens, none cached, 67 new in 0.07
                       s · first token 0.08 s, total 1.61 s · draft 153/309
                       accepted (50%) · max_tokens reached
21:55:17.253 INFO:     #67 chat/completions (stream): 802 prompt tokens ·
                       temperature: 0, greedy (req), max_tokens: 256 (req),
                       min_tokens: 256 (req)
21:55:18.043 INFO:     #65 chat/completions (stream): 256 tokens generated at
                       178.1 T/s · prompt 676 tokens, none cached, 676 new in
                       0.25 s (2,704 T/s) · first token 0.26 s, total 1.69 s ·
                       draft 161/285 accepted (56%) · max_tokens reached
21:55:18.077 INFO:     #68 chat/completions (stream): 992 prompt tokens ·
                       temperature: 0, greedy (req), max_tokens: 256 (req),
                       min_tokens: 256 (req)
21:55:18.960 INFO:     #67 chat/completions (stream): 256 tokens generated at
                       181.8 T/s · prompt 802 tokens, none cached, 802 new in
                       0.25 s (3,208 T/s) · first token 0.26 s, total 1.66 s ·
                       draft 166/270 accepted (61%) · max_tokens reached
21:55:18.993 INFO:     #69 chat/completions (stream): 68 prompt tokens ·
                       temperature: 0, greedy (req), max_tokens: 256 (req),
                       min_tokens: 256 (req)
21:55:19.536 INFO:     #68 chat/completions (stream): 256 tokens generated at
                       228.4 T/s · prompt 992 tokens, none cached, 992 new in
                       0.29 s (3,421 T/s) · first token 0.30 s, total 1.42 s ·
                       draft 173/249 accepted (69%) · max_tokens reached
21:55:19.569 INFO:     #70 chat/completions (stream): 785 prompt tokens ·
                       temperature: 0, greedy (req), max_tokens: 256 (req),
                       min_tokens: 256 (req)
21:55:20.448 INFO:     #69 chat/completions (stream): 256 tokens generated at
                       192.2 T/s · prompt 68 tokens, none cached, 68 new in 0.08
                       s · first token 0.09 s, total 1.42 s · draft 167/267
                       accepted (63%) · max_tokens reached
21:55:20.481 INFO:     #71 chat/completions (stream): 262 prompt tokens ·
                       temperature: 0, greedy (req), max_tokens: 256 (req),
                       min_tokens: 256 (req)
21:55:21.162 INFO:     #70 chat/completions (stream): 256 tokens generated at
                       192.0 T/s · prompt 785 tokens, none cached, 785 new in
                       0.21 s (3,738 T/s) · first token 0.22 s, total 1.55 s ·
                       draft 162/282 accepted (57%) · max_tokens reached
21:55:21.198 INFO:     #72 chat/completions (stream): 689 prompt tokens ·
                       temperature: 0, greedy (req), max_tokens: 256 (req),
                       min_tokens: 256 (req)
21:55:21.909 INFO:     #71 chat/completions (stream): 256 tokens generated at
                       207.5 T/s · prompt 262 tokens, none cached, 262 new in
                       0.15 s (1,747 T/s) · first token 0.16 s, total 1.39 s ·
                       draft 178/234 accepted (76%) · max_tokens reached
21:55:21.943 INFO:     #73 chat/completions (stream): 702 prompt tokens ·
                       temperature: 0, greedy (req), max_tokens: 256 (req),
                       min_tokens: 256 (req)
21:55:23.056 INFO:     #72 chat/completions (stream): 256 tokens generated at
                       164.6 T/s · prompt 689 tokens, none cached, 689 new in
                       0.26 s (2,650 T/s) · first token 0.27 s, total 1.82 s ·
                       draft 152/312 accepted (49%) · max_tokens reached
21:55:23.090 INFO:     #74 chat/completions (stream): 785 prompt tokens ·
                       temperature: 0, greedy (req), max_tokens: 256 (req),
                       min_tokens: 256 (req)
21:55:23.613 INFO:     #73 chat/completions (stream): 256 tokens generated at
                       187.5 T/s · prompt 702 tokens, none cached, 702 new in
                       0.26 s (2,700 T/s) · first token 0.27 s, total 1.63 s ·
                       draft 164/276 accepted (59%) · max_tokens reached
21:55:23.645 INFO:     #75 chat/completions (stream): 67 prompt tokens ·
                       temperature: 0, greedy (req), max_tokens: 256 (req),
                       min_tokens: 256 (req)
21:55:24.381 INFO:     #74 chat/completions (stream): 256 tokens generated at
                       249.9 T/s · prompt 785 tokens, none cached, 785 new in
                       0.22 s (3,568 T/s) · first token 0.23 s, total 1.25 s ·
                       draft 180/228 accepted (79%) · max_tokens reached
21:55:24.415 INFO:     #76 chat/completions (stream): 724 prompt tokens ·
                       temperature: 0, greedy (req), max_tokens: 256 (req),
                       min_tokens: 256 (req)
21:55:25.118 INFO:     #75 chat/completions (stream): 256 tokens generated at
                       189.3 T/s · prompt 67 tokens, none cached, 67 new in 0.08
                       s · first token 0.09 s, total 1.44 s · draft 168/264
                       accepted (64%) · max_tokens reached
21:55:25.150 INFO:     #77 chat/completions (stream): 414 prompt tokens ·
                       temperature: 0, greedy (req), max_tokens: 256 (req),
                       min_tokens: 256 (req)
21:55:26.160 INFO:     #76 chat/completions (stream): 256 tokens generated at
                       178.8 T/s · prompt 724 tokens, none cached, 724 new in
                       0.27 s (2,681 T/s) · first token 0.28 s, total 1.71 s ·
                       draft 159/291 accepted (55%) · max_tokens reached
21:55:26.198 INFO:     #78 chat/completions (stream): 63 prompt tokens ·
                       temperature: 0, greedy (req), max_tokens: 256 (req),
                       min_tokens: 256 (req)
21:55:26.696 INFO:     #77 chat/completions (stream): 256 tokens generated at
                       201.9 T/s · prompt 414 tokens, none cached, 414 new in
                       0.23 s (1,800 T/s) · first token 0.24 s, total 1.50 s ·
                       draft 161/285 accepted (56%) · max_tokens reached
21:55:26.728 INFO:     #79 chat/completions (stream): 104 prompt tokens ·
                       temperature: 0, greedy (req), max_tokens: 256 (req),
                       min_tokens: 256 (req)
21:55:27.585 INFO:     #78 chat/completions (stream): 256 tokens generated at
                       201.4 T/s · prompt 63 tokens, none cached, 63 new in 0.07
                       s · first token 0.08 s, total 1.35 s · draft 163/279
                       accepted (58%) · max_tokens reached
21:55:27.618 INFO:     #80 chat/completions (stream): 666 prompt tokens ·
                       temperature: 0, greedy (req), max_tokens: 256 (req),
                       min_tokens: 256 (req)
21:55:28.263 INFO:     #79 chat/completions (stream): 256 tokens generated at
                       183.7 T/s · prompt 104 tokens, none cached, 104 new in
                       0.09 s · first token 0.10 s, total 1.49 s · draft 165/273
                       accepted (60%) · max_tokens reached
21:55:28.295 INFO:     #81 chat/completions (stream): 90 prompt tokens ·
                       temperature: 0, greedy (req), max_tokens: 256 (req),
                       min_tokens: 256 (req)
21:55:29.287 INFO:     #80 chat/completions (stream): 256 tokens generated at
                       186.8 T/s · prompt 666 tokens, none cached, 666 new in
                       0.25 s (2,664 T/s) · first token 0.26 s, total 1.63 s ·
                       draft 156/300 accepted (52%) · max_tokens reached
21:55:29.319 INFO:     #82 chat/completions (stream): 61 prompt tokens ·
                       temperature: 0, greedy (req), max_tokens: 256 (req),
                       min_tokens: 256 (req)
21:55:29.673 INFO:     #81 chat/completions (stream): 256 tokens generated at
                       205.3 T/s · prompt 90 tokens, none cached, 90 new in 0.08
                       s · first token 0.09 s, total 1.33 s · draft 164/276
                       accepted (59%) · max_tokens reached
21:55:29.708 INFO:     #83 chat/completions (stream): 1,355 prompt tokens ·
                       temperature: 0, greedy (req), max_tokens: 256 (req),
                       min_tokens: 256 (req)
21:55:30.846 INFO:     #82 chat/completions (stream): 256 tokens generated at
                       181.4 T/s · prompt 61 tokens, none cached, 61 new in 0.07
                       s · first token 0.08 s, total 1.49 s · draft 170/258
                       accepted (66%) · max_tokens reached
21:55:30.878 INFO:     #84 chat/completions (stream): 67 prompt tokens ·
                       temperature: 0, greedy (req), max_tokens: 256 (req),
                       min_tokens: 256 (req)
21:55:31.374 INFO:     #83 chat/completions (stream): 256 tokens generated at
                       201.1 T/s · prompt 1,355 tokens, none cached, 1,355 new
                       in 0.35 s (3,871 T/s) · first token 0.36 s, total 1.63 s
                       · draft 161/285 accepted (56%) · max_tokens reached
21:55:31.410 INFO:     #85 chat/completions (stream): 1,173 prompt tokens ·
                       temperature: 0, greedy (req), max_tokens: 256 (req),
                       min_tokens: 256 (req)
21:55:32.444 INFO:     #84 chat/completions (stream): 256 tokens generated at
                       177.2 T/s · prompt 67 tokens, none cached, 67 new in 0.08
                       s · first token 0.09 s, total 1.53 s · draft 166/270
                       accepted (61%) · max_tokens reached
21:55:32.477 INFO:     #87 chat/completions (stream): 65 prompt tokens ·
                       temperature: 0, greedy (req), max_tokens: 256 (req),
                       min_tokens: 256 (req)
21:55:33.083 INFO:     #85 chat/completions (stream): 256 tokens generated at
                       194.3 T/s · prompt 1,173 tokens, none cached, 1,173 new
                       in 0.31 s (3,784 T/s) · first token 0.32 s, total 1.63 s
                       · draft 157/297 accepted (53%) · max_tokens reached
21:55:33.116 INFO:     #88 chat/completions (stream): 100 prompt tokens ·
                       temperature: 0, greedy (req), max_tokens: 256 (req),
                       min_tokens: 256 (req)
21:55:34.181 INFO:     #87 chat/completions (stream): 256 tokens generated at
                       161.6 T/s · prompt 65 tokens, none cached, 65 new in 0.07
                       s · first token 0.08 s, total 1.66 s · draft 137/357
                       accepted (38%) · max_tokens reached
21:55:34.214 INFO:     #89 chat/completions (stream): 110 prompt tokens ·
                       temperature: 0, greedy (req), max_tokens: 256 (req),
                       min_tokens: 256 (req)
21:55:34.366 INFO:     #88 chat/completions (stream): 256 tokens generated at
                       229.8 T/s · prompt 100 tokens, none cached, 100 new in
                       0.09 s · first token 0.10 s, total 1.21 s · draft 175/243
                       accepted (72%) · max_tokens reached
21:55:34.398 INFO:     #90 chat/completions (stream): 112 prompt tokens ·
                       temperature: 0, greedy (req), max_tokens: 256 (req),
                       min_tokens: 256 (req)
21:55:35.599 INFO:     #89 chat/completions (stream): 256 tokens generated at
                       205.6 T/s · prompt 110 tokens, none cached, 110 new in
                       0.09 s · first token 0.10 s, total 1.34 s · draft 164/276
                       accepted (59%) · max_tokens reached
21:55:35.631 INFO:     #91 chat/completions (stream): 64 prompt tokens ·
                       temperature: 0, greedy (req), max_tokens: 256 (req),
                       min_tokens: 256 (req)
21:55:35.784 INFO:     #90 chat/completions (stream): 256 tokens generated at
                       205.3 T/s · prompt 112 tokens, none cached, 112 new in
                       0.09 s · first token 0.10 s, total 1.34 s · draft 162/282
                       accepted (57%) · max_tokens reached
21:55:35.815 INFO:     #92 chat/completions (stream): 63 prompt tokens ·
                       temperature: 0, greedy (req), max_tokens: 256 (req),
                       min_tokens: 256 (req)
21:55:36.890 INFO:     #91 chat/completions (stream): 256 tokens generated at
                       224.2 T/s · prompt 64 tokens, none cached, 64 new in 0.07
                       s · first token 0.08 s, total 1.22 s · draft 171/255
                       accepted (67%) · max_tokens reached
21:55:36.923 INFO:     #93 chat/completions (stream): 794 prompt tokens ·
                       temperature: 0, greedy (req), max_tokens: 256 (req),
                       min_tokens: 256 (req)
21:55:37.388 INFO:     #92 chat/completions (stream): 256 tokens generated at
                       175.9 T/s · prompt 63 tokens, none cached, 63 new in 0.07
                       s · first token 0.08 s, total 1.53 s · draft 157/297
                       accepted (53%) · max_tokens reached
21:55:37.421 INFO:     #94 chat/completions (stream): 440 prompt tokens ·
                       temperature: 0, greedy (req), max_tokens: 256 (req),
                       min_tokens: 256 (req)
21:55:38.492 INFO:     #93 chat/completions (stream): 256 tokens generated at
                       195.6 T/s · prompt 794 tokens, none cached, 794 new in
                       0.21 s (3,781 T/s) · first token 0.22 s, total 1.52 s ·
                       draft 170/258 accepted (66%) · max_tokens reached
21:55:38.523 INFO:     #95 chat/completions (stream): 65 prompt tokens ·
                       temperature: 0, greedy (req), max_tokens: 256 (req),
                       min_tokens: 256 (req)
21:55:38.841 INFO:     #94 chat/completions (stream): 256 tokens generated at
                       223.9 T/s · prompt 440 tokens, none cached, 440 new in
                       0.23 s (1,913 T/s) · first token 0.24 s, total 1.38 s ·
                       draft 171/255 accepted (67%) · max_tokens reached
21:55:38.876 INFO:     #96 chat/completions (stream): 1,320 prompt tokens ·
                       temperature: 0, greedy (req), max_tokens: 256 (req),
                       min_tokens: 256 (req)
21:55:40.131 INFO:     #95 chat/completions (stream): 256 tokens generated at
                       171.9 T/s · prompt 65 tokens, none cached, 65 new in 0.07
                       s · first token 0.08 s, total 1.57 s · draft 162/282
                       accepted (57%) · max_tokens reached
21:55:40.165 INFO:     #97 chat/completions (stream): 795 prompt tokens ·
                       temperature: 0, greedy (req), max_tokens: 256 (req),
                       min_tokens: 256 (req)
21:55:40.789 INFO:     #96 chat/completions (stream): 256 tokens generated at
                       166.7 T/s · prompt 1,320 tokens, none cached, 1,320 new
                       in 0.33 s (4,000 T/s) · first token 0.34 s, total 1.87 s
                       · draft 151/315 accepted (48%) · max_tokens reached
21:55:40.821 INFO:     #98 chat/completions (stream): 267 prompt tokens ·
                       temperature: 0, greedy (req), max_tokens: 256 (req),
                       min_tokens: 256 (req)
21:55:41.532 INFO:     #97 chat/completions (stream): 256 tokens generated at
                       235.3 T/s · prompt 795 tokens, none cached, 795 new in
                       0.23 s (3,457 T/s) · first token 0.24 s, total 1.32 s ·
                       draft 181/225 accepted (80%) · max_tokens reached
21:55:41.565 INFO:     #99 chat/completions (stream): 300 prompt tokens ·
                       temperature: 0, greedy (req), max_tokens: 256 (req),
                       min_tokens: 256 (req)
21:55:42.233 INFO:     #98 chat/completions (stream): 256 tokens generated at
                       210.8 T/s · prompt 267 tokens, none cached, 267 new in
                       0.15 s (1,780 T/s) · first token 0.16 s, total 1.37 s ·
                       draft 174/246 accepted (71%) · max_tokens reached
21:55:42.265 INFO:     #100 chat/completions (stream): 73 prompt tokens ·
                       temperature: 0, greedy (req), max_tokens: 256 (req),
                       min_tokens: 256 (req)
21:55:43.015 INFO:     #99 chat/completions (stream): 256 tokens generated at
                       212.8 T/s · prompt 300 tokens, none cached, 300 new in
                       0.20 s (1,500 T/s) · first token 0.21 s, total 1.41 s ·
                       draft 166/270 accepted (61%) · max_tokens reached
21:55:43.049 INFO:     #101 chat/completions (stream): 64 prompt tokens ·
                       temperature: 0, greedy (req), max_tokens: 256 (req),
                       min_tokens: 256 (req)
21:55:43.625 INFO:     #100 chat/completions (stream): 256 tokens generated at
                       207.3 T/s · prompt 73 tokens, none cached, 73 new in 0.08
                       s · first token 0.09 s, total 1.32 s · draft 169/261
                       accepted (65%) · max_tokens reached
21:55:43.657 INFO:     #102 chat/completions (stream): 121 prompt tokens ·
                       temperature: 0, greedy (req), max_tokens: 256 (req),
                       min_tokens: 256 (req)
21:55:44.539 INFO:     #101 chat/completions (stream): 256 tokens generated at
                       187.3 T/s · prompt 64 tokens, none cached, 64 new in 0.08
                       s · first token 0.09 s, total 1.45 s · draft 161/285
                       accepted (56%) · max_tokens reached
21:55:44.572 INFO:     #103 chat/completions (stream): 464 prompt tokens ·
                       temperature: 0, greedy (req), max_tokens: 256 (req),
                       min_tokens: 256 (req)
21:55:45.086 INFO:     #102 chat/completions (stream): 256 tokens generated at
                       199.9 T/s · prompt 121 tokens, none cached, 121 new in
                       0.10 s · first token 0.11 s, total 1.39 s · draft 174/246
                       accepted (71%) · max_tokens reached
21:55:45.120 INFO:     #104 chat/completions (stream): 443 prompt tokens ·
                       temperature: 0, greedy (req), max_tokens: 256 (req),
                       min_tokens: 256 (req)
21:55:46.286 INFO:     #103 chat/completions (stream): 256 tokens generated at
                       180.5 T/s · prompt 464 tokens, none cached, 464 new in
                       0.25 s (1,856 T/s) · first token 0.26 s, total 1.67 s ·
                       draft 162/282 accepted (57%) · max_tokens reached
21:55:46.318 INFO:     #105 chat/completions (stream): 74 prompt tokens ·
                       temperature: 0, greedy (req), max_tokens: 256 (req),
                       min_tokens: 256 (req)
21:55:46.655 INFO:     #104 chat/completions (stream): 256 tokens generated at
                       205.0 T/s · prompt 443 tokens, none cached, 443 new in
                       0.24 s (1,846 T/s) · first token 0.25 s, total 1.49 s ·
                       draft 163/279 accepted (58%) · max_tokens reached
21:55:46.688 INFO:     #106 chat/completions (stream): 153 prompt tokens ·
                       temperature: 0, greedy (req), max_tokens: 256 (req),
                       min_tokens: 256 (req)
21:55:47.651 INFO:     #105 chat/completions (stream): 256 tokens generated at
                       211.9 T/s · prompt 74 tokens, none cached, 74 new in 0.08
                       s · first token 0.09 s, total 1.29 s · draft 168/264
                       accepted (64%) · max_tokens reached
21:55:47.683 INFO:     #108 chat/completions (stream): 63 prompt tokens ·
                       temperature: 0, greedy (req), max_tokens: 256 (req),
                       min_tokens: 256 (req)
21:55:47.864 INFO:     #106 chat/completions (stream): 256 tokens generated at
                       246.4 T/s · prompt 153 tokens, none cached, 153 new in
                       0.09 s · first token 0.10 s, total 1.13 s · draft 180/228
                       accepted (79%) · max_tokens reached
21:55:47.898 INFO:     #109 chat/completions (stream): 729 prompt tokens ·
                       temperature: 0, greedy (req), max_tokens: 256 (req),
                       min_tokens: 256 (req)
21:55:49.371 INFO:     #108 chat/completions (stream): 256 tokens generated at
                       164.8 T/s · prompt 63 tokens, none cached, 63 new in 0.07
                       s · first token 0.08 s, total 1.63 s · draft 155/303
                       accepted (51%) · max_tokens reached
21:55:49.404 INFO:     #110 chat/completions (stream): 789 prompt tokens ·
                       temperature: 0, greedy (req), max_tokens: 256 (req),
                       min_tokens: 256 (req)
21:55:49.787 INFO:     #109 chat/completions (stream): 256 tokens generated at
                       163.5 T/s · prompt 729 tokens, none cached, 729 new in
                       0.28 s (2,604 T/s) · first token 0.28 s, total 1.85 s ·
                       draft 151/315 accepted (48%) · max_tokens reached
21:55:49.819 INFO:     #111 chat/completions (stream): 168 prompt tokens ·
                       temperature: 0, greedy (req), max_tokens: 256 (req),
                       min_tokens: 256 (req)
21:55:50.942 INFO:     #111 chat/completions (stream): 256 tokens generated at
                       260.6 T/s · prompt 168 tokens, none cached, 168 new in
                       0.10 s · first token 0.11 s, total 1.09 s · draft 178/234
                       accepted (76%) · max_tokens reached
21:55:50.974 INFO:     #112 chat/completions (stream): 143 prompt tokens ·
                       temperature: 0, greedy (req), max_tokens: 256 (req),
                       min_tokens: 256 (req)
21:55:51.129 INFO:     #110 chat/completions (stream): 256 tokens generated at
                       190.9 T/s · prompt 789 tokens, none cached, 789 new in
                       0.22 s (3,586 T/s) · first token 0.23 s, total 1.57 s ·
                       draft 155/303 accepted (51%) · max_tokens reached
21:55:51.163 INFO:     #113 chat/completions (stream): 118 prompt tokens ·
                       temperature: 0, greedy (req), max_tokens: 256 (req),
                       min_tokens: 256 (req)
21:55:52.432 INFO:     #112 chat/completions (stream): 256 tokens generated at
                       196.5 T/s · prompt 143 tokens, none cached, 143 new in
                       0.11 s · first token 0.12 s, total 1.42 s · draft 163/279
                       accepted (58%) · max_tokens reached
21:55:52.466 INFO:     #114 chat/completions (stream): 273 prompt tokens ·
                       temperature: 0, greedy (req), max_tokens: 256 (req),
                       min_tokens: 256 (req)
21:55:52.777 INFO:     #113 chat/completions (stream): 256 tokens generated at
                       177.1 T/s · prompt 118 tokens, none cached, 118 new in
                       0.12 s · first token 0.13 s, total 1.57 s · draft 153/309
                       accepted (50%) · max_tokens reached
21:55:52.809 INFO:     #115 chat/completions (stream): 87 prompt tokens ·
                       temperature: 0, greedy (req), max_tokens: 256 (req),
                       min_tokens: 256 (req)
21:55:53.819 INFO:     #115 chat/completions (stream): 256 tokens generated at
                       284.4 T/s · prompt 87 tokens, none cached, 87 new in 0.08
                       s · first token 0.09 s, total 0.99 s · draft 186/210
                       accepted (89%) · max_tokens reached
21:55:53.822 INFO:     #114 chat/completions (stream): 256 tokens generated at
                       214.3 T/s · prompt 273 tokens, none cached, 273 new in
                       0.15 s (1,820 T/s) · first token 0.16 s, total 1.35 s ·
                       draft 168/264 accepted (64%) · max_tokens reached
21:55:53.823 INFO:     #116 chat/completions (stream): 130 prompt tokens ·
                       temperature: 0, greedy (req), max_tokens: 256 (req),
                       min_tokens: 256 (req)
21:55:53.824 INFO:     #117 chat/completions (stream): 63 prompt tokens ·
                       temperature: 0, greedy (req), max_tokens: 256 (req),
                       min_tokens: 256 (req)
21:55:55.028 INFO:     #116 chat/completions (stream): 256 tokens generated at
                       261.1 T/s · prompt 130 tokens, none cached, 130 new in
                       0.17 s · first token 0.18 s, total 1.16 s · draft 179/231
                       accepted (77%) · max_tokens reached
21:55:55.060 INFO:     #118 chat/completions (stream): 67 prompt tokens ·
                       temperature: 0, greedy (req), max_tokens: 256 (req),
                       min_tokens: 256 (req)
21:55:55.305 INFO:     #117 chat/completions (stream): 256 tokens generated at
                       203.6 T/s · prompt 63 tokens, none cached, 63 new in 0.07
                       s · queued 0.11 s, first token 0.18 s, total 1.44 s ·
                       draft 163/279 accepted (58%) · max_tokens reached
21:55:55.337 INFO:     #119 chat/completions (stream): 61 prompt tokens ·
                       temperature: 0, greedy (req), max_tokens: 256 (req),
                       min_tokens: 256 (req)
21:55:56.278 INFO:     #118 chat/completions (stream): 256 tokens generated at
                       233.4 T/s · prompt 67 tokens, none cached, 67 new in 0.08
                       s · first token 0.09 s, total 1.18 s · draft 174/246
                       accepted (71%) · max_tokens reached
21:55:56.311 INFO:     #120 chat/completions (stream): 96 prompt tokens ·
                       temperature: 0, greedy (req), max_tokens: 256 (req),
                       min_tokens: 256 (req)
21:55:56.703 INFO:     #119 chat/completions (stream): 256 tokens generated at
                       204.8 T/s · prompt 61 tokens, none cached, 61 new in 0.07
                       s · first token 0.07 s, total 1.32 s · draft 163/279
                       accepted (58%) · max_tokens reached
21:55:56.736 INFO:     #121 chat/completions (stream): 497 prompt tokens ·
                       temperature: 0, greedy (req), max_tokens: 256 (req),
                       min_tokens: 256 (req)
21:55:57.683 INFO:     #120 chat/completions (stream): 256 tokens generated at
                       206.9 T/s · prompt 96 tokens, none cached, 96 new in 0.09
                       s · first token 0.10 s, total 1.33 s · draft 178/234
                       accepted (76%) · max_tokens reached
21:55:57.716 INFO:     #122 chat/completions (stream): 357 prompt tokens ·
                       temperature: 0, greedy (req), max_tokens: 256 (req),
                       min_tokens: 256 (req)
21:55:58.379 INFO:     #121 chat/completions (stream): 256 tokens generated at
                       190.4 T/s · prompt 497 tokens, none cached, 497 new in
                       0.25 s (1,988 T/s) · first token 0.26 s, total 1.60 s ·
                       draft 168/264 accepted (64%) · max_tokens reached
21:55:58.411 INFO:     #123 chat/completions (stream): 82 prompt tokens ·
                       temperature: 0, greedy (req), max_tokens: 256 (req),
                       min_tokens: 256 (req)
21:55:59.222 INFO:     #122 chat/completions (stream): 256 tokens generated at
                       209.6 T/s · prompt 357 tokens, none cached, 357 new in
                       0.23 s (1,552 T/s) · first token 0.24 s, total 1.46 s ·
                       draft 166/270 accepted (61%) · max_tokens reached
21:55:59.256 INFO:     #124 chat/completions (stream): 851 prompt tokens ·
                       temperature: 0, greedy (req), max_tokens: 256 (req),
                       min_tokens: 256 (req)
21:56:00.045 INFO:     #123 chat/completions (stream): 256 tokens generated at
                       170.6 T/s · prompt 82 tokens, none cached, 82 new in 0.08
                       s · first token 0.09 s, total 1.59 s · draft 159/291
                       accepted (55%) · max_tokens reached
21:56:00.078 INFO:     #125 chat/completions (stream): 121 prompt tokens ·
                       temperature: 0, greedy (req), max_tokens: 256 (req),
                       min_tokens: 256 (req)
21:56:00.810 INFO:     #124 chat/completions (stream): 256 tokens generated at
                       209.7 T/s · prompt 851 tokens, none cached, 851 new in
                       0.29 s (2,934 T/s) · first token 0.30 s, total 1.52 s ·
                       draft 167/267 accepted (63%) · max_tokens reached
21:56:00.842 INFO:     #126 chat/completions (stream): 62 prompt tokens ·
                       temperature: 0, greedy (req), max_tokens: 256 (req),
                       min_tokens: 256 (req)
21:56:01.271 INFO:     #125 chat/completions (stream): 256 tokens generated at
                       244.5 T/s · prompt 121 tokens, none cached, 121 new in
                       0.10 s · first token 0.11 s, total 1.15 s · draft 179/231
                       accepted (77%) · max_tokens reached
21:56:01.302 INFO:     #127 chat/completions (stream): 95 prompt tokens ·
                       temperature: 0, greedy (req), max_tokens: 256 (req),
                       min_tokens: 256 (req)
21:56:02.245 INFO:     #126 chat/completions (stream): 256 tokens generated at
                       198.8 T/s · prompt 62 tokens, none cached, 62 new in 0.07
                       s · first token 0.08 s, total 1.36 s · draft 162/282
                       accepted (57%) · max_tokens reached
21:56:02.277 INFO:     #129 chat/completions (stream): 61 prompt tokens ·
                       temperature: 0, greedy (req), max_tokens: 256 (req),
                       min_tokens: 256 (req)
21:56:02.582 INFO:     #127 chat/completions (stream): 256 tokens generated at
                       223.1 T/s · prompt 95 tokens, none cached, 95 new in 0.09
                       s · first token 0.10 s, total 1.24 s · draft 171/255
                       accepted (67%) · max_tokens reached
21:56:02.617 INFO:     #130 chat/completions (stream): 1,431 prompt tokens ·
                       temperature: 0, greedy (req), max_tokens: 256 (req),
                       min_tokens: 256 (req)
21:56:04.059 INFO:     #129 chat/completions (stream): 256 tokens generated at
                       153.7 T/s · prompt 61 tokens, none cached, 61 new in 0.07
                       s · first token 0.08 s, total 1.74 s · draft 153/309
                       accepted (50%) · max_tokens reached
21:56:04.092 INFO:     #131 chat/completions (stream): 670 prompt tokens ·
                       temperature: 0, greedy (req), max_tokens: 256 (req),
                       min_tokens: 256 (req)
21:56:04.443 INFO:     #130 chat/completions (stream): 256 tokens generated at
                       182.1 T/s · prompt 1,431 tokens, none cached, 1,431 new
                       in 0.37 s (3,868 T/s) · first token 0.38 s, total 1.78 s
                       · draft 164/276 accepted (59%) · max_tokens reached
21:56:04.476 INFO:     #132 chat/completions (stream): 393 prompt tokens ·
                       temperature: 0, greedy (req), max_tokens: 256 (req),
                       min_tokens: 256 (req)
21:56:05.782 INFO:     #131 chat/completions (stream): 256 tokens generated at
                       184.2 T/s · prompt 670 tokens, none cached, 670 new in
                       0.25 s (2,680 T/s) · first token 0.26 s, total 1.65 s ·
                       draft 166/270 accepted (61%) · max_tokens reached
21:56:05.814 INFO:     #133 chat/completions (stream): 242 prompt tokens ·
                       temperature: 0, greedy (req), max_tokens: 256 (req),
                       min_tokens: 256 (req)
21:56:06.193 INFO:     #132 chat/completions (stream): 256 tokens generated at
                       180.6 T/s · prompt 393 tokens, none cached, 393 new in
                       0.25 s (1,572 T/s) · first token 0.26 s, total 1.67 s ·
                       draft 154/306 accepted (50%) · max_tokens reached
21:56:06.226 INFO:     #134 chat/completions (stream): 199 prompt tokens ·
                       temperature: 0, greedy (req), max_tokens: 256 (req),
                       min_tokens: 256 (req)
21:56:06.982 INFO:     #133 chat/completions (stream): 256 tokens generated at
                       254.6 T/s · prompt 242 tokens, none cached, 242 new in
                       0.12 s · first token 0.13 s, total 1.13 s · draft 185/213
                       accepted (87%) · max_tokens reached
21:56:07.016 INFO:     #135 chat/completions (stream): 412 prompt tokens ·
                       temperature: 0, greedy (req), max_tokens: 256 (req),
                       min_tokens: 256 (req)
21:56:07.903 INFO:     #134 chat/completions (stream): 256 tokens generated at
                       167.8 T/s · prompt 199 tokens, none cached, 199 new in
                       0.11 s · first token 0.12 s, total 1.64 s · draft 156/300
                       accepted (52%) · max_tokens reached
21:56:07.936 INFO:     #136 chat/completions (stream): 109 prompt tokens ·
                       temperature: 0, greedy (req), max_tokens: 256 (req),
                       min_tokens: 256 (req)
21:56:08.532 INFO:     #135 chat/completions (stream): 256 tokens generated at
                       213.6 T/s · prompt 412 tokens, none cached, 412 new in
                       0.27 s (1,526 T/s) · first token 0.28 s, total 1.47 s ·
                       draft 169/261 accepted (65%) · max_tokens reached
21:56:08.564 INFO:     #137 chat/completions (stream): 92 prompt tokens ·
                       temperature: 0, greedy (req), max_tokens: 256 (req),
                       min_tokens: 256 (req)
21:56:09.153 INFO:     #136 chat/completions (stream): 256 tokens generated at
                       238.2 T/s · prompt 109 tokens, none cached, 109 new in
                       0.10 s · first token 0.11 s, total 1.18 s · draft 178/234
                       accepted (76%) · max_tokens reached
21:56:09.191 INFO:     #138 chat/completions (stream): 98 prompt tokens ·
                       temperature: 0, greedy (req), max_tokens: 256 (req),
                       min_tokens: 256 (req)
21:56:10.127 INFO:     #137 chat/completions (stream): 256 tokens generated at
                       178.9 T/s · prompt 92 tokens, none cached, 92 new in 0.09
                       s · first token 0.10 s, total 1.53 s · draft 150/318
                       accepted (47%) · max_tokens reached
21:56:10.160 INFO:     #139 chat/completions (stream): 91 prompt tokens ·
                       temperature: 0, greedy (req), max_tokens: 256 (req),
                       min_tokens: 256 (req)
21:56:10.506 INFO:     #138 chat/completions (stream): 256 tokens generated at
                       217.3 T/s · prompt 98 tokens, none cached, 98 new in 0.09
                       s · first token 0.10 s, total 1.27 s · draft 171/255
                       accepted (67%) · max_tokens reached
21:56:10.540 INFO:     #140 chat/completions (stream): 774 prompt tokens ·
                       temperature: 0, greedy (req), max_tokens: 256 (req),
                       min_tokens: 256 (req)
21:56:11.456 INFO:     #139 chat/completions (stream): 256 tokens generated at
                       225.4 T/s · prompt 91 tokens, none cached, 91 new in 0.11
                       s · first token 0.12 s, total 1.25 s · draft 181/225
                       accepted (80%) · max_tokens reached
21:56:11.490 INFO:     #141 chat/completions (stream): 823 prompt tokens ·
                       temperature: 0, greedy (req), max_tokens: 256 (req),
                       min_tokens: 256 (req)
21:56:12.109 INFO:     #140 chat/completions (stream): 256 tokens generated at
                       194.8 T/s · prompt 774 tokens, none cached, 774 new in
                       0.21 s (3,686 T/s) · first token 0.22 s, total 1.53 s ·
                       draft 172/252 accepted (68%) · max_tokens reached
21:56:12.141 INFO:     #142 chat/completions (stream): 75 prompt tokens ·
                       temperature: 0, greedy (req), max_tokens: 256 (req),
                       min_tokens: 256 (req)
21:56:12.947 INFO:     #141 chat/completions (stream): 256 tokens generated at
                       224.0 T/s · prompt 823 tokens, none cached, 823 new in
                       0.27 s (3,048 T/s) · first token 0.28 s, total 1.42 s ·
                       draft 172/252 accepted (68%) · max_tokens reached
21:56:12.980 INFO:     #143 chat/completions (stream): 819 prompt tokens ·
                       temperature: 0, greedy (req), max_tokens: 256 (req),
                       min_tokens: 256 (req)
21:56:13.622 INFO:     #142 chat/completions (stream): 256 tokens generated at
                       188.8 T/s · prompt 75 tokens, none cached, 75 new in 0.08
                       s · first token 0.09 s, total 1.44 s · draft 171/255
                       accepted (67%) · max_tokens reached
21:56:13.655 INFO:     #144 chat/completions (stream): 125 prompt tokens ·
                       temperature: 0, greedy (req), max_tokens: 256 (req),
                       min_tokens: 256 (req)
21:56:14.383 INFO:     #143 chat/completions (stream): 256 tokens generated at
                       242.6 T/s · prompt 819 tokens, none cached, 819 new in
                       0.30 s (2,730 T/s) · first token 0.31 s, total 1.36 s ·
                       draft 179/231 accepted (77%) · max_tokens reached
21:56:14.418 INFO:     #145 chat/completions (stream): 763 prompt tokens ·
                       temperature: 0, greedy (req), max_tokens: 256 (req),
                       min_tokens: 256 (req)
21:56:15.032 INFO:     #144 chat/completions (stream): 256 tokens generated at
                       207.8 T/s · prompt 125 tokens, none cached, 125 new in
                       0.10 s · first token 0.11 s, total 1.34 s · draft 180/228
                       accepted (79%) · max_tokens reached
21:56:15.064 INFO:     #146 chat/completions (stream): 65 prompt tokens ·
                       temperature: 0, greedy (req), max_tokens: 256 (req),
                       min_tokens: 256 (req)
21:56:15.993 INFO:     #145 chat/completions (stream): 256 tokens generated at
                       205.7 T/s · prompt 763 tokens, none cached, 763 new in
                       0.28 s (2,725 T/s) · first token 0.29 s, total 1.53 s ·
                       draft 164/276 accepted (59%) · max_tokens reached
21:56:16.026 INFO:     #147 chat/completions (stream): 536 prompt tokens ·
                       temperature: 0, greedy (req), max_tokens: 256 (req),
                       min_tokens: 256 (req)
21:56:16.644 INFO:     #146 chat/completions (stream): 256 tokens generated at
                       175.1 T/s · prompt 65 tokens, none cached, 65 new in 0.07
                       s · first token 0.08 s, total 1.54 s · draft 156/300
                       accepted (52%) · max_tokens reached
21:56:16.676 INFO:     #148 chat/completions (stream): 106 prompt tokens ·
                       temperature: 0, greedy (req), max_tokens: 256 (req),
                       min_tokens: 256 (req)
21:56:17.583 INFO:     #147 chat/completions (stream): 256 tokens generated at
                       196.8 T/s · prompt 536 tokens, none cached, 536 new in
                       0.21 s (2,552 T/s) · first token 0.22 s, total 1.52 s ·
                       draft 160/288 accepted (56%) · max_tokens reached
21:56:17.615 INFO:     #150 chat/completions (stream): 70 prompt tokens ·
                       temperature: 0, greedy (req), max_tokens: 256 (req),
                       min_tokens: 256 (req)
21:56:18.003 INFO:     #148 chat/completions (stream): 256 tokens generated at
                       215.7 T/s · prompt 106 tokens, none cached, 106 new in
                       0.09 s · first token 0.10 s, total 1.28 s · draft 168/264
                       accepted (64%) · max_tokens reached
21:56:18.037 INFO:     #151 chat/completions (stream): 1,053 prompt tokens ·
                       temperature: 0, greedy (req), max_tokens: 256 (req),
                       min_tokens: 256 (req)
21:56:19.137 INFO:     #150 chat/completions (stream): 256 tokens generated at
                       183.3 T/s · prompt 70 tokens, none cached, 70 new in 0.08
                       s · first token 0.09 s, total 1.48 s · draft 164/276
                       accepted (59%) · max_tokens reached
21:56:19.172 INFO:     #152 chat/completions (stream): 1,100 prompt tokens ·
                       temperature: 0, greedy (req), max_tokens: 256 (req),
                       min_tokens: 256 (req)
21:56:19.790 INFO:     #151 chat/completions (stream): 256 tokens generated at
                       175.8 T/s · prompt 1,053 tokens, none cached, 1,053 new
                       in 0.25 s (4,212 T/s) · first token 0.26 s, total 1.71 s
                       · draft 165/273 accepted (60%) · max_tokens reached
21:56:19.824 INFO:     #153 chat/completions (stream): 411 prompt tokens ·
                       temperature: 0, greedy (req), max_tokens: 256 (req),
                       min_tokens: 256 (req)
21:56:20.770 INFO:     #152 chat/completions (stream): 256 tokens generated at
                       207.4 T/s · prompt 1,100 tokens, none cached, 1,100 new
                       in 0.32 s (3,438 T/s) · first token 0.33 s, total 1.56 s
                       · draft 176/240 accepted (73%) · max_tokens reached
21:56:20.804 INFO:     #154 chat/completions (stream): 128 prompt tokens ·
                       temperature: 0, greedy (req), max_tokens: 256 (req),
                       min_tokens: 256 (req)
21:56:21.141 INFO:     #153 chat/completions (stream): 256 tokens generated at
                       245.7 T/s · prompt 411 tokens, none cached, 411 new in
                       0.23 s (1,787 T/s) · first token 0.24 s, total 1.28 s ·
                       draft 182/222 accepted (82%) · max_tokens reached
21:56:21.172 INFO:     #155 chat/completions (stream): 84 prompt tokens ·
                       temperature: 0, greedy (req), max_tokens: 256 (req),
                       min_tokens: 256 (req)
21:56:21.964 INFO:     #154 chat/completions (stream): 256 tokens generated at
                       252.5 T/s · prompt 128 tokens, none cached, 128 new in
                       0.10 s · first token 0.11 s, total 1.12 s · draft 182/222
                       accepted (82%) · max_tokens reached
21:56:21.997 INFO:     #156 chat/completions (stream): 74 prompt tokens ·
                       temperature: 0, greedy (req), max_tokens: 256 (req),
                       min_tokens: 256 (req)
21:56:22.619 INFO:     #155 chat/completions (stream): 256 tokens generated at
                       195.3 T/s · prompt 84 tokens, none cached, 84 new in 0.09
                       s · first token 0.09 s, total 1.41 s · draft 158/294
                       accepted (54%) · max_tokens reached
21:56:22.650 INFO:     #157 chat/completions (stream): 61 prompt tokens ·
                       temperature: 0, greedy (req), max_tokens: 256 (req),
                       min_tokens: 256 (req)
21:56:23.631 INFO:     #156 chat/completions (stream): 256 tokens generated at
                       169.5 T/s · prompt 74 tokens, none cached, 74 new in 0.08
                       s · first token 0.09 s, total 1.60 s · draft 142/342
                       accepted (42%) · max_tokens reached
21:56:23.664 INFO:     #158 chat/completions (stream): 80 prompt tokens ·
                       temperature: 0, greedy (req), max_tokens: 256 (req),
                       min_tokens: 256 (req)
21:56:24.011 INFO:     #157 chat/completions (stream): 256 tokens generated at
                       205.8 T/s · prompt 61 tokens, none cached, 61 new in 0.07
                       s · first token 0.08 s, total 1.32 s · draft 164/276
                       accepted (59%) · max_tokens reached
21:56:24.043 INFO:     #159 chat/completions (stream): 112 prompt tokens ·
                       temperature: 0, greedy (req), max_tokens: 256 (req),
                       min_tokens: 256 (req)
21:56:24.957 INFO:     #158 chat/completions (stream): 256 tokens generated at
                       220.0 T/s · prompt 80 tokens, none cached, 80 new in 0.08
                       s · first token 0.09 s, total 1.25 s · draft 172/252
                       accepted (68%) · max_tokens reached
21:56:24.991 INFO:     #160 chat/completions (stream): 83 prompt tokens ·
                       temperature: 0, greedy (req), max_tokens: 256 (req),
                       min_tokens: 256 (req)
21:56:25.224 INFO:     #159 chat/completions (stream): 256 tokens generated at
                       246.7 T/s · prompt 112 tokens, none cached, 112 new in
                       0.10 s · first token 0.11 s, total 1.14 s · draft 181/225
                       accepted (80%) · max_tokens reached
21:56:25.257 INFO:     #161 chat/completions (stream): 100 prompt tokens ·
                       temperature: 0, greedy (req), max_tokens: 256 (req),
                       min_tokens: 256 (req)
21:56:26.411 INFO:     #160 chat/completions (stream): 256 tokens generated at
                       195.3 T/s · prompt 83 tokens, none cached, 83 new in 0.08
                       s · first token 0.09 s, total 1.40 s · draft 159/291
                       accepted (55%) · max_tokens reached
21:56:26.413 INFO:     #161 chat/completions (stream): 256 tokens generated at
                       242.5 T/s · prompt 100 tokens, none cached, 100 new in
                       0.09 s · first token 0.10 s, total 1.15 s · draft 172/252
                       accepted (68%) · max_tokens reached
21:56:26.414 INFO:     #162 chat/completions (stream): 127 prompt tokens ·
                       temperature: 0, greedy (req), max_tokens: 256 (req),
                       min_tokens: 256 (req)
21:56:26.416 INFO:     #163 chat/completions (stream): 90 prompt tokens ·
                       temperature: 0, greedy (req), max_tokens: 256 (req),
                       min_tokens: 256 (req)
21:56:27.594 INFO:     #162 chat/completions (stream): 256 tokens generated at
                       271.3 T/s · prompt 127 tokens, none cached, 127 new in
                       0.18 s · first token 0.19 s, total 1.13 s · draft 182/222
                       accepted (82%) · max_tokens reached
21:56:27.627 INFO:     #164 chat/completions (stream): 63 prompt tokens ·
                       temperature: 0, greedy (req), max_tokens: 256 (req),
                       min_tokens: 256 (req)
21:56:27.782 INFO:     #163 chat/completions (stream): 256 tokens generated at
                       226.1 T/s · prompt 90 tokens, none cached, 90 new in 0.08
                       s · queued 0.11 s, first token 0.19 s, total 1.32 s ·
                       draft 172/252 accepted (68%) · max_tokens reached
21:56:27.813 INFO:     #165 chat/completions (stream): 104 prompt tokens ·
                       temperature: 0, greedy (req), max_tokens: 256 (req),
                       min_tokens: 256 (req)
21:56:29.015 INFO:     #164 chat/completions (stream): 256 tokens generated at
                       201.4 T/s · prompt 63 tokens, none cached, 63 new in 0.07
                       s · first token 0.08 s, total 1.35 s · draft 163/279
                       accepted (58%) · max_tokens reached
21:56:29.047 INFO:     #166 chat/completions (stream): 80 prompt tokens ·
                       temperature: 0, greedy (req), max_tokens: 256 (req),
                       min_tokens: 256 (req)
21:56:29.276 INFO:     #165 chat/completions (stream): 256 tokens generated at
                       193.3 T/s · prompt 104 tokens, none cached, 104 new in
                       0.09 s · first token 0.09 s, total 1.42 s · draft 158/294
                       accepted (54%) · max_tokens reached
21:56:29.307 INFO:     #167 chat/completions (stream): 82 prompt tokens ·
                       temperature: 0, greedy (req), max_tokens: 256 (req),
                       min_tokens: 256 (req)
21:56:30.528 INFO:     #166 chat/completions (stream): 256 tokens generated at
                       188.9 T/s · prompt 80 tokens, none cached, 80 new in 0.08
                       s · first token 0.09 s, total 1.44 s · draft 156/300
                       accepted (52%) · max_tokens reached
21:56:30.562 INFO:     #168 chat/completions (stream): 809 prompt tokens ·
                       temperature: 0, greedy (req), max_tokens: 256 (req),
                       min_tokens: 256 (req)
21:56:31.020 INFO:     #167 chat/completions (stream): 256 tokens generated at
                       161.6 T/s · prompt 82 tokens, none cached, 82 new in 0.08
                       s · first token 0.09 s, total 1.67 s · draft 151/315
                       accepted (48%) · max_tokens reached
21:56:31.052 INFO:     #169 chat/completions (stream): 77 prompt tokens ·
                       temperature: 0, greedy (req), max_tokens: 256 (req),
                       min_tokens: 256 (req)
21:56:32.065 INFO:     #168 chat/completions (stream): 256 tokens generated at
                       214.3 T/s · prompt 809 tokens, none cached, 809 new in
                       0.26 s (3,112 T/s) · first token 0.27 s, total 1.46 s ·
                       draft 167/267 accepted (63%) · max_tokens reached
21:56:32.096 INFO:     #171 chat/completions (stream): 64 prompt tokens ·
                       temperature: 0, greedy (req), max_tokens: 256 (req),
                       min_tokens: 256 (req)
21:56:32.274 INFO:     #169 chat/completions (stream): 256 tokens generated at
                       233.5 T/s · prompt 77 tokens, none cached, 77 new in 0.08
                       s · first token 0.09 s, total 1.18 s · draft 175/243
                       accepted (72%) · max_tokens reached
21:56:32.305 INFO:     #172 chat/completions (stream): 104 prompt tokens ·
                       temperature: 0, greedy (req), max_tokens: 256 (req),
                       min_tokens: 256 (req)
21:56:33.364 INFO:     #171 chat/completions (stream): 256 tokens generated at
                       220.4 T/s · prompt 64 tokens, none cached, 64 new in 0.07
                       s · first token 0.08 s, total 1.24 s · draft 172/252
                       accepted (68%) · max_tokens reached
21:56:33.367 INFO:     #172 chat/completions (stream): 256 tokens generated at
                       266.4 T/s · prompt 104 tokens, none cached, 104 new in
                       0.09 s · first token 0.09 s, total 1.06 s · draft 180/228
                       accepted (79%) · max_tokens reached
21:56:33.368 INFO:     #173 chat/completions (stream): 66 prompt tokens ·
                       temperature: 0, greedy (req), max_tokens: 256 (req),
                       min_tokens: 256 (req)
21:56:33.472 INFO:     #174 chat/completions (stream): 786 prompt tokens ·
                       temperature: 0, greedy (req), max_tokens: 256 (req),
                       min_tokens: 256 (req)
21:56:34.799 INFO:     #173 chat/completions (stream): 256 tokens generated at
                       194.4 T/s · prompt 66 tokens, none cached, 66 new in 0.08
                       s · first token 0.09 s, total 1.40 s · draft 169/261
                       accepted (65%) · max_tokens reached
21:56:34.801 INFO:     #174 chat/completions (stream): 256 tokens generated at
                       229.7 T/s · prompt 786 tokens, none cached, 786 new in
                       0.21 s (3,743 T/s) · first token 0.21 s, total 1.33 s ·
                       draft 169/261 accepted (65%) · max_tokens reached
21:56:34.802 INFO:     #175 chat/completions (stream): 67 prompt tokens ·
                       temperature: 0, greedy (req), max_tokens: 256 (req),
                       min_tokens: 256 (req)
21:56:34.905 INFO:     #176 chat/completions (stream): 831 prompt tokens ·
                       temperature: 0, greedy (req), max_tokens: 256 (req),
                       min_tokens: 256 (req)
21:56:36.428 INFO:     #175 chat/completions (stream): 256 tokens generated at
                       169.2 T/s · prompt 67 tokens, none cached, 67 new in 0.07
                       s · first token 0.08 s, total 1.59 s · draft 157/297
                       accepted (53%) · max_tokens reached
21:56:36.432 INFO:     #176 chat/completions (stream): 256 tokens generated at
                       205.2 T/s · prompt 831 tokens, none cached, 831 new in
                       0.27 s (3,078 T/s) · first token 0.27 s, total 1.52 s ·
                       draft 157/297 accepted (53%) · max_tokens reached
21:56:36.433 INFO:     #177 chat/completions (stream): 731 prompt tokens ·
                       temperature: 0, greedy (req), max_tokens: 256 (req),
                       min_tokens: 256 (req)
21:56:36.707 INFO:     #178 chat/completions (stream): 87 prompt tokens ·
                       temperature: 0, greedy (req), max_tokens: 256 (req),
                       min_tokens: 256 (req)
21:56:37.836 INFO:     #178 chat/completions (stream): 256 tokens generated at
                       254.6 T/s · prompt 87 tokens, none cached, 87 new in 0.09
                       s · first token 0.10 s, total 1.10 s · draft 177/237
                       accepted (75%) · max_tokens reached
21:56:37.840 INFO:     #177 chat/completions (stream): 256 tokens generated at
                       224.9 T/s · prompt 731 tokens, none cached, 731 new in
                       0.26 s (2,812 T/s) · first token 0.27 s, total 1.40 s ·
                       draft 173/249 accepted (69%) · max_tokens reached
21:56:37.841 INFO:     #179 chat/completions (stream): 1,138 prompt tokens ·
                       temperature: 0, greedy (req), max_tokens: 256 (req),
                       min_tokens: 256 (req)
21:56:38.177 INFO:     #180 chat/completions (stream): 128 prompt tokens ·
                       temperature: 0, greedy (req), max_tokens: 256 (req),
                       min_tokens: 256 (req)
21:56:39.363 INFO:     #179 chat/completions (stream): 256 tokens generated at
                       214.4 T/s · prompt 1,138 tokens, none cached, 1,138 new
                       in 0.32 s (3,556 T/s) · first token 0.33 s, total 1.52 s
                       · draft 171/255 accepted (67%) · max_tokens reached
21:56:39.364 INFO:     #180 chat/completions (stream): 256 tokens generated at
                       237.3 T/s · prompt 128 tokens, none cached, 128 new in
                       0.10 s · first token 0.11 s, total 1.18 s · draft 172/252
                       accepted (68%) · max_tokens reached
21:56:39.368 INFO:     #181 chat/completions (stream): 592 prompt tokens ·
                       temperature: 0, greedy (req), max_tokens: 256 (req),
                       min_tokens: 256 (req)
21:56:39.369 INFO:     #182 chat/completions (stream): 63 prompt tokens ·
                       temperature: 0, greedy (req), max_tokens: 256 (req),
                       min_tokens: 256 (req)
21:56:40.973 INFO:     #181 chat/completions (stream): 256 tokens generated at
                       205.9 T/s · prompt 592 tokens, none cached, 592 new in
                       0.31 s (1,910 T/s) · first token 0.32 s, total 1.56 s ·
                       draft 159/291 accepted (55%) · max_tokens reached
21:56:41.007 INFO:     #183 chat/completions (stream): 654 prompt tokens ·
                       temperature: 0, greedy (req), max_tokens: 256 (req),
                       min_tokens: 256 (req)
21:56:41.411 INFO:     #182 chat/completions (stream): 256 tokens generated at
                       144.5 T/s · prompt 63 tokens, none cached, 63 new in 0.07
                       s · queued 0.16 s, first token 0.23 s, total 2.00 s ·
                       draft 147/327 accepted (45%) · max_tokens reached
21:56:41.444 INFO:     #184 chat/completions (stream): 586 prompt tokens ·
                       temperature: 0, greedy (req), max_tokens: 256 (req),
                       min_tokens: 256 (req)
21:56:42.905 INFO:     #184 chat/completions (stream): 256 tokens generated at
                       216.1 T/s · prompt 586 tokens, none cached, 586 new in
                       0.24 s (2,442 T/s) · first token 0.25 s, total 1.43 s ·
                       draft 164/276 accepted (59%) · max_tokens reached
21:56:42.908 INFO:     #183 chat/completions (stream): 256 tokens generated at
                       162.8 T/s · prompt 654 tokens, none cached, 654 new in
                       0.32 s (2,044 T/s) · first token 0.33 s, total 1.90 s ·
                       draft 150/318 accepted (47%) · max_tokens reached
21:56:42.909 INFO:     #185 chat/completions (stream): 212 prompt tokens ·
                       temperature: 0, greedy (req), max_tokens: 256 (req),
                       min_tokens: 256 (req)
21:56:43.049 INFO:     #186 chat/completions (stream): 960 prompt tokens ·
                       temperature: 0, greedy (req), max_tokens: 256 (req),
                       min_tokens: 256 (req)
21:56:44.388 INFO:     #185 chat/completions (stream): 256 tokens generated at
                       193.3 T/s · prompt 212 tokens, none cached, 212 new in
                       0.11 s · first token 0.12 s, total 1.44 s · draft 177/237
                       accepted (75%) · max_tokens reached
21:56:44.421 INFO:     #187 chat/completions (stream): 77 prompt tokens ·
                       temperature: 0, greedy (req), max_tokens: 256 (req),
                       min_tokens: 256 (req)
21:56:44.727 INFO:     #186 chat/completions (stream): 256 tokens generated at
                       194.0 T/s · prompt 960 tokens, none cached, 960 new in
                       0.31 s (3,097 T/s) · first token 0.32 s, total 1.64 s ·
                       draft 159/291 accepted (55%) · max_tokens reached
21:56:44.761 INFO:     #188 chat/completions (stream): 819 prompt tokens ·
                       temperature: 0, greedy (req), max_tokens: 256 (req),
                       min_tokens: 256 (req)
21:56:45.990 INFO:     #187 chat/completions (stream): 256 tokens generated at
                       177.4 T/s · prompt 77 tokens, none cached, 77 new in 0.08
                       s · first token 0.09 s, total 1.53 s · draft 163/279
                       accepted (58%) · max_tokens reached
21:56:46.024 INFO:     #189 chat/completions (stream): 780 prompt tokens ·
                       temperature: 0, greedy (req), max_tokens: 256 (req),
                       min_tokens: 256 (req)
21:56:46.337 INFO:     #188 chat/completions (stream): 256 tokens generated at
                       203.7 T/s · prompt 819 tokens, none cached, 819 new in
                       0.27 s (3,033 T/s) · first token 0.28 s, total 1.53 s ·
                       draft 175/243 accepted (72%) · max_tokens reached
21:56:46.370 INFO:     #190 chat/completions (stream): 134 prompt tokens ·
                       temperature: 0, greedy (req), max_tokens: 256 (req),
                       min_tokens: 256 (req)
21:56:47.484 INFO:     #190 chat/completions (stream): 256 tokens generated at
                       264.6 T/s · prompt 134 tokens, none cached, 134 new in
                       0.11 s · first token 0.12 s, total 1.08 s · draft 181/225
                       accepted (80%) · max_tokens reached
21:56:47.487 INFO:     #189 chat/completions (stream): 256 tokens generated at
                       211.4 T/s · prompt 780 tokens, none cached, 780 new in
                       0.24 s (3,250 T/s) · first token 0.25 s, total 1.46 s ·
                       draft 169/261 accepted (65%) · max_tokens reached
21:56:47.489 INFO:     #192 chat/completions (stream): 695 prompt tokens ·
                       temperature: 0, greedy (req), max_tokens: 256 (req),
                       min_tokens: 256 (req)
21:56:47.773 INFO:     #193 chat/completions (stream): 88 prompt tokens ·
                       temperature: 0, greedy (req), max_tokens: 256 (req),
                       min_tokens: 256 (req)
21:56:49.022 INFO:     #193 chat/completions (stream): 256 tokens generated at
                       225.3 T/s · prompt 88 tokens, none cached, 88 new in 0.09
                       s · first token 0.10 s, total 1.23 s · draft 167/267
                       accepted (63%) · max_tokens reached
21:56:49.025 INFO:     #192 chat/completions (stream): 256 tokens generated at
                       203.4 T/s · prompt 695 tokens, none cached, 695 new in
                       0.27 s (2,574 T/s) · first token 0.28 s, total 1.53 s ·
                       draft 164/276 accepted (59%) · max_tokens reached
21:56:49.027 INFO:     #194 chat/completions (stream): 516 prompt tokens ·
                       temperature: 0, greedy (req), max_tokens: 256 (req),
                       min_tokens: 256 (req)
21:56:49.028 INFO:     #195 chat/completions (stream): 93 prompt tokens ·
                       temperature: 0, greedy (req), max_tokens: 256 (req),
                       min_tokens: 256 (req)
21:56:50.309 INFO:     #195 chat/completions (stream): 256 tokens generated at
                       260.6 T/s · prompt 93 tokens, none cached, 93 new in 0.09
                       s · queued 0.17 s, first token 0.26 s, total 1.24 s ·
                       draft 182/222 accepted (82%) · max_tokens reached
21:56:50.342 INFO:     #196 chat/completions (stream): 775 prompt tokens ·
                       temperature: 0, greedy (req), max_tokens: 256 (req),
                       min_tokens: 256 (req)
21:56:50.712 INFO:     #194 chat/completions (stream): 256 tokens generated at
                       187.9 T/s · prompt 516 tokens, none cached, 516 new in
                       0.27 s (1,911 T/s) · first token 0.28 s, total 1.64 s ·
                       draft 168/264 accepted (64%) · max_tokens reached
21:56:50.745 INFO:     #197 chat/completions (stream): 386 prompt tokens ·
                       temperature: 0, greedy (req), max_tokens: 256 (req),
                       min_tokens: 256 (req)
21:56:52.060 INFO:     #196 chat/completions (stream): 256 tokens generated at
                       178.4 T/s · prompt 775 tokens, none cached, 775 new in
                       0.23 s (3,370 T/s) · first token 0.24 s, total 1.67 s ·
                       draft 162/282 accepted (57%) · max_tokens reached
21:56:52.092 INFO:     #198 chat/completions (stream): 123 prompt tokens ·
                       temperature: 0, greedy (req), max_tokens: 256 (req),
                       min_tokens: 256 (req)
21:56:52.316 INFO:     #197 chat/completions (stream): 256 tokens generated at
                       201.4 T/s · prompt 386 tokens, none cached, 386 new in
                       0.25 s (1,544 T/s) · first token 0.26 s, total 1.53 s ·
                       draft 164/276 accepted (59%) · max_tokens reached
21:56:52.348 INFO:     #199 chat/completions (stream): 78 prompt tokens ·
                       temperature: 0, greedy (req), max_tokens: 256 (req),
                       min_tokens: 256 (req)
21:56:53.558 INFO:     #199 chat/completions (stream): 256 tokens generated at
                       236.4 T/s · prompt 78 tokens, none cached, 78 new in 0.08
                       s · first token 0.08 s, total 1.17 s · draft 172/252
                       accepted (68%) · max_tokens reached
21:56:53.571 INFO:     #200 chat/completions (stream): 116 prompt tokens ·
                       temperature: 0, greedy (req), max_tokens: 256 (req),
                       min_tokens: 256 (req)
21:56:53.687 INFO:     #198 chat/completions (stream): 256 tokens generated at
                       186.9 T/s · prompt 123 tokens, none cached, 123 new in
                       0.10 s · first token 0.11 s, total 1.47 s · draft 154/306
                       accepted (50%) · max_tokens reached
21:56:53.719 INFO:     #201 chat/completions (stream): 67 prompt tokens ·
                       temperature: 0, greedy (req), max_tokens: 256 (req),
                       min_tokens: 256 (req)
21:56:54.847 INFO:     #200 chat/completions (stream): 256 tokens generated at
                       226.7 T/s · prompt 116 tokens, none cached, 116 new in
                       0.10 s · first token 0.11 s, total 1.24 s · draft 173/249
                       accepted (69%) · max_tokens reached
21:56:54.880 INFO:     #202 chat/completions (stream): 74 prompt tokens ·
                       temperature: 0, greedy (req), max_tokens: 256 (req),
                       min_tokens: 256 (req)
21:56:55.019 INFO:     #201 chat/completions (stream): 256 tokens generated at
                       217.5 T/s · prompt 67 tokens, none cached, 67 new in 0.08
                       s · first token 0.08 s, total 1.26 s · draft 169/261
                       accepted (65%) · max_tokens reached
21:56:55.052 INFO:     #203 chat/completions (stream): 148 prompt tokens ·
                       temperature: 0, greedy (req), max_tokens: 256 (req),
                       min_tokens: 256 (req)
21:56:56.114 INFO:     #203 chat/completions (stream): 256 tokens generated at
                       276.9 T/s · prompt 148 tokens, none cached, 148 new in
                       0.09 s · first token 0.10 s, total 1.02 s · draft 184/216
                       accepted (85%) · max_tokens reached
21:56:56.147 INFO:     #204 chat/completions (stream): 660 prompt tokens ·
                       temperature: 0, greedy (req), max_tokens: 256 (req),
                       min_tokens: 256 (req)
21:56:56.511 INFO:     #202 chat/completions (stream): 256 tokens generated at
                       170.1 T/s · prompt 74 tokens, none cached, 74 new in 0.08
                       s · first token 0.09 s, total 1.59 s · draft 166/270
                       accepted (61%) · max_tokens reached
21:56:56.543 INFO:     #205 chat/completions (stream): 62 prompt tokens ·
                       temperature: 0, greedy (req), max_tokens: 256 (req),
                       min_tokens: 256 (req)
21:56:57.729 INFO:     #204 chat/completions (stream): 256 tokens generated at
                       206.1 T/s · prompt 660 tokens, none cached, 660 new in
                       0.29 s (2,276 T/s) · first token 0.30 s, total 1.54 s ·
                       draft 165/273 accepted (60%) · max_tokens reached
21:56:57.760 INFO:     #206 chat/completions (stream): 61 prompt tokens ·
                       temperature: 0, greedy (req), max_tokens: 256 (req),
                       min_tokens: 256 (req)
21:56:58.029 INFO:     #205 chat/completions (stream): 256 tokens generated at
                       187.3 T/s · prompt 62 tokens, none cached, 62 new in 0.07
                       s · first token 0.08 s, total 1.44 s · draft 155/303
                       accepted (51%) · max_tokens reached
21:56:58.062 INFO:     #207 chat/completions (stream): 91 prompt tokens ·
                       temperature: 0, greedy (req), max_tokens: 256 (req),
                       min_tokens: 256 (req)
21:56:59.024 INFO:     #206 chat/completions (stream): 256 tokens generated at
                       223.2 T/s · prompt 61 tokens, none cached, 61 new in 0.07
                       s · first token 0.08 s, total 1.22 s · draft 172/252
                       accepted (68%) · max_tokens reached
21:56:59.056 INFO:     #208 chat/completions (stream): 86 prompt tokens ·
                       temperature: 0, greedy (req), max_tokens: 256 (req),
                       min_tokens: 256 (req)
21:56:59.201 INFO:     #207 chat/completions (stream): 256 tokens generated at
                       254.4 T/s · prompt 91 tokens, none cached, 91 new in 0.09
                       s · first token 0.09 s, total 1.10 s · draft 183/219
                       accepted (84%) · max_tokens reached
21:56:59.234 INFO:     #209 chat/completions (stream): 64 prompt tokens ·
                       temperature: 0, greedy (req), max_tokens: 256 (req),
                       min_tokens: 256 (req)
21:57:00.473 INFO:     #209 chat/completions (stream): 256 tokens generated at
                       226.1 T/s · prompt 64 tokens, none cached, 64 new in 0.07
                       s · first token 0.07 s, total 1.21 s · draft 167/267
                       accepted (63%) · max_tokens reached
21:57:00.476 INFO:     #208 chat/completions (stream): 256 tokens generated at
                       193.5 T/s · prompt 86 tokens, none cached, 86 new in 0.09
                       s · first token 0.10 s, total 1.42 s · draft 156/300
                       accepted (52%) · max_tokens reached
21:57:00.477 INFO:     #210 chat/completions (stream): 745 prompt tokens ·
                       temperature: 0, greedy (req), max_tokens: 256 (req),
                       min_tokens: 256 (req)
21:57:00.775 INFO:     #211 chat/completions (stream): 722 prompt tokens ·
                       temperature: 0, greedy (req), max_tokens: 256 (req),
                       min_tokens: 256 (req)
21:57:02.195 INFO:     #210 chat/completions (stream): 256 tokens generated at
                       180.4 T/s · prompt 745 tokens, none cached, 745 new in
                       0.28 s (2,661 T/s) · first token 0.29 s, total 1.71 s ·
                       draft 166/270 accepted (61%) · max_tokens reached
21:57:02.196 INFO:     #211 chat/completions (stream): 256 tokens generated at
                       226.1 T/s · prompt 722 tokens, none cached, 722 new in
                       0.28 s (2,579 T/s) · first token 0.29 s, total 1.42 s ·
                       draft 167/267 accepted (63%) · max_tokens reached
21:57:02.199 INFO:     #213 chat/completions (stream): 115 prompt tokens ·
                       temperature: 0, greedy (req), max_tokens: 256 (req),
                       min_tokens: 256 (req)
21:57:02.200 INFO:     #214 chat/completions (stream): 91 prompt tokens ·
                       temperature: 0, greedy (req), max_tokens: 256 (req),
                       min_tokens: 256 (req)
21:57:03.359 INFO:     #214 chat/completions (stream): 256 tokens generated at
                       272.3 T/s · prompt 91 tokens, none cached, 91 new in 0.09
                       s · queued 0.11 s, first token 0.20 s, total 1.14 s ·
                       draft 181/225 accepted (80%) · max_tokens reached
21:57:03.362 INFO:     #213 chat/completions (stream): 256 tokens generated at
                       266.6 T/s · prompt 115 tokens, none cached, 115 new in
                       0.19 s · first token 0.20 s, total 1.16 s · draft 179/231
                       accepted (77%) · max_tokens reached
21:57:03.364 INFO:     #215 chat/completions (stream): 680 prompt tokens ·
                       temperature: 0, greedy (req), max_tokens: 256 (req),
                       min_tokens: 256 (req)
21:57:03.365 INFO:     #216 chat/completions (stream): 100 prompt tokens ·
                       temperature: 0, greedy (req), max_tokens: 256 (req),
                       min_tokens: 256 (req)
21:57:04.756 INFO:     #216 chat/completions (stream): 256 tokens generated at
                       236.4 T/s · prompt 100 tokens, none cached, 100 new in
                       0.09 s · queued 0.17 s, first token 0.26 s, total 1.34 s
                       · draft 181/225 accepted (80%) · max_tokens reached
21:57:04.789 INFO:     #217 chat/completions (stream): 64 prompt tokens ·
                       temperature: 0, greedy (req), max_tokens: 256 (req),
                       min_tokens: 256 (req)
21:57:05.124 INFO:     #215 chat/completions (stream): 256 tokens generated at
                       190.7 T/s · prompt 680 tokens, none cached, 680 new in
                       0.36 s (1,889 T/s) · first token 0.37 s, total 1.71 s ·
                       draft 158/294 accepted (54%) · max_tokens reached
21:57:05.158 INFO:     #218 chat/completions (stream): 672 prompt tokens ·
                       temperature: 0, greedy (req), max_tokens: 256 (req),
                       min_tokens: 256 (req)
21:57:06.262 INFO:     #217 chat/completions (stream): 256 tokens generated at
                       188.9 T/s · prompt 64 tokens, none cached, 64 new in 0.07
                       s · first token 0.08 s, total 1.43 s · draft 172/252
                       accepted (68%) · max_tokens reached
21:57:06.296 INFO:     #219 chat/completions (stream): 875 prompt tokens ·
                       temperature: 0, greedy (req), max_tokens: 256 (req),
                       min_tokens: 256 (req)
21:57:06.857 INFO:     #218 chat/completions (stream): 256 tokens generated at
                       188.2 T/s · prompt 672 tokens, none cached, 672 new in
                       0.29 s (2,317 T/s) · first token 0.30 s, total 1.66 s ·
                       draft 173/249 accepted (69%) · max_tokens reached
21:57:06.890 INFO:     #220 chat/completions (stream): 139 prompt tokens ·
                       temperature: 0, greedy (req), max_tokens: 256 (req),
                       min_tokens: 256 (req)
21:57:07.785 INFO:     #219 chat/completions (stream): 256 tokens generated at
                       225.8 T/s · prompt 875 tokens, none cached, 875 new in
                       0.31 s (2,823 T/s) · first token 0.32 s, total 1.45 s ·
                       draft 176/240 accepted (73%) · max_tokens reached
21:57:07.818 INFO:     #221 chat/completions (stream): 63 prompt tokens ·
                       temperature: 0, greedy (req), max_tokens: 256 (req),
                       min_tokens: 256 (req)
21:57:08.114 INFO:     #220 chat/completions (stream): 256 tokens generated at
                       239.9 T/s · prompt 139 tokens, none cached, 139 new in
                       0.11 s · first token 0.12 s, total 1.18 s · draft 178/234
                       accepted (76%) · max_tokens reached
21:57:08.148 INFO:     #222 chat/completions (stream): 778 prompt tokens ·
                       temperature: 0, greedy (req), max_tokens: 256 (req),
                       min_tokens: 256 (req)
21:57:09.417 INFO:     #222 chat/completions (stream): 256 tokens generated at
                       260.3 T/s · prompt 778 tokens, none cached, 778 new in
                       0.24 s (3,242 T/s) · first token 0.24 s, total 1.23 s ·
                       draft 179/231 accepted (77%) · max_tokens reached
21:57:09.452 INFO:     #223 chat/completions (stream): 774 prompt tokens ·
                       temperature: 0, greedy (req), max_tokens: 256 (req),
                       min_tokens: 256 (req)
21:57:09.771 INFO:     #221 chat/completions (stream): 256 tokens generated at
                       139.6 T/s · prompt 63 tokens, none cached, 63 new in 0.07
                       s · first token 0.08 s, total 1.91 s · draft 145/333
                       accepted (44%) · max_tokens reached
21:57:09.803 INFO:     #224 chat/completions (stream): 65 prompt tokens ·
                       temperature: 0, greedy (req), max_tokens: 256 (req),
                       min_tokens: 256 (req)
21:57:11.002 INFO:     #223 chat/completions (stream): 256 tokens generated at
                       200.1 T/s · prompt 774 tokens, none cached, 774 new in
                       0.22 s (3,518 T/s) · first token 0.23 s, total 1.51 s ·
                       draft 161/285 accepted (56%) · max_tokens reached
21:57:11.005 INFO:     #225 chat/completions (stream): 117 prompt tokens ·
                       temperature: 0, greedy (req), max_tokens: 256 (req),
                       min_tokens: 256 (req)
21:57:11.006 INFO:     #224 chat/completions (stream): 256 tokens generated at
                       229.2 T/s · prompt 65 tokens, none cached, 65 new in 0.07
                       s · first token 0.08 s, total 1.19 s · draft 168/264
                       accepted (64%) · max_tokens reached
21:57:11.156 INFO:     #226 chat/completions (stream): 405 prompt tokens ·
                       temperature: 0, greedy (req), max_tokens: 256 (req),
                       min_tokens: 256 (req)
21:57:12.377 INFO:     #225 chat/completions (stream): 256 tokens generated at
                       209.3 T/s · prompt 117 tokens, none cached, 117 new in
                       0.10 s · first token 0.11 s, total 1.33 s · draft 179/231
                       accepted (77%) · max_tokens reached
21:57:12.410 INFO:     #227 chat/completions (stream): 96 prompt tokens ·
                       temperature: 0, greedy (req), max_tokens: 256 (req),
                       min_tokens: 256 (req)
21:57:12.723 INFO:     #226 chat/completions (stream): 256 tokens generated at
                       203.0 T/s · prompt 405 tokens, none cached, 405 new in
                       0.26 s (1,558 T/s) · first token 0.27 s, total 1.53 s ·
                       draft 163/279 accepted (58%) · max_tokens reached
21:57:12.759 INFO:     #228 chat/completions (stream): 1,533 prompt tokens ·
                       temperature: 0, greedy (req), max_tokens: 256 (req),
                       min_tokens: 256 (req)
21:57:14.130 INFO:     #227 chat/completions (stream): 256 tokens generated at
                       161.6 T/s · prompt 96 tokens, none cached, 96 new in 0.09
                       s · first token 0.10 s, total 1.68 s · draft 163/279
                       accepted (58%) · max_tokens reached
21:57:14.165 INFO:     #229 chat/completions (stream): 786 prompt tokens ·
                       temperature: 0, greedy (req), max_tokens: 256 (req),
                       min_tokens: 256 (req)
21:57:14.669 INFO:     #228 chat/completions (stream): 256 tokens generated at
                       175.8 T/s · prompt 1,533 tokens, none cached, 1,533 new
                       in 0.41 s (3,739 T/s) · first token 0.42 s, total 1.87 s
                       · draft 161/285 accepted (56%) · max_tokens reached
21:57:14.700 INFO:     #230 chat/completions (stream): 61 prompt tokens ·
                       temperature: 0, greedy (req), max_tokens: 256 (req),
                       min_tokens: 256 (req)
21:57:15.583 INFO:     #229 chat/completions (stream): 256 tokens generated at
                       229.1 T/s · prompt 786 tokens, none cached, 786 new in
                       0.25 s (3,144 T/s) · first token 0.26 s, total 1.37 s ·
                       draft 173/249 accepted (69%) · max_tokens reached
21:57:15.615 INFO:     #231 chat/completions (stream): 84 prompt tokens ·
                       temperature: 0, greedy (req), max_tokens: 256 (req),
                       min_tokens: 256 (req)
21:57:15.887 INFO:     #230 chat/completions (stream): 256 tokens generated at
                       239.6 T/s · prompt 61 tokens, none cached, 61 new in 0.07
                       s · first token 0.08 s, total 1.14 s · draft 178/234
                       accepted (76%) · max_tokens reached
21:57:15.919 INFO:     #232 chat/completions (stream): 92 prompt tokens ·
                       temperature: 0, greedy (req), max_tokens: 256 (req),
                       min_tokens: 256 (req)
21:57:17.075 INFO:     #231 chat/completions (stream): 256 tokens generated at
                       192.8 T/s · prompt 84 tokens, none cached, 84 new in 0.09
                       s · first token 0.10 s, total 1.42 s · draft 159/291
                       accepted (55%) · max_tokens reached
21:57:17.107 INFO:     #234 chat/completions (stream): 388 prompt tokens ·
                       temperature: 0, greedy (req), max_tokens: 256 (req),
                       min_tokens: 256 (req)
21:57:17.405 INFO:     #232 chat/completions (stream): 256 tokens generated at
                       206.8 T/s · prompt 92 tokens, none cached, 92 new in 0.09
                       s · first token 0.10 s, total 1.33 s · draft 169/261
                       accepted (65%) · max_tokens reached
21:57:17.437 INFO:     #235 chat/completions (stream): 63 prompt tokens ·
                       temperature: 0, greedy (req), max_tokens: 256 (req),
                       min_tokens: 256 (req)
21:57:18.577 INFO:     #234 chat/completions (stream): 256 tokens generated at
                       218.4 T/s · prompt 388 tokens, none cached, 388 new in
                       0.25 s (1,552 T/s) · first token 0.26 s, total 1.43 s ·
                       draft 170/258 accepted (66%) · max_tokens reached
21:57:18.610 INFO:     #236 chat/completions (stream): 78 prompt tokens ·
                       temperature: 0, greedy (req), max_tokens: 256 (req),
                       min_tokens: 256 (req)
21:57:18.999 INFO:     #235 chat/completions (stream): 256 tokens generated at
                       177.2 T/s · prompt 63 tokens, none cached, 63 new in 0.07
                       s · first token 0.08 s, total 1.52 s · draft 149/321
                       accepted (46%) · max_tokens reached
21:57:19.033 INFO:     #237 chat/completions (stream): 707 prompt tokens ·
                       temperature: 0, greedy (req), max_tokens: 256 (req),
                       min_tokens: 256 (req)
21:57:20.241 INFO:     #236 chat/completions (stream): 256 tokens generated at
                       170.1 T/s · prompt 78 tokens, none cached, 78 new in 0.08
                       s · first token 0.09 s, total 1.59 s · draft 160/288
                       accepted (56%) · max_tokens reached
21:57:20.267 INFO:     #238 chat/completions (stream): 316 prompt tokens ·
                       temperature: 0, greedy (req), max_tokens: 256 (req),
                       min_tokens: 256 (req)
21:57:20.487 INFO:     #237 chat/completions (stream): 256 tokens generated at
                       272.0 T/s · prompt 707 tokens, none cached, 707 new in
                       0.28 s (2,525 T/s) · first token 0.29 s, total 1.23 s ·
                       draft 183/219 accepted (84%) · max_tokens reached
21:57:20.518 INFO:     #239 chat/completions (stream): 70 prompt tokens ·
                       temperature: 0, greedy (req), max_tokens: 256 (req),
                       min_tokens: 256 (req)
21:57:21.841 INFO:     #238 chat/completions (stream): 256 tokens generated at
                       193.4 T/s · prompt 316 tokens, none cached, 316 new in
                       0.20 s (1,580 T/s) · first token 0.21 s, total 1.53 s ·
                       draft 159/291 accepted (55%) · max_tokens reached
21:57:21.874 INFO:     #240 chat/completions (stream): 85 prompt tokens ·
                       temperature: 0, greedy (req), max_tokens: 256 (req),
                       min_tokens: 256 (req)
21:57:22.055 INFO:     #239 chat/completions (stream): 256 tokens generated at
                       181.2 T/s · prompt 70 tokens, none cached, 70 new in 0.08
                       s · first token 0.09 s, total 1.50 s · draft 152/312
                       accepted (49%) · max_tokens reached
21:57:22.088 INFO:     #241 chat/completions (stream): 689 prompt tokens ·
                       temperature: 0, greedy (req), max_tokens: 256 (req),
                       min_tokens: 256 (req)
21:57:23.605 INFO:     #240 chat/completions (stream): 256 tokens generated at
                       160.1 T/s · prompt 85 tokens, none cached, 85 new in 0.09
                       s · first token 0.10 s, total 1.69 s · draft 150/318
                       accepted (47%) · max_tokens reached
21:57:23.623 INFO:     #242 chat/completions (stream): 118 prompt tokens ·
                       temperature: 0, greedy (req), max_tokens: 256 (req),
                       min_tokens: 256 (req)
21:57:23.739 INFO:     #241 chat/completions (stream): 256 tokens generated at
                       204.0 T/s · prompt 689 tokens, none cached, 689 new in
                       0.27 s (2,552 T/s) · first token 0.27 s, total 1.53 s ·
                       draft 157/297 accepted (53%) · max_tokens reached
21:57:23.774 INFO:     #243 chat/completions (stream): 811 prompt tokens ·
                       temperature: 0, greedy (req), max_tokens: 256 (req),
                       min_tokens: 256 (req)
21:57:25.004 INFO:     #242 chat/completions (stream): 256 tokens generated at
                       207.5 T/s · prompt 118 tokens, none cached, 118 new in
                       0.10 s · first token 0.11 s, total 1.34 s · draft 181/225
                       accepted (80%) · max_tokens reached
21:57:25.038 INFO:     #244 chat/completions (stream): 560 prompt tokens ·
                       temperature: 0, greedy (req), max_tokens: 256 (req),
                       min_tokens: 256 (req)
21:57:25.433 INFO:     #243 chat/completions (stream): 256 tokens generated at
                       191.4 T/s · prompt 811 tokens, none cached, 811 new in
                       0.28 s (2,896 T/s) · first token 0.29 s, total 1.62 s ·
                       draft 169/261 accepted (65%) · max_tokens reached
21:57:25.466 INFO:     #245 chat/completions (stream): 105 prompt tokens ·
                       temperature: 0, greedy (req), max_tokens: 256 (req),
                       min_tokens: 256 (req)
21:57:26.614 INFO:     #244 chat/completions (stream): 256 tokens generated at
                       197.9 T/s · prompt 560 tokens, none cached, 560 new in
                       0.23 s (2,435 T/s) · first token 0.24 s, total 1.53 s ·
                       draft 162/282 accepted (57%) · max_tokens reached
21:57:26.649 INFO:     #246 chat/completions (stream): 715 prompt tokens ·
                       temperature: 0, greedy (req), max_tokens: 256 (req),
                       min_tokens: 256 (req)
21:57:26.986 INFO:     #245 chat/completions (stream): 256 tokens generated at
                       186.1 T/s · prompt 105 tokens, none cached, 105 new in
                       0.10 s · first token 0.11 s, total 1.48 s · draft 169/261
                       accepted (65%) · max_tokens reached
21:57:27.019 INFO:     #247 chat/completions (stream): 116 prompt tokens ·
                       temperature: 0, greedy (req), max_tokens: 256 (req),
                       min_tokens: 256 (req)
21:57:28.209 INFO:     #247 chat/completions (stream): 256 tokens generated at
                       241.3 T/s · prompt 116 tokens, none cached, 116 new in
                       0.10 s · first token 0.11 s, total 1.17 s · draft 174/246
                       accepted (71%) · max_tokens reached
21:57:28.211 INFO:     #246 chat/completions (stream): 256 tokens generated at
                       201.2 T/s · prompt 715 tokens, none cached, 715 new in
                       0.28 s (2,554 T/s) · first token 0.29 s, total 1.56 s ·
                       draft 164/276 accepted (59%) · max_tokens reached
21:57:28.213 INFO:     #248 chat/completions (stream): 69 prompt tokens ·
                       temperature: 0, greedy (req), max_tokens: 256 (req),
                       min_tokens: 256 (req)
21:57:28.214 INFO:     #249 chat/completions (stream): 63 prompt tokens ·
                       temperature: 0, greedy (req), max_tokens: 256 (req),
                       min_tokens: 256 (req)
21:57:29.670 INFO:     #249 chat/completions (stream): 256 tokens generated at
                       202.4 T/s · prompt 63 tokens, none cached, 63 new in 0.07
                       s · first token 0.16 s, total 1.42 s · draft 157/297
                       accepted (53%) · max_tokens reached
21:57:29.672 INFO:     #248 chat/completions (stream): 256 tokens generated at
                       197.7 T/s · prompt 69 tokens, none cached, 69 new in 0.15
                       s · first token 0.16 s, total 1.46 s · draft 154/306
                       accepted (50%) · max_tokens reached
21:57:29.673 INFO:     #250 chat/completions (stream): 74 prompt tokens ·
                       temperature: 0, greedy (req), max_tokens: 256 (req),
                       min_tokens: 256 (req)
21:57:29.780 INFO:     #251 chat/completions (stream): 755 prompt tokens ·
                       temperature: 0, greedy (req), max_tokens: 256 (req),
                       min_tokens: 256 (req)
21:57:31.111 INFO:     #250 chat/completions (stream): 256 tokens generated at
                       195.1 T/s · prompt 74 tokens, none cached, 74 new in 0.08
                       s · first token 0.09 s, total 1.40 s · draft 175/243
                       accepted (72%) · max_tokens reached
21:57:31.143 INFO:     #252 chat/completions (stream): 119 prompt tokens ·
                       temperature: 0, greedy (req), max_tokens: 256 (req),
                       min_tokens: 256 (req)
21:57:31.418 INFO:     #251 chat/completions (stream): 256 tokens generated at
                       196.0 T/s · prompt 755 tokens, none cached, 755 new in
                       0.29 s (2,603 T/s) · first token 0.29 s, total 1.60 s ·
                       draft 161/285 accepted (56%) · max_tokens reached
21:57:31.450 INFO:     #253 chat/completions (stream): 157 prompt tokens ·
                       temperature: 0, greedy (req), max_tokens: 256 (req),
                       min_tokens: 256 (req)
21:57:32.333 INFO:     #252 chat/completions (stream): 256 tokens generated at
                       245.6 T/s · prompt 119 tokens, none cached, 119 new in
                       0.10 s · first token 0.11 s, total 1.15 s · draft 181/225
                       accepted (80%) · max_tokens reached
21:57:32.367 INFO:     #255 chat/completions (stream): 588 prompt tokens ·
                       temperature: 0, greedy (req), max_tokens: 256 (req),
                       min_tokens: 256 (req)
21:57:32.797 INFO:     #253 chat/completions (stream): 256 tokens generated at
                       212.4 T/s · prompt 157 tokens, none cached, 157 new in
                       0.09 s · first token 0.10 s, total 1.30 s · draft 180/228
                       accepted (79%) · max_tokens reached
21:57:32.830 INFO:     #256 chat/completions (stream): 86 prompt tokens ·
                       temperature: 0, greedy (req), max_tokens: 256 (req),
                       min_tokens: 256 (req)
21:57:34.061 INFO:     #255 chat/completions (stream): 256 tokens generated at
                       180.2 T/s · prompt 588 tokens, none cached, 588 new in
                       0.25 s (2,352 T/s) · first token 0.26 s, total 1.68 s ·
                       draft 152/312 accepted (49%) · max_tokens reached
21:57:34.063 INFO:     #256 chat/completions (stream): 256 tokens generated at
                       225.5 T/s · prompt 86 tokens, none cached, 86 new in 0.09
                       s · first token 0.10 s, total 1.23 s · draft 168/264
                       accepted (64%) · max_tokens reached
21:57:34.068 INFO:     #257 chat/completions (stream): 71 prompt tokens ·
                       temperature: 0, greedy (req), max_tokens: 256 (req),
                       min_tokens: 256 (req)
21:57:34.070 INFO:     #258 chat/completions (stream): 1,392 prompt tokens ·
                       temperature: 0, greedy (req), max_tokens: 256 (req),
                       min_tokens: 256 (req)
21:57:35.974 INFO:     #258 chat/completions (stream): 256 tokens generated at
                       198.8 T/s · prompt 1,392 tokens, none cached, 1,392 new
                       in 0.49 s (2,841 T/s) · first token 0.58 s, total 1.87 s
                       · draft 156/300 accepted (52%) · max_tokens reached
21:57:35.990 INFO:     #259 chat/completions (stream): 107 prompt tokens ·
                       temperature: 0, greedy (req), max_tokens: 256 (req),
                       min_tokens: 256 (req)
21:57:36.100 INFO:     #257 chat/completions (stream): 256 tokens generated at
                       176.1 T/s · prompt 71 tokens, none cached, 71 new in 0.45
                       s · first token 0.46 s, total 1.92 s · draft 150/318
                       accepted (47%) · max_tokens reached
21:57:36.132 INFO:     #260 chat/completions (stream): 75 prompt tokens ·
                       temperature: 0, greedy (req), max_tokens: 256 (req),
                       min_tokens: 256 (req)
21:57:37.484 INFO:     #260 chat/completions (stream): 256 tokens generated at
                       208.8 T/s · prompt 75 tokens, none cached, 75 new in 0.08
                       s · first token 0.08 s, total 1.31 s · draft 160/288
                       accepted (56%) · max_tokens reached
21:57:37.508 INFO:     #261 chat/completions (stream): 97 prompt tokens ·
                       temperature: 0, greedy (req), max_tokens: 256 (req),
                       min_tokens: 256 (req)
21:57:37.635 INFO:     #259 chat/completions (stream): 256 tokens generated at
                       180.8 T/s · prompt 107 tokens, none cached, 107 new in
                       0.09 s · first token 0.10 s, total 1.51 s · draft 150/318
                       accepted (47%) · max_tokens reached
21:57:37.667 INFO:     #262 chat/completions (stream): 81 prompt tokens ·
                       temperature: 0, greedy (req), max_tokens: 256 (req),
                       min_tokens: 256 (req)
21:57:38.778 INFO:     #261 chat/completions (stream): 256 tokens generated at
                       228.4 T/s · prompt 97 tokens, none cached, 97 new in 0.10
                       s · first token 0.11 s, total 1.23 s · draft 175/243
                       accepted (72%) · max_tokens reached
21:57:38.782 INFO:     #263 chat/completions (stream): 642 prompt tokens ·
                       temperature: 0, greedy (req), max_tokens: 256 (req),
                       min_tokens: 256 (req)
21:57:38.785 INFO:     #262 chat/completions (stream): 256 tokens generated at
                       250.2 T/s · prompt 81 tokens, none cached, 81 new in 0.08
                       s · first token 0.09 s, total 1.11 s · draft 176/240
                       accepted (73%) · max_tokens reached
21:57:39.081 INFO:     #264 chat/completions (stream): 61 prompt tokens ·
                       temperature: 0, greedy (req), max_tokens: 256 (req),
                       min_tokens: 256 (req)
21:57:40.382 INFO:     #263 chat/completions (stream): 256 tokens generated at
                       198.4 T/s · prompt 642 tokens, none cached, 642 new in
                       0.26 s (2,469 T/s) · first token 0.27 s, total 1.56 s ·
                       draft 161/285 accepted (56%) · max_tokens reached
21:57:40.413 INFO:     #265 chat/completions (stream): 128 prompt tokens ·
                       temperature: 0, greedy (req), max_tokens: 256 (req),
                       min_tokens: 256 (req)
21:57:40.674 INFO:     #264 chat/completions (stream): 256 tokens generated at
                       173.5 T/s · prompt 61 tokens, none cached, 61 new in 0.07
                       s · first token 0.08 s, total 1.55 s · draft 148/324
                       accepted (46%) · max_tokens reached
21:57:40.708 INFO:     #266 chat/completions (stream): 712 prompt tokens ·
                       temperature: 0, greedy (req), max_tokens: 256 (req),
                       min_tokens: 256 (req)
21:57:41.782 INFO:     #265 chat/completions (stream): 256 tokens generated at
                       209.8 T/s · prompt 128 tokens, none cached, 128 new in
                       0.10 s · first token 0.11 s, total 1.33 s · draft 181/225
                       accepted (80%) · max_tokens reached
21:57:41.815 INFO:     #267 chat/completions (stream): 94 prompt tokens ·
                       temperature: 0, greedy (req), max_tokens: 256 (req),
                       min_tokens: 256 (req)
21:57:42.267 INFO:     #266 chat/completions (stream): 256 tokens generated at
                       207.2 T/s · prompt 712 tokens, none cached, 712 new in
                       0.28 s (2,543 T/s) · first token 0.29 s, total 1.52 s ·
                       draft 167/267 accepted (63%) · max_tokens reached
21:57:42.298 INFO:     #268 chat/completions (stream): 66 prompt tokens ·
                       temperature: 0, greedy (req), max_tokens: 256 (req),
                       min_tokens: 256 (req)
21:57:43.312 INFO:     #267 chat/completions (stream): 256 tokens generated at
                       188.5 T/s · prompt 94 tokens, none cached, 94 new in 0.09
                       s · first token 0.10 s, total 1.45 s · draft 158/294
                       accepted (54%) · max_tokens reached
21:57:43.348 INFO:     #269 chat/completions (stream): 93 prompt tokens ·
                       temperature: 0, greedy (req), max_tokens: 256 (req),
                       min_tokens: 256 (req)
21:57:43.668 INFO:     #268 chat/completions (stream): 256 tokens generated at
                       205.4 T/s · prompt 66 tokens, none cached, 66 new in 0.08
                       s · first token 0.09 s, total 1.33 s · draft 168/264
                       accepted (64%) · max_tokens reached
21:57:43.700 INFO:     #270 chat/completions (stream): 108 prompt tokens ·
                       temperature: 0, greedy (req), max_tokens: 256 (req),
                       min_tokens: 256 (req)
21:57:44.562 INFO:     #269 chat/completions (stream): 256 tokens generated at
                       238.4 T/s · prompt 93 tokens, none cached, 93 new in 0.09
                       s · first token 0.10 s, total 1.17 s · draft 180/228
                       accepted (79%) · max_tokens reached
21:57:44.595 INFO:     #271 chat/completions (stream): 93 prompt tokens ·
                       temperature: 0, greedy (req), max_tokens: 256 (req),
                       min_tokens: 256 (req)
21:57:44.997 INFO:     #270 chat/completions (stream): 256 tokens generated at
                       222.0 T/s · prompt 108 tokens, none cached, 108 new in
                       0.10 s · first token 0.11 s, total 1.26 s · draft 173/249
                       accepted (69%) · max_tokens reached
21:57:45.029 INFO:     #272 chat/completions (stream): 86 prompt tokens ·
                       temperature: 0, greedy (req), max_tokens: 256 (req),
                       min_tokens: 256 (req)
21:57:45.767 INFO:     #271 chat/completions (stream): 256 tokens generated at
                       246.5 T/s · prompt 93 tokens, none cached, 93 new in 0.09
                       s · first token 0.10 s, total 1.13 s · draft 180/228
                       accepted (79%) · max_tokens reached
21:57:45.799 INFO:     #273 chat/completions (stream): 87 prompt tokens ·
                       temperature: 0, greedy (req), max_tokens: 256 (req),
                       min_tokens: 256 (req)
21:57:46.241 INFO:     #272 chat/completions (stream): 256 tokens generated at
                       236.8 T/s · prompt 86 tokens, none cached, 86 new in 0.09
                       s · first token 0.10 s, total 1.18 s · draft 176/240
                       accepted (73%) · max_tokens reached
21:57:46.273 INFO:     #274 chat/completions (stream): 91 prompt tokens ·
                       temperature: 0, greedy (req), max_tokens: 256 (req),
                       min_tokens: 256 (req)
21:57:47.259 INFO:     #273 chat/completions (stream): 256 tokens generated at
                       192.9 T/s · prompt 87 tokens, none cached, 87 new in 0.09
                       s · first token 0.10 s, total 1.42 s · draft 158/294
                       accepted (54%) · max_tokens reached
21:57:47.294 INFO:     #276 chat/completions (stream): 849 prompt tokens ·
                       temperature: 0, greedy (req), max_tokens: 256 (req),
                       min_tokens: 256 (req)
21:57:47.973 INFO:     #274 chat/completions (stream): 256 tokens generated at
                       163.3 T/s · prompt 91 tokens, none cached, 91 new in 0.09
                       s · first token 0.10 s, total 1.66 s · draft 155/303
                       accepted (51%) · max_tokens reached
21:57:48.006 INFO:     #277 chat/completions (stream): 82 prompt tokens ·
                       temperature: 0, greedy (req), max_tokens: 256 (req),
                       min_tokens: 256 (req)
21:57:48.851 INFO:     #276 chat/completions (stream): 256 tokens generated at
                       209.6 T/s · prompt 849 tokens, none cached, 849 new in
                       0.29 s (2,928 T/s) · first token 0.30 s, total 1.52 s ·
                       draft 166/270 accepted (61%) · max_tokens reached
21:57:48.884 INFO:     #278 chat/completions (stream): 64 prompt tokens ·
                       temperature: 0, greedy (req), max_tokens: 256 (req),
                       min_tokens: 256 (req)
21:57:49.380 INFO:     #277 chat/completions (stream): 256 tokens generated at
                       207.1 T/s · prompt 82 tokens, none cached, 82 new in 0.08
                       s · first token 0.09 s, total 1.32 s · draft 164/276
                       accepted (59%) · max_tokens reached
21:57:49.413 INFO:     #279 chat/completions (stream): 117 prompt tokens ·
                       temperature: 0, greedy (req), max_tokens: 256 (req),
                       min_tokens: 256 (req)
21:57:50.322 INFO:     #278 chat/completions (stream): 256 tokens generated at
                       193.8 T/s · prompt 64 tokens, none cached, 64 new in 0.07
                       s · first token 0.08 s, total 1.40 s · draft 161/285
                       accepted (56%) · max_tokens reached
21:57:50.357 INFO:     #280 chat/completions (stream): 1,307 prompt tokens ·
                       temperature: 0, greedy (req), max_tokens: 256 (req),
                       min_tokens: 256 (req)
21:57:50.819 INFO:     #279 chat/completions (stream): 256 tokens generated at
                       203.5 T/s · prompt 117 tokens, none cached, 117 new in
                       0.10 s · first token 0.11 s, total 1.36 s · draft 181/225
                       accepted (80%) · max_tokens reached
21:57:50.852 INFO:     #281 chat/completions (stream): 93 prompt tokens ·
                       temperature: 0, greedy (req), max_tokens: 256 (req),
                       min_tokens: 256 (req)
21:57:51.940 INFO:     #280 chat/completions (stream): 256 tokens generated at
                       209.6 T/s · prompt 1,307 tokens, none cached, 1,307 new
                       in 0.32 s (4,084 T/s) · first token 0.33 s, total 1.55 s
                       · draft 166/270 accepted (61%) · max_tokens reached
21:57:51.972 INFO:     #282 chat/completions (stream): 108 prompt tokens ·
                       temperature: 0, greedy (req), max_tokens: 256 (req),
                       min_tokens: 256 (req)
21:57:52.353 INFO:     #281 chat/completions (stream): 256 tokens generated at
                       187.2 T/s · prompt 93 tokens, none cached, 93 new in 0.09
                       s · first token 0.10 s, total 1.46 s · draft 157/297
                       accepted (53%) · max_tokens reached
21:57:52.385 INFO:     #283 chat/completions (stream): 97 prompt tokens ·
                       temperature: 0, greedy (req), max_tokens: 256 (req),
                       min_tokens: 256 (req)
21:57:53.352 INFO:     #282 chat/completions (stream): 256 tokens generated at
                       207.0 T/s · prompt 108 tokens, none cached, 108 new in
                       0.10 s · first token 0.11 s, total 1.34 s · draft 167/267
                       accepted (63%) · max_tokens reached
21:57:53.386 INFO:     #284 chat/completions (stream): 752 prompt tokens ·
                       temperature: 0, greedy (req), max_tokens: 256 (req),
                       min_tokens: 256 (req)
21:57:53.801 INFO:     #283 chat/completions (stream): 256 tokens generated at
                       200.1 T/s · prompt 97 tokens, none cached, 97 new in 0.09
                       s · first token 0.10 s, total 1.38 s · draft 176/240
                       accepted (73%) · max_tokens reached
21:57:53.834 INFO:     #285 chat/completions (stream): 772 prompt tokens ·
                       temperature: 0, greedy (req), max_tokens: 256 (req),
                       min_tokens: 256 (req)
21:57:55.083 INFO:     #284 chat/completions (stream): 256 tokens generated at
                       186.6 T/s · prompt 752 tokens, none cached, 752 new in
                       0.28 s (2,686 T/s) · first token 0.29 s, total 1.66 s ·
                       draft 164/276 accepted (59%) · max_tokens reached
21:57:55.116 INFO:     #286 chat/completions (stream): 84 prompt tokens ·
                       temperature: 0, greedy (req), max_tokens: 256 (req),
                       min_tokens: 256 (req)
21:57:55.257 INFO:     #285 chat/completions (stream): 256 tokens generated at
                       220.3 T/s · prompt 772 tokens, none cached, 772 new in
                       0.21 s (3,676 T/s) · first token 0.22 s, total 1.38 s ·
                       draft 171/255 accepted (67%) · max_tokens reached
21:57:55.289 INFO:     #287 chat/completions (stream): 76 prompt tokens ·
                       temperature: 0, greedy (req), max_tokens: 256 (req),
                       min_tokens: 256 (req)
21:57:56.476 INFO:     #287 chat/completions (stream): 256 tokens generated at
                       241.4 T/s · prompt 76 tokens, none cached, 76 new in 0.08
                       s · first token 0.09 s, total 1.15 s · draft 173/249
                       accepted (69%) · max_tokens reached
21:57:56.511 INFO:     #288 chat/completions (stream): 881 prompt tokens ·
                       temperature: 0, greedy (req), max_tokens: 256 (req),
                       min_tokens: 256 (req)
21:57:56.891 INFO:     #286 chat/completions (stream): 256 tokens generated at
                       155.6 T/s · prompt 84 tokens, none cached, 84 new in 0.08
                       s · first token 0.09 s, total 1.73 s · draft 155/303
                       accepted (51%) · max_tokens reached
21:57:56.924 INFO:     #289 chat/completions (stream): 78 prompt tokens ·
                       temperature: 0, greedy (req), max_tokens: 256 (req),
                       min_tokens: 256 (req)
21:57:58.089 INFO:     #288 chat/completions (stream): 256 tokens generated at
                       208.2 T/s · prompt 881 tokens, none cached, 881 new in
                       0.31 s (2,842 T/s) · first token 0.32 s, total 1.55 s ·
                       draft 166/270 accepted (61%) · max_tokens reached
21:57:58.093 INFO:     #289 chat/completions (stream): 256 tokens generated at
                       237.7 T/s · prompt 78 tokens, none cached, 78 new in 0.08
                       s · first token 0.09 s, total 1.16 s · draft 172/252
                       accepted (68%) · max_tokens reached
21:57:58.094 INFO:     #290 chat/completions (stream): 681 prompt tokens ·
                       temperature: 0, greedy (req), max_tokens: 256 (req),
                       min_tokens: 256 (req)
21:57:58.364 INFO:     #291 chat/completions (stream): 947 prompt tokens ·
                       temperature: 0, greedy (req), max_tokens: 256 (req),
                       min_tokens: 256 (req)
21:57:59.775 INFO:     #290 chat/completions (stream): 256 tokens generated at
                       181.8 T/s · prompt 681 tokens, none cached, 681 new in
                       0.25 s (2,724 T/s) · first token 0.26 s, total 1.67 s ·
                       draft 169/261 accepted (65%) · max_tokens reached
21:57:59.777 INFO:     #291 chat/completions (stream): 256 tokens generated at
                       234.2 T/s · prompt 947 tokens, none cached, 947 new in
                       0.31 s (3,055 T/s) · first token 0.32 s, total 1.41 s ·
                       draft 170/258 accepted (66%) · max_tokens reached
21:57:59.780 INFO:     #292 chat/completions (stream): 98 prompt tokens ·
                       temperature: 0, greedy (req), max_tokens: 256 (req),
                       min_tokens: 256 (req)
21:57:59.780 INFO:     #293 chat/completions (stream): 96 prompt tokens ·
                       temperature: 0, greedy (req), max_tokens: 256 (req),
                       min_tokens: 256 (req)
21:58:01.150 INFO:     #293 chat/completions (stream): 256 tokens generated at
                       225.4 T/s · prompt 96 tokens, none cached, 96 new in 0.09
                       s · queued 0.10 s, first token 0.19 s, total 1.33 s ·
                       draft 166/270 accepted (61%) · max_tokens reached
21:58:01.183 INFO:     #294 chat/completions (stream): 191 prompt tokens ·
                       temperature: 0, greedy (req), max_tokens: 256 (req),
                       min_tokens: 256 (req)
21:58:01.345 INFO:     #292 chat/completions (stream): 256 tokens generated at
                       192.7 T/s · prompt 98 tokens, none cached, 98 new in 0.18
                       s · first token 0.19 s, total 1.52 s · draft 158/294
                       accepted (54%) · max_tokens reached
21:58:01.378 INFO:     #295 chat/completions (stream): 166 prompt tokens ·
                       temperature: 0, greedy (req), max_tokens: 256 (req),
                       min_tokens: 256 (req)
21:58:02.571 INFO:     #295 chat/completions (stream): 256 tokens generated at
                       241.4 T/s · prompt 166 tokens, none cached, 166 new in
                       0.10 s · first token 0.11 s, total 1.17 s · draft 174/246
                       accepted (71%) · max_tokens reached
21:58:02.574 INFO:     #294 chat/completions (stream): 256 tokens generated at
                       200.1 T/s · prompt 191 tokens, none cached, 191 new in
                       0.10 s · first token 0.11 s, total 1.39 s · draft 163/279
                       accepted (58%) · max_tokens reached
21:58:02.575 INFO:     #297 chat/completions (stream): 85 prompt tokens ·
                       temperature: 0, greedy (req), max_tokens: 256 (req),
                       min_tokens: 256 (req)
21:58:02.688 INFO:     #298 chat/completions (stream): 62 prompt tokens ·
                       temperature: 0, greedy (req), max_tokens: 256 (req),
                       min_tokens: 256 (req)
21:58:03.831 INFO:     #298 chat/completions (stream): 256 tokens generated at
                       249.2 T/s · prompt 62 tokens, none cached, 62 new in 0.07
                       s · first token 0.08 s, total 1.10 s · draft 175/243
                       accepted (72%) · max_tokens reached
21:58:03.866 INFO:     #299 chat/completions (stream): 775 prompt tokens ·
                       temperature: 0, greedy (req), max_tokens: 256 (req),
                       min_tokens: 256 (req)
21:58:04.139 INFO:     #297 chat/completions (stream): 256 tokens generated at
                       179.0 T/s · prompt 85 tokens, none cached, 85 new in 0.09
                       s · first token 0.10 s, total 1.53 s · draft 164/276
                       accepted (59%) · max_tokens reached
21:58:04.172 INFO:     #300 chat/completions (stream): 63 prompt tokens ·
                       temperature: 0, greedy (req), max_tokens: 256 (req),
                       min_tokens: 256 (req)
21:58:05.311 INFO:     #299 chat/completions (stream): 256 tokens generated at
                       216.2 T/s · prompt 775 tokens, none cached, 775 new in
                       0.21 s (3,690 T/s) · first token 0.22 s, total 1.40 s ·
                       draft 169/261 accepted (65%) · max_tokens reached
21:58:05.343 INFO:     #301 chat/completions (stream): 97 prompt tokens ·
                       temperature: 0, greedy (req), max_tokens: 256 (req),
                       min_tokens: 256 (req)
21:58:05.680 INFO:     #300 chat/completions (stream): 256 tokens generated at
                       185.0 T/s · prompt 63 tokens, none cached, 63 new in 0.08
                       s · first token 0.09 s, total 1.47 s · draft 154/306
                       accepted (50%) · max_tokens reached
21:58:05.711 INFO:     #302 chat/completions (stream): 65 prompt tokens ·
                       temperature: 0, greedy (req), max_tokens: 256 (req),
                       min_tokens: 256 (req)
21:58:06.615 INFO:     #301 chat/completions (stream): 256 tokens generated at
                       225.5 T/s · prompt 97 tokens, none cached, 97 new in 0.09
                       s · first token 0.10 s, total 1.23 s · draft 171/255
                       accepted (67%) · max_tokens reached
21:58:06.647 INFO:     #303 chat/completions (stream): 61 prompt tokens ·
                       temperature: 0, greedy (req), max_tokens: 256 (req),
                       min_tokens: 256 (req)
21:58:06.999 INFO:     #302 chat/completions (stream): 256 tokens generated at
                       218.6 T/s · prompt 65 tokens, none cached, 65 new in 0.07
                       s · first token 0.08 s, total 1.25 s · draft 168/264
                       accepted (64%) · max_tokens reached
21:58:07.033 INFO:     #304 chat/completions (stream): 797 prompt tokens ·
                       temperature: 0, greedy (req), max_tokens: 256 (req),
                       min_tokens: 256 (req)
21:58:08.271 INFO:     #304 chat/completions (stream): 256 tokens generated at
                       256.4 T/s · prompt 797 tokens, none cached, 797 new in
                       0.22 s (3,623 T/s) · first token 0.23 s, total 1.22 s ·
                       draft 178/234 accepted (76%) · max_tokens reached
21:58:08.271 INFO:     #303 chat/completions (stream): 256 tokens generated at
                       166.0 T/s · prompt 61 tokens, none cached, 61 new in 0.07
                       s · first token 0.08 s, total 1.62 s · draft 150/318
                       accepted (47%) · max_tokens reached
21:58:08.276 INFO:     #305 chat/completions (stream): 63 prompt tokens ·
                       temperature: 0, greedy (req), max_tokens: 256 (req),
                       min_tokens: 256 (req)
21:58:08.277 INFO:     #306 chat/completions (stream): 822 prompt tokens ·
                       temperature: 0, greedy (req), max_tokens: 256 (req),
                       min_tokens: 256 (req)
21:58:09.688 INFO:     #305 chat/completions (stream): 256 tokens generated at
                       234.9 T/s · prompt 63 tokens, none cached, 63 new in 0.27
                       s · first token 0.28 s, total 1.37 s · draft 176/240
                       accepted (73%) · max_tokens reached
21:58:09.720 INFO:     #307 chat/completions (stream): 94 prompt tokens ·
                       temperature: 0, greedy (req), max_tokens: 256 (req),
                       min_tokens: 256 (req)
21:58:09.958 INFO:     #306 chat/completions (stream): 256 tokens generated at
                       200.4 T/s · prompt 822 tokens, none cached, 822 new in
                       0.28 s (2,936 T/s) · first token 0.36 s, total 1.64 s ·
                       draft 162/282 accepted (57%) · max_tokens reached
21:58:09.990 INFO:     #308 chat/completions (stream): 104 prompt tokens ·
                       temperature: 0, greedy (req), max_tokens: 256 (req),
                       min_tokens: 256 (req)
21:58:10.888 INFO:     #307 chat/completions (stream): 256 tokens generated at
                       247.7 T/s · prompt 94 tokens, none cached, 94 new in 0.09
                       s · first token 0.10 s, total 1.13 s · draft 181/225
                       accepted (80%) · max_tokens reached
21:58:10.922 INFO:     #309 chat/completions (stream): 470 prompt tokens ·
                       temperature: 0, greedy (req), max_tokens: 256 (req),
                       min_tokens: 256 (req)
21:58:11.546 INFO:     #308 chat/completions (stream): 256 tokens generated at
                       181.0 T/s · prompt 104 tokens, none cached, 104 new in
                       0.09 s · first token 0.10 s, total 1.51 s · draft 162/282
                       accepted (57%) · max_tokens reached
21:58:11.580 INFO:     #310 chat/completions (stream): 957 prompt tokens ·
                       temperature: 0, greedy (req), max_tokens: 256 (req),
                       min_tokens: 256 (req)
21:58:12.563 INFO:     #309 chat/completions (stream): 256 tokens generated at
                       189.2 T/s · prompt 470 tokens, none cached, 470 new in
                       0.24 s (1,958 T/s) · first token 0.25 s, total 1.60 s ·
                       draft 173/249 accepted (69%) · max_tokens reached
21:58:12.596 INFO:     #311 chat/completions (stream): 90 prompt tokens ·
                       temperature: 0, greedy (req), max_tokens: 256 (req),
                       min_tokens: 256 (req)
21:58:13.166 INFO:     #310 chat/completions (stream): 256 tokens generated at
                       206.9 T/s · prompt 957 tokens, none cached, 957 new in
                       0.30 s (3,190 T/s) · first token 0.31 s, total 1.54 s ·
                       draft 166/270 accepted (61%) · max_tokens reached
21:58:13.198 INFO:     #312 chat/completions (stream): 72 prompt tokens ·
                       temperature: 0, greedy (req), max_tokens: 256 (req),
                       min_tokens: 256 (req)
21:58:13.809 INFO:     #311 chat/completions (stream): 256 tokens generated at
                       236.9 T/s · prompt 90 tokens, none cached, 90 new in 0.09
                       s · first token 0.10 s, total 1.18 s · draft 176/240
                       accepted (73%) · max_tokens reached
21:58:13.844 INFO:     #313 chat/completions (stream): 748 prompt tokens ·
                       temperature: 0, greedy (req), max_tokens: 256 (req),
                       min_tokens: 256 (req)
21:58:14.488 INFO:     #312 chat/completions (stream): 256 tokens generated at
                       219.6 T/s · prompt 72 tokens, none cached, 72 new in 0.08
                       s · first token 0.09 s, total 1.25 s · draft 184/216
                       accepted (85%) · max_tokens reached
21:58:14.520 INFO:     #314 chat/completions (stream): 135 prompt tokens ·
                       temperature: 0, greedy (req), max_tokens: 256 (req),
                       min_tokens: 256 (req)
21:58:15.352 INFO:     #313 chat/completions (stream): 256 tokens generated at
                       215.8 T/s · prompt 748 tokens, none cached, 748 new in
                       0.27 s (2,770 T/s) · first token 0.28 s, total 1.46 s ·
                       draft 171/255 accepted (67%) · max_tokens reached
21:58:15.386 INFO:     #315 chat/completions (stream): 109 prompt tokens ·
                       temperature: 0, greedy (req), max_tokens: 256 (req),
                       min_tokens: 256 (req)
21:58:15.702 INFO:     #314 chat/completions (stream): 256 tokens generated at
                       249.4 T/s · prompt 135 tokens, none cached, 135 new in
                       0.11 s · first token 0.12 s, total 1.14 s · draft 182/222
                       accepted (82%) · max_tokens reached
21:58:15.736 INFO:     #316 chat/completions (stream): 748 prompt tokens ·
                       temperature: 0, greedy (req), max_tokens: 256 (req),
                       min_tokens: 256 (req)
21:58:16.709 INFO:     #315 chat/completions (stream): 256 tokens generated at
                       216.5 T/s · prompt 109 tokens, none cached, 109 new in
                       0.09 s · first token 0.10 s, total 1.28 s · draft 183/219
                       accepted (84%) · max_tokens reached
21:58:16.744 INFO:     #317 chat/completions (stream): 1,170 prompt tokens ·
                       temperature: 0, greedy (req), max_tokens: 256 (req),
                       min_tokens: 256 (req)
21:58:17.465 INFO:     #316 chat/completions (stream): 256 tokens generated at
                       182.3 T/s · prompt 748 tokens, none cached, 748 new in
                       0.28 s (2,671 T/s) · first token 0.29 s, total 1.69 s ·
                       draft 170/258 accepted (66%) · max_tokens reached
21:58:17.499 INFO:     #319 chat/completions (stream): 832 prompt tokens ·
                       temperature: 0, greedy (req), max_tokens: 256 (req),
                       min_tokens: 256 (req)
21:58:18.571 INFO:     #317 chat/completions (stream): 256 tokens generated at
                       177.1 T/s · prompt 1,170 tokens, none cached, 1,170 new
                       in 0.33 s (3,545 T/s) · first token 0.34 s, total 1.78 s
                       · draft 163/279 accepted (58%) · max_tokens reached
21:58:18.602 INFO:     #320 chat/completions (stream): 64 prompt tokens ·
                       temperature: 0, greedy (req), max_tokens: 256 (req),
                       min_tokens: 256 (req)
21:58:19.093 INFO:     #319 chat/completions (stream): 256 tokens generated at
                       201.4 T/s · prompt 832 tokens, none cached, 832 new in
                       0.28 s (2,971 T/s) · first token 0.29 s, total 1.56 s ·
                       draft 168/264 accepted (64%) · max_tokens reached
21:58:19.125 INFO:     #321 chat/completions (stream): 103 prompt tokens ·
                       temperature: 0, greedy (req), max_tokens: 256 (req),
                       min_tokens: 256 (req)
21:58:20.176 INFO:     #320 chat/completions (stream): 256 tokens generated at
                       175.8 T/s · prompt 64 tokens, none cached, 64 new in 0.07
                       s · first token 0.08 s, total 1.53 s · draft 155/303
                       accepted (51%) · max_tokens reached
21:58:20.207 INFO:     #322 chat/completions (stream): 101 prompt tokens ·
                       temperature: 0, greedy (req), max_tokens: 256 (req),
                       min_tokens: 256 (req)
21:58:20.545 INFO:     #321 chat/completions (stream): 256 tokens generated at
                       200.1 T/s · prompt 103 tokens, none cached, 103 new in
                       0.09 s · first token 0.10 s, total 1.37 s · draft 162/282
                       accepted (57%) · max_tokens reached
21:58:20.577 INFO:     #323 chat/completions (stream): 63 prompt tokens ·
                       temperature: 0, greedy (req), max_tokens: 256 (req),
                       min_tokens: 256 (req)
21:58:21.575 INFO:     #322 chat/completions (stream): 256 tokens generated at
                       208.8 T/s · prompt 101 tokens, none cached, 101 new in
                       0.10 s · first token 0.11 s, total 1.33 s · draft 164/276
                       accepted (59%) · max_tokens reached
21:58:21.608 INFO:     #324 chat/completions (stream): 63 prompt tokens ·
                       temperature: 0, greedy (req), max_tokens: 256 (req),
                       min_tokens: 256 (req)
21:58:21.878 INFO:     #323 chat/completions (stream): 256 tokens generated at
                       216.2 T/s · prompt 63 tokens, none cached, 63 new in 0.07
                       s · first token 0.08 s, total 1.26 s · draft 168/264
                       accepted (64%) · max_tokens reached
21:58:21.910 INFO:     #325 chat/completions (stream): 155 prompt tokens ·
                       temperature: 0, greedy (req), max_tokens: 256 (req),
                       min_tokens: 256 (req)
21:58:22.902 INFO:     #324 chat/completions (stream): 256 tokens generated at
                       217.6 T/s · prompt 63 tokens, none cached, 63 new in 0.07
                       s · first token 0.08 s, total 1.25 s · draft 171/255
                       accepted (67%) · max_tokens reached
21:58:22.935 INFO:     #326 chat/completions (stream): 71 prompt tokens ·
                       temperature: 0, greedy (req), max_tokens: 256 (req),
                       min_tokens: 256 (req)
21:58:23.199 INFO:     #325 chat/completions (stream): 256 tokens generated at
                       222.8 T/s · prompt 155 tokens, none cached, 155 new in
                       0.09 s · first token 0.10 s, total 1.24 s · draft 172/252
                       accepted (68%) · max_tokens reached
21:58:23.231 INFO:     #327 chat/completions (stream): 102 prompt tokens ·
                       temperature: 0, greedy (req), max_tokens: 256 (req),
                       min_tokens: 256 (req)
21:58:24.521 INFO:     #326 chat/completions (stream): 256 tokens generated at
                       175.2 T/s · prompt 71 tokens, none cached, 71 new in 0.08
                       s · first token 0.09 s, total 1.55 s · draft 148/324
                       accepted (46%) · max_tokens reached
21:58:24.554 INFO:     #328 chat/completions (stream): 91 prompt tokens ·
                       temperature: 0, greedy (req), max_tokens: 256 (req),
                       min_tokens: 256 (req)
21:58:24.879 INFO:     #327 chat/completions (stream): 256 tokens generated at
                       169.7 T/s · prompt 102 tokens, none cached, 102 new in
                       0.09 s · first token 0.10 s, total 1.60 s · draft 144/336
                       accepted (43%) · max_tokens reached
21:58:24.913 INFO:     #329 chat/completions (stream): 788 prompt tokens ·
                       temperature: 0, greedy (req), max_tokens: 256 (req),
                       min_tokens: 256 (req)
21:58:25.984 INFO:     #328 chat/completions (stream): 256 tokens generated at
                       197.4 T/s · prompt 91 tokens, none cached, 91 new in 0.09
                       s · first token 0.10 s, total 1.39 s · draft 171/255
                       accepted (67%) · max_tokens reached
21:58:26.020 INFO:     #330 chat/completions (stream): 809 prompt tokens ·
                       temperature: 0, greedy (req), max_tokens: 256 (req),
                       min_tokens: 256 (req)
21:58:26.574 INFO:     #329 chat/completions (stream): 256 tokens generated at
                       184.1 T/s · prompt 788 tokens, none cached, 788 new in
                       0.22 s (3,582 T/s) · first token 0.23 s, total 1.62 s ·
                       draft 167/267 accepted (63%) · max_tokens reached
21:58:26.606 INFO:     #331 chat/completions (stream): 106 prompt tokens ·
                       temperature: 0, greedy (req), max_tokens: 256 (req),
                       min_tokens: 256 (req)
21:58:27.702 INFO:     #331 chat/completions (stream): 256 tokens generated at
                       267.6 T/s · prompt 106 tokens, none cached, 106 new in
                       0.09 s · first token 0.10 s, total 1.05 s · draft 181/225
                       accepted (80%) · max_tokens reached
21:58:27.705 INFO:     #330 chat/completions (stream): 256 tokens generated at
                       183.1 T/s · prompt 809 tokens, none cached, 809 new in
                       0.27 s (2,996 T/s) · first token 0.28 s, total 1.67 s ·
                       draft 152/312 accepted (49%) · max_tokens reached
21:58:27.706 INFO:     #332 chat/completions (stream): 87 prompt tokens ·
                       temperature: 0, greedy (req), max_tokens: 256 (req),
                       min_tokens: 256 (req)
21:58:27.818 INFO:     #333 chat/completions (stream): 95 prompt tokens ·
                       temperature: 0, greedy (req), max_tokens: 256 (req),
                       min_tokens: 256 (req)
21:58:28.802 INFO:     #332 chat/completions (stream): 256 tokens generated at
                       265.7 T/s · prompt 87 tokens, none cached, 87 new in 0.09
                       s · first token 0.10 s, total 1.06 s · draft 187/207
                       accepted (90%) · max_tokens reached
21:58:28.837 INFO:     #334 chat/completions (stream): 133 prompt tokens ·
                       temperature: 0, greedy (req), max_tokens: 256 (req),
                       min_tokens: 256 (req)
21:58:29.311 INFO:     #333 chat/completions (stream): 256 tokens generated at
                       188.4 T/s · prompt 95 tokens, none cached, 95 new in 0.09
                       s · first token 0.10 s, total 1.45 s · draft 158/294
                       accepted (54%) · max_tokens reached
21:58:29.344 INFO:     #335 chat/completions (stream): 125 prompt tokens ·
                       temperature: 0, greedy (req), max_tokens: 256 (req),
                       min_tokens: 256 (req)
21:58:30.125 INFO:     #334 chat/completions (stream): 256 tokens generated at
                       225.9 T/s · prompt 133 tokens, none cached, 133 new in
                       0.11 s · first token 0.12 s, total 1.25 s · draft 174/246
                       accepted (71%) · max_tokens reached
21:58:30.159 INFO:     #336 chat/completions (stream): 92 prompt tokens ·
                       temperature: 0, greedy (req), max_tokens: 256 (req),
                       min_tokens: 256 (req)
21:58:30.582 INFO:     #335 chat/completions (stream): 256 tokens generated at
                       234.9 T/s · prompt 125 tokens, none cached, 125 new in
                       0.10 s · first token 0.11 s, total 1.20 s · draft 177/237
                       accepted (75%) · max_tokens reached
21:58:30.614 INFO:     #337 chat/completions (stream): 143 prompt tokens ·
                       temperature: 0, greedy (req), max_tokens: 256 (req),
                       min_tokens: 256 (req)
21:58:31.356 INFO:     #336 chat/completions (stream): 256 tokens generated at
                       246.9 T/s · prompt 92 tokens, none cached, 92 new in 0.11
                       s · first token 0.12 s, total 1.15 s · draft 182/222
                       accepted (82%) · max_tokens reached
21:58:31.391 INFO:     #338 chat/completions (stream): 832 prompt tokens ·
                       temperature: 0, greedy (req), max_tokens: 256 (req),
                       min_tokens: 256 (req)
21:58:32.151 INFO:     #337 chat/completions (stream): 256 tokens generated at
                       185.1 T/s · prompt 143 tokens, none cached, 143 new in
                       0.11 s · first token 0.12 s, total 1.50 s · draft 168/264
                       accepted (64%) · max_tokens reached
21:58:32.190 INFO:     #340 chat/completions (stream): 91 prompt tokens ·
                       temperature: 0, greedy (req), max_tokens: 256 (req),
                       min_tokens: 256 (req)
21:58:33.043 INFO:     #338 chat/completions (stream): 256 tokens generated at
                       193.4 T/s · prompt 832 tokens, none cached, 832 new in
                       0.28 s (2,971 T/s) · first token 0.29 s, total 1.61 s ·
                       draft 158/294 accepted (54%) · max_tokens reached
21:58:33.075 INFO:     #341 chat/completions (stream): 62 prompt tokens ·
                       temperature: 0, greedy (req), max_tokens: 256 (req),
                       min_tokens: 256 (req)
21:58:33.281 INFO:     #340 chat/completions (stream): 256 tokens generated at
                       267.0 T/s · prompt 91 tokens, none cached, 91 new in 0.09
                       s · first token 0.10 s, total 1.05 s · draft 185/213
                       accepted (87%) · max_tokens reached
21:58:33.312 INFO:     #342 chat/completions (stream): 62 prompt tokens ·
                       temperature: 0, greedy (req), max_tokens: 256 (req),
                       min_tokens: 256 (req)
21:58:34.663 INFO:     #341 chat/completions (stream): 256 tokens generated at
                       172.3 T/s · prompt 62 tokens, none cached, 62 new in 0.07
                       s · first token 0.08 s, total 1.56 s · draft 145/333
                       accepted (44%) · max_tokens reached
21:58:34.665 INFO:     #342 chat/completions (stream): 256 tokens generated at
                       201.3 T/s · prompt 62 tokens, none cached, 62 new in 0.07
                       s · first token 0.07 s, total 1.35 s · draft 157/297
                       accepted (53%) · max_tokens reached
21:58:34.666 INFO:     #343 chat/completions (stream): 71 prompt tokens ·
                       temperature: 0, greedy (req), max_tokens: 256 (req),
                       min_tokens: 256 (req)
21:58:34.668 INFO:     #344 chat/completions (stream): 93 prompt tokens ·
                       temperature: 0, greedy (req), max_tokens: 256 (req),
                       min_tokens: 256 (req)
21:58:35.796 INFO:     #344 chat/completions (stream): 256 tokens generated at
                       280.7 T/s · prompt 93 tokens, none cached, 93 new in 0.09
                       s · first token 0.18 s, total 1.09 s · draft 184/216
                       accepted (85%) · max_tokens reached
21:58:35.827 INFO:     #345 chat/completions (stream): 74 prompt tokens ·
                       temperature: 0, greedy (req), max_tokens: 256 (req),
                       min_tokens: 256 (req)
21:58:36.051 INFO:     #343 chat/completions (stream): 256 tokens generated at
                       219.5 T/s · prompt 71 tokens, none cached, 71 new in 0.16
                       s · first token 0.17 s, total 1.34 s · draft 169/261
                       accepted (65%) · max_tokens reached
21:58:36.085 INFO:     #346 chat/completions (stream): 892 prompt tokens ·
                       temperature: 0, greedy (req), max_tokens: 256 (req),
                       min_tokens: 256 (req)
21:58:37.426 INFO:     #346 chat/completions (stream): 256 tokens generated at
                       250.4 T/s · prompt 892 tokens, none cached, 892 new in
                       0.30 s (2,973 T/s) · first token 0.30 s, total 1.33 s ·
                       draft 176/240 accepted (73%) · max_tokens reached
21:58:37.427 INFO:     #345 chat/completions (stream): 256 tokens generated at
                       169.3 T/s · prompt 74 tokens, none cached, 74 new in 0.08
                       s · first token 0.09 s, total 1.60 s · draft 159/291
                       accepted (55%) · max_tokens reached
21:58:37.432 INFO:     #347 chat/completions (stream): 726 prompt tokens ·
                       temperature: 0, greedy (req), max_tokens: 256 (req),
                       min_tokens: 256 (req)
21:58:37.434 INFO:     #348 chat/completions (stream): 433 prompt tokens ·
                       temperature: 0, greedy (req), max_tokens: 256 (req),
                       min_tokens: 256 (req)
21:58:39.015 INFO:     #348 chat/completions (stream): 256 tokens generated at
                       245.1 T/s · prompt 433 tokens, none cached, 433 new in
                       0.34 s (1,274 T/s) · queued 0.16 s, first token 0.50 s,
                       total 1.55 s · draft 174/246 accepted (71%) · max_tokens
                       reached
21:58:39.047 INFO:     #349 chat/completions (stream): 116 prompt tokens ·
                       temperature: 0, greedy (req), max_tokens: 256 (req),
                       min_tokens: 256 (req)
21:58:39.283 INFO:     #347 chat/completions (stream): 256 tokens generated at
                       195.3 T/s · prompt 726 tokens, none cached, 726 new in
                       0.49 s (1,482 T/s) · first token 0.50 s, total 1.81 s ·
                       draft 160/288 accepted (56%) · max_tokens reached
21:58:39.315 INFO:     #350 chat/completions (stream): 81 prompt tokens ·
                       temperature: 0, greedy (req), max_tokens: 256 (req),
                       min_tokens: 256 (req)
21:58:40.217 INFO:     #349 chat/completions (stream): 256 tokens generated at
                       252.5 T/s · prompt 116 tokens, none cached, 116 new in
                       0.10 s · first token 0.11 s, total 1.12 s · draft 182/222
                       accepted (82%) · max_tokens reached
21:58:40.250 INFO:     #351 chat/completions (stream): 634 prompt tokens ·
                       temperature: 0, greedy (req), max_tokens: 256 (req),
                       min_tokens: 256 (req)
21:58:40.721 INFO:     #350 chat/completions (stream): 256 tokens generated at
                       200.3 T/s · prompt 81 tokens, none cached, 81 new in 0.08
                       s · first token 0.09 s, total 1.36 s · draft 175/243
                       accepted (72%) · max_tokens reached
21:58:40.752 INFO:     #352 chat/completions (stream): 71 prompt tokens ·
                       temperature: 0, greedy (req), max_tokens: 256 (req),
                       min_tokens: 256 (req)
21:58:41.722 INFO:     #351 chat/completions (stream): 256 tokens generated at
                       220.2 T/s · prompt 634 tokens, none cached, 634 new in
                       0.26 s (2,438 T/s) · first token 0.27 s, total 1.43 s ·
                       draft 169/261 accepted (65%) · max_tokens reached
21:58:41.755 INFO:     #353 chat/completions (stream): 100 prompt tokens ·
                       temperature: 0, greedy (req), max_tokens: 256 (req),
                       min_tokens: 256 (req)
21:58:42.057 INFO:     #352 chat/completions (stream): 256 tokens generated at
                       216.9 T/s · prompt 71 tokens, none cached, 71 new in 0.08
                       s · first token 0.09 s, total 1.27 s · draft 169/261
                       accepted (65%) · max_tokens reached
21:58:42.089 INFO:     #354 chat/completions (stream): 96 prompt tokens ·
                       temperature: 0, greedy (req), max_tokens: 256 (req),
                       min_tokens: 256 (req)
21:58:43.018 INFO:     #353 chat/completions (stream): 256 tokens generated at
                       228.5 T/s · prompt 100 tokens, none cached, 100 new in
                       0.09 s · first token 0.10 s, total 1.22 s · draft 173/249
                       accepted (69%) · max_tokens reached
21:58:43.054 INFO:     #355 chat/completions (stream): 93 prompt tokens ·
                       temperature: 0, greedy (req), max_tokens: 256 (req),
                       min_tokens: 256 (req)
21:58:43.478 INFO:     #354 chat/completions (stream): 256 tokens generated at
                       204.2 T/s · prompt 96 tokens, none cached, 96 new in 0.09
                       s · first token 0.09 s, total 1.35 s · draft 166/270
                       accepted (61%) · max_tokens reached
21:58:43.511 INFO:     #356 chat/completions (stream): 804 prompt tokens ·
                       temperature: 0, greedy (req), max_tokens: 256 (req),
                       min_tokens: 256 (req)
21:58:44.686 INFO:     #355 chat/completions (stream): 256 tokens generated at
                       171.7 T/s · prompt 93 tokens, none cached, 93 new in 0.09
                       s · first token 0.10 s, total 1.59 s · draft 161/285
                       accepted (56%) · max_tokens reached
21:58:44.719 INFO:     #357 chat/completions (stream): 745 prompt tokens ·
                       temperature: 0, greedy (req), max_tokens: 256 (req),
                       min_tokens: 256 (req)
21:58:45.219 INFO:     #356 chat/completions (stream): 256 tokens generated at
                       184.1 T/s · prompt 804 tokens, none cached, 804 new in
                       0.26 s (3,092 T/s) · first token 0.27 s, total 1.66 s ·
                       draft 168/264 accepted (64%) · max_tokens reached
21:58:45.253 INFO:     #358 chat/completions (stream): 740 prompt tokens ·
                       temperature: 0, greedy (req), max_tokens: 256 (req),
                       min_tokens: 256 (req)
21:58:46.297 INFO:     #357 chat/completions (stream): 256 tokens generated at
                       205.1 T/s · prompt 745 tokens, none cached, 745 new in
                       0.28 s (2,661 T/s) · first token 0.29 s, total 1.53 s ·
                       draft 178/234 accepted (76%) · max_tokens reached
21:58:46.330 INFO:     #359 chat/completions (stream): 93 prompt tokens ·
                       temperature: 0, greedy (req), max_tokens: 256 (req),
                       min_tokens: 256 (req)
21:58:46.874 INFO:     #358 chat/completions (stream): 256 tokens generated at
                       196.6 T/s · prompt 740 tokens, none cached, 740 new in
                       0.27 s (2,741 T/s) · first token 0.28 s, total 1.58 s ·
                       draft 160/288 accepted (56%) · max_tokens reached
21:58:46.907 INFO:     #360 chat/completions (stream): 108 prompt tokens ·
                       temperature: 0, greedy (req), max_tokens: 256 (req),
                       min_tokens: 256 (req)
21:58:47.617 INFO:     #359 chat/completions (stream): 256 tokens generated at
                       222.4 T/s · prompt 93 tokens, none cached, 93 new in 0.09
                       s · first token 0.10 s, total 1.25 s · draft 172/252
                       accepted (68%) · max_tokens reached
21:58:47.650 INFO:     #362 chat/completions (stream): 63 prompt tokens ·
                       temperature: 0, greedy (req), max_tokens: 256 (req),
                       min_tokens: 256 (req)
21:58:48.072 INFO:     #360 chat/completions (stream): 256 tokens generated at
                       250.3 T/s · prompt 108 tokens, none cached, 108 new in
                       0.10 s · first token 0.11 s, total 1.13 s · draft 180/228
                       accepted (79%) · max_tokens reached
21:58:48.105 INFO:     #363 chat/completions (stream): 395 prompt tokens ·
                       temperature: 0, greedy (req), max_tokens: 256 (req),
                       min_tokens: 256 (req)
21:58:49.323 INFO:     #362 chat/completions (stream): 256 tokens generated at
                       164.5 T/s · prompt 63 tokens, none cached, 63 new in 0.07
                       s · first token 0.08 s, total 1.63 s · draft 151/315
                       accepted (48%) · max_tokens reached
21:58:49.345 INFO:     #364 chat/completions (stream): 692 prompt tokens ·
                       temperature: 0, greedy (req), max_tokens: 256 (req),
                       min_tokens: 256 (req)
21:58:49.516 INFO:     #363 chat/completions (stream): 256 tokens generated at
                       256.3 T/s · prompt 395 tokens, none cached, 395 new in
                       0.23 s (1,717 T/s) · first token 0.24 s, total 1.23 s ·
                       draft 178/234 accepted (76%) · max_tokens reached
21:58:49.654 INFO:     #365 chat/completions (stream): 714 prompt tokens ·
                       temperature: 0, greedy (req), max_tokens: 256 (req),
                       min_tokens: 256 (req)
21:58:51.017 INFO:     #365 chat/completions (stream): 256 tokens generated at
                       243.2 T/s · prompt 714 tokens, none cached, 714 new in
                       0.26 s (2,746 T/s) · first token 0.27 s, total 1.32 s ·
                       draft 173/249 accepted (69%) · max_tokens reached
21:58:51.049 INFO:     #366 chat/completions (stream): 79 prompt tokens ·
                       temperature: 0, greedy (req), max_tokens: 256 (req),
                       min_tokens: 256 (req)
21:58:51.253 INFO:     #364 chat/completions (stream): 256 tokens generated at
                       160.6 T/s · prompt 692 tokens, none cached, 692 new in
                       0.27 s (2,563 T/s) · first token 0.28 s, total 1.87 s ·
                       draft 157/297 accepted (53%) · max_tokens reached
21:58:51.287 INFO:     #367 chat/completions (stream): 587 prompt tokens ·
                       temperature: 0, greedy (req), max_tokens: 256 (req),
                       min_tokens: 256 (req)
21:58:52.766 INFO:     #366 chat/completions (stream): 256 tokens generated at
                       157.4 T/s · prompt 79 tokens, none cached, 79 new in 0.08
                       s · first token 0.09 s, total 1.71 s · draft 147/327
                       accepted (45%) · max_tokens reached
21:58:52.767 INFO:     #367 chat/completions (stream): 256 tokens generated at
                       209.1 T/s · prompt 587 tokens, none cached, 587 new in
                       0.24 s (2,446 T/s) · first token 0.25 s, total 1.47 s ·
                       draft 160/288 accepted (56%) · max_tokens reached
21:58:52.770 INFO:     #368 chat/completions (stream): 120 prompt tokens ·
                       temperature: 0, greedy (req), max_tokens: 256 (req),
                       min_tokens: 256 (req)
21:58:52.771 INFO:     #369 chat/completions (stream): 111 prompt tokens ·
                       temperature: 0, greedy (req), max_tokens: 256 (req),
                       min_tokens: 256 (req)
21:58:53.909 INFO:     #368 chat/completions (stream): 256 tokens generated at
                       287.9 T/s · prompt 120 tokens, none cached, 120 new in
                       0.19 s · first token 0.20 s, total 1.09 s · draft 186/210
                       accepted (89%) · max_tokens reached
21:58:53.914 INFO:     #370 chat/completions (stream): 894 prompt tokens ·
                       temperature: 0, greedy (req), max_tokens: 256 (req),
                       min_tokens: 256 (req)
21:58:53.914 INFO:     #369 chat/completions (stream): 256 tokens generated at
                       275.3 T/s · prompt 111 tokens, none cached, 111 new in
                       0.10 s · queued 0.11 s, first token 0.21 s, total 1.14 s
                       · draft 182/222 accepted (82%) · max_tokens reached
21:58:54.245 INFO:     #371 chat/completions (stream): 1,157 prompt tokens ·
                       temperature: 0, greedy (req), max_tokens: 256 (req),
                       min_tokens: 256 (req)
21:58:55.529 INFO:     #370 chat/completions (stream): 256 tokens generated at
                       200.3 T/s · prompt 894 tokens, none cached, 894 new in
                       0.29 s (3,083 T/s) · first token 0.30 s, total 1.58 s ·
                       draft 182/222 accepted (82%) · max_tokens reached
21:58:55.561 INFO:     #372 chat/completions (stream): 93 prompt tokens ·
                       temperature: 0, greedy (req), max_tokens: 256 (req),
                       min_tokens: 256 (req)
21:58:55.953 INFO:     #371 chat/completions (stream): 256 tokens generated at
                       194.2 T/s · prompt 1,157 tokens, none cached, 1,157 new
                       in 0.34 s (3,403 T/s) · first token 0.35 s, total 1.66 s
                       · draft 159/291 accepted (55%) · max_tokens reached
21:58:55.985 INFO:     #373 chat/completions (stream): 61 prompt tokens ·
                       temperature: 0, greedy (req), max_tokens: 256 (req),
                       min_tokens: 256 (req)
21:58:56.932 INFO:     #372 chat/completions (stream): 256 tokens generated at
                       207.5 T/s · prompt 93 tokens, none cached, 93 new in 0.09
                       s · first token 0.10 s, total 1.33 s · draft 164/276
                       accepted (59%) · max_tokens reached
21:58:56.968 INFO:     #374 chat/completions (stream): 1,540 prompt tokens ·
                       temperature: 0, greedy (req), max_tokens: 256 (req),
                       min_tokens: 256 (req)
21:58:57.521 INFO:     #373 chat/completions (stream): 256 tokens generated at
                       180.4 T/s · prompt 61 tokens, none cached, 61 new in 0.07
                       s · first token 0.08 s, total 1.49 s · draft 167/267
                       accepted (63%) · max_tokens reached
21:58:57.553 INFO:     #375 chat/completions (stream): 64 prompt tokens ·
                       temperature: 0, greedy (req), max_tokens: 256 (req),
                       min_tokens: 256 (req)
21:58:58.624 INFO:     #374 chat/completions (stream): 256 tokens generated at
                       196.0 T/s · prompt 1,540 tokens, none cached, 1,540 new
                       in 0.30 s (5,133 T/s) · first token 0.31 s, total 1.61 s
                       · draft 158/294 accepted (54%) · max_tokens reached
21:58:58.658 INFO:     #376 chat/completions (stream): 123 prompt tokens ·
                       temperature: 0, greedy (req), max_tokens: 256 (req),
                       min_tokens: 256 (req)
21:58:58.844 INFO:     #375 chat/completions (stream): 256 tokens generated at
                       218.5 T/s · prompt 64 tokens, none cached, 64 new in 0.07
                       s · first token 0.08 s, total 1.25 s · draft 171/255
                       accepted (67%) · max_tokens reached
21:58:58.877 INFO:     #377 chat/completions (stream): 72 prompt tokens ·
                       temperature: 0, greedy (req), max_tokens: 256 (req),
                       min_tokens: 256 (req)
21:58:59.920 INFO:     #376 chat/completions (stream): 256 tokens generated at
                       229.7 T/s · prompt 123 tokens, none cached, 123 new in
                       0.10 s · first token 0.11 s, total 1.22 s · draft 174/246
                       accepted (71%) · max_tokens reached
21:58:59.952 INFO:     #378 chat/completions (stream): 81 prompt tokens ·
                       temperature: 0, greedy (req), max_tokens: 256 (req),
                       min_tokens: 256 (req)
21:59:00.234 INFO:     #377 chat/completions (stream): 256 tokens generated at
                       207.8 T/s · prompt 72 tokens, none cached, 72 new in 0.08
                       s · first token 0.09 s, total 1.32 s · draft 165/273
                       accepted (60%) · max_tokens reached
21:59:00.266 INFO:     #379 chat/completions (stream): 64 prompt tokens ·
                       temperature: 0, greedy (req), max_tokens: 256 (req),
                       min_tokens: 256 (req)
21:59:01.253 INFO:     #378 chat/completions (stream): 256 tokens generated at
                       218.6 T/s · prompt 81 tokens, none cached, 81 new in 0.08
                       s · first token 0.09 s, total 1.26 s · draft 169/261
                       accepted (65%) · max_tokens reached
21:59:01.286 INFO:     #380 chat/completions (stream): 73 prompt tokens ·
                       temperature: 0, greedy (req), max_tokens: 256 (req),
                       min_tokens: 256 (req)
21:59:01.687 INFO:     #379 chat/completions (stream): 256 tokens generated at
                       196.4 T/s · prompt 64 tokens, none cached, 64 new in 0.07
                       s · first token 0.08 s, total 1.38 s · draft 159/291
                       accepted (55%) · max_tokens reached
21:59:01.718 INFO:     #381 chat/completions (stream): 63 prompt tokens ·
                       temperature: 0, greedy (req), max_tokens: 256 (req),
                       min_tokens: 256 (req)
21:59:02.593 INFO:     #380 chat/completions (stream): 256 tokens generated at
                       216.6 T/s · prompt 73 tokens, none cached, 73 new in 0.08
                       s · first token 0.09 s, total 1.27 s · draft 168/264
                       accepted (64%) · max_tokens reached
21:59:02.629 INFO:     #383 chat/completions (stream): 720 prompt tokens ·
                       temperature: 0, greedy (req), max_tokens: 256 (req),
                       min_tokens: 256 (req)
21:59:03.373 INFO:     #381 chat/completions (stream): 256 tokens generated at
                       166.4 T/s · prompt 63 tokens, none cached, 63 new in 0.07
                       s · first token 0.08 s, total 1.61 s · draft 156/300
                       accepted (52%) · max_tokens reached
21:59:03.406 INFO:     #384 chat/completions (stream): 110 prompt tokens ·
                       temperature: 0, greedy (req), max_tokens: 256 (req),
                       min_tokens: 256 (req)
21:59:04.230 INFO:     #383 chat/completions (stream): 256 tokens generated at
                       198.9 T/s · prompt 720 tokens, none cached, 720 new in
                       0.27 s (2,667 T/s) · first token 0.28 s, total 1.56 s ·
                       draft 162/282 accepted (57%) · max_tokens reached
21:59:04.265 INFO:     #385 chat/completions (stream): 751 prompt tokens ·
                       temperature: 0, greedy (req), max_tokens: 256 (req),
                       min_tokens: 256 (req)
21:59:04.753 INFO:     #384 chat/completions (stream): 256 tokens generated at
                       212.0 T/s · prompt 110 tokens, none cached, 110 new in
                       0.09 s · first token 0.10 s, total 1.30 s · draft 181/225
                       accepted (80%) · max_tokens reached
21:59:04.785 INFO:     #386 chat/completions (stream): 128 prompt tokens ·
                       temperature: 0, greedy (req), max_tokens: 256 (req),
                       min_tokens: 256 (req)
21:59:05.729 INFO:     #385 chat/completions (stream): 256 tokens generated at
                       224.5 T/s · prompt 751 tokens, none cached, 751 new in
                       0.28 s (2,682 T/s) · first token 0.29 s, total 1.43 s ·
                       draft 173/249 accepted (69%) · max_tokens reached
21:59:05.765 INFO:     #387 chat/completions (stream): 103 prompt tokens ·
                       temperature: 0, greedy (req), max_tokens: 256 (req),
                       min_tokens: 256 (req)
21:59:05.905 INFO:     #386 chat/completions (stream): 256 tokens generated at
                       294.9 T/s · prompt 128 tokens, none cached, 128 new in
                       0.10 s · first token 0.11 s, total 0.97 s · draft 186/210
                       accepted (89%) · max_tokens reached
21:59:05.937 INFO:     #388 chat/completions (stream): 64 prompt tokens ·
                       temperature: 0, greedy (req), max_tokens: 256 (req),
                       min_tokens: 256 (req)
21:59:07.244 INFO:     #387 chat/completions (stream): 256 tokens generated at
                       187.3 T/s · prompt 103 tokens, none cached, 103 new in
                       0.09 s · first token 0.10 s, total 1.46 s · draft 154/306
                       accepted (50%) · max_tokens reached
21:59:07.245 INFO:     #388 chat/completions (stream): 256 tokens generated at
                       208.6 T/s · prompt 64 tokens, none cached, 64 new in 0.07
                       s · first token 0.08 s, total 1.30 s · draft 160/288
                       accepted (56%) · max_tokens reached
21:59:07.248 INFO:     #389 chat/completions (stream): 114 prompt tokens ·
                       temperature: 0, greedy (req), max_tokens: 256 (req),
                       min_tokens: 256 (req)
21:59:07.249 INFO:     #390 chat/completions (stream): 135 prompt tokens ·
                       temperature: 0, greedy (req), max_tokens: 256 (req),
                       min_tokens: 256 (req)
21:59:08.451 INFO:     #390 chat/completions (stream): 256 tokens generated at
                       271.0 T/s · prompt 135 tokens, none cached, 135 new in
                       0.11 s · queued 0.11 s, first token 0.22 s, total 1.17 s
                       · draft 182/222 accepted (82%) · max_tokens reached
21:59:08.483 INFO:     #391 chat/completions (stream): 80 prompt tokens ·
                       temperature: 0, greedy (req), max_tokens: 256 (req),
                       min_tokens: 256 (req)
21:59:08.936 INFO:     #389 chat/completions (stream): 256 tokens generated at
                       179.1 T/s · prompt 114 tokens, none cached, 114 new in
                       0.21 s · first token 0.22 s, total 1.65 s · draft 149/321
                       accepted (46%) · max_tokens reached
21:59:08.967 INFO:     #392 chat/completions (stream): 73 prompt tokens ·
                       temperature: 0, greedy (req), max_tokens: 256 (req),
                       min_tokens: 256 (req)
21:59:09.912 INFO:     #391 chat/completions (stream): 256 tokens generated at
                       196.6 T/s · prompt 80 tokens, none cached, 80 new in 0.08
                       s · first token 0.09 s, total 1.39 s · draft 159/291
                       accepted (55%) · max_tokens reached
21:59:09.944 INFO:     #393 chat/completions (stream): 62 prompt tokens ·
                       temperature: 0, greedy (req), max_tokens: 256 (req),
                       min_tokens: 256 (req)
21:59:10.262 INFO:     #392 chat/completions (stream): 256 tokens generated at
                       218.5 T/s · prompt 73 tokens, none cached, 73 new in 0.08
                       s · first token 0.09 s, total 1.26 s · draft 170/258
                       accepted (66%) · max_tokens reached
21:59:10.296 INFO:     #394 chat/completions (stream): 785 prompt tokens ·
                       temperature: 0, greedy (req), max_tokens: 256 (req),
                       min_tokens: 256 (req)
21:59:11.352 INFO:     #393 chat/completions (stream): 256 tokens generated at
                       198.4 T/s · prompt 62 tokens, none cached, 62 new in 0.07
                       s · first token 0.08 s, total 1.37 s · draft 170/258
                       accepted (66%) · max_tokens reached
21:59:11.385 INFO:     #395 chat/completions (stream): 92 prompt tokens ·
                       temperature: 0, greedy (req), max_tokens: 256 (req),
                       min_tokens: 256 (req)
21:59:11.710 INFO:     #394 chat/completions (stream): 256 tokens generated at
                       221.5 T/s · prompt 785 tokens, none cached, 785 new in
                       0.21 s (3,738 T/s) · first token 0.22 s, total 1.37 s ·
                       draft 171/255 accepted (67%) · max_tokens reached
21:59:11.744 INFO:     #396 chat/completions (stream): 680 prompt tokens ·
                       temperature: 0, greedy (req), max_tokens: 256 (req),
                       min_tokens: 256 (req)
21:59:12.907 INFO:     #395 chat/completions (stream): 256 tokens generated at
                       184.4 T/s · prompt 92 tokens, none cached, 92 new in 0.09
                       s · first token 0.10 s, total 1.48 s · draft 164/276
                       accepted (59%) · max_tokens reached
21:59:12.940 INFO:     #397 chat/completions (stream): 125 prompt tokens ·
                       temperature: 0, greedy (req), max_tokens: 256 (req),
                       min_tokens: 256 (req)
21:59:13.176 INFO:     #396 chat/completions (stream): 256 tokens generated at
                       225.7 T/s · prompt 680 tokens, none cached, 680 new in
                       0.25 s (2,720 T/s) · first token 0.26 s, total 1.39 s ·
                       draft 173/249 accepted (69%) · max_tokens reached
21:59:13.208 INFO:     #398 chat/completions (stream): 79 prompt tokens ·
                       temperature: 0, greedy (req), max_tokens: 256 (req),
                       min_tokens: 256 (req)
21:59:14.282 INFO:     #397 chat/completions (stream): 256 tokens generated at
                       214.1 T/s · prompt 125 tokens, none cached, 125 new in
                       0.10 s · first token 0.11 s, total 1.30 s · draft 168/264
                       accepted (64%) · max_tokens reached
21:59:14.316 INFO:     #399 chat/completions (stream): 86 prompt tokens ·
                       temperature: 0, greedy (req), max_tokens: 256 (req),
                       min_tokens: 256 (req)
21:59:14.563 INFO:     #398 chat/completions (stream): 256 tokens generated at
                       208.6 T/s · prompt 79 tokens, none cached, 79 new in 0.08
                       s · first token 0.09 s, total 1.31 s · draft 166/270
                       accepted (61%) · max_tokens reached
21:59:14.596 INFO:     #400 chat/completions (stream): 69 prompt tokens ·
                       temperature: 0, greedy (req), max_tokens: 256 (req),
                       min_tokens: 256 (req)
21:59:15.650 INFO:     #399 chat/completions (stream): 256 tokens generated at
                       213.1 T/s · prompt 86 tokens, none cached, 86 new in 0.09
                       s · first token 0.10 s, total 1.30 s · draft 166/270
                       accepted (61%) · max_tokens reached
21:59:15.683 INFO:     #401 chat/completions (stream): 80 prompt tokens ·
                       temperature: 0, greedy (req), max_tokens: 256 (req),
                       min_tokens: 256 (req)
21:59:16.181 INFO:     #400 chat/completions (stream): 256 tokens generated at
                       175.5 T/s · prompt 69 tokens, none cached, 69 new in 0.08
                       s · first token 0.09 s, total 1.54 s · draft 146/330
                       accepted (44%) · max_tokens reached
21:59:16.220 INFO:     #402 chat/completions (stream): 80 prompt tokens ·
                       temperature: 0, greedy (req), max_tokens: 256 (req),
                       min_tokens: 256 (req)
21:59:17.058 INFO:     #401 chat/completions (stream): 256 tokens generated at
                       205.6 T/s · prompt 80 tokens, none cached, 80 new in 0.08
                       s · first token 0.09 s, total 1.33 s · draft 164/276
                       accepted (59%) · max_tokens reached
21:59:17.090 INFO:     #404 chat/completions (stream): 62 prompt tokens ·
                       temperature: 0, greedy (req), max_tokens: 256 (req),
                       min_tokens: 256 (req)
21:59:17.691 INFO:     #402 chat/completions (stream): 256 tokens generated at
                       190.7 T/s · prompt 80 tokens, none cached, 80 new in 0.08
                       s · first token 0.09 s, total 1.43 s · draft 155/303
                       accepted (51%) · max_tokens reached
21:59:17.724 INFO:     #405 chat/completions (stream): 635 prompt tokens ·
                       temperature: 0, greedy (req), max_tokens: 256 (req),
                       min_tokens: 256 (req)
21:59:18.770 INFO:     #404 chat/completions (stream): 256 tokens generated at
                       163.8 T/s · prompt 62 tokens, none cached, 62 new in 0.07
                       s · first token 0.08 s, total 1.64 s · draft 152/312
                       accepted (49%) · max_tokens reached
21:59:18.805 INFO:     #406 chat/completions (stream): 828 prompt tokens ·
                       temperature: 0, greedy (req), max_tokens: 256 (req),
                       min_tokens: 256 (req)
21:59:19.529 INFO:     #405 chat/completions (stream): 256 tokens generated at
                       170.7 T/s · prompt 635 tokens, none cached, 635 new in
                       0.26 s (2,442 T/s) · first token 0.27 s, total 1.77 s ·
                       draft 159/291 accepted (55%) · max_tokens reached
21:59:19.560 INFO:     #407 chat/completions (stream): 62 prompt tokens ·
                       temperature: 0, greedy (req), max_tokens: 256 (req),
                       min_tokens: 256 (req)
21:59:20.381 INFO:     #406 chat/completions (stream): 256 tokens generated at
                       202.3 T/s · prompt 828 tokens, none cached, 828 new in
                       0.26 s (3,185 T/s) · first token 0.27 s, total 1.53 s ·
                       draft 162/282 accepted (57%) · max_tokens reached
21:59:20.414 INFO:     #408 chat/completions (stream): 79 prompt tokens ·
                       temperature: 0, greedy (req), max_tokens: 256 (req),
                       min_tokens: 256 (req)
21:59:21.116 INFO:     #407 chat/completions (stream): 256 tokens generated at
                       177.9 T/s · prompt 62 tokens, none cached, 62 new in 0.07
                       s · first token 0.08 s, total 1.52 s · draft 147/327
                       accepted (45%) · max_tokens reached
21:59:21.149 INFO:     #409 chat/completions (stream): 492 prompt tokens ·
                       temperature: 0, greedy (req), max_tokens: 256 (req),
                       min_tokens: 256 (req)
21:59:21.682 INFO:     #408 chat/completions (stream): 256 tokens generated at
                       224.2 T/s · prompt 79 tokens, none cached, 79 new in 0.08
                       s · first token 0.09 s, total 1.23 s · draft 184/216
                       accepted (85%) · max_tokens reached
21:59:21.715 INFO:     #410 chat/completions (stream): 65 prompt tokens ·
                       temperature: 0, greedy (req), max_tokens: 256 (req),
                       min_tokens: 256 (req)
21:59:22.770 INFO:     #409 chat/completions (stream): 256 tokens generated at
                       194.2 T/s · prompt 492 tokens, none cached, 492 new in
                       0.26 s (1,892 T/s) · first token 0.27 s, total 1.58 s ·
                       draft 158/294 accepted (54%) · max_tokens reached
21:59:22.803 INFO:     #411 chat/completions (stream): 63 prompt tokens ·
                       temperature: 0, greedy (req), max_tokens: 256 (req),
                       min_tokens: 256 (req)
21:59:23.048 INFO:     #410 chat/completions (stream): 256 tokens generated at
                       211.1 T/s · prompt 65 tokens, none cached, 65 new in 0.07
                       s · first token 0.08 s, total 1.29 s · draft 166/270
                       accepted (61%) · max_tokens reached
21:59:23.082 INFO:     #412 chat/completions (stream): 724 prompt tokens ·
                       temperature: 0, greedy (req), max_tokens: 256 (req),
                       min_tokens: 256 (req)
21:59:24.252 INFO:     #411 chat/completions (stream): 256 tokens generated at
                       192.3 T/s · prompt 63 tokens, none cached, 63 new in 0.07
                       s · first token 0.08 s, total 1.41 s · draft 170/258
                       accepted (66%) · max_tokens reached
21:59:24.287 INFO:     #413 chat/completions (stream): 760 prompt tokens ·
                       temperature: 0, greedy (req), max_tokens: 256 (req),
                       min_tokens: 256 (req)
21:59:24.687 INFO:     #412 chat/completions (stream): 256 tokens generated at
                       197.9 T/s · prompt 724 tokens, none cached, 724 new in
                       0.26 s (2,785 T/s) · first token 0.27 s, total 1.56 s ·
                       draft 173/249 accepted (69%) · max_tokens reached
21:59:24.722 INFO:     #414 chat/completions (stream): 742 prompt tokens ·
                       temperature: 0, greedy (req), max_tokens: 256 (req),
                       min_tokens: 256 (req)
21:59:25.884 INFO:     #413 chat/completions (stream): 256 tokens generated at
                       199.3 T/s · prompt 760 tokens, none cached, 760 new in
                       0.27 s (2,815 T/s) · first token 0.28 s, total 1.56 s ·
                       draft 175/243 accepted (72%) · max_tokens reached
21:59:25.917 INFO:     #415 chat/completions (stream): 61 prompt tokens ·
                       temperature: 0, greedy (req), max_tokens: 256 (req),
                       min_tokens: 256 (req)
21:59:26.133 INFO:     #414 chat/completions (stream): 256 tokens generated at
                       233.5 T/s · prompt 742 tokens, none cached, 742 new in
                       0.27 s (2,748 T/s) · first token 0.28 s, total 1.37 s ·
                       draft 175/243 accepted (72%) · max_tokens reached
21:59:26.166 INFO:     #416 chat/completions (stream): 764 prompt tokens ·
                       temperature: 0, greedy (req), max_tokens: 256 (req),
                       min_tokens: 256 (req)
21:59:27.498 INFO:     #416 chat/completions (stream): 256 tokens generated at
                       257.9 T/s · prompt 764 tokens, none cached, 764 new in
                       0.29 s (2,634 T/s) · first token 0.30 s, total 1.29 s ·
                       draft 177/237 accepted (75%) · max_tokens reached
21:59:27.533 INFO:     #417 chat/completions (stream): 833 prompt tokens ·
                       temperature: 0, greedy (req), max_tokens: 256 (req),
                       min_tokens: 256 (req)
21:59:28.002 INFO:     #415 chat/completions (stream): 256 tokens generated at
                       130.1 T/s · prompt 61 tokens, none cached, 61 new in 0.07
                       s · first token 0.08 s, total 2.04 s · draft 141/345
                       accepted (41%) · max_tokens reached
21:59:28.034 INFO:     #418 chat/completions (stream): 71 prompt tokens ·
                       temperature: 0, greedy (req), max_tokens: 256 (req),
                       min_tokens: 256 (req)
21:59:28.939 INFO:     #417 chat/completions (stream): 256 tokens generated at
                       235.6 T/s · prompt 833 tokens, none cached, 833 new in
                       0.27 s (3,085 T/s) · first token 0.28 s, total 1.36 s ·
                       draft 175/243 accepted (72%) · max_tokens reached
21:59:28.973 INFO:     #419 chat/completions (stream): 798 prompt tokens ·
                       temperature: 0, greedy (req), max_tokens: 256 (req),
                       min_tokens: 256 (req)
21:59:29.833 INFO:     #418 chat/completions (stream): 256 tokens generated at
                       152.7 T/s · prompt 71 tokens, none cached, 71 new in 0.08
                       s · first token 0.09 s, total 1.76 s · draft 143/339
                       accepted (42%) · max_tokens reached
21:59:29.865 INFO:     #420 chat/completions (stream): 87 prompt tokens ·
                       temperature: 0, greedy (req), max_tokens: 256 (req),
                       min_tokens: 256 (req)
21:59:30.497 INFO:     #419 chat/completions (stream): 256 tokens generated at
                       211.2 T/s · prompt 798 tokens, none cached, 798 new in
                       0.26 s (3,069 T/s) · first token 0.27 s, total 1.48 s ·
                       draft 167/267 accepted (63%) · max_tokens reached
21:59:30.531 INFO:     #421 chat/completions (stream): 773 prompt tokens ·
                       temperature: 0, greedy (req), max_tokens: 256 (req),
                       min_tokens: 256 (req)
21:59:31.233 INFO:     #420 chat/completions (stream): 256 tokens generated at
                       207.2 T/s · prompt 87 tokens, none cached, 87 new in 0.09
                       s · first token 0.10 s, total 1.33 s · draft 173/249
                       accepted (69%) · max_tokens reached
21:59:31.264 INFO:     #422 chat/completions (stream): 114 prompt tokens ·
                       temperature: 0, greedy (req), max_tokens: 256 (req),
                       min_tokens: 256 (req)
21:59:31.929 INFO:     #421 chat/completions (stream): 256 tokens generated at
                       222.2 T/s · prompt 773 tokens, none cached, 773 new in
                       0.20 s (3,865 T/s) · first token 0.21 s, total 1.36 s ·
                       draft 172/252 accepted (68%) · max_tokens reached
21:59:31.963 INFO:     #423 chat/completions (stream): 312 prompt tokens ·
                       temperature: 0, greedy (req), max_tokens: 256 (req),
                       min_tokens: 256 (req)
21:59:32.800 INFO:     #422 chat/completions (stream): 256 tokens generated at
                       184.4 T/s · prompt 114 tokens, none cached, 114 new in
                       0.10 s · first token 0.11 s, total 1.49 s · draft 161/285
                       accepted (56%) · max_tokens reached
21:59:32.833 INFO:     #425 chat/completions (stream): 63 prompt tokens ·
                       temperature: 0, greedy (req), max_tokens: 256 (req),
                       min_tokens: 256 (req)
21:59:33.321 INFO:     #423 chat/completions (stream): 256 tokens generated at
                       231.8 T/s · prompt 312 tokens, none cached, 312 new in
                       0.21 s (1,486 T/s) · first token 0.22 s, total 1.32 s ·
                       draft 174/246 accepted (71%) · max_tokens reached
21:59:33.354 INFO:     #426 chat/completions (stream): 66 prompt tokens ·
                       temperature: 0, greedy (req), max_tokens: 256 (req),
                       min_tokens: 256 (req)
21:59:34.040 INFO:     #425 chat/completions (stream): 256 tokens generated at
                       234.5 T/s · prompt 63 tokens, none cached, 63 new in 0.07
                       s · first token 0.08 s, total 1.17 s · draft 175/243
                       accepted (72%) · max_tokens reached
21:59:34.074 INFO:     #427 chat/completions (stream): 912 prompt tokens ·
                       temperature: 0, greedy (req), max_tokens: 256 (req),
                       min_tokens: 256 (req)
21:59:35.022 INFO:     #426 chat/completions (stream): 256 tokens generated at
                       165.8 T/s · prompt 66 tokens, none cached, 66 new in 0.08
                       s · first token 0.09 s, total 1.63 s · draft 156/300
                       accepted (52%) · max_tokens reached
21:59:35.055 INFO:     #428 chat/completions (stream): 66 prompt tokens ·
                       temperature: 0, greedy (req), max_tokens: 256 (req),
                       min_tokens: 256 (req)
21:59:35.799 INFO:     #427 chat/completions (stream): 256 tokens generated at
                       187.3 T/s · prompt 912 tokens, none cached, 912 new in
                       0.31 s (2,942 T/s) · first token 0.32 s, total 1.68 s ·
                       draft 154/306 accepted (50%) · max_tokens reached
21:59:35.830 INFO:     #429 chat/completions (stream): 75 prompt tokens ·
                       temperature: 0, greedy (req), max_tokens: 256 (req),
                       min_tokens: 256 (req)
21:59:36.365 INFO:     #428 chat/completions (stream): 256 tokens generated at
                       215.6 T/s · prompt 66 tokens, none cached, 66 new in 0.07
                       s · first token 0.08 s, total 1.26 s · draft 170/258
                       accepted (66%) · max_tokens reached
21:59:36.400 INFO:     #430 chat/completions (stream): 624 prompt tokens ·
                       temperature: 0, greedy (req), max_tokens: 256 (req),
                       min_tokens: 256 (req)
21:59:37.419 INFO:     #429 chat/completions (stream): 256 tokens generated at
                       174.9 T/s · prompt 75 tokens, none cached, 75 new in 0.08
                       s · first token 0.09 s, total 1.55 s · draft 162/282
                       accepted (57%) · max_tokens reached
21:59:37.451 INFO:     #431 chat/completions (stream): 63 prompt tokens ·
                       temperature: 0, greedy (req), max_tokens: 256 (req),
                       min_tokens: 256 (req)
21:59:37.932 INFO:     #430 chat/completions (stream): 256 tokens generated at
                       209.3 T/s · prompt 624 tokens, none cached, 624 new in
                       0.26 s (2,400 T/s) · first token 0.27 s, total 1.49 s ·
                       draft 165/273 accepted (60%) · max_tokens reached
21:59:37.963 INFO:     #432 chat/completions (stream): 78 prompt tokens ·
                       temperature: 0, greedy (req), max_tokens: 256 (req),
                       min_tokens: 256 (req)
21:59:38.915 INFO:     #431 chat/completions (stream): 256 tokens generated at
                       190.2 T/s · prompt 63 tokens, none cached, 63 new in 0.07
                       s · first token 0.08 s, total 1.42 s · draft 155/303
                       accepted (51%) · max_tokens reached
21:59:38.947 INFO:     #433 chat/completions (stream): 136 prompt tokens ·
                       temperature: 0, greedy (req), max_tokens: 256 (req),
                       min_tokens: 256 (req)
21:59:39.488 INFO:     #432 chat/completions (stream): 256 tokens generated at
                       182.8 T/s · prompt 78 tokens, none cached, 78 new in 0.08
                       s · first token 0.09 s, total 1.49 s · draft 154/306
                       accepted (50%) · max_tokens reached
21:59:39.520 INFO:     #434 chat/completions (stream): 87 prompt tokens ·
                       temperature: 0, greedy (req), max_tokens: 256 (req),
                       min_tokens: 256 (req)
21:59:40.269 INFO:     #433 chat/completions (stream): 256 tokens generated at
                       219.7 T/s · prompt 136 tokens, none cached, 136 new in
                       0.11 s · first token 0.12 s, total 1.28 s · draft 171/255
                       accepted (67%) · max_tokens reached
21:59:40.301 INFO:     #435 chat/completions (stream): 63 prompt tokens ·
                       temperature: 0, greedy (req), max_tokens: 256 (req),
                       min_tokens: 256 (req)
21:59:40.880 INFO:     #434 chat/completions (stream): 256 tokens generated at
                       208.4 T/s · prompt 87 tokens, none cached, 87 new in 0.09
                       s · first token 0.10 s, total 1.32 s · draft 164/276
                       accepted (59%) · max_tokens reached
21:59:40.912 INFO:     #436 chat/completions (stream): 106 prompt tokens ·
                       temperature: 0, greedy (req), max_tokens: 256 (req),
                       min_tokens: 256 (req)
21:59:41.654 INFO:     #435 chat/completions (stream): 256 tokens generated at
                       207.2 T/s · prompt 63 tokens, none cached, 63 new in 0.07
                       s · first token 0.08 s, total 1.31 s · draft 164/276
                       accepted (59%) · max_tokens reached
21:59:41.686 INFO:     #437 chat/completions (stream): 121 prompt tokens ·
                       temperature: 0, greedy (req), max_tokens: 256 (req),
                       min_tokens: 256 (req)
21:59:42.293 INFO:     #436 chat/completions (stream): 256 tokens generated at
                       206.3 T/s · prompt 106 tokens, none cached, 106 new in
                       0.09 s · first token 0.10 s, total 1.34 s · draft 165/273
                       accepted (60%) · max_tokens reached
21:59:42.325 INFO:     #438 chat/completions (stream): 88 prompt tokens ·
                       temperature: 0, greedy (req), max_tokens: 256 (req),
                       min_tokens: 256 (req)
21:59:42.901 INFO:     #437 chat/completions (stream): 256 tokens generated at
                       239.7 T/s · prompt 121 tokens, none cached, 121 new in
                       0.10 s · first token 0.11 s, total 1.17 s · draft 178/234
                       accepted (76%) · max_tokens reached
21:59:42.935 INFO:     #439 chat/completions (stream): 728 prompt tokens ·
                       temperature: 0, greedy (req), max_tokens: 256 (req),
                       min_tokens: 256 (req)
21:59:43.778 INFO:     #438 chat/completions (stream): 256 tokens generated at
                       193.6 T/s · prompt 88 tokens, none cached, 88 new in 0.09
                       s · first token 0.10 s, total 1.42 s · draft 173/249
                       accepted (69%) · max_tokens reached
21:59:43.813 INFO:     #440 chat/completions (stream): 749 prompt tokens ·
                       temperature: 0, greedy (req), max_tokens: 256 (req),
                       min_tokens: 256 (req)
21:59:44.673 INFO:     #439 chat/completions (stream): 256 tokens generated at
                       181.5 T/s · prompt 728 tokens, none cached, 728 new in
                       0.28 s (2,600 T/s) · first token 0.29 s, total 1.70 s ·
                       draft 165/273 accepted (60%) · max_tokens reached
21:59:44.706 INFO:     #441 chat/completions (stream): 89 prompt tokens ·
                       temperature: 0, greedy (req), max_tokens: 256 (req),
                       min_tokens: 256 (req)
21:59:45.275 INFO:     #440 chat/completions (stream): 256 tokens generated at
                       222.9 T/s · prompt 749 tokens, none cached, 749 new in
                       0.27 s (2,774 T/s) · first token 0.28 s, total 1.42 s ·
                       draft 173/249 accepted (69%) · max_tokens reached
21:59:45.309 INFO:     #442 chat/completions (stream): 341 prompt tokens ·
                       temperature: 0, greedy (req), max_tokens: 256 (req),
                       min_tokens: 256 (req)
21:59:46.200 INFO:     #441 chat/completions (stream): 256 tokens generated at
                       188.8 T/s · prompt 89 tokens, none cached, 89 new in 0.09
                       s · first token 0.10 s, total 1.45 s · draft 166/270
                       accepted (61%) · max_tokens reached
21:59:46.231 INFO:     #443 chat/completions (stream): 66 prompt tokens ·
                       temperature: 0, greedy (req), max_tokens: 256 (req),
                       min_tokens: 256 (req)
21:59:46.850 INFO:     #442 chat/completions (stream): 256 tokens generated at
                       200.9 T/s · prompt 341 tokens, none cached, 341 new in
                       0.22 s (1,550 T/s) · first token 0.23 s, total 1.50 s ·
                       draft 161/285 accepted (56%) · max_tokens reached
21:59:46.883 INFO:     #444 chat/completions (stream): 63 prompt tokens ·
                       temperature: 0, greedy (req), max_tokens: 256 (req),
                       min_tokens: 256 (req)
21:59:47.592 INFO:     #443 chat/completions (stream): 256 tokens generated at
                       206.4 T/s · prompt 66 tokens, none cached, 66 new in 0.07
                       s · first token 0.08 s, total 1.32 s · draft 164/276
                       accepted (59%) · max_tokens reached
21:59:47.624 INFO:     #446 chat/completions (stream): 74 prompt tokens ·
                       temperature: 0, greedy (req), max_tokens: 256 (req),
                       min_tokens: 256 (req)
21:59:48.100 INFO:     #444 chat/completions (stream): 256 tokens generated at
                       233.1 T/s · prompt 63 tokens, none cached, 63 new in 0.07
                       s · first token 0.08 s, total 1.17 s · draft 175/243
                       accepted (72%) · max_tokens reached
21:59:48.134 INFO:     #447 chat/completions (stream): 107 prompt tokens ·
                       temperature: 0, greedy (req), max_tokens: 256 (req),
                       min_tokens: 256 (req)
21:59:49.120 INFO:     #446 chat/completions (stream): 256 tokens generated at
                       186.7 T/s · prompt 74 tokens, none cached, 74 new in 0.08
                       s · first token 0.09 s, total 1.46 s · draft 154/306
                       accepted (50%) · max_tokens reached
21:59:49.153 INFO:     #448 chat/completions (stream): 165 prompt tokens ·
                       temperature: 0, greedy (req), max_tokens: 256 (req),
                       min_tokens: 256 (req)
21:59:49.358 INFO:     #447 chat/completions (stream): 256 tokens generated at
                       236.4 T/s · prompt 107 tokens, none cached, 107 new in
                       0.09 s · first token 0.10 s, total 1.18 s · draft 177/237
                       accepted (75%) · max_tokens reached
21:59:49.393 INFO:     #449 chat/completions (stream): 780 prompt tokens ·
                       temperature: 0, greedy (req), max_tokens: 256 (req),
                       min_tokens: 256 (req)
21:59:50.522 INFO:     #448 chat/completions (stream): 256 tokens generated at
                       208.4 T/s · prompt 165 tokens, none cached, 165 new in
                       0.09 s · first token 0.10 s, total 1.32 s · draft 175/243
                       accepted (72%) · max_tokens reached
21:59:50.553 INFO:     #450 chat/completions (stream): 79 prompt tokens ·
                       temperature: 0, greedy (req), max_tokens: 256 (req),
                       min_tokens: 256 (req)
21:59:50.819 INFO:     #449 chat/completions (stream): 256 tokens generated at
                       221.3 T/s · prompt 780 tokens, none cached, 780 new in
                       0.22 s (3,545 T/s) · first token 0.23 s, total 1.38 s ·
                       draft 170/258 accepted (66%) · max_tokens reached
21:59:50.853 INFO:     #451 chat/completions (stream): 1,083 prompt tokens ·
                       temperature: 0, greedy (req), max_tokens: 256 (req),
                       min_tokens: 256 (req)
21:59:51.874 INFO:     #450 chat/completions (stream): 256 tokens generated at
                       214.5 T/s · prompt 79 tokens, none cached, 79 new in 0.08
                       s · first token 0.09 s, total 1.28 s · draft 184/216
                       accepted (85%) · max_tokens reached
21:59:51.906 INFO:     #452 chat/completions (stream): 82 prompt tokens ·
                       temperature: 0, greedy (req), max_tokens: 256 (req),
                       min_tokens: 256 (req)
21:59:52.478 INFO:     #451 chat/completions (stream): 256 tokens generated at
                       202.7 T/s · prompt 1,083 tokens, none cached, 1,083 new
                       in 0.32 s (3,384 T/s) · first token 0.33 s, total 1.59 s
                       · draft 162/282 accepted (57%) · max_tokens reached
21:59:52.510 INFO:     #453 chat/completions (stream): 91 prompt tokens ·
                       temperature: 0, greedy (req), max_tokens: 256 (req),
                       min_tokens: 256 (req)
21:59:52.985 INFO:     #452 chat/completions (stream): 256 tokens generated at
                       270.1 T/s · prompt 82 tokens, none cached, 82 new in 0.08
                       s · first token 0.09 s, total 1.03 s · draft 187/207
                       accepted (90%) · max_tokens reached
21:59:53.016 INFO:     #454 chat/completions (stream): 82 prompt tokens ·
                       temperature: 0, greedy (req), max_tokens: 256 (req),
                       min_tokens: 256 (req)
21:59:53.806 INFO:     #453 chat/completions (stream): 256 tokens generated at
                       220.0 T/s · prompt 91 tokens, none cached, 91 new in 0.09
                       s · first token 0.10 s, total 1.26 s · draft 169/261
                       accepted (65%) · max_tokens reached
21:59:53.838 INFO:     #455 chat/completions (stream): 70 prompt tokens ·
                       temperature: 0, greedy (req), max_tokens: 256 (req),
                       min_tokens: 256 (req)
21:59:54.578 INFO:     #454 chat/completions (stream): 256 tokens generated at
                       178.7 T/s · prompt 82 tokens, none cached, 82 new in 0.08
                       s · first token 0.09 s, total 1.52 s · draft 148/324
                       accepted (46%) · max_tokens reached
21:59:54.613 INFO:     #456 chat/completions (stream): 816 prompt tokens ·
                       temperature: 0, greedy (req), max_tokens: 256 (req),
                       min_tokens: 256 (req)
21:59:55.258 INFO:     #455 chat/completions (stream): 256 tokens generated at
                       197.4 T/s · prompt 70 tokens, none cached, 70 new in 0.08
                       s · first token 0.09 s, total 1.38 s · draft 172/252
                       accepted (68%) · max_tokens reached
21:59:55.291 INFO:     #457 chat/completions (stream): 103 prompt tokens ·
                       temperature: 0, greedy (req), max_tokens: 256 (req),
                       min_tokens: 256 (req)
21:59:55.956 INFO:     #456 chat/completions (stream): 256 tokens generated at
                       245.8 T/s · prompt 816 tokens, none cached, 816 new in
                       0.26 s (3,138 T/s) · first token 0.27 s, total 1.31 s ·
                       draft 180/228 accepted (79%) · max_tokens reached
21:59:55.987 INFO:     #458 chat/completions (stream): 96 prompt tokens ·
                       temperature: 0, greedy (req), max_tokens: 256 (req),
                       min_tokens: 256 (req)
21:59:56.395 INFO:     #457 chat/completions (stream): 256 tokens generated at
                       265.4 T/s · prompt 103 tokens, none cached, 103 new in
                       0.09 s · first token 0.10 s, total 1.06 s · draft 185/213
                       accepted (87%) · max_tokens reached
21:59:56.428 INFO:     #459 chat/completions (stream): 64 prompt tokens ·
                       temperature: 0, greedy (req), max_tokens: 256 (req),
                       min_tokens: 256 (req)
21:59:57.201 INFO:     #458 chat/completions (stream): 256 tokens generated at
                       238.9 T/s · prompt 96 tokens, none cached, 96 new in 0.09
                       s · first token 0.10 s, total 1.17 s · draft 176/240
                       accepted (73%) · max_tokens reached
21:59:57.234 INFO:     #460 chat/completions (stream): 494 prompt tokens ·
                       temperature: 0, greedy (req), max_tokens: 256 (req),
                       min_tokens: 256 (req)
21:59:58.046 INFO:     #459 chat/completions (stream): 256 tokens generated at
                       170.7 T/s · prompt 64 tokens, none cached, 64 new in 0.07
                       s · first token 0.08 s, total 1.58 s · draft 156/300
                       accepted (52%) · max_tokens reached
21:59:58.080 INFO:     #461 chat/completions (stream): 814 prompt tokens ·
                       temperature: 0, greedy (req), max_tokens: 256 (req),
                       min_tokens: 256 (req)
21:59:59.025 INFO:     #460 chat/completions (stream): 256 tokens generated at
                       171.1 T/s · prompt 494 tokens, none cached, 494 new in
                       0.25 s (1,976 T/s) · first token 0.26 s, total 1.75 s ·
                       draft 156/300 accepted (52%) · max_tokens reached
21:59:59.057 INFO:     #462 chat/completions (stream): 64 prompt tokens ·
                       temperature: 0, greedy (req), max_tokens: 256 (req),
                       min_tokens: 256 (req)
21:59:59.509 INFO:     #461 chat/completions (stream): 256 tokens generated at
                       227.6 T/s · prompt 814 tokens, none cached, 814 new in
                       0.26 s (3,131 T/s) · first token 0.27 s, total 1.39 s ·
                       draft 172/252 accepted (68%) · max_tokens reached
21:59:59.542 INFO:     #463 chat/completions (stream): 82 prompt tokens ·
                       temperature: 0, greedy (req), max_tokens: 256 (req),
                       min_tokens: 256 (req)
22:00:00.350 INFO:     #462 chat/completions (stream): 256 tokens generated at
                       218.0 T/s · prompt 64 tokens, none cached, 64 new in 0.07
                       s · first token 0.08 s, total 1.25 s · draft 169/261
                       accepted (65%) · max_tokens reached
22:00:00.382 INFO:     #464 chat/completions (stream): 97 prompt tokens ·
                       temperature: 0, greedy (req), max_tokens: 256 (req),
                       min_tokens: 256 (req)
22:00:00.873 INFO:     #463 chat/completions (stream): 256 tokens generated at
                       213.5 T/s · prompt 82 tokens, none cached, 82 new in 0.08
                       s · first token 0.09 s, total 1.29 s · draft 167/267
                       accepted (63%) · max_tokens reached
22:00:00.905 INFO:     #465 chat/completions (stream): 64 prompt tokens ·
                       temperature: 0, greedy (req), max_tokens: 256 (req),
                       min_tokens: 256 (req)
22:00:01.540 INFO:     #464 chat/completions (stream): 256 tokens generated at
                       250.4 T/s · prompt 97 tokens, none cached, 97 new in 0.09
                       s · first token 0.10 s, total 1.12 s · draft 180/228
                       accepted (79%) · max_tokens reached
22:00:01.576 INFO:     #466 chat/completions (stream): 684 prompt tokens ·
                       temperature: 0, greedy (req), max_tokens: 256 (req),
                       min_tokens: 256 (req)
22:00:02.739 INFO:     #465 chat/completions (stream): 256 tokens generated at
                       149.3 T/s · prompt 64 tokens, none cached, 64 new in 0.07
                       s · first token 0.08 s, total 1.79 s · draft 140/348
                       accepted (40%) · max_tokens reached
22:00:02.773 INFO:     #468 chat/completions (stream): 704 prompt tokens ·
                       temperature: 0, greedy (req), max_tokens: 256 (req),
                       min_tokens: 256 (req)
22:00:03.331 INFO:     #466 chat/completions (stream): 256 tokens generated at
                       176.2 T/s · prompt 684 tokens, none cached, 684 new in
                       0.25 s (2,736 T/s) · first token 0.26 s, total 1.71 s ·
                       draft 163/279 accepted (58%) · max_tokens reached
22:00:03.365 INFO:     #469 chat/completions (stream): 583 prompt tokens ·
                       temperature: 0, greedy (req), max_tokens: 256 (req),
                       min_tokens: 256 (req)
22:00:04.621 INFO:     #468 chat/completions (stream): 256 tokens generated at
                       167.5 T/s · prompt 704 tokens, none cached, 704 new in
                       0.27 s (2,607 T/s) · first token 0.28 s, total 1.80 s ·
                       draft 155/303 accepted (51%) · max_tokens reached
22:00:04.654 INFO:     #470 chat/completions (stream): 255 prompt tokens ·
                       temperature: 0, greedy (req), max_tokens: 256 (req),
                       min_tokens: 256 (req)
22:00:04.961 INFO:     #469 chat/completions (stream): 256 tokens generated at
                       195.1 T/s · prompt 583 tokens, none cached, 583 new in
                       0.24 s (2,429 T/s) · first token 0.25 s, total 1.56 s ·
                       draft 163/279 accepted (58%) · max_tokens reached
22:00:04.992 INFO:     #471 chat/completions (stream): 61 prompt tokens ·
                       temperature: 0, greedy (req), max_tokens: 256 (req),
                       min_tokens: 256 (req)
22:00:06.024 INFO:     #470 chat/completions (stream): 256 tokens generated at
                       212.2 T/s · prompt 255 tokens, none cached, 255 new in
                       0.12 s · first token 0.13 s, total 1.33 s · draft 166/270
                       accepted (61%) · max_tokens reached
22:00:06.056 INFO:     #472 chat/completions (stream): 66 prompt tokens ·
                       temperature: 0, greedy (req), max_tokens: 256 (req),
                       min_tokens: 256 (req)
22:00:06.282 INFO:     #471 chat/completions (stream): 256 tokens generated at
                       218.1 T/s · prompt 61 tokens, none cached, 61 new in 0.07
                       s · first token 0.08 s, total 1.25 s · draft 169/261
                       accepted (65%) · max_tokens reached
22:00:06.315 INFO:     #473 chat/completions (stream): 479 prompt tokens ·
                       temperature: 0, greedy (req), max_tokens: 256 (req),
                       min_tokens: 256 (req)
22:00:07.386 INFO:     #472 chat/completions (stream): 256 tokens generated at
                       212.0 T/s · prompt 66 tokens, none cached, 66 new in 0.07
                       s · first token 0.08 s, total 1.28 s · draft 179/231
                       accepted (77%) · max_tokens reached
22:00:07.419 INFO:     #474 chat/completions (stream): 93 prompt tokens ·
                       temperature: 0, greedy (req), max_tokens: 256 (req),
                       min_tokens: 256 (req)
22:00:07.973 INFO:     #473 chat/completions (stream): 256 tokens generated at
                       187.2 T/s · prompt 479 tokens, none cached, 479 new in
                       0.24 s (1,996 T/s) · first token 0.25 s, total 1.61 s ·
                       draft 155/303 accepted (51%) · max_tokens reached
22:00:08.006 INFO:     #475 chat/completions (stream): 743 prompt tokens ·
                       temperature: 0, greedy (req), max_tokens: 256 (req),
                       min_tokens: 256 (req)
22:00:08.880 INFO:     #474 chat/completions (stream): 256 tokens generated at
                       193.1 T/s · prompt 93 tokens, none cached, 93 new in 0.09
                       s · first token 0.10 s, total 1.42 s · draft 175/243
                       accepted (72%) · max_tokens reached
22:00:08.912 INFO:     #476 chat/completions (stream): 82 prompt tokens ·
                       temperature: 0, greedy (req), max_tokens: 256 (req),
                       min_tokens: 256 (req)
22:00:09.608 INFO:     #475 chat/completions (stream): 256 tokens generated at
                       207.4 T/s · prompt 743 tokens, none cached, 743 new in
                       0.32 s (2,322 T/s) · first token 0.33 s, total 1.56 s ·
                       draft 165/273 accepted (60%) · max_tokens reached
22:00:09.640 INFO:     #477 chat/completions (stream): 124 prompt tokens ·
                       temperature: 0, greedy (req), max_tokens: 256 (req),
                       min_tokens: 256 (req)
22:00:10.159 INFO:     #476 chat/completions (stream): 256 tokens generated at
                       229.5 T/s · prompt 82 tokens, none cached, 82 new in 0.08
                       s · first token 0.09 s, total 1.20 s · draft 176/240
                       accepted (73%) · max_tokens reached
22:00:10.192 INFO:     #478 chat/completions (stream): 228 prompt tokens ·
                       temperature: 0, greedy (req), max_tokens: 256 (req),
                       min_tokens: 256 (req)
22:00:10.902 INFO:     #477 chat/completions (stream): 256 tokens generated at
                       229.9 T/s · prompt 124 tokens, none cached, 124 new in
                       0.10 s · first token 0.11 s, total 1.22 s · draft 176/240
                       accepted (73%) · max_tokens reached
22:00:10.935 INFO:     #479 chat/completions (stream): 69 prompt tokens ·
                       temperature: 0, greedy (req), max_tokens: 256 (req),
                       min_tokens: 256 (req)
22:00:11.523 INFO:     #478 chat/completions (stream): 256 tokens generated at
                       218.1 T/s · prompt 228 tokens, none cached, 228 new in
                       0.11 s · first token 0.12 s, total 1.29 s · draft 169/261
                       accepted (65%) · max_tokens reached
22:00:11.554 INFO:     #480 chat/completions (stream): 73 prompt tokens ·
                       temperature: 0, greedy (req), max_tokens: 256 (req),
                       min_tokens: 256 (req)
22:00:12.298 INFO:     #479 chat/completions (stream): 256 tokens generated at
                       206.8 T/s · prompt 69 tokens, none cached, 69 new in 0.08
                       s · first token 0.09 s, total 1.32 s · draft 165/273
                       accepted (60%) · max_tokens reached
22:00:12.331 INFO:     #481 chat/completions (stream): 66 prompt tokens ·
                       temperature: 0, greedy (req), max_tokens: 256 (req),
                       min_tokens: 256 (req)
22:00:13.149 INFO:     #480 chat/completions (stream): 256 tokens generated at
                       174.1 T/s · prompt 73 tokens, none cached, 73 new in 0.08
                       s · first token 0.09 s, total 1.56 s · draft 146/330
                       accepted (44%) · max_tokens reached
22:00:13.183 INFO:     #482 chat/completions (stream): 736 prompt tokens ·
                       temperature: 0, greedy (req), max_tokens: 256 (req),
                       min_tokens: 256 (req)
22:00:13.782 INFO:     #481 chat/completions (stream): 256 tokens generated at
                       192.6 T/s · prompt 66 tokens, none cached, 66 new in 0.08
                       s · first token 0.09 s, total 1.41 s · draft 170/258
                       accepted (66%) · max_tokens reached
22:00:13.814 INFO:     #483 chat/completions (stream): 106 prompt tokens ·
                       temperature: 0, greedy (req), max_tokens: 256 (req),
                       min_tokens: 256 (req)
22:00:14.631 INFO:     #482 chat/completions (stream): 256 tokens generated at
                       225.7 T/s · prompt 736 tokens, none cached, 736 new in
                       0.27 s (2,726 T/s) · first token 0.28 s, total 1.41 s ·
                       draft 173/249 accepted (69%) · max_tokens reached
22:00:14.663 INFO:     #484 chat/completions (stream): 63 prompt tokens ·
                       temperature: 0, greedy (req), max_tokens: 256 (req),
                       min_tokens: 256 (req)
22:00:15.005 INFO:     #483 chat/completions (stream): 256 tokens generated at
                       243.5 T/s · prompt 106 tokens, none cached, 106 new in
                       0.09 s · first token 0.10 s, total 1.15 s · draft 178/234
                       accepted (76%) · max_tokens reached
22:00:15.037 INFO:     #485 chat/completions (stream): 76 prompt tokens ·
                       temperature: 0, greedy (req), max_tokens: 256 (req),
                       min_tokens: 256 (req)
22:00:16.233 INFO:     #484 chat/completions (stream): 256 tokens generated at
                       176.3 T/s · prompt 63 tokens, none cached, 63 new in 0.07
                       s · first token 0.08 s, total 1.53 s · draft 148/324
                       accepted (46%) · max_tokens reached
22:00:16.274 INFO:     #486 chat/completions (stream): 833 prompt tokens ·
                       temperature: 0, greedy (req), max_tokens: 256 (req),
                       min_tokens: 256 (req)
22:00:16.574 INFO:     #485 chat/completions (stream): 256 tokens generated at
                       224.3 T/s · prompt 76 tokens, none cached, 76 new in 0.08
                       s · first token 0.09 s, total 1.23 s · draft 166/270
                       accepted (61%) · max_tokens reached
22:00:16.606 INFO:     #487 chat/completions (stream): 61 prompt tokens ·
                       temperature: 0, greedy (req), max_tokens: 256 (req),
                       min_tokens: 256 (req)
22:00:17.698 INFO:     #486 chat/completions (stream): 256 tokens generated at
                       229.9 T/s · prompt 833 tokens, none cached, 833 new in
                       0.26 s (3,204 T/s) · first token 0.27 s, total 1.38 s ·
                       draft 174/246 accepted (71%) · max_tokens reached
22:00:17.730 INFO:     #489 chat/completions (stream): 85 prompt tokens ·
                       temperature: 0, greedy (req), max_tokens: 256 (req),
                       min_tokens: 256 (req)
22:00:18.138 INFO:     #487 chat/completions (stream): 256 tokens generated at
                       181.0 T/s · prompt 61 tokens, none cached, 61 new in 0.07
                       s · first token 0.08 s, total 1.49 s · draft 151/315
                       accepted (48%) · max_tokens reached
22:00:18.170 INFO:     #490 chat/completions (stream): 100 prompt tokens ·
                       temperature: 0, greedy (req), max_tokens: 256 (req),
                       min_tokens: 256 (req)
22:00:19.110 INFO:     #489 chat/completions (stream): 256 tokens generated at
                       204.8 T/s · prompt 85 tokens, none cached, 85 new in 0.08
                       s · first token 0.09 s, total 1.34 s · draft 165/273
                       accepted (60%) · max_tokens reached
22:00:19.145 INFO:     #491 chat/completions (stream): 723 prompt tokens ·
                       temperature: 0, greedy (req), max_tokens: 256 (req),
                       min_tokens: 256 (req)
22:00:19.714 INFO:     #490 chat/completions (stream): 256 tokens generated at
                       183.6 T/s · prompt 100 tokens, none cached, 100 new in
                       0.10 s · first token 0.11 s, total 1.50 s · draft 172/252
                       accepted (68%) · max_tokens reached
22:00:19.746 INFO:     #492 chat/completions (stream): 120 prompt tokens ·
                       temperature: 0, greedy (req), max_tokens: 256 (req),
                       min_tokens: 256 (req)
22:00:20.625 INFO:     #491 chat/completions (stream): 256 tokens generated at
                       236.3 T/s · prompt 723 tokens, none cached, 723 new in
                       0.35 s (2,066 T/s) · first token 0.36 s, total 1.44 s ·
                       draft 176/240 accepted (73%) · max_tokens reached
22:00:20.658 INFO:     #493 chat/completions (stream): 66 prompt tokens ·
                       temperature: 0, greedy (req), max_tokens: 256 (req),
                       min_tokens: 256 (req)
22:00:21.024 INFO:     #492 chat/completions (stream): 256 tokens generated at
                       226.4 T/s · prompt 120 tokens, none cached, 120 new in
                       0.10 s · first token 0.11 s, total 1.24 s · draft 170/258
                       accepted (66%) · max_tokens reached
22:00:21.056 INFO:     #494 chat/completions (stream): 68 prompt tokens ·
                       temperature: 0, greedy (req), max_tokens: 256 (req),
                       min_tokens: 256 (req)
22:00:22.218 INFO:     #493 chat/completions (stream): 256 tokens generated at
                       178.1 T/s · prompt 66 tokens, none cached, 66 new in 0.07
                       s · first token 0.08 s, total 1.51 s · draft 147/327
                       accepted (45%) · max_tokens reached
22:00:22.250 INFO:     #495 chat/completions (stream): 70 prompt tokens ·
                       temperature: 0, greedy (req), max_tokens: 256 (req),
                       min_tokens: 256 (req)
22:00:22.410 INFO:     #494 chat/completions (stream): 256 tokens generated at
                       207.4 T/s · prompt 68 tokens, none cached, 68 new in 0.07
                       s · first token 0.08 s, total 1.31 s · draft 164/276
                       accepted (59%) · max_tokens reached
22:00:22.443 INFO:     #496 chat/completions (stream): 737 prompt tokens ·
                       temperature: 0, greedy (req), max_tokens: 256 (req),
                       min_tokens: 256 (req)
22:00:23.776 INFO:     #495 chat/completions (stream): 256 tokens generated at
                       182.6 T/s · prompt 70 tokens, none cached, 70 new in 0.08
                       s · first token 0.09 s, total 1.49 s · draft 165/273
                       accepted (60%) · max_tokens reached
22:00:23.814 INFO:     #497 chat/completions (stream): 61 prompt tokens ·
                       temperature: 0, greedy (req), max_tokens: 256 (req),
                       min_tokens: 256 (req)
22:00:23.930 INFO:     #496 chat/completions (stream): 256 tokens generated at
                       235.9 T/s · prompt 737 tokens, none cached, 737 new in
                       0.27 s (2,730 T/s) · first token 0.28 s, total 1.36 s ·
                       draft 169/261 accepted (65%) · max_tokens reached
22:00:23.964 INFO:     #498 chat/completions (stream): 1,015 prompt tokens ·
                       temperature: 0, greedy (req), max_tokens: 256 (req),
                       min_tokens: 256 (req)
22:00:25.460 INFO:     #497 chat/completions (stream): 256 tokens generated at
                       164.6 T/s · prompt 61 tokens, none cached, 61 new in 0.07
                       s · first token 0.08 s, total 1.63 s · draft 160/288
                       accepted (56%) · max_tokens reached
22:00:25.461 INFO:     #498 chat/completions (stream): 256 tokens generated at
                       226.4 T/s · prompt 1,015 tokens, none cached, 1,015 new
                       in 0.35 s (2,900 T/s) · first token 0.36 s, total 1.49 s
                       · draft 167/267 accepted (63%) · max_tokens reached
22:00:25.464 INFO:     #499 chat/completions (stream): 62 prompt tokens ·
                       temperature: 0, greedy (req), max_tokens: 256 (req),
                       min_tokens: 256 (req)
22:00:25.465 INFO:     #500 chat/completions (stream): 84 prompt tokens ·
                       temperature: 0, greedy (req), max_tokens: 256 (req),
                       min_tokens: 256 (req)
22:00:26.635 INFO:     #500 chat/completions (stream): 256 tokens generated at
                       265.2 T/s · prompt 84 tokens, none cached, 84 new in 0.08
                       s · first token 0.16 s, total 1.13 s · draft 177/237
                       accepted (75%) · max_tokens reached
22:00:26.669 INFO:     #501 chat/completions (stream): 783 prompt tokens ·
                       temperature: 0, greedy (req), max_tokens: 256 (req),
                       min_tokens: 256 (req)
22:00:27.250 INFO:     #499 chat/completions (stream): 256 tokens generated at
                       162.5 T/s · prompt 62 tokens, none cached, 62 new in 0.15
                       s · first token 0.16 s, total 1.74 s · draft 145/333
                       accepted (44%) · max_tokens reached
22:00:27.285 INFO:     #502 chat/completions (stream): 766 prompt tokens ·
                       temperature: 0, greedy (req), max_tokens: 256 (req),
                       min_tokens: 256 (req)
22:00:28.241 INFO:     #501 chat/completions (stream): 256 tokens generated at
                       197.3 T/s · prompt 783 tokens, none cached, 783 new in
                       0.23 s (3,404 T/s) · first token 0.24 s, total 1.53 s ·
                       draft 174/246 accepted (71%) · max_tokens reached
22:00:28.276 INFO:     #503 chat/completions (stream): 1,490 prompt tokens ·
                       temperature: 0, greedy (req), max_tokens: 256 (req),
                       min_tokens: 256 (req)
22:00:29.088 INFO:     #502 chat/completions (stream): 256 tokens generated at
                       173.3 T/s · prompt 766 tokens, none cached, 766 new in
                       0.28 s (2,736 T/s) · first token 0.29 s, total 1.76 s ·
                       draft 168/264 accepted (64%) · max_tokens reached
22:00:29.120 INFO:     #504 chat/completions (stream): 61 prompt tokens ·
                       temperature: 0, greedy (req), max_tokens: 256 (req),
                       min_tokens: 256 (req)
22:00:29.990 INFO:     #503 chat/completions (stream): 256 tokens generated at
                       198.9 T/s · prompt 1,490 tokens, none cached, 1,490 new
                       in 0.38 s (3,921 T/s) · first token 0.39 s, total 1.67 s
                       · draft 159/291 accepted (55%) · max_tokens reached
22:00:30.023 INFO:     #505 chat/completions (stream): 65 prompt tokens ·
                       temperature: 0, greedy (req), max_tokens: 256 (req),
                       min_tokens: 256 (req)
22:00:30.477 INFO:     #504 chat/completions (stream): 256 tokens generated at
                       206.3 T/s · prompt 61 tokens, none cached, 61 new in 0.07
                       s · first token 0.08 s, total 1.32 s · draft 163/279
                       accepted (58%) · max_tokens reached
22:00:30.509 INFO:     #506 chat/completions (stream): 89 prompt tokens ·
                       temperature: 0, greedy (req), max_tokens: 256 (req),
                       min_tokens: 256 (req)
22:00:31.387 INFO:     #505 chat/completions (stream): 256 tokens generated at
                       205.5 T/s · prompt 65 tokens, none cached, 65 new in 0.07
                       s · first token 0.08 s, total 1.32 s · draft 165/273
                       accepted (60%) · max_tokens reached
22:00:31.421 INFO:     #507 chat/completions (stream): 90 prompt tokens ·
                       temperature: 0, greedy (req), max_tokens: 256 (req),
                       min_tokens: 256 (req)
22:00:31.832 INFO:     #506 chat/completions (stream): 256 tokens generated at
                       215.0 T/s · prompt 89 tokens, none cached, 89 new in 0.09
                       s · first token 0.10 s, total 1.29 s · draft 169/261
                       accepted (65%) · max_tokens reached
22:00:31.867 INFO:     #508 chat/completions (stream): 875 prompt tokens ·
                       temperature: 0, greedy (req), max_tokens: 256 (req),
                       min_tokens: 256 (req)
22:00:33.060 INFO:     #507 chat/completions (stream): 256 tokens generated at
                       169.9 T/s · prompt 90 tokens, none cached, 90 new in 0.09
                       s · first token 0.10 s, total 1.60 s · draft 159/291
                       accepted (55%) · max_tokens reached
22:00:33.096 INFO:     #510 chat/completions (stream): 749 prompt tokens ·
                       temperature: 0, greedy (req), max_tokens: 256 (req),
                       min_tokens: 256 (req)
22:00:33.626 INFO:     #508 chat/completions (stream): 256 tokens generated at
                       179.9 T/s · prompt 875 tokens, none cached, 875 new in
                       0.29 s (3,017 T/s) · first token 0.30 s, total 1.72 s ·
                       draft 164/276 accepted (59%) · max_tokens reached
22:00:33.658 INFO:     #511 chat/completions (stream): 94 prompt tokens ·
                       temperature: 0, greedy (req), max_tokens: 256 (req),
                       min_tokens: 256 (req)
22:00:34.536 INFO:     #510 chat/completions (stream): 256 tokens generated at
                       227.3 T/s · prompt 749 tokens, none cached, 749 new in
                       0.27 s (2,774 T/s) · first token 0.28 s, total 1.40 s ·
                       draft 174/246 accepted (71%) · max_tokens reached
22:00:34.572 INFO:     #512 chat/completions (stream): 1,065 prompt tokens ·
                       temperature: 0, greedy (req), max_tokens: 256 (req),
                       min_tokens: 256 (req)
22:00:35.008 INFO:     #511 chat/completions (stream): 256 tokens generated at
                       211.1 T/s · prompt 94 tokens, none cached, 94 new in 0.09
                       s · first token 0.10 s, total 1.31 s · draft 182/222
                       accepted (82%) · max_tokens reached
22:00:35.042 INFO:     #513 chat/completions (stream): 761 prompt tokens ·
                       temperature: 0, greedy (req), max_tokens: 256 (req),
                       min_tokens: 256 (req)
22:00:36.240 INFO:     #512 chat/completions (stream): 256 tokens generated at
                       192.1 T/s · prompt 1,065 tokens, none cached, 1,065 new
                       in 0.29 s (3,672 T/s) · first token 0.30 s, total 1.63 s
                       · draft 172/252 accepted (68%) · max_tokens reached
22:00:36.317 INFO:     #513 chat/completions (stream): 256 tokens generated at
                       260.0 T/s · prompt 761 tokens, none cached, 761 new in
                       0.28 s (2,718 T/s) · first token 0.29 s, total 1.27 s ·
                       draft 177/237 accepted (75%) · max_tokens reached
