21:45:18.900 INFO:     Sampler preset "qwen38_thinking": temperature 0.6, top_k
                       20, top_p 0.95
21:45:18.937 INFO:     exllamav3 version: 1.5.0
21:45:20.263 INFO:     Using main model MTP component for drafting
21:45:20.285 INFO:     Context: max_seq_len 262,144 tokens (configured),
                       cache_size 983,040 tokens
21:45:20.335 INFO:     Using tool format: qwen3_coder
21:45:20.336 INFO:     Using template "chat_template" for chat completions.
21:45:22.390 INFO:     Loading model
                       /models/qwen3.8-flash-next-exl3-2.50bpw-r0b0tlab (manual
                       GPU split)
Loading vision modules ━━━━━━━━━━━━━━━━━━━━━━━━━━━━━━━━━━━━━━ 100% 30/30 0:00:00
Loading draft modules  ━━━━━━━━━━━━━━━━━━━━━━━━━━━━━━━━━━━━━━ 100% 3/3   0:00:00
Loading model modules  ━━━━━━━━━━━━━━━━━━━━━━━━━━━━━━━━━━━━━━ 100% 53/53 0:00:00
EXL3_EMBED_GPU_PRUNED=1: embedding mirror 65536 of 248320 rows (320.0 MiB, prefix) on cuda:1
21:45:29.937 INFO:     Model loaded in 9.6 s

21:45:29.938 WARNING:  Disabling authentication makes your instance vulnerable.
                       Set the `disable_auth` flag to False in config.yml if you
                       want to share this instance with others.
21:45:29.938 WARNING:  With authentication disabled and `allowed_origins` left
                       at ["*"], any website open in a browser on this machine
                       can send requests to this instance and read the
                       responses, including admin endpoints. Set
                       `network.allowed_origins` to your own frontends (or [])
                       unless you use a browser-based frontend that needs it.
21:45:29.939 INFO:     Serving OAI API on http://0.0.0.0:8022 (docs at
                       http://0.0.0.0:8022/redoc)
21:45:31.736 INFO:     #3 completions: 3 prompt tokens · temperature: 0, greedy
                       (req), max_tokens: 16 (req)
densegemm lcguard: device 1: dense calls on the QSA side branch use the side scratch (hctr upper half, side slots)
densegemm lcguard: device 0: dense calls on the QSA side branch use the side scratch (hctr upper half, side slots)
21:45:32.129 INFO:     #3 completions: 16 tokens generated at 107.1 T/s · prompt
                       3 tokens, none cached, 3 new in 0.23 s · first token 0.24
                       s, total 0.39 s · draft 8/24 accepted (33%) · max_tokens
                       reached
21:45:32.358 INFO:     #6 chat/completions: 73 prompt tokens · temperature: 0,
                       greedy (req), max_tokens: 64 (req), min_tokens: 64 (req)
21:45:32.699 INFO:     #6 chat/completions: 64 tokens generated at 291.8 T/s ·
                       prompt 73 tokens, none cached, 73 new in 0.12 s · first
                       token 0.13 s, total 0.34 s · draft 43/63 accepted (68%) ·
                       max_tokens reached
21:45:43.841 INFO:     #9 chat/completions (stream): 92 prompt tokens ·
                       temperature: 0, greedy (req), max_tokens: 256 (req),
                       min_tokens: 256 (req)
21:45:44.811 INFO:     #9 chat/completions (stream): 256 tokens generated at
                       296.6 T/s · prompt 92 tokens, none cached, 92 new in 0.10
                       s · first token 0.11 s, total 0.97 s · draft 173/249
                       accepted (69%) · max_tokens reached
21:45:44.814 INFO:     #10 chat/completions (stream): 511 prompt tokens ·
                       temperature: 0, greedy (req), max_tokens: 256 (req),
                       min_tokens: 256 (req)
21:45:46.064 INFO:     #10 chat/completions (stream): 256 tokens generated at
                       264.4 T/s · prompt 511 tokens, none cached, 511 new in
                       0.28 s (1,825 T/s) · first token 0.29 s, total 1.25 s ·
                       draft 162/282 accepted (57%) · max_tokens reached
21:45:46.066 INFO:     #11 chat/completions (stream): 74 prompt tokens ·
                       temperature: 0, greedy (req), max_tokens: 256 (req),
                       min_tokens: 256 (req)
21:45:47.169 INFO:     #11 chat/completions (stream): 256 tokens generated at
                       252.1 T/s · prompt 74 tokens, none cached, 74 new in 0.08
                       s · first token 0.09 s, total 1.10 s · draft 156/300
                       accepted (52%) · max_tokens reached
21:45:47.171 INFO:     #13 chat/completions (stream): 87 prompt tokens ·
                       temperature: 0, greedy (req), max_tokens: 256 (req),
                       min_tokens: 256 (req)
21:45:48.211 INFO:     #13 chat/completions (stream): 256 tokens generated at
                       273.6 T/s · prompt 87 tokens, none cached, 87 new in 0.10
                       s · first token 0.11 s, total 1.04 s · draft 164/276
                       accepted (59%) · max_tokens reached
21:45:48.213 INFO:     #14 chat/completions (stream): 105 prompt tokens ·
                       temperature: 0, greedy (req), max_tokens: 256 (req),
                       min_tokens: 256 (req)
21:45:49.087 INFO:     #14 chat/completions (stream): 256 tokens generated at
                       332.3 T/s · prompt 105 tokens, none cached, 105 new in
                       0.10 s · first token 0.11 s, total 0.88 s · draft 181/225
                       accepted (80%) · max_tokens reached
21:45:49.089 INFO:     #15 chat/completions (stream): 121 prompt tokens ·
                       temperature: 0, greedy (req), max_tokens: 256 (req),
                       min_tokens: 256 (req)
21:45:50.067 INFO:     #15 chat/completions (stream): 256 tokens generated at
                       295.0 T/s · prompt 121 tokens, none cached, 121 new in
                       0.10 s · first token 0.11 s, total 0.97 s · draft 172/252
                       accepted (68%) · max_tokens reached
21:45:50.069 INFO:     #16 chat/completions (stream): 74 prompt tokens ·
                       temperature: 0, greedy (req), max_tokens: 256 (req),
                       min_tokens: 256 (req)
21:45:51.072 INFO:     #16 chat/completions (stream): 256 tokens generated at
                       278.9 T/s · prompt 74 tokens, none cached, 74 new in 0.08
                       s · first token 0.09 s, total 1.00 s · draft 166/270
                       accepted (61%) · max_tokens reached
21:45:51.074 INFO:     #17 chat/completions (stream): 78 prompt tokens ·
                       temperature: 0, greedy (req), max_tokens: 256 (req),
                       min_tokens: 256 (req)
21:45:52.091 INFO:     #17 chat/completions (stream): 256 tokens generated at
                       275.6 T/s · prompt 78 tokens, none cached, 78 new in 0.08
                       s · first token 0.09 s, total 1.01 s · draft 164/276
                       accepted (59%) · max_tokens reached
21:45:52.094 INFO:     #18 chat/completions (stream): 62 prompt tokens ·
                       temperature: 0, greedy (req), max_tokens: 256 (req),
                       min_tokens: 256 (req)
21:45:53.149 INFO:     #18 chat/completions (stream): 256 tokens generated at
                       264.3 T/s · prompt 62 tokens, none cached, 62 new in 0.08
                       s · first token 0.09 s, total 1.05 s · draft 161/285
                       accepted (56%) · max_tokens reached
21:45:53.151 INFO:     #19 chat/completions (stream): 64 prompt tokens ·
                       temperature: 0, greedy (req), max_tokens: 256 (req),
                       min_tokens: 256 (req)
21:45:54.280 INFO:     #19 chat/completions (stream): 256 tokens generated at
                       244.0 T/s · prompt 64 tokens, none cached, 64 new in 0.07
                       s · first token 0.08 s, total 1.12 s · draft 153/309
                       accepted (50%) · max_tokens reached
21:45:54.282 INFO:     #20 chat/completions (stream): 89 prompt tokens ·
                       temperature: 0, greedy (req), max_tokens: 256 (req),
                       min_tokens: 256 (req)
21:45:55.146 INFO:     #20 chat/completions (stream): 256 tokens generated at
                       332.3 T/s · prompt 89 tokens, none cached, 89 new in 0.09
                       s · first token 0.10 s, total 0.87 s · draft 180/228
                       accepted (79%) · max_tokens reached
21:45:55.148 INFO:     #21 chat/completions (stream): 109 prompt tokens ·
                       temperature: 0, greedy (req), max_tokens: 256 (req),
                       min_tokens: 256 (req)
21:45:56.131 INFO:     #21 chat/completions (stream): 256 tokens generated at
                       290.1 T/s · prompt 109 tokens, none cached, 109 new in
                       0.09 s · first token 0.10 s, total 0.98 s · draft 170/258
                       accepted (66%) · max_tokens reached
21:45:56.135 INFO:     #22 chat/completions (stream): 829 prompt tokens ·
                       temperature: 0, greedy (req), max_tokens: 256 (req),
                       min_tokens: 256 (req)
21:45:57.320 INFO:     #22 chat/completions (stream): 256 tokens generated at
                       292.2 T/s · prompt 829 tokens, none cached, 829 new in
                       0.30 s (2,763 T/s) · first token 0.31 s, total 1.18 s ·
                       draft 171/255 accepted (67%) · max_tokens reached
21:45:57.322 INFO:     #23 chat/completions (stream): 67 prompt tokens ·
                       temperature: 0, greedy (req), max_tokens: 256 (req),
                       min_tokens: 256 (req)
21:45:58.218 INFO:     #23 chat/completions (stream): 256 tokens generated at
                       314.9 T/s · prompt 67 tokens, none cached, 67 new in 0.08
                       s · first token 0.09 s, total 0.90 s · draft 175/243
                       accepted (72%) · max_tokens reached
21:45:58.221 INFO:     #24 chat/completions (stream): 201 prompt tokens ·
                       temperature: 0, greedy (req), max_tokens: 256 (req),
                       min_tokens: 256 (req)
21:45:59.175 INFO:     #24 chat/completions (stream): 256 tokens generated at
                       303.9 T/s · prompt 201 tokens, none cached, 201 new in
                       0.11 s · first token 0.12 s, total 0.96 s · draft 174/246
                       accepted (71%) · max_tokens reached
21:45:59.177 INFO:     #25 chat/completions (stream): 88 prompt tokens ·
                       temperature: 0, greedy (req), max_tokens: 256 (req),
                       min_tokens: 256 (req)
21:46:00.312 INFO:     #25 chat/completions (stream): 256 tokens generated at
                       246.1 T/s · prompt 88 tokens, none cached, 88 new in 0.09
                       s · first token 0.10 s, total 1.14 s · draft 153/309
                       accepted (50%) · max_tokens reached
21:46:00.314 INFO:     #26 chat/completions (stream): 84 prompt tokens ·
                       temperature: 0, greedy (req), max_tokens: 256 (req),
                       min_tokens: 256 (req)
21:46:01.343 INFO:     #26 chat/completions (stream): 256 tokens generated at
                       273.5 T/s · prompt 84 tokens, none cached, 84 new in 0.09
                       s · first token 0.10 s, total 1.03 s · draft 166/270
                       accepted (61%) · max_tokens reached
21:46:01.347 INFO:     #27 chat/completions (stream): 735 prompt tokens ·
                       temperature: 0, greedy (req), max_tokens: 256 (req),
                       min_tokens: 256 (req)
21:46:02.433 INFO:     #27 chat/completions (stream): 256 tokens generated at
                       319.2 T/s · prompt 735 tokens, none cached, 735 new in
                       0.28 s (2,625 T/s) · first token 0.29 s, total 1.09 s ·
                       draft 178/234 accepted (76%) · max_tokens reached
21:46:02.435 INFO:     #29 chat/completions (stream): 72 prompt tokens ·
                       temperature: 0, greedy (req), max_tokens: 256 (req),
                       min_tokens: 256 (req)
21:46:03.614 INFO:     #29 chat/completions (stream): 256 tokens generated at
                       233.7 T/s · prompt 72 tokens, none cached, 72 new in 0.08
                       s · first token 0.09 s, total 1.18 s · draft 148/324
                       accepted (46%) · max_tokens reached
21:46:03.620 INFO:     #30 chat/completions (stream): 1,231 prompt tokens ·
                       temperature: 0, greedy (req), max_tokens: 256 (req),
                       min_tokens: 256 (req)
21:46:04.904 INFO:     #30 chat/completions (stream): 256 tokens generated at
                       275.7 T/s · prompt 1,231 tokens, none cached, 1,231 new
                       in 0.35 s (3,517 T/s) · first token 0.36 s, total 1.28 s
                       · draft 165/273 accepted (60%) · max_tokens reached
21:46:04.907 INFO:     #31 chat/completions (stream): 134 prompt tokens ·
                       temperature: 0, greedy (req), max_tokens: 256 (req),
                       min_tokens: 256 (req)
21:46:05.777 INFO:     #31 chat/completions (stream): 256 tokens generated at
                       339.5 T/s · prompt 134 tokens, none cached, 134 new in
                       0.11 s · first token 0.12 s, total 0.87 s · draft 182/222
                       accepted (82%) · max_tokens reached
21:46:05.782 INFO:     #32 chat/completions (stream): 1,082 prompt tokens ·
                       temperature: 0, greedy (req), max_tokens: 256 (req),
                       min_tokens: 256 (req)
21:46:07.114 INFO:     #32 chat/completions (stream): 256 tokens generated at
                       252.9 T/s · prompt 1,082 tokens, none cached, 1,082 new
                       in 0.31 s (3,490 T/s) · first token 0.32 s, total 1.33 s
                       · draft 159/291 accepted (55%) · max_tokens reached
21:46:07.116 INFO:     #33 chat/completions (stream): 84 prompt tokens ·
                       temperature: 0, greedy (req), max_tokens: 256 (req),
                       min_tokens: 256 (req)
21:46:08.122 INFO:     #33 chat/completions (stream): 256 tokens generated at
                       280.0 T/s · prompt 84 tokens, none cached, 84 new in 0.08
                       s · first token 0.09 s, total 1.00 s · draft 166/270
                       accepted (61%) · max_tokens reached
21:46:08.124 INFO:     #34 chat/completions (stream): 78 prompt tokens ·
                       temperature: 0, greedy (req), max_tokens: 256 (req),
                       min_tokens: 256 (req)
21:46:09.167 INFO:     #34 chat/completions (stream): 256 tokens generated at
                       268.1 T/s · prompt 78 tokens, none cached, 78 new in 0.08
                       s · first token 0.09 s, total 1.04 s · draft 162/282
                       accepted (57%) · max_tokens reached
21:46:09.169 INFO:     #35 chat/completions (stream): 70 prompt tokens ·
                       temperature: 0, greedy (req), max_tokens: 256 (req),
                       min_tokens: 256 (req)
21:46:10.170 INFO:     #35 chat/completions (stream): 256 tokens generated at
                       283.2 T/s · prompt 70 tokens, none cached, 70 new in 0.09
                       s · first token 0.10 s, total 1.00 s · draft 167/267
                       accepted (63%) · max_tokens reached
21:46:10.173 INFO:     #36 chat/completions (stream): 149 prompt tokens ·
                       temperature: 0, greedy (req), max_tokens: 256 (req),
                       min_tokens: 256 (req)
21:46:11.101 INFO:     #36 chat/completions (stream): 256 tokens generated at
                       312.5 T/s · prompt 149 tokens, none cached, 149 new in
                       0.10 s · first token 0.11 s, total 0.92 s · draft 176/240
                       accepted (73%) · max_tokens reached
21:46:11.104 INFO:     #37 chat/completions (stream): 258 prompt tokens ·
                       temperature: 0, greedy (req), max_tokens: 256 (req),
                       min_tokens: 256 (req)
21:46:12.221 INFO:     #37 chat/completions (stream): 256 tokens generated at
                       267.5 T/s · prompt 258 tokens, none cached, 258 new in
                       0.15 s (1,720 T/s) · first token 0.16 s, total 1.11 s ·
                       draft 164/276 accepted (59%) · max_tokens reached
21:46:12.223 INFO:     #38 chat/completions (stream): 109 prompt tokens ·
                       temperature: 0, greedy (req), max_tokens: 256 (req),
                       min_tokens: 256 (req)
21:46:13.232 INFO:     #38 chat/completions (stream): 256 tokens generated at
                       282.3 T/s · prompt 109 tokens, none cached, 109 new in
                       0.10 s · first token 0.11 s, total 1.01 s · draft 168/264
                       accepted (64%) · max_tokens reached
21:46:13.235 INFO:     #39 chat/completions (stream): 105 prompt tokens ·
                       temperature: 0, greedy (req), max_tokens: 256 (req),
                       min_tokens: 256 (req)
21:46:14.354 INFO:     #39 chat/completions (stream): 256 tokens generated at
                       252.1 T/s · prompt 105 tokens, none cached, 105 new in
                       0.10 s · first token 0.11 s, total 1.12 s · draft 165/273
                       accepted (60%) · max_tokens reached
21:46:14.358 INFO:     #40 chat/completions (stream): 788 prompt tokens ·
                       temperature: 0, greedy (req), max_tokens: 256 (req),
                       min_tokens: 256 (req)
21:46:15.420 INFO:     #40 chat/completions (stream): 256 tokens generated at
                       305.8 T/s · prompt 788 tokens, none cached, 788 new in
                       0.22 s (3,582 T/s) · first token 0.23 s, total 1.06 s ·
                       draft 172/252 accepted (68%) · max_tokens reached
21:46:15.422 INFO:     #41 chat/completions (stream): 62 prompt tokens ·
                       temperature: 0, greedy (req), max_tokens: 256 (req),
                       min_tokens: 256 (req)
21:46:16.504 INFO:     #41 chat/completions (stream): 256 tokens generated at
                       254.8 T/s · prompt 62 tokens, none cached, 62 new in 0.07
                       s · first token 0.08 s, total 1.08 s · draft 155/303
                       accepted (51%) · max_tokens reached
21:46:16.510 INFO:     #42 chat/completions (stream): 1,445 prompt tokens ·
                       temperature: 0, greedy (req), max_tokens: 256 (req),
                       min_tokens: 256 (req)
21:46:17.857 INFO:     #42 chat/completions (stream): 256 tokens generated at
                       269.4 T/s · prompt 1,445 tokens, none cached, 1,445 new
                       in 0.39 s (3,705 T/s) · first token 0.40 s, total 1.35 s
                       · draft 161/285 accepted (56%) · max_tokens reached
21:46:17.859 INFO:     #44 chat/completions (stream): 159 prompt tokens ·
                       temperature: 0, greedy (req), max_tokens: 256 (req),
                       min_tokens: 256 (req)
21:46:18.678 INFO:     #44 chat/completions (stream): 256 tokens generated at
                       357.3 T/s · prompt 159 tokens, none cached, 159 new in
                       0.10 s · first token 0.11 s, total 0.82 s · draft 185/213
                       accepted (87%) · max_tokens reached
21:46:18.682 INFO:     #45 chat/completions (stream): 705 prompt tokens ·
                       temperature: 0, greedy (req), max_tokens: 256 (req),
                       min_tokens: 256 (req)
21:46:19.898 INFO:     #45 chat/completions (stream): 256 tokens generated at
                       272.7 T/s · prompt 705 tokens, none cached, 705 new in
                       0.27 s (2,611 T/s) · first token 0.28 s, total 1.21 s ·
                       draft 163/279 accepted (58%) · max_tokens reached
21:46:19.900 INFO:     #46 chat/completions (stream): 62 prompt tokens ·
                       temperature: 0, greedy (req), max_tokens: 256 (req),
                       min_tokens: 256 (req)
21:46:20.899 INFO:     #46 chat/completions (stream): 256 tokens generated at
                       277.9 T/s · prompt 62 tokens, none cached, 62 new in 0.07
                       s · first token 0.08 s, total 1.00 s · draft 163/279
                       accepted (58%) · max_tokens reached
21:46:20.903 INFO:     #47 chat/completions (stream): 796 prompt tokens ·
                       temperature: 0, greedy (req), max_tokens: 256 (req),
                       min_tokens: 256 (req)
21:46:22.051 INFO:     #47 chat/completions (stream): 256 tokens generated at
                       277.9 T/s · prompt 796 tokens, none cached, 796 new in
                       0.22 s (3,618 T/s) · first token 0.23 s, total 1.15 s ·
                       draft 163/279 accepted (58%) · max_tokens reached
21:46:22.053 INFO:     #48 chat/completions (stream): 93 prompt tokens ·
                       temperature: 0, greedy (req), max_tokens: 256 (req),
                       min_tokens: 256 (req)
21:46:22.938 INFO:     #48 chat/completions (stream): 256 tokens generated at
                       323.5 T/s · prompt 93 tokens, none cached, 93 new in 0.09
                       s · first token 0.10 s, total 0.89 s · draft 178/234
                       accepted (76%) · max_tokens reached
21:46:22.941 INFO:     #49 chat/completions (stream): 94 prompt tokens ·
                       temperature: 0, greedy (req), max_tokens: 256 (req),
                       min_tokens: 256 (req)
21:46:23.873 INFO:     #49 chat/completions (stream): 256 tokens generated at
                       305.6 T/s · prompt 94 tokens, none cached, 94 new in 0.09
                       s · first token 0.10 s, total 0.93 s · draft 171/255
                       accepted (67%) · max_tokens reached
21:46:23.875 INFO:     #50 chat/completions (stream): 65 prompt tokens ·
                       temperature: 0, greedy (req), max_tokens: 256 (req),
                       min_tokens: 256 (req)
21:46:24.707 INFO:     #50 chat/completions (stream): 256 tokens generated at
                       340.3 T/s · prompt 65 tokens, none cached, 65 new in 0.07
                       s · first token 0.08 s, total 0.83 s · draft 180/228
                       accepted (79%) · max_tokens reached
21:46:24.712 INFO:     #51 chat/completions (stream): 1,347 prompt tokens ·
                       temperature: 0, greedy (req), max_tokens: 256 (req),
                       min_tokens: 256 (req)
21:46:26.044 INFO:     #51 chat/completions (stream): 256 tokens generated at
                       267.0 T/s · prompt 1,347 tokens, none cached, 1,347 new
                       in 0.37 s (3,641 T/s) · first token 0.38 s, total 1.33 s
                       · draft 159/291 accepted (55%) · max_tokens reached
21:46:26.048 INFO:     #52 chat/completions (stream): 754 prompt tokens ·
                       temperature: 0, greedy (req), max_tokens: 256 (req),
                       min_tokens: 256 (req)
21:46:27.162 INFO:     #52 chat/completions (stream): 256 tokens generated at
                       306.2 T/s · prompt 754 tokens, none cached, 754 new in
                       0.27 s (2,793 T/s) · first token 0.28 s, total 1.11 s ·
                       draft 172/252 accepted (68%) · max_tokens reached
21:46:27.165 INFO:     #53 chat/completions (stream): 73 prompt tokens ·
                       temperature: 0, greedy (req), max_tokens: 256 (req),
                       min_tokens: 256 (req)
21:46:28.089 INFO:     #53 chat/completions (stream): 256 tokens generated at
                       312.3 T/s · prompt 73 tokens, none cached, 73 new in 0.10
                       s · first token 0.11 s, total 0.93 s · draft 173/249
                       accepted (69%) · max_tokens reached
21:46:28.092 INFO:     #54 chat/completions (stream): 758 prompt tokens ·
                       temperature: 0, greedy (req), max_tokens: 256 (req),
                       min_tokens: 256 (req)
21:46:29.352 INFO:     #54 chat/completions (stream): 256 tokens generated at
                       261.6 T/s · prompt 758 tokens, none cached, 758 new in
                       0.27 s (2,807 T/s) · first token 0.28 s, total 1.25 s ·
                       draft 158/294 accepted (54%) · max_tokens reached
21:46:29.354 INFO:     #55 chat/completions (stream): 63 prompt tokens ·
                       temperature: 0, greedy (req), max_tokens: 256 (req),
                       min_tokens: 256 (req)
21:46:30.393 INFO:     #55 chat/completions (stream): 256 tokens generated at
                       266.5 T/s · prompt 63 tokens, none cached, 63 new in 0.07
                       s · first token 0.08 s, total 1.04 s · draft 159/291
                       accepted (55%) · max_tokens reached
21:46:30.396 INFO:     #56 chat/completions (stream): 71 prompt tokens ·
                       temperature: 0, greedy (req), max_tokens: 256 (req),
                       min_tokens: 256 (req)
21:46:31.439 INFO:     #56 chat/completions (stream): 256 tokens generated at
                       267.2 T/s · prompt 71 tokens, none cached, 71 new in 0.08
                       s · first token 0.09 s, total 1.04 s · draft 160/288
                       accepted (56%) · max_tokens reached
21:46:31.441 INFO:     #57 chat/completions (stream): 71 prompt tokens ·
                       temperature: 0, greedy (req), max_tokens: 256 (req),
                       min_tokens: 256 (req)
21:46:32.284 INFO:     #57 chat/completions (stream): 256 tokens generated at
                       337.3 T/s · prompt 71 tokens, none cached, 71 new in 0.08
                       s · first token 0.09 s, total 0.84 s · draft 179/231
                       accepted (77%) · max_tokens reached
21:46:32.287 INFO:     #59 chat/completions (stream): 741 prompt tokens ·
                       temperature: 0, greedy (req), max_tokens: 256 (req),
                       min_tokens: 256 (req)
21:46:33.389 INFO:     #59 chat/completions (stream): 256 tokens generated at
                       310.1 T/s · prompt 741 tokens, none cached, 741 new in
                       0.27 s (2,744 T/s) · first token 0.28 s, total 1.10 s ·
                       draft 173/249 accepted (69%) · max_tokens reached
21:46:33.392 INFO:     #60 chat/completions (stream): 117 prompt tokens ·
                       temperature: 0, greedy (req), max_tokens: 256 (req),
                       min_tokens: 256 (req)
21:46:34.387 INFO:     #60 chat/completions (stream): 256 tokens generated at
                       288.6 T/s · prompt 117 tokens, none cached, 117 new in
                       0.10 s · first token 0.11 s, total 0.99 s · draft 167/267
                       accepted (63%) · max_tokens reached
21:46:34.389 INFO:     #61 chat/completions (stream): 72 prompt tokens ·
                       temperature: 0, greedy (req), max_tokens: 256 (req),
                       min_tokens: 256 (req)
21:46:35.377 INFO:     #61 chat/completions (stream): 256 tokens generated at
                       283.5 T/s · prompt 72 tokens, none cached, 72 new in 0.08
                       s · first token 0.09 s, total 0.99 s · draft 165/273
                       accepted (60%) · max_tokens reached
21:46:35.380 INFO:     #62 chat/completions (stream): 127 prompt tokens ·
                       temperature: 0, greedy (req), max_tokens: 256 (req),
                       min_tokens: 256 (req)
21:46:36.370 INFO:     #62 chat/completions (stream): 256 tokens generated at
                       291.6 T/s · prompt 127 tokens, none cached, 127 new in
                       0.11 s · first token 0.12 s, total 0.99 s · draft 167/267
                       accepted (63%) · max_tokens reached
21:46:36.372 INFO:     #63 chat/completions (stream): 62 prompt tokens ·
                       temperature: 0, greedy (req), max_tokens: 256 (req),
                       min_tokens: 256 (req)
21:46:37.417 INFO:     #63 chat/completions (stream): 256 tokens generated at
                       264.3 T/s · prompt 62 tokens, none cached, 62 new in 0.07
                       s · first token 0.08 s, total 1.04 s · draft 158/294
                       accepted (54%) · max_tokens reached
21:46:37.420 INFO:     #64 chat/completions (stream): 104 prompt tokens ·
                       temperature: 0, greedy (req), max_tokens: 256 (req),
                       min_tokens: 256 (req)
21:46:38.369 INFO:     #64 chat/completions (stream): 256 tokens generated at
                       301.3 T/s · prompt 104 tokens, none cached, 104 new in
                       0.09 s · first token 0.10 s, total 0.95 s · draft 171/255
                       accepted (67%) · max_tokens reached
21:46:38.371 INFO:     #65 chat/completions (stream): 67 prompt tokens ·
                       temperature: 0, greedy (req), max_tokens: 256 (req),
                       min_tokens: 256 (req)
21:46:39.376 INFO:     #65 chat/completions (stream): 256 tokens generated at
                       277.6 T/s · prompt 67 tokens, none cached, 67 new in 0.08
                       s · first token 0.09 s, total 1.01 s · draft 163/279
                       accepted (58%) · max_tokens reached
21:46:39.379 INFO:     #66 chat/completions (stream): 676 prompt tokens ·
                       temperature: 0, greedy (req), max_tokens: 256 (req),
                       min_tokens: 256 (req)
21:46:40.518 INFO:     #66 chat/completions (stream): 256 tokens generated at
                       291.3 T/s · prompt 676 tokens, none cached, 676 new in
                       0.25 s (2,704 T/s) · first token 0.26 s, total 1.13 s ·
                       draft 168/264 accepted (64%) · max_tokens reached
21:46:40.522 INFO:     #67 chat/completions (stream): 802 prompt tokens ·
                       temperature: 0, greedy (req), max_tokens: 256 (req),
                       min_tokens: 256 (req)
21:46:41.756 INFO:     #67 chat/completions (stream): 256 tokens generated at
                       263.0 T/s · prompt 802 tokens, none cached, 802 new in
                       0.25 s (3,208 T/s) · first token 0.26 s, total 1.23 s ·
                       draft 158/294 accepted (54%) · max_tokens reached
21:46:41.760 INFO:     #68 chat/completions (stream): 992 prompt tokens ·
                       temperature: 0, greedy (req), max_tokens: 256 (req),
                       min_tokens: 256 (req)
21:46:42.890 INFO:     #68 chat/completions (stream): 256 tokens generated at
                       309.7 T/s · prompt 992 tokens, none cached, 992 new in
                       0.30 s (3,307 T/s) · first token 0.31 s, total 1.13 s ·
                       draft 173/249 accepted (69%) · max_tokens reached
21:46:42.892 INFO:     #69 chat/completions (stream): 68 prompt tokens ·
                       temperature: 0, greedy (req), max_tokens: 256 (req),
                       min_tokens: 256 (req)
21:46:43.949 INFO:     #69 chat/completions (stream): 256 tokens generated at
                       263.1 T/s · prompt 68 tokens, none cached, 68 new in 0.08
                       s · first token 0.09 s, total 1.06 s · draft 162/282
                       accepted (57%) · max_tokens reached
21:46:43.953 INFO:     #70 chat/completions (stream): 785 prompt tokens ·
                       temperature: 0, greedy (req), max_tokens: 256 (req),
                       min_tokens: 256 (req)
21:46:45.073 INFO:     #70 chat/completions (stream): 256 tokens generated at
                       285.9 T/s · prompt 785 tokens, none cached, 785 new in
                       0.22 s (3,568 T/s) · first token 0.23 s, total 1.12 s ·
                       draft 166/270 accepted (61%) · max_tokens reached
21:46:45.077 INFO:     #71 chat/completions (stream): 262 prompt tokens ·
                       temperature: 0, greedy (req), max_tokens: 256 (req),
                       min_tokens: 256 (req)
21:46:46.010 INFO:     #71 chat/completions (stream): 256 tokens generated at
                       332.5 T/s · prompt 262 tokens, none cached, 262 new in
                       0.15 s (1,747 T/s) · first token 0.16 s, total 0.93 s ·
                       draft 179/231 accepted (77%) · max_tokens reached
21:46:46.013 INFO:     #72 chat/completions (stream): 689 prompt tokens ·
                       temperature: 0, greedy (req), max_tokens: 256 (req),
                       min_tokens: 256 (req)
21:46:47.350 INFO:     #72 chat/completions (stream): 256 tokens generated at
                       249.3 T/s · prompt 689 tokens, none cached, 689 new in
                       0.30 s (2,297 T/s) · first token 0.31 s, total 1.33 s ·
                       draft 153/309 accepted (50%) · max_tokens reached
21:46:47.354 INFO:     #74 chat/completions (stream): 702 prompt tokens ·
                       temperature: 0, greedy (req), max_tokens: 256 (req),
                       min_tokens: 256 (req)
21:46:48.588 INFO:     #74 chat/completions (stream): 256 tokens generated at
                       264.9 T/s · prompt 702 tokens, none cached, 702 new in
                       0.26 s (2,700 T/s) · first token 0.27 s, total 1.23 s ·
                       draft 160/288 accepted (56%) · max_tokens reached
21:46:48.592 INFO:     #75 chat/completions (stream): 785 prompt tokens ·
                       temperature: 0, greedy (req), max_tokens: 256 (req),
                       min_tokens: 256 (req)
21:46:49.609 INFO:     #75 chat/completions (stream): 256 tokens generated at
                       324.0 T/s · prompt 785 tokens, none cached, 785 new in
                       0.22 s (3,568 T/s) · first token 0.23 s, total 1.02 s ·
                       draft 177/237 accepted (75%) · max_tokens reached
21:46:49.611 INFO:     #76 chat/completions (stream): 67 prompt tokens ·
                       temperature: 0, greedy (req), max_tokens: 256 (req),
                       min_tokens: 256 (req)
21:46:50.489 INFO:     #76 chat/completions (stream): 256 tokens generated at
                       321.7 T/s · prompt 67 tokens, none cached, 67 new in 0.08
                       s · first token 0.09 s, total 0.88 s · draft 175/243
                       accepted (72%) · max_tokens reached
21:46:50.493 INFO:     #77 chat/completions (stream): 724 prompt tokens ·
                       temperature: 0, greedy (req), max_tokens: 256 (req),
                       min_tokens: 256 (req)
21:46:51.706 INFO:     #77 chat/completions (stream): 256 tokens generated at
                       270.0 T/s · prompt 724 tokens, none cached, 724 new in
                       0.26 s (2,785 T/s) · first token 0.27 s, total 1.21 s ·
                       draft 160/288 accepted (56%) · max_tokens reached
21:46:51.709 INFO:     #78 chat/completions (stream): 414 prompt tokens ·
                       temperature: 0, greedy (req), max_tokens: 256 (req),
                       min_tokens: 256 (req)
21:46:52.864 INFO:     #78 chat/completions (stream): 256 tokens generated at
                       277.7 T/s · prompt 414 tokens, none cached, 414 new in
                       0.23 s (1,800 T/s) · first token 0.24 s, total 1.16 s ·
                       draft 164/276 accepted (59%) · max_tokens reached
21:46:52.867 INFO:     #79 chat/completions (stream): 63 prompt tokens ·
                       temperature: 0, greedy (req), max_tokens: 256 (req),
                       min_tokens: 256 (req)
21:46:53.937 INFO:     #79 chat/completions (stream): 256 tokens generated at
                       258.0 T/s · prompt 63 tokens, none cached, 63 new in 0.07
                       s · first token 0.08 s, total 1.07 s · draft 156/300
                       accepted (52%) · max_tokens reached
21:46:53.939 INFO:     #80 chat/completions (stream): 104 prompt tokens ·
                       temperature: 0, greedy (req), max_tokens: 256 (req),
                       min_tokens: 256 (req)
21:46:54.949 INFO:     #80 chat/completions (stream): 256 tokens generated at
                       282.5 T/s · prompt 104 tokens, none cached, 104 new in
                       0.10 s · first token 0.11 s, total 1.01 s · draft 165/273
                       accepted (60%) · max_tokens reached
21:46:54.952 INFO:     #81 chat/completions (stream): 666 prompt tokens ·
                       temperature: 0, greedy (req), max_tokens: 256 (req),
                       min_tokens: 256 (req)
21:46:56.178 INFO:     #81 chat/completions (stream): 256 tokens generated at
                       265.2 T/s · prompt 666 tokens, none cached, 666 new in
                       0.25 s (2,664 T/s) · first token 0.26 s, total 1.22 s ·
                       draft 159/291 accepted (55%) · max_tokens reached
21:46:56.180 INFO:     #82 chat/completions (stream): 90 prompt tokens ·
                       temperature: 0, greedy (req), max_tokens: 256 (req),
                       min_tokens: 256 (req)
21:46:57.138 INFO:     #82 chat/completions (stream): 256 tokens generated at
                       296.5 T/s · prompt 90 tokens, none cached, 90 new in 0.09
                       s · first token 0.10 s, total 0.96 s · draft 169/261
                       accepted (65%) · max_tokens reached
21:46:57.140 INFO:     #83 chat/completions (stream): 61 prompt tokens ·
                       temperature: 0, greedy (req), max_tokens: 256 (req),
                       min_tokens: 256 (req)
21:46:58.049 INFO:     #83 chat/completions (stream): 256 tokens generated at
                       307.4 T/s · prompt 61 tokens, none cached, 61 new in 0.07
                       s · first token 0.08 s, total 0.91 s · draft 171/255
                       accepted (67%) · max_tokens reached
21:46:58.055 INFO:     #84 chat/completions (stream): 1,355 prompt tokens ·
                       temperature: 0, greedy (req), max_tokens: 256 (req),
                       min_tokens: 256 (req)
21:46:59.357 INFO:     #84 chat/completions (stream): 256 tokens generated at
                       275.0 T/s · prompt 1,355 tokens, none cached, 1,355 new
                       in 0.36 s (3,764 T/s) · first token 0.37 s, total 1.30 s
                       · draft 163/279 accepted (58%) · max_tokens reached
21:46:59.359 INFO:     #85 chat/completions (stream): 67 prompt tokens ·
                       temperature: 0, greedy (req), max_tokens: 256 (req),
                       min_tokens: 256 (req)
21:47:00.305 INFO:     #85 chat/completions (stream): 256 tokens generated at
                       296.5 T/s · prompt 67 tokens, none cached, 67 new in 0.08
                       s · first token 0.09 s, total 0.95 s · draft 169/261
                       accepted (65%) · max_tokens reached
21:47:00.310 INFO:     #86 chat/completions (stream): 1,173 prompt tokens ·
                       temperature: 0, greedy (req), max_tokens: 256 (req),
                       min_tokens: 256 (req)
21:47:01.577 INFO:     #86 chat/completions (stream): 256 tokens generated at
                       273.1 T/s · prompt 1,173 tokens, none cached, 1,173 new
                       in 0.32 s (3,666 T/s) · first token 0.33 s, total 1.26 s
                       · draft 162/282 accepted (57%) · max_tokens reached
21:47:01.579 INFO:     #87 chat/completions (stream): 65 prompt tokens ·
                       temperature: 0, greedy (req), max_tokens: 256 (req),
                       min_tokens: 256 (req)
21:47:02.779 INFO:     #87 chat/completions (stream): 256 tokens generated at
                       228.0 T/s · prompt 65 tokens, none cached, 65 new in 0.07
                       s · first token 0.08 s, total 1.20 s · draft 143/339
                       accepted (42%) · max_tokens reached
21:47:02.781 INFO:     #89 chat/completions (stream): 100 prompt tokens ·
                       temperature: 0, greedy (req), max_tokens: 256 (req),
                       min_tokens: 256 (req)
21:47:03.695 INFO:     #89 chat/completions (stream): 256 tokens generated at
                       314.4 T/s · prompt 100 tokens, none cached, 100 new in
                       0.09 s · first token 0.10 s, total 0.91 s · draft 175/243
                       accepted (72%) · max_tokens reached
21:47:03.697 INFO:     #90 chat/completions (stream): 110 prompt tokens ·
                       temperature: 0, greedy (req), max_tokens: 256 (req),
                       min_tokens: 256 (req)
21:47:04.720 INFO:     #90 chat/completions (stream): 256 tokens generated at
                       278.4 T/s · prompt 110 tokens, none cached, 110 new in
                       0.10 s · first token 0.11 s, total 1.02 s · draft 165/273
                       accepted (60%) · max_tokens reached
21:47:04.723 INFO:     #91 chat/completions (stream): 112 prompt tokens ·
                       temperature: 0, greedy (req), max_tokens: 256 (req),
                       min_tokens: 256 (req)
21:47:05.757 INFO:     #91 chat/completions (stream): 256 tokens generated at
                       274.3 T/s · prompt 112 tokens, none cached, 112 new in
                       0.09 s · first token 0.10 s, total 1.03 s · draft 163/279
                       accepted (58%) · max_tokens reached
21:47:05.759 INFO:     #92 chat/completions (stream): 64 prompt tokens ·
                       temperature: 0, greedy (req), max_tokens: 256 (req),
                       min_tokens: 256 (req)
21:47:06.706 INFO:     #92 chat/completions (stream): 256 tokens generated at
                       294.8 T/s · prompt 64 tokens, none cached, 64 new in 0.07
                       s · first token 0.08 s, total 0.94 s · draft 169/261
                       accepted (65%) · max_tokens reached
21:47:06.708 INFO:     #93 chat/completions (stream): 63 prompt tokens ·
                       temperature: 0, greedy (req), max_tokens: 256 (req),
                       min_tokens: 256 (req)
21:47:07.847 INFO:     #93 chat/completions (stream): 256 tokens generated at
                       241.2 T/s · prompt 63 tokens, none cached, 63 new in 0.07
                       s · first token 0.08 s, total 1.14 s · draft 149/321
                       accepted (46%) · max_tokens reached
21:47:07.851 INFO:     #94 chat/completions (stream): 794 prompt tokens ·
                       temperature: 0, greedy (req), max_tokens: 256 (req),
                       min_tokens: 256 (req)
21:47:08.973 INFO:     #94 chat/completions (stream): 256 tokens generated at
                       284.7 T/s · prompt 794 tokens, none cached, 794 new in
                       0.22 s (3,609 T/s) · first token 0.23 s, total 1.12 s ·
                       draft 166/270 accepted (61%) · max_tokens reached
21:47:08.976 INFO:     #95 chat/completions (stream): 440 prompt tokens ·
                       temperature: 0, greedy (req), max_tokens: 256 (req),
                       min_tokens: 256 (req)
21:47:10.106 INFO:     #95 chat/completions (stream): 256 tokens generated at
                       288.3 T/s · prompt 440 tokens, none cached, 440 new in
                       0.23 s (1,913 T/s) · first token 0.24 s, total 1.12 s ·
                       draft 167/267 accepted (63%) · max_tokens reached
21:47:10.108 INFO:     #96 chat/completions (stream): 65 prompt tokens ·
                       temperature: 0, greedy (req), max_tokens: 256 (req),
                       min_tokens: 256 (req)
21:47:11.115 INFO:     #96 chat/completions (stream): 256 tokens generated at
                       275.8 T/s · prompt 65 tokens, none cached, 65 new in 0.07
                       s · first token 0.08 s, total 1.00 s · draft 162/282
                       accepted (57%) · max_tokens reached
21:47:11.120 INFO:     #97 chat/completions (stream): 1,320 prompt tokens ·
                       temperature: 0, greedy (req), max_tokens: 256 (req),
                       min_tokens: 256 (req)
21:47:12.481 INFO:     #97 chat/completions (stream): 256 tokens generated at
                       260.5 T/s · prompt 1,320 tokens, none cached, 1,320 new
                       in 0.37 s (3,568 T/s) · first token 0.38 s, total 1.36 s
                       · draft 158/294 accepted (54%) · max_tokens reached
21:47:12.485 INFO:     #98 chat/completions (stream): 795 prompt tokens ·
                       temperature: 0, greedy (req), max_tokens: 256 (req),
                       min_tokens: 256 (req)
21:47:13.539 INFO:     #98 chat/completions (stream): 256 tokens generated at
                       309.3 T/s · prompt 795 tokens, none cached, 795 new in
                       0.22 s (3,614 T/s) · first token 0.23 s, total 1.05 s ·
                       draft 173/249 accepted (69%) · max_tokens reached
21:47:13.542 INFO:     #99 chat/completions (stream): 267 prompt tokens ·
                       temperature: 0, greedy (req), max_tokens: 256 (req),
                       min_tokens: 256 (req)
21:47:14.482 INFO:     #99 chat/completions (stream): 256 tokens generated at
                       325.6 T/s · prompt 267 tokens, none cached, 267 new in
                       0.15 s (1,780 T/s) · first token 0.16 s, total 0.94 s ·
                       draft 176/240 accepted (73%) · max_tokens reached
21:47:14.485 INFO:     #100 chat/completions (stream): 300 prompt tokens ·
                       temperature: 0, greedy (req), max_tokens: 256 (req),
                       min_tokens: 256 (req)
21:47:15.540 INFO:     #100 chat/completions (stream): 256 tokens generated at
                       300.5 T/s · prompt 300 tokens, none cached, 300 new in
                       0.20 s (1,500 T/s) · first token 0.21 s, total 1.06 s ·
                       draft 170/258 accepted (66%) · max_tokens reached
21:47:15.543 INFO:     #101 chat/completions (stream): 73 prompt tokens ·
                       temperature: 0, greedy (req), max_tokens: 256 (req),
                       min_tokens: 256 (req)
21:47:16.467 INFO:     #101 chat/completions (stream): 256 tokens generated at
                       305.8 T/s · prompt 73 tokens, none cached, 73 new in 0.08
                       s · first token 0.09 s, total 0.92 s · draft 171/255
                       accepted (67%) · max_tokens reached
21:47:16.469 INFO:     #102 chat/completions (stream): 64 prompt tokens ·
                       temperature: 0, greedy (req), max_tokens: 256 (req),
                       min_tokens: 256 (req)
21:47:17.508 INFO:     #102 chat/completions (stream): 256 tokens generated at
                       266.6 T/s · prompt 64 tokens, none cached, 64 new in 0.07
                       s · first token 0.08 s, total 1.04 s · draft 160/288
                       accepted (56%) · max_tokens reached
21:47:17.510 INFO:     #104 chat/completions (stream): 121 prompt tokens ·
                       temperature: 0, greedy (req), max_tokens: 256 (req),
                       min_tokens: 256 (req)
21:47:18.423 INFO:     #104 chat/completions (stream): 256 tokens generated at
                       318.2 T/s · prompt 121 tokens, none cached, 121 new in
                       0.10 s · first token 0.11 s, total 0.91 s · draft 175/243
                       accepted (72%) · max_tokens reached
21:47:18.426 INFO:     #105 chat/completions (stream): 464 prompt tokens ·
                       temperature: 0, greedy (req), max_tokens: 256 (req),
                       min_tokens: 256 (req)
21:47:19.640 INFO:     #105 chat/completions (stream): 256 tokens generated at
                       265.0 T/s · prompt 464 tokens, none cached, 464 new in
                       0.24 s (1,933 T/s) · first token 0.25 s, total 1.21 s ·
                       draft 159/291 accepted (55%) · max_tokens reached
21:47:19.643 INFO:     #106 chat/completions (stream): 443 prompt tokens ·
                       temperature: 0, greedy (req), max_tokens: 256 (req),
                       min_tokens: 256 (req)
21:47:20.768 INFO:     #106 chat/completions (stream): 256 tokens generated at
                       289.0 T/s · prompt 443 tokens, none cached, 443 new in
                       0.23 s (1,926 T/s) · first token 0.24 s, total 1.12 s ·
                       draft 167/267 accepted (63%) · max_tokens reached
21:47:20.770 INFO:     #107 chat/completions (stream): 74 prompt tokens ·
                       temperature: 0, greedy (req), max_tokens: 256 (req),
                       min_tokens: 256 (req)
21:47:21.767 INFO:     #107 chat/completions (stream): 256 tokens generated at
                       280.8 T/s · prompt 74 tokens, none cached, 74 new in 0.08
                       s · first token 0.09 s, total 1.00 s · draft 164/276
                       accepted (59%) · max_tokens reached
21:47:21.770 INFO:     #108 chat/completions (stream): 153 prompt tokens ·
                       temperature: 0, greedy (req), max_tokens: 256 (req),
                       min_tokens: 256 (req)
21:47:22.627 INFO:     #108 chat/completions (stream): 256 tokens generated at
                       338.1 T/s · prompt 153 tokens, none cached, 153 new in
                       0.09 s · first token 0.10 s, total 0.85 s · draft 180/228
                       accepted (79%) · max_tokens reached
21:47:22.630 INFO:     #109 chat/completions (stream): 63 prompt tokens ·
                       temperature: 0, greedy (req), max_tokens: 256 (req),
                       min_tokens: 256 (req)
21:47:23.727 INFO:     #109 chat/completions (stream): 256 tokens generated at
                       251.0 T/s · prompt 63 tokens, none cached, 63 new in 0.07
                       s · first token 0.08 s, total 1.10 s · draft 154/306
                       accepted (50%) · max_tokens reached
21:47:23.731 INFO:     #110 chat/completions (stream): 729 prompt tokens ·
                       temperature: 0, greedy (req), max_tokens: 256 (req),
                       min_tokens: 256 (req)
21:47:25.004 INFO:     #110 chat/completions (stream): 256 tokens generated at
                       257.6 T/s · prompt 729 tokens, none cached, 729 new in
                       0.27 s (2,700 T/s) · first token 0.28 s, total 1.27 s ·
                       draft 157/297 accepted (53%) · max_tokens reached
21:47:25.008 INFO:     #111 chat/completions (stream): 789 prompt tokens ·
                       temperature: 0, greedy (req), max_tokens: 256 (req),
                       min_tokens: 256 (req)
21:47:26.269 INFO:     #111 chat/completions (stream): 256 tokens generated at
                       249.0 T/s · prompt 789 tokens, none cached, 789 new in
                       0.23 s (3,430 T/s) · first token 0.24 s, total 1.26 s ·
                       draft 152/312 accepted (49%) · max_tokens reached
21:47:26.272 INFO:     #112 chat/completions (stream): 168 prompt tokens ·
                       temperature: 0, greedy (req), max_tokens: 256 (req),
                       min_tokens: 256 (req)
21:47:27.151 INFO:     #112 chat/completions (stream): 256 tokens generated at
                       330.5 T/s · prompt 168 tokens, none cached, 168 new in
                       0.10 s · first token 0.11 s, total 0.88 s · draft 178/234
                       accepted (76%) · max_tokens reached
21:47:27.153 INFO:     #113 chat/completions (stream): 143 prompt tokens ·
                       temperature: 0, greedy (req), max_tokens: 256 (req),
                       min_tokens: 256 (req)
21:47:28.285 INFO:     #113 chat/completions (stream): 256 tokens generated at
                       265.5 T/s · prompt 143 tokens, none cached, 143 new in
                       0.16 s · first token 0.17 s, total 1.13 s · draft 160/288
                       accepted (56%) · max_tokens reached
21:47:28.287 INFO:     #114 chat/completions (stream): 118 prompt tokens ·
                       temperature: 0, greedy (req), max_tokens: 256 (req),
                       min_tokens: 256 (req)
21:47:29.534 INFO:     #114 chat/completions (stream): 256 tokens generated at
                       225.3 T/s · prompt 118 tokens, none cached, 118 new in
                       0.10 s · first token 0.11 s, total 1.24 s · draft 149/321
                       accepted (46%) · max_tokens reached
21:47:29.537 INFO:     #115 chat/completions (stream): 273 prompt tokens ·
                       temperature: 0, greedy (req), max_tokens: 256 (req),
                       min_tokens: 256 (req)
21:47:30.656 INFO:     #115 chat/completions (stream): 256 tokens generated at
                       264.5 T/s · prompt 273 tokens, none cached, 273 new in
                       0.14 s (1,950 T/s) · first token 0.15 s, total 1.11 s ·
                       draft 160/288 accepted (56%) · max_tokens reached
21:47:30.658 INFO:     #116 chat/completions (stream): 87 prompt tokens ·
                       temperature: 0, greedy (req), max_tokens: 256 (req),
                       min_tokens: 256 (req)
21:47:31.437 INFO:     #116 chat/completions (stream): 256 tokens generated at
                       373.5 T/s · prompt 87 tokens, none cached, 87 new in 0.09
                       s · first token 0.10 s, total 0.78 s · draft 186/210
                       accepted (89%) · max_tokens reached
21:47:31.439 INFO:     #117 chat/completions (stream): 130 prompt tokens ·
                       temperature: 0, greedy (req), max_tokens: 256 (req),
                       min_tokens: 256 (req)
21:47:32.314 INFO:     #117 chat/completions (stream): 256 tokens generated at
                       336.6 T/s · prompt 130 tokens, none cached, 130 new in
                       0.11 s · first token 0.12 s, total 0.88 s · draft 179/231
                       accepted (77%) · max_tokens reached
21:47:32.316 INFO:     #119 chat/completions (stream): 63 prompt tokens ·
                       temperature: 0, greedy (req), max_tokens: 256 (req),
                       min_tokens: 256 (req)
21:47:33.401 INFO:     #119 chat/completions (stream): 256 tokens generated at
                       254.1 T/s · prompt 63 tokens, none cached, 63 new in 0.07
                       s · first token 0.08 s, total 1.08 s · draft 154/306
                       accepted (50%) · max_tokens reached
21:47:33.403 INFO:     #120 chat/completions (stream): 67 prompt tokens ·
                       temperature: 0, greedy (req), max_tokens: 256 (req),
                       min_tokens: 256 (req)
21:47:34.379 INFO:     #120 chat/completions (stream): 256 tokens generated at
                       286.6 T/s · prompt 67 tokens, none cached, 67 new in 0.08
                       s · first token 0.09 s, total 0.98 s · draft 167/267
                       accepted (63%) · max_tokens reached
21:47:34.381 INFO:     #121 chat/completions (stream): 61 prompt tokens ·
                       temperature: 0, greedy (req), max_tokens: 256 (req),
                       min_tokens: 256 (req)
21:47:35.388 INFO:     #121 chat/completions (stream): 256 tokens generated at
                       275.8 T/s · prompt 61 tokens, none cached, 61 new in 0.07
                       s · first token 0.08 s, total 1.00 s · draft 163/279
                       accepted (58%) · max_tokens reached
21:47:35.390 INFO:     #122 chat/completions (stream): 96 prompt tokens ·
                       temperature: 0, greedy (req), max_tokens: 256 (req),
                       min_tokens: 256 (req)
21:47:36.291 INFO:     #122 chat/completions (stream): 256 tokens generated at
                       318.5 T/s · prompt 96 tokens, none cached, 96 new in 0.09
                       s · first token 0.10 s, total 0.90 s · draft 176/240
                       accepted (73%) · max_tokens reached
21:47:36.294 INFO:     #123 chat/completions (stream): 497 prompt tokens ·
                       temperature: 0, greedy (req), max_tokens: 256 (req),
                       min_tokens: 256 (req)
21:47:37.466 INFO:     #123 chat/completions (stream): 256 tokens generated at
                       278.3 T/s · prompt 497 tokens, none cached, 497 new in
                       0.24 s (2,071 T/s) · first token 0.25 s, total 1.17 s ·
                       draft 164/276 accepted (59%) · max_tokens reached
21:47:37.469 INFO:     #124 chat/completions (stream): 357 prompt tokens ·
                       temperature: 0, greedy (req), max_tokens: 256 (req),
                       min_tokens: 256 (req)
21:47:38.619 INFO:     #124 chat/completions (stream): 256 tokens generated at
                       278.6 T/s · prompt 357 tokens, none cached, 357 new in
                       0.22 s (1,623 T/s) · first token 0.23 s, total 1.14 s ·
                       draft 165/273 accepted (60%) · max_tokens reached
21:47:38.621 INFO:     #125 chat/completions (stream): 82 prompt tokens ·
                       temperature: 0, greedy (req), max_tokens: 256 (req),
                       min_tokens: 256 (req)
21:47:39.613 INFO:     #125 chat/completions (stream): 256 tokens generated at
                       284.6 T/s · prompt 82 tokens, none cached, 82 new in 0.09
                       s · first token 0.10 s, total 0.99 s · draft 165/273
                       accepted (60%) · max_tokens reached
21:47:39.617 INFO:     #126 chat/completions (stream): 851 prompt tokens ·
                       temperature: 0, greedy (req), max_tokens: 256 (req),
                       min_tokens: 256 (req)
21:47:40.825 INFO:     #126 chat/completions (stream): 256 tokens generated at
                       279.2 T/s · prompt 851 tokens, none cached, 851 new in
                       0.28 s (3,039 T/s) · first token 0.29 s, total 1.20 s ·
                       draft 165/273 accepted (60%) · max_tokens reached
21:47:40.827 INFO:     #127 chat/completions (stream): 121 prompt tokens ·
                       temperature: 0, greedy (req), max_tokens: 256 (req),
                       min_tokens: 256 (req)
21:47:41.693 INFO:     #127 chat/completions (stream): 256 tokens generated at
                       337.5 T/s · prompt 121 tokens, none cached, 121 new in
                       0.10 s · first token 0.11 s, total 0.86 s · draft 180/228
                       accepted (79%) · max_tokens reached
21:47:41.695 INFO:     #128 chat/completions (stream): 62 prompt tokens ·
                       temperature: 0, greedy (req), max_tokens: 256 (req),
                       min_tokens: 256 (req)
21:47:42.721 INFO:     #128 chat/completions (stream): 256 tokens generated at
                       269.8 T/s · prompt 62 tokens, none cached, 62 new in 0.07
                       s · first token 0.08 s, total 1.02 s · draft 160/288
                       accepted (56%) · max_tokens reached
21:47:42.723 INFO:     #129 chat/completions (stream): 95 prompt tokens ·
                       temperature: 0, greedy (req), max_tokens: 256 (req),
                       min_tokens: 256 (req)
21:47:43.711 INFO:     #129 chat/completions (stream): 256 tokens generated at
                       286.7 T/s · prompt 95 tokens, none cached, 95 new in 0.09
                       s · first token 0.10 s, total 0.99 s · draft 171/255
                       accepted (67%) · max_tokens reached
21:47:43.713 INFO:     #130 chat/completions (stream): 61 prompt tokens ·
                       temperature: 0, greedy (req), max_tokens: 256 (req),
                       min_tokens: 256 (req)
21:47:44.907 INFO:     #130 chat/completions (stream): 256 tokens generated at
                       229.2 T/s · prompt 61 tokens, none cached, 61 new in 0.07
                       s · first token 0.08 s, total 1.19 s · draft 143/339
                       accepted (42%) · max_tokens reached
21:47:44.912 INFO:     #131 chat/completions (stream): 1,431 prompt tokens ·
                       temperature: 0, greedy (req), max_tokens: 256 (req),
                       min_tokens: 256 (req)
21:47:46.200 INFO:     #131 chat/completions (stream): 256 tokens generated at
                       291.0 T/s · prompt 1,431 tokens, none cached, 1,431 new
                       in 0.40 s (3,578 T/s) · first token 0.41 s, total 1.28 s
                       · draft 168/264 accepted (64%) · max_tokens reached
21:47:46.204 INFO:     #132 chat/completions (stream): 670 prompt tokens ·
                       temperature: 0, greedy (req), max_tokens: 256 (req),
                       min_tokens: 256 (req)
21:47:47.311 INFO:     #132 chat/completions (stream): 256 tokens generated at
                       300.6 T/s · prompt 670 tokens, none cached, 670 new in
                       0.25 s (2,680 T/s) · first token 0.26 s, total 1.11 s ·
                       draft 170/258 accepted (66%) · max_tokens reached
21:47:47.314 INFO:     #134 chat/completions (stream): 393 prompt tokens ·
                       temperature: 0, greedy (req), max_tokens: 256 (req),
                       min_tokens: 256 (req)
21:47:48.604 INFO:     #134 chat/completions (stream): 256 tokens generated at
                       246.2 T/s · prompt 393 tokens, none cached, 393 new in
                       0.24 s (1,638 T/s) · first token 0.25 s, total 1.29 s ·
                       draft 152/312 accepted (49%) · max_tokens reached
21:47:48.607 INFO:     #135 chat/completions (stream): 242 prompt tokens ·
                       temperature: 0, greedy (req), max_tokens: 256 (req),
                       min_tokens: 256 (req)
21:47:49.463 INFO:     #135 chat/completions (stream): 256 tokens generated at
                       349.4 T/s · prompt 242 tokens, none cached, 242 new in
                       0.12 s · first token 0.13 s, total 0.86 s · draft 184/216
                       accepted (85%) · max_tokens reached
21:47:49.466 INFO:     #136 chat/completions (stream): 199 prompt tokens ·
                       temperature: 0, greedy (req), max_tokens: 256 (req),
                       min_tokens: 256 (req)
21:47:50.568 INFO:     #136 chat/completions (stream): 256 tokens generated at
                       259.4 T/s · prompt 199 tokens, none cached, 199 new in
                       0.11 s · first token 0.12 s, total 1.10 s · draft 158/294
                       accepted (54%) · max_tokens reached
21:47:50.571 INFO:     #137 chat/completions (stream): 412 prompt tokens ·
                       temperature: 0, greedy (req), max_tokens: 256 (req),
                       min_tokens: 256 (req)
21:47:51.668 INFO:     #137 chat/completions (stream): 256 tokens generated at
                       295.7 T/s · prompt 412 tokens, none cached, 412 new in
                       0.22 s (1,873 T/s) · first token 0.23 s, total 1.09 s ·
                       draft 170/258 accepted (66%) · max_tokens reached
21:47:51.670 INFO:     #138 chat/completions (stream): 109 prompt tokens ·
                       temperature: 0, greedy (req), max_tokens: 256 (req),
                       min_tokens: 256 (req)
21:47:52.571 INFO:     #138 chat/completions (stream): 256 tokens generated at
                       320.9 T/s · prompt 109 tokens, none cached, 109 new in
                       0.10 s · first token 0.11 s, total 0.90 s · draft 176/240
                       accepted (73%) · max_tokens reached
21:47:52.573 INFO:     #139 chat/completions (stream): 92 prompt tokens ·
                       temperature: 0, greedy (req), max_tokens: 256 (req),
                       min_tokens: 256 (req)
21:47:53.660 INFO:     #139 chat/completions (stream): 256 tokens generated at
                       257.8 T/s · prompt 92 tokens, none cached, 92 new in 0.09
                       s · first token 0.10 s, total 1.09 s · draft 156/300
                       accepted (52%) · max_tokens reached
21:47:53.663 INFO:     #140 chat/completions (stream): 98 prompt tokens ·
                       temperature: 0, greedy (req), max_tokens: 256 (req),
                       min_tokens: 256 (req)
21:47:54.595 INFO:     #140 chat/completions (stream): 256 tokens generated at
                       306.7 T/s · prompt 98 tokens, none cached, 98 new in 0.09
                       s · first token 0.10 s, total 0.93 s · draft 173/249
                       accepted (69%) · max_tokens reached
21:47:54.597 INFO:     #141 chat/completions (stream): 91 prompt tokens ·
                       temperature: 0, greedy (req), max_tokens: 256 (req),
                       min_tokens: 256 (req)
21:47:55.470 INFO:     #141 chat/completions (stream): 256 tokens generated at
                       328.7 T/s · prompt 91 tokens, none cached, 91 new in 0.09
                       s · first token 0.10 s, total 0.87 s · draft 178/234
                       accepted (76%) · max_tokens reached
21:47:55.474 INFO:     #142 chat/completions (stream): 774 prompt tokens ·
                       temperature: 0, greedy (req), max_tokens: 256 (req),
                       min_tokens: 256 (req)
21:47:56.538 INFO:     #142 chat/completions (stream): 256 tokens generated at
                       300.8 T/s · prompt 774 tokens, none cached, 774 new in
                       0.21 s (3,686 T/s) · first token 0.22 s, total 1.07 s ·
                       draft 171/255 accepted (67%) · max_tokens reached
21:47:56.542 INFO:     #143 chat/completions (stream): 823 prompt tokens ·
                       temperature: 0, greedy (req), max_tokens: 256 (req),
                       min_tokens: 256 (req)
21:47:57.638 INFO:     #143 chat/completions (stream): 256 tokens generated at
                       310.9 T/s · prompt 823 tokens, none cached, 823 new in
                       0.27 s (3,048 T/s) · first token 0.28 s, total 1.10 s ·
                       draft 173/249 accepted (69%) · max_tokens reached
21:47:57.641 INFO:     #144 chat/completions (stream): 75 prompt tokens ·
                       temperature: 0, greedy (req), max_tokens: 256 (req),
                       min_tokens: 256 (req)
21:47:58.612 INFO:     #144 chat/completions (stream): 256 tokens generated at
                       288.7 T/s · prompt 75 tokens, none cached, 75 new in 0.08
                       s · first token 0.09 s, total 0.97 s · draft 167/267
                       accepted (63%) · max_tokens reached
21:47:58.616 INFO:     #145 chat/completions (stream): 819 prompt tokens ·
                       temperature: 0, greedy (req), max_tokens: 256 (req),
                       min_tokens: 256 (req)
21:47:59.637 INFO:     #145 chat/completions (stream): 256 tokens generated at
                       341.6 T/s · prompt 819 tokens, none cached, 819 new in
                       0.26 s (3,150 T/s) · first token 0.27 s, total 1.01 s ·
                       draft 181/225 accepted (80%) · max_tokens reached
21:47:59.640 INFO:     #146 chat/completions (stream): 125 prompt tokens ·
                       temperature: 0, greedy (req), max_tokens: 256 (req),
                       min_tokens: 256 (req)
21:48:00.504 INFO:     #146 chat/completions (stream): 256 tokens generated at
                       338.9 T/s · prompt 125 tokens, none cached, 125 new in
                       0.10 s · first token 0.11 s, total 0.86 s · draft 180/228
                       accepted (79%) · max_tokens reached
21:48:00.508 INFO:     #147 chat/completions (stream): 763 prompt tokens ·
                       temperature: 0, greedy (req), max_tokens: 256 (req),
                       min_tokens: 256 (req)
21:48:01.717 INFO:     #147 chat/completions (stream): 256 tokens generated at
                       278.7 T/s · prompt 763 tokens, none cached, 763 new in
                       0.28 s (2,725 T/s) · first token 0.29 s, total 1.20 s ·
                       draft 165/273 accepted (60%) · max_tokens reached
21:48:01.719 INFO:     #148 chat/completions (stream): 65 prompt tokens ·
                       temperature: 0, greedy (req), max_tokens: 256 (req),
                       min_tokens: 256 (req)
21:48:02.789 INFO:     #148 chat/completions (stream): 256 tokens generated at
                       258.0 T/s · prompt 65 tokens, none cached, 65 new in 0.07
                       s · first token 0.08 s, total 1.07 s · draft 155/303
                       accepted (51%) · max_tokens reached
21:48:02.792 INFO:     #150 chat/completions (stream): 536 prompt tokens ·
                       temperature: 0, greedy (req), max_tokens: 256 (req),
                       min_tokens: 256 (req)
21:48:03.953 INFO:     #150 chat/completions (stream): 256 tokens generated at
                       263.3 T/s · prompt 536 tokens, none cached, 536 new in
                       0.18 s (2,978 T/s) · first token 0.19 s, total 1.16 s ·
                       draft 159/291 accepted (55%) · max_tokens reached
21:48:03.955 INFO:     #151 chat/completions (stream): 106 prompt tokens ·
                       temperature: 0, greedy (req), max_tokens: 256 (req),
                       min_tokens: 256 (req)
21:48:04.931 INFO:     #151 chat/completions (stream): 256 tokens generated at
                       294.0 T/s · prompt 106 tokens, none cached, 106 new in
                       0.10 s · first token 0.11 s, total 0.98 s · draft 169/261
                       accepted (65%) · max_tokens reached
21:48:04.934 INFO:     #152 chat/completions (stream): 70 prompt tokens ·
                       temperature: 0, greedy (req), max_tokens: 256 (req),
                       min_tokens: 256 (req)
21:48:05.926 INFO:     #152 chat/completions (stream): 256 tokens generated at
                       282.0 T/s · prompt 70 tokens, none cached, 70 new in 0.08
                       s · first token 0.09 s, total 0.99 s · draft 165/273
                       accepted (60%) · max_tokens reached
21:48:05.931 INFO:     #153 chat/completions (stream): 1,053 prompt tokens ·
                       temperature: 0, greedy (req), max_tokens: 256 (req),
                       min_tokens: 256 (req)
21:48:07.161 INFO:     #153 chat/completions (stream): 256 tokens generated at
                       280.9 T/s · prompt 1,053 tokens, none cached, 1,053 new
                       in 0.31 s (3,397 T/s) · first token 0.32 s, total 1.23 s
                       · draft 165/273 accepted (60%) · max_tokens reached
21:48:07.166 INFO:     #154 chat/completions (stream): 1,100 prompt tokens ·
                       temperature: 0, greedy (req), max_tokens: 256 (req),
                       min_tokens: 256 (req)
21:48:08.300 INFO:     #154 chat/completions (stream): 256 tokens generated at
                       324.7 T/s · prompt 1,100 tokens, none cached, 1,100 new
                       in 0.34 s (3,235 T/s) · first token 0.35 s, total 1.13 s
                       · draft 178/234 accepted (76%) · max_tokens reached
21:48:08.303 INFO:     #155 chat/completions (stream): 411 prompt tokens ·
                       temperature: 0, greedy (req), max_tokens: 256 (req),
                       min_tokens: 256 (req)
21:48:09.286 INFO:     #155 chat/completions (stream): 256 tokens generated at
                       343.1 T/s · prompt 411 tokens, none cached, 411 new in
                       0.23 s (1,787 T/s) · first token 0.24 s, total 0.98 s ·
                       draft 182/222 accepted (82%) · max_tokens reached
21:48:09.289 INFO:     #156 chat/completions (stream): 128 prompt tokens ·
                       temperature: 0, greedy (req), max_tokens: 256 (req),
                       min_tokens: 256 (req)
21:48:10.133 INFO:     #156 chat/completions (stream): 256 tokens generated at
                       348.3 T/s · prompt 128 tokens, none cached, 128 new in
                       0.10 s · first token 0.11 s, total 0.84 s · draft 182/222
                       accepted (82%) · max_tokens reached
21:48:10.135 INFO:     #157 chat/completions (stream): 84 prompt tokens ·
                       temperature: 0, greedy (req), max_tokens: 256 (req),
                       min_tokens: 256 (req)
21:48:11.232 INFO:     #157 chat/completions (stream): 256 tokens generated at
                       254.6 T/s · prompt 84 tokens, none cached, 84 new in 0.08
                       s · first token 0.09 s, total 1.09 s · draft 155/303
                       accepted (51%) · max_tokens reached
21:48:11.234 INFO:     #158 chat/completions (stream): 74 prompt tokens ·
                       temperature: 0, greedy (req), max_tokens: 256 (req),
                       min_tokens: 256 (req)
21:48:12.521 INFO:     #158 chat/completions (stream): 256 tokens generated at
                       213.1 T/s · prompt 74 tokens, none cached, 74 new in 0.08
                       s · first token 0.09 s, total 1.29 s · draft 134/366
                       accepted (37%) · max_tokens reached
21:48:12.523 INFO:     #159 chat/completions (stream): 61 prompt tokens ·
                       temperature: 0, greedy (req), max_tokens: 256 (req),
                       min_tokens: 256 (req)
21:48:13.523 INFO:     #159 chat/completions (stream): 256 tokens generated at
                       277.5 T/s · prompt 61 tokens, none cached, 61 new in 0.07
                       s · first token 0.08 s, total 1.00 s · draft 163/279
                       accepted (58%) · max_tokens reached
21:48:13.525 INFO:     #160 chat/completions (stream): 80 prompt tokens ·
                       temperature: 0, greedy (req), max_tokens: 256 (req),
                       min_tokens: 256 (req)
21:48:14.410 INFO:     #160 chat/completions (stream): 256 tokens generated at
                       321.3 T/s · prompt 80 tokens, none cached, 80 new in 0.08
                       s · first token 0.09 s, total 0.88 s · draft 179/231
                       accepted (77%) · max_tokens reached
21:48:14.412 INFO:     #161 chat/completions (stream): 112 prompt tokens ·
                       temperature: 0, greedy (req), max_tokens: 256 (req),
                       min_tokens: 256 (req)
21:48:15.253 INFO:     #161 chat/completions (stream): 256 tokens generated at
                       347.3 T/s · prompt 112 tokens, none cached, 112 new in
                       0.10 s · first token 0.11 s, total 0.84 s · draft 182/222
                       accepted (82%) · max_tokens reached
21:48:15.255 INFO:     #162 chat/completions (stream): 83 prompt tokens ·
                       temperature: 0, greedy (req), max_tokens: 256 (req),
                       min_tokens: 256 (req)
21:48:16.295 INFO:     #162 chat/completions (stream): 256 tokens generated at
                       270.1 T/s · prompt 83 tokens, none cached, 83 new in 0.09
                       s · first token 0.10 s, total 1.04 s · draft 160/288
                       accepted (56%) · max_tokens reached
21:48:16.298 INFO:     #163 chat/completions (stream): 100 prompt tokens ·
                       temperature: 0, greedy (req), max_tokens: 256 (req),
                       min_tokens: 256 (req)
21:48:17.231 INFO:     #163 chat/completions (stream): 256 tokens generated at
                       307.5 T/s · prompt 100 tokens, none cached, 100 new in
                       0.09 s · first token 0.10 s, total 0.93 s · draft 173/249
                       accepted (69%) · max_tokens reached
21:48:17.233 INFO:     #165 chat/completions (stream): 127 prompt tokens ·
                       temperature: 0, greedy (req), max_tokens: 256 (req),
                       min_tokens: 256 (req)
21:48:18.079 INFO:     #165 chat/completions (stream): 256 tokens generated at
                       347.7 T/s · prompt 127 tokens, none cached, 127 new in
                       0.10 s · first token 0.11 s, total 0.84 s · draft 182/222
                       accepted (82%) · max_tokens reached
21:48:18.081 INFO:     #166 chat/completions (stream): 90 prompt tokens ·
                       temperature: 0, greedy (req), max_tokens: 256 (req),
                       min_tokens: 256 (req)
21:48:19.095 INFO:     #166 chat/completions (stream): 256 tokens generated at
                       277.8 T/s · prompt 90 tokens, none cached, 90 new in 0.09
                       s · first token 0.10 s, total 1.02 s · draft 163/279
                       accepted (58%) · max_tokens reached
21:48:19.097 INFO:     #167 chat/completions (stream): 63 prompt tokens ·
                       temperature: 0, greedy (req), max_tokens: 256 (req),
                       min_tokens: 256 (req)
21:48:20.080 INFO:     #167 chat/completions (stream): 256 tokens generated at
                       282.8 T/s · prompt 63 tokens, none cached, 63 new in 0.07
                       s · first token 0.08 s, total 0.98 s · draft 165/273
                       accepted (60%) · max_tokens reached
21:48:20.082 INFO:     #168 chat/completions (stream): 104 prompt tokens ·
                       temperature: 0, greedy (req), max_tokens: 256 (req),
                       min_tokens: 256 (req)
21:48:21.164 INFO:     #168 chat/completions (stream): 256 tokens generated at
                       261.3 T/s · prompt 104 tokens, none cached, 104 new in
                       0.10 s · first token 0.11 s, total 1.09 s · draft 157/297
                       accepted (53%) · max_tokens reached
21:48:21.166 INFO:     #169 chat/completions (stream): 80 prompt tokens ·
                       temperature: 0, greedy (req), max_tokens: 256 (req),
                       min_tokens: 256 (req)
21:48:22.348 INFO:     #169 chat/completions (stream): 256 tokens generated at
                       237.7 T/s · prompt 80 tokens, none cached, 80 new in 0.10
                       s · first token 0.11 s, total 1.18 s · draft 148/324
                       accepted (46%) · max_tokens reached
21:48:22.350 INFO:     #170 chat/completions (stream): 82 prompt tokens ·
                       temperature: 0, greedy (req), max_tokens: 256 (req),
                       min_tokens: 256 (req)
21:48:23.527 INFO:     #170 chat/completions (stream): 256 tokens generated at
                       235.6 T/s · prompt 82 tokens, none cached, 82 new in 0.08
                       s · first token 0.09 s, total 1.17 s · draft 147/327
                       accepted (45%) · max_tokens reached
21:48:23.532 INFO:     #171 chat/completions (stream): 809 prompt tokens ·
                       temperature: 0, greedy (req), max_tokens: 256 (req),
                       min_tokens: 256 (req)
21:48:24.760 INFO:     #171 chat/completions (stream): 256 tokens generated at
                       266.5 T/s · prompt 809 tokens, none cached, 809 new in
                       0.26 s (3,112 T/s) · first token 0.27 s, total 1.23 s ·
                       draft 161/285 accepted (56%) · max_tokens reached
21:48:24.762 INFO:     #172 chat/completions (stream): 77 prompt tokens ·
                       temperature: 0, greedy (req), max_tokens: 256 (req),
                       min_tokens: 256 (req)
21:48:25.646 INFO:     #172 chat/completions (stream): 256 tokens generated at
                       321.2 T/s · prompt 77 tokens, none cached, 77 new in 0.08
                       s · first token 0.09 s, total 0.88 s · draft 176/240
                       accepted (73%) · max_tokens reached
21:48:25.649 INFO:     #173 chat/completions (stream): 64 prompt tokens ·
                       temperature: 0, greedy (req), max_tokens: 256 (req),
                       min_tokens: 256 (req)
21:48:26.608 INFO:     #173 chat/completions (stream): 256 tokens generated at
                       291.1 T/s · prompt 64 tokens, none cached, 64 new in 0.07
                       s · first token 0.08 s, total 0.95 s · draft 167/267
                       accepted (63%) · max_tokens reached
21:48:26.610 INFO:     #174 chat/completions (stream): 104 prompt tokens ·
                       temperature: 0, greedy (req), max_tokens: 256 (req),
                       min_tokens: 256 (req)
21:48:27.418 INFO:     #174 chat/completions (stream): 256 tokens generated at
                       362.0 T/s · prompt 104 tokens, none cached, 104 new in
                       0.09 s · first token 0.10 s, total 0.80 s · draft 184/216
                       accepted (85%) · max_tokens reached
21:48:27.420 INFO:     #175 chat/completions (stream): 66 prompt tokens ·
                       temperature: 0, greedy (req), max_tokens: 256 (req),
                       min_tokens: 256 (req)
21:48:28.391 INFO:     #175 chat/completions (stream): 256 tokens generated at
                       288.3 T/s · prompt 66 tokens, none cached, 66 new in 0.08
                       s · first token 0.09 s, total 0.97 s · draft 167/267
                       accepted (63%) · max_tokens reached
21:48:28.395 INFO:     #176 chat/completions (stream): 786 prompt tokens ·
                       temperature: 0, greedy (req), max_tokens: 256 (req),
                       min_tokens: 256 (req)
21:48:29.429 INFO:     #176 chat/completions (stream): 256 tokens generated at
                       311.9 T/s · prompt 786 tokens, none cached, 786 new in
                       0.21 s (3,743 T/s) · first token 0.22 s, total 1.04 s ·
                       draft 174/246 accepted (71%) · max_tokens reached
21:48:29.431 INFO:     #177 chat/completions (stream): 67 prompt tokens ·
                       temperature: 0, greedy (req), max_tokens: 256 (req),
                       min_tokens: 256 (req)
21:48:30.546 INFO:     #177 chat/completions (stream): 256 tokens generated at
                       247.9 T/s · prompt 67 tokens, none cached, 67 new in 0.07
                       s · first token 0.08 s, total 1.11 s · draft 153/309
                       accepted (50%) · max_tokens reached
21:48:30.550 INFO:     #178 chat/completions (stream): 831 prompt tokens ·
                       temperature: 0, greedy (req), max_tokens: 256 (req),
                       min_tokens: 256 (req)
21:48:31.694 INFO:     #178 chat/completions (stream): 256 tokens generated at
                       294.3 T/s · prompt 831 tokens, none cached, 831 new in
                       0.27 s (3,078 T/s) · first token 0.28 s, total 1.15 s ·
                       draft 169/261 accepted (65%) · max_tokens reached
21:48:31.698 INFO:     #179 chat/completions (stream): 731 prompt tokens ·
                       temperature: 0, greedy (req), max_tokens: 256 (req),
                       min_tokens: 256 (req)
21:48:32.767 INFO:     #179 chat/completions (stream): 256 tokens generated at
                       321.3 T/s · prompt 731 tokens, none cached, 731 new in
                       0.27 s (2,707 T/s) · first token 0.28 s, total 1.07 s ·
                       draft 176/240 accepted (73%) · max_tokens reached
21:48:32.769 INFO:     #181 chat/completions (stream): 87 prompt tokens ·
                       temperature: 0, greedy (req), max_tokens: 256 (req),
                       min_tokens: 256 (req)
21:48:33.646 INFO:     #181 chat/completions (stream): 256 tokens generated at
                       326.3 T/s · prompt 87 tokens, none cached, 87 new in 0.09
                       s · first token 0.10 s, total 0.88 s · draft 177/237
                       accepted (75%) · max_tokens reached
21:48:33.651 INFO:     #182 chat/completions (stream): 1,138 prompt tokens ·
                       temperature: 0, greedy (req), max_tokens: 256 (req),
                       min_tokens: 256 (req)
21:48:34.916 INFO:     #182 chat/completions (stream): 256 tokens generated at
                       277.4 T/s · prompt 1,138 tokens, none cached, 1,138 new
                       in 0.33 s (3,448 T/s) · first token 0.34 s, total 1.26 s
                       · draft 164/276 accepted (59%) · max_tokens reached
21:48:34.918 INFO:     #183 chat/completions (stream): 128 prompt tokens ·
                       temperature: 0, greedy (req), max_tokens: 256 (req),
                       min_tokens: 256 (req)
21:48:35.822 INFO:     #183 chat/completions (stream): 256 tokens generated at
                       321.9 T/s · prompt 128 tokens, none cached, 128 new in
                       0.10 s · first token 0.11 s, total 0.90 s · draft 176/240
                       accepted (73%) · max_tokens reached
21:48:35.825 INFO:     #184 chat/completions (stream): 592 prompt tokens ·
                       temperature: 0, greedy (req), max_tokens: 256 (req),
                       min_tokens: 256 (req)
21:48:37.026 INFO:     #184 chat/completions (stream): 256 tokens generated at
                       267.2 T/s · prompt 592 tokens, none cached, 592 new in
                       0.24 s (2,467 T/s) · first token 0.25 s, total 1.20 s ·
                       draft 159/291 accepted (55%) · max_tokens reached
21:48:37.028 INFO:     #185 chat/completions (stream): 63 prompt tokens ·
                       temperature: 0, greedy (req), max_tokens: 256 (req),
                       min_tokens: 256 (req)
21:48:38.176 INFO:     #185 chat/completions (stream): 256 tokens generated at
                       239.3 T/s · prompt 63 tokens, none cached, 63 new in 0.07
                       s · first token 0.08 s, total 1.15 s · draft 147/327
                       accepted (45%) · max_tokens reached
21:48:38.180 INFO:     #186 chat/completions (stream): 654 prompt tokens ·
                       temperature: 0, greedy (req), max_tokens: 256 (req),
                       min_tokens: 256 (req)
21:48:39.449 INFO:     #186 chat/completions (stream): 256 tokens generated at
                       257.3 T/s · prompt 654 tokens, none cached, 654 new in
                       0.27 s (2,422 T/s) · first token 0.28 s, total 1.27 s ·
                       draft 156/300 accepted (52%) · max_tokens reached
21:48:39.452 INFO:     #187 chat/completions (stream): 586 prompt tokens ·
                       temperature: 0, greedy (req), max_tokens: 256 (req),
                       min_tokens: 256 (req)
21:48:40.606 INFO:     #187 chat/completions (stream): 256 tokens generated at
                       281.0 T/s · prompt 586 tokens, none cached, 586 new in
                       0.24 s (2,442 T/s) · first token 0.25 s, total 1.16 s ·
                       draft 165/273 accepted (60%) · max_tokens reached
21:48:40.609 INFO:     #188 chat/completions (stream): 212 prompt tokens ·
                       temperature: 0, greedy (req), max_tokens: 256 (req),
                       min_tokens: 256 (req)
21:48:41.499 INFO:     #188 chat/completions (stream): 256 tokens generated at
                       330.7 T/s · prompt 212 tokens, none cached, 212 new in
                       0.11 s · first token 0.12 s, total 0.89 s · draft 179/231
                       accepted (77%) · max_tokens reached
21:48:41.503 INFO:     #189 chat/completions (stream): 960 prompt tokens ·
                       temperature: 0, greedy (req), max_tokens: 256 (req),
                       min_tokens: 256 (req)
21:48:42.767 INFO:     #189 chat/completions (stream): 256 tokens generated at
                       266.4 T/s · prompt 960 tokens, none cached, 960 new in
                       0.30 s (3,200 T/s) · first token 0.31 s, total 1.27 s ·
                       draft 160/288 accepted (56%) · max_tokens reached
21:48:42.769 INFO:     #190 chat/completions (stream): 77 prompt tokens ·
                       temperature: 0, greedy (req), max_tokens: 256 (req),
                       min_tokens: 256 (req)
21:48:43.822 INFO:     #190 chat/completions (stream): 256 tokens generated at
                       265.5 T/s · prompt 77 tokens, none cached, 77 new in 0.08
                       s · first token 0.09 s, total 1.05 s · draft 164/276
                       accepted (59%) · max_tokens reached
21:48:43.826 INFO:     #191 chat/completions (stream): 819 prompt tokens ·
                       temperature: 0, greedy (req), max_tokens: 256 (req),
                       min_tokens: 256 (req)
21:48:44.865 INFO:     #191 chat/completions (stream): 256 tokens generated at
                       332.4 T/s · prompt 819 tokens, none cached, 819 new in
                       0.26 s (3,150 T/s) · first token 0.27 s, total 1.04 s ·
                       draft 178/234 accepted (76%) · max_tokens reached
21:48:44.869 INFO:     #192 chat/completions (stream): 780 prompt tokens ·
                       temperature: 0, greedy (req), max_tokens: 256 (req),
                       min_tokens: 256 (req)
21:48:45.875 INFO:     #192 chat/completions (stream): 256 tokens generated at
                       329.2 T/s · prompt 780 tokens, none cached, 780 new in
                       0.22 s (3,545 T/s) · first token 0.23 s, total 1.00 s ·
                       draft 179/231 accepted (77%) · max_tokens reached
21:48:45.877 INFO:     #193 chat/completions (stream): 134 prompt tokens ·
                       temperature: 0, greedy (req), max_tokens: 256 (req),
                       min_tokens: 256 (req)
21:48:46.733 INFO:     #193 chat/completions (stream): 256 tokens generated at
                       345.8 T/s · prompt 134 tokens, none cached, 134 new in
                       0.11 s · first token 0.12 s, total 0.86 s · draft 182/222
                       accepted (82%) · max_tokens reached
21:48:46.737 INFO:     #194 chat/completions (stream): 695 prompt tokens ·
                       temperature: 0, greedy (req), max_tokens: 256 (req),
                       min_tokens: 256 (req)
21:48:47.910 INFO:     #194 chat/completions (stream): 256 tokens generated at
                       283.6 T/s · prompt 695 tokens, none cached, 695 new in
                       0.26 s (2,673 T/s) · first token 0.27 s, total 1.17 s ·
                       draft 165/273 accepted (60%) · max_tokens reached
21:48:47.912 INFO:     #196 chat/completions (stream): 88 prompt tokens ·
                       temperature: 0, greedy (req), max_tokens: 256 (req),
                       min_tokens: 256 (req)
21:48:48.866 INFO:     #196 chat/completions (stream): 256 tokens generated at
                       297.4 T/s · prompt 88 tokens, none cached, 88 new in 0.09
                       s · first token 0.10 s, total 0.96 s · draft 170/258
                       accepted (66%) · max_tokens reached
21:48:48.869 INFO:     #197 chat/completions (stream): 516 prompt tokens ·
                       temperature: 0, greedy (req), max_tokens: 256 (req),
                       min_tokens: 256 (req)
21:48:49.949 INFO:     #197 chat/completions (stream): 256 tokens generated at
                       281.6 T/s · prompt 516 tokens, none cached, 516 new in
                       0.16 s (3,225 T/s) · first token 0.17 s, total 1.07 s ·
                       draft 166/270 accepted (61%) · max_tokens reached
21:48:49.951 INFO:     #198 chat/completions (stream): 93 prompt tokens ·
                       temperature: 0, greedy (req), max_tokens: 256 (req),
                       min_tokens: 256 (req)
21:48:50.786 INFO:     #198 chat/completions (stream): 256 tokens generated at
                       346.1 T/s · prompt 93 tokens, none cached, 93 new in 0.09
                       s · first token 0.10 s, total 0.84 s · draft 181/225
                       accepted (80%) · max_tokens reached
21:48:50.789 INFO:     #199 chat/completions (stream): 775 prompt tokens ·
                       temperature: 0, greedy (req), max_tokens: 256 (req),
                       min_tokens: 256 (req)
21:48:51.968 INFO:     #199 chat/completions (stream): 256 tokens generated at
                       268.5 T/s · prompt 775 tokens, none cached, 775 new in
                       0.22 s (3,523 T/s) · first token 0.23 s, total 1.18 s ·
                       draft 160/288 accepted (56%) · max_tokens reached
21:48:51.971 INFO:     #200 chat/completions (stream): 386 prompt tokens ·
                       temperature: 0, greedy (req), max_tokens: 256 (req),
                       min_tokens: 256 (req)
21:48:53.189 INFO:     #200 chat/completions (stream): 256 tokens generated at
                       263.6 T/s · prompt 386 tokens, none cached, 386 new in
                       0.24 s (1,608 T/s) · first token 0.25 s, total 1.22 s ·
                       draft 158/294 accepted (54%) · max_tokens reached
21:48:53.191 INFO:     #201 chat/completions (stream): 123 prompt tokens ·
                       temperature: 0, greedy (req), max_tokens: 256 (req),
                       min_tokens: 256 (req)
21:48:54.280 INFO:     #201 chat/completions (stream): 256 tokens generated at
                       260.5 T/s · prompt 123 tokens, none cached, 123 new in
                       0.10 s · first token 0.11 s, total 1.09 s · draft 157/297
                       accepted (53%) · max_tokens reached
21:48:54.282 INFO:     #202 chat/completions (stream): 78 prompt tokens ·
                       temperature: 0, greedy (req), max_tokens: 256 (req),
                       min_tokens: 256 (req)
21:48:55.204 INFO:     #202 chat/completions (stream): 256 tokens generated at
                       307.3 T/s · prompt 78 tokens, none cached, 78 new in 0.08
                       s · first token 0.09 s, total 0.92 s · draft 172/252
                       accepted (68%) · max_tokens reached
21:48:55.206 INFO:     #203 chat/completions (stream): 116 prompt tokens ·
                       temperature: 0, greedy (req), max_tokens: 256 (req),
                       min_tokens: 256 (req)
21:48:56.151 INFO:     #203 chat/completions (stream): 256 tokens generated at
                       305.7 T/s · prompt 116 tokens, none cached, 116 new in
                       0.10 s · first token 0.11 s, total 0.94 s · draft 171/255
                       accepted (67%) · max_tokens reached
21:48:56.154 INFO:     #204 chat/completions (stream): 67 prompt tokens ·
                       temperature: 0, greedy (req), max_tokens: 256 (req),
                       min_tokens: 256 (req)
21:48:56.999 INFO:     #204 chat/completions (stream): 256 tokens generated at
                       336.2 T/s · prompt 67 tokens, none cached, 67 new in 0.08
                       s · first token 0.09 s, total 0.85 s · draft 179/231
                       accepted (77%) · max_tokens reached
21:48:57.002 INFO:     #205 chat/completions (stream): 74 prompt tokens ·
                       temperature: 0, greedy (req), max_tokens: 256 (req),
                       min_tokens: 256 (req)
21:48:57.994 INFO:     #205 chat/completions (stream): 256 tokens generated at
                       282.4 T/s · prompt 74 tokens, none cached, 74 new in 0.08
                       s · first token 0.09 s, total 0.99 s · draft 165/273
                       accepted (60%) · max_tokens reached
21:48:57.997 INFO:     #206 chat/completions (stream): 148 prompt tokens ·
                       temperature: 0, greedy (req), max_tokens: 256 (req),
                       min_tokens: 256 (req)
21:48:58.891 INFO:     #206 chat/completions (stream): 256 tokens generated at
                       321.2 T/s · prompt 148 tokens, none cached, 148 new in
                       0.09 s · first token 0.10 s, total 0.89 s · draft 177/237
                       accepted (75%) · max_tokens reached
21:48:58.894 INFO:     #207 chat/completions (stream): 660 prompt tokens ·
                       temperature: 0, greedy (req), max_tokens: 256 (req),
                       min_tokens: 256 (req)
21:49:00.076 INFO:     #207 chat/completions (stream): 256 tokens generated at
                       277.0 T/s · prompt 660 tokens, none cached, 660 new in
                       0.25 s (2,640 T/s) · first token 0.26 s, total 1.18 s ·
                       draft 163/279 accepted (58%) · max_tokens reached
21:49:00.078 INFO:     #208 chat/completions (stream): 62 prompt tokens ·
                       temperature: 0, greedy (req), max_tokens: 256 (req),
                       min_tokens: 256 (req)
21:49:01.171 INFO:     #208 chat/completions (stream): 256 tokens generated at
                       252.5 T/s · prompt 62 tokens, none cached, 62 new in 0.07
                       s · first token 0.08 s, total 1.09 s · draft 154/306
                       accepted (50%) · max_tokens reached
21:49:01.174 INFO:     #209 chat/completions (stream): 61 prompt tokens ·
                       temperature: 0, greedy (req), max_tokens: 256 (req),
                       min_tokens: 256 (req)
21:49:02.114 INFO:     #209 chat/completions (stream): 256 tokens generated at
                       298.4 T/s · prompt 61 tokens, none cached, 61 new in 0.07
                       s · first token 0.08 s, total 0.93 s · draft 169/261
                       accepted (65%) · max_tokens reached
21:49:02.116 INFO:     #211 chat/completions (stream): 91 prompt tokens ·
                       temperature: 0, greedy (req), max_tokens: 256 (req),
                       min_tokens: 256 (req)
21:49:02.956 INFO:     #211 chat/completions (stream): 256 tokens generated at
                       343.3 T/s · prompt 91 tokens, none cached, 91 new in 0.09
                       s · first token 0.10 s, total 0.84 s · draft 180/228
                       accepted (79%) · max_tokens reached
21:49:02.958 INFO:     #212 chat/completions (stream): 86 prompt tokens ·
                       temperature: 0, greedy (req), max_tokens: 256 (req),
                       min_tokens: 256 (req)
21:49:04.035 INFO:     #212 chat/completions (stream): 256 tokens generated at
                       260.4 T/s · prompt 86 tokens, none cached, 86 new in 0.09
                       s · first token 0.10 s, total 1.08 s · draft 157/297
                       accepted (53%) · max_tokens reached
21:49:04.037 INFO:     #213 chat/completions (stream): 64 prompt tokens ·
                       temperature: 0, greedy (req), max_tokens: 256 (req),
                       min_tokens: 256 (req)
21:49:05.074 INFO:     #213 chat/completions (stream): 256 tokens generated at
                       267.0 T/s · prompt 64 tokens, none cached, 64 new in 0.07
                       s · first token 0.08 s, total 1.03 s · draft 160/288
                       accepted (56%) · max_tokens reached
21:49:05.079 INFO:     #214 chat/completions (stream): 745 prompt tokens ·
                       temperature: 0, greedy (req), max_tokens: 256 (req),
                       min_tokens: 256 (req)
21:49:06.237 INFO:     #214 chat/completions (stream): 256 tokens generated at
                       291.3 T/s · prompt 745 tokens, none cached, 745 new in
                       0.27 s (2,759 T/s) · first token 0.28 s, total 1.15 s ·
                       draft 167/267 accepted (63%) · max_tokens reached
21:49:06.241 INFO:     #215 chat/completions (stream): 722 prompt tokens ·
                       temperature: 0, greedy (req), max_tokens: 256 (req),
                       min_tokens: 256 (req)
21:49:07.494 INFO:     #215 chat/completions (stream): 256 tokens generated at
                       260.5 T/s · prompt 722 tokens, none cached, 722 new in
                       0.26 s (2,777 T/s) · first token 0.27 s, total 1.25 s ·
                       draft 157/297 accepted (53%) · max_tokens reached
21:49:07.496 INFO:     #216 chat/completions (stream): 115 prompt tokens ·
                       temperature: 0, greedy (req), max_tokens: 256 (req),
                       min_tokens: 256 (req)
21:49:08.363 INFO:     #216 chat/completions (stream): 256 tokens generated at
                       335.7 T/s · prompt 115 tokens, none cached, 115 new in
                       0.10 s · first token 0.11 s, total 0.87 s · draft 179/231
                       accepted (77%) · max_tokens reached
21:49:08.365 INFO:     #217 chat/completions (stream): 91 prompt tokens ·
                       temperature: 0, greedy (req), max_tokens: 256 (req),
                       min_tokens: 256 (req)
21:49:09.206 INFO:     #217 chat/completions (stream): 256 tokens generated at
                       343.8 T/s · prompt 91 tokens, none cached, 91 new in 0.09
                       s · first token 0.10 s, total 0.84 s · draft 181/225
                       accepted (80%) · max_tokens reached
21:49:09.209 INFO:     #218 chat/completions (stream): 680 prompt tokens ·
                       temperature: 0, greedy (req), max_tokens: 256 (req),
                       min_tokens: 256 (req)
21:49:10.517 INFO:     #218 chat/completions (stream): 256 tokens generated at
                       245.8 T/s · prompt 680 tokens, none cached, 680 new in
                       0.26 s (2,615 T/s) · first token 0.27 s, total 1.31 s ·
                       draft 151/315 accepted (48%) · max_tokens reached
21:49:10.520 INFO:     #219 chat/completions (stream): 100 prompt tokens ·
                       temperature: 0, greedy (req), max_tokens: 256 (req),
                       min_tokens: 256 (req)
21:49:11.367 INFO:     #219 chat/completions (stream): 256 tokens generated at
                       342.7 T/s · prompt 100 tokens, none cached, 100 new in
                       0.09 s · first token 0.10 s, total 0.84 s · draft 181/225
                       accepted (80%) · max_tokens reached
21:49:11.369 INFO:     #220 chat/completions (stream): 64 prompt tokens ·
                       temperature: 0, greedy (req), max_tokens: 256 (req),
                       min_tokens: 256 (req)
21:49:12.283 INFO:     #220 chat/completions (stream): 256 tokens generated at
                       306.6 T/s · prompt 64 tokens, none cached, 64 new in 0.07
                       s · first token 0.08 s, total 0.91 s · draft 171/255
                       accepted (67%) · max_tokens reached
21:49:12.287 INFO:     #221 chat/completions (stream): 672 prompt tokens ·
                       temperature: 0, greedy (req), max_tokens: 256 (req),
                       min_tokens: 256 (req)
21:49:13.428 INFO:     #221 chat/completions (stream): 256 tokens generated at
                       291.1 T/s · prompt 672 tokens, none cached, 672 new in
                       0.25 s (2,688 T/s) · first token 0.26 s, total 1.13 s ·
                       draft 168/264 accepted (64%) · max_tokens reached
21:49:13.432 INFO:     #222 chat/completions (stream): 875 prompt tokens ·
                       temperature: 0, greedy (req), max_tokens: 256 (req),
                       min_tokens: 256 (req)
21:49:14.586 INFO:     #222 chat/completions (stream): 256 tokens generated at
                       299.6 T/s · prompt 875 tokens, none cached, 875 new in
                       0.29 s (3,017 T/s) · first token 0.30 s, total 1.15 s ·
                       draft 171/255 accepted (67%) · max_tokens reached
21:49:14.588 INFO:     #223 chat/completions (stream): 139 prompt tokens ·
                       temperature: 0, greedy (req), max_tokens: 256 (req),
                       min_tokens: 256 (req)
21:49:15.481 INFO:     #223 chat/completions (stream): 256 tokens generated at
                       329.9 T/s · prompt 139 tokens, none cached, 139 new in
                       0.11 s · first token 0.12 s, total 0.89 s · draft 178/234
                       accepted (76%) · max_tokens reached
21:49:15.483 INFO:     #224 chat/completions (stream): 63 prompt tokens ·
                       temperature: 0, greedy (req), max_tokens: 256 (req),
                       min_tokens: 256 (req)
21:49:16.645 INFO:     #224 chat/completions (stream): 256 tokens generated at
                       236.2 T/s · prompt 63 tokens, none cached, 63 new in 0.07
                       s · first token 0.08 s, total 1.16 s · draft 146/330
                       accepted (44%) · max_tokens reached
21:49:16.649 INFO:     #225 chat/completions (stream): 778 prompt tokens ·
                       temperature: 0, greedy (req), max_tokens: 256 (req),
                       min_tokens: 256 (req)
21:49:17.675 INFO:     #225 chat/completions (stream): 256 tokens generated at
                       314.1 T/s · prompt 778 tokens, none cached, 778 new in
                       0.20 s (3,890 T/s) · first token 0.21 s, total 1.02 s ·
                       draft 174/246 accepted (71%) · max_tokens reached
21:49:17.679 INFO:     #227 chat/completions (stream): 774 prompt tokens ·
                       temperature: 0, greedy (req), max_tokens: 256 (req),
                       min_tokens: 256 (req)
21:49:18.804 INFO:     #227 chat/completions (stream): 256 tokens generated at
                       278.6 T/s · prompt 774 tokens, none cached, 774 new in
                       0.20 s (3,870 T/s) · first token 0.21 s, total 1.12 s ·
                       draft 164/276 accepted (59%) · max_tokens reached
21:49:18.807 INFO:     #228 chat/completions (stream): 65 prompt tokens ·
                       temperature: 0, greedy (req), max_tokens: 256 (req),
                       min_tokens: 256 (req)
21:49:19.797 INFO:     #228 chat/completions (stream): 256 tokens generated at
                       280.8 T/s · prompt 65 tokens, none cached, 65 new in 0.07
                       s · first token 0.08 s, total 0.99 s · draft 164/276
                       accepted (59%) · max_tokens reached
21:49:19.800 INFO:     #229 chat/completions (stream): 117 prompt tokens ·
                       temperature: 0, greedy (req), max_tokens: 256 (req),
                       min_tokens: 256 (req)
21:49:20.653 INFO:     #229 chat/completions (stream): 256 tokens generated at
                       343.5 T/s · prompt 117 tokens, none cached, 117 new in
                       0.10 s · first token 0.11 s, total 0.85 s · draft 181/225
                       accepted (80%) · max_tokens reached
21:49:20.656 INFO:     #230 chat/completions (stream): 405 prompt tokens ·
                       temperature: 0, greedy (req), max_tokens: 256 (req),
                       min_tokens: 256 (req)
21:49:21.812 INFO:     #230 chat/completions (stream): 256 tokens generated at
                       276.0 T/s · prompt 405 tokens, none cached, 405 new in
                       0.22 s (1,841 T/s) · first token 0.23 s, total 1.15 s ·
                       draft 163/279 accepted (58%) · max_tokens reached
21:49:21.814 INFO:     #231 chat/completions (stream): 96 prompt tokens ·
                       temperature: 0, greedy (req), max_tokens: 256 (req),
                       min_tokens: 256 (req)
21:49:22.832 INFO:     #231 chat/completions (stream): 256 tokens generated at
                       278.2 T/s · prompt 96 tokens, none cached, 96 new in 0.09
                       s · first token 0.10 s, total 1.02 s · draft 164/276
                       accepted (59%) · max_tokens reached
21:49:22.838 INFO:     #232 chat/completions (stream): 1,533 prompt tokens ·
                       temperature: 0, greedy (req), max_tokens: 256 (req),
                       min_tokens: 256 (req)
21:49:24.093 INFO:     #232 chat/completions (stream): 256 tokens generated at
                       296.4 T/s · prompt 1,533 tokens, none cached, 1,533 new
                       in 0.38 s (4,034 T/s) · first token 0.39 s, total 1.25 s
                       · draft 169/261 accepted (65%) · max_tokens reached
21:49:24.097 INFO:     #233 chat/completions (stream): 786 prompt tokens ·
                       temperature: 0, greedy (req), max_tokens: 256 (req),
                       min_tokens: 256 (req)
21:49:25.123 INFO:     #233 chat/completions (stream): 256 tokens generated at
                       320.8 T/s · prompt 786 tokens, none cached, 786 new in
                       0.22 s (3,573 T/s) · first token 0.23 s, total 1.02 s ·
                       draft 176/240 accepted (73%) · max_tokens reached
21:49:25.125 INFO:     #234 chat/completions (stream): 61 prompt tokens ·
                       temperature: 0, greedy (req), max_tokens: 256 (req),
                       min_tokens: 256 (req)
21:49:25.987 INFO:     #234 chat/completions (stream): 256 tokens generated at
                       326.5 T/s · prompt 61 tokens, none cached, 61 new in 0.07
                       s · first token 0.08 s, total 0.86 s · draft 176/240
                       accepted (73%) · max_tokens reached
21:49:25.990 INFO:     #235 chat/completions (stream): 84 prompt tokens ·
                       temperature: 0, greedy (req), max_tokens: 256 (req),
                       min_tokens: 256 (req)
21:49:27.046 INFO:     #235 chat/completions (stream): 256 tokens generated at
                       265.9 T/s · prompt 84 tokens, none cached, 84 new in 0.09
                       s · first token 0.10 s, total 1.06 s · draft 159/291
                       accepted (55%) · max_tokens reached
21:49:27.048 INFO:     #236 chat/completions (stream): 92 prompt tokens ·
                       temperature: 0, greedy (req), max_tokens: 256 (req),
                       min_tokens: 256 (req)
21:49:27.969 INFO:     #236 chat/completions (stream): 256 tokens generated at
                       309.8 T/s · prompt 92 tokens, none cached, 92 new in 0.09
                       s · first token 0.10 s, total 0.92 s · draft 175/243
                       accepted (72%) · max_tokens reached
21:49:27.973 INFO:     #237 chat/completions (stream): 388 prompt tokens ·
                       temperature: 0, greedy (req), max_tokens: 256 (req),
                       min_tokens: 256 (req)
21:49:29.069 INFO:     #237 chat/completions (stream): 256 tokens generated at
                       303.5 T/s · prompt 388 tokens, none cached, 388 new in
                       0.24 s (1,617 T/s) · first token 0.25 s, total 1.09 s ·
                       draft 172/252 accepted (68%) · max_tokens reached
21:49:29.071 INFO:     #238 chat/completions (stream): 63 prompt tokens ·
                       temperature: 0, greedy (req), max_tokens: 256 (req),
                       min_tokens: 256 (req)
21:49:30.135 INFO:     #238 chat/completions (stream): 256 tokens generated at
                       259.7 T/s · prompt 63 tokens, none cached, 63 new in 0.07
                       s · first token 0.08 s, total 1.06 s · draft 156/300
                       accepted (52%) · max_tokens reached
21:49:30.137 INFO:     #239 chat/completions (stream): 78 prompt tokens ·
                       temperature: 0, greedy (req), max_tokens: 256 (req),
                       min_tokens: 256 (req)
21:49:31.192 INFO:     #239 chat/completions (stream): 256 tokens generated at
                       264.2 T/s · prompt 78 tokens, none cached, 78 new in 0.08
                       s · first token 0.09 s, total 1.05 s · draft 159/291
                       accepted (55%) · max_tokens reached
21:49:31.196 INFO:     #240 chat/completions (stream): 707 prompt tokens ·
                       temperature: 0, greedy (req), max_tokens: 256 (req),
                       min_tokens: 256 (req)
21:49:32.200 INFO:     #240 chat/completions (stream): 256 tokens generated at
                       348.7 T/s · prompt 707 tokens, none cached, 707 new in
                       0.26 s (2,719 T/s) · first token 0.27 s, total 1.00 s ·
                       draft 182/222 accepted (82%) · max_tokens reached
21:49:32.203 INFO:     #242 chat/completions (stream): 316 prompt tokens ·
                       temperature: 0, greedy (req), max_tokens: 256 (req),
                       min_tokens: 256 (req)
21:49:33.295 INFO:     #242 chat/completions (stream): 256 tokens generated at
                       289.9 T/s · prompt 316 tokens, none cached, 316 new in
                       0.20 s (1,580 T/s) · first token 0.21 s, total 1.09 s ·
                       draft 168/264 accepted (64%) · max_tokens reached
21:49:33.298 INFO:     #243 chat/completions (stream): 70 prompt tokens ·
                       temperature: 0, greedy (req), max_tokens: 256 (req),
                       min_tokens: 256 (req)
21:49:34.421 INFO:     #243 chat/completions (stream): 256 tokens generated at
                       246.1 T/s · prompt 70 tokens, none cached, 70 new in 0.08
                       s · first token 0.09 s, total 1.13 s · draft 152/312
                       accepted (49%) · max_tokens reached
21:49:34.424 INFO:     #244 chat/completions (stream): 85 prompt tokens ·
                       temperature: 0, greedy (req), max_tokens: 256 (req),
                       min_tokens: 256 (req)
21:49:35.583 INFO:     #244 chat/completions (stream): 256 tokens generated at
                       240.1 T/s · prompt 85 tokens, none cached, 85 new in 0.09
                       s · first token 0.10 s, total 1.16 s · draft 149/321
                       accepted (46%) · max_tokens reached
21:49:35.587 INFO:     #245 chat/completions (stream): 689 prompt tokens ·
                       temperature: 0, greedy (req), max_tokens: 256 (req),
                       min_tokens: 256 (req)
21:49:36.839 INFO:     #245 chat/completions (stream): 256 tokens generated at
                       258.8 T/s · prompt 689 tokens, none cached, 689 new in
                       0.25 s (2,756 T/s) · first token 0.26 s, total 1.24 s ·
                       draft 157/297 accepted (53%) · max_tokens reached
21:49:36.841 INFO:     #246 chat/completions (stream): 118 prompt tokens ·
                       temperature: 0, greedy (req), max_tokens: 256 (req),
                       min_tokens: 256 (req)
21:49:37.690 INFO:     #246 chat/completions (stream): 256 tokens generated at
                       345.2 T/s · prompt 118 tokens, none cached, 118 new in
                       0.10 s · first token 0.11 s, total 0.85 s · draft 181/225
                       accepted (80%) · max_tokens reached
21:49:37.694 INFO:     #247 chat/completions (stream): 811 prompt tokens ·
                       temperature: 0, greedy (req), max_tokens: 256 (req),
                       min_tokens: 256 (req)
21:49:38.846 INFO:     #247 chat/completions (stream): 256 tokens generated at
                       289.8 T/s · prompt 811 tokens, none cached, 811 new in
                       0.26 s (3,119 T/s) · first token 0.27 s, total 1.15 s ·
                       draft 167/267 accepted (63%) · max_tokens reached
21:49:38.850 INFO:     #248 chat/completions (stream): 560 prompt tokens ·
                       temperature: 0, greedy (req), max_tokens: 256 (req),
                       min_tokens: 256 (req)
21:49:40.048 INFO:     #248 chat/completions (stream): 256 tokens generated at
                       265.4 T/s · prompt 560 tokens, none cached, 560 new in
                       0.22 s (2,545 T/s) · first token 0.23 s, total 1.19 s ·
                       draft 158/294 accepted (54%) · max_tokens reached
21:49:40.050 INFO:     #249 chat/completions (stream): 105 prompt tokens ·
                       temperature: 0, greedy (req), max_tokens: 256 (req),
                       min_tokens: 256 (req)
21:49:41.010 INFO:     #249 chat/completions (stream): 256 tokens generated at
                       298.9 T/s · prompt 105 tokens, none cached, 105 new in
                       0.10 s · first token 0.11 s, total 0.96 s · draft 170/258
                       accepted (66%) · max_tokens reached
21:49:41.013 INFO:     #250 chat/completions (stream): 715 prompt tokens ·
                       temperature: 0, greedy (req), max_tokens: 256 (req),
                       min_tokens: 256 (req)
21:49:42.263 INFO:     #250 chat/completions (stream): 256 tokens generated at
                       274.5 T/s · prompt 715 tokens, none cached, 715 new in
                       0.31 s (2,306 T/s) · first token 0.32 s, total 1.25 s ·
                       draft 163/279 accepted (58%) · max_tokens reached
21:49:42.265 INFO:     #251 chat/completions (stream): 116 prompt tokens ·
                       temperature: 0, greedy (req), max_tokens: 256 (req),
                       min_tokens: 256 (req)
21:49:43.213 INFO:     #251 chat/completions (stream): 256 tokens generated at
                       304.4 T/s · prompt 116 tokens, none cached, 116 new in
                       0.10 s · first token 0.11 s, total 0.95 s · draft 172/252
                       accepted (68%) · max_tokens reached
21:49:43.216 INFO:     #252 chat/completions (stream): 69 prompt tokens ·
                       temperature: 0, greedy (req), max_tokens: 256 (req),
                       min_tokens: 256 (req)
21:49:44.329 INFO:     #252 chat/completions (stream): 256 tokens generated at
                       250.9 T/s · prompt 69 tokens, none cached, 69 new in 0.08
                       s · first token 0.09 s, total 1.11 s · draft 154/306
                       accepted (50%) · max_tokens reached
21:49:44.331 INFO:     #253 chat/completions (stream): 63 prompt tokens ·
                       temperature: 0, greedy (req), max_tokens: 256 (req),
                       min_tokens: 256 (req)
21:49:45.336 INFO:     #253 chat/completions (stream): 256 tokens generated at
                       276.3 T/s · prompt 63 tokens, none cached, 63 new in 0.07
                       s · first token 0.08 s, total 1.00 s · draft 162/282
                       accepted (57%) · max_tokens reached
21:49:45.339 INFO:     #254 chat/completions (stream): 74 prompt tokens ·
                       temperature: 0, greedy (req), max_tokens: 256 (req),
                       min_tokens: 256 (req)
21:49:46.233 INFO:     #254 chat/completions (stream): 256 tokens generated at
                       316.7 T/s · prompt 74 tokens, none cached, 74 new in 0.08
                       s · first token 0.09 s, total 0.89 s · draft 174/246
                       accepted (71%) · max_tokens reached
21:49:46.237 INFO:     #255 chat/completions (stream): 755 prompt tokens ·
                       temperature: 0, greedy (req), max_tokens: 256 (req),
                       min_tokens: 256 (req)
21:49:47.485 INFO:     #255 chat/completions (stream): 256 tokens generated at
                       264.6 T/s · prompt 755 tokens, none cached, 755 new in
                       0.27 s (2,796 T/s) · first token 0.28 s, total 1.24 s ·
                       draft 159/291 accepted (55%) · max_tokens reached
21:49:47.488 INFO:     #257 chat/completions (stream): 119 prompt tokens ·
                       temperature: 0, greedy (req), max_tokens: 256 (req),
                       min_tokens: 256 (req)
21:49:48.322 INFO:     #257 chat/completions (stream): 256 tokens generated at
                       353.0 T/s · prompt 119 tokens, none cached, 119 new in
                       0.10 s · first token 0.11 s, total 0.83 s · draft 183/219
                       accepted (84%) · max_tokens reached
21:49:48.325 INFO:     #258 chat/completions (stream): 157 prompt tokens ·
                       temperature: 0, greedy (req), max_tokens: 256 (req),
                       min_tokens: 256 (req)
21:49:49.193 INFO:     #258 chat/completions (stream): 256 tokens generated at
                       334.0 T/s · prompt 157 tokens, none cached, 157 new in
                       0.09 s · first token 0.10 s, total 0.86 s · draft 180/228
                       accepted (79%) · max_tokens reached
21:49:49.197 INFO:     #259 chat/completions (stream): 588 prompt tokens ·
                       temperature: 0, greedy (req), max_tokens: 256 (req),
                       min_tokens: 256 (req)
21:49:50.498 INFO:     #259 chat/completions (stream): 256 tokens generated at
                       252.0 T/s · prompt 588 tokens, none cached, 588 new in
                       0.28 s (2,100 T/s) · first token 0.29 s, total 1.30 s ·
                       draft 154/306 accepted (50%) · max_tokens reached
21:49:50.500 INFO:     #260 chat/completions (stream): 86 prompt tokens ·
                       temperature: 0, greedy (req), max_tokens: 256 (req),
                       min_tokens: 256 (req)
21:49:51.503 INFO:     #260 chat/completions (stream): 256 tokens generated at
                       281.4 T/s · prompt 86 tokens, none cached, 86 new in 0.09
                       s · first token 0.10 s, total 1.01 s · draft 165/273
                       accepted (60%) · max_tokens reached
21:49:51.506 INFO:     #261 chat/completions (stream): 71 prompt tokens ·
                       temperature: 0, greedy (req), max_tokens: 256 (req),
                       min_tokens: 256 (req)
21:49:52.626 INFO:     #261 chat/completions (stream): 256 tokens generated at
                       247.8 T/s · prompt 71 tokens, none cached, 71 new in 0.08
                       s · first token 0.09 s, total 1.12 s · draft 152/312
                       accepted (49%) · max_tokens reached
21:49:52.632 INFO:     #262 chat/completions (stream): 1,392 prompt tokens ·
                       temperature: 0, greedy (req), max_tokens: 256 (req),
                       min_tokens: 256 (req)
21:49:53.970 INFO:     #262 chat/completions (stream): 256 tokens generated at
                       267.6 T/s · prompt 1,392 tokens, none cached, 1,392 new
                       in 0.37 s (3,762 T/s) · first token 0.38 s, total 1.33 s
                       · draft 160/288 accepted (56%) · max_tokens reached
21:49:53.972 INFO:     #263 chat/completions (stream): 107 prompt tokens ·
                       temperature: 0, greedy (req), max_tokens: 256 (req),
                       min_tokens: 256 (req)
21:49:55.083 INFO:     #263 chat/completions (stream): 256 tokens generated at
                       253.8 T/s · prompt 107 tokens, none cached, 107 new in
                       0.09 s · first token 0.10 s, total 1.10 s · draft 154/306
                       accepted (50%) · max_tokens reached
21:49:55.085 INFO:     #264 chat/completions (stream): 75 prompt tokens ·
                       temperature: 0, greedy (req), max_tokens: 256 (req),
                       min_tokens: 256 (req)
21:49:56.066 INFO:     #264 chat/completions (stream): 256 tokens generated at
                       286.8 T/s · prompt 75 tokens, none cached, 75 new in 0.08
                       s · first token 0.09 s, total 0.98 s · draft 166/270
                       accepted (61%) · max_tokens reached
21:49:56.069 INFO:     #265 chat/completions (stream): 97 prompt tokens ·
                       temperature: 0, greedy (req), max_tokens: 256 (req),
                       min_tokens: 256 (req)
21:49:56.994 INFO:     #265 chat/completions (stream): 256 tokens generated at
                       310.6 T/s · prompt 97 tokens, none cached, 97 new in 0.09
                       s · first token 0.10 s, total 0.92 s · draft 173/249
                       accepted (69%) · max_tokens reached
21:49:56.996 INFO:     #266 chat/completions (stream): 81 prompt tokens ·
                       temperature: 0, greedy (req), max_tokens: 256 (req),
                       min_tokens: 256 (req)
21:49:57.843 INFO:     #266 chat/completions (stream): 256 tokens generated at
                       337.3 T/s · prompt 81 tokens, none cached, 81 new in 0.08
                       s · first token 0.09 s, total 0.84 s · draft 179/231
                       accepted (77%) · max_tokens reached
21:49:57.847 INFO:     #267 chat/completions (stream): 642 prompt tokens ·
                       temperature: 0, greedy (req), max_tokens: 256 (req),
                       min_tokens: 256 (req)
21:49:59.026 INFO:     #267 chat/completions (stream): 256 tokens generated at
                       280.3 T/s · prompt 642 tokens, none cached, 642 new in
                       0.26 s (2,469 T/s) · first token 0.27 s, total 1.18 s ·
                       draft 164/276 accepted (59%) · max_tokens reached
21:49:59.028 INFO:     #268 chat/completions (stream): 61 prompt tokens ·
                       temperature: 0, greedy (req), max_tokens: 256 (req),
                       min_tokens: 256 (req)
21:50:00.262 INFO:     #268 chat/completions (stream): 256 tokens generated at
                       221.4 T/s · prompt 61 tokens, none cached, 61 new in 0.07
                       s · first token 0.08 s, total 1.23 s · draft 140/348
                       accepted (40%) · max_tokens reached
21:50:00.264 INFO:     #269 chat/completions (stream): 128 prompt tokens ·
                       temperature: 0, greedy (req), max_tokens: 256 (req),
                       min_tokens: 256 (req)
21:50:01.113 INFO:     #269 chat/completions (stream): 256 tokens generated at
                       345.6 T/s · prompt 128 tokens, none cached, 128 new in
                       0.10 s · first token 0.11 s, total 0.85 s · draft 182/222
                       accepted (82%) · max_tokens reached
21:50:01.118 INFO:     #270 chat/completions (stream): 712 prompt tokens ·
                       temperature: 0, greedy (req), max_tokens: 256 (req),
                       min_tokens: 256 (req)
21:50:02.294 INFO:     #270 chat/completions (stream): 256 tokens generated at
                       282.5 T/s · prompt 712 tokens, none cached, 712 new in
                       0.26 s (2,738 T/s) · first token 0.27 s, total 1.17 s ·
                       draft 165/273 accepted (60%) · max_tokens reached
21:50:02.297 INFO:     #272 chat/completions (stream): 94 prompt tokens ·
                       temperature: 0, greedy (req), max_tokens: 256 (req),
                       min_tokens: 256 (req)
21:50:03.380 INFO:     #272 chat/completions (stream): 256 tokens generated at
                       259.4 T/s · prompt 94 tokens, none cached, 94 new in 0.09
                       s · first token 0.10 s, total 1.08 s · draft 158/294
                       accepted (54%) · max_tokens reached
21:50:03.382 INFO:     #273 chat/completions (stream): 66 prompt tokens ·
                       temperature: 0, greedy (req), max_tokens: 256 (req),
                       min_tokens: 256 (req)
21:50:04.419 INFO:     #273 chat/completions (stream): 256 tokens generated at
                       268.3 T/s · prompt 66 tokens, none cached, 66 new in 0.07
                       s · first token 0.08 s, total 1.03 s · draft 161/285
                       accepted (56%) · max_tokens reached
21:50:04.421 INFO:     #274 chat/completions (stream): 93 prompt tokens ·
                       temperature: 0, greedy (req), max_tokens: 256 (req),
                       min_tokens: 256 (req)
21:50:05.339 INFO:     #274 chat/completions (stream): 256 tokens generated at
                       311.0 T/s · prompt 93 tokens, none cached, 93 new in 0.09
                       s · first token 0.10 s, total 0.92 s · draft 174/246
                       accepted (71%) · max_tokens reached
21:50:05.341 INFO:     #275 chat/completions (stream): 108 prompt tokens ·
                       temperature: 0, greedy (req), max_tokens: 256 (req),
                       min_tokens: 256 (req)
21:50:06.317 INFO:     #275 chat/completions (stream): 256 tokens generated at
                       293.9 T/s · prompt 108 tokens, none cached, 108 new in
                       0.10 s · first token 0.11 s, total 0.98 s · draft 169/261
                       accepted (65%) · max_tokens reached
21:50:06.319 INFO:     #276 chat/completions (stream): 93 prompt tokens ·
                       temperature: 0, greedy (req), max_tokens: 256 (req),
                       min_tokens: 256 (req)
21:50:07.168 INFO:     #276 chat/completions (stream): 256 tokens generated at
                       340.6 T/s · prompt 93 tokens, none cached, 93 new in 0.09
                       s · first token 0.10 s, total 0.85 s · draft 180/228
                       accepted (79%) · max_tokens reached
21:50:07.170 INFO:     #277 chat/completions (stream): 86 prompt tokens ·
                       temperature: 0, greedy (req), max_tokens: 256 (req),
                       min_tokens: 256 (req)
21:50:08.090 INFO:     #277 chat/completions (stream): 256 tokens generated at
                       328.1 T/s · prompt 86 tokens, none cached, 86 new in 0.13
                       s · first token 0.14 s, total 0.92 s · draft 177/237
                       accepted (75%) · max_tokens reached
21:50:08.092 INFO:     #278 chat/completions (stream): 87 prompt tokens ·
                       temperature: 0, greedy (req), max_tokens: 256 (req),
                       min_tokens: 256 (req)
21:50:09.115 INFO:     #278 chat/completions (stream): 256 tokens generated at
                       275.6 T/s · prompt 87 tokens, none cached, 87 new in 0.09
                       s · first token 0.10 s, total 1.02 s · draft 162/282
                       accepted (57%) · max_tokens reached
21:50:09.117 INFO:     #279 chat/completions (stream): 91 prompt tokens ·
                       temperature: 0, greedy (req), max_tokens: 256 (req),
                       min_tokens: 256 (req)
21:50:10.208 INFO:     #279 chat/completions (stream): 256 tokens generated at
                       256.6 T/s · prompt 91 tokens, none cached, 91 new in 0.09
                       s · first token 0.10 s, total 1.09 s · draft 156/300
                       accepted (52%) · max_tokens reached
21:50:10.212 INFO:     #280 chat/completions (stream): 849 prompt tokens ·
                       temperature: 0, greedy (req), max_tokens: 256 (req),
                       min_tokens: 256 (req)
21:50:11.329 INFO:     #280 chat/completions (stream): 256 tokens generated at
                       307.0 T/s · prompt 849 tokens, none cached, 849 new in
                       0.27 s (3,144 T/s) · first token 0.28 s, total 1.11 s ·
                       draft 173/249 accepted (69%) · max_tokens reached
21:50:11.331 INFO:     #281 chat/completions (stream): 82 prompt tokens ·
                       temperature: 0, greedy (req), max_tokens: 256 (req),
                       min_tokens: 256 (req)
21:50:12.349 INFO:     #281 chat/completions (stream): 256 tokens generated at
                       276.8 T/s · prompt 82 tokens, none cached, 82 new in 0.09
                       s · first token 0.10 s, total 1.02 s · draft 164/276
                       accepted (59%) · max_tokens reached
21:50:12.351 INFO:     #282 chat/completions (stream): 64 prompt tokens ·
                       temperature: 0, greedy (req), max_tokens: 256 (req),
                       min_tokens: 256 (req)
21:50:13.449 INFO:     #282 chat/completions (stream): 256 tokens generated at
                       251.4 T/s · prompt 64 tokens, none cached, 64 new in 0.07
                       s · first token 0.08 s, total 1.09 s · draft 154/306
                       accepted (50%) · max_tokens reached
21:50:13.452 INFO:     #283 chat/completions (stream): 117 prompt tokens ·
                       temperature: 0, greedy (req), max_tokens: 256 (req),
                       min_tokens: 256 (req)
21:50:14.288 INFO:     #283 chat/completions (stream): 256 tokens generated at
                       351.1 T/s · prompt 117 tokens, none cached, 117 new in
                       0.10 s · first token 0.11 s, total 0.83 s · draft 182/222
                       accepted (82%) · max_tokens reached
21:50:14.294 INFO:     #284 chat/completions (stream): 1,307 prompt tokens ·
                       temperature: 0, greedy (req), max_tokens: 256 (req),
                       min_tokens: 256 (req)
21:50:15.500 INFO:     #284 chat/completions (stream): 256 tokens generated at
                       284.1 T/s · prompt 1,307 tokens, none cached, 1,307 new
                       in 0.30 s (4,357 T/s) · first token 0.31 s, total 1.21 s
                       · draft 166/270 accepted (61%) · max_tokens reached
21:50:15.502 INFO:     #285 chat/completions (stream): 93 prompt tokens ·
                       temperature: 0, greedy (req), max_tokens: 256 (req),
                       min_tokens: 256 (req)
21:50:16.569 INFO:     #285 chat/completions (stream): 256 tokens generated at
                       263.2 T/s · prompt 93 tokens, none cached, 93 new in 0.09
                       s · first token 0.10 s, total 1.07 s · draft 157/297
                       accepted (53%) · max_tokens reached
21:50:16.571 INFO:     #286 chat/completions (stream): 108 prompt tokens ·
                       temperature: 0, greedy (req), max_tokens: 256 (req),
                       min_tokens: 256 (req)
21:50:17.558 INFO:     #286 chat/completions (stream): 256 tokens generated at
                       290.3 T/s · prompt 108 tokens, none cached, 108 new in
                       0.10 s · first token 0.11 s, total 0.99 s · draft 167/267
                       accepted (63%) · max_tokens reached
21:50:17.560 INFO:     #288 chat/completions (stream): 97 prompt tokens ·
                       temperature: 0, greedy (req), max_tokens: 256 (req),
                       min_tokens: 256 (req)
21:50:18.413 INFO:     #288 chat/completions (stream): 256 tokens generated at
                       338.3 T/s · prompt 97 tokens, none cached, 97 new in 0.09
                       s · first token 0.10 s, total 0.85 s · draft 179/231
                       accepted (77%) · max_tokens reached
21:50:18.418 INFO:     #289 chat/completions (stream): 752 prompt tokens ·
                       temperature: 0, greedy (req), max_tokens: 256 (req),
                       min_tokens: 256 (req)
21:50:19.609 INFO:     #289 chat/completions (stream): 256 tokens generated at
                       279.7 T/s · prompt 752 tokens, none cached, 752 new in
                       0.27 s (2,785 T/s) · first token 0.28 s, total 1.19 s ·
                       draft 165/273 accepted (60%) · max_tokens reached
21:50:19.613 INFO:     #290 chat/completions (stream): 772 prompt tokens ·
                       temperature: 0, greedy (req), max_tokens: 256 (req),
                       min_tokens: 256 (req)
21:50:20.669 INFO:     #290 chat/completions (stream): 256 tokens generated at
                       303.8 T/s · prompt 772 tokens, none cached, 772 new in
                       0.20 s (3,860 T/s) · first token 0.21 s, total 1.05 s ·
                       draft 171/255 accepted (67%) · max_tokens reached
21:50:20.672 INFO:     #291 chat/completions (stream): 84 prompt tokens ·
                       temperature: 0, greedy (req), max_tokens: 256 (req),
                       min_tokens: 256 (req)
21:50:21.783 INFO:     #291 chat/completions (stream): 256 tokens generated at
                       251.2 T/s · prompt 84 tokens, none cached, 84 new in 0.08
                       s · first token 0.09 s, total 1.10 s · draft 153/309
                       accepted (50%) · max_tokens reached
21:50:21.785 INFO:     #292 chat/completions (stream): 76 prompt tokens ·
                       temperature: 0, greedy (req), max_tokens: 256 (req),
                       min_tokens: 256 (req)
21:50:22.706 INFO:     #292 chat/completions (stream): 256 tokens generated at
                       307.0 T/s · prompt 76 tokens, none cached, 76 new in 0.08
                       s · first token 0.09 s, total 0.92 s · draft 172/252
                       accepted (68%) · max_tokens reached
21:50:22.711 INFO:     #293 chat/completions (stream): 881 prompt tokens ·
                       temperature: 0, greedy (req), max_tokens: 256 (req),
                       min_tokens: 256 (req)
21:50:23.909 INFO:     #293 chat/completions (stream): 256 tokens generated at
                       284.4 T/s · prompt 881 tokens, none cached, 881 new in
                       0.29 s (3,038 T/s) · first token 0.30 s, total 1.20 s ·
                       draft 166/270 accepted (61%) · max_tokens reached
21:50:23.911 INFO:     #294 chat/completions (stream): 78 prompt tokens ·
                       temperature: 0, greedy (req), max_tokens: 256 (req),
                       min_tokens: 256 (req)
21:50:24.874 INFO:     #294 chat/completions (stream): 256 tokens generated at
                       292.1 T/s · prompt 78 tokens, none cached, 78 new in 0.08
                       s · first token 0.09 s, total 0.96 s · draft 168/264
                       accepted (64%) · max_tokens reached
21:50:24.878 INFO:     #295 chat/completions (stream): 681 prompt tokens ·
                       temperature: 0, greedy (req), max_tokens: 256 (req),
                       min_tokens: 256 (req)
21:50:26.026 INFO:     #295 chat/completions (stream): 256 tokens generated at
                       287.1 T/s · prompt 681 tokens, none cached, 681 new in
                       0.25 s (2,724 T/s) · first token 0.26 s, total 1.15 s ·
                       draft 167/267 accepted (63%) · max_tokens reached
21:50:26.031 INFO:     #296 chat/completions (stream): 947 prompt tokens ·
                       temperature: 0, greedy (req), max_tokens: 256 (req),
                       min_tokens: 256 (req)
21:50:27.179 INFO:     #296 chat/completions (stream): 256 tokens generated at
                       302.5 T/s · prompt 947 tokens, none cached, 947 new in
                       0.29 s (3,266 T/s) · first token 0.30 s, total 1.14 s ·
                       draft 170/258 accepted (66%) · max_tokens reached
21:50:27.181 INFO:     #297 chat/completions (stream): 98 prompt tokens ·
                       temperature: 0, greedy (req), max_tokens: 256 (req),
                       min_tokens: 256 (req)
21:50:28.271 INFO:     #297 chat/completions (stream): 256 tokens generated at
                       259.1 T/s · prompt 98 tokens, none cached, 98 new in 0.09
                       s · first token 0.10 s, total 1.08 s · draft 156/300
                       accepted (52%) · max_tokens reached
21:50:28.273 INFO:     #298 chat/completions (stream): 96 prompt tokens ·
                       temperature: 0, greedy (req), max_tokens: 256 (req),
                       min_tokens: 256 (req)
21:50:29.359 INFO:     #298 chat/completions (stream): 256 tokens generated at
                       258.6 T/s · prompt 96 tokens, none cached, 96 new in 0.09
                       s · first token 0.10 s, total 1.09 s · draft 157/297
                       accepted (53%) · max_tokens reached
21:50:29.361 INFO:     #299 chat/completions (stream): 191 prompt tokens ·
                       temperature: 0, greedy (req), max_tokens: 256 (req),
                       min_tokens: 256 (req)
21:50:30.336 INFO:     #299 chat/completions (stream): 256 tokens generated at
                       295.5 T/s · prompt 191 tokens, none cached, 191 new in
                       0.10 s · first token 0.11 s, total 0.97 s · draft 170/258
                       accepted (66%) · max_tokens reached
21:50:30.338 INFO:     #300 chat/completions (stream): 166 prompt tokens ·
                       temperature: 0, greedy (req), max_tokens: 256 (req),
                       min_tokens: 256 (req)
21:50:31.225 INFO:     #300 chat/completions (stream): 256 tokens generated at
                       326.2 T/s · prompt 166 tokens, none cached, 166 new in
                       0.09 s · first token 0.10 s, total 0.88 s · draft 178/234
                       accepted (76%) · max_tokens reached
21:50:31.227 INFO:     #301 chat/completions (stream): 85 prompt tokens ·
                       temperature: 0, greedy (req), max_tokens: 256 (req),
                       min_tokens: 256 (req)
21:50:32.210 INFO:     #301 chat/completions (stream): 256 tokens generated at
                       287.9 T/s · prompt 85 tokens, none cached, 85 new in 0.09
                       s · first token 0.10 s, total 0.98 s · draft 166/270
                       accepted (61%) · max_tokens reached
21:50:32.212 INFO:     #303 chat/completions (stream): 62 prompt tokens ·
                       temperature: 0, greedy (req), max_tokens: 256 (req),
                       min_tokens: 256 (req)
21:50:33.093 INFO:     #303 chat/completions (stream): 256 tokens generated at
                       318.9 T/s · prompt 62 tokens, none cached, 62 new in 0.07
                       s · first token 0.08 s, total 0.88 s · draft 175/243
                       accepted (72%) · max_tokens reached
21:50:33.097 INFO:     #304 chat/completions (stream): 775 prompt tokens ·
                       temperature: 0, greedy (req), max_tokens: 256 (req),
                       min_tokens: 256 (req)
21:50:34.168 INFO:     #304 chat/completions (stream): 256 tokens generated at
                       296.5 T/s · prompt 775 tokens, none cached, 775 new in
                       0.20 s (3,875 T/s) · first token 0.21 s, total 1.07 s ·
                       draft 169/261 accepted (65%) · max_tokens reached
21:50:34.170 INFO:     #305 chat/completions (stream): 63 prompt tokens ·
                       temperature: 0, greedy (req), max_tokens: 256 (req),
                       min_tokens: 256 (req)
21:50:35.281 INFO:     #305 chat/completions (stream): 256 tokens generated at
                       250.4 T/s · prompt 63 tokens, none cached, 63 new in 0.08
                       s · first token 0.09 s, total 1.11 s · draft 152/312
                       accepted (49%) · max_tokens reached
21:50:35.283 INFO:     #306 chat/completions (stream): 97 prompt tokens ·
                       temperature: 0, greedy (req), max_tokens: 256 (req),
                       min_tokens: 256 (req)
21:50:36.248 INFO:     #306 chat/completions (stream): 256 tokens generated at
                       295.6 T/s · prompt 97 tokens, none cached, 97 new in 0.09
                       s · first token 0.10 s, total 0.96 s · draft 169/261
                       accepted (65%) · max_tokens reached
21:50:36.251 INFO:     #307 chat/completions (stream): 65 prompt tokens ·
                       temperature: 0, greedy (req), max_tokens: 256 (req),
                       min_tokens: 256 (req)
21:50:37.201 INFO:     #307 chat/completions (stream): 256 tokens generated at
                       293.7 T/s · prompt 65 tokens, none cached, 65 new in 0.07
                       s · first token 0.08 s, total 0.95 s · draft 167/267
                       accepted (63%) · max_tokens reached
21:50:37.203 INFO:     #308 chat/completions (stream): 61 prompt tokens ·
                       temperature: 0, greedy (req), max_tokens: 256 (req),
                       min_tokens: 256 (req)
21:50:38.381 INFO:     #308 chat/completions (stream): 256 tokens generated at
                       232.6 T/s · prompt 61 tokens, none cached, 61 new in 0.07
                       s · first token 0.08 s, total 1.18 s · draft 144/336
                       accepted (43%) · max_tokens reached
21:50:38.385 INFO:     #309 chat/completions (stream): 797 prompt tokens ·
                       temperature: 0, greedy (req), max_tokens: 256 (req),
                       min_tokens: 256 (req)
21:50:39.380 INFO:     #309 chat/completions (stream): 256 tokens generated at
                       329.2 T/s · prompt 797 tokens, none cached, 797 new in
                       0.21 s (3,795 T/s) · first token 0.22 s, total 0.99 s ·
                       draft 178/234 accepted (76%) · max_tokens reached
21:50:39.384 INFO:     #310 chat/completions (stream): 822 prompt tokens ·
                       temperature: 0, greedy (req), max_tokens: 256 (req),
                       min_tokens: 256 (req)
21:50:40.599 INFO:     #310 chat/completions (stream): 256 tokens generated at
                       272.5 T/s · prompt 822 tokens, none cached, 822 new in
                       0.27 s (3,044 T/s) · first token 0.28 s, total 1.22 s ·
                       draft 161/285 accepted (56%) · max_tokens reached
21:50:40.602 INFO:     #311 chat/completions (stream): 63 prompt tokens ·
                       temperature: 0, greedy (req), max_tokens: 256 (req),
                       min_tokens: 256 (req)
21:50:41.505 INFO:     #311 chat/completions (stream): 256 tokens generated at
                       310.7 T/s · prompt 63 tokens, none cached, 63 new in 0.07
                       s · first token 0.08 s, total 0.90 s · draft 173/249
                       accepted (69%) · max_tokens reached
21:50:41.507 INFO:     #312 chat/completions (stream): 94 prompt tokens ·
                       temperature: 0, greedy (req), max_tokens: 256 (req),
                       min_tokens: 256 (req)
21:50:42.576 INFO:     #312 chat/completions (stream): 256 tokens generated at
                       263.2 T/s · prompt 94 tokens, none cached, 94 new in 0.09
                       s · first token 0.10 s, total 1.07 s · draft 157/297
                       accepted (53%) · max_tokens reached
21:50:42.578 INFO:     #313 chat/completions (stream): 104 prompt tokens ·
                       temperature: 0, greedy (req), max_tokens: 256 (req),
                       min_tokens: 256 (req)
21:50:43.605 INFO:     #313 chat/completions (stream): 256 tokens generated at
                       277.0 T/s · prompt 104 tokens, none cached, 104 new in
                       0.09 s · first token 0.10 s, total 1.02 s · draft 167/267
                       accepted (63%) · max_tokens reached
21:50:43.609 INFO:     #314 chat/completions (stream): 470 prompt tokens ·
                       temperature: 0, greedy (req), max_tokens: 256 (req),
                       min_tokens: 256 (req)
21:50:44.684 INFO:     #314 chat/completions (stream): 256 tokens generated at
                       307.2 T/s · prompt 470 tokens, none cached, 470 new in
                       0.23 s (2,043 T/s) · first token 0.24 s, total 1.07 s ·
                       draft 173/249 accepted (69%) · max_tokens reached
21:50:44.688 INFO:     #315 chat/completions (stream): 957 prompt tokens ·
                       temperature: 0, greedy (req), max_tokens: 256 (req),
                       min_tokens: 256 (req)
21:50:45.886 INFO:     #315 chat/completions (stream): 256 tokens generated at
                       285.3 T/s · prompt 957 tokens, none cached, 957 new in
                       0.29 s (3,300 T/s) · first token 0.30 s, total 1.19 s ·
                       draft 166/270 accepted (61%) · max_tokens reached
21:50:45.888 INFO:     #316 chat/completions (stream): 90 prompt tokens ·
                       temperature: 0, greedy (req), max_tokens: 256 (req),
                       min_tokens: 256 (req)
21:50:46.785 INFO:     #316 chat/completions (stream): 256 tokens generated at
                       319.0 T/s · prompt 90 tokens, none cached, 90 new in 0.09
                       s · first token 0.10 s, total 0.90 s · draft 174/246
                       accepted (71%) · max_tokens reached
21:50:46.787 INFO:     #317 chat/completions (stream): 72 prompt tokens ·
                       temperature: 0, greedy (req), max_tokens: 256 (req),
                       min_tokens: 256 (req)
21:50:47.602 INFO:     #317 chat/completions (stream): 256 tokens generated at
                       350.9 T/s · prompt 72 tokens, none cached, 72 new in 0.08
                       s · first token 0.09 s, total 0.82 s · draft 184/216
                       accepted (85%) · max_tokens reached
21:50:47.606 INFO:     #319 chat/completions (stream): 748 prompt tokens ·
                       temperature: 0, greedy (req), max_tokens: 256 (req),
                       min_tokens: 256 (req)
21:50:48.699 INFO:     #319 chat/completions (stream): 256 tokens generated at
                       313.0 T/s · prompt 748 tokens, none cached, 748 new in
                       0.26 s (2,877 T/s) · first token 0.27 s, total 1.08 s ·
                       draft 175/243 accepted (72%) · max_tokens reached
21:50:48.701 INFO:     #320 chat/completions (stream): 135 prompt tokens ·
                       temperature: 0, greedy (req), max_tokens: 256 (req),
                       min_tokens: 256 (req)
21:50:49.550 INFO:     #320 chat/completions (stream): 256 tokens generated at
                       350.1 T/s · prompt 135 tokens, none cached, 135 new in
                       0.11 s · first token 0.12 s, total 0.85 s · draft 183/219
                       accepted (84%) · max_tokens reached
21:50:49.552 INFO:     #321 chat/completions (stream): 109 prompt tokens ·
                       temperature: 0, greedy (req), max_tokens: 256 (req),
                       min_tokens: 256 (req)
21:50:50.366 INFO:     #321 chat/completions (stream): 256 tokens generated at
                       359.2 T/s · prompt 109 tokens, none cached, 109 new in
                       0.09 s · first token 0.10 s, total 0.81 s · draft 183/219
                       accepted (84%) · max_tokens reached
21:50:50.370 INFO:     #322 chat/completions (stream): 748 prompt tokens ·
                       temperature: 0, greedy (req), max_tokens: 256 (req),
                       min_tokens: 256 (req)
21:50:51.439 INFO:     #322 chat/completions (stream): 256 tokens generated at
                       322.5 T/s · prompt 748 tokens, none cached, 748 new in
                       0.26 s (2,877 T/s) · first token 0.27 s, total 1.06 s ·
                       draft 176/240 accepted (73%) · max_tokens reached
21:50:51.444 INFO:     #323 chat/completions (stream): 1,170 prompt tokens ·
                       temperature: 0, greedy (req), max_tokens: 256 (req),
                       min_tokens: 256 (req)
21:50:52.758 INFO:     #323 chat/completions (stream): 256 tokens generated at
                       257.9 T/s · prompt 1,170 tokens, none cached, 1,170 new
                       in 0.31 s (3,774 T/s) · first token 0.32 s, total 1.31 s
                       · draft 156/300 accepted (52%) · max_tokens reached
21:50:52.763 INFO:     #324 chat/completions (stream): 832 prompt tokens ·
                       temperature: 0, greedy (req), max_tokens: 256 (req),
                       min_tokens: 256 (req)
21:50:53.883 INFO:     #324 chat/completions (stream): 256 tokens generated at
                       302.6 T/s · prompt 832 tokens, none cached, 832 new in
                       0.26 s (3,200 T/s) · first token 0.27 s, total 1.11 s ·
                       draft 171/255 accepted (67%) · max_tokens reached
21:50:53.886 INFO:     #325 chat/completions (stream): 64 prompt tokens ·
                       temperature: 0, greedy (req), max_tokens: 256 (req),
                       min_tokens: 256 (req)
21:50:54.984 INFO:     #325 chat/completions (stream): 256 tokens generated at
                       251.4 T/s · prompt 64 tokens, none cached, 64 new in 0.07
                       s · first token 0.08 s, total 1.09 s · draft 154/306
                       accepted (50%) · max_tokens reached
21:50:54.986 INFO:     #326 chat/completions (stream): 103 prompt tokens ·
                       temperature: 0, greedy (req), max_tokens: 256 (req),
                       min_tokens: 256 (req)
21:50:55.980 INFO:     #326 chat/completions (stream): 256 tokens generated at
                       287.5 T/s · prompt 103 tokens, none cached, 103 new in
                       0.10 s · first token 0.11 s, total 1.00 s · draft 165/273
                       accepted (60%) · max_tokens reached
21:50:55.983 INFO:     #327 chat/completions (stream): 101 prompt tokens ·
                       temperature: 0, greedy (req), max_tokens: 256 (req),
                       min_tokens: 256 (req)
21:50:56.998 INFO:     #327 chat/completions (stream): 256 tokens generated at
                       280.3 T/s · prompt 101 tokens, none cached, 101 new in
                       0.10 s · first token 0.11 s, total 1.02 s · draft 165/273
                       accepted (60%) · max_tokens reached
21:50:57.001 INFO:     #328 chat/completions (stream): 63 prompt tokens ·
                       temperature: 0, greedy (req), max_tokens: 256 (req),
                       min_tokens: 256 (req)
21:50:57.936 INFO:     #328 chat/completions (stream): 256 tokens generated at
                       298.8 T/s · prompt 63 tokens, none cached, 63 new in 0.07
                       s · first token 0.08 s, total 0.93 s · draft 170/258
                       accepted (66%) · max_tokens reached
21:50:57.938 INFO:     #329 chat/completions (stream): 63 prompt tokens ·
                       temperature: 0, greedy (req), max_tokens: 256 (req),
                       min_tokens: 256 (req)
21:50:58.931 INFO:     #329 chat/completions (stream): 256 tokens generated at
                       279.8 T/s · prompt 63 tokens, none cached, 63 new in 0.07
                       s · first token 0.08 s, total 0.99 s · draft 164/276
                       accepted (59%) · max_tokens reached
21:50:58.934 INFO:     #330 chat/completions (stream): 155 prompt tokens ·
                       temperature: 0, greedy (req), max_tokens: 256 (req),
                       min_tokens: 256 (req)
21:50:59.842 INFO:     #330 chat/completions (stream): 256 tokens generated at
                       317.5 T/s · prompt 155 tokens, none cached, 155 new in
                       0.09 s · first token 0.10 s, total 0.90 s · draft 175/243
                       accepted (72%) · max_tokens reached
21:50:59.844 INFO:     #331 chat/completions (stream): 71 prompt tokens ·
                       temperature: 0, greedy (req), max_tokens: 256 (req),
                       min_tokens: 256 (req)
21:51:00.953 INFO:     #331 chat/completions (stream): 256 tokens generated at
                       250.3 T/s · prompt 71 tokens, none cached, 71 new in 0.08
                       s · first token 0.09 s, total 1.11 s · draft 153/309
                       accepted (50%) · max_tokens reached
21:51:00.955 INFO:     #332 chat/completions (stream): 102 prompt tokens ·
                       temperature: 0, greedy (req), max_tokens: 256 (req),
                       min_tokens: 256 (req)
21:51:02.182 INFO:     #332 chat/completions (stream): 256 tokens generated at
                       227.3 T/s · prompt 102 tokens, none cached, 102 new in
                       0.09 s · first token 0.10 s, total 1.22 s · draft 143/339
                       accepted (42%) · max_tokens reached
21:51:02.185 INFO:     #334 chat/completions (stream): 91 prompt tokens ·
                       temperature: 0, greedy (req), max_tokens: 256 (req),
                       min_tokens: 256 (req)
21:51:03.180 INFO:     #334 chat/completions (stream): 256 tokens generated at
                       284.6 T/s · prompt 91 tokens, none cached, 91 new in 0.09
                       s · first token 0.10 s, total 1.00 s · draft 165/273
                       accepted (60%) · max_tokens reached
21:51:03.184 INFO:     #335 chat/completions (stream): 788 prompt tokens ·
                       temperature: 0, greedy (req), max_tokens: 256 (req),
                       min_tokens: 256 (req)
21:51:04.292 INFO:     #335 chat/completions (stream): 256 tokens generated at
                       288.5 T/s · prompt 788 tokens, none cached, 788 new in
                       0.21 s (3,752 T/s) · first token 0.22 s, total 1.10 s ·
                       draft 167/267 accepted (63%) · max_tokens reached
21:51:04.296 INFO:     #336 chat/completions (stream): 809 prompt tokens ·
                       temperature: 0, greedy (req), max_tokens: 256 (req),
                       min_tokens: 256 (req)
21:51:05.648 INFO:     #336 chat/completions (stream): 256 tokens generated at
                       241.9 T/s · prompt 809 tokens, none cached, 809 new in
                       0.28 s (2,889 T/s) · first token 0.29 s, total 1.34 s ·
                       draft 149/321 accepted (46%) · max_tokens reached
21:51:05.650 INFO:     #337 chat/completions (stream): 106 prompt tokens ·
                       temperature: 0, greedy (req), max_tokens: 256 (req),
                       min_tokens: 256 (req)
21:51:06.489 INFO:     #337 chat/completions (stream): 256 tokens generated at
                       348.2 T/s · prompt 106 tokens, none cached, 106 new in
                       0.09 s · first token 0.10 s, total 0.83 s · draft 182/222
                       accepted (82%) · max_tokens reached
21:51:06.491 INFO:     #338 chat/completions (stream): 87 prompt tokens ·
                       temperature: 0, greedy (req), max_tokens: 256 (req),
                       min_tokens: 256 (req)
21:51:07.403 INFO:     #338 chat/completions (stream): 256 tokens generated at
                       313.2 T/s · prompt 87 tokens, none cached, 87 new in 0.09
                       s · first token 0.10 s, total 0.91 s · draft 174/246
                       accepted (71%) · max_tokens reached
21:51:07.405 INFO:     #339 chat/completions (stream): 95 prompt tokens ·
                       temperature: 0, greedy (req), max_tokens: 256 (req),
                       min_tokens: 256 (req)
21:51:08.406 INFO:     #339 chat/completions (stream): 256 tokens generated at
                       282.9 T/s · prompt 95 tokens, none cached, 95 new in 0.09
                       s · first token 0.10 s, total 1.00 s · draft 166/270
                       accepted (61%) · max_tokens reached
21:51:08.408 INFO:     #340 chat/completions (stream): 133 prompt tokens ·
                       temperature: 0, greedy (req), max_tokens: 256 (req),
                       min_tokens: 256 (req)
21:51:09.353 INFO:     #340 chat/completions (stream): 256 tokens generated at
                       309.0 T/s · prompt 133 tokens, none cached, 133 new in
                       0.11 s · first token 0.12 s, total 0.94 s · draft 173/249
                       accepted (69%) · max_tokens reached
21:51:09.355 INFO:     #341 chat/completions (stream): 125 prompt tokens ·
                       temperature: 0, greedy (req), max_tokens: 256 (req),
                       min_tokens: 256 (req)
21:51:10.238 INFO:     #341 chat/completions (stream): 256 tokens generated at
                       330.1 T/s · prompt 125 tokens, none cached, 125 new in
                       0.10 s · first token 0.11 s, total 0.88 s · draft 179/231
                       accepted (77%) · max_tokens reached
21:51:10.240 INFO:     #342 chat/completions (stream): 92 prompt tokens ·
                       temperature: 0, greedy (req), max_tokens: 256 (req),
                       min_tokens: 256 (req)
21:51:11.078 INFO:     #342 chat/completions (stream): 256 tokens generated at
                       345.4 T/s · prompt 92 tokens, none cached, 92 new in 0.09
                       s · first token 0.10 s, total 0.84 s · draft 181/225
                       accepted (80%) · max_tokens reached
21:51:11.080 INFO:     #343 chat/completions (stream): 143 prompt tokens ·
                       temperature: 0, greedy (req), max_tokens: 256 (req),
                       min_tokens: 256 (req)
21:51:12.134 INFO:     #343 chat/completions (stream): 256 tokens generated at
                       272.2 T/s · prompt 143 tokens, none cached, 143 new in
                       0.11 s · first token 0.12 s, total 1.06 s · draft 161/285
                       accepted (56%) · max_tokens reached
21:51:12.138 INFO:     #344 chat/completions (stream): 832 prompt tokens ·
                       temperature: 0, greedy (req), max_tokens: 256 (req),
                       min_tokens: 256 (req)
21:51:13.409 INFO:     #344 chat/completions (stream): 256 tokens generated at
                       264.0 T/s · prompt 832 tokens, none cached, 832 new in
                       0.29 s (2,869 T/s) · first token 0.30 s, total 1.27 s ·
                       draft 159/291 accepted (55%) · max_tokens reached
21:51:13.417 INFO:     #345 chat/completions (stream): 91 prompt tokens ·
                       temperature: 0, greedy (req), max_tokens: 256 (req),
                       min_tokens: 256 (req)
21:51:14.223 INFO:     #345 chat/completions (stream): 256 tokens generated at
                       360.2 T/s · prompt 91 tokens, none cached, 91 new in 0.09
                       s · first token 0.10 s, total 0.81 s · draft 184/216
                       accepted (85%) · max_tokens reached
21:51:14.225 INFO:     #346 chat/completions (stream): 62 prompt tokens ·
                       temperature: 0, greedy (req), max_tokens: 256 (req),
                       min_tokens: 256 (req)
21:51:15.316 INFO:     #346 chat/completions (stream): 256 tokens generated at
                       253.3 T/s · prompt 62 tokens, none cached, 62 new in 0.07
                       s · first token 0.08 s, total 1.09 s · draft 154/306
                       accepted (50%) · max_tokens reached
21:51:15.318 INFO:     #347 chat/completions (stream): 62 prompt tokens ·
                       temperature: 0, greedy (req), max_tokens: 256 (req),
                       min_tokens: 256 (req)
21:51:16.406 INFO:     #347 chat/completions (stream): 256 tokens generated at
                       253.3 T/s · prompt 62 tokens, none cached, 62 new in 0.07
                       s · first token 0.08 s, total 1.09 s · draft 155/303
                       accepted (51%) · max_tokens reached
21:51:16.409 INFO:     #348 chat/completions (stream): 71 prompt tokens ·
                       temperature: 0, greedy (req), max_tokens: 256 (req),
                       min_tokens: 256 (req)
21:51:17.328 INFO:     #348 chat/completions (stream): 256 tokens generated at
                       306.8 T/s · prompt 71 tokens, none cached, 71 new in 0.08
                       s · first token 0.09 s, total 0.92 s · draft 172/252
                       accepted (68%) · max_tokens reached
21:51:17.330 INFO:     #350 chat/completions (stream): 93 prompt tokens ·
                       temperature: 0, greedy (req), max_tokens: 256 (req),
                       min_tokens: 256 (req)
21:51:18.137 INFO:     #350 chat/completions (stream): 256 tokens generated at
                       360.0 T/s · prompt 93 tokens, none cached, 93 new in 0.09
                       s · first token 0.10 s, total 0.81 s · draft 184/216
                       accepted (85%) · max_tokens reached
21:51:18.140 INFO:     #351 chat/completions (stream): 74 prompt tokens ·
                       temperature: 0, greedy (req), max_tokens: 256 (req),
                       min_tokens: 256 (req)
21:51:19.237 INFO:     #351 chat/completions (stream): 256 tokens generated at
                       253.4 T/s · prompt 74 tokens, none cached, 74 new in 0.08
                       s · first token 0.09 s, total 1.10 s · draft 155/303
                       accepted (51%) · max_tokens reached
21:51:19.242 INFO:     #352 chat/completions (stream): 892 prompt tokens ·
                       temperature: 0, greedy (req), max_tokens: 256 (req),
                       min_tokens: 256 (req)
21:51:20.364 INFO:     #352 chat/completions (stream): 256 tokens generated at
                       310.2 T/s · prompt 892 tokens, none cached, 892 new in
                       0.29 s (3,076 T/s) · first token 0.30 s, total 1.12 s ·
                       draft 173/249 accepted (69%) · max_tokens reached
21:51:20.368 INFO:     #353 chat/completions (stream): 726 prompt tokens ·
                       temperature: 0, greedy (req), max_tokens: 256 (req),
                       min_tokens: 256 (req)
21:51:21.564 INFO:     #353 chat/completions (stream): 256 tokens generated at
                       275.9 T/s · prompt 726 tokens, none cached, 726 new in
                       0.26 s (2,792 T/s) · first token 0.27 s, total 1.19 s ·
                       draft 163/279 accepted (58%) · max_tokens reached
21:51:21.567 INFO:     #354 chat/completions (stream): 433 prompt tokens ·
                       temperature: 0, greedy (req), max_tokens: 256 (req),
                       min_tokens: 256 (req)
21:51:22.658 INFO:     #354 chat/completions (stream): 256 tokens generated at
                       299.8 T/s · prompt 433 tokens, none cached, 433 new in
                       0.23 s (1,883 T/s) · first token 0.24 s, total 1.09 s ·
                       draft 171/255 accepted (67%) · max_tokens reached
21:51:22.660 INFO:     #355 chat/completions (stream): 116 prompt tokens ·
                       temperature: 0, greedy (req), max_tokens: 256 (req),
                       min_tokens: 256 (req)
21:51:23.496 INFO:     #355 chat/completions (stream): 256 tokens generated at
                       351.2 T/s · prompt 116 tokens, none cached, 116 new in
                       0.10 s · first token 0.11 s, total 0.83 s · draft 183/219
                       accepted (84%) · max_tokens reached
21:51:23.498 INFO:     #356 chat/completions (stream): 81 prompt tokens ·
                       temperature: 0, greedy (req), max_tokens: 256 (req),
                       min_tokens: 256 (req)
21:51:24.440 INFO:     #356 chat/completions (stream): 256 tokens generated at
                       300.7 T/s · prompt 81 tokens, none cached, 81 new in 0.08
                       s · first token 0.09 s, total 0.94 s · draft 170/258
                       accepted (66%) · max_tokens reached
21:51:24.443 INFO:     #357 chat/completions (stream): 634 prompt tokens ·
                       temperature: 0, greedy (req), max_tokens: 256 (req),
                       min_tokens: 256 (req)
21:51:25.600 INFO:     #357 chat/completions (stream): 256 tokens generated at
                       285.6 T/s · prompt 634 tokens, none cached, 634 new in
                       0.25 s (2,536 T/s) · first token 0.26 s, total 1.15 s ·
                       draft 166/270 accepted (61%) · max_tokens reached
21:51:25.603 INFO:     #358 chat/completions (stream): 71 prompt tokens ·
                       temperature: 0, greedy (req), max_tokens: 256 (req),
                       min_tokens: 256 (req)
21:51:26.545 INFO:     #358 chat/completions (stream): 256 tokens generated at
                       299.0 T/s · prompt 71 tokens, none cached, 71 new in 0.08
                       s · first token 0.09 s, total 0.94 s · draft 170/258
                       accepted (66%) · max_tokens reached
21:51:26.548 INFO:     #359 chat/completions (stream): 100 prompt tokens ·
                       temperature: 0, greedy (req), max_tokens: 256 (req),
                       min_tokens: 256 (req)
21:51:27.439 INFO:     #359 chat/completions (stream): 256 tokens generated at
                       324.2 T/s · prompt 100 tokens, none cached, 100 new in
                       0.09 s · first token 0.10 s, total 0.89 s · draft 176/240
                       accepted (73%) · max_tokens reached
21:51:27.441 INFO:     #360 chat/completions (stream): 96 prompt tokens ·
                       temperature: 0, greedy (req), max_tokens: 256 (req),
                       min_tokens: 256 (req)
21:51:28.423 INFO:     #360 chat/completions (stream): 256 tokens generated at
                       289.7 T/s · prompt 96 tokens, none cached, 96 new in 0.09
                       s · first token 0.10 s, total 0.98 s · draft 167/267
                       accepted (63%) · max_tokens reached
21:51:28.425 INFO:     #361 chat/completions (stream): 93 prompt tokens ·
                       temperature: 0, greedy (req), max_tokens: 256 (req),
                       min_tokens: 256 (req)
21:51:29.497 INFO:     #361 chat/completions (stream): 256 tokens generated at
                       262.1 T/s · prompt 93 tokens, none cached, 93 new in 0.09
                       s · first token 0.10 s, total 1.07 s · draft 158/294
                       accepted (54%) · max_tokens reached
21:51:29.501 INFO:     #362 chat/completions (stream): 804 prompt tokens ·
                       temperature: 0, greedy (req), max_tokens: 256 (req),
                       min_tokens: 256 (req)
21:51:30.663 INFO:     #362 chat/completions (stream): 256 tokens generated at
                       284.7 T/s · prompt 804 tokens, none cached, 804 new in
                       0.25 s (3,216 T/s) · first token 0.26 s, total 1.15 s ·
                       draft 166/270 accepted (61%) · max_tokens reached
21:51:30.667 INFO:     #363 chat/completions (stream): 745 prompt tokens ·
                       temperature: 0, greedy (req), max_tokens: 256 (req),
                       min_tokens: 256 (req)
21:51:31.681 INFO:     #363 chat/completions (stream): 256 tokens generated at
                       345.8 T/s · prompt 745 tokens, none cached, 745 new in
                       0.26 s (2,865 T/s) · first token 0.27 s, total 1.01 s ·
                       draft 182/222 accepted (82%) · max_tokens reached
21:51:31.685 INFO:     #364 chat/completions (stream): 740 prompt tokens ·
                       temperature: 0, greedy (req), max_tokens: 256 (req),
                       min_tokens: 256 (req)
21:51:32.899 INFO:     #364 chat/completions (stream): 256 tokens generated at
                       271.9 T/s · prompt 740 tokens, none cached, 740 new in
                       0.26 s (2,846 T/s) · first token 0.27 s, total 1.21 s ·
                       draft 162/282 accepted (57%) · max_tokens reached
21:51:32.901 INFO:     #366 chat/completions (stream): 93 prompt tokens ·
                       temperature: 0, greedy (req), max_tokens: 256 (req),
                       min_tokens: 256 (req)
21:51:33.765 INFO:     #366 chat/completions (stream): 256 tokens generated at
                       333.3 T/s · prompt 93 tokens, none cached, 93 new in 0.09
                       s · first token 0.10 s, total 0.86 s · draft 178/234
                       accepted (76%) · max_tokens reached
21:51:33.767 INFO:     #367 chat/completions (stream): 108 prompt tokens ·
                       temperature: 0, greedy (req), max_tokens: 256 (req),
                       min_tokens: 256 (req)
21:51:34.636 INFO:     #367 chat/completions (stream): 256 tokens generated at
                       335.2 T/s · prompt 108 tokens, none cached, 108 new in
                       0.10 s · first token 0.11 s, total 0.87 s · draft 180/228
                       accepted (79%) · max_tokens reached
21:51:34.638 INFO:     #368 chat/completions (stream): 63 prompt tokens ·
                       temperature: 0, greedy (req), max_tokens: 256 (req),
                       min_tokens: 256 (req)
21:51:35.819 INFO:     #368 chat/completions (stream): 256 tokens generated at
                       232.4 T/s · prompt 63 tokens, none cached, 63 new in 0.07
                       s · first token 0.08 s, total 1.18 s · draft 145/333
                       accepted (44%) · max_tokens reached
21:51:35.821 INFO:     #369 chat/completions (stream): 395 prompt tokens ·
                       temperature: 0, greedy (req), max_tokens: 256 (req),
                       min_tokens: 256 (req)
21:51:36.788 INFO:     #369 chat/completions (stream): 256 tokens generated at
                       347.4 T/s · prompt 395 tokens, none cached, 395 new in
                       0.22 s (1,795 T/s) · first token 0.23 s, total 0.96 s ·
                       draft 182/222 accepted (82%) · max_tokens reached
21:51:36.792 INFO:     #370 chat/completions (stream): 692 prompt tokens ·
                       temperature: 0, greedy (req), max_tokens: 256 (req),
                       min_tokens: 256 (req)
21:51:38.019 INFO:     #370 chat/completions (stream): 256 tokens generated at
                       264.4 T/s · prompt 692 tokens, none cached, 692 new in
                       0.25 s (2,768 T/s) · first token 0.26 s, total 1.22 s ·
                       draft 159/291 accepted (55%) · max_tokens reached
21:51:38.023 INFO:     #371 chat/completions (stream): 714 prompt tokens ·
                       temperature: 0, greedy (req), max_tokens: 256 (req),
                       min_tokens: 256 (req)
21:51:39.120 INFO:     #371 chat/completions (stream): 256 tokens generated at
                       324.3 T/s · prompt 714 tokens, none cached, 714 new in
                       0.30 s (2,380 T/s) · first token 0.31 s, total 1.10 s ·
                       draft 176/240 accepted (73%) · max_tokens reached
21:51:39.123 INFO:     #372 chat/completions (stream): 79 prompt tokens ·
                       temperature: 0, greedy (req), max_tokens: 256 (req),
                       min_tokens: 256 (req)
21:51:40.230 INFO:     #372 chat/completions (stream): 256 tokens generated at
                       250.9 T/s · prompt 79 tokens, none cached, 79 new in 0.08
                       s · first token 0.09 s, total 1.11 s · draft 153/309
                       accepted (50%) · max_tokens reached
21:51:40.234 INFO:     #373 chat/completions (stream): 587 prompt tokens ·
                       temperature: 0, greedy (req), max_tokens: 256 (req),
                       min_tokens: 256 (req)
21:51:41.419 INFO:     #373 chat/completions (stream): 256 tokens generated at
                       272.3 T/s · prompt 587 tokens, none cached, 587 new in
                       0.23 s (2,552 T/s) · first token 0.24 s, total 1.18 s ·
                       draft 162/282 accepted (57%) · max_tokens reached
21:51:41.421 INFO:     #374 chat/completions (stream): 120 prompt tokens ·
                       temperature: 0, greedy (req), max_tokens: 256 (req),
                       min_tokens: 256 (req)
21:51:42.221 INFO:     #374 chat/completions (stream): 256 tokens generated at
                       370.5 T/s · prompt 120 tokens, none cached, 120 new in
                       0.10 s · first token 0.11 s, total 0.80 s · draft 186/210
                       accepted (89%) · max_tokens reached
21:51:42.223 INFO:     #375 chat/completions (stream): 111 prompt tokens ·
                       temperature: 0, greedy (req), max_tokens: 256 (req),
                       min_tokens: 256 (req)
21:51:43.081 INFO:     #375 chat/completions (stream): 256 tokens generated at
                       340.5 T/s · prompt 111 tokens, none cached, 111 new in
                       0.10 s · first token 0.11 s, total 0.86 s · draft 181/225
                       accepted (80%) · max_tokens reached
21:51:43.086 INFO:     #376 chat/completions (stream): 894 prompt tokens ·
                       temperature: 0, greedy (req), max_tokens: 256 (req),
                       min_tokens: 256 (req)
21:51:44.128 INFO:     #376 chat/completions (stream): 256 tokens generated at
                       350.0 T/s · prompt 894 tokens, none cached, 894 new in
                       0.30 s (2,980 T/s) · first token 0.31 s, total 1.04 s ·
                       draft 183/219 accepted (84%) · max_tokens reached
21:51:44.133 INFO:     #377 chat/completions (stream): 1,157 prompt tokens ·
                       temperature: 0, greedy (req), max_tokens: 256 (req),
                       min_tokens: 256 (req)
21:51:45.395 INFO:     #377 chat/completions (stream): 256 tokens generated at
                       287.9 T/s · prompt 1,157 tokens, none cached, 1,157 new
                       in 0.36 s (3,214 T/s) · first token 0.37 s, total 1.25 s
                       · draft 167/267 accepted (63%) · max_tokens reached
21:51:45.397 INFO:     #378 chat/completions (stream): 93 prompt tokens ·
                       temperature: 0, greedy (req), max_tokens: 256 (req),
                       min_tokens: 256 (req)
21:51:46.351 INFO:     #378 chat/completions (stream): 256 tokens generated at
                       299.4 T/s · prompt 93 tokens, none cached, 93 new in 0.09
                       s · first token 0.10 s, total 0.95 s · draft 170/258
                       accepted (66%) · max_tokens reached
21:51:46.353 INFO:     #379 chat/completions (stream): 61 prompt tokens ·
                       temperature: 0, greedy (req), max_tokens: 256 (req),
                       min_tokens: 256 (req)
21:51:47.310 INFO:     #379 chat/completions (stream): 256 tokens generated at
                       291.0 T/s · prompt 61 tokens, none cached, 61 new in 0.07
                       s · first token 0.08 s, total 0.96 s · draft 167/267
                       accepted (63%) · max_tokens reached
21:51:47.316 INFO:     #381 chat/completions (stream): 1,540 prompt tokens ·
                       temperature: 0, greedy (req), max_tokens: 256 (req),
                       min_tokens: 256 (req)
21:51:48.652 INFO:     #381 chat/completions (stream): 256 tokens generated at
                       248.6 T/s · prompt 1,540 tokens, none cached, 1,540 new
                       in 0.30 s (5,133 T/s) · first token 0.31 s, total 1.34 s
                       · draft 153/309 accepted (50%) · max_tokens reached
21:51:48.654 INFO:     #382 chat/completions (stream): 64 prompt tokens ·
                       temperature: 0, greedy (req), max_tokens: 256 (req),
                       min_tokens: 256 (req)
21:51:49.579 INFO:     #382 chat/completions (stream): 256 tokens generated at
                       303.1 T/s · prompt 64 tokens, none cached, 64 new in 0.07
                       s · first token 0.08 s, total 0.92 s · draft 171/255
                       accepted (67%) · max_tokens reached
21:51:49.582 INFO:     #383 chat/completions (stream): 123 prompt tokens ·
                       temperature: 0, greedy (req), max_tokens: 256 (req),
                       min_tokens: 256 (req)
21:51:50.478 INFO:     #383 chat/completions (stream): 256 tokens generated at
                       324.9 T/s · prompt 123 tokens, none cached, 123 new in
                       0.10 s · first token 0.11 s, total 0.89 s · draft 176/240
                       accepted (73%) · max_tokens reached
21:51:50.480 INFO:     #384 chat/completions (stream): 72 prompt tokens ·
                       temperature: 0, greedy (req), max_tokens: 256 (req),
                       min_tokens: 256 (req)
21:51:51.486 INFO:     #384 chat/completions (stream): 256 tokens generated at
                       278.6 T/s · prompt 72 tokens, none cached, 72 new in 0.08
                       s · first token 0.09 s, total 1.00 s · draft 163/279
                       accepted (58%) · max_tokens reached
21:51:51.488 INFO:     #385 chat/completions (stream): 81 prompt tokens ·
                       temperature: 0, greedy (req), max_tokens: 256 (req),
                       min_tokens: 256 (req)
21:51:52.446 INFO:     #385 chat/completions (stream): 256 tokens generated at
                       295.3 T/s · prompt 81 tokens, none cached, 81 new in 0.08
                       s · first token 0.09 s, total 0.95 s · draft 169/261
                       accepted (65%) · max_tokens reached
21:51:52.448 INFO:     #386 chat/completions (stream): 64 prompt tokens ·
                       temperature: 0, greedy (req), max_tokens: 256 (req),
                       min_tokens: 256 (req)
21:51:53.509 INFO:     #386 chat/completions (stream): 256 tokens generated at
                       261.1 T/s · prompt 64 tokens, none cached, 64 new in 0.07
                       s · first token 0.08 s, total 1.06 s · draft 157/297
                       accepted (53%) · max_tokens reached
21:51:53.513 INFO:     #387 chat/completions (stream): 73 prompt tokens ·
                       temperature: 0, greedy (req), max_tokens: 256 (req),
                       min_tokens: 256 (req)
21:51:54.495 INFO:     #387 chat/completions (stream): 256 tokens generated at
                       285.9 T/s · prompt 73 tokens, none cached, 73 new in 0.08
                       s · first token 0.09 s, total 0.98 s · draft 166/270
                       accepted (61%) · max_tokens reached
21:51:54.497 INFO:     #388 chat/completions (stream): 63 prompt tokens ·
                       temperature: 0, greedy (req), max_tokens: 256 (req),
                       min_tokens: 256 (req)
21:51:55.597 INFO:     #388 chat/completions (stream): 256 tokens generated at
                       250.7 T/s · prompt 63 tokens, none cached, 63 new in 0.07
                       s · first token 0.08 s, total 1.10 s · draft 154/306
                       accepted (50%) · max_tokens reached
21:51:55.601 INFO:     #389 chat/completions (stream): 720 prompt tokens ·
                       temperature: 0, greedy (req), max_tokens: 256 (req),
                       min_tokens: 256 (req)
21:51:56.819 INFO:     #389 chat/completions (stream): 256 tokens generated at
                       269.8 T/s · prompt 720 tokens, none cached, 720 new in
                       0.26 s (2,769 T/s) · first token 0.27 s, total 1.21 s ·
                       draft 161/285 accepted (56%) · max_tokens reached
21:51:56.821 INFO:     #390 chat/completions (stream): 110 prompt tokens ·
                       temperature: 0, greedy (req), max_tokens: 256 (req),
                       min_tokens: 256 (req)
21:51:57.673 INFO:     #390 chat/completions (stream): 256 tokens generated at
                       341.3 T/s · prompt 110 tokens, none cached, 110 new in
                       0.09 s · first token 0.10 s, total 0.85 s · draft 181/225
                       accepted (80%) · max_tokens reached
21:51:57.677 INFO:     #391 chat/completions (stream): 751 prompt tokens ·
                       temperature: 0, greedy (req), max_tokens: 256 (req),
                       min_tokens: 256 (req)
21:51:58.750 INFO:     #391 chat/completions (stream): 256 tokens generated at
                       320.8 T/s · prompt 751 tokens, none cached, 751 new in
                       0.26 s (2,888 T/s) · first token 0.27 s, total 1.06 s ·
                       draft 176/240 accepted (73%) · max_tokens reached
21:51:58.752 INFO:     #392 chat/completions (stream): 128 prompt tokens ·
                       temperature: 0, greedy (req), max_tokens: 256 (req),
                       min_tokens: 256 (req)
21:51:59.562 INFO:     #392 chat/completions (stream): 256 tokens generated at
                       366.4 T/s · prompt 128 tokens, none cached, 128 new in
                       0.10 s · first token 0.11 s, total 0.80 s · draft 185/213
                       accepted (87%) · max_tokens reached
21:51:59.564 INFO:     #393 chat/completions (stream): 103 prompt tokens ·
                       temperature: 0, greedy (req), max_tokens: 256 (req),
                       min_tokens: 256 (req)
21:52:00.616 INFO:     #393 chat/completions (stream): 256 tokens generated at
                       269.3 T/s · prompt 103 tokens, none cached, 103 new in
                       0.09 s · first token 0.10 s, total 1.05 s · draft 160/288
                       accepted (56%) · max_tokens reached
21:52:00.619 INFO:     #394 chat/completions (stream): 64 prompt tokens ·
                       temperature: 0, greedy (req), max_tokens: 256 (req),
                       min_tokens: 256 (req)
21:52:01.696 INFO:     #394 chat/completions (stream): 256 tokens generated at
                       256.6 T/s · prompt 64 tokens, none cached, 64 new in 0.07
                       s · first token 0.08 s, total 1.07 s · draft 155/303
                       accepted (51%) · max_tokens reached
21:52:01.698 INFO:     #395 chat/completions (stream): 114 prompt tokens ·
                       temperature: 0, greedy (req), max_tokens: 256 (req),
                       min_tokens: 256 (req)
21:52:02.931 INFO:     #395 chat/completions (stream): 256 tokens generated at
                       227.9 T/s · prompt 114 tokens, none cached, 114 new in
                       0.10 s · first token 0.11 s, total 1.23 s · draft 142/342
                       accepted (42%) · max_tokens reached
21:52:02.933 INFO:     #397 chat/completions (stream): 135 prompt tokens ·
                       temperature: 0, greedy (req), max_tokens: 256 (req),
                       min_tokens: 256 (req)
21:52:03.789 INFO:     #397 chat/completions (stream): 256 tokens generated at
                       345.2 T/s · prompt 135 tokens, none cached, 135 new in
                       0.11 s · first token 0.12 s, total 0.86 s · draft 181/225
                       accepted (80%) · max_tokens reached
21:52:03.791 INFO:     #398 chat/completions (stream): 80 prompt tokens ·
                       temperature: 0, greedy (req), max_tokens: 256 (req),
                       min_tokens: 256 (req)
21:52:04.784 INFO:     #398 chat/completions (stream): 256 tokens generated at
                       283.1 T/s · prompt 80 tokens, none cached, 80 new in 0.08
                       s · first token 0.09 s, total 0.99 s · draft 166/270
                       accepted (61%) · max_tokens reached
21:52:04.786 INFO:     #399 chat/completions (stream): 73 prompt tokens ·
                       temperature: 0, greedy (req), max_tokens: 256 (req),
                       min_tokens: 256 (req)
21:52:05.725 INFO:     #399 chat/completions (stream): 256 tokens generated at
                       300.0 T/s · prompt 73 tokens, none cached, 73 new in 0.08
                       s · first token 0.09 s, total 0.94 s · draft 170/258
                       accepted (66%) · max_tokens reached
21:52:05.727 INFO:     #400 chat/completions (stream): 62 prompt tokens ·
                       temperature: 0, greedy (req), max_tokens: 256 (req),
                       min_tokens: 256 (req)
21:52:06.639 INFO:     #400 chat/completions (stream): 256 tokens generated at
                       307.4 T/s · prompt 62 tokens, none cached, 62 new in 0.07
                       s · first token 0.08 s, total 0.91 s · draft 172/252
                       accepted (68%) · max_tokens reached
21:52:06.643 INFO:     #401 chat/completions (stream): 785 prompt tokens ·
                       temperature: 0, greedy (req), max_tokens: 256 (req),
                       min_tokens: 256 (req)
21:52:07.735 INFO:     #401 chat/completions (stream): 256 tokens generated at
                       290.9 T/s · prompt 785 tokens, none cached, 785 new in
                       0.20 s (3,925 T/s) · first token 0.21 s, total 1.09 s ·
                       draft 167/267 accepted (63%) · max_tokens reached
21:52:07.737 INFO:     #402 chat/completions (stream): 92 prompt tokens ·
                       temperature: 0, greedy (req), max_tokens: 256 (req),
                       min_tokens: 256 (req)
21:52:08.713 INFO:     #402 chat/completions (stream): 256 tokens generated at
                       290.6 T/s · prompt 92 tokens, none cached, 92 new in 0.09
                       s · first token 0.10 s, total 0.98 s · draft 166/270
                       accepted (61%) · max_tokens reached
21:52:08.717 INFO:     #403 chat/completions (stream): 680 prompt tokens ·
                       temperature: 0, greedy (req), max_tokens: 256 (req),
                       min_tokens: 256 (req)
21:52:09.821 INFO:     #403 chat/completions (stream): 256 tokens generated at
                       301.4 T/s · prompt 680 tokens, none cached, 680 new in
                       0.24 s (2,833 T/s) · first token 0.25 s, total 1.09 s ·
                       draft 170/258 accepted (66%) · max_tokens reached
21:52:09.824 INFO:     #404 chat/completions (stream): 125 prompt tokens ·
                       temperature: 0, greedy (req), max_tokens: 256 (req),
                       min_tokens: 256 (req)
21:52:10.735 INFO:     #404 chat/completions (stream): 256 tokens generated at
                       318.1 T/s · prompt 125 tokens, none cached, 125 new in
                       0.10 s · first token 0.11 s, total 0.91 s · draft 175/243
                       accepted (72%) · max_tokens reached
21:52:10.737 INFO:     #405 chat/completions (stream): 79 prompt tokens ·
                       temperature: 0, greedy (req), max_tokens: 256 (req),
                       min_tokens: 256 (req)
21:52:11.774 INFO:     #405 chat/completions (stream): 256 tokens generated at
                       270.1 T/s · prompt 79 tokens, none cached, 79 new in 0.08
                       s · first token 0.09 s, total 1.03 s · draft 161/285
                       accepted (56%) · max_tokens reached
21:52:11.777 INFO:     #406 chat/completions (stream): 86 prompt tokens ·
                       temperature: 0, greedy (req), max_tokens: 256 (req),
                       min_tokens: 256 (req)
21:52:12.688 INFO:     #406 chat/completions (stream): 256 tokens generated at
                       313.9 T/s · prompt 86 tokens, none cached, 86 new in 0.09
                       s · first token 0.10 s, total 0.91 s · draft 174/246
                       accepted (71%) · max_tokens reached
21:52:12.690 INFO:     #407 chat/completions (stream): 69 prompt tokens ·
                       temperature: 0, greedy (req), max_tokens: 256 (req),
                       min_tokens: 256 (req)
21:52:13.651 INFO:     #407 chat/completions (stream): 256 tokens generated at
                       292.6 T/s · prompt 69 tokens, none cached, 69 new in 0.08
                       s · first token 0.09 s, total 0.96 s · draft 168/264
                       accepted (64%) · max_tokens reached
21:52:13.653 INFO:     #408 chat/completions (stream): 80 prompt tokens ·
                       temperature: 0, greedy (req), max_tokens: 256 (req),
                       min_tokens: 256 (req)
21:52:14.660 INFO:     #408 chat/completions (stream): 256 tokens generated at
                       279.1 T/s · prompt 80 tokens, none cached, 80 new in 0.08
                       s · first token 0.09 s, total 1.00 s · draft 164/276
                       accepted (59%) · max_tokens reached
21:52:14.662 INFO:     #409 chat/completions (stream): 80 prompt tokens ·
                       temperature: 0, greedy (req), max_tokens: 256 (req),
                       min_tokens: 256 (req)
21:52:15.810 INFO:     #409 chat/completions (stream): 256 tokens generated at
                       242.2 T/s · prompt 80 tokens, none cached, 80 new in 0.08
                       s · first token 0.09 s, total 1.14 s · draft 158/294
                       accepted (54%) · max_tokens reached
21:52:15.812 INFO:     #410 chat/completions (stream): 62 prompt tokens ·
                       temperature: 0, greedy (req), max_tokens: 256 (req),
                       min_tokens: 256 (req)
21:52:16.936 INFO:     #410 chat/completions (stream): 256 tokens generated at
                       245.2 T/s · prompt 62 tokens, none cached, 62 new in 0.07
                       s · first token 0.08 s, total 1.12 s · draft 152/312
                       accepted (49%) · max_tokens reached
21:52:16.939 INFO:     #411 chat/completions (stream): 635 prompt tokens ·
                       temperature: 0, greedy (req), max_tokens: 256 (req),
                       min_tokens: 256 (req)
21:52:18.129 INFO:     #411 chat/completions (stream): 256 tokens generated at
                       275.4 T/s · prompt 635 tokens, none cached, 635 new in
                       0.25 s (2,540 T/s) · first token 0.26 s, total 1.19 s ·
                       draft 162/282 accepted (57%) · max_tokens reached
21:52:18.133 INFO:     #413 chat/completions (stream): 828 prompt tokens ·
                       temperature: 0, greedy (req), max_tokens: 256 (req),
                       min_tokens: 256 (req)
21:52:19.391 INFO:     #413 chat/completions (stream): 256 tokens generated at
                       260.1 T/s · prompt 828 tokens, none cached, 828 new in
                       0.26 s (3,185 T/s) · first token 0.27 s, total 1.25 s ·
                       draft 157/297 accepted (53%) · max_tokens reached
21:52:19.393 INFO:     #414 chat/completions (stream): 62 prompt tokens ·
                       temperature: 0, greedy (req), max_tokens: 256 (req),
                       min_tokens: 256 (req)
21:52:20.506 INFO:     #414 chat/completions (stream): 256 tokens generated at
                       247.9 T/s · prompt 62 tokens, none cached, 62 new in 0.07
                       s · first token 0.08 s, total 1.11 s · draft 151/315
                       accepted (48%) · max_tokens reached
21:52:20.508 INFO:     #415 chat/completions (stream): 79 prompt tokens ·
                       temperature: 0, greedy (req), max_tokens: 256 (req),
                       min_tokens: 256 (req)
21:52:21.304 INFO:     #415 chat/completions (stream): 256 tokens generated at
                       361.3 T/s · prompt 79 tokens, none cached, 79 new in 0.08
                       s · first token 0.09 s, total 0.79 s · draft 184/216
                       accepted (85%) · max_tokens reached
21:52:21.307 INFO:     #416 chat/completions (stream): 492 prompt tokens ·
                       temperature: 0, greedy (req), max_tokens: 256 (req),
                       min_tokens: 256 (req)
21:52:22.471 INFO:     #416 chat/completions (stream): 256 tokens generated at
                       280.8 T/s · prompt 492 tokens, none cached, 492 new in
                       0.24 s (2,050 T/s) · first token 0.25 s, total 1.16 s ·
                       draft 164/276 accepted (59%) · max_tokens reached
21:52:22.473 INFO:     #417 chat/completions (stream): 65 prompt tokens ·
                       temperature: 0, greedy (req), max_tokens: 256 (req),
                       min_tokens: 256 (req)
21:52:23.535 INFO:     #417 chat/completions (stream): 256 tokens generated at
                       260.9 T/s · prompt 65 tokens, none cached, 65 new in 0.07
                       s · first token 0.08 s, total 1.06 s · draft 157/297
                       accepted (53%) · max_tokens reached
21:52:23.537 INFO:     #418 chat/completions (stream): 63 prompt tokens ·
                       temperature: 0, greedy (req), max_tokens: 256 (req),
                       min_tokens: 256 (req)
21:52:24.489 INFO:     #418 chat/completions (stream): 256 tokens generated at
                       293.4 T/s · prompt 63 tokens, none cached, 63 new in 0.07
                       s · first token 0.08 s, total 0.95 s · draft 168/264
                       accepted (64%) · max_tokens reached
21:52:24.494 INFO:     #419 chat/completions (stream): 724 prompt tokens ·
                       temperature: 0, greedy (req), max_tokens: 256 (req),
                       min_tokens: 256 (req)
21:52:25.609 INFO:     #419 chat/completions (stream): 256 tokens generated at
                       301.2 T/s · prompt 724 tokens, none cached, 724 new in
                       0.26 s (2,785 T/s) · first token 0.27 s, total 1.12 s ·
                       draft 170/258 accepted (66%) · max_tokens reached
21:52:25.613 INFO:     #420 chat/completions (stream): 760 prompt tokens ·
                       temperature: 0, greedy (req), max_tokens: 256 (req),
                       min_tokens: 256 (req)
21:52:26.706 INFO:     #420 chat/completions (stream): 256 tokens generated at
                       311.0 T/s · prompt 760 tokens, none cached, 760 new in
                       0.26 s (2,923 T/s) · first token 0.27 s, total 1.09 s ·
                       draft 174/246 accepted (71%) · max_tokens reached
21:52:26.710 INFO:     #421 chat/completions (stream): 742 prompt tokens ·
                       temperature: 0, greedy (req), max_tokens: 256 (req),
                       min_tokens: 256 (req)
21:52:27.783 INFO:     #421 chat/completions (stream): 256 tokens generated at
                       319.3 T/s · prompt 742 tokens, none cached, 742 new in
                       0.26 s (2,854 T/s) · first token 0.27 s, total 1.07 s ·
                       draft 176/240 accepted (73%) · max_tokens reached
21:52:27.785 INFO:     #422 chat/completions (stream): 61 prompt tokens ·
                       temperature: 0, greedy (req), max_tokens: 256 (req),
                       min_tokens: 256 (req)
21:52:28.972 INFO:     #422 chat/completions (stream): 256 tokens generated at
                       231.0 T/s · prompt 61 tokens, none cached, 61 new in 0.07
                       s · first token 0.08 s, total 1.18 s · draft 144/336
                       accepted (43%) · max_tokens reached
21:52:28.977 INFO:     #423 chat/completions (stream): 764 prompt tokens ·
                       temperature: 0, greedy (req), max_tokens: 256 (req),
                       min_tokens: 256 (req)
21:52:30.037 INFO:     #423 chat/completions (stream): 256 tokens generated at
                       326.6 T/s · prompt 764 tokens, none cached, 764 new in
                       0.27 s (2,830 T/s) · first token 0.28 s, total 1.06 s ·
                       draft 177/237 accepted (75%) · max_tokens reached
21:52:30.041 INFO:     #424 chat/completions (stream): 833 prompt tokens ·
                       temperature: 0, greedy (req), max_tokens: 256 (req),
                       min_tokens: 256 (req)
21:52:31.155 INFO:     #424 chat/completions (stream): 256 tokens generated at
                       304.5 T/s · prompt 833 tokens, none cached, 833 new in
                       0.26 s (3,204 T/s) · first token 0.27 s, total 1.11 s ·
                       draft 170/258 accepted (66%) · max_tokens reached
21:52:31.158 INFO:     #425 chat/completions (stream): 71 prompt tokens ·
                       temperature: 0, greedy (req), max_tokens: 256 (req),
                       min_tokens: 256 (req)
21:52:32.277 INFO:     #425 chat/completions (stream): 256 tokens generated at
                       257.7 T/s · prompt 71 tokens, none cached, 71 new in 0.12
                       s · first token 0.13 s, total 1.12 s · draft 157/297
                       accepted (53%) · max_tokens reached
21:52:32.281 INFO:     #427 chat/completions (stream): 798 prompt tokens ·
                       temperature: 0, greedy (req), max_tokens: 256 (req),
                       min_tokens: 256 (req)
21:52:33.356 INFO:     #427 chat/completions (stream): 256 tokens generated at
                       300.2 T/s · prompt 798 tokens, none cached, 798 new in
                       0.21 s (3,800 T/s) · first token 0.22 s, total 1.07 s ·
                       draft 170/258 accepted (66%) · max_tokens reached
21:52:33.358 INFO:     #428 chat/completions (stream): 87 prompt tokens ·
                       temperature: 0, greedy (req), max_tokens: 256 (req),
                       min_tokens: 256 (req)
21:52:34.269 INFO:     #428 chat/completions (stream): 256 tokens generated at
                       313.7 T/s · prompt 87 tokens, none cached, 87 new in 0.09
                       s · first token 0.10 s, total 0.91 s · draft 173/249
                       accepted (69%) · max_tokens reached
21:52:34.274 INFO:     #429 chat/completions (stream): 773 prompt tokens ·
                       temperature: 0, greedy (req), max_tokens: 256 (req),
                       min_tokens: 256 (req)
21:52:35.351 INFO:     #429 chat/completions (stream): 256 tokens generated at
                       293.5 T/s · prompt 773 tokens, none cached, 773 new in
                       0.20 s (3,865 T/s) · first token 0.21 s, total 1.08 s ·
                       draft 168/264 accepted (64%) · max_tokens reached
21:52:35.353 INFO:     #430 chat/completions (stream): 114 prompt tokens ·
                       temperature: 0, greedy (req), max_tokens: 256 (req),
                       min_tokens: 256 (req)
21:52:36.399 INFO:     #430 chat/completions (stream): 256 tokens generated at
                       273.0 T/s · prompt 114 tokens, none cached, 114 new in
                       0.10 s · first token 0.11 s, total 1.04 s · draft 161/285
                       accepted (56%) · max_tokens reached
21:52:36.403 INFO:     #431 chat/completions (stream): 312 prompt tokens ·
                       temperature: 0, greedy (req), max_tokens: 256 (req),
                       min_tokens: 256 (req)
21:52:37.398 INFO:     #431 chat/completions (stream): 256 tokens generated at
                       325.7 T/s · prompt 312 tokens, none cached, 312 new in
                       0.20 s (1,560 T/s) · first token 0.21 s, total 0.99 s ·
                       draft 177/237 accepted (75%) · max_tokens reached
21:52:37.400 INFO:     #432 chat/completions (stream): 63 prompt tokens ·
                       temperature: 0, greedy (req), max_tokens: 256 (req),
                       min_tokens: 256 (req)
21:52:38.278 INFO:     #432 chat/completions (stream): 256 tokens generated at
                       320.7 T/s · prompt 63 tokens, none cached, 63 new in 0.07
                       s · first token 0.08 s, total 0.87 s · draft 175/243
                       accepted (72%) · max_tokens reached
21:52:38.280 INFO:     #433 chat/completions (stream): 66 prompt tokens ·
                       temperature: 0, greedy (req), max_tokens: 256 (req),
                       min_tokens: 256 (req)
21:52:39.357 INFO:     #433 chat/completions (stream): 256 tokens generated at
                       257.9 T/s · prompt 66 tokens, none cached, 66 new in 0.08
                       s · first token 0.09 s, total 1.08 s · draft 155/303
                       accepted (51%) · max_tokens reached
21:52:39.362 INFO:     #434 chat/completions (stream): 912 prompt tokens ·
                       temperature: 0, greedy (req), max_tokens: 256 (req),
                       min_tokens: 256 (req)
21:52:40.700 INFO:     #434 chat/completions (stream): 256 tokens generated at
                       249.6 T/s · prompt 912 tokens, none cached, 912 new in
                       0.30 s (3,040 T/s) · first token 0.31 s, total 1.33 s ·
                       draft 153/309 accepted (50%) · max_tokens reached
21:52:40.702 INFO:     #435 chat/completions (stream): 66 prompt tokens ·
                       temperature: 0, greedy (req), max_tokens: 256 (req),
                       min_tokens: 256 (req)
21:52:41.648 INFO:     #435 chat/completions (stream): 256 tokens generated at
                       297.2 T/s · prompt 66 tokens, none cached, 66 new in 0.08
                       s · first token 0.09 s, total 0.95 s · draft 170/258
                       accepted (66%) · max_tokens reached
21:52:41.650 INFO:     #436 chat/completions (stream): 75 prompt tokens ·
                       temperature: 0, greedy (req), max_tokens: 256 (req),
                       min_tokens: 256 (req)
21:52:42.629 INFO:     #436 chat/completions (stream): 256 tokens generated at
                       287.2 T/s · prompt 75 tokens, none cached, 75 new in 0.08
                       s · first token 0.09 s, total 0.98 s · draft 168/264
                       accepted (64%) · max_tokens reached
21:52:42.633 INFO:     #437 chat/completions (stream): 624 prompt tokens ·
                       temperature: 0, greedy (req), max_tokens: 256 (req),
                       min_tokens: 256 (req)
21:52:43.852 INFO:     #437 chat/completions (stream): 256 tokens generated at
                       267.1 T/s · prompt 624 tokens, none cached, 624 new in
                       0.25 s (2,496 T/s) · first token 0.26 s, total 1.21 s ·
                       draft 164/276 accepted (59%) · max_tokens reached
21:52:43.854 INFO:     #438 chat/completions (stream): 63 prompt tokens ·
                       temperature: 0, greedy (req), max_tokens: 256 (req),
                       min_tokens: 256 (req)
21:52:44.926 INFO:     #438 chat/completions (stream): 256 tokens generated at
                       257.9 T/s · prompt 63 tokens, none cached, 63 new in 0.07
                       s · first token 0.08 s, total 1.07 s · draft 155/303
                       accepted (51%) · max_tokens reached
21:52:44.928 INFO:     #439 chat/completions (stream): 78 prompt tokens ·
                       temperature: 0, greedy (req), max_tokens: 256 (req),
                       min_tokens: 256 (req)
21:52:46.028 INFO:     #439 chat/completions (stream): 256 tokens generated at
                       253.0 T/s · prompt 78 tokens, none cached, 78 new in 0.08
                       s · first token 0.09 s, total 1.10 s · draft 154/306
                       accepted (50%) · max_tokens reached
21:52:46.031 INFO:     #440 chat/completions (stream): 136 prompt tokens ·
                       temperature: 0, greedy (req), max_tokens: 256 (req),
                       min_tokens: 256 (req)
21:52:46.985 INFO:     #440 chat/completions (stream): 256 tokens generated at
                       306.2 T/s · prompt 136 tokens, none cached, 136 new in
                       0.11 s · first token 0.12 s, total 0.95 s · draft 172/252
                       accepted (68%) · max_tokens reached
21:52:46.987 INFO:     #442 chat/completions (stream): 87 prompt tokens ·
                       temperature: 0, greedy (req), max_tokens: 256 (req),
                       min_tokens: 256 (req)
21:52:47.936 INFO:     #442 chat/completions (stream): 256 tokens generated at
                       299.9 T/s · prompt 87 tokens, none cached, 87 new in 0.09
                       s · first token 0.10 s, total 0.95 s · draft 171/255
                       accepted (67%) · max_tokens reached
21:52:47.938 INFO:     #443 chat/completions (stream): 63 prompt tokens ·
                       temperature: 0, greedy (req), max_tokens: 256 (req),
                       min_tokens: 256 (req)
21:52:48.934 INFO:     #443 chat/completions (stream): 256 tokens generated at
                       279.2 T/s · prompt 63 tokens, none cached, 63 new in 0.07
                       s · first token 0.08 s, total 0.99 s · draft 163/279
                       accepted (58%) · max_tokens reached
21:52:48.936 INFO:     #444 chat/completions (stream): 106 prompt tokens ·
                       temperature: 0, greedy (req), max_tokens: 256 (req),
                       min_tokens: 256 (req)
21:52:50.016 INFO:     #444 chat/completions (stream): 256 tokens generated at
                       262.2 T/s · prompt 106 tokens, none cached, 106 new in
                       0.10 s · first token 0.11 s, total 1.08 s · draft 158/294
                       accepted (54%) · max_tokens reached
21:52:50.018 INFO:     #445 chat/completions (stream): 121 prompt tokens ·
                       temperature: 0, greedy (req), max_tokens: 256 (req),
                       min_tokens: 256 (req)
21:52:50.933 INFO:     #445 chat/completions (stream): 256 tokens generated at
                       318.2 T/s · prompt 121 tokens, none cached, 121 new in
                       0.10 s · first token 0.11 s, total 0.91 s · draft 176/240
                       accepted (73%) · max_tokens reached
21:52:50.935 INFO:     #446 chat/completions (stream): 88 prompt tokens ·
                       temperature: 0, greedy (req), max_tokens: 256 (req),
                       min_tokens: 256 (req)
21:52:51.869 INFO:     #446 chat/completions (stream): 256 tokens generated at
                       305.1 T/s · prompt 88 tokens, none cached, 88 new in 0.09
                       s · first token 0.10 s, total 0.93 s · draft 171/255
                       accepted (67%) · max_tokens reached
21:52:51.873 INFO:     #447 chat/completions (stream): 728 prompt tokens ·
                       temperature: 0, greedy (req), max_tokens: 256 (req),
                       min_tokens: 256 (req)
21:52:53.066 INFO:     #447 chat/completions (stream): 256 tokens generated at
                       278.3 T/s · prompt 728 tokens, none cached, 728 new in
                       0.26 s (2,800 T/s) · first token 0.27 s, total 1.19 s ·
                       draft 163/279 accepted (58%) · max_tokens reached
21:52:53.070 INFO:     #448 chat/completions (stream): 749 prompt tokens ·
                       temperature: 0, greedy (req), max_tokens: 256 (req),
                       min_tokens: 256 (req)
21:52:54.172 INFO:     #448 chat/completions (stream): 256 tokens generated at
                       307.2 T/s · prompt 749 tokens, none cached, 749 new in
                       0.26 s (2,881 T/s) · first token 0.27 s, total 1.10 s ·
                       draft 172/252 accepted (68%) · max_tokens reached
21:52:54.175 INFO:     #449 chat/completions (stream): 89 prompt tokens ·
                       temperature: 0, greedy (req), max_tokens: 256 (req),
                       min_tokens: 256 (req)
21:52:55.204 INFO:     #449 chat/completions (stream): 256 tokens generated at
                       275.7 T/s · prompt 89 tokens, none cached, 89 new in 0.09
                       s · first token 0.10 s, total 1.02 s · draft 163/279
                       accepted (58%) · max_tokens reached
21:52:55.207 INFO:     #450 chat/completions (stream): 341 prompt tokens ·
                       temperature: 0, greedy (req), max_tokens: 256 (req),
                       min_tokens: 256 (req)
21:52:56.381 INFO:     #450 chat/completions (stream): 256 tokens generated at
                       269.8 T/s · prompt 341 tokens, none cached, 341 new in
                       0.21 s (1,624 T/s) · first token 0.22 s, total 1.16 s ·
                       draft 161/285 accepted (56%) · max_tokens reached
21:52:56.383 INFO:     #451 chat/completions (stream): 66 prompt tokens ·
                       temperature: 0, greedy (req), max_tokens: 256 (req),
                       min_tokens: 256 (req)
21:52:57.363 INFO:     #451 chat/completions (stream): 256 tokens generated at
                       285.7 T/s · prompt 66 tokens, none cached, 66 new in 0.07
                       s · first token 0.08 s, total 0.97 s · draft 166/270
                       accepted (61%) · max_tokens reached
21:52:57.365 INFO:     #452 chat/completions (stream): 63 prompt tokens ·
                       temperature: 0, greedy (req), max_tokens: 256 (req),
                       min_tokens: 256 (req)
21:52:58.331 INFO:     #452 chat/completions (stream): 256 tokens generated at
                       289.1 T/s · prompt 63 tokens, none cached, 63 new in 0.07
                       s · first token 0.08 s, total 0.96 s · draft 167/267
                       accepted (63%) · max_tokens reached
21:52:58.333 INFO:     #453 chat/completions (stream): 74 prompt tokens ·
                       temperature: 0, greedy (req), max_tokens: 256 (req),
                       min_tokens: 256 (req)
21:52:59.424 INFO:     #453 chat/completions (stream): 256 tokens generated at
                       254.7 T/s · prompt 74 tokens, none cached, 74 new in 0.08
                       s · first token 0.09 s, total 1.09 s · draft 154/306
                       accepted (50%) · max_tokens reached
21:52:59.426 INFO:     #454 chat/completions (stream): 107 prompt tokens ·
                       temperature: 0, greedy (req), max_tokens: 256 (req),
                       min_tokens: 256 (req)
21:53:00.304 INFO:     #454 chat/completions (stream): 256 tokens generated at
                       331.0 T/s · prompt 107 tokens, none cached, 107 new in
                       0.09 s · first token 0.10 s, total 0.87 s · draft 178/234
                       accepted (76%) · max_tokens reached
21:53:00.306 INFO:     #455 chat/completions (stream): 165 prompt tokens ·
                       temperature: 0, greedy (req), max_tokens: 256 (req),
                       min_tokens: 256 (req)
21:53:01.221 INFO:     #455 chat/completions (stream): 256 tokens generated at
                       315.6 T/s · prompt 165 tokens, none cached, 165 new in
                       0.09 s · first token 0.10 s, total 0.91 s · draft 174/246
                       accepted (71%) · max_tokens reached
21:53:01.226 INFO:     #456 chat/completions (stream): 780 prompt tokens ·
                       temperature: 0, greedy (req), max_tokens: 256 (req),
                       min_tokens: 256 (req)
21:53:02.322 INFO:     #456 chat/completions (stream): 256 tokens generated at
                       293.4 T/s · prompt 780 tokens, none cached, 780 new in
                       0.21 s (3,714 T/s) · first token 0.22 s, total 1.09 s ·
                       draft 168/264 accepted (64%) · max_tokens reached
21:53:02.325 INFO:     #458 chat/completions (stream): 79 prompt tokens ·
                       temperature: 0, greedy (req), max_tokens: 256 (req),
                       min_tokens: 256 (req)
21:53:03.156 INFO:     #458 chat/completions (stream): 256 tokens generated at
                       345.4 T/s · prompt 79 tokens, none cached, 79 new in 0.08
                       s · first token 0.09 s, total 0.83 s · draft 181/225
                       accepted (80%) · max_tokens reached
21:53:03.161 INFO:     #459 chat/completions (stream): 1,083 prompt tokens ·
                       temperature: 0, greedy (req), max_tokens: 256 (req),
                       min_tokens: 256 (req)
21:53:04.496 INFO:     #459 chat/completions (stream): 256 tokens generated at
                       264.3 T/s · prompt 1,083 tokens, none cached, 1,083 new
                       in 0.35 s (3,094 T/s) · first token 0.36 s, total 1.32 s
                       · draft 159/291 accepted (55%) · max_tokens reached
21:53:04.498 INFO:     #460 chat/completions (stream): 82 prompt tokens ·
                       temperature: 0, greedy (req), max_tokens: 256 (req),
                       min_tokens: 256 (req)
21:53:05.268 INFO:     #460 chat/completions (stream): 256 tokens generated at
                       378.4 T/s · prompt 82 tokens, none cached, 82 new in 0.08
                       s · first token 0.09 s, total 0.76 s · draft 187/207
                       accepted (90%) · max_tokens reached
21:53:05.270 INFO:     #461 chat/completions (stream): 91 prompt tokens ·
                       temperature: 0, greedy (req), max_tokens: 256 (req),
                       min_tokens: 256 (req)
21:53:06.184 INFO:     #461 chat/completions (stream): 256 tokens generated at
                       313.4 T/s · prompt 91 tokens, none cached, 91 new in 0.09
                       s · first token 0.10 s, total 0.91 s · draft 174/246
                       accepted (71%) · max_tokens reached
21:53:06.186 INFO:     #462 chat/completions (stream): 82 prompt tokens ·
                       temperature: 0, greedy (req), max_tokens: 256 (req),
                       min_tokens: 256 (req)
21:53:07.383 INFO:     #462 chat/completions (stream): 256 tokens generated at
                       231.7 T/s · prompt 82 tokens, none cached, 82 new in 0.08
                       s · first token 0.09 s, total 1.19 s · draft 144/336
                       accepted (43%) · max_tokens reached
21:53:07.386 INFO:     #463 chat/completions (stream): 70 prompt tokens ·
                       temperature: 0, greedy (req), max_tokens: 256 (req),
                       min_tokens: 256 (req)
21:53:08.324 INFO:     #463 chat/completions (stream): 256 tokens generated at
                       300.1 T/s · prompt 70 tokens, none cached, 70 new in 0.08
                       s · first token 0.09 s, total 0.94 s · draft 169/261
                       accepted (65%) · max_tokens reached
21:53:08.327 INFO:     #464 chat/completions (stream): 816 prompt tokens ·
                       temperature: 0, greedy (req), max_tokens: 256 (req),
                       min_tokens: 256 (req)
21:53:09.354 INFO:     #464 chat/completions (stream): 256 tokens generated at
                       332.9 T/s · prompt 816 tokens, none cached, 816 new in
                       0.25 s (3,264 T/s) · first token 0.26 s, total 1.02 s ·
                       draft 179/231 accepted (77%) · max_tokens reached
21:53:09.356 INFO:     #465 chat/completions (stream): 103 prompt tokens ·
                       temperature: 0, greedy (req), max_tokens: 256 (req),
                       min_tokens: 256 (req)
21:53:10.148 INFO:     #465 chat/completions (stream): 256 tokens generated at
                       370.0 T/s · prompt 103 tokens, none cached, 103 new in
                       0.09 s · first token 0.10 s, total 0.79 s · draft 185/213
                       accepted (87%) · max_tokens reached
21:53:10.150 INFO:     #466 chat/completions (stream): 96 prompt tokens ·
                       temperature: 0, greedy (req), max_tokens: 256 (req),
                       min_tokens: 256 (req)
21:53:11.175 INFO:     #466 chat/completions (stream): 256 tokens generated at
                       276.6 T/s · prompt 96 tokens, none cached, 96 new in 0.09
                       s · first token 0.10 s, total 1.02 s · draft 163/279
                       accepted (58%) · max_tokens reached
21:53:11.177 INFO:     #467 chat/completions (stream): 64 prompt tokens ·
                       temperature: 0, greedy (req), max_tokens: 256 (req),
                       min_tokens: 256 (req)
21:53:12.232 INFO:     #467 chat/completions (stream): 256 tokens generated at
                       263.1 T/s · prompt 64 tokens, none cached, 64 new in 0.07
                       s · first token 0.08 s, total 1.05 s · draft 158/294
                       accepted (54%) · max_tokens reached
21:53:12.236 INFO:     #468 chat/completions (stream): 494 prompt tokens ·
                       temperature: 0, greedy (req), max_tokens: 256 (req),
                       min_tokens: 256 (req)
21:53:13.528 INFO:     #468 chat/completions (stream): 256 tokens generated at
                       245.8 T/s · prompt 494 tokens, none cached, 494 new in
                       0.24 s (2,058 T/s) · first token 0.25 s, total 1.29 s ·
                       draft 152/312 accepted (49%) · max_tokens reached
21:53:13.532 INFO:     #469 chat/completions (stream): 814 prompt tokens ·
                       temperature: 0, greedy (req), max_tokens: 256 (req),
                       min_tokens: 256 (req)
21:53:14.635 INFO:     #469 chat/completions (stream): 256 tokens generated at
                       304.1 T/s · prompt 814 tokens, none cached, 814 new in
                       0.25 s (3,256 T/s) · first token 0.26 s, total 1.10 s ·
                       draft 171/255 accepted (67%) · max_tokens reached
21:53:14.637 INFO:     #470 chat/completions (stream): 64 prompt tokens ·
                       temperature: 0, greedy (req), max_tokens: 256 (req),
                       min_tokens: 256 (req)
21:53:15.606 INFO:     #470 chat/completions (stream): 256 tokens generated at
                       288.7 T/s · prompt 64 tokens, none cached, 64 new in 0.07
                       s · first token 0.08 s, total 0.96 s · draft 166/270
                       accepted (61%) · max_tokens reached
21:53:15.608 INFO:     #471 chat/completions (stream): 82 prompt tokens ·
                       temperature: 0, greedy (req), max_tokens: 256 (req),
                       min_tokens: 256 (req)
21:53:16.563 INFO:     #471 chat/completions (stream): 256 tokens generated at
                       297.3 T/s · prompt 82 tokens, none cached, 82 new in 0.08
                       s · first token 0.09 s, total 0.95 s · draft 169/261
                       accepted (65%) · max_tokens reached
21:53:16.565 INFO:     #472 chat/completions (stream): 97 prompt tokens ·
                       temperature: 0, greedy (req), max_tokens: 256 (req),
                       min_tokens: 256 (req)
21:53:17.416 INFO:     #472 chat/completions (stream): 256 tokens generated at
                       339.7 T/s · prompt 97 tokens, none cached, 97 new in 0.09
                       s · first token 0.10 s, total 0.85 s · draft 180/228
                       accepted (79%) · max_tokens reached
21:53:17.418 INFO:     #474 chat/completions (stream): 64 prompt tokens ·
                       temperature: 0, greedy (req), max_tokens: 256 (req),
                       min_tokens: 256 (req)
21:53:18.732 INFO:     #474 chat/completions (stream): 256 tokens generated at
                       207.6 T/s · prompt 64 tokens, none cached, 64 new in 0.07
                       s · first token 0.08 s, total 1.31 s · draft 131/375
                       accepted (35%) · max_tokens reached
21:53:18.736 INFO:     #475 chat/completions (stream): 684 prompt tokens ·
                       temperature: 0, greedy (req), max_tokens: 256 (req),
                       min_tokens: 256 (req)
21:53:19.987 INFO:     #475 chat/completions (stream): 256 tokens generated at
                       257.7 T/s · prompt 684 tokens, none cached, 684 new in
                       0.25 s (2,736 T/s) · first token 0.26 s, total 1.25 s ·
                       draft 157/297 accepted (53%) · max_tokens reached
21:53:19.991 INFO:     #476 chat/completions (stream): 704 prompt tokens ·
                       temperature: 0, greedy (req), max_tokens: 256 (req),
                       min_tokens: 256 (req)
21:53:21.227 INFO:     #476 chat/completions (stream): 256 tokens generated at
                       264.6 T/s · prompt 704 tokens, none cached, 704 new in
                       0.26 s (2,708 T/s) · first token 0.27 s, total 1.23 s ·
                       draft 160/288 accepted (56%) · max_tokens reached
21:53:21.231 INFO:     #477 chat/completions (stream): 583 prompt tokens ·
                       temperature: 0, greedy (req), max_tokens: 256 (req),
                       min_tokens: 256 (req)
21:53:22.422 INFO:     #477 chat/completions (stream): 256 tokens generated at
                       268.6 T/s · prompt 583 tokens, none cached, 583 new in
                       0.23 s (2,535 T/s) · first token 0.24 s, total 1.19 s ·
                       draft 160/288 accepted (56%) · max_tokens reached
21:53:22.425 INFO:     #478 chat/completions (stream): 255 prompt tokens ·
                       temperature: 0, greedy (req), max_tokens: 256 (req),
                       min_tokens: 256 (req)
21:53:23.442 INFO:     #478 chat/completions (stream): 256 tokens generated at
                       287.6 T/s · prompt 255 tokens, none cached, 255 new in
                       0.12 s · first token 0.13 s, total 1.02 s · draft 166/270
                       accepted (61%) · max_tokens reached
21:53:23.444 INFO:     #479 chat/completions (stream): 61 prompt tokens ·
                       temperature: 0, greedy (req), max_tokens: 256 (req),
                       min_tokens: 256 (req)
21:53:24.390 INFO:     #479 chat/completions (stream): 256 tokens generated at
                       295.6 T/s · prompt 61 tokens, none cached, 61 new in 0.07
                       s · first token 0.08 s, total 0.94 s · draft 168/264
                       accepted (64%) · max_tokens reached
21:53:24.393 INFO:     #480 chat/completions (stream): 66 prompt tokens ·
                       temperature: 0, greedy (req), max_tokens: 256 (req),
                       min_tokens: 256 (req)
21:53:25.350 INFO:     #480 chat/completions (stream): 256 tokens generated at
                       294.7 T/s · prompt 66 tokens, none cached, 66 new in 0.07
                       s · first token 0.08 s, total 0.94 s · draft 167/267
                       accepted (63%) · max_tokens reached
21:53:25.353 INFO:     #481 chat/completions (stream): 479 prompt tokens ·
                       temperature: 0, greedy (req), max_tokens: 256 (req),
                       min_tokens: 256 (req)
21:53:26.627 INFO:     #481 chat/completions (stream): 256 tokens generated at
                       250.5 T/s · prompt 479 tokens, none cached, 479 new in
                       0.24 s (1,996 T/s) · first token 0.25 s, total 1.27 s ·
                       draft 154/306 accepted (50%) · max_tokens reached
21:53:26.629 INFO:     #482 chat/completions (stream): 93 prompt tokens ·
                       temperature: 0, greedy (req), max_tokens: 256 (req),
                       min_tokens: 256 (req)
21:53:27.498 INFO:     #482 chat/completions (stream): 256 tokens generated at
                       331.4 T/s · prompt 93 tokens, none cached, 93 new in 0.09
                       s · first token 0.10 s, total 0.87 s · draft 177/237
                       accepted (75%) · max_tokens reached
21:53:27.502 INFO:     #483 chat/completions (stream): 743 prompt tokens ·
                       temperature: 0, greedy (req), max_tokens: 256 (req),
                       min_tokens: 256 (req)
21:53:28.632 INFO:     #483 chat/completions (stream): 256 tokens generated at
                       299.3 T/s · prompt 743 tokens, none cached, 743 new in
                       0.26 s (2,858 T/s) · first token 0.27 s, total 1.12 s ·
                       draft 170/258 accepted (66%) · max_tokens reached
21:53:28.634 INFO:     #484 chat/completions (stream): 82 prompt tokens ·
                       temperature: 0, greedy (req), max_tokens: 256 (req),
                       min_tokens: 256 (req)
21:53:29.541 INFO:     #484 chat/completions (stream): 256 tokens generated at
                       314.9 T/s · prompt 82 tokens, none cached, 82 new in 0.08
                       s · first token 0.09 s, total 0.90 s · draft 175/243
                       accepted (72%) · max_tokens reached
21:53:29.543 INFO:     #485 chat/completions (stream): 124 prompt tokens ·
                       temperature: 0, greedy (req), max_tokens: 256 (req),
                       min_tokens: 256 (req)
21:53:30.461 INFO:     #485 chat/completions (stream): 256 tokens generated at
                       317.4 T/s · prompt 124 tokens, none cached, 124 new in
                       0.10 s · first token 0.11 s, total 0.91 s · draft 176/240
                       accepted (73%) · max_tokens reached
21:53:30.463 INFO:     #486 chat/completions (stream): 228 prompt tokens ·
                       temperature: 0, greedy (req), max_tokens: 256 (req),
                       min_tokens: 256 (req)
21:53:31.441 INFO:     #486 chat/completions (stream): 256 tokens generated at
                       297.8 T/s · prompt 228 tokens, none cached, 228 new in
                       0.11 s · first token 0.12 s, total 0.98 s · draft 169/261
                       accepted (65%) · max_tokens reached
21:53:31.443 INFO:     #487 chat/completions (stream): 69 prompt tokens ·
                       temperature: 0, greedy (req), max_tokens: 256 (req),
                       min_tokens: 256 (req)
21:53:32.414 INFO:     #487 chat/completions (stream): 256 tokens generated at
                       289.8 T/s · prompt 69 tokens, none cached, 69 new in 0.08
                       s · first token 0.09 s, total 0.97 s · draft 167/267
                       accepted (63%) · max_tokens reached
21:53:32.416 INFO:     #489 chat/completions (stream): 73 prompt tokens ·
                       temperature: 0, greedy (req), max_tokens: 256 (req),
                       min_tokens: 256 (req)
21:53:33.586 INFO:     #489 chat/completions (stream): 256 tokens generated at
                       236.4 T/s · prompt 73 tokens, none cached, 73 new in 0.08
                       s · first token 0.09 s, total 1.17 s · draft 147/327
                       accepted (45%) · max_tokens reached
21:53:33.589 INFO:     #490 chat/completions (stream): 66 prompt tokens ·
                       temperature: 0, greedy (req), max_tokens: 256 (req),
                       min_tokens: 256 (req)
21:53:34.573 INFO:     #490 chat/completions (stream): 256 tokens generated at
                       284.6 T/s · prompt 66 tokens, none cached, 66 new in 0.08
                       s · first token 0.09 s, total 0.99 s · draft 166/270
                       accepted (61%) · max_tokens reached
21:53:34.577 INFO:     #491 chat/completions (stream): 736 prompt tokens ·
                       temperature: 0, greedy (req), max_tokens: 256 (req),
                       min_tokens: 256 (req)
21:53:35.794 INFO:     #491 chat/completions (stream): 256 tokens generated at
                       270.9 T/s · prompt 736 tokens, none cached, 736 new in
                       0.26 s (2,831 T/s) · first token 0.27 s, total 1.21 s ·
                       draft 160/288 accepted (56%) · max_tokens reached
21:53:35.796 INFO:     #492 chat/completions (stream): 106 prompt tokens ·
                       temperature: 0, greedy (req), max_tokens: 256 (req),
                       min_tokens: 256 (req)
21:53:36.629 INFO:     #492 chat/completions (stream): 256 tokens generated at
                       350.9 T/s · prompt 106 tokens, none cached, 106 new in
                       0.09 s · first token 0.10 s, total 0.83 s · draft 183/219
                       accepted (84%) · max_tokens reached
21:53:36.632 INFO:     #493 chat/completions (stream): 63 prompt tokens ·
                       temperature: 0, greedy (req), max_tokens: 256 (req),
                       min_tokens: 256 (req)
21:53:37.812 INFO:     #493 chat/completions (stream): 256 tokens generated at
                       232.5 T/s · prompt 63 tokens, none cached, 63 new in 0.07
                       s · first token 0.08 s, total 1.18 s · draft 145/333
                       accepted (44%) · max_tokens reached
21:53:37.814 INFO:     #494 chat/completions (stream): 76 prompt tokens ·
                       temperature: 0, greedy (req), max_tokens: 256 (req),
                       min_tokens: 256 (req)
21:53:38.798 INFO:     #494 chat/completions (stream): 256 tokens generated at
                       286.1 T/s · prompt 76 tokens, none cached, 76 new in 0.08
                       s · first token 0.09 s, total 0.98 s · draft 167/267
                       accepted (63%) · max_tokens reached
21:53:38.804 INFO:     #495 chat/completions (stream): 833 prompt tokens ·
                       temperature: 0, greedy (req), max_tokens: 256 (req),
                       min_tokens: 256 (req)
21:53:39.899 INFO:     #495 chat/completions (stream): 256 tokens generated at
                       311.3 T/s · prompt 833 tokens, none cached, 833 new in
                       0.26 s (3,204 T/s) · first token 0.27 s, total 1.09 s ·
                       draft 173/249 accepted (69%) · max_tokens reached
21:53:39.902 INFO:     #496 chat/completions (stream): 61 prompt tokens ·
                       temperature: 0, greedy (req), max_tokens: 256 (req),
                       min_tokens: 256 (req)
21:53:41.045 INFO:     #496 chat/completions (stream): 256 tokens generated at
                       240.6 T/s · prompt 61 tokens, none cached, 61 new in 0.07
                       s · first token 0.08 s, total 1.14 s · draft 149/321
                       accepted (46%) · max_tokens reached
21:53:41.047 INFO:     #497 chat/completions (stream): 85 prompt tokens ·
                       temperature: 0, greedy (req), max_tokens: 256 (req),
                       min_tokens: 256 (req)
21:53:42.155 INFO:     #497 chat/completions (stream): 256 tokens generated at
                       252.2 T/s · prompt 85 tokens, none cached, 85 new in 0.08
                       s · first token 0.09 s, total 1.10 s · draft 153/309
                       accepted (50%) · max_tokens reached
21:53:42.157 INFO:     #498 chat/completions (stream): 100 prompt tokens ·
                       temperature: 0, greedy (req), max_tokens: 256 (req),
                       min_tokens: 256 (req)
21:53:43.071 INFO:     #498 chat/completions (stream): 256 tokens generated at
                       317.3 T/s · prompt 100 tokens, none cached, 100 new in
                       0.10 s · first token 0.11 s, total 0.91 s · draft 174/246
                       accepted (71%) · max_tokens reached
21:53:43.077 INFO:     #499 chat/completions (stream): 723 prompt tokens ·
                       temperature: 0, greedy (req), max_tokens: 256 (req),
                       min_tokens: 256 (req)
21:53:44.203 INFO:     #499 chat/completions (stream): 256 tokens generated at
                       306.6 T/s · prompt 723 tokens, none cached, 723 new in
                       0.28 s (2,582 T/s) · first token 0.29 s, total 1.12 s ·
                       draft 171/255 accepted (67%) · max_tokens reached
21:53:44.206 INFO:     #500 chat/completions (stream): 120 prompt tokens ·
                       temperature: 0, greedy (req), max_tokens: 256 (req),
                       min_tokens: 256 (req)
21:53:45.183 INFO:     #500 chat/completions (stream): 256 tokens generated at
                       296.9 T/s · prompt 120 tokens, none cached, 120 new in
                       0.11 s · first token 0.12 s, total 0.98 s · draft 169/261
                       accepted (65%) · max_tokens reached
21:53:45.185 INFO:     #501 chat/completions (stream): 66 prompt tokens ·
                       temperature: 0, greedy (req), max_tokens: 256 (req),
                       min_tokens: 256 (req)
21:53:46.301 INFO:     #501 chat/completions (stream): 256 tokens generated at
                       247.9 T/s · prompt 66 tokens, none cached, 66 new in 0.07
                       s · first token 0.08 s, total 1.11 s · draft 152/312
                       accepted (49%) · max_tokens reached
21:53:46.303 INFO:     #502 chat/completions (stream): 68 prompt tokens ·
                       temperature: 0, greedy (req), max_tokens: 256 (req),
                       min_tokens: 256 (req)
21:53:47.262 INFO:     #502 chat/completions (stream): 256 tokens generated at
                       292.6 T/s · prompt 68 tokens, none cached, 68 new in 0.07
                       s · first token 0.08 s, total 0.95 s · draft 167/267
                       accepted (63%) · max_tokens reached
21:53:47.264 INFO:     #504 chat/completions (stream): 70 prompt tokens ·
                       temperature: 0, greedy (req), max_tokens: 256 (req),
                       min_tokens: 256 (req)
21:53:48.243 INFO:     #504 chat/completions (stream): 256 tokens generated at
                       287.3 T/s · prompt 70 tokens, none cached, 70 new in 0.08
                       s · first token 0.09 s, total 0.98 s · draft 166/270
                       accepted (61%) · max_tokens reached
21:53:48.247 INFO:     #505 chat/completions (stream): 737 prompt tokens ·
                       temperature: 0, greedy (req), max_tokens: 256 (req),
                       min_tokens: 256 (req)
21:53:49.453 INFO:     #505 chat/completions (stream): 256 tokens generated at
                       275.9 T/s · prompt 737 tokens, none cached, 737 new in
                       0.27 s (2,730 T/s) · first token 0.28 s, total 1.20 s ·
                       draft 164/276 accepted (59%) · max_tokens reached
21:53:49.455 INFO:     #506 chat/completions (stream): 61 prompt tokens ·
                       temperature: 0, greedy (req), max_tokens: 256 (req),
                       min_tokens: 256 (req)
21:53:50.462 INFO:     #506 chat/completions (stream): 256 tokens generated at
                       276.2 T/s · prompt 61 tokens, none cached, 61 new in 0.07
                       s · first token 0.08 s, total 1.00 s · draft 162/282
                       accepted (57%) · max_tokens reached
21:53:50.466 INFO:     #507 chat/completions (stream): 1,015 prompt tokens ·
                       temperature: 0, greedy (req), max_tokens: 256 (req),
                       min_tokens: 256 (req)
21:53:51.633 INFO:     #507 chat/completions (stream): 256 tokens generated at
                       299.6 T/s · prompt 1,015 tokens, none cached, 1,015 new
                       in 0.30 s (3,383 T/s) · first token 0.31 s, total 1.16 s
                       · draft 170/258 accepted (66%) · max_tokens reached
21:53:51.636 INFO:     #508 chat/completions (stream): 62 prompt tokens ·
                       temperature: 0, greedy (req), max_tokens: 256 (req),
                       min_tokens: 256 (req)
21:53:52.805 INFO:     #508 chat/completions (stream): 256 tokens generated at
                       235.0 T/s · prompt 62 tokens, none cached, 62 new in 0.07
                       s · first token 0.08 s, total 1.17 s · draft 145/333
                       accepted (44%) · max_tokens reached
21:53:52.807 INFO:     #509 chat/completions (stream): 84 prompt tokens ·
                       temperature: 0, greedy (req), max_tokens: 256 (req),
                       min_tokens: 256 (req)
21:53:53.697 INFO:     #509 chat/completions (stream): 256 tokens generated at
                       321.5 T/s · prompt 84 tokens, none cached, 84 new in 0.08
                       s · first token 0.09 s, total 0.88 s · draft 176/240
                       accepted (73%) · max_tokens reached
21:53:53.702 INFO:     #510 chat/completions (stream): 783 prompt tokens ·
                       temperature: 0, greedy (req), max_tokens: 256 (req),
                       min_tokens: 256 (req)
21:53:54.759 INFO:     #510 chat/completions (stream): 256 tokens generated at
                       305.4 T/s · prompt 783 tokens, none cached, 783 new in
                       0.21 s (3,729 T/s) · first token 0.22 s, total 1.05 s ·
                       draft 173/249 accepted (69%) · max_tokens reached
21:53:54.763 INFO:     #511 chat/completions (stream): 766 prompt tokens ·
                       temperature: 0, greedy (req), max_tokens: 256 (req),
                       min_tokens: 256 (req)
21:53:55.938 INFO:     #511 chat/completions (stream): 256 tokens generated at
                       285.8 T/s · prompt 766 tokens, none cached, 766 new in
                       0.27 s (2,837 T/s) · first token 0.28 s, total 1.17 s ·
                       draft 166/270 accepted (61%) · max_tokens reached
21:53:55.944 INFO:     #512 chat/completions (stream): 1,490 prompt tokens ·
                       temperature: 0, greedy (req), max_tokens: 256 (req),
                       min_tokens: 256 (req)
21:53:57.177 INFO:     #512 chat/completions (stream): 256 tokens generated at
                       303.4 T/s · prompt 1,490 tokens, none cached, 1,490 new
                       in 0.38 s (3,921 T/s) · first token 0.39 s, total 1.23 s
                       · draft 171/255 accepted (67%) · max_tokens reached
21:53:57.179 INFO:     #513 chat/completions (stream): 61 prompt tokens ·
                       temperature: 0, greedy (req), max_tokens: 256 (req),
                       min_tokens: 256 (req)
21:53:58.137 INFO:     #513 chat/completions (stream): 256 tokens generated at
                       291.4 T/s · prompt 61 tokens, none cached, 61 new in 0.07
                       s · first token 0.08 s, total 0.95 s · draft 166/270
                       accepted (61%) · max_tokens reached
21:53:58.139 INFO:     #514 chat/completions (stream): 65 prompt tokens ·
                       temperature: 0, greedy (req), max_tokens: 256 (req),
                       min_tokens: 256 (req)
21:53:59.167 INFO:     #514 chat/completions (stream): 256 tokens generated at
                       270.4 T/s · prompt 65 tokens, none cached, 65 new in 0.07
                       s · first token 0.08 s, total 1.02 s · draft 160/288
                       accepted (56%) · max_tokens reached
21:53:59.169 INFO:     #515 chat/completions (stream): 89 prompt tokens ·
                       temperature: 0, greedy (req), max_tokens: 256 (req),
                       min_tokens: 256 (req)
21:54:00.155 INFO:     #515 chat/completions (stream): 256 tokens generated at
                       291.9 T/s · prompt 89 tokens, none cached, 89 new in 0.10
                       s · first token 0.11 s, total 0.98 s · draft 167/267
                       accepted (63%) · max_tokens reached
21:54:00.157 INFO:     #516 chat/completions (stream): 90 prompt tokens ·
                       temperature: 0, greedy (req), max_tokens: 256 (req),
                       min_tokens: 256 (req)
21:54:01.108 INFO:     #516 chat/completions (stream): 256 tokens generated at
                       298.7 T/s · prompt 90 tokens, none cached, 90 new in 0.08
                       s · first token 0.09 s, total 0.94 s · draft 170/258
                       accepted (66%) · max_tokens reached
21:54:01.113 INFO:     #517 chat/completions (stream): 875 prompt tokens ·
                       temperature: 0, greedy (req), max_tokens: 256 (req),
                       min_tokens: 256 (req)
21:54:02.398 INFO:     #517 chat/completions (stream): 256 tokens generated at
                       258.4 T/s · prompt 875 tokens, none cached, 875 new in
                       0.28 s (3,125 T/s) · first token 0.29 s, total 1.28 s ·
                       draft 158/294 accepted (54%) · max_tokens reached
21:54:02.402 INFO:     #519 chat/completions (stream): 749 prompt tokens ·
                       temperature: 0, greedy (req), max_tokens: 256 (req),
                       min_tokens: 256 (req)
21:54:03.454 INFO:     #519 chat/completions (stream): 256 tokens generated at
                       327.7 T/s · prompt 749 tokens, none cached, 749 new in
                       0.26 s (2,881 T/s) · first token 0.27 s, total 1.05 s ·
                       draft 178/234 accepted (76%) · max_tokens reached
21:54:03.457 INFO:     #520 chat/completions (stream): 94 prompt tokens ·
                       temperature: 0, greedy (req), max_tokens: 256 (req),
                       min_tokens: 256 (req)
21:54:04.288 INFO:     #520 chat/completions (stream): 256 tokens generated at
                       349.4 T/s · prompt 94 tokens, none cached, 94 new in 0.09
                       s · first token 0.10 s, total 0.83 s · draft 182/222
                       accepted (82%) · max_tokens reached
21:54:04.292 INFO:     #521 chat/completions (stream): 1,065 prompt tokens ·
                       temperature: 0, greedy (req), max_tokens: 256 (req),
                       min_tokens: 256 (req)
21:54:05.462 INFO:     #521 chat/completions (stream): 256 tokens generated at
                       301.9 T/s · prompt 1,065 tokens, none cached, 1,065 new
                       in 0.31 s (3,435 T/s) · first token 0.32 s, total 1.16 s
                       · draft 171/255 accepted (67%) · max_tokens reached
21:54:05.467 INFO:     #522 chat/completions (stream): 761 prompt tokens ·
                       temperature: 0, greedy (req), max_tokens: 256 (req),
                       min_tokens: 256 (req)
21:54:06.592 INFO:     #522 chat/completions (stream): 256 tokens generated at
                       303.3 T/s · prompt 761 tokens, none cached, 761 new in
                       0.27 s (2,819 T/s) · first token 0.28 s, total 1.12 s ·
                       draft 172/252 accepted (68%) · max_tokens reached
