22:00:41.880 INFO:     Sampler preset "qwen38_thinking": temperature 0.6, top_k
                       20, top_p 0.95
22:00:41.917 INFO:     exllamav3 version: 1.5.0
22:00:43.361 INFO:     Using main model MTP component for drafting
22:00:43.382 INFO:     Context: max_seq_len 262,144 tokens (configured),
                       cache_size 983,040 tokens
22:00:43.447 INFO:     Using tool format: qwen3_coder
22:00:43.448 INFO:     Using template "chat_template" for chat completions.
22:00:45.567 INFO:     Loading model
                       /models/qwen3.8-flash-next-exl3-2.50bpw-r0b0tlab (manual
                       GPU split)
Loading vision modules ━━━━━━━━━━━━━━━━━━━━━━━━━━━━━━━━━━━━━━ 100% 30/30 0:00:00
Loading draft modules  ━━━━━━━━━━━━━━━━━━━━━━━━━━━━━━━━━━━━━━ 100% 3/3   0:00:00
Loading model modules  ━━━━━━━━━━━━━━━━━━━━━━━━━━━━━━━━━━━━━━ 100% 53/53 0:00:00
EXL3_EMBED_GPU_PRUNED=1: embedding mirror 65536 of 248320 rows (320.0 MiB, prefix) on cuda:1
22:00:53.109 INFO:     Model loaded in 9.7 s

22:00:53.109 WARNING:  Disabling authentication makes your instance vulnerable.
                       Set the `disable_auth` flag to False in config.yml if you
                       want to share this instance with others.
22:00:53.109 WARNING:  With authentication disabled and `allowed_origins` left
                       at ["*"], any website open in a browser on this machine
                       can send requests to this instance and read the
                       responses, including admin endpoints. Set
                       `network.allowed_origins` to your own frontends (or [])
                       unless you use a browser-based frontend that needs it.
22:00:53.110 INFO:     Serving OAI API on http://0.0.0.0:8022 (docs at
                       http://0.0.0.0:8022/redoc)
22:00:54.702 INFO:     #3 completions: 3 prompt tokens · temperature: 0, greedy
                       (req), max_tokens: 16 (req)
densegemm lcguard: device 1: dense calls on the QSA side branch use the side scratch (hctr upper half, side slots)
densegemm lcguard: device 0: dense calls on the QSA side branch use the side scratch (hctr upper half, side slots)
22:00:55.101 INFO:     #3 completions: 16 tokens generated at 107.9 T/s · prompt
                       3 tokens, none cached, 3 new in 0.24 s · first token 0.25
                       s, total 0.40 s · draft 8/24 accepted (33%) · max_tokens
                       reached
22:00:55.328 INFO:     #5 chat/completions: 73 prompt tokens · temperature: 0,
                       greedy (req), max_tokens: 64 (req), min_tokens: 64 (req)
22:00:55.330 INFO:     #6 chat/completions: 73 prompt tokens · temperature: 0,
                       greedy (req), max_tokens: 64 (req), min_tokens: 64 (req)
22:00:55.552 INFO:     #7 chat/completions: 73 prompt tokens · temperature: 0,
                       greedy (req), max_tokens: 64 (req), min_tokens: 64 (req)
22:00:55.655 INFO:     #8 chat/completions: 73 prompt tokens · temperature: 0,
                       greedy (req), max_tokens: 64 (req), min_tokens: 64 (req)
22:00:56.106 INFO:     #5 chat/completions: 64 tokens generated at 123.6 T/s ·
                       prompt 73 tokens, none cached, 73 new in 0.19 s · first
                       token 0.20 s, total 0.72 s · draft 43/63 accepted (68%) ·
                       max_tokens reached
22:00:56.107 INFO:     #6 chat/completions: 64 tokens generated at 115.5 T/s ·
                       prompt 73 tokens, none cached, 73 new in 0.08 s · queued
                       0.12 s, first token 0.20 s, total 0.76 s · draft 41/69
                       accepted (59%) · max_tokens reached
22:00:56.108 INFO:     #7 chat/completions: 64 tokens generated at 142.7 T/s ·
                       prompt 73 tokens, none cached, 73 new in 0.08 s · first
                       token 0.09 s, total 0.53 s · draft 42/66 accepted (64%) ·
                       max_tokens reached
22:00:56.109 INFO:     #8 chat/completions: 64 tokens generated at 174.1 T/s ·
                       prompt 73 tokens, none cached, 73 new in 0.08 s · first
                       token 0.08 s, total 0.45 s · draft 41/69 accepted (59%) ·
                       max_tokens reached
22:01:06.920 INFO:     #12 chat/completions (stream): 92 prompt tokens ·
                       temperature: 0, greedy (req), max_tokens: 256 (req),
                       min_tokens: 256 (req)
22:01:07.038 INFO:     #13 chat/completions (stream): 511 prompt tokens ·
                       temperature: 0, greedy (req), max_tokens: 256 (req),
                       min_tokens: 256 (req)
22:01:07.197 INFO:     #14 chat/completions (stream): 74 prompt tokens ·
                       temperature: 0, greedy (req), max_tokens: 256 (req),
                       min_tokens: 256 (req)
22:01:07.428 INFO:     #15 chat/completions (stream): 87 prompt tokens ·
                       temperature: 0, greedy (req), max_tokens: 256 (req),
                       min_tokens: 256 (req)
22:01:08.990 INFO:     #12 chat/completions (stream): 256 tokens generated at
                       134.8 T/s · prompt 92 tokens, none cached, 92 new in 0.10
                       s · first token 0.11 s, total 2.01 s · draft 175/243
                       accepted (72%) · max_tokens reached
22:01:09.039 INFO:     #16 chat/completions (stream): 105 prompt tokens ·
                       temperature: 0, greedy (req), max_tokens: 256 (req),
                       min_tokens: 256 (req)
22:01:09.255 INFO:     #13 chat/completions (stream): 256 tokens generated at
                       143.9 T/s · prompt 511 tokens, none cached, 511 new in
                       0.37 s (1,381 T/s) · first token 0.38 s, total 2.15 s ·
                       draft 167/267 accepted (63%) · max_tokens reached
22:01:09.305 INFO:     #17 chat/completions (stream): 121 prompt tokens ·
                       temperature: 0, greedy (req), max_tokens: 256 (req),
                       min_tokens: 256 (req)
22:01:09.506 INFO:     #15 chat/completions (stream): 256 tokens generated at
                       132.9 T/s · prompt 87 tokens, none cached, 87 new in 0.09
                       s · first token 0.09 s, total 2.02 s · draft 159/291
                       accepted (55%) · max_tokens reached
22:01:09.520 INFO:     #14 chat/completions (stream): 256 tokens generated at
                       124.9 T/s · prompt 74 tokens, none cached, 74 new in 0.08
                       s · queued 0.14 s, first token 0.22 s, total 2.26 s ·
                       draft 157/297 accepted (53%) · max_tokens reached
22:01:09.548 INFO:     #18 chat/completions (stream): 74 prompt tokens ·
                       temperature: 0, greedy (req), max_tokens: 256 (req),
                       min_tokens: 256 (req)
22:01:09.647 INFO:     #19 chat/completions (stream): 78 prompt tokens ·
                       temperature: 0, greedy (req), max_tokens: 256 (req),
                       min_tokens: 256 (req)
22:01:10.790 INFO:     #16 chat/completions (stream): 256 tokens generated at
                       161.7 T/s · prompt 105 tokens, none cached, 105 new in
                       0.10 s · first token 0.11 s, total 1.69 s · draft 181/225
                       accepted (80%) · max_tokens reached
22:01:10.841 INFO:     #20 chat/completions (stream): 62 prompt tokens ·
                       temperature: 0, greedy (req), max_tokens: 256 (req),
                       min_tokens: 256 (req)
22:01:11.114 INFO:     #17 chat/completions (stream): 256 tokens generated at
                       156.2 T/s · prompt 121 tokens, none cached, 121 new in
                       0.10 s · first token 0.11 s, total 1.74 s · draft 177/237
                       accepted (75%) · max_tokens reached
22:01:11.162 INFO:     #21 chat/completions (stream): 64 prompt tokens ·
                       temperature: 0, greedy (req), max_tokens: 256 (req),
                       min_tokens: 256 (req)
22:01:11.630 INFO:     #18 chat/completions (stream): 256 tokens generated at
                       131.7 T/s · prompt 74 tokens, none cached, 74 new in 0.08
                       s · first token 0.09 s, total 2.03 s · draft 161/285
                       accepted (56%) · max_tokens reached
22:01:11.645 INFO:     #19 chat/completions (stream): 256 tokens generated at
                       137.8 T/s · prompt 78 tokens, none cached, 78 new in 0.08
                       s · first token 0.09 s, total 1.94 s · draft 161/285
                       accepted (56%) · max_tokens reached
22:01:11.672 INFO:     #22 chat/completions (stream): 89 prompt tokens ·
                       temperature: 0, greedy (req), max_tokens: 256 (req),
                       min_tokens: 256 (req)
22:01:11.779 INFO:     #23 chat/completions (stream): 109 prompt tokens ·
                       temperature: 0, greedy (req), max_tokens: 256 (req),
                       min_tokens: 256 (req)
22:01:12.898 INFO:     #20 chat/completions (stream): 256 tokens generated at
                       134.1 T/s · prompt 62 tokens, none cached, 62 new in 0.08
                       s · first token 0.09 s, total 1.99 s · draft 163/279
                       accepted (58%) · max_tokens reached
22:01:12.950 INFO:     #24 chat/completions (stream): 829 prompt tokens ·
                       temperature: 0, greedy (req), max_tokens: 256 (req),
                       min_tokens: 256 (req)
22:01:13.600 INFO:     #22 chat/completions (stream): 256 tokens generated at
                       143.9 T/s · prompt 89 tokens, none cached, 89 new in 0.09
                       s · first token 0.10 s, total 1.87 s · draft 179/231
                       accepted (77%) · max_tokens reached
22:01:13.628 INFO:     #21 chat/completions (stream): 256 tokens generated at
                       110.7 T/s · prompt 64 tokens, none cached, 64 new in 0.09
                       s · first token 0.09 s, total 2.41 s · draft 152/312
                       accepted (49%) · max_tokens reached
22:01:13.641 INFO:     #25 chat/completions (stream): 67 prompt tokens ·
                       temperature: 0, greedy (req), max_tokens: 256 (req),
                       min_tokens: 256 (req)
22:01:13.753 INFO:     #26 chat/completions (stream): 201 prompt tokens ·
                       temperature: 0, greedy (req), max_tokens: 256 (req),
                       min_tokens: 256 (req)
22:01:13.908 INFO:     #23 chat/completions (stream): 256 tokens generated at
                       137.4 T/s · prompt 109 tokens, none cached, 109 new in
                       0.09 s · first token 0.09 s, total 1.96 s · draft 172/252
                       accepted (68%) · max_tokens reached
22:01:13.957 INFO:     #27 chat/completions (stream): 88 prompt tokens ·
                       temperature: 0, greedy (req), max_tokens: 256 (req),
                       min_tokens: 256 (req)
22:01:15.062 INFO:     #24 chat/completions (stream): 256 tokens generated at
                       148.9 T/s · prompt 829 tokens, none cached, 829 new in
                       0.32 s (2,591 T/s) · first token 0.33 s, total 2.04 s ·
                       draft 174/246 accepted (71%) · max_tokens reached
22:01:15.113 INFO:     #28 chat/completions (stream): 84 prompt tokens ·
                       temperature: 0, greedy (req), max_tokens: 256 (req),
                       min_tokens: 256 (req)
22:01:15.449 INFO:     #25 chat/completions (stream): 256 tokens generated at
                       154.2 T/s · prompt 67 tokens, none cached, 67 new in 0.08
                       s · first token 0.09 s, total 1.75 s · draft 179/231
                       accepted (77%) · max_tokens reached
22:01:15.501 INFO:     #29 chat/completions (stream): 735 prompt tokens ·
                       temperature: 0, greedy (req), max_tokens: 256 (req),
                       min_tokens: 256 (req)
22:01:15.895 INFO:     #26 chat/completions (stream): 256 tokens generated at
                       130.0 T/s · prompt 201 tokens, none cached, 201 new in
                       0.10 s · first token 0.10 s, total 2.07 s · draft 171/255
                       accepted (67%) · max_tokens reached
22:01:15.944 INFO:     #30 chat/completions (stream): 72 prompt tokens ·
                       temperature: 0, greedy (req), max_tokens: 256 (req),
                       min_tokens: 256 (req)
22:01:16.342 INFO:     #27 chat/completions (stream): 256 tokens generated at
                       114.8 T/s · prompt 88 tokens, none cached, 88 new in 0.08
                       s · first token 0.08 s, total 2.32 s · draft 157/297
                       accepted (53%) · max_tokens reached
22:01:16.395 INFO:     #31 chat/completions (stream): 1,231 prompt tokens ·
                       temperature: 0, greedy (req), max_tokens: 256 (req),
                       min_tokens: 256 (req)
22:01:17.591 INFO:     #28 chat/completions (stream): 256 tokens generated at
                       110.2 T/s · prompt 84 tokens, none cached, 84 new in 0.08
                       s · first token 0.09 s, total 2.41 s · draft 166/270
                       accepted (61%) · max_tokens reached
22:01:17.641 INFO:     #33 chat/completions (stream): 134 prompt tokens ·
                       temperature: 0, greedy (req), max_tokens: 256 (req),
                       min_tokens: 256 (req)
22:01:18.003 INFO:     #29 chat/completions (stream): 256 tokens generated at
                       119.5 T/s · prompt 735 tokens, none cached, 735 new in
                       0.29 s (2,534 T/s) · first token 0.30 s, total 2.44 s ·
                       draft 167/267 accepted (63%) · max_tokens reached
22:01:18.055 INFO:     #34 chat/completions (stream): 1,082 prompt tokens ·
                       temperature: 0, greedy (req), max_tokens: 256 (req),
                       min_tokens: 256 (req)
22:01:18.847 INFO:     #31 chat/completions (stream): 256 tokens generated at
                       126.2 T/s · prompt 1,231 tokens, none cached, 1,231 new
                       in 0.36 s (3,419 T/s) · first token 0.37 s, total 2.39 s
                       · draft 166/270 accepted (61%) · max_tokens reached
22:01:18.876 INFO:     #30 chat/completions (stream): 256 tokens generated at
                       91.6 T/s · prompt 72 tokens, none cached, 72 new in 0.08
                       s · first token 0.09 s, total 2.88 s · draft 143/339
                       accepted (42%) · max_tokens reached
22:01:18.890 INFO:     #35 chat/completions (stream): 84 prompt tokens ·
                       temperature: 0, greedy (req), max_tokens: 256 (req),
                       min_tokens: 256 (req)
22:01:19.012 INFO:     #36 chat/completions (stream): 78 prompt tokens ·
                       temperature: 0, greedy (req), max_tokens: 256 (req),
                       min_tokens: 256 (req)
22:01:19.645 INFO:     #33 chat/completions (stream): 256 tokens generated at
                       140.2 T/s · prompt 134 tokens, none cached, 134 new in
                       0.11 s · first token 0.12 s, total 1.94 s · draft 180/228
                       accepted (79%) · max_tokens reached
22:01:19.694 INFO:     #37 chat/completions (stream): 70 prompt tokens ·
                       temperature: 0, greedy (req), max_tokens: 256 (req),
                       min_tokens: 256 (req)
22:01:20.584 INFO:     #34 chat/completions (stream): 256 tokens generated at
                       119.0 T/s · prompt 1,082 tokens, none cached, 1,082 new
                       in 0.31 s (3,490 T/s) · first token 0.32 s, total 2.47 s
                       · draft 149/321 accepted (46%) · max_tokens reached
22:01:20.632 INFO:     #38 chat/completions (stream): 149 prompt tokens ·
                       temperature: 0, greedy (req), max_tokens: 256 (req),
                       min_tokens: 256 (req)
22:01:20.875 INFO:     #35 chat/completions (stream): 256 tokens generated at
                       139.7 T/s · prompt 84 tokens, none cached, 84 new in 0.08
                       s · first token 0.09 s, total 1.92 s · draft 167/267
                       accepted (63%) · max_tokens reached
22:01:20.921 INFO:     #39 chat/completions (stream): 258 prompt tokens ·
                       temperature: 0, greedy (req), max_tokens: 256 (req),
                       min_tokens: 256 (req)
22:01:21.112 INFO:     #36 chat/completions (stream): 256 tokens generated at
                       141.4 T/s · prompt 78 tokens, none cached, 78 new in 0.08
                       s · first token 0.09 s, total 1.90 s · draft 163/279
                       accepted (58%) · max_tokens reached
22:01:21.161 INFO:     #40 chat/completions (stream): 109 prompt tokens ·
                       temperature: 0, greedy (req), max_tokens: 256 (req),
                       min_tokens: 256 (req)
22:01:21.758 INFO:     #37 chat/completions (stream): 256 tokens generated at
                       133.6 T/s · prompt 70 tokens, none cached, 70 new in 0.08
                       s · first token 0.09 s, total 2.00 s · draft 166/270
                       accepted (61%) · max_tokens reached
22:01:21.807 INFO:     #41 chat/completions (stream): 105 prompt tokens ·
                       temperature: 0, greedy (req), max_tokens: 256 (req),
                       min_tokens: 256 (req)
22:01:22.605 INFO:     #38 chat/completions (stream): 256 tokens generated at
                       141.1 T/s · prompt 149 tokens, none cached, 149 new in
                       0.09 s · first token 0.10 s, total 1.91 s · draft 173/249
                       accepted (69%) · max_tokens reached
22:01:22.656 INFO:     #42 chat/completions (stream): 788 prompt tokens ·
                       temperature: 0, greedy (req), max_tokens: 256 (req),
                       min_tokens: 256 (req)
22:01:22.998 INFO:     #39 chat/completions (stream): 256 tokens generated at
                       138.1 T/s · prompt 258 tokens, none cached, 258 new in
                       0.15 s (1,720 T/s) · first token 0.15 s, total 2.01 s ·
                       draft 175/243 accepted (72%) · max_tokens reached
22:01:23.047 INFO:     #43 chat/completions (stream): 62 prompt tokens ·
                       temperature: 0, greedy (req), max_tokens: 256 (req),
                       min_tokens: 256 (req)
22:01:23.339 INFO:     #40 chat/completions (stream): 256 tokens generated at
                       128.5 T/s · prompt 109 tokens, none cached, 109 new in
                       0.12 s · first token 0.13 s, total 2.12 s · draft 165/273
                       accepted (60%) · max_tokens reached
22:01:23.393 INFO:     #44 chat/completions (stream): 1,445 prompt tokens ·
                       temperature: 0, greedy (req), max_tokens: 256 (req),
                       min_tokens: 256 (req)
22:01:24.266 INFO:     #41 chat/completions (stream): 256 tokens generated at
                       111.5 T/s · prompt 105 tokens, none cached, 105 new in
                       0.09 s · first token 0.10 s, total 2.39 s · draft 164/276
                       accepted (59%) · max_tokens reached
22:01:24.316 INFO:     #45 chat/completions (stream): 159 prompt tokens ·
                       temperature: 0, greedy (req), max_tokens: 256 (req),
                       min_tokens: 256 (req)
22:01:24.926 INFO:     #42 chat/completions (stream): 256 tokens generated at
                       129.3 T/s · prompt 788 tokens, none cached, 788 new in
                       0.22 s (3,582 T/s) · first token 0.23 s, total 2.21 s ·
                       draft 175/243 accepted (72%) · max_tokens reached
22:01:24.977 INFO:     #46 chat/completions (stream): 705 prompt tokens ·
                       temperature: 0, greedy (req), max_tokens: 256 (req),
                       min_tokens: 256 (req)
22:01:25.437 INFO:     #43 chat/completions (stream): 256 tokens generated at
                       113.8 T/s · prompt 62 tokens, none cached, 62 new in 0.07
                       s · first token 0.08 s, total 2.32 s · draft 171/255
                       accepted (67%) · max_tokens reached
22:01:25.485 INFO:     #47 chat/completions (stream): 62 prompt tokens ·
                       temperature: 0, greedy (req), max_tokens: 256 (req),
                       min_tokens: 256 (req)
22:01:25.995 INFO:     #44 chat/completions (stream): 256 tokens generated at
                       118.7 T/s · prompt 1,445 tokens, none cached, 1,445 new
                       in 0.38 s (3,803 T/s) · first token 0.39 s, total 2.54 s
                       · draft 159/291 accepted (55%) · max_tokens reached
22:01:26.037 INFO:     #48 chat/completions (stream): 796 prompt tokens ·
                       temperature: 0, greedy (req), max_tokens: 256 (req),
                       min_tokens: 256 (req)
22:01:26.038 INFO:     #45 chat/completions (stream): 256 tokens generated at
                       163.4 T/s · prompt 159 tokens, none cached, 159 new in
                       0.09 s · first token 0.10 s, total 1.66 s · draft 186/210
                       accepted (89%) · max_tokens reached
22:01:26.302 INFO:     #49 chat/completions (stream): 93 prompt tokens ·
                       temperature: 0, greedy (req), max_tokens: 256 (req),
                       min_tokens: 256 (req)
22:01:27.288 INFO:     #46 chat/completions (stream): 256 tokens generated at
                       130.8 T/s · prompt 705 tokens, none cached, 705 new in
                       0.28 s (2,518 T/s) · first token 0.29 s, total 2.24 s ·
                       draft 166/270 accepted (61%) · max_tokens reached
22:01:27.338 INFO:     #50 chat/completions (stream): 94 prompt tokens ·
                       temperature: 0, greedy (req), max_tokens: 256 (req),
                       min_tokens: 256 (req)
22:01:27.564 INFO:     #47 chat/completions (stream): 256 tokens generated at
                       132.0 T/s · prompt 62 tokens, none cached, 62 new in 0.07
                       s · first token 0.08 s, total 2.01 s · draft 168/264
                       accepted (64%) · max_tokens reached
22:01:27.613 INFO:     #51 chat/completions (stream): 65 prompt tokens ·
                       temperature: 0, greedy (req), max_tokens: 256 (req),
                       min_tokens: 256 (req)
22:01:27.987 INFO:     #49 chat/completions (stream): 256 tokens generated at
                       167.7 T/s · prompt 93 tokens, none cached, 93 new in 0.09
                       s · first token 0.10 s, total 1.62 s · draft 179/231
                       accepted (77%) · max_tokens reached
22:01:28.040 INFO:     #52 chat/completions (stream): 1,347 prompt tokens ·
                       temperature: 0, greedy (req), max_tokens: 256 (req),
                       min_tokens: 256 (req)
22:01:28.561 INFO:     #48 chat/completions (stream): 256 tokens generated at
                       115.0 T/s · prompt 796 tokens, none cached, 796 new in
                       0.23 s (3,461 T/s) · first token 0.24 s, total 2.46 s ·
                       draft 164/276 accepted (59%) · max_tokens reached
22:01:28.612 INFO:     #53 chat/completions (stream): 754 prompt tokens ·
                       temperature: 0, greedy (req), max_tokens: 256 (req),
                       min_tokens: 256 (req)
22:01:29.728 INFO:     #50 chat/completions (stream): 256 tokens generated at
                       114.0 T/s · prompt 94 tokens, none cached, 94 new in 0.09
                       s · first token 0.10 s, total 2.34 s · draft 169/261
                       accepted (65%) · max_tokens reached
22:01:29.729 INFO:     #51 chat/completions (stream): 256 tokens generated at
                       129.1 T/s · prompt 65 tokens, none cached, 65 new in 0.07
                       s · first token 0.08 s, total 2.06 s · draft 180/228
                       accepted (79%) · max_tokens reached
22:01:29.772 INFO:     #54 chat/completions (stream): 73 prompt tokens ·
                       temperature: 0, greedy (req), max_tokens: 256 (req),
                       min_tokens: 256 (req)
22:01:29.773 INFO:     #55 chat/completions (stream): 758 prompt tokens ·
                       temperature: 0, greedy (req), max_tokens: 256 (req),
                       min_tokens: 256 (req)
22:01:30.900 INFO:     #52 chat/completions (stream): 256 tokens generated at
                       105.4 T/s · prompt 1,347 tokens, none cached, 1,347 new
                       in 0.37 s (3,641 T/s) · first token 0.38 s, total 2.80 s
                       · draft 160/288 accepted (56%) · max_tokens reached
22:01:30.929 INFO:     #53 chat/completions (stream): 256 tokens generated at
                       130.1 T/s · prompt 754 tokens, none cached, 754 new in
                       0.29 s (2,600 T/s) · first token 0.30 s, total 2.26 s ·
                       draft 171/255 accepted (67%) · max_tokens reached
22:01:30.943 INFO:     #56 chat/completions (stream): 63 prompt tokens ·
                       temperature: 0, greedy (req), max_tokens: 256 (req),
                       min_tokens: 256 (req)
22:01:31.053 INFO:     #57 chat/completions (stream): 71 prompt tokens ·
                       temperature: 0, greedy (req), max_tokens: 256 (req),
                       min_tokens: 256 (req)
22:01:31.890 INFO:     #54 chat/completions (stream): 256 tokens generated at
                       141.4 T/s · prompt 73 tokens, none cached, 73 new in 0.23
                       s · first token 0.24 s, total 2.05 s · draft 175/243
                       accepted (72%) · max_tokens reached
22:01:31.941 INFO:     #58 chat/completions (stream): 71 prompt tokens ·
                       temperature: 0, greedy (req), max_tokens: 256 (req),
                       min_tokens: 256 (req)
22:01:32.237 INFO:     #55 chat/completions (stream): 256 tokens generated at
                       128.2 T/s · prompt 758 tokens, none cached, 758 new in
                       0.29 s (2,614 T/s) · first token 0.38 s, total 2.37 s ·
                       draft 162/282 accepted (57%) · max_tokens reached
22:01:32.288 INFO:     #60 chat/completions (stream): 741 prompt tokens ·
                       temperature: 0, greedy (req), max_tokens: 256 (req),
                       min_tokens: 256 (req)
22:01:33.261 INFO:     #56 chat/completions (stream): 256 tokens generated at
                       117.4 T/s · prompt 63 tokens, none cached, 63 new in 0.07
                       s · first token 0.08 s, total 2.26 s · draft 159/291
                       accepted (55%) · max_tokens reached
22:01:33.301 INFO:     #61 chat/completions (stream): 117 prompt tokens ·
                       temperature: 0, greedy (req), max_tokens: 256 (req),
                       min_tokens: 256 (req)
22:01:33.302 INFO:     #57 chat/completions (stream): 256 tokens generated at
                       121.2 T/s · prompt 71 tokens, none cached, 71 new in 0.08
                       s · first token 0.08 s, total 2.20 s · draft 158/294
                       accepted (54%) · max_tokens reached
22:01:33.455 INFO:     #62 chat/completions (stream): 72 prompt tokens ·
                       temperature: 0, greedy (req), max_tokens: 256 (req),
                       min_tokens: 256 (req)
22:01:33.876 INFO:     #58 chat/completions (stream): 256 tokens generated at
                       143.1 T/s · prompt 71 tokens, none cached, 71 new in 0.08
                       s · first token 0.09 s, total 1.88 s · draft 180/228
                       accepted (79%) · max_tokens reached
22:01:33.924 INFO:     #63 chat/completions (stream): 127 prompt tokens ·
                       temperature: 0, greedy (req), max_tokens: 256 (req),
                       min_tokens: 256 (req)
22:01:34.503 INFO:     #60 chat/completions (stream): 256 tokens generated at
                       137.7 T/s · prompt 741 tokens, none cached, 741 new in
                       0.28 s (2,646 T/s) · first token 0.29 s, total 2.14 s ·
                       draft 166/270 accepted (61%) · max_tokens reached
22:01:34.552 INFO:     #64 chat/completions (stream): 62 prompt tokens ·
                       temperature: 0, greedy (req), max_tokens: 256 (req),
                       min_tokens: 256 (req)
22:01:35.339 INFO:     #61 chat/completions (stream): 256 tokens generated at
                       137.1 T/s · prompt 117 tokens, none cached, 117 new in
                       0.10 s · first token 0.11 s, total 1.97 s · draft 165/273
                       accepted (60%) · max_tokens reached
22:01:35.380 INFO:     #65 chat/completions (stream): 104 prompt tokens ·
                       temperature: 0, greedy (req), max_tokens: 256 (req),
                       min_tokens: 256 (req)
22:01:35.495 INFO:     #62 chat/completions (stream): 256 tokens generated at
                       142.2 T/s · prompt 72 tokens, none cached, 72 new in 0.08
                       s · first token 0.08 s, total 1.89 s · draft 164/276
                       accepted (59%) · max_tokens reached
22:01:35.545 INFO:     #66 chat/completions (stream): 67 prompt tokens ·
                       temperature: 0, greedy (req), max_tokens: 256 (req),
                       min_tokens: 256 (req)
22:01:35.917 INFO:     #63 chat/completions (stream): 256 tokens generated at
                       140.7 T/s · prompt 127 tokens, none cached, 127 new in
                       0.10 s · first token 0.11 s, total 1.92 s · draft 167/267
                       accepted (63%) · max_tokens reached
22:01:35.966 INFO:     #67 chat/completions (stream): 676 prompt tokens ·
                       temperature: 0, greedy (req), max_tokens: 256 (req),
                       min_tokens: 256 (req)
22:01:36.784 INFO:     #64 chat/completions (stream): 256 tokens generated at
                       122.5 T/s · prompt 62 tokens, none cached, 62 new in 0.07
                       s · first token 0.08 s, total 2.17 s · draft 161/285
                       accepted (56%) · max_tokens reached
22:01:36.836 INFO:     #68 chat/completions (stream): 802 prompt tokens ·
                       temperature: 0, greedy (req), max_tokens: 256 (req),
                       min_tokens: 256 (req)
22:01:37.728 INFO:     #65 chat/completions (stream): 256 tokens generated at
                       117.2 T/s · prompt 104 tokens, none cached, 104 new in
                       0.09 s · first token 0.10 s, total 2.28 s · draft 165/273
                       accepted (60%) · max_tokens reached
22:01:37.779 INFO:     #69 chat/completions (stream): 992 prompt tokens ·
                       temperature: 0, greedy (req), max_tokens: 256 (req),
                       min_tokens: 256 (req)
22:01:38.177 INFO:     #66 chat/completions (stream): 256 tokens generated at
                       102.9 T/s · prompt 67 tokens, none cached, 67 new in 0.07
                       s · first token 0.07 s, total 2.56 s · draft 160/288
                       accepted (56%) · max_tokens reached
22:01:38.234 INFO:     #70 chat/completions (stream): 68 prompt tokens ·
                       temperature: 0, greedy (req), max_tokens: 256 (req),
                       min_tokens: 256 (req)
22:01:38.553 INFO:     #67 chat/completions (stream): 256 tokens generated at
                       113.8 T/s · prompt 676 tokens, none cached, 676 new in
                       0.27 s (2,504 T/s) · first token 0.27 s, total 2.52 s ·
                       draft 164/276 accepted (59%) · max_tokens reached
22:01:38.604 INFO:     #71 chat/completions (stream): 785 prompt tokens ·
                       temperature: 0, greedy (req), max_tokens: 256 (req),
                       min_tokens: 256 (req)
22:01:39.532 INFO:     #68 chat/completions (stream): 256 tokens generated at
                       108.6 T/s · prompt 802 tokens, none cached, 802 new in
                       0.27 s (2,970 T/s) · first token 0.28 s, total 2.63 s ·
                       draft 156/300 accepted (52%) · max_tokens reached
22:01:39.582 INFO:     #72 chat/completions (stream): 262 prompt tokens ·
                       temperature: 0, greedy (req), max_tokens: 256 (req),
                       min_tokens: 256 (req)
22:01:40.115 INFO:     #69 chat/completions (stream): 256 tokens generated at
                       131.1 T/s · prompt 992 tokens, none cached, 992 new in
                       0.31 s (3,200 T/s) · first token 0.32 s, total 2.27 s ·
                       draft 171/255 accepted (67%) · max_tokens reached
22:01:40.166 INFO:     #73 chat/completions (stream): 689 prompt tokens ·
                       temperature: 0, greedy (req), max_tokens: 256 (req),
                       min_tokens: 256 (req)
22:01:40.657 INFO:     #70 chat/completions (stream): 256 tokens generated at
                       112.4 T/s · prompt 68 tokens, none cached, 68 new in 0.08
                       s · first token 0.09 s, total 2.36 s · draft 164/276
                       accepted (59%) · max_tokens reached
22:01:40.709 INFO:     #74 chat/completions (stream): 702 prompt tokens ·
                       temperature: 0, greedy (req), max_tokens: 256 (req),
                       min_tokens: 256 (req)
22:01:41.126 INFO:     #71 chat/completions (stream): 256 tokens generated at
                       115.3 T/s · prompt 785 tokens, none cached, 785 new in
                       0.23 s (3,413 T/s) · first token 0.24 s, total 2.45 s ·
                       draft 170/258 accepted (66%) · max_tokens reached
22:01:41.177 INFO:     #75 chat/completions (stream): 785 prompt tokens ·
                       temperature: 0, greedy (req), max_tokens: 256 (req),
                       min_tokens: 256 (req)
22:01:41.958 INFO:     #72 chat/completions (stream): 256 tokens generated at
                       119.8 T/s · prompt 262 tokens, none cached, 262 new in
                       0.17 s (1,541 T/s) · first token 0.18 s, total 2.31 s ·
                       draft 178/234 accepted (76%) · max_tokens reached
22:01:42.006 INFO:     #76 chat/completions (stream): 67 prompt tokens ·
                       temperature: 0, greedy (req), max_tokens: 256 (req),
                       min_tokens: 256 (req)
22:01:42.930 INFO:     #75 chat/completions (stream): 256 tokens generated at
                       174.3 T/s · prompt 785 tokens, none cached, 785 new in
                       0.23 s (3,413 T/s) · first token 0.24 s, total 1.70 s ·
                       draft 178/234 accepted (76%) · max_tokens reached
22:01:42.942 INFO:     #73 chat/completions (stream): 256 tokens generated at
                       105.3 T/s · prompt 689 tokens, none cached, 689 new in
                       0.30 s (2,297 T/s) · first token 0.31 s, total 2.74 s ·
                       draft 150/318 accepted (47%) · max_tokens reached
22:01:42.943 INFO:     #74 chat/completions (stream): 256 tokens generated at
                       134.1 T/s · prompt 702 tokens, none cached, 702 new in
                       0.28 s (2,507 T/s) · first token 0.29 s, total 2.19 s ·
                       draft 165/273 accepted (60%) · max_tokens reached
22:01:42.967 INFO:     #77 chat/completions (stream): 724 prompt tokens ·
                       temperature: 0, greedy (req), max_tokens: 256 (req),
                       min_tokens: 256 (req)
22:01:43.140 INFO:     #78 chat/completions (stream): 63 prompt tokens ·
                       temperature: 0, greedy (req), max_tokens: 256 (req),
                       min_tokens: 256 (req)
22:01:43.142 INFO:     #79 chat/completions (stream): 414 prompt tokens ·
                       temperature: 0, greedy (req), max_tokens: 256 (req),
                       min_tokens: 256 (req)
22:01:44.230 INFO:     #76 chat/completions (stream): 256 tokens generated at
                       124.1 T/s · prompt 67 tokens, none cached, 67 new in 0.08
                       s · first token 0.09 s, total 2.15 s · draft 173/249
                       accepted (69%) · max_tokens reached
22:01:44.278 INFO:     #80 chat/completions (stream): 104 prompt tokens ·
                       temperature: 0, greedy (req), max_tokens: 256 (req),
                       min_tokens: 256 (req)
22:01:45.458 INFO:     #77 chat/completions (stream): 256 tokens generated at
                       134.8 T/s · prompt 724 tokens, none cached, 724 new in
                       0.53 s (1,366 T/s) · first token 0.54 s, total 2.43 s ·
                       draft 162/282 accepted (57%) · max_tokens reached
22:01:45.459 INFO:     #79 chat/completions (stream): 256 tokens generated at
                       143.5 T/s · prompt 414 tokens, none cached, 414 new in
                       0.25 s (1,656 T/s) · queued 0.23 s, first token 0.48 s,
                       total 2.27 s · draft 163/279 accepted (58%) · max_tokens
                       reached
22:01:45.494 INFO:     #81 chat/completions (stream): 666 prompt tokens ·
                       temperature: 0, greedy (req), max_tokens: 256 (req),
                       min_tokens: 256 (req)
22:01:45.495 INFO:     #82 chat/completions (stream): 90 prompt tokens ·
                       temperature: 0, greedy (req), max_tokens: 256 (req),
                       min_tokens: 256 (req)
22:01:45.770 INFO:     #78 chat/completions (stream): 256 tokens generated at
                       131.2 T/s · prompt 63 tokens, none cached, 63 new in 0.21
                       s · queued 0.16 s, first token 0.37 s, total 2.32 s ·
                       draft 158/294 accepted (54%) · max_tokens reached
22:01:45.913 INFO:     #83 chat/completions (stream): 61 prompt tokens ·
                       temperature: 0, greedy (req), max_tokens: 256 (req),
                       min_tokens: 256 (req)
22:01:46.522 INFO:     #80 chat/completions (stream): 256 tokens generated at
                       123.3 T/s · prompt 104 tokens, none cached, 104 new in
                       0.10 s · first token 0.11 s, total 2.18 s · draft 163/279
                       accepted (58%) · max_tokens reached
22:01:46.575 INFO:     #84 chat/completions (stream): 1,355 prompt tokens ·
                       temperature: 0, greedy (req), max_tokens: 256 (req),
                       min_tokens: 256 (req)
22:01:48.027 INFO:     #83 chat/completions (stream): 256 tokens generated at
                       129.7 T/s · prompt 61 tokens, none cached, 61 new in 0.07
                       s · first token 0.08 s, total 2.05 s · draft 168/264
                       accepted (64%) · max_tokens reached
22:01:48.062 INFO:     #86 chat/completions (stream): 67 prompt tokens ·
                       temperature: 0, greedy (req), max_tokens: 256 (req),
                       min_tokens: 256 (req)
22:01:48.157 INFO:     #82 chat/completions (stream): 256 tokens generated at
                       112.8 T/s · prompt 90 tokens, none cached, 90 new in 0.09
                       s · queued 0.17 s, first token 0.26 s, total 2.53 s ·
                       draft 160/288 accepted (56%) · max_tokens reached
22:01:48.172 INFO:     #81 chat/completions (stream): 256 tokens generated at
                       117.8 T/s · prompt 666 tokens, none cached, 666 new in
                       0.36 s (1,850 T/s) · first token 0.37 s, total 2.54 s ·
                       draft 160/288 accepted (56%) · max_tokens reached
22:01:48.202 INFO:     #87 chat/completions (stream): 1,173 prompt tokens ·
                       temperature: 0, greedy (req), max_tokens: 256 (req),
                       min_tokens: 256 (req)
22:01:48.455 INFO:     #88 chat/completions (stream): 65 prompt tokens ·
                       temperature: 0, greedy (req), max_tokens: 256 (req),
                       min_tokens: 256 (req)
22:01:49.172 INFO:     #84 chat/completions (stream): 256 tokens generated at
                       120.0 T/s · prompt 1,355 tokens, none cached, 1,355 new
                       in 0.39 s (3,474 T/s) · first token 0.40 s, total 2.53 s
                       · draft 163/279 accepted (58%) · max_tokens reached
22:01:49.231 INFO:     #89 chat/completions (stream): 100 prompt tokens ·
                       temperature: 0, greedy (req), max_tokens: 256 (req),
                       min_tokens: 256 (req)
22:01:50.237 INFO:     #86 chat/completions (stream): 256 tokens generated at
                       127.5 T/s · prompt 67 tokens, none cached, 67 new in 0.08
                       s · first token 0.09 s, total 2.09 s · draft 172/252
                       accepted (68%) · max_tokens reached
22:01:50.287 INFO:     #90 chat/completions (stream): 110 prompt tokens ·
                       temperature: 0, greedy (req), max_tokens: 256 (req),
                       min_tokens: 256 (req)
22:01:50.619 INFO:     #87 chat/completions (stream): 256 tokens generated at
                       133.0 T/s · prompt 1,173 tokens, none cached, 1,173 new
                       in 0.42 s (2,793 T/s) · first token 0.42 s, total 2.35 s
                       · draft 161/285 accepted (56%) · max_tokens reached
22:01:50.669 INFO:     #91 chat/completions (stream): 112 prompt tokens ·
                       temperature: 0, greedy (req), max_tokens: 256 (req),
                       min_tokens: 256 (req)
22:01:50.996 INFO:     #88 chat/completions (stream): 256 tokens generated at
                       111.2 T/s · prompt 65 tokens, none cached, 65 new in 0.07
                       s · queued 0.10 s, first token 0.17 s, total 2.48 s ·
                       draft 145/333 accepted (44%) · max_tokens reached
22:01:51.037 INFO:     #92 chat/completions (stream): 64 prompt tokens ·
                       temperature: 0, greedy (req), max_tokens: 256 (req),
                       min_tokens: 256 (req)
22:01:51.129 INFO:     #89 chat/completions (stream): 256 tokens generated at
                       153.7 T/s · prompt 100 tokens, none cached, 100 new in
                       0.09 s · first token 0.10 s, total 1.76 s · draft 175/243
                       accepted (72%) · max_tokens reached
22:01:51.178 INFO:     #93 chat/completions (stream): 63 prompt tokens ·
                       temperature: 0, greedy (req), max_tokens: 256 (req),
                       min_tokens: 256 (req)
22:01:52.304 INFO:     #90 chat/completions (stream): 256 tokens generated at
                       138.5 T/s · prompt 110 tokens, none cached, 110 new in
                       0.10 s · first token 0.11 s, total 1.95 s · draft 166/270
                       accepted (61%) · max_tokens reached
22:01:52.356 INFO:     #94 chat/completions (stream): 794 prompt tokens ·
                       temperature: 0, greedy (req), max_tokens: 256 (req),
                       min_tokens: 256 (req)
22:01:52.827 INFO:     #91 chat/completions (stream): 256 tokens generated at
                       128.5 T/s · prompt 112 tokens, none cached, 112 new in
                       0.09 s · first token 0.10 s, total 2.09 s · draft 165/273
                       accepted (60%) · max_tokens reached
22:01:52.878 INFO:     #95 chat/completions (stream): 440 prompt tokens ·
                       temperature: 0, greedy (req), max_tokens: 256 (req),
                       min_tokens: 256 (req)
22:01:53.326 INFO:     #92 chat/completions (stream): 256 tokens generated at
                       119.1 T/s · prompt 64 tokens, none cached, 64 new in 0.07
                       s · first token 0.08 s, total 2.22 s · draft 167/267
                       accepted (63%) · max_tokens reached
22:01:53.375 INFO:     #96 chat/completions (stream): 65 prompt tokens ·
                       temperature: 0, greedy (req), max_tokens: 256 (req),
                       min_tokens: 256 (req)
22:01:53.713 INFO:     #93 chat/completions (stream): 256 tokens generated at
                       107.0 T/s · prompt 63 tokens, none cached, 63 new in 0.07
                       s · first token 0.07 s, total 2.47 s · draft 153/309
                       accepted (50%) · max_tokens reached
22:01:53.765 INFO:     #97 chat/completions (stream): 1,320 prompt tokens ·
                       temperature: 0, greedy (req), max_tokens: 256 (req),
                       min_tokens: 256 (req)
22:01:54.893 INFO:     #94 chat/completions (stream): 256 tokens generated at
                       115.0 T/s · prompt 794 tokens, none cached, 794 new in
                       0.24 s (3,308 T/s) · first token 0.25 s, total 2.47 s ·
                       draft 169/261 accepted (65%) · max_tokens reached
22:01:54.945 INFO:     #98 chat/completions (stream): 795 prompt tokens ·
                       temperature: 0, greedy (req), max_tokens: 256 (req),
                       min_tokens: 256 (req)
22:01:55.455 INFO:     #95 chat/completions (stream): 256 tokens generated at
                       113.4 T/s · prompt 440 tokens, none cached, 440 new in
                       0.25 s (1,760 T/s) · first token 0.26 s, total 2.51 s ·
                       draft 167/267 accepted (63%) · max_tokens reached
22:01:55.505 INFO:     #99 chat/completions (stream): 267 prompt tokens ·
                       temperature: 0, greedy (req), max_tokens: 256 (req),
                       min_tokens: 256 (req)
22:01:55.874 INFO:     #96 chat/completions (stream): 256 tokens generated at
                       108.7 T/s · prompt 65 tokens, none cached, 65 new in 0.07
                       s · first token 0.08 s, total 2.43 s · draft 165/273
                       accepted (60%) · max_tokens reached
22:01:55.926 INFO:     #100 chat/completions (stream): 300 prompt tokens ·
                       temperature: 0, greedy (req), max_tokens: 256 (req),
                       min_tokens: 256 (req)
22:01:56.589 INFO:     #97 chat/completions (stream): 256 tokens generated at
                       107.6 T/s · prompt 1,320 tokens, none cached, 1,320 new
                       in 0.37 s (3,568 T/s) · first token 0.38 s, total 2.76 s
                       · draft 156/300 accepted (52%) · max_tokens reached
22:01:56.640 INFO:     #101 chat/completions (stream): 73 prompt tokens ·
                       temperature: 0, greedy (req), max_tokens: 256 (req),
                       min_tokens: 256 (req)
22:01:57.203 INFO:     #98 chat/completions (stream): 256 tokens generated at
                       131.4 T/s · prompt 795 tokens, none cached, 795 new in
                       0.24 s (3,312 T/s) · first token 0.25 s, total 2.19 s ·
                       draft 172/252 accepted (68%) · max_tokens reached
22:01:57.253 INFO:     #102 chat/completions (stream): 64 prompt tokens ·
                       temperature: 0, greedy (req), max_tokens: 256 (req),
                       min_tokens: 256 (req)
22:01:57.534 INFO:     #99 chat/completions (stream): 256 tokens generated at
                       143.3 T/s · prompt 267 tokens, none cached, 267 new in
                       0.17 s (1,571 T/s) · first token 0.18 s, total 1.96 s ·
                       draft 176/240 accepted (73%) · max_tokens reached
22:01:57.583 INFO:     #103 chat/completions (stream): 121 prompt tokens ·
                       temperature: 0, greedy (req), max_tokens: 256 (req),
                       min_tokens: 256 (req)
22:01:58.024 INFO:     #100 chat/completions (stream): 256 tokens generated at
                       141.2 T/s · prompt 300 tokens, none cached, 300 new in
                       0.21 s (1,429 T/s) · first token 0.22 s, total 2.03 s ·
                       draft 169/261 accepted (65%) · max_tokens reached
22:01:58.075 INFO:     #104 chat/completions (stream): 464 prompt tokens ·
                       temperature: 0, greedy (req), max_tokens: 256 (req),
                       min_tokens: 256 (req)
22:01:58.735 INFO:     #101 chat/completions (stream): 256 tokens generated at
                       131.7 T/s · prompt 73 tokens, none cached, 73 new in 0.08
                       s · first token 0.09 s, total 2.03 s · draft 170/258
                       accepted (66%) · max_tokens reached
22:01:58.787 INFO:     #105 chat/completions (stream): 443 prompt tokens ·
                       temperature: 0, greedy (req), max_tokens: 256 (req),
                       min_tokens: 256 (req)
22:01:59.701 INFO:     #103 chat/completions (stream): 256 tokens generated at
                       131.3 T/s · prompt 121 tokens, none cached, 121 new in
                       0.10 s · first token 0.11 s, total 2.06 s · draft 175/243
                       accepted (72%) · max_tokens reached
22:01:59.741 INFO:     #106 chat/completions (stream): 74 prompt tokens ·
                       temperature: 0, greedy (req), max_tokens: 256 (req),
                       min_tokens: 256 (req)
22:01:59.742 INFO:     #102 chat/completions (stream): 256 tokens generated at
                       108.6 T/s · prompt 64 tokens, none cached, 64 new in 0.07
                       s · first token 0.08 s, total 2.43 s · draft 157/297
                       accepted (53%) · max_tokens reached
22:01:59.875 INFO:     #107 chat/completions (stream): 153 prompt tokens ·
                       temperature: 0, greedy (req), max_tokens: 256 (req),
                       min_tokens: 256 (req)
22:02:00.543 INFO:     #104 chat/completions (stream): 256 tokens generated at
                       119.9 T/s · prompt 464 tokens, none cached, 464 new in
                       0.26 s (1,785 T/s) · first token 0.27 s, total 2.40 s ·
                       draft 161/285 accepted (56%) · max_tokens reached
22:02:00.595 INFO:     #108 chat/completions (stream): 63 prompt tokens ·
                       temperature: 0, greedy (req), max_tokens: 256 (req),
                       min_tokens: 256 (req)
22:02:01.083 INFO:     #105 chat/completions (stream): 256 tokens generated at
                       129.7 T/s · prompt 443 tokens, none cached, 443 new in
                       0.25 s (1,772 T/s) · first token 0.26 s, total 2.23 s ·
                       draft 161/285 accepted (56%) · max_tokens reached
22:02:01.136 INFO:     #109 chat/completions (stream): 729 prompt tokens ·
                       temperature: 0, greedy (req), max_tokens: 256 (req),
                       min_tokens: 256 (req)
22:02:01.941 INFO:     #107 chat/completions (stream): 256 tokens generated at
                       134.4 T/s · prompt 153 tokens, none cached, 153 new in
                       0.09 s · first token 0.09 s, total 2.00 s · draft 172/252
                       accepted (68%) · max_tokens reached
22:02:01.988 INFO:     #110 chat/completions (stream): 789 prompt tokens ·
                       temperature: 0, greedy (req), max_tokens: 256 (req),
                       min_tokens: 256 (req)
22:02:02.274 INFO:     #106 chat/completions (stream): 256 tokens generated at
                       119.2 T/s · prompt 74 tokens, none cached, 74 new in 0.08
                       s · first token 0.09 s, total 2.23 s · draft 163/279
                       accepted (58%) · max_tokens reached
22:02:02.324 INFO:     #112 chat/completions (stream): 168 prompt tokens ·
                       temperature: 0, greedy (req), max_tokens: 256 (req),
                       min_tokens: 256 (req)
22:02:03.266 INFO:     #108 chat/completions (stream): 256 tokens generated at
                       101.2 T/s · prompt 63 tokens, none cached, 63 new in 0.07
                       s · first token 0.08 s, total 2.60 s · draft 151/315
                       accepted (48%) · max_tokens reached
22:02:03.315 INFO:     #113 chat/completions (stream): 143 prompt tokens ·
                       temperature: 0, greedy (req), max_tokens: 256 (req),
                       min_tokens: 256 (req)
22:02:03.748 INFO:     #109 chat/completions (stream): 256 tokens generated at
                       115.3 T/s · prompt 729 tokens, none cached, 729 new in
                       0.32 s (2,278 T/s) · first token 0.33 s, total 2.55 s ·
                       draft 157/297 accepted (53%) · max_tokens reached
22:02:03.798 INFO:     #114 chat/completions (stream): 118 prompt tokens ·
                       temperature: 0, greedy (req), max_tokens: 256 (req),
                       min_tokens: 256 (req)
22:02:04.166 INFO:     #112 chat/completions (stream): 256 tokens generated at
                       153.1 T/s · prompt 168 tokens, none cached, 168 new in
                       0.10 s · first token 0.11 s, total 1.78 s · draft 175/243
                       accepted (72%) · max_tokens reached
22:02:04.234 INFO:     #115 chat/completions (stream): 273 prompt tokens ·
                       temperature: 0, greedy (req), max_tokens: 256 (req),
                       min_tokens: 256 (req)
22:02:04.612 INFO:     #110 chat/completions (stream): 256 tokens generated at
                       111.1 T/s · prompt 789 tokens, none cached, 789 new in
                       0.25 s (3,156 T/s) · first token 0.26 s, total 2.56 s ·
                       draft 154/306 accepted (50%) · max_tokens reached
22:02:04.661 INFO:     #116 chat/completions (stream): 87 prompt tokens ·
                       temperature: 0, greedy (req), max_tokens: 256 (req),
                       min_tokens: 256 (req)
22:02:05.737 INFO:     #113 chat/completions (stream): 256 tokens generated at
                       114.4 T/s · prompt 143 tokens, none cached, 143 new in
                       0.11 s · first token 0.12 s, total 2.35 s · draft 151/315
                       accepted (48%) · max_tokens reached
22:02:05.787 INFO:     #117 chat/completions (stream): 130 prompt tokens ·
                       temperature: 0, greedy (req), max_tokens: 256 (req),
                       min_tokens: 256 (req)
22:02:06.183 INFO:     #114 chat/completions (stream): 256 tokens generated at
                       114.9 T/s · prompt 118 tokens, none cached, 118 new in
                       0.10 s · first token 0.11 s, total 2.33 s · draft 152/312
                       accepted (49%) · max_tokens reached
22:02:06.183 INFO:     #116 chat/completions (stream): 256 tokens generated at
                       185.2 T/s · prompt 87 tokens, none cached, 87 new in 0.09
                       s · first token 0.10 s, total 1.48 s · draft 186/210
                       accepted (89%) · max_tokens reached
22:02:06.207 INFO:     #115 chat/completions (stream): 256 tokens generated at
                       145.6 T/s · prompt 273 tokens, none cached, 273 new in
                       0.16 s (1,706 T/s) · first token 0.17 s, total 1.92 s ·
                       draft 169/261 accepted (65%) · max_tokens reached
22:02:06.218 INFO:     #118 chat/completions (stream): 63 prompt tokens ·
                       temperature: 0, greedy (req), max_tokens: 256 (req),
                       min_tokens: 256 (req)
22:02:06.218 INFO:     #119 chat/completions (stream): 67 prompt tokens ·
                       temperature: 0, greedy (req), max_tokens: 256 (req),
                       min_tokens: 256 (req)
22:02:06.405 INFO:     #120 chat/completions (stream): 61 prompt tokens ·
                       temperature: 0, greedy (req), max_tokens: 256 (req),
                       min_tokens: 256 (req)
22:02:07.520 INFO:     #117 chat/completions (stream): 256 tokens generated at
                       164.7 T/s · prompt 130 tokens, none cached, 130 new in
                       0.11 s · first token 0.12 s, total 1.67 s · draft 180/228
                       accepted (79%) · max_tokens reached
22:02:07.570 INFO:     #121 chat/completions (stream): 96 prompt tokens ·
                       temperature: 0, greedy (req), max_tokens: 256 (req),
                       min_tokens: 256 (req)
22:02:08.253 INFO:     #119 chat/completions (stream): 256 tokens generated at
                       142.7 T/s · prompt 67 tokens, none cached, 67 new in 0.08
                       s · first token 0.16 s, total 1.96 s · draft 165/273
                       accepted (60%) · max_tokens reached
22:02:08.294 INFO:     #122 chat/completions (stream): 497 prompt tokens ·
                       temperature: 0, greedy (req), max_tokens: 256 (req),
                       min_tokens: 256 (req)
22:02:08.445 INFO:     #120 chat/completions (stream): 256 tokens generated at
                       144.4 T/s · prompt 61 tokens, none cached, 61 new in 0.07
                       s · first token 0.07 s, total 1.85 s · draft 163/279
                       accepted (58%) · max_tokens reached
22:02:08.611 INFO:     #123 chat/completions (stream): 357 prompt tokens ·
                       temperature: 0, greedy (req), max_tokens: 256 (req),
                       min_tokens: 256 (req)
22:02:08.900 INFO:     #118 chat/completions (stream): 256 tokens generated at
                       114.5 T/s · prompt 63 tokens, none cached, 63 new in 0.15
                       s · first token 0.16 s, total 2.40 s · draft 154/306
                       accepted (50%) · max_tokens reached
22:02:08.948 INFO:     #124 chat/completions (stream): 82 prompt tokens ·
                       temperature: 0, greedy (req), max_tokens: 256 (req),
                       min_tokens: 256 (req)
22:02:09.706 INFO:     #121 chat/completions (stream): 256 tokens generated at
                       129.6 T/s · prompt 96 tokens, none cached, 96 new in 0.09
                       s · first token 0.10 s, total 2.07 s · draft 177/237
                       accepted (75%) · max_tokens reached
22:02:09.758 INFO:     #125 chat/completions (stream): 851 prompt tokens ·
                       temperature: 0, greedy (req), max_tokens: 256 (req),
                       min_tokens: 256 (req)
22:02:10.778 INFO:     #122 chat/completions (stream): 256 tokens generated at
                       119.0 T/s · prompt 497 tokens, none cached, 497 new in
                       0.26 s (1,912 T/s) · first token 0.27 s, total 2.42 s ·
                       draft 170/258 accepted (66%) · max_tokens reached
22:02:10.828 INFO:     #126 chat/completions (stream): 121 prompt tokens ·
                       temperature: 0, greedy (req), max_tokens: 256 (req),
                       min_tokens: 256 (req)
22:02:11.070 INFO:     #123 chat/completions (stream): 256 tokens generated at
                       119.0 T/s · prompt 357 tokens, none cached, 357 new in
                       0.24 s (1,488 T/s) · first token 0.25 s, total 2.40 s ·
                       draft 163/279 accepted (58%) · max_tokens reached
22:02:11.119 INFO:     #127 chat/completions (stream): 62 prompt tokens ·
                       temperature: 0, greedy (req), max_tokens: 256 (req),
                       min_tokens: 256 (req)
22:02:11.256 INFO:     #124 chat/completions (stream): 256 tokens generated at
                       123.1 T/s · prompt 82 tokens, none cached, 82 new in 0.08
                       s · first token 0.09 s, total 2.16 s · draft 162/282
                       accepted (57%) · max_tokens reached
22:02:11.307 INFO:     #128 chat/completions (stream): 95 prompt tokens ·
                       temperature: 0, greedy (req), max_tokens: 256 (req),
                       min_tokens: 256 (req)
22:02:12.009 INFO:     #125 chat/completions (stream): 256 tokens generated at
                       136.4 T/s · prompt 851 tokens, none cached, 851 new in
                       0.30 s (2,837 T/s) · first token 0.31 s, total 2.18 s ·
                       draft 166/270 accepted (61%) · max_tokens reached
22:02:12.061 INFO:     #129 chat/completions (stream): 61 prompt tokens ·
                       temperature: 0, greedy (req), max_tokens: 256 (req),
                       min_tokens: 256 (req)
22:02:12.617 INFO:     #126 chat/completions (stream): 256 tokens generated at
                       158.1 T/s · prompt 121 tokens, none cached, 121 new in
                       0.10 s · first token 0.11 s, total 1.72 s · draft 179/231
                       accepted (77%) · max_tokens reached
22:02:12.670 INFO:     #130 chat/completions (stream): 1,431 prompt tokens ·
                       temperature: 0, greedy (req), max_tokens: 256 (req),
                       min_tokens: 256 (req)
22:02:13.439 INFO:     #128 chat/completions (stream): 256 tokens generated at
                       129.2 T/s · prompt 95 tokens, none cached, 95 new in 0.09
                       s · first token 0.09 s, total 2.08 s · draft 172/252
                       accepted (68%) · max_tokens reached
22:02:13.468 INFO:     #127 chat/completions (stream): 256 tokens generated at
                       115.4 T/s · prompt 62 tokens, none cached, 62 new in 0.07
                       s · first token 0.07 s, total 2.29 s · draft 163/279
                       accepted (58%) · max_tokens reached
22:02:13.482 INFO:     #131 chat/completions (stream): 670 prompt tokens ·
                       temperature: 0, greedy (req), max_tokens: 256 (req),
                       min_tokens: 256 (req)
22:02:13.768 INFO:     #132 chat/completions (stream): 393 prompt tokens ·
                       temperature: 0, greedy (req), max_tokens: 256 (req),
                       min_tokens: 256 (req)
22:02:14.952 INFO:     #129 chat/completions (stream): 256 tokens generated at
                       93.1 T/s · prompt 61 tokens, none cached, 61 new in 0.07
                       s · first token 0.08 s, total 2.83 s · draft 152/312
                       accepted (49%) · max_tokens reached
22:02:15.001 INFO:     #133 chat/completions (stream): 242 prompt tokens ·
                       temperature: 0, greedy (req), max_tokens: 256 (req),
                       min_tokens: 256 (req)
22:02:15.324 INFO:     #130 chat/completions (stream): 256 tokens generated at
                       117.0 T/s · prompt 1,431 tokens, none cached, 1,431 new
                       in 0.39 s (3,669 T/s) · first token 0.40 s, total 2.58 s
                       · draft 168/264 accepted (64%) · max_tokens reached
22:02:15.374 INFO:     #134 chat/completions (stream): 199 prompt tokens ·
                       temperature: 0, greedy (req), max_tokens: 256 (req),
                       min_tokens: 256 (req)
22:02:15.787 INFO:     #131 chat/completions (stream): 256 tokens generated at
                       130.0 T/s · prompt 670 tokens, none cached, 670 new in
                       0.26 s (2,577 T/s) · first token 0.27 s, total 2.24 s ·
                       draft 173/249 accepted (69%) · max_tokens reached
22:02:15.840 INFO:     #135 chat/completions (stream): 412 prompt tokens ·
                       temperature: 0, greedy (req), max_tokens: 256 (req),
                       min_tokens: 256 (req)
22:02:16.414 INFO:     #132 chat/completions (stream): 256 tokens generated at
                       110.6 T/s · prompt 393 tokens, none cached, 393 new in
                       0.26 s (1,512 T/s) · first token 0.27 s, total 2.58 s ·
                       draft 153/309 accepted (50%) · max_tokens reached
22:02:16.465 INFO:     #136 chat/completions (stream): 109 prompt tokens ·
                       temperature: 0, greedy (req), max_tokens: 256 (req),
                       min_tokens: 256 (req)
22:02:16.924 INFO:     #133 chat/completions (stream): 256 tokens generated at
                       147.7 T/s · prompt 242 tokens, none cached, 242 new in
                       0.12 s · first token 0.13 s, total 1.86 s · draft 184/216
                       accepted (85%) · max_tokens reached
22:02:16.974 INFO:     #137 chat/completions (stream): 92 prompt tokens ·
                       temperature: 0, greedy (req), max_tokens: 256 (req),
                       min_tokens: 256 (req)
22:02:17.774 INFO:     #134 chat/completions (stream): 256 tokens generated at
                       115.2 T/s · prompt 199 tokens, none cached, 199 new in
                       0.11 s · first token 0.12 s, total 2.34 s · draft 156/300
                       accepted (52%) · max_tokens reached
22:02:17.825 INFO:     #139 chat/completions (stream): 98 prompt tokens ·
                       temperature: 0, greedy (req), max_tokens: 256 (req),
                       min_tokens: 256 (req)
22:02:18.004 INFO:     #135 chat/completions (stream): 256 tokens generated at
                       138.3 T/s · prompt 412 tokens, none cached, 412 new in
                       0.24 s (1,717 T/s) · first token 0.25 s, total 2.10 s ·
                       draft 169/261 accepted (65%) · max_tokens reached
22:02:18.053 INFO:     #140 chat/completions (stream): 91 prompt tokens ·
                       temperature: 0, greedy (req), max_tokens: 256 (req),
                       min_tokens: 256 (req)
22:02:18.321 INFO:     #136 chat/completions (stream): 256 tokens generated at
                       151.6 T/s · prompt 109 tokens, none cached, 109 new in
                       0.10 s · first token 0.11 s, total 1.79 s · draft 177/237
                       accepted (75%) · max_tokens reached
22:02:18.373 INFO:     #141 chat/completions (stream): 774 prompt tokens ·
                       temperature: 0, greedy (req), max_tokens: 256 (req),
                       min_tokens: 256 (req)
22:02:19.322 INFO:     #137 chat/completions (stream): 256 tokens generated at
                       117.0 T/s · prompt 92 tokens, none cached, 92 new in 0.09
                       s · first token 0.10 s, total 2.28 s · draft 156/300
                       accepted (52%) · max_tokens reached
22:02:19.383 INFO:     #142 chat/completions (stream): 823 prompt tokens ·
                       temperature: 0, greedy (req), max_tokens: 256 (req),
                       min_tokens: 256 (req)
22:02:19.988 INFO:     #139 chat/completions (stream): 256 tokens generated at
                       127.9 T/s · prompt 98 tokens, none cached, 98 new in 0.09
                       s · first token 0.10 s, total 2.10 s · draft 176/240
                       accepted (73%) · max_tokens reached
22:02:20.036 INFO:     #143 chat/completions (stream): 75 prompt tokens ·
                       temperature: 0, greedy (req), max_tokens: 256 (req),
                       min_tokens: 256 (req)
22:02:20.167 INFO:     #140 chat/completions (stream): 256 tokens generated at
                       136.5 T/s · prompt 91 tokens, none cached, 91 new in 0.09
                       s · first token 0.09 s, total 1.97 s · draft 178/234
                       accepted (76%) · max_tokens reached
22:02:20.228 INFO:     #144 chat/completions (stream): 819 prompt tokens ·
                       temperature: 0, greedy (req), max_tokens: 256 (req),
                       min_tokens: 256 (req)
22:02:20.881 INFO:     #141 chat/completions (stream): 256 tokens generated at
                       115.7 T/s · prompt 774 tokens, none cached, 774 new in
                       0.22 s (3,518 T/s) · first token 0.23 s, total 2.44 s ·
                       draft 167/267 accepted (63%) · max_tokens reached
22:02:20.931 INFO:     #145 chat/completions (stream): 125 prompt tokens ·
                       temperature: 0, greedy (req), max_tokens: 256 (req),
                       min_tokens: 256 (req)
22:02:21.725 INFO:     #142 chat/completions (stream): 256 tokens generated at
                       128.8 T/s · prompt 823 tokens, none cached, 823 new in
                       0.28 s (2,939 T/s) · first token 0.29 s, total 2.27 s ·
                       draft 170/258 accepted (66%) · max_tokens reached
22:02:21.778 INFO:     #146 chat/completions (stream): 763 prompt tokens ·
                       temperature: 0, greedy (req), max_tokens: 256 (req),
                       min_tokens: 256 (req)
22:02:22.321 INFO:     #144 chat/completions (stream): 256 tokens generated at
                       147.0 T/s · prompt 819 tokens, none cached, 819 new in
                       0.28 s (2,925 T/s) · first token 0.29 s, total 2.03 s ·
                       draft 181/225 accepted (80%) · max_tokens reached
22:02:22.368 INFO:     #147 chat/completions (stream): 65 prompt tokens ·
                       temperature: 0, greedy (req), max_tokens: 256 (req),
                       min_tokens: 256 (req)
22:02:22.493 INFO:     #143 chat/completions (stream): 256 tokens generated at
                       114.6 T/s · prompt 75 tokens, none cached, 75 new in 0.08
                       s · first token 0.09 s, total 2.32 s · draft 168/264
                       accepted (64%) · max_tokens reached
22:02:22.543 INFO:     #148 chat/completions (stream): 536 prompt tokens ·
                       temperature: 0, greedy (req), max_tokens: 256 (req),
                       min_tokens: 256 (req)
22:02:23.028 INFO:     #145 chat/completions (stream): 256 tokens generated at
                       133.0 T/s · prompt 125 tokens, none cached, 125 new in
                       0.10 s · first token 0.11 s, total 2.03 s · draft 179/231
                       accepted (77%) · max_tokens reached
22:02:23.078 INFO:     #149 chat/completions (stream): 106 prompt tokens ·
                       temperature: 0, greedy (req), max_tokens: 256 (req),
                       min_tokens: 256 (req)
22:02:24.147 INFO:     #146 chat/completions (stream): 256 tokens generated at
                       128.3 T/s · prompt 763 tokens, none cached, 763 new in
                       0.30 s (2,543 T/s) · first token 0.31 s, total 2.30 s ·
                       draft 164/276 accepted (59%) · max_tokens reached
22:02:24.203 INFO:     #150 chat/completions (stream): 70 prompt tokens ·
                       temperature: 0, greedy (req), max_tokens: 256 (req),
                       min_tokens: 256 (req)
22:02:24.664 INFO:     #148 chat/completions (stream): 256 tokens generated at
                       137.6 T/s · prompt 536 tokens, none cached, 536 new in
                       0.20 s (2,680 T/s) · first token 0.21 s, total 2.07 s ·
                       draft 162/282 accepted (57%) · max_tokens reached
22:02:24.693 INFO:     #147 chat/completions (stream): 256 tokens generated at
                       116.8 T/s · prompt 65 tokens, none cached, 65 new in 0.07
                       s · first token 0.08 s, total 2.27 s · draft 153/309
                       accepted (50%) · max_tokens reached
22:02:24.707 INFO:     #151 chat/completions (stream): 1,053 prompt tokens ·
                       temperature: 0, greedy (req), max_tokens: 256 (req),
                       min_tokens: 256 (req)
22:02:25.002 INFO:     #152 chat/completions (stream): 1,100 prompt tokens ·
                       temperature: 0, greedy (req), max_tokens: 256 (req),
                       min_tokens: 256 (req)
22:02:25.476 INFO:     #149 chat/completions (stream): 256 tokens generated at
                       114.7 T/s · prompt 106 tokens, none cached, 106 new in
                       0.10 s · first token 0.11 s, total 2.34 s · draft 167/267
                       accepted (63%) · max_tokens reached
22:02:25.526 INFO:     #153 chat/completions (stream): 411 prompt tokens ·
                       temperature: 0, greedy (req), max_tokens: 256 (req),
                       min_tokens: 256 (req)
22:02:26.799 INFO:     #150 chat/completions (stream): 256 tokens generated at
                       104.6 T/s · prompt 70 tokens, none cached, 70 new in 0.08
                       s · first token 0.09 s, total 2.53 s · draft 164/276
                       accepted (59%) · max_tokens reached
22:02:26.849 INFO:     #154 chat/completions (stream): 128 prompt tokens ·
                       temperature: 0, greedy (req), max_tokens: 256 (req),
                       min_tokens: 256 (req)
22:02:27.232 INFO:     #152 chat/completions (stream): 256 tokens generated at
                       141.3 T/s · prompt 1,100 tokens, none cached, 1,100 new
                       in 0.33 s (3,333 T/s) · first token 0.34 s, total 2.15 s
                       · draft 174/246 accepted (71%) · max_tokens reached
22:02:27.276 INFO:     #155 chat/completions (stream): 84 prompt tokens ·
                       temperature: 0, greedy (req), max_tokens: 256 (req),
                       min_tokens: 256 (req)
22:02:27.397 INFO:     #151 chat/completions (stream): 256 tokens generated at
                       113.2 T/s · prompt 1,053 tokens, none cached, 1,053 new
                       in 0.27 s (3,900 T/s) · first token 0.28 s, total 2.54 s
                       · draft 167/267 accepted (63%) · max_tokens reached
22:02:27.447 INFO:     #156 chat/completions (stream): 74 prompt tokens ·
                       temperature: 0, greedy (req), max_tokens: 256 (req),
                       min_tokens: 256 (req)
22:02:27.666 INFO:     #153 chat/completions (stream): 256 tokens generated at
                       140.3 T/s · prompt 411 tokens, none cached, 411 new in
                       0.24 s (1,712 T/s) · first token 0.25 s, total 2.07 s ·
                       draft 170/258 accepted (66%) · max_tokens reached
22:02:27.715 INFO:     #157 chat/completions (stream): 61 prompt tokens ·
                       temperature: 0, greedy (req), max_tokens: 256 (req),
                       min_tokens: 256 (req)
22:02:28.596 INFO:     #154 chat/completions (stream): 256 tokens generated at
                       162.5 T/s · prompt 128 tokens, none cached, 128 new in
                       0.10 s · first token 0.11 s, total 1.68 s · draft 182/222
                       accepted (82%) · max_tokens reached
22:02:28.647 INFO:     #158 chat/completions (stream): 80 prompt tokens ·
                       temperature: 0, greedy (req), max_tokens: 256 (req),
                       min_tokens: 256 (req)
22:02:29.557 INFO:     #155 chat/completions (stream): 256 tokens generated at
                       120.3 T/s · prompt 84 tokens, none cached, 84 new in 0.08
                       s · first token 0.09 s, total 2.21 s · draft 152/312
                       accepted (49%) · max_tokens reached
22:02:29.600 INFO:     #159 chat/completions (stream): 112 prompt tokens ·
                       temperature: 0, greedy (req), max_tokens: 256 (req),
                       min_tokens: 256 (req)
22:02:29.735 INFO:     #157 chat/completions (stream): 256 tokens generated at
                       143.6 T/s · prompt 61 tokens, none cached, 61 new in 0.07
                       s · first token 0.08 s, total 1.86 s · draft 163/279
                       accepted (58%) · max_tokens reached
22:02:29.786 INFO:     #160 chat/completions (stream): 83 prompt tokens ·
                       temperature: 0, greedy (req), max_tokens: 256 (req),
                       min_tokens: 256 (req)
22:02:30.067 INFO:     #156 chat/completions (stream): 256 tokens generated at
                       103.6 T/s · prompt 74 tokens, none cached, 74 new in 0.08
                       s · first token 0.09 s, total 2.56 s · draft 138/354
                       accepted (39%) · max_tokens reached
22:02:30.118 INFO:     #161 chat/completions (stream): 100 prompt tokens ·
                       temperature: 0, greedy (req), max_tokens: 256 (req),
                       min_tokens: 256 (req)
22:02:30.458 INFO:     #158 chat/completions (stream): 256 tokens generated at
                       154.1 T/s · prompt 80 tokens, none cached, 80 new in 0.08
                       s · first token 0.09 s, total 1.75 s · draft 179/231
                       accepted (77%) · max_tokens reached
22:02:30.508 INFO:     #162 chat/completions (stream): 127 prompt tokens ·
                       temperature: 0, greedy (req), max_tokens: 256 (req),
                       min_tokens: 256 (req)
22:02:31.367 INFO:     #159 chat/completions (stream): 256 tokens generated at
                       160.0 T/s · prompt 112 tokens, none cached, 112 new in
                       0.10 s · first token 0.11 s, total 1.71 s · draft 182/222
                       accepted (82%) · max_tokens reached
22:02:31.418 INFO:     #163 chat/completions (stream): 90 prompt tokens ·
                       temperature: 0, greedy (req), max_tokens: 256 (req),
                       min_tokens: 256 (req)
22:02:31.956 INFO:     #160 chat/completions (stream): 256 tokens generated at
                       126.3 T/s · prompt 83 tokens, none cached, 83 new in 0.08
                       s · first token 0.09 s, total 2.11 s · draft 158/294
                       accepted (54%) · max_tokens reached
22:02:31.957 INFO:     #161 chat/completions (stream): 256 tokens generated at
                       151.9 T/s · prompt 100 tokens, none cached, 100 new in
                       0.09 s · first token 0.10 s, total 1.78 s · draft 172/252
                       accepted (68%) · max_tokens reached
22:02:31.999 INFO:     #164 chat/completions (stream): 63 prompt tokens ·
                       temperature: 0, greedy (req), max_tokens: 256 (req),
                       min_tokens: 256 (req)
22:02:32.000 INFO:     #165 chat/completions (stream): 104 prompt tokens ·
                       temperature: 0, greedy (req), max_tokens: 256 (req),
                       min_tokens: 256 (req)
22:02:32.285 INFO:     #162 chat/completions (stream): 256 tokens generated at
                       159.6 T/s · prompt 127 tokens, none cached, 127 new in
                       0.10 s · first token 0.11 s, total 1.71 s · draft 180/228
                       accepted (79%) · max_tokens reached
22:02:32.333 INFO:     #167 chat/completions (stream): 80 prompt tokens ·
                       temperature: 0, greedy (req), max_tokens: 256 (req),
                       min_tokens: 256 (req)
22:02:33.507 INFO:     #163 chat/completions (stream): 256 tokens generated at
                       132.6 T/s · prompt 90 tokens, none cached, 90 new in 0.09
                       s · first token 0.10 s, total 2.03 s · draft 162/282
                       accepted (57%) · max_tokens reached
22:02:33.556 INFO:     #168 chat/completions (stream): 82 prompt tokens ·
                       temperature: 0, greedy (req), max_tokens: 256 (req),
                       min_tokens: 256 (req)
22:02:34.122 INFO:     #164 chat/completions (stream): 256 tokens generated at
                       135.6 T/s · prompt 63 tokens, none cached, 63 new in 0.17
                       s · first token 0.18 s, total 2.07 s · draft 161/285
                       accepted (56%) · max_tokens reached
22:02:34.152 INFO:     #165 chat/completions (stream): 256 tokens generated at
                       133.3 T/s · prompt 104 tokens, none cached, 104 new in
                       0.09 s · first token 0.17 s, total 2.09 s · draft 159/291
                       accepted (55%) · max_tokens reached
22:02:34.166 INFO:     #169 chat/completions (stream): 809 prompt tokens ·
                       temperature: 0, greedy (req), max_tokens: 256 (req),
                       min_tokens: 256 (req)
22:02:34.485 INFO:     #170 chat/completions (stream): 77 prompt tokens ·
                       temperature: 0, greedy (req), max_tokens: 256 (req),
                       min_tokens: 256 (req)
22:02:34.905 INFO:     #167 chat/completions (stream): 256 tokens generated at
                       105.7 T/s · prompt 80 tokens, none cached, 80 new in 0.08
                       s · first token 0.09 s, total 2.51 s · draft 146/330
                       accepted (44%) · max_tokens reached
22:02:34.955 INFO:     #171 chat/completions (stream): 64 prompt tokens ·
                       temperature: 0, greedy (req), max_tokens: 256 (req),
                       min_tokens: 256 (req)
22:02:35.946 INFO:     #168 chat/completions (stream): 256 tokens generated at
                       114.5 T/s · prompt 82 tokens, none cached, 82 new in 0.08
                       s · first token 0.09 s, total 2.32 s · draft 155/303
                       accepted (51%) · max_tokens reached
22:02:35.994 INFO:     #172 chat/completions (stream): 104 prompt tokens ·
                       temperature: 0, greedy (req), max_tokens: 256 (req),
                       min_tokens: 256 (req)
22:02:36.252 INFO:     #170 chat/completions (stream): 256 tokens generated at
                       158.5 T/s · prompt 77 tokens, none cached, 77 new in 0.08
                       s · first token 0.09 s, total 1.70 s · draft 175/243
                       accepted (72%) · max_tokens reached
22:02:36.302 INFO:     #173 chat/completions (stream): 66 prompt tokens ·
                       temperature: 0, greedy (req), max_tokens: 256 (req),
                       min_tokens: 256 (req)
22:02:36.572 INFO:     #169 chat/completions (stream): 256 tokens generated at
                       125.6 T/s · prompt 809 tokens, none cached, 809 new in
                       0.30 s (2,697 T/s) · first token 0.31 s, total 2.34 s ·
                       draft 160/288 accepted (56%) · max_tokens reached
22:02:36.623 INFO:     #174 chat/completions (stream): 786 prompt tokens ·
                       temperature: 0, greedy (req), max_tokens: 256 (req),
                       min_tokens: 256 (req)
22:02:36.895 INFO:     #171 chat/completions (stream): 256 tokens generated at
                       161.1 T/s · prompt 64 tokens, none cached, 64 new in 0.07
                       s · first token 0.08 s, total 1.66 s · draft 176/240
                       accepted (73%) · max_tokens reached
22:02:36.946 INFO:     #175 chat/completions (stream): 67 prompt tokens ·
                       temperature: 0, greedy (req), max_tokens: 256 (req),
                       min_tokens: 256 (req)
22:02:37.845 INFO:     #172 chat/completions (stream): 256 tokens generated at
                       151.7 T/s · prompt 104 tokens, none cached, 104 new in
                       0.09 s · first token 0.10 s, total 1.78 s · draft 182/222
                       accepted (82%) · max_tokens reached
22:02:37.896 INFO:     #176 chat/completions (stream): 831 prompt tokens ·
                       temperature: 0, greedy (req), max_tokens: 256 (req),
                       min_tokens: 256 (req)
22:02:38.593 INFO:     #173 chat/completions (stream): 256 tokens generated at
                       119.4 T/s · prompt 66 tokens, none cached, 66 new in 0.08
                       s · first token 0.09 s, total 2.23 s · draft 167/267
                       accepted (63%) · max_tokens reached
22:02:38.645 INFO:     #177 chat/completions (stream): 731 prompt tokens ·
                       temperature: 0, greedy (req), max_tokens: 256 (req),
                       min_tokens: 256 (req)
22:02:38.975 INFO:     #174 chat/completions (stream): 256 tokens generated at
                       142.5 T/s · prompt 786 tokens, none cached, 786 new in
                       0.22 s (3,573 T/s) · first token 0.23 s, total 2.02 s ·
                       draft 175/243 accepted (72%) · max_tokens reached
22:02:39.024 INFO:     #178 chat/completions (stream): 87 prompt tokens ·
                       temperature: 0, greedy (req), max_tokens: 256 (req),
                       min_tokens: 256 (req)
22:02:39.657 INFO:     #175 chat/completions (stream): 256 tokens generated at
                       99.9 T/s · prompt 67 tokens, none cached, 67 new in 0.07
                       s · first token 0.08 s, total 2.64 s · draft 149/321
                       accepted (46%) · max_tokens reached
22:02:39.709 INFO:     #179 chat/completions (stream): 1,138 prompt tokens ·
                       temperature: 0, greedy (req), max_tokens: 256 (req),
                       min_tokens: 256 (req)
22:02:40.793 INFO:     #176 chat/completions (stream): 256 tokens generated at
                       100.7 T/s · prompt 831 tokens, none cached, 831 new in
                       0.28 s (2,968 T/s) · first token 0.29 s, total 2.83 s ·
                       draft 154/306 accepted (50%) · max_tokens reached
22:02:40.842 INFO:     #180 chat/completions (stream): 128 prompt tokens ·
                       temperature: 0, greedy (req), max_tokens: 256 (req),
                       min_tokens: 256 (req)
22:02:41.061 INFO:     #178 chat/completions (stream): 256 tokens generated at
                       135.7 T/s · prompt 87 tokens, none cached, 87 new in 0.08
                       s · first token 0.09 s, total 1.97 s · draft 177/237
                       accepted (75%) · max_tokens reached
22:02:41.090 INFO:     #177 chat/completions (stream): 256 tokens generated at
                       121.6 T/s · prompt 731 tokens, none cached, 731 new in
                       0.28 s (2,611 T/s) · first token 0.29 s, total 2.39 s ·
                       draft 169/261 accepted (65%) · max_tokens reached
22:02:41.105 INFO:     #181 chat/completions (stream): 592 prompt tokens ·
                       temperature: 0, greedy (req), max_tokens: 256 (req),
                       min_tokens: 256 (req)
22:02:41.376 INFO:     #182 chat/completions (stream): 63 prompt tokens ·
                       temperature: 0, greedy (req), max_tokens: 256 (req),
                       min_tokens: 256 (req)
22:02:42.065 INFO:     #179 chat/completions (stream): 256 tokens generated at
                       132.5 T/s · prompt 1,138 tokens, none cached, 1,138 new
                       in 0.35 s (3,251 T/s) · first token 0.36 s, total 2.29 s
                       · draft 170/258 accepted (66%) · max_tokens reached
22:02:42.117 INFO:     #183 chat/completions (stream): 654 prompt tokens ·
                       temperature: 0, greedy (req), max_tokens: 256 (req),
                       min_tokens: 256 (req)
22:02:43.089 INFO:     #180 chat/completions (stream): 256 tokens generated at
                       123.7 T/s · prompt 128 tokens, none cached, 128 new in
                       0.10 s · first token 0.11 s, total 2.18 s · draft 171/255
                       accepted (67%) · max_tokens reached
22:02:43.145 INFO:     #184 chat/completions (stream): 586 prompt tokens ·
                       temperature: 0, greedy (req), max_tokens: 256 (req),
                       min_tokens: 256 (req)
22:02:43.756 INFO:     #181 chat/completions (stream): 256 tokens generated at
                       109.8 T/s · prompt 592 tokens, none cached, 592 new in
                       0.25 s (2,368 T/s) · first token 0.26 s, total 2.59 s ·
                       draft 160/288 accepted (56%) · max_tokens reached
22:02:43.805 INFO:     #185 chat/completions (stream): 212 prompt tokens ·
                       temperature: 0, greedy (req), max_tokens: 256 (req),
                       min_tokens: 256 (req)
22:02:44.108 INFO:     #182 chat/completions (stream): 256 tokens generated at
                       98.8 T/s · prompt 63 tokens, none cached, 63 new in 0.07
                       s · first token 0.08 s, total 2.67 s · draft 147/327
                       accepted (45%) · max_tokens reached
22:02:44.159 INFO:     #186 chat/completions (stream): 960 prompt tokens ·
                       temperature: 0, greedy (req), max_tokens: 256 (req),
                       min_tokens: 256 (req)
22:02:45.045 INFO:     #183 chat/completions (stream): 256 tokens generated at
                       99.5 T/s · prompt 654 tokens, none cached, 654 new in
                       0.29 s (2,255 T/s) · first token 0.30 s, total 2.87 s ·
                       draft 151/315 accepted (48%) · max_tokens reached
22:02:45.097 INFO:     #187 chat/completions (stream): 77 prompt tokens ·
                       temperature: 0, greedy (req), max_tokens: 256 (req),
                       min_tokens: 256 (req)
22:02:45.680 INFO:     #184 chat/completions (stream): 256 tokens generated at
                       117.8 T/s · prompt 586 tokens, none cached, 586 new in
                       0.29 s (2,021 T/s) · first token 0.30 s, total 2.47 s ·
                       draft 162/282 accepted (57%) · max_tokens reached
22:02:45.728 INFO:     #188 chat/completions (stream): 819 prompt tokens ·
                       temperature: 0, greedy (req), max_tokens: 256 (req),
                       min_tokens: 256 (req)
22:02:46.041 INFO:     #185 chat/completions (stream): 256 tokens generated at
                       142.8 T/s · prompt 212 tokens, none cached, 212 new in
                       0.11 s · first token 0.12 s, total 1.91 s · draft 177/237
                       accepted (75%) · max_tokens reached
22:02:46.094 INFO:     #189 chat/completions (stream): 780 prompt tokens ·
                       temperature: 0, greedy (req), max_tokens: 256 (req),
                       min_tokens: 256 (req)
22:02:46.815 INFO:     #186 chat/completions (stream): 256 tokens generated at
                       113.8 T/s · prompt 960 tokens, none cached, 960 new in
                       0.34 s (2,824 T/s) · first token 0.35 s, total 2.59 s ·
                       draft 161/285 accepted (56%) · max_tokens reached
22:02:46.865 INFO:     #190 chat/completions (stream): 134 prompt tokens ·
                       temperature: 0, greedy (req), max_tokens: 256 (req),
                       min_tokens: 256 (req)
22:02:47.466 INFO:     #187 chat/completions (stream): 256 tokens generated at
                       115.4 T/s · prompt 77 tokens, none cached, 77 new in 0.08
                       s · first token 0.09 s, total 2.30 s · draft 165/273
                       accepted (60%) · max_tokens reached
22:02:47.517 INFO:     #192 chat/completions (stream): 695 prompt tokens ·
                       temperature: 0, greedy (req), max_tokens: 256 (req),
                       min_tokens: 256 (req)
22:02:48.422 INFO:     #189 chat/completions (stream): 256 tokens generated at
                       127.1 T/s · prompt 780 tokens, none cached, 780 new in
                       0.24 s (3,250 T/s) · first token 0.25 s, total 2.26 s ·
                       draft 165/273 accepted (60%) · max_tokens reached
22:02:48.473 INFO:     #193 chat/completions (stream): 88 prompt tokens ·
                       temperature: 0, greedy (req), max_tokens: 256 (req),
                       min_tokens: 256 (req)
22:02:48.725 INFO:     #188 chat/completions (stream): 256 tokens generated at
                       96.2 T/s · prompt 819 tokens, none cached, 819 new in
                       0.27 s (3,033 T/s) · first token 0.28 s, total 2.94 s ·
                       draft 146/330 accepted (44%) · max_tokens reached
22:02:48.726 INFO:     #190 chat/completions (stream): 256 tokens generated at
                       151.3 T/s · prompt 134 tokens, none cached, 134 new in
                       0.11 s · first token 0.12 s, total 1.81 s · draft 182/222
                       accepted (82%) · max_tokens reached
22:02:48.768 INFO:     #194 chat/completions (stream): 93 prompt tokens ·
                       temperature: 0, greedy (req), max_tokens: 256 (req),
                       min_tokens: 256 (req)
22:02:48.769 INFO:     #195 chat/completions (stream): 516 prompt tokens ·
                       temperature: 0, greedy (req), max_tokens: 256 (req),
                       min_tokens: 256 (req)
22:02:49.877 INFO:     #192 chat/completions (stream): 256 tokens generated at
                       127.4 T/s · prompt 695 tokens, none cached, 695 new in
                       0.28 s (2,482 T/s) · first token 0.29 s, total 2.29 s ·
                       draft 164/276 accepted (59%) · max_tokens reached
22:02:49.927 INFO:     #196 chat/completions (stream): 775 prompt tokens ·
                       temperature: 0, greedy (req), max_tokens: 256 (req),
                       min_tokens: 256 (req)
22:02:50.620 INFO:     #193 chat/completions (stream): 256 tokens generated at
                       128.3 T/s · prompt 88 tokens, none cached, 88 new in 0.09
                       s · first token 0.10 s, total 2.09 s · draft 171/255
                       accepted (67%) · max_tokens reached
22:02:50.661 INFO:     #197 chat/completions (stream): 386 prompt tokens ·
                       temperature: 0, greedy (req), max_tokens: 256 (req),
                       min_tokens: 256 (req)
22:02:50.663 INFO:     #194 chat/completions (stream): 256 tokens generated at
                       161.2 T/s · prompt 93 tokens, none cached, 93 new in 0.24
                       s · first token 0.25 s, total 1.84 s · draft 181/225
                       accepted (80%) · max_tokens reached
22:02:50.954 INFO:     #198 chat/completions (stream): 123 prompt tokens ·
                       temperature: 0, greedy (req), max_tokens: 256 (req),
                       min_tokens: 256 (req)
22:02:51.264 INFO:     #195 chat/completions (stream): 256 tokens generated at
                       118.8 T/s · prompt 516 tokens, none cached, 516 new in
                       0.18 s (2,867 T/s) · queued 0.10 s, first token 0.28 s,
                       total 2.43 s · draft 167/267 accepted (63%) · max_tokens
                       reached
22:02:51.314 INFO:     #199 chat/completions (stream): 78 prompt tokens ·
                       temperature: 0, greedy (req), max_tokens: 256 (req),
                       min_tokens: 256 (req)
22:02:52.145 INFO:     #196 chat/completions (stream): 256 tokens generated at
                       133.8 T/s · prompt 775 tokens, none cached, 775 new in
                       0.23 s (3,370 T/s) · first token 0.24 s, total 2.15 s ·
                       draft 171/255 accepted (67%) · max_tokens reached
22:02:52.203 INFO:     #200 chat/completions (stream): 116 prompt tokens ·
                       temperature: 0, greedy (req), max_tokens: 256 (req),
                       min_tokens: 256 (req)
22:02:52.989 INFO:     #197 chat/completions (stream): 256 tokens generated at
                       128.0 T/s · prompt 386 tokens, none cached, 386 new in
                       0.25 s (1,544 T/s) · first token 0.26 s, total 2.26 s ·
                       draft 160/288 accepted (56%) · max_tokens reached
22:02:53.033 INFO:     #201 chat/completions (stream): 67 prompt tokens ·
                       temperature: 0, greedy (req), max_tokens: 256 (req),
                       min_tokens: 256 (req)
22:02:53.146 INFO:     #198 chat/completions (stream): 256 tokens generated at
                       131.5 T/s · prompt 123 tokens, none cached, 123 new in
                       0.10 s · first token 0.11 s, total 2.05 s · draft 157/297
                       accepted (53%) · max_tokens reached
22:02:53.194 INFO:     #202 chat/completions (stream): 74 prompt tokens ·
                       temperature: 0, greedy (req), max_tokens: 256 (req),
                       min_tokens: 256 (req)
22:02:53.295 INFO:     #199 chat/completions (stream): 256 tokens generated at
                       146.8 T/s · prompt 78 tokens, none cached, 78 new in 0.08
                       s · first token 0.09 s, total 1.83 s · draft 168/264
                       accepted (64%) · max_tokens reached
22:02:53.343 INFO:     #203 chat/completions (stream): 148 prompt tokens ·
                       temperature: 0, greedy (req), max_tokens: 256 (req),
                       min_tokens: 256 (req)
22:02:54.139 INFO:     #200 chat/completions (stream): 256 tokens generated at
                       144.9 T/s · prompt 116 tokens, none cached, 116 new in
                       0.10 s · first token 0.11 s, total 1.87 s · draft 170/258
                       accepted (66%) · max_tokens reached
22:02:54.205 INFO:     #204 chat/completions (stream): 660 prompt tokens ·
                       temperature: 0, greedy (req), max_tokens: 256 (req),
                       min_tokens: 256 (req)
22:02:54.955 INFO:     #201 chat/completions (stream): 256 tokens generated at
                       144.0 T/s · prompt 67 tokens, none cached, 67 new in 0.08
                       s · first token 0.09 s, total 1.86 s · draft 180/228
                       accepted (79%) · max_tokens reached
22:02:55.005 INFO:     #205 chat/completions (stream): 62 prompt tokens ·
                       temperature: 0, greedy (req), max_tokens: 256 (req),
                       min_tokens: 256 (req)
22:02:55.213 INFO:     #203 chat/completions (stream): 256 tokens generated at
                       150.8 T/s · prompt 148 tokens, none cached, 148 new in
                       0.09 s · first token 0.09 s, total 1.79 s · draft 179/231
                       accepted (77%) · max_tokens reached
22:02:55.259 INFO:     #206 chat/completions (stream): 61 prompt tokens ·
                       temperature: 0, greedy (req), max_tokens: 256 (req),
                       min_tokens: 256 (req)
22:02:55.381 INFO:     #202 chat/completions (stream): 256 tokens generated at
                       130.2 T/s · prompt 74 tokens, none cached, 74 new in 0.08
                       s · first token 0.08 s, total 2.05 s · draft 169/261
                       accepted (65%) · max_tokens reached
22:02:55.431 INFO:     #207 chat/completions (stream): 91 prompt tokens ·
                       temperature: 0, greedy (req), max_tokens: 256 (req),
                       min_tokens: 256 (req)
22:02:56.404 INFO:     #204 chat/completions (stream): 256 tokens generated at
                       137.5 T/s · prompt 660 tokens, none cached, 660 new in
                       0.27 s (2,444 T/s) · first token 0.28 s, total 2.14 s ·
                       draft 165/273 accepted (60%) · max_tokens reached
22:02:56.452 INFO:     #208 chat/completions (stream): 86 prompt tokens ·
                       temperature: 0, greedy (req), max_tokens: 256 (req),
                       min_tokens: 256 (req)
22:02:57.000 INFO:     #207 chat/completions (stream): 256 tokens generated at
                       181.3 T/s · prompt 91 tokens, none cached, 91 new in 0.09
                       s · first token 0.10 s, total 1.51 s · draft 182/222
                       accepted (82%) · max_tokens reached
22:02:57.041 INFO:     #209 chat/completions (stream): 64 prompt tokens ·
                       temperature: 0, greedy (req), max_tokens: 256 (req),
                       min_tokens: 256 (req)
22:02:57.134 INFO:     #206 chat/completions (stream): 256 tokens generated at
                       153.8 T/s · prompt 61 tokens, none cached, 61 new in 0.07
                       s · first token 0.08 s, total 1.74 s · draft 172/252
                       accepted (68%) · max_tokens reached
22:02:57.189 INFO:     #210 chat/completions (stream): 745 prompt tokens ·
                       temperature: 0, greedy (req), max_tokens: 256 (req),
                       min_tokens: 256 (req)
22:02:57.584 INFO:     #205 chat/completions (stream): 256 tokens generated at
                       105.1 T/s · prompt 62 tokens, none cached, 62 new in 0.07
                       s · first token 0.08 s, total 2.51 s · draft 152/312
                       accepted (49%) · max_tokens reached
22:02:57.635 INFO:     #211 chat/completions (stream): 722 prompt tokens ·
                       temperature: 0, greedy (req), max_tokens: 256 (req),
                       min_tokens: 256 (req)
22:02:59.032 INFO:     #208 chat/completions (stream): 256 tokens generated at
                       105.7 T/s · prompt 86 tokens, none cached, 86 new in 0.09
                       s · first token 0.10 s, total 2.52 s · draft 154/306
                       accepted (50%) · max_tokens reached
22:02:59.081 INFO:     #212 chat/completions (stream): 115 prompt tokens ·
                       temperature: 0, greedy (req), max_tokens: 256 (req),
                       min_tokens: 256 (req)
22:02:59.454 INFO:     #209 chat/completions (stream): 256 tokens generated at
                       112.2 T/s · prompt 64 tokens, none cached, 64 new in 0.07
                       s · first token 0.08 s, total 2.36 s · draft 164/276
                       accepted (59%) · max_tokens reached
22:02:59.455 INFO:     #210 chat/completions (stream): 256 tokens generated at
                       133.6 T/s · prompt 745 tokens, none cached, 745 new in
                       0.29 s (2,569 T/s) · first token 0.30 s, total 2.21 s ·
                       draft 169/261 accepted (65%) · max_tokens reached
22:02:59.497 INFO:     #213 chat/completions (stream): 91 prompt tokens ·
                       temperature: 0, greedy (req), max_tokens: 256 (req),
                       min_tokens: 256 (req)
22:02:59.498 INFO:     #214 chat/completions (stream): 680 prompt tokens ·
                       temperature: 0, greedy (req), max_tokens: 256 (req),
                       min_tokens: 256 (req)
22:03:00.076 INFO:     #211 chat/completions (stream): 256 tokens generated at
                       122.6 T/s · prompt 722 tokens, none cached, 722 new in
                       0.28 s (2,579 T/s) · first token 0.29 s, total 2.37 s ·
                       draft 163/279 accepted (58%) · max_tokens reached
22:03:00.127 INFO:     #215 chat/completions (stream): 100 prompt tokens ·
                       temperature: 0, greedy (req), max_tokens: 256 (req),
                       min_tokens: 256 (req)
22:03:01.071 INFO:     #212 chat/completions (stream): 256 tokens generated at
                       140.4 T/s · prompt 115 tokens, none cached, 115 new in
                       0.10 s · first token 0.11 s, total 1.93 s · draft 177/237
                       accepted (75%) · max_tokens reached
22:03:01.119 INFO:     #216 chat/completions (stream): 64 prompt tokens ·
                       temperature: 0, greedy (req), max_tokens: 256 (req),
                       min_tokens: 256 (req)
22:03:01.363 INFO:     #213 chat/completions (stream): 256 tokens generated at
                       165.6 T/s · prompt 91 tokens, none cached, 91 new in 0.25
                       s · first token 0.26 s, total 1.81 s · draft 183/219
                       accepted (84%) · max_tokens reached
22:03:01.414 INFO:     #217 chat/completions (stream): 672 prompt tokens ·
                       temperature: 0, greedy (req), max_tokens: 256 (req),
                       min_tokens: 256 (req)
22:03:01.886 INFO:     #214 chat/completions (stream): 256 tokens generated at
                       130.5 T/s · prompt 680 tokens, none cached, 680 new in
                       0.27 s (2,519 T/s) · queued 0.10 s, first token 0.37 s,
                       total 2.33 s · draft 168/264 accepted (64%) · max_tokens
                       reached
22:03:01.901 INFO:     #215 chat/completions (stream): 256 tokens generated at
                       157.9 T/s · prompt 100 tokens, none cached, 100 new in
                       0.09 s · first token 0.10 s, total 1.72 s · draft 182/222
                       accepted (82%) · max_tokens reached
22:03:01.929 INFO:     #218 chat/completions (stream): 875 prompt tokens ·
                       temperature: 0, greedy (req), max_tokens: 256 (req),
                       min_tokens: 256 (req)
22:03:02.140 INFO:     #219 chat/completions (stream): 139 prompt tokens ·
                       temperature: 0, greedy (req), max_tokens: 256 (req),
                       min_tokens: 256 (req)
22:03:03.357 INFO:     #216 chat/completions (stream): 256 tokens generated at
                       122.1 T/s · prompt 64 tokens, none cached, 64 new in 0.07
                       s · first token 0.08 s, total 2.17 s · draft 174/246
                       accepted (71%) · max_tokens reached
22:03:03.406 INFO:     #221 chat/completions (stream): 63 prompt tokens ·
                       temperature: 0, greedy (req), max_tokens: 256 (req),
                       min_tokens: 256 (req)
22:03:03.761 INFO:     #217 chat/completions (stream): 256 tokens generated at
                       127.5 T/s · prompt 672 tokens, none cached, 672 new in
                       0.27 s (2,489 T/s) · first token 0.28 s, total 2.28 s ·
                       draft 169/261 accepted (65%) · max_tokens reached
22:03:03.814 INFO:     #222 chat/completions (stream): 778 prompt tokens ·
                       temperature: 0, greedy (req), max_tokens: 256 (req),
                       min_tokens: 256 (req)
22:03:04.118 INFO:     #219 chat/completions (stream): 256 tokens generated at
                       150.6 T/s · prompt 139 tokens, none cached, 139 new in
                       0.11 s · queued 0.10 s, first token 0.21 s, total 1.91 s
                       · draft 176/240 accepted (73%) · max_tokens reached
22:03:04.169 INFO:     #223 chat/completions (stream): 774 prompt tokens ·
                       temperature: 0, greedy (req), max_tokens: 256 (req),
                       min_tokens: 256 (req)
22:03:04.476 INFO:     #218 chat/completions (stream): 256 tokens generated at
                       125.0 T/s · prompt 875 tokens, none cached, 875 new in
                       0.42 s (2,083 T/s) · first token 0.43 s, total 2.47 s ·
                       draft 168/264 accepted (64%) · max_tokens reached
22:03:04.524 INFO:     #224 chat/completions (stream): 65 prompt tokens ·
                       temperature: 0, greedy (req), max_tokens: 256 (req),
                       min_tokens: 256 (req)
22:03:05.807 INFO:     #222 chat/completions (stream): 256 tokens generated at
                       150.1 T/s · prompt 778 tokens, none cached, 778 new in
                       0.22 s (3,536 T/s) · first token 0.23 s, total 1.93 s ·
                       draft 176/240 accepted (73%) · max_tokens reached
22:03:05.849 INFO:     #225 chat/completions (stream): 117 prompt tokens ·
                       temperature: 0, greedy (req), max_tokens: 256 (req),
                       min_tokens: 256 (req)
22:03:05.985 INFO:     #223 chat/completions (stream): 256 tokens generated at
                       181.6 T/s · prompt 774 tokens, none cached, 774 new in
                       0.24 s (3,225 T/s) · first token 0.25 s, total 1.66 s ·
                       draft 180/228 accepted (79%) · max_tokens reached
22:03:06.034 INFO:     #226 chat/completions (stream): 405 prompt tokens ·
                       temperature: 0, greedy (req), max_tokens: 256 (req),
                       min_tokens: 256 (req)
22:03:06.389 INFO:     #221 chat/completions (stream): 256 tokens generated at
                       93.1 T/s · prompt 63 tokens, none cached, 63 new in 0.07
                       s · first token 0.08 s, total 2.83 s · draft 143/339
                       accepted (42%) · max_tokens reached
22:03:06.438 INFO:     #227 chat/completions (stream): 96 prompt tokens ·
                       temperature: 0, greedy (req), max_tokens: 256 (req),
                       min_tokens: 256 (req)
22:03:06.858 INFO:     #224 chat/completions (stream): 256 tokens generated at
                       116.8 T/s · prompt 65 tokens, none cached, 65 new in 0.07
                       s · first token 0.08 s, total 2.27 s · draft 157/297
                       accepted (53%) · max_tokens reached
22:03:06.912 INFO:     #228 chat/completions (stream): 1,533 prompt tokens ·
                       temperature: 0, greedy (req), max_tokens: 256 (req),
                       min_tokens: 256 (req)
22:03:08.250 INFO:     #225 chat/completions (stream): 256 tokens generated at
                       115.8 T/s · prompt 117 tokens, none cached, 117 new in
                       0.10 s · first token 0.11 s, total 2.32 s · draft 174/246
                       accepted (71%) · max_tokens reached
22:03:08.302 INFO:     #229 chat/completions (stream): 786 prompt tokens ·
                       temperature: 0, greedy (req), max_tokens: 256 (req),
                       min_tokens: 256 (req)
22:03:08.779 INFO:     #226 chat/completions (stream): 256 tokens generated at
                       107.2 T/s · prompt 405 tokens, none cached, 405 new in
                       0.29 s (1,397 T/s) · first token 0.30 s, total 2.68 s ·
                       draft 162/282 accepted (57%) · max_tokens reached
22:03:08.822 INFO:     #230 chat/completions (stream): 61 prompt tokens ·
                       temperature: 0, greedy (req), max_tokens: 256 (req),
                       min_tokens: 256 (req)
22:03:08.929 INFO:     #227 chat/completions (stream): 256 tokens generated at
                       113.3 T/s · prompt 96 tokens, none cached, 96 new in 0.09
                       s · first token 0.10 s, total 2.36 s · draft 164/276
                       accepted (59%) · max_tokens reached
22:03:08.979 INFO:     #231 chat/completions (stream): 84 prompt tokens ·
                       temperature: 0, greedy (req), max_tokens: 256 (req),
                       min_tokens: 256 (req)
22:03:09.338 INFO:     #228 chat/completions (stream): 256 tokens generated at
                       132.7 T/s · prompt 1,533 tokens, none cached, 1,533 new
                       in 0.43 s (3,565 T/s) · first token 0.44 s, total 2.36 s
                       · draft 169/261 accepted (65%) · max_tokens reached
22:03:09.386 INFO:     #232 chat/completions (stream): 92 prompt tokens ·
                       temperature: 0, greedy (req), max_tokens: 256 (req),
                       min_tokens: 256 (req)
22:03:10.323 INFO:     #229 chat/completions (stream): 256 tokens generated at
                       149.0 T/s · prompt 786 tokens, none cached, 786 new in
                       0.23 s (3,417 T/s) · first token 0.24 s, total 1.95 s ·
                       draft 173/249 accepted (69%) · max_tokens reached
22:03:10.376 INFO:     #233 chat/completions (stream): 388 prompt tokens ·
                       temperature: 0, greedy (req), max_tokens: 256 (req),
                       min_tokens: 256 (req)
22:03:10.826 INFO:     #230 chat/completions (stream): 256 tokens generated at
                       137.4 T/s · prompt 61 tokens, none cached, 61 new in 0.07
                       s · first token 0.08 s, total 1.94 s · draft 175/243
                       accepted (72%) · max_tokens reached
22:03:10.875 INFO:     #234 chat/completions (stream): 63 prompt tokens ·
                       temperature: 0, greedy (req), max_tokens: 256 (req),
                       min_tokens: 256 (req)
22:03:11.204 INFO:     #231 chat/completions (stream): 256 tokens generated at
                       124.4 T/s · prompt 84 tokens, none cached, 84 new in 0.09
                       s · first token 0.10 s, total 2.15 s · draft 163/279
                       accepted (58%) · max_tokens reached
22:03:11.244 INFO:     #235 chat/completions (stream): 78 prompt tokens ·
                       temperature: 0, greedy (req), max_tokens: 256 (req),
                       min_tokens: 256 (req)
22:03:11.345 INFO:     #232 chat/completions (stream): 256 tokens generated at
                       148.6 T/s · prompt 92 tokens, none cached, 92 new in 0.09
                       s · first token 0.10 s, total 1.82 s · draft 177/237
                       accepted (75%) · max_tokens reached
22:03:11.395 INFO:     #236 chat/completions (stream): 707 prompt tokens ·
                       temperature: 0, greedy (req), max_tokens: 256 (req),
                       min_tokens: 256 (req)
22:03:12.601 INFO:     #233 chat/completions (stream): 256 tokens generated at
                       134.8 T/s · prompt 388 tokens, none cached, 388 new in
                       0.25 s (1,552 T/s) · first token 0.26 s, total 2.15 s ·
                       draft 174/246 accepted (71%) · max_tokens reached
22:03:12.653 INFO:     #237 chat/completions (stream): 316 prompt tokens ·
                       temperature: 0, greedy (req), max_tokens: 256 (req),
                       min_tokens: 256 (req)
22:03:13.355 INFO:     #236 chat/completions (stream): 256 tokens generated at
                       159.3 T/s · prompt 707 tokens, none cached, 707 new in
                       0.29 s (2,438 T/s) · first token 0.30 s, total 1.90 s ·
                       draft 179/231 accepted (77%) · max_tokens reached
22:03:13.396 INFO:     #238 chat/completions (stream): 70 prompt tokens ·
                       temperature: 0, greedy (req), max_tokens: 256 (req),
                       min_tokens: 256 (req)
22:03:13.397 INFO:     #234 chat/completions (stream): 256 tokens generated at
                       107.1 T/s · prompt 63 tokens, none cached, 63 new in 0.07
                       s · first token 0.08 s, total 2.47 s · draft 154/306
                       accepted (50%) · max_tokens reached
22:03:13.529 INFO:     #239 chat/completions (stream): 85 prompt tokens ·
                       temperature: 0, greedy (req), max_tokens: 256 (req),
                       min_tokens: 256 (req)
22:03:13.807 INFO:     #235 chat/completions (stream): 256 tokens generated at
                       106.1 T/s · prompt 78 tokens, none cached, 78 new in 0.08
                       s · first token 0.09 s, total 2.50 s · draft 157/297
                       accepted (53%) · max_tokens reached
22:03:13.861 INFO:     #240 chat/completions (stream): 689 prompt tokens ·
                       temperature: 0, greedy (req), max_tokens: 256 (req),
                       min_tokens: 256 (req)
22:03:14.848 INFO:     #237 chat/completions (stream): 256 tokens generated at
                       134.1 T/s · prompt 316 tokens, none cached, 316 new in
                       0.21 s (1,505 T/s) · first token 0.22 s, total 2.13 s ·
                       draft 173/249 accepted (69%) · max_tokens reached
22:03:14.901 INFO:     #241 chat/completions (stream): 118 prompt tokens ·
                       temperature: 0, greedy (req), max_tokens: 256 (req),
                       min_tokens: 256 (req)
22:03:15.870 INFO:     #238 chat/completions (stream): 256 tokens generated at
                       109.8 T/s · prompt 70 tokens, none cached, 70 new in 0.08
                       s · first token 0.09 s, total 2.42 s · draft 153/309
                       accepted (50%) · max_tokens reached
22:03:15.899 INFO:     #239 chat/completions (stream): 256 tokens generated at
                       115.2 T/s · prompt 85 tokens, none cached, 85 new in 0.09
                       s · first token 0.10 s, total 2.32 s · draft 154/306
                       accepted (50%) · max_tokens reached
22:03:15.914 INFO:     #242 chat/completions (stream): 811 prompt tokens ·
                       temperature: 0, greedy (req), max_tokens: 256 (req),
                       min_tokens: 256 (req)
22:03:16.209 INFO:     #243 chat/completions (stream): 560 prompt tokens ·
                       temperature: 0, greedy (req), max_tokens: 256 (req),
                       min_tokens: 256 (req)
22:03:16.549 INFO:     #240 chat/completions (stream): 256 tokens generated at
                       109.0 T/s · prompt 689 tokens, none cached, 689 new in
                       0.27 s (2,552 T/s) · first token 0.28 s, total 2.62 s ·
                       draft 159/291 accepted (55%) · max_tokens reached
22:03:16.598 INFO:     #244 chat/completions (stream): 105 prompt tokens ·
                       temperature: 0, greedy (req), max_tokens: 256 (req),
                       min_tokens: 256 (req)
22:03:16.985 INFO:     #241 chat/completions (stream): 256 tokens generated at
                       133.7 T/s · prompt 118 tokens, none cached, 118 new in
                       0.10 s · first token 0.11 s, total 2.02 s · draft 181/225
                       accepted (80%) · max_tokens reached
22:03:17.036 INFO:     #246 chat/completions (stream): 715 prompt tokens ·
                       temperature: 0, greedy (req), max_tokens: 256 (req),
                       min_tokens: 256 (req)
22:03:18.389 INFO:     #242 chat/completions (stream): 256 tokens generated at
                       120.1 T/s · prompt 811 tokens, none cached, 811 new in
                       0.27 s (3,004 T/s) · first token 0.28 s, total 2.41 s ·
                       draft 169/261 accepted (65%) · max_tokens reached
22:03:18.438 INFO:     #247 chat/completions (stream): 116 prompt tokens ·
                       temperature: 0, greedy (req), max_tokens: 256 (req),
                       min_tokens: 256 (req)
22:03:18.670 INFO:     #244 chat/completions (stream): 256 tokens generated at
                       133.9 T/s · prompt 105 tokens, none cached, 105 new in
                       0.10 s · first token 0.11 s, total 2.02 s · draft 169/261
                       accepted (65%) · max_tokens reached
22:03:18.698 INFO:     #243 chat/completions (stream): 256 tokens generated at
                       116.8 T/s · prompt 560 tokens, none cached, 560 new in
                       0.24 s (2,333 T/s) · first token 0.25 s, total 2.44 s ·
                       draft 158/294 accepted (54%) · max_tokens reached
22:03:18.711 INFO:     #248 chat/completions (stream): 69 prompt tokens ·
                       temperature: 0, greedy (req), max_tokens: 256 (req),
                       min_tokens: 256 (req)
22:03:18.826 INFO:     #249 chat/completions (stream): 63 prompt tokens ·
                       temperature: 0, greedy (req), max_tokens: 256 (req),
                       min_tokens: 256 (req)
22:03:19.289 INFO:     #246 chat/completions (stream): 256 tokens generated at
                       134.7 T/s · prompt 715 tokens, none cached, 715 new in
                       0.28 s (2,554 T/s) · first token 0.29 s, total 2.19 s ·
                       draft 164/276 accepted (59%) · max_tokens reached
22:03:19.338 INFO:     #250 chat/completions (stream): 74 prompt tokens ·
                       temperature: 0, greedy (req), max_tokens: 256 (req),
                       min_tokens: 256 (req)
22:03:20.301 INFO:     #247 chat/completions (stream): 256 tokens generated at
                       150.9 T/s · prompt 116 tokens, none cached, 116 new in
                       0.10 s · first token 0.11 s, total 1.80 s · draft 174/246
                       accepted (71%) · max_tokens reached
22:03:20.352 INFO:     #251 chat/completions (stream): 755 prompt tokens ·
                       temperature: 0, greedy (req), max_tokens: 256 (req),
                       min_tokens: 256 (req)
22:03:20.922 INFO:     #249 chat/completions (stream): 256 tokens generated at
                       130.9 T/s · prompt 63 tokens, none cached, 63 new in 0.07
                       s · first token 0.07 s, total 2.03 s · draft 167/267
                       accepted (63%) · max_tokens reached
22:03:20.973 INFO:     #252 chat/completions (stream): 119 prompt tokens ·
                       temperature: 0, greedy (req), max_tokens: 256 (req),
                       min_tokens: 256 (req)
22:03:21.276 INFO:     #248 chat/completions (stream): 256 tokens generated at
                       105.9 T/s · prompt 69 tokens, none cached, 69 new in 0.08
                       s · first token 0.09 s, total 2.50 s · draft 151/315
                       accepted (48%) · max_tokens reached
22:03:21.324 INFO:     #253 chat/completions (stream): 157 prompt tokens ·
                       temperature: 0, greedy (req), max_tokens: 256 (req),
                       min_tokens: 256 (req)
22:03:21.469 INFO:     #250 chat/completions (stream): 256 tokens generated at
                       136.4 T/s · prompt 74 tokens, none cached, 74 new in 0.09
                       s · first token 0.10 s, total 1.97 s · draft 171/255
                       accepted (67%) · max_tokens reached
22:03:21.521 INFO:     #254 chat/completions (stream): 588 prompt tokens ·
                       temperature: 0, greedy (req), max_tokens: 256 (req),
                       min_tokens: 256 (req)
22:03:22.718 INFO:     #251 chat/completions (stream): 256 tokens generated at
                       127.3 T/s · prompt 755 tokens, none cached, 755 new in
                       0.28 s (2,696 T/s) · first token 0.29 s, total 2.30 s ·
                       draft 167/267 accepted (63%) · max_tokens reached
22:03:22.762 INFO:     #255 chat/completions (stream): 86 prompt tokens ·
                       temperature: 0, greedy (req), max_tokens: 256 (req),
                       min_tokens: 256 (req)
22:03:22.885 INFO:     #252 chat/completions (stream): 256 tokens generated at
                       154.7 T/s · prompt 119 tokens, none cached, 119 new in
                       0.10 s · first token 0.11 s, total 1.76 s · draft 181/225
                       accepted (80%) · max_tokens reached
22:03:22.935 INFO:     #256 chat/completions (stream): 71 prompt tokens ·
                       temperature: 0, greedy (req), max_tokens: 256 (req),
                       min_tokens: 256 (req)
22:03:23.303 INFO:     #253 chat/completions (stream): 256 tokens generated at
                       141.0 T/s · prompt 157 tokens, none cached, 157 new in
                       0.09 s · first token 0.10 s, total 1.91 s · draft 176/240
                       accepted (73%) · max_tokens reached
22:03:23.357 INFO:     #257 chat/completions (stream): 1,392 prompt tokens ·
                       temperature: 0, greedy (req), max_tokens: 256 (req),
                       min_tokens: 256 (req)
22:03:24.201 INFO:     #254 chat/completions (stream): 256 tokens generated at
                       109.4 T/s · prompt 588 tokens, none cached, 588 new in
                       0.25 s (2,352 T/s) · first token 0.26 s, total 2.60 s ·
                       draft 154/306 accepted (50%) · max_tokens reached
22:03:24.252 INFO:     #258 chat/completions (stream): 107 prompt tokens ·
                       temperature: 0, greedy (req), max_tokens: 256 (req),
                       min_tokens: 256 (req)
22:03:25.043 INFO:     #255 chat/completions (stream): 256 tokens generated at
                       120.5 T/s · prompt 86 tokens, none cached, 86 new in 0.09
                       s · first token 0.10 s, total 2.22 s · draft 168/264
                       accepted (64%) · max_tokens reached
22:03:25.092 INFO:     #259 chat/completions (stream): 75 prompt tokens ·
                       temperature: 0, greedy (req), max_tokens: 256 (req),
                       min_tokens: 256 (req)
22:03:25.532 INFO:     #256 chat/completions (stream): 256 tokens generated at
                       104.5 T/s · prompt 71 tokens, none cached, 71 new in 0.08
                       s · first token 0.09 s, total 2.53 s · draft 150/318
                       accepted (47%) · max_tokens reached
22:03:25.583 INFO:     #260 chat/completions (stream): 97 prompt tokens ·
                       temperature: 0, greedy (req), max_tokens: 256 (req),
                       min_tokens: 256 (req)
22:03:25.778 INFO:     #257 chat/completions (stream): 256 tokens generated at
                       130.1 T/s · prompt 1,392 tokens, none cached, 1,392 new
                       in 0.38 s (3,663 T/s) · first token 0.39 s, total 2.35 s
                       · draft 161/285 accepted (56%) · max_tokens reached
22:03:25.826 INFO:     #261 chat/completions (stream): 81 prompt tokens ·
                       temperature: 0, greedy (req), max_tokens: 256 (req),
                       min_tokens: 256 (req)
22:03:26.479 INFO:     #258 chat/completions (stream): 256 tokens generated at
                       124.1 T/s · prompt 107 tokens, none cached, 107 new in
                       0.09 s · first token 0.10 s, total 2.16 s · draft 154/306
                       accepted (50%) · max_tokens reached
22:03:26.530 INFO:     #262 chat/completions (stream): 642 prompt tokens ·
                       temperature: 0, greedy (req), max_tokens: 256 (req),
                       min_tokens: 256 (req)
22:03:27.365 INFO:     #259 chat/completions (stream): 256 tokens generated at
                       120.5 T/s · prompt 75 tokens, none cached, 75 new in 0.08
                       s · first token 0.09 s, total 2.21 s · draft 160/288
                       accepted (56%) · max_tokens reached
22:03:27.413 INFO:     #263 chat/completions (stream): 61 prompt tokens ·
                       temperature: 0, greedy (req), max_tokens: 256 (req),
                       min_tokens: 256 (req)
22:03:27.569 INFO:     #260 chat/completions (stream): 256 tokens generated at
                       140.2 T/s · prompt 97 tokens, none cached, 97 new in 0.09
                       s · first token 0.10 s, total 1.92 s · draft 175/243
                       accepted (72%) · max_tokens reached
22:03:27.609 INFO:     #264 chat/completions (stream): 128 prompt tokens ·
                       temperature: 0, greedy (req), max_tokens: 256 (req),
                       min_tokens: 256 (req)
22:03:27.731 INFO:     #261 chat/completions (stream): 256 tokens generated at
                       154.5 T/s · prompt 81 tokens, none cached, 81 new in 0.08
                       s · first token 0.09 s, total 1.74 s · draft 180/228
                       accepted (79%) · max_tokens reached
22:03:27.782 INFO:     #265 chat/completions (stream): 712 prompt tokens ·
                       temperature: 0, greedy (req), max_tokens: 256 (req),
                       min_tokens: 256 (req)
22:03:29.021 INFO:     #262 chat/completions (stream): 256 tokens generated at
                       119.0 T/s · prompt 642 tokens, none cached, 642 new in
                       0.27 s (2,378 T/s) · first token 0.28 s, total 2.43 s ·
                       draft 159/291 accepted (55%) · max_tokens reached
22:03:29.071 INFO:     #266 chat/completions (stream): 94 prompt tokens ·
                       temperature: 0, greedy (req), max_tokens: 256 (req),
                       min_tokens: 256 (req)
22:03:29.450 INFO:     #264 chat/completions (stream): 256 tokens generated at
                       153.3 T/s · prompt 128 tokens, none cached, 128 new in
                       0.10 s · first token 0.11 s, total 1.77 s · draft 183/219
                       accepted (84%) · max_tokens reached
22:03:29.501 INFO:     #267 chat/completions (stream): 66 prompt tokens ·
                       temperature: 0, greedy (req), max_tokens: 256 (req),
                       min_tokens: 256 (req)
22:03:29.734 INFO:     #263 chat/completions (stream): 256 tokens generated at
                       117.4 T/s · prompt 61 tokens, none cached, 61 new in 0.07
                       s · first token 0.08 s, total 2.26 s · draft 163/279
                       accepted (58%) · max_tokens reached
22:03:29.775 INFO:     #268 chat/completions (stream): 93 prompt tokens ·
                       temperature: 0, greedy (req), max_tokens: 256 (req),
                       min_tokens: 256 (req)
22:03:29.883 INFO:     #265 chat/completions (stream): 256 tokens generated at
                       153.7 T/s · prompt 712 tokens, none cached, 712 new in
                       0.28 s (2,543 T/s) · first token 0.29 s, total 1.95 s ·
                       draft 172/252 accepted (68%) · max_tokens reached
22:03:29.932 INFO:     #269 chat/completions (stream): 108 prompt tokens ·
                       temperature: 0, greedy (req), max_tokens: 256 (req),
                       min_tokens: 256 (req)
22:03:31.238 INFO:     #266 chat/completions (stream): 256 tokens generated at
                       128.7 T/s · prompt 94 tokens, none cached, 94 new in 0.09
                       s · first token 0.10 s, total 2.08 s · draft 159/291
                       accepted (55%) · max_tokens reached
22:03:31.288 INFO:     #270 chat/completions (stream): 93 prompt tokens ·
                       temperature: 0, greedy (req), max_tokens: 256 (req),
                       min_tokens: 256 (req)
22:03:31.520 INFO:     #267 chat/completions (stream): 256 tokens generated at
                       136.8 T/s · prompt 66 tokens, none cached, 66 new in 0.07
                       s · first token 0.08 s, total 1.95 s · draft 167/267
                       accepted (63%) · max_tokens reached
22:03:31.566 INFO:     #271 chat/completions (stream): 86 prompt tokens ·
                       temperature: 0, greedy (req), max_tokens: 256 (req),
                       min_tokens: 256 (req)
22:03:31.706 INFO:     #268 chat/completions (stream): 256 tokens generated at
                       152.0 T/s · prompt 93 tokens, none cached, 93 new in 0.09
                       s · first token 0.10 s, total 1.78 s · draft 173/249
                       accepted (69%) · max_tokens reached
22:03:31.758 INFO:     #272 chat/completions (stream): 87 prompt tokens ·
                       temperature: 0, greedy (req), max_tokens: 256 (req),
                       min_tokens: 256 (req)
22:03:31.947 INFO:     #269 chat/completions (stream): 256 tokens generated at
                       138.5 T/s · prompt 108 tokens, none cached, 108 new in
                       0.10 s · first token 0.11 s, total 1.95 s · draft 168/264
                       accepted (64%) · max_tokens reached
22:03:31.995 INFO:     #273 chat/completions (stream): 91 prompt tokens ·
                       temperature: 0, greedy (req), max_tokens: 256 (req),
                       min_tokens: 256 (req)
22:03:33.042 INFO:     #270 chat/completions (stream): 256 tokens generated at
                       160.5 T/s · prompt 93 tokens, none cached, 93 new in 0.09
                       s · first token 0.10 s, total 1.69 s · draft 180/228
                       accepted (79%) · max_tokens reached
22:03:33.093 INFO:     #275 chat/completions (stream): 849 prompt tokens ·
                       temperature: 0, greedy (req), max_tokens: 256 (req),
                       min_tokens: 256 (req)
22:03:33.929 INFO:     #271 chat/completions (stream): 256 tokens generated at
                       115.6 T/s · prompt 86 tokens, none cached, 86 new in 0.09
                       s · first token 0.10 s, total 2.31 s · draft 156/300
                       accepted (52%) · max_tokens reached
22:03:33.944 INFO:     #272 chat/completions (stream): 256 tokens generated at
                       125.5 T/s · prompt 87 tokens, none cached, 87 new in 0.09
                       s · first token 0.10 s, total 2.14 s · draft 161/285
                       accepted (56%) · max_tokens reached
22:03:33.973 INFO:     #276 chat/completions (stream): 82 prompt tokens ·
                       temperature: 0, greedy (req), max_tokens: 256 (req),
                       min_tokens: 256 (req)
22:03:34.079 INFO:     #277 chat/completions (stream): 64 prompt tokens ·
                       temperature: 0, greedy (req), max_tokens: 256 (req),
                       min_tokens: 256 (req)
22:03:34.366 INFO:     #273 chat/completions (stream): 256 tokens generated at
                       116.1 T/s · prompt 91 tokens, none cached, 91 new in 0.09
                       s · first token 0.10 s, total 2.30 s · draft 156/300
                       accepted (52%) · max_tokens reached
22:03:34.416 INFO:     #278 chat/completions (stream): 117 prompt tokens ·
                       temperature: 0, greedy (req), max_tokens: 256 (req),
                       min_tokens: 256 (req)
22:03:35.235 INFO:     #275 chat/completions (stream): 256 tokens generated at
                       144.7 T/s · prompt 849 tokens, none cached, 849 new in
                       0.29 s (2,928 T/s) · first token 0.30 s, total 2.07 s ·
                       draft 172/252 accepted (68%) · max_tokens reached
22:03:35.290 INFO:     #279 chat/completions (stream): 1,307 prompt tokens ·
                       temperature: 0, greedy (req), max_tokens: 256 (req),
                       min_tokens: 256 (req)
22:03:36.221 INFO:     #278 chat/completions (stream): 256 tokens generated at
                       156.9 T/s · prompt 117 tokens, none cached, 117 new in
                       0.10 s · first token 0.11 s, total 1.74 s · draft 182/222
                       accepted (82%) · max_tokens reached
22:03:36.237 INFO:     #276 chat/completions (stream): 256 tokens generated at
                       121.5 T/s · prompt 82 tokens, none cached, 82 new in 0.08
                       s · first token 0.09 s, total 2.19 s · draft 166/270
                       accepted (61%) · max_tokens reached
22:03:36.265 INFO:     #280 chat/completions (stream): 93 prompt tokens ·
                       temperature: 0, greedy (req), max_tokens: 256 (req),
                       min_tokens: 256 (req)
22:03:36.375 INFO:     #281 chat/completions (stream): 108 prompt tokens ·
                       temperature: 0, greedy (req), max_tokens: 256 (req),
                       min_tokens: 256 (req)
22:03:37.049 INFO:     #277 chat/completions (stream): 256 tokens generated at
                       90.6 T/s · prompt 64 tokens, none cached, 64 new in 0.07
                       s · first token 0.08 s, total 2.90 s · draft 132/372
                       accepted (35%) · max_tokens reached
22:03:37.098 INFO:     #282 chat/completions (stream): 97 prompt tokens ·
                       temperature: 0, greedy (req), max_tokens: 256 (req),
                       min_tokens: 256 (req)
22:03:37.575 INFO:     #279 chat/completions (stream): 256 tokens generated at
                       134.1 T/s · prompt 1,307 tokens, none cached, 1,307 new
                       in 0.31 s (4,216 T/s) · first token 0.32 s, total 2.22 s
                       · draft 164/276 accepted (59%) · max_tokens reached
22:03:37.626 INFO:     #283 chat/completions (stream): 752 prompt tokens ·
                       temperature: 0, greedy (req), max_tokens: 256 (req),
                       min_tokens: 256 (req)
22:03:38.462 INFO:     #281 chat/completions (stream): 256 tokens generated at
                       133.4 T/s · prompt 108 tokens, none cached, 108 new in
                       0.10 s · first token 0.11 s, total 2.03 s · draft 168/264
                       accepted (64%) · max_tokens reached
22:03:38.514 INFO:     #284 chat/completions (stream): 772 prompt tokens ·
                       temperature: 0, greedy (req), max_tokens: 256 (req),
                       min_tokens: 256 (req)
22:03:38.834 INFO:     #280 chat/completions (stream): 256 tokens generated at
                       106.2 T/s · prompt 93 tokens, none cached, 93 new in 0.09
                       s · first token 0.10 s, total 2.51 s · draft 157/297
                       accepted (53%) · max_tokens reached
22:03:38.883 INFO:     #285 chat/completions (stream): 84 prompt tokens ·
                       temperature: 0, greedy (req), max_tokens: 256 (req),
                       min_tokens: 256 (req)
22:03:39.176 INFO:     #282 chat/completions (stream): 256 tokens generated at
                       133.3 T/s · prompt 97 tokens, none cached, 97 new in 0.09
                       s · first token 0.10 s, total 2.02 s · draft 178/234
                       accepted (76%) · max_tokens reached
22:03:39.233 INFO:     #286 chat/completions (stream): 76 prompt tokens ·
                       temperature: 0, greedy (req), max_tokens: 256 (req),
                       min_tokens: 256 (req)
22:03:39.947 INFO:     #283 chat/completions (stream): 256 tokens generated at
                       129.9 T/s · prompt 752 tokens, none cached, 752 new in
                       0.28 s (2,686 T/s) · first token 0.29 s, total 2.26 s ·
                       draft 165/273 accepted (60%) · max_tokens reached
22:03:39.998 INFO:     #287 chat/completions (stream): 881 prompt tokens ·
                       temperature: 0, greedy (req), max_tokens: 256 (req),
                       min_tokens: 256 (req)
22:03:40.752 INFO:     #284 chat/completions (stream): 256 tokens generated at
                       131.1 T/s · prompt 772 tokens, none cached, 772 new in
                       0.21 s (3,676 T/s) · first token 0.22 s, total 2.17 s ·
                       draft 171/255 accepted (67%) · max_tokens reached
22:03:40.801 INFO:     #288 chat/completions (stream): 78 prompt tokens ·
                       temperature: 0, greedy (req), max_tokens: 256 (req),
                       min_tokens: 256 (req)
22:03:41.236 INFO:     #286 chat/completions (stream): 256 tokens generated at
                       139.5 T/s · prompt 76 tokens, none cached, 76 new in 0.08
                       s · first token 0.09 s, total 1.92 s · draft 173/249
                       accepted (69%) · max_tokens reached
22:03:41.287 INFO:     #289 chat/completions (stream): 681 prompt tokens ·
                       temperature: 0, greedy (req), max_tokens: 256 (req),
                       min_tokens: 256 (req)
22:03:41.619 INFO:     #285 chat/completions (stream): 256 tokens generated at
                       103.1 T/s · prompt 84 tokens, none cached, 84 new in 0.08
                       s · first token 0.09 s, total 2.57 s · draft 150/318
                       accepted (47%) · max_tokens reached
22:03:41.669 INFO:     #290 chat/completions (stream): 947 prompt tokens ·
                       temperature: 0, greedy (req), max_tokens: 256 (req),
                       min_tokens: 256 (req)
22:03:42.553 INFO:     #287 chat/completions (stream): 256 tokens generated at
                       118.1 T/s · prompt 881 tokens, none cached, 881 new in
                       0.32 s (2,753 T/s) · first token 0.33 s, total 2.49 s ·
                       draft 169/261 accepted (65%) · max_tokens reached
22:03:42.602 INFO:     #291 chat/completions (stream): 98 prompt tokens ·
                       temperature: 0, greedy (req), max_tokens: 256 (req),
                       min_tokens: 256 (req)
22:03:43.132 INFO:     #288 chat/completions (stream): 256 tokens generated at
                       117.9 T/s · prompt 78 tokens, none cached, 78 new in 0.08
                       s · first token 0.09 s, total 2.26 s · draft 170/258
                       accepted (66%) · max_tokens reached
22:03:43.201 INFO:     #292 chat/completions (stream): 96 prompt tokens ·
                       temperature: 0, greedy (req), max_tokens: 256 (req),
                       min_tokens: 256 (req)
22:03:43.732 INFO:     #289 chat/completions (stream): 256 tokens generated at
                       121.1 T/s · prompt 681 tokens, none cached, 681 new in
                       0.26 s (2,619 T/s) · first token 0.27 s, total 2.38 s ·
                       draft 166/270 accepted (61%) · max_tokens reached
22:03:43.776 INFO:     #293 chat/completions (stream): 191 prompt tokens ·
                       temperature: 0, greedy (req), max_tokens: 256 (req),
                       min_tokens: 256 (req)
22:03:43.914 INFO:     #290 chat/completions (stream): 256 tokens generated at
                       144.9 T/s · prompt 947 tokens, none cached, 947 new in
                       0.31 s (3,055 T/s) · first token 0.32 s, total 2.08 s ·
                       draft 169/261 accepted (65%) · max_tokens reached
22:03:43.964 INFO:     #294 chat/completions (stream): 166 prompt tokens ·
                       temperature: 0, greedy (req), max_tokens: 256 (req),
                       min_tokens: 256 (req)
22:03:44.867 INFO:     #291 chat/completions (stream): 256 tokens generated at
                       121.9 T/s · prompt 98 tokens, none cached, 98 new in 0.09
                       s · first token 0.10 s, total 2.20 s · draft 157/297
                       accepted (53%) · max_tokens reached
22:03:44.918 INFO:     #295 chat/completions (stream): 85 prompt tokens ·
                       temperature: 0, greedy (req), max_tokens: 256 (req),
                       min_tokens: 256 (req)
22:03:45.452 INFO:     #292 chat/completions (stream): 256 tokens generated at
                       123.0 T/s · prompt 96 tokens, none cached, 96 new in 0.10
                       s · first token 0.11 s, total 2.19 s · draft 157/297
                       accepted (53%) · max_tokens reached
22:03:45.503 INFO:     #296 chat/completions (stream): 62 prompt tokens ·
                       temperature: 0, greedy (req), max_tokens: 256 (req),
                       min_tokens: 256 (req)
22:03:45.733 INFO:     #294 chat/completions (stream): 256 tokens generated at
                       159.5 T/s · prompt 166 tokens, none cached, 166 new in
                       0.09 s · first token 0.10 s, total 1.70 s · draft 177/237
                       accepted (75%) · max_tokens reached
22:03:45.783 INFO:     #297 chat/completions (stream): 775 prompt tokens ·
                       temperature: 0, greedy (req), max_tokens: 256 (req),
                       min_tokens: 256 (req)
22:03:46.065 INFO:     #293 chat/completions (stream): 256 tokens generated at
                       122.0 T/s · prompt 191 tokens, none cached, 191 new in
                       0.10 s · first token 0.11 s, total 2.20 s · draft 164/276
                       accepted (59%) · max_tokens reached
22:03:46.114 INFO:     #298 chat/completions (stream): 63 prompt tokens ·
                       temperature: 0, greedy (req), max_tokens: 256 (req),
                       min_tokens: 256 (req)
22:03:47.013 INFO:     #295 chat/completions (stream): 256 tokens generated at
                       132.0 T/s · prompt 85 tokens, none cached, 85 new in 0.09
                       s · first token 0.10 s, total 2.03 s · draft 166/270
                       accepted (61%) · max_tokens reached
22:03:47.062 INFO:     #300 chat/completions (stream): 97 prompt tokens ·
                       temperature: 0, greedy (req), max_tokens: 256 (req),
                       min_tokens: 256 (req)
22:03:47.443 INFO:     #296 chat/completions (stream): 256 tokens generated at
                       142.1 T/s · prompt 62 tokens, none cached, 62 new in 0.07
                       s · first token 0.08 s, total 1.88 s · draft 174/246
                       accepted (71%) · max_tokens reached
22:03:47.491 INFO:     #301 chat/completions (stream): 65 prompt tokens ·
                       temperature: 0, greedy (req), max_tokens: 256 (req),
                       min_tokens: 256 (req)
22:03:47.770 INFO:     #297 chat/completions (stream): 256 tokens generated at
                       149.9 T/s · prompt 775 tokens, none cached, 775 new in
                       0.21 s (3,690 T/s) · first token 0.22 s, total 1.92 s ·
                       draft 172/252 accepted (68%) · max_tokens reached
22:03:47.819 INFO:     #302 chat/completions (stream): 61 prompt tokens ·
                       temperature: 0, greedy (req), max_tokens: 256 (req),
                       min_tokens: 256 (req)
22:03:48.170 INFO:     #298 chat/completions (stream): 256 tokens generated at
                       133.7 T/s · prompt 63 tokens, none cached, 63 new in 0.07
                       s · first token 0.08 s, total 1.99 s · draft 160/288
                       accepted (56%) · max_tokens reached
22:03:48.239 INFO:     #303 chat/completions (stream): 797 prompt tokens ·
                       temperature: 0, greedy (req), max_tokens: 256 (req),
                       min_tokens: 256 (req)
22:03:49.101 INFO:     #300 chat/completions (stream): 256 tokens generated at
                       136.2 T/s · prompt 97 tokens, none cached, 97 new in 0.09
                       s · first token 0.10 s, total 1.97 s · draft 170/258
                       accepted (66%) · max_tokens reached
22:03:49.152 INFO:     #304 chat/completions (stream): 822 prompt tokens ·
                       temperature: 0, greedy (req), max_tokens: 256 (req),
                       min_tokens: 256 (req)
22:03:49.642 INFO:     #301 chat/completions (stream): 256 tokens generated at
                       127.4 T/s · prompt 65 tokens, none cached, 65 new in 0.07
                       s · first token 0.08 s, total 2.08 s · draft 175/243
                       accepted (72%) · max_tokens reached
22:03:49.691 INFO:     #305 chat/completions (stream): 63 prompt tokens ·
                       temperature: 0, greedy (req), max_tokens: 256 (req),
                       min_tokens: 256 (req)
22:03:50.262 INFO:     #303 chat/completions (stream): 256 tokens generated at
                       147.8 T/s · prompt 797 tokens, none cached, 797 new in
                       0.22 s (3,623 T/s) · first token 0.23 s, total 1.96 s ·
                       draft 179/231 accepted (77%) · max_tokens reached
22:03:50.313 INFO:     #306 chat/completions (stream): 94 prompt tokens ·
                       temperature: 0, greedy (req), max_tokens: 256 (req),
                       min_tokens: 256 (req)
22:03:50.505 INFO:     #302 chat/completions (stream): 256 tokens generated at
                       100.5 T/s · prompt 61 tokens, none cached, 61 new in 0.07
                       s · first token 0.08 s, total 2.62 s · draft 150/318
                       accepted (47%) · max_tokens reached
22:03:50.555 INFO:     #307 chat/completions (stream): 104 prompt tokens ·
                       temperature: 0, greedy (req), max_tokens: 256 (req),
                       min_tokens: 256 (req)
22:03:51.430 INFO:     #304 chat/completions (stream): 256 tokens generated at
                       135.2 T/s · prompt 822 tokens, none cached, 822 new in
                       0.31 s (2,652 T/s) · first token 0.32 s, total 2.21 s ·
                       draft 164/276 accepted (59%) · max_tokens reached
22:03:51.471 INFO:     #308 chat/completions (stream): 470 prompt tokens ·
                       temperature: 0, greedy (req), max_tokens: 256 (req),
                       min_tokens: 256 (req)
22:03:51.616 INFO:     #305 chat/completions (stream): 256 tokens generated at
                       154.1 T/s · prompt 63 tokens, none cached, 63 new in 0.07
                       s · first token 0.08 s, total 1.74 s · draft 173/249
                       accepted (69%) · max_tokens reached
22:03:51.770 INFO:     #309 chat/completions (stream): 957 prompt tokens ·
                       temperature: 0, greedy (req), max_tokens: 256 (req),
                       min_tokens: 256 (req)
22:03:52.384 INFO:     #306 chat/completions (stream): 256 tokens generated at
                       133.8 T/s · prompt 94 tokens, none cached, 94 new in 0.09
                       s · first token 0.10 s, total 2.01 s · draft 182/222
                       accepted (82%) · max_tokens reached
22:03:52.433 INFO:     #310 chat/completions (stream): 90 prompt tokens ·
                       temperature: 0, greedy (req), max_tokens: 256 (req),
                       min_tokens: 256 (req)
22:03:52.918 INFO:     #307 chat/completions (stream): 256 tokens generated at
                       116.5 T/s · prompt 104 tokens, none cached, 104 new in
                       0.09 s · first token 0.10 s, total 2.29 s · draft 166/270
                       accepted (61%) · max_tokens reached
22:03:52.968 INFO:     #311 chat/completions (stream): 72 prompt tokens ·
                       temperature: 0, greedy (req), max_tokens: 256 (req),
                       min_tokens: 256 (req)
22:03:53.684 INFO:     #308 chat/completions (stream): 256 tokens generated at
                       134.8 T/s · prompt 470 tokens, none cached, 470 new in
                       0.24 s (1,958 T/s) · first token 0.25 s, total 2.14 s ·
                       draft 174/246 accepted (71%) · max_tokens reached
22:03:53.736 INFO:     #312 chat/completions (stream): 748 prompt tokens ·
                       temperature: 0, greedy (req), max_tokens: 256 (req),
                       min_tokens: 256 (req)
22:03:54.153 INFO:     #309 chat/completions (stream): 256 tokens generated at
                       127.4 T/s · prompt 957 tokens, none cached, 957 new in
                       0.30 s (3,190 T/s) · first token 0.31 s, total 2.32 s ·
                       draft 166/270 accepted (61%) · max_tokens reached
22:03:54.215 INFO:     #313 chat/completions (stream): 135 prompt tokens ·
                       temperature: 0, greedy (req), max_tokens: 256 (req),
                       min_tokens: 256 (req)
22:03:54.432 INFO:     #310 chat/completions (stream): 256 tokens generated at
                       139.2 T/s · prompt 90 tokens, none cached, 90 new in 0.09
                       s · first token 0.10 s, total 1.94 s · draft 178/234
                       accepted (76%) · max_tokens reached
22:03:54.482 INFO:     #314 chat/completions (stream): 109 prompt tokens ·
                       temperature: 0, greedy (req), max_tokens: 256 (req),
                       min_tokens: 256 (req)
22:03:54.858 INFO:     #311 chat/completions (stream): 256 tokens generated at
                       146.9 T/s · prompt 72 tokens, none cached, 72 new in 0.08
                       s · first token 0.09 s, total 1.83 s · draft 184/216
                       accepted (85%) · max_tokens reached
22:03:54.910 INFO:     #315 chat/completions (stream): 748 prompt tokens ·
                       temperature: 0, greedy (req), max_tokens: 256 (req),
                       min_tokens: 256 (req)
22:03:56.084 INFO:     #312 chat/completions (stream): 256 tokens generated at
                       127.5 T/s · prompt 748 tokens, none cached, 748 new in
                       0.28 s (2,671 T/s) · first token 0.29 s, total 2.29 s ·
                       draft 169/261 accepted (65%) · max_tokens reached
22:03:56.113 INFO:     #313 chat/completions (stream): 256 tokens generated at
                       148.2 T/s · prompt 135 tokens, none cached, 135 new in
                       0.11 s · first token 0.12 s, total 1.84 s · draft 178/234
                       accepted (76%) · max_tokens reached
22:03:56.128 INFO:     #316 chat/completions (stream): 1,170 prompt tokens ·
                       temperature: 0, greedy (req), max_tokens: 256 (req),
                       min_tokens: 256 (req)
22:03:56.503 INFO:     #317 chat/completions (stream): 832 prompt tokens ·
                       temperature: 0, greedy (req), max_tokens: 256 (req),
                       min_tokens: 256 (req)
22:03:56.801 INFO:     #314 chat/completions (stream): 256 tokens generated at
                       165.8 T/s · prompt 109 tokens, none cached, 109 new in
                       0.09 s · first token 0.10 s, total 1.64 s · draft 182/222
                       accepted (82%) · max_tokens reached
22:03:56.849 INFO:     #318 chat/completions (stream): 64 prompt tokens ·
                       temperature: 0, greedy (req), max_tokens: 256 (req),
                       min_tokens: 256 (req)
22:03:57.375 INFO:     #315 chat/completions (stream): 256 tokens generated at
                       120.8 T/s · prompt 748 tokens, none cached, 748 new in
                       0.28 s (2,671 T/s) · first token 0.29 s, total 2.40 s ·
                       draft 174/246 accepted (71%) · max_tokens reached
22:03:57.424 INFO:     #319 chat/completions (stream): 103 prompt tokens ·
                       temperature: 0, greedy (req), max_tokens: 256 (req),
                       min_tokens: 256 (req)
22:03:58.624 INFO:     #317 chat/completions (stream): 256 tokens generated at
                       143.8 T/s · prompt 832 tokens, none cached, 832 new in
                       0.28 s (2,971 T/s) · first token 0.29 s, total 2.07 s ·
                       draft 167/267 accepted (63%) · max_tokens reached
22:03:58.651 INFO:     #316 chat/completions (stream): 256 tokens generated at
                       121.4 T/s · prompt 1,170 tokens, none cached, 1,170 new
                       in 0.35 s (3,343 T/s) · first token 0.36 s, total 2.47 s
                       · draft 163/279 accepted (58%) · max_tokens reached
22:03:58.665 INFO:     #320 chat/completions (stream): 101 prompt tokens ·
                       temperature: 0, greedy (req), max_tokens: 256 (req),
                       min_tokens: 256 (req)
22:03:58.799 INFO:     #321 chat/completions (stream): 63 prompt tokens ·
                       temperature: 0, greedy (req), max_tokens: 256 (req),
                       min_tokens: 256 (req)
22:03:59.007 INFO:     #318 chat/completions (stream): 256 tokens generated at
                       127.0 T/s · prompt 64 tokens, none cached, 64 new in 0.07
                       s · first token 0.08 s, total 2.09 s · draft 158/294
                       accepted (54%) · max_tokens reached
22:03:59.055 INFO:     #322 chat/completions (stream): 63 prompt tokens ·
                       temperature: 0, greedy (req), max_tokens: 256 (req),
                       min_tokens: 256 (req)
22:03:59.477 INFO:     #319 chat/completions (stream): 256 tokens generated at
                       135.5 T/s · prompt 103 tokens, none cached, 103 new in
                       0.09 s · first token 0.10 s, total 1.99 s · draft 164/276
                       accepted (59%) · max_tokens reached
22:03:59.526 INFO:     #323 chat/completions (stream): 155 prompt tokens ·
                       temperature: 0, greedy (req), max_tokens: 256 (req),
                       min_tokens: 256 (req)
22:04:00.654 INFO:     #321 chat/completions (stream): 256 tokens generated at
                       148.9 T/s · prompt 63 tokens, none cached, 63 new in 0.07
                       s · first token 0.08 s, total 1.79 s · draft 168/264
                       accepted (64%) · max_tokens reached
22:04:00.696 INFO:     #324 chat/completions (stream): 71 prompt tokens ·
                       temperature: 0, greedy (req), max_tokens: 256 (req),
                       min_tokens: 256 (req)
22:04:00.696 INFO:     #320 chat/completions (stream): 256 tokens generated at
                       136.6 T/s · prompt 101 tokens, none cached, 101 new in
                       0.09 s · first token 0.10 s, total 1.97 s · draft 163/279
                       accepted (58%) · max_tokens reached
22:04:00.818 INFO:     #325 chat/completions (stream): 102 prompt tokens ·
                       temperature: 0, greedy (req), max_tokens: 256 (req),
                       min_tokens: 256 (req)
22:04:00.931 INFO:     #322 chat/completions (stream): 256 tokens generated at
                       164.0 T/s · prompt 63 tokens, none cached, 63 new in 0.07
                       s · first token 0.08 s, total 1.64 s · draft 172/252
                       accepted (68%) · max_tokens reached
22:04:00.979 INFO:     #326 chat/completions (stream): 91 prompt tokens ·
                       temperature: 0, greedy (req), max_tokens: 256 (req),
                       min_tokens: 256 (req)
22:04:01.367 INFO:     #323 chat/completions (stream): 256 tokens generated at
                       152.5 T/s · prompt 155 tokens, none cached, 155 new in
                       0.09 s · first token 0.10 s, total 1.77 s · draft 174/246
                       accepted (71%) · max_tokens reached
22:04:01.417 INFO:     #327 chat/completions (stream): 788 prompt tokens ·
                       temperature: 0, greedy (req), max_tokens: 256 (req),
                       min_tokens: 256 (req)
22:04:02.988 INFO:     #326 chat/completions (stream): 256 tokens generated at
                       138.2 T/s · prompt 91 tokens, none cached, 91 new in 0.09
                       s · first token 0.10 s, total 1.95 s · draft 164/276
                       accepted (59%) · max_tokens reached
22:04:03.040 INFO:     #329 chat/completions (stream): 809 prompt tokens ·
                       temperature: 0, greedy (req), max_tokens: 256 (req),
                       min_tokens: 256 (req)
22:04:03.358 INFO:     #324 chat/completions (stream): 256 tokens generated at
                       113.4 T/s · prompt 71 tokens, none cached, 71 new in 0.08
                       s · first token 0.09 s, total 2.34 s · draft 150/318
                       accepted (47%) · max_tokens reached
22:04:03.399 INFO:     #330 chat/completions (stream): 106 prompt tokens ·
                       temperature: 0, greedy (req), max_tokens: 256 (req),
                       min_tokens: 256 (req)
22:04:03.515 INFO:     #325 chat/completions (stream): 256 tokens generated at
                       104.8 T/s · prompt 102 tokens, none cached, 102 new in
                       0.09 s · first token 0.10 s, total 2.54 s · draft 149/321
                       accepted (46%) · max_tokens reached
22:04:03.562 INFO:     #331 chat/completions (stream): 87 prompt tokens ·
                       temperature: 0, greedy (req), max_tokens: 256 (req),
                       min_tokens: 256 (req)
22:04:03.732 INFO:     #327 chat/completions (stream): 256 tokens generated at
                       126.6 T/s · prompt 788 tokens, none cached, 788 new in
                       0.22 s (3,582 T/s) · first token 0.23 s, total 2.25 s ·
                       draft 166/270 accepted (61%) · max_tokens reached
22:04:03.781 INFO:     #332 chat/completions (stream): 95 prompt tokens ·
                       temperature: 0, greedy (req), max_tokens: 256 (req),
                       min_tokens: 256 (req)
22:04:05.031 INFO:     #331 chat/completions (stream): 256 tokens generated at
                       194.1 T/s · prompt 87 tokens, none cached, 87 new in 0.09
                       s · first token 0.10 s, total 1.41 s · draft 187/207
                       accepted (90%) · max_tokens reached
22:04:05.059 INFO:     #330 chat/completions (stream): 256 tokens generated at
                       170.1 T/s · prompt 106 tokens, none cached, 106 new in
                       0.09 s · first token 0.10 s, total 1.60 s · draft 181/225
                       accepted (80%) · max_tokens reached
22:04:05.073 INFO:     #333 chat/completions (stream): 133 prompt tokens ·
                       temperature: 0, greedy (req), max_tokens: 256 (req),
                       min_tokens: 256 (req)
22:04:05.220 INFO:     #334 chat/completions (stream): 125 prompt tokens ·
                       temperature: 0, greedy (req), max_tokens: 256 (req),
                       min_tokens: 256 (req)
22:04:05.712 INFO:     #329 chat/completions (stream): 256 tokens generated at
                       109.6 T/s · prompt 809 tokens, none cached, 809 new in
                       0.27 s (2,996 T/s) · first token 0.28 s, total 2.61 s ·
                       draft 150/318 accepted (47%) · max_tokens reached
22:04:05.761 INFO:     #335 chat/completions (stream): 92 prompt tokens ·
                       temperature: 0, greedy (req), max_tokens: 256 (req),
                       min_tokens: 256 (req)
22:04:05.969 INFO:     #332 chat/completions (stream): 256 tokens generated at
                       125.9 T/s · prompt 95 tokens, none cached, 95 new in 0.09
                       s · first token 0.10 s, total 2.13 s · draft 158/294
                       accepted (54%) · max_tokens reached
22:04:06.018 INFO:     #336 chat/completions (stream): 143 prompt tokens ·
                       temperature: 0, greedy (req), max_tokens: 256 (req),
                       min_tokens: 256 (req)
22:04:06.958 INFO:     #334 chat/completions (stream): 256 tokens generated at
                       162.7 T/s · prompt 125 tokens, none cached, 125 new in
                       0.10 s · first token 0.11 s, total 1.68 s · draft 178/234
                       accepted (76%) · max_tokens reached
22:04:06.988 INFO:     #333 chat/completions (stream): 256 tokens generated at
                       146.9 T/s · prompt 133 tokens, none cached, 133 new in
                       0.11 s · first token 0.12 s, total 1.86 s · draft 174/246
                       accepted (71%) · max_tokens reached
22:04:07.004 INFO:     #337 chat/completions (stream): 832 prompt tokens ·
                       temperature: 0, greedy (req), max_tokens: 256 (req),
                       min_tokens: 256 (req)
22:04:07.309 INFO:     #338 chat/completions (stream): 91 prompt tokens ·
                       temperature: 0, greedy (req), max_tokens: 256 (req),
                       min_tokens: 256 (req)
22:04:07.660 INFO:     #335 chat/completions (stream): 256 tokens generated at
                       146.9 T/s · prompt 92 tokens, none cached, 92 new in 0.09
                       s · first token 0.10 s, total 1.84 s · draft 183/219
                       accepted (84%) · max_tokens reached
22:04:07.708 INFO:     #339 chat/completions (stream): 62 prompt tokens ·
                       temperature: 0, greedy (req), max_tokens: 256 (req),
                       min_tokens: 256 (req)
22:04:08.422 INFO:     #336 chat/completions (stream): 256 tokens generated at
                       114.8 T/s · prompt 143 tokens, none cached, 143 new in
                       0.11 s · first token 0.12 s, total 2.35 s · draft 154/306
                       accepted (50%) · max_tokens reached
22:04:08.472 INFO:     #340 chat/completions (stream): 62 prompt tokens ·
                       temperature: 0, greedy (req), max_tokens: 256 (req),
                       min_tokens: 256 (req)
22:04:08.894 INFO:     #338 chat/completions (stream): 256 tokens generated at
                       179.3 T/s · prompt 91 tokens, none cached, 91 new in 0.09
                       s · first token 0.10 s, total 1.52 s · draft 183/219
                       accepted (84%) · max_tokens reached
22:04:08.943 INFO:     #341 chat/completions (stream): 71 prompt tokens ·
                       temperature: 0, greedy (req), max_tokens: 256 (req),
                       min_tokens: 256 (req)
22:04:09.370 INFO:     #337 chat/completions (stream): 256 tokens generated at
                       127.2 T/s · prompt 832 tokens, none cached, 832 new in
                       0.28 s (2,971 T/s) · first token 0.29 s, total 2.30 s ·
                       draft 159/291 accepted (55%) · max_tokens reached
22:04:09.419 INFO:     #342 chat/completions (stream): 93 prompt tokens ·
                       temperature: 0, greedy (req), max_tokens: 256 (req),
                       min_tokens: 256 (req)
22:04:09.877 INFO:     #339 chat/completions (stream): 256 tokens generated at
                       126.2 T/s · prompt 62 tokens, none cached, 62 new in 0.07
                       s · first token 0.08 s, total 2.10 s · draft 154/306
                       accepted (50%) · max_tokens reached
22:04:09.925 INFO:     #343 chat/completions (stream): 74 prompt tokens ·
                       temperature: 0, greedy (req), max_tokens: 256 (req),
                       min_tokens: 256 (req)
22:04:10.639 INFO:     #340 chat/completions (stream): 256 tokens generated at
                       126.0 T/s · prompt 62 tokens, none cached, 62 new in 0.07
                       s · first token 0.08 s, total 2.11 s · draft 154/306
                       accepted (50%) · max_tokens reached
22:04:10.680 INFO:     #344 chat/completions (stream): 892 prompt tokens ·
                       temperature: 0, greedy (req), max_tokens: 256 (req),
                       min_tokens: 256 (req)
22:04:10.680 INFO:     #341 chat/completions (stream): 256 tokens generated at
                       160.0 T/s · prompt 71 tokens, none cached, 71 new in 0.08
                       s · first token 0.09 s, total 1.69 s · draft 174/246
                       accepted (71%) · max_tokens reached
22:04:11.021 INFO:     #345 chat/completions (stream): 726 prompt tokens ·
                       temperature: 0, greedy (req), max_tokens: 256 (req),
                       min_tokens: 256 (req)
22:04:11.464 INFO:     #342 chat/completions (stream): 256 tokens generated at
                       135.8 T/s · prompt 93 tokens, none cached, 93 new in 0.09
                       s · first token 0.10 s, total 1.98 s · draft 185/213
                       accepted (87%) · max_tokens reached
22:04:11.514 INFO:     #346 chat/completions (stream): 433 prompt tokens ·
                       temperature: 0, greedy (req), max_tokens: 256 (req),
                       min_tokens: 256 (req)
22:04:12.776 INFO:     #343 chat/completions (stream): 256 tokens generated at
                       94.6 T/s · prompt 74 tokens, none cached, 74 new in 0.08
                       s · first token 0.09 s, total 2.79 s · draft 148/324
                       accepted (46%) · max_tokens reached
22:04:12.825 INFO:     #347 chat/completions (stream): 116 prompt tokens ·
                       temperature: 0, greedy (req), max_tokens: 256 (req),
                       min_tokens: 256 (req)
22:04:13.101 INFO:     #344 chat/completions (stream): 256 tokens generated at
                       125.0 T/s · prompt 892 tokens, none cached, 892 new in
                       0.30 s (2,973 T/s) · first token 0.31 s, total 2.35 s ·
                       draft 175/243 accepted (72%) · max_tokens reached
22:04:13.150 INFO:     #348 chat/completions (stream): 81 prompt tokens ·
                       temperature: 0, greedy (req), max_tokens: 256 (req),
                       min_tokens: 256 (req)
22:04:13.442 INFO:     #346 chat/completions (stream): 256 tokens generated at
                       158.1 T/s · prompt 433 tokens, none cached, 433 new in
                       0.24 s (1,804 T/s) · first token 0.25 s, total 1.86 s ·
                       draft 175/243 accepted (72%) · max_tokens reached
22:04:13.494 INFO:     #349 chat/completions (stream): 634 prompt tokens ·
                       temperature: 0, greedy (req), max_tokens: 256 (req),
                       min_tokens: 256 (req)
22:04:13.809 INFO:     #345 chat/completions (stream): 256 tokens generated at
                       118.5 T/s · prompt 726 tokens, none cached, 726 new in
                       0.30 s (2,420 T/s) · first token 0.31 s, total 2.47 s ·
                       draft 156/300 accepted (52%) · max_tokens reached
22:04:13.858 INFO:     #350 chat/completions (stream): 71 prompt tokens ·
                       temperature: 0, greedy (req), max_tokens: 256 (req),
                       min_tokens: 256 (req)
22:04:14.694 INFO:     #347 chat/completions (stream): 256 tokens generated at
                       150.8 T/s · prompt 116 tokens, none cached, 116 new in
                       0.10 s · first token 0.11 s, total 1.80 s · draft 183/219
                       accepted (84%) · max_tokens reached
22:04:14.744 INFO:     #351 chat/completions (stream): 100 prompt tokens ·
                       temperature: 0, greedy (req), max_tokens: 256 (req),
                       min_tokens: 256 (req)
22:04:15.203 INFO:     #348 chat/completions (stream): 256 tokens generated at
                       135.1 T/s · prompt 81 tokens, none cached, 81 new in 0.08
                       s · first token 0.09 s, total 1.98 s · draft 173/249
                       accepted (69%) · max_tokens reached
22:04:15.253 INFO:     #352 chat/completions (stream): 96 prompt tokens ·
                       temperature: 0, greedy (req), max_tokens: 256 (req),
                       min_tokens: 256 (req)
22:04:15.647 INFO:     #349 chat/completions (stream): 256 tokens generated at
                       140.5 T/s · prompt 634 tokens, none cached, 634 new in
                       0.26 s (2,438 T/s) · first token 0.27 s, total 2.09 s ·
                       draft 169/261 accepted (65%) · max_tokens reached
22:04:15.694 INFO:     #353 chat/completions (stream): 93 prompt tokens ·
                       temperature: 0, greedy (req), max_tokens: 256 (req),
                       min_tokens: 256 (req)
22:04:15.833 INFO:     #350 chat/completions (stream): 256 tokens generated at
                       147.3 T/s · prompt 71 tokens, none cached, 71 new in 0.08
                       s · first token 0.09 s, total 1.82 s · draft 169/261
                       accepted (65%) · max_tokens reached
22:04:15.885 INFO:     #354 chat/completions (stream): 804 prompt tokens ·
                       temperature: 0, greedy (req), max_tokens: 256 (req),
                       min_tokens: 256 (req)
22:04:16.815 INFO:     #351 chat/completions (stream): 256 tokens generated at
                       134.0 T/s · prompt 100 tokens, none cached, 100 new in
                       0.09 s · first token 0.10 s, total 2.01 s · draft 173/249
                       accepted (69%) · max_tokens reached
22:04:16.866 INFO:     #355 chat/completions (stream): 745 prompt tokens ·
                       temperature: 0, greedy (req), max_tokens: 256 (req),
                       min_tokens: 256 (req)
22:04:17.628 INFO:     #352 chat/completions (stream): 256 tokens generated at
                       115.7 T/s · prompt 96 tokens, none cached, 96 new in 0.09
                       s · first token 0.10 s, total 2.31 s · draft 166/270
                       accepted (61%) · max_tokens reached
22:04:17.681 INFO:     #357 chat/completions (stream): 740 prompt tokens ·
                       temperature: 0, greedy (req), max_tokens: 256 (req),
                       min_tokens: 256 (req)
22:04:18.388 INFO:     #354 chat/completions (stream): 256 tokens generated at
                       117.7 T/s · prompt 804 tokens, none cached, 804 new in
                       0.27 s (2,978 T/s) · first token 0.28 s, total 2.45 s ·
                       draft 165/273 accepted (60%) · max_tokens reached
22:04:18.404 INFO:     #353 chat/completions (stream): 256 tokens generated at
                       100.0 T/s · prompt 93 tokens, none cached, 93 new in 0.09
                       s · first token 0.10 s, total 2.66 s · draft 157/297
                       accepted (53%) · max_tokens reached
22:04:18.431 INFO:     #358 chat/completions (stream): 93 prompt tokens ·
                       temperature: 0, greedy (req), max_tokens: 256 (req),
                       min_tokens: 256 (req)
22:04:18.540 INFO:     #359 chat/completions (stream): 108 prompt tokens ·
                       temperature: 0, greedy (req), max_tokens: 256 (req),
                       min_tokens: 256 (req)
22:04:18.991 INFO:     #355 chat/completions (stream): 256 tokens generated at
                       144.7 T/s · prompt 745 tokens, none cached, 745 new in
                       0.29 s (2,569 T/s) · first token 0.30 s, total 2.07 s ·
                       draft 182/222 accepted (82%) · max_tokens reached
22:04:19.040 INFO:     #360 chat/completions (stream): 63 prompt tokens ·
                       temperature: 0, greedy (req), max_tokens: 256 (req),
                       min_tokens: 256 (req)
22:04:19.941 INFO:     #357 chat/completions (stream): 256 tokens generated at
                       133.5 T/s · prompt 740 tokens, none cached, 740 new in
                       0.27 s (2,741 T/s) · first token 0.28 s, total 2.19 s ·
                       draft 163/279 accepted (58%) · max_tokens reached
22:04:19.990 INFO:     #361 chat/completions (stream): 395 prompt tokens ·
                       temperature: 0, greedy (req), max_tokens: 256 (req),
                       min_tokens: 256 (req)
22:04:20.350 INFO:     #359 chat/completions (stream): 256 tokens generated at
                       154.8 T/s · prompt 108 tokens, none cached, 108 new in
                       0.09 s · first token 0.10 s, total 1.75 s · draft 179/231
                       accepted (77%) · max_tokens reached
22:04:20.379 INFO:     #358 chat/completions (stream): 256 tokens generated at
                       142.2 T/s · prompt 93 tokens, none cached, 93 new in 0.09
                       s · first token 0.10 s, total 1.90 s · draft 176/240
                       accepted (73%) · max_tokens reached
22:04:20.393 INFO:     #362 chat/completions (stream): 692 prompt tokens ·
                       temperature: 0, greedy (req), max_tokens: 256 (req),
                       min_tokens: 256 (req)
22:04:20.675 INFO:     #363 chat/completions (stream): 714 prompt tokens ·
                       temperature: 0, greedy (req), max_tokens: 256 (req),
                       min_tokens: 256 (req)
22:04:21.822 INFO:     #360 chat/completions (stream): 256 tokens generated at
                       97.0 T/s · prompt 63 tokens, none cached, 63 new in 0.07
                       s · first token 0.08 s, total 2.72 s · draft 147/327
                       accepted (45%) · max_tokens reached
22:04:21.871 INFO:     #364 chat/completions (stream): 79 prompt tokens ·
                       temperature: 0, greedy (req), max_tokens: 256 (req),
                       min_tokens: 256 (req)
22:04:22.406 INFO:     #361 chat/completions (stream): 256 tokens generated at
                       120.3 T/s · prompt 395 tokens, none cached, 395 new in
                       0.23 s (1,717 T/s) · first token 0.24 s, total 2.36 s ·
                       draft 168/264 accepted (64%) · max_tokens reached
22:04:22.407 INFO:     #363 chat/completions (stream): 256 tokens generated at
                       182.0 T/s · prompt 714 tokens, none cached, 714 new in
                       0.27 s (2,644 T/s) · first token 0.28 s, total 1.68 s ·
                       draft 182/222 accepted (82%) · max_tokens reached
22:04:22.450 INFO:     #365 chat/completions (stream): 587 prompt tokens ·
                       temperature: 0, greedy (req), max_tokens: 256 (req),
                       min_tokens: 256 (req)
22:04:22.451 INFO:     #366 chat/completions (stream): 120 prompt tokens ·
                       temperature: 0, greedy (req), max_tokens: 256 (req),
                       min_tokens: 256 (req)
22:04:23.091 INFO:     #362 chat/completions (stream): 256 tokens generated at
                       108.2 T/s · prompt 692 tokens, none cached, 692 new in
                       0.26 s (2,662 T/s) · first token 0.27 s, total 2.63 s ·
                       draft 160/288 accepted (56%) · max_tokens reached
22:04:23.143 INFO:     #367 chat/completions (stream): 111 prompt tokens ·
                       temperature: 0, greedy (req), max_tokens: 256 (req),
                       min_tokens: 256 (req)
22:04:24.198 INFO:     #366 chat/completions (stream): 256 tokens generated at
                       181.2 T/s · prompt 120 tokens, none cached, 120 new in
                       0.10 s · queued 0.16 s, first token 0.26 s, total 1.68 s
                       · draft 186/210 accepted (89%) · max_tokens reached
22:04:24.251 INFO:     #368 chat/completions (stream): 894 prompt tokens ·
                       temperature: 0, greedy (req), max_tokens: 256 (req),
                       min_tokens: 256 (req)
22:04:24.656 INFO:     #364 chat/completions (stream): 256 tokens generated at
                       97.2 T/s · prompt 79 tokens, none cached, 79 new in 0.08
                       s · first token 0.09 s, total 2.72 s · draft 147/327
                       accepted (45%) · max_tokens reached
22:04:24.708 INFO:     #369 chat/completions (stream): 1,157 prompt tokens ·
                       temperature: 0, greedy (req), max_tokens: 256 (req),
                       min_tokens: 256 (req)
22:04:25.211 INFO:     #367 chat/completions (stream): 256 tokens generated at
                       134.5 T/s · prompt 111 tokens, none cached, 111 new in
                       0.10 s · first token 0.11 s, total 2.01 s · draft 183/219
                       accepted (84%) · max_tokens reached
22:04:25.251 INFO:     #370 chat/completions (stream): 93 prompt tokens ·
                       temperature: 0, greedy (req), max_tokens: 256 (req),
                       min_tokens: 256 (req)
22:04:25.251 INFO:     #365 chat/completions (stream): 256 tokens generated at
                       107.3 T/s · prompt 587 tokens, none cached, 587 new in
                       0.35 s (1,677 T/s) · first token 0.36 s, total 2.75 s ·
                       draft 161/285 accepted (56%) · max_tokens reached
22:04:25.394 INFO:     #371 chat/completions (stream): 61 prompt tokens ·
                       temperature: 0, greedy (req), max_tokens: 256 (req),
                       min_tokens: 256 (req)
22:04:26.533 INFO:     #368 chat/completions (stream): 256 tokens generated at
                       133.8 T/s · prompt 894 tokens, none cached, 894 new in
                       0.30 s (2,980 T/s) · first token 0.31 s, total 2.22 s ·
                       draft 175/243 accepted (72%) · max_tokens reached
22:04:26.587 INFO:     #372 chat/completions (stream): 1,540 prompt tokens ·
                       temperature: 0, greedy (req), max_tokens: 256 (req),
                       min_tokens: 256 (req)
22:04:27.220 INFO:     #369 chat/completions (stream): 256 tokens generated at
                       122.5 T/s · prompt 1,157 tokens, none cached, 1,157 new
                       in 0.34 s (3,403 T/s) · first token 0.35 s, total 2.44 s
                       · draft 163/279 accepted (58%) · max_tokens reached
22:04:27.259 INFO:     #373 chat/completions (stream): 64 prompt tokens ·
                       temperature: 0, greedy (req), max_tokens: 256 (req),
                       min_tokens: 256 (req)
22:04:27.350 INFO:     #370 chat/completions (stream): 256 tokens generated at
                       136.7 T/s · prompt 93 tokens, none cached, 93 new in 0.09
                       s · first token 0.10 s, total 1.97 s · draft 171/255
                       accepted (67%) · max_tokens reached
22:04:27.378 INFO:     #371 chat/completions (stream): 256 tokens generated at
                       144.0 T/s · prompt 61 tokens, none cached, 61 new in 0.07
                       s · first token 0.08 s, total 1.85 s · draft 172/252
                       accepted (68%) · max_tokens reached
22:04:27.393 INFO:     #374 chat/completions (stream): 123 prompt tokens ·
                       temperature: 0, greedy (req), max_tokens: 256 (req),
                       min_tokens: 256 (req)
22:04:27.530 INFO:     #375 chat/completions (stream): 72 prompt tokens ·
                       temperature: 0, greedy (req), max_tokens: 256 (req),
                       min_tokens: 256 (req)
22:04:28.960 INFO:     #372 chat/completions (stream): 256 tokens generated at
                       128.2 T/s · prompt 1,540 tokens, none cached, 1,540 new
                       in 0.31 s (4,968 T/s) · first token 0.32 s, total 2.31 s
                       · draft 157/297 accepted (53%) · max_tokens reached
22:04:28.999 INFO:     #376 chat/completions (stream): 81 prompt tokens ·
                       temperature: 0, greedy (req), max_tokens: 256 (req),
                       min_tokens: 256 (req)
22:04:29.100 INFO:     #373 chat/completions (stream): 256 tokens generated at
                       157.8 T/s · prompt 64 tokens, none cached, 64 new in 0.07
                       s · first token 0.08 s, total 1.70 s · draft 174/246
                       accepted (71%) · max_tokens reached
22:04:29.128 INFO:     #374 chat/completions (stream): 256 tokens generated at
                       172.0 T/s · prompt 123 tokens, none cached, 123 new in
                       0.10 s · first token 0.11 s, total 1.59 s · draft 176/240
                       accepted (73%) · max_tokens reached
22:04:29.141 INFO:     #377 chat/completions (stream): 64 prompt tokens ·
                       temperature: 0, greedy (req), max_tokens: 256 (req),
                       min_tokens: 256 (req)
22:04:29.249 INFO:     #378 chat/completions (stream): 73 prompt tokens ·
                       temperature: 0, greedy (req), max_tokens: 256 (req),
                       min_tokens: 256 (req)
22:04:29.478 INFO:     #375 chat/completions (stream): 256 tokens generated at
                       141.9 T/s · prompt 72 tokens, none cached, 72 new in 0.08
                       s · first token 0.09 s, total 1.89 s · draft 166/270
                       accepted (61%) · max_tokens reached
22:04:29.526 INFO:     #379 chat/completions (stream): 63 prompt tokens ·
                       temperature: 0, greedy (req), max_tokens: 256 (req),
                       min_tokens: 256 (req)
22:04:30.922 INFO:     #376 chat/completions (stream): 256 tokens generated at
                       144.5 T/s · prompt 81 tokens, none cached, 81 new in 0.08
                       s · first token 0.09 s, total 1.86 s · draft 168/264
                       accepted (64%) · max_tokens reached
22:04:30.973 INFO:     #380 chat/completions (stream): 720 prompt tokens ·
                       temperature: 0, greedy (req), max_tokens: 256 (req),
                       min_tokens: 256 (req)
22:04:31.287 INFO:     #378 chat/completions (stream): 256 tokens generated at
                       156.2 T/s · prompt 73 tokens, none cached, 73 new in 0.08
                       s · first token 0.09 s, total 1.72 s · draft 167/267
                       accepted (63%) · max_tokens reached
22:04:31.314 INFO:     #377 chat/completions (stream): 256 tokens generated at
                       125.3 T/s · prompt 64 tokens, none cached, 64 new in 0.07
                       s · first token 0.08 s, total 2.12 s · draft 163/279
                       accepted (58%) · max_tokens reached
22:04:31.328 INFO:     #381 chat/completions (stream): 110 prompt tokens ·
                       temperature: 0, greedy (req), max_tokens: 256 (req),
                       min_tokens: 256 (req)
22:04:31.459 INFO:     #382 chat/completions (stream): 751 prompt tokens ·
                       temperature: 0, greedy (req), max_tokens: 256 (req),
                       min_tokens: 256 (req)
22:04:32.056 INFO:     #379 chat/completions (stream): 256 tokens generated at
                       107.1 T/s · prompt 63 tokens, none cached, 63 new in 0.07
                       s · first token 0.08 s, total 2.47 s · draft 155/303
                       accepted (51%) · max_tokens reached
22:04:32.105 INFO:     #384 chat/completions (stream): 128 prompt tokens ·
                       temperature: 0, greedy (req), max_tokens: 256 (req),
                       min_tokens: 256 (req)
22:04:33.215 INFO:     #381 chat/completions (stream): 256 tokens generated at
                       149.3 T/s · prompt 110 tokens, none cached, 110 new in
                       0.09 s · first token 0.10 s, total 1.81 s · draft 180/228
                       accepted (79%) · max_tokens reached
22:04:33.265 INFO:     #385 chat/completions (stream): 103 prompt tokens ·
                       temperature: 0, greedy (req), max_tokens: 256 (req),
                       min_tokens: 256 (req)
22:04:33.457 INFO:     #382 chat/completions (stream): 256 tokens generated at
                       155.2 T/s · prompt 751 tokens, none cached, 751 new in
                       0.28 s (2,682 T/s) · first token 0.29 s, total 1.93 s ·
                       draft 174/246 accepted (71%) · max_tokens reached
22:04:33.499 INFO:     #386 chat/completions (stream): 64 prompt tokens ·
                       temperature: 0, greedy (req), max_tokens: 256 (req),
                       min_tokens: 256 (req)
22:04:33.500 INFO:     #380 chat/completions (stream): 256 tokens generated at
                       116.6 T/s · prompt 720 tokens, none cached, 720 new in
                       0.27 s (2,667 T/s) · first token 0.28 s, total 2.47 s ·
                       draft 162/282 accepted (57%) · max_tokens reached
22:04:33.625 INFO:     #387 chat/completions (stream): 114 prompt tokens ·
                       temperature: 0, greedy (req), max_tokens: 256 (req),
                       min_tokens: 256 (req)
22:04:33.794 INFO:     #384 chat/completions (stream): 256 tokens generated at
                       181.4 T/s · prompt 128 tokens, none cached, 128 new in
                       0.10 s · first token 0.11 s, total 1.52 s · draft 185/213
                       accepted (87%) · max_tokens reached
22:04:33.843 INFO:     #388 chat/completions (stream): 135 prompt tokens ·
                       temperature: 0, greedy (req), max_tokens: 256 (req),
                       min_tokens: 256 (req)
22:04:35.367 INFO:     #388 chat/completions (stream): 256 tokens generated at
                       189.0 T/s · prompt 135 tokens, none cached, 135 new in
                       0.11 s · first token 0.12 s, total 1.47 s · draft 181/225
                       accepted (80%) · max_tokens reached
22:04:35.394 INFO:     #385 chat/completions (stream): 256 tokens generated at
                       129.6 T/s · prompt 103 tokens, none cached, 103 new in
                       0.09 s · first token 0.10 s, total 2.07 s · draft 160/288
                       accepted (56%) · max_tokens reached
22:04:35.409 INFO:     #389 chat/completions (stream): 80 prompt tokens ·
                       temperature: 0, greedy (req), max_tokens: 256 (req),
                       min_tokens: 256 (req)
22:04:35.526 INFO:     #390 chat/completions (stream): 73 prompt tokens ·
                       temperature: 0, greedy (req), max_tokens: 256 (req),
                       min_tokens: 256 (req)
22:04:35.775 INFO:     #386 chat/completions (stream): 256 tokens generated at
                       119.9 T/s · prompt 64 tokens, none cached, 64 new in 0.07
                       s · first token 0.08 s, total 2.21 s · draft 156/300
                       accepted (52%) · max_tokens reached
22:04:35.824 INFO:     #391 chat/completions (stream): 62 prompt tokens ·
                       temperature: 0, greedy (req), max_tokens: 256 (req),
                       min_tokens: 256 (req)
22:04:36.016 INFO:     #387 chat/completions (stream): 256 tokens generated at
                       115.2 T/s · prompt 114 tokens, none cached, 114 new in
                       0.10 s · first token 0.11 s, total 2.33 s · draft 149/321
                       accepted (46%) · max_tokens reached
22:04:36.066 INFO:     #392 chat/completions (stream): 785 prompt tokens ·
                       temperature: 0, greedy (req), max_tokens: 256 (req),
                       min_tokens: 256 (req)
22:04:37.472 INFO:     #390 chat/completions (stream): 256 tokens generated at
                       142.2 T/s · prompt 73 tokens, none cached, 73 new in 0.08
                       s · first token 0.09 s, total 1.89 s · draft 170/258
                       accepted (66%) · max_tokens reached
22:04:37.514 INFO:     #393 chat/completions (stream): 92 prompt tokens ·
                       temperature: 0, greedy (req), max_tokens: 256 (req),
                       min_tokens: 256 (req)
22:04:37.623 INFO:     #389 chat/completions (stream): 256 tokens generated at
                       129.6 T/s · prompt 80 tokens, none cached, 80 new in 0.08
                       s · first token 0.09 s, total 2.06 s · draft 164/276
                       accepted (59%) · max_tokens reached
22:04:37.675 INFO:     #394 chat/completions (stream): 680 prompt tokens ·
                       temperature: 0, greedy (req), max_tokens: 256 (req),
                       min_tokens: 256 (req)
22:04:37.980 INFO:     #391 chat/completions (stream): 256 tokens generated at
                       144.4 T/s · prompt 62 tokens, none cached, 62 new in 0.07
                       s · first token 0.08 s, total 1.85 s · draft 172/252
                       accepted (68%) · max_tokens reached
22:04:38.030 INFO:     #395 chat/completions (stream): 125 prompt tokens ·
                       temperature: 0, greedy (req), max_tokens: 256 (req),
                       min_tokens: 256 (req)
22:04:38.399 INFO:     #392 chat/completions (stream): 256 tokens generated at
                       125.0 T/s · prompt 785 tokens, none cached, 785 new in
                       0.21 s (3,738 T/s) · first token 0.22 s, total 2.26 s ·
                       draft 165/273 accepted (60%) · max_tokens reached
22:04:38.449 INFO:     #396 chat/completions (stream): 79 prompt tokens ·
                       temperature: 0, greedy (req), max_tokens: 256 (req),
                       min_tokens: 256 (req)
22:04:39.692 INFO:     #393 chat/completions (stream): 256 tokens generated at
                       126.6 T/s · prompt 92 tokens, none cached, 92 new in 0.09
                       s · first token 0.10 s, total 2.12 s · draft 166/270
                       accepted (61%) · max_tokens reached
22:04:39.733 INFO:     #397 chat/completions (stream): 86 prompt tokens ·
                       temperature: 0, greedy (req), max_tokens: 256 (req),
                       min_tokens: 256 (req)
22:04:39.842 INFO:     #394 chat/completions (stream): 256 tokens generated at
                       145.7 T/s · prompt 680 tokens, none cached, 680 new in
                       0.25 s (2,720 T/s) · first token 0.26 s, total 2.01 s ·
                       draft 167/267 accepted (63%) · max_tokens reached
22:04:39.890 INFO:     #398 chat/completions (stream): 69 prompt tokens ·
                       temperature: 0, greedy (req), max_tokens: 256 (req),
                       min_tokens: 256 (req)
22:04:40.053 INFO:     #395 chat/completions (stream): 256 tokens generated at
                       137.9 T/s · prompt 125 tokens, none cached, 125 new in
                       0.10 s · first token 0.11 s, total 1.96 s · draft 165/273
                       accepted (60%) · max_tokens reached
22:04:40.101 INFO:     #399 chat/completions (stream): 80 prompt tokens ·
                       temperature: 0, greedy (req), max_tokens: 256 (req),
                       min_tokens: 256 (req)
22:04:40.481 INFO:     #396 chat/completions (stream): 256 tokens generated at
                       136.1 T/s · prompt 79 tokens, none cached, 79 new in 0.08
                       s · first token 0.09 s, total 1.97 s · draft 163/279
                       accepted (58%) · max_tokens reached
22:04:40.531 INFO:     #400 chat/completions (stream): 80 prompt tokens ·
                       temperature: 0, greedy (req), max_tokens: 256 (req),
                       min_tokens: 256 (req)
22:04:41.638 INFO:     #397 chat/completions (stream): 256 tokens generated at
                       146.4 T/s · prompt 86 tokens, none cached, 86 new in 0.09
                       s · first token 0.10 s, total 1.84 s · draft 171/255
                       accepted (67%) · max_tokens reached
22:04:41.683 INFO:     #401 chat/completions (stream): 62 prompt tokens ·
                       temperature: 0, greedy (req), max_tokens: 256 (req),
                       min_tokens: 256 (req)
22:04:41.805 INFO:     #398 chat/completions (stream): 256 tokens generated at
                       150.8 T/s · prompt 69 tokens, none cached, 69 new in 0.08
                       s · first token 0.09 s, total 1.78 s · draft 169/261
                       accepted (65%) · max_tokens reached
22:04:41.855 INFO:     #402 chat/completions (stream): 635 prompt tokens ·
                       temperature: 0, greedy (req), max_tokens: 256 (req),
                       min_tokens: 256 (req)
22:04:42.314 INFO:     #399 chat/completions (stream): 256 tokens generated at
                       124.0 T/s · prompt 80 tokens, none cached, 80 new in 0.08
                       s · first token 0.09 s, total 2.15 s · draft 162/282
                       accepted (57%) · max_tokens reached
22:04:42.364 INFO:     #403 chat/completions (stream): 828 prompt tokens ·
                       temperature: 0, greedy (req), max_tokens: 256 (req),
                       min_tokens: 256 (req)
22:04:43.062 INFO:     #400 chat/completions (stream): 256 tokens generated at
                       107.8 T/s · prompt 80 tokens, none cached, 80 new in 0.08
                       s · first token 0.09 s, total 2.46 s · draft 154/306
                       accepted (50%) · max_tokens reached
22:04:43.118 INFO:     #404 chat/completions (stream): 62 prompt tokens ·
                       temperature: 0, greedy (req), max_tokens: 256 (req),
                       min_tokens: 256 (req)
22:04:44.163 INFO:     #401 chat/completions (stream): 256 tokens generated at
                       109.4 T/s · prompt 62 tokens, none cached, 62 new in 0.07
                       s · first token 0.08 s, total 2.42 s · draft 157/297
                       accepted (53%) · max_tokens reached
22:04:44.206 INFO:     #405 chat/completions (stream): 79 prompt tokens ·
                       temperature: 0, greedy (req), max_tokens: 256 (req),
                       min_tokens: 256 (req)
22:04:44.307 INFO:     #402 chat/completions (stream): 256 tokens generated at
                       125.5 T/s · prompt 635 tokens, none cached, 635 new in
                       0.26 s (2,442 T/s) · first token 0.27 s, total 2.31 s ·
                       draft 160/288 accepted (56%) · max_tokens reached
22:04:44.358 INFO:     #406 chat/completions (stream): 492 prompt tokens ·
                       temperature: 0, greedy (req), max_tokens: 256 (req),
                       min_tokens: 256 (req)
22:04:44.830 INFO:     #403 chat/completions (stream): 256 tokens generated at
                       120.5 T/s · prompt 828 tokens, none cached, 828 new in
                       0.27 s (3,067 T/s) · first token 0.28 s, total 2.40 s ·
                       draft 159/291 accepted (55%) · max_tokens reached
22:04:44.880 INFO:     #407 chat/completions (stream): 65 prompt tokens ·
                       temperature: 0, greedy (req), max_tokens: 256 (req),
                       min_tokens: 256 (req)
22:04:45.582 INFO:     #404 chat/completions (stream): 256 tokens generated at
                       110.5 T/s · prompt 62 tokens, none cached, 62 new in 0.08
                       s · first token 0.09 s, total 2.40 s · draft 148/324
                       accepted (46%) · max_tokens reached
22:04:45.630 INFO:     #408 chat/completions (stream): 63 prompt tokens ·
                       temperature: 0, greedy (req), max_tokens: 256 (req),
                       min_tokens: 256 (req)
22:04:46.004 INFO:     #405 chat/completions (stream): 256 tokens generated at
                       155.4 T/s · prompt 79 tokens, none cached, 79 new in 0.08
                       s · first token 0.09 s, total 1.73 s · draft 185/213
                       accepted (87%) · max_tokens reached
22:04:46.056 INFO:     #409 chat/completions (stream): 724 prompt tokens ·
                       temperature: 0, greedy (req), max_tokens: 256 (req),
                       min_tokens: 256 (req)
22:04:46.861 INFO:     #406 chat/completions (stream): 256 tokens generated at
                       117.7 T/s · prompt 492 tokens, none cached, 492 new in
                       0.26 s (1,892 T/s) · first token 0.27 s, total 2.44 s ·
                       draft 156/300 accepted (52%) · max_tokens reached
22:04:46.914 INFO:     #410 chat/completions (stream): 760 prompt tokens ·
                       temperature: 0, greedy (req), max_tokens: 256 (req),
                       min_tokens: 256 (req)
22:04:47.254 INFO:     #407 chat/completions (stream): 256 tokens generated at
                       121.0 T/s · prompt 65 tokens, none cached, 65 new in 0.07
                       s · first token 0.08 s, total 2.19 s · draft 163/279
                       accepted (58%) · max_tokens reached
22:04:47.306 INFO:     #412 chat/completions (stream): 742 prompt tokens ·
                       temperature: 0, greedy (req), max_tokens: 256 (req),
                       min_tokens: 256 (req)
22:04:48.201 INFO:     #408 chat/completions (stream): 256 tokens generated at
                       105.8 T/s · prompt 63 tokens, none cached, 63 new in 0.07
                       s · first token 0.08 s, total 2.50 s · draft 162/282
                       accepted (57%) · max_tokens reached
22:04:48.251 INFO:     #413 chat/completions (stream): 61 prompt tokens ·
                       temperature: 0, greedy (req), max_tokens: 256 (req),
                       min_tokens: 256 (req)
22:04:48.496 INFO:     #409 chat/completions (stream): 256 tokens generated at
                       121.8 T/s · prompt 724 tokens, none cached, 724 new in
                       0.27 s (2,681 T/s) · first token 0.28 s, total 2.38 s ·
                       draft 170/258 accepted (66%) · max_tokens reached
22:04:48.546 INFO:     #414 chat/completions (stream): 764 prompt tokens ·
                       temperature: 0, greedy (req), max_tokens: 256 (req),
                       min_tokens: 256 (req)
22:04:49.282 INFO:     #410 chat/completions (stream): 256 tokens generated at
                       126.2 T/s · prompt 760 tokens, none cached, 760 new in
                       0.27 s (2,815 T/s) · first token 0.28 s, total 2.31 s ·
                       draft 174/246 accepted (71%) · max_tokens reached
22:04:49.331 INFO:     #415 chat/completions (stream): 833 prompt tokens ·
                       temperature: 0, greedy (req), max_tokens: 256 (req),
                       min_tokens: 256 (req)
22:04:49.667 INFO:     #412 chat/completions (stream): 256 tokens generated at
                       147.8 T/s · prompt 742 tokens, none cached, 742 new in
                       0.27 s (2,748 T/s) · first token 0.28 s, total 2.01 s ·
                       draft 176/240 accepted (73%) · max_tokens reached
22:04:49.715 INFO:     #416 chat/completions (stream): 71 prompt tokens ·
                       temperature: 0, greedy (req), max_tokens: 256 (req),
                       min_tokens: 256 (req)
22:04:50.594 INFO:     #414 chat/completions (stream): 256 tokens generated at
                       150.6 T/s · prompt 764 tokens, none cached, 764 new in
                       0.28 s (2,729 T/s) · first token 0.29 s, total 1.99 s ·
                       draft 180/228 accepted (79%) · max_tokens reached
22:04:50.645 INFO:     #417 chat/completions (stream): 798 prompt tokens ·
                       temperature: 0, greedy (req), max_tokens: 256 (req),
                       min_tokens: 256 (req)
22:04:51.169 INFO:     #413 chat/completions (stream): 256 tokens generated at
                       92.2 T/s · prompt 61 tokens, none cached, 61 new in 0.07
                       s · first token 0.08 s, total 2.85 s · draft 145/333
                       accepted (44%) · max_tokens reached
22:04:51.234 INFO:     #418 chat/completions (stream): 87 prompt tokens ·
                       temperature: 0, greedy (req), max_tokens: 256 (req),
                       min_tokens: 256 (req)
22:04:51.512 INFO:     #415 chat/completions (stream): 256 tokens generated at
                       141.4 T/s · prompt 833 tokens, none cached, 833 new in
                       0.30 s (2,777 T/s) · first token 0.31 s, total 2.12 s ·
                       draft 175/243 accepted (72%) · max_tokens reached
22:04:51.563 INFO:     #419 chat/completions (stream): 773 prompt tokens ·
                       temperature: 0, greedy (req), max_tokens: 256 (req),
                       min_tokens: 256 (req)
22:04:52.049 INFO:     #416 chat/completions (stream): 256 tokens generated at
                       117.0 T/s · prompt 71 tokens, none cached, 71 new in 0.08
                       s · first token 0.09 s, total 2.27 s · draft 160/288
                       accepted (56%) · max_tokens reached
22:04:52.099 INFO:     #420 chat/completions (stream): 114 prompt tokens ·
                       temperature: 0, greedy (req), max_tokens: 256 (req),
                       min_tokens: 256 (req)
22:04:52.900 INFO:     #417 chat/completions (stream): 256 tokens generated at
                       130.5 T/s · prompt 798 tokens, none cached, 798 new in
                       0.22 s (3,627 T/s) · first token 0.23 s, total 2.19 s ·
                       draft 166/270 accepted (61%) · max_tokens reached
22:04:52.950 INFO:     #421 chat/completions (stream): 312 prompt tokens ·
                       temperature: 0, greedy (req), max_tokens: 256 (req),
                       min_tokens: 256 (req)
22:04:53.322 INFO:     #418 chat/completions (stream): 256 tokens generated at
                       132.5 T/s · prompt 87 tokens, none cached, 87 new in 0.09
                       s · first token 0.10 s, total 2.03 s · draft 173/249
                       accepted (69%) · max_tokens reached
22:04:53.371 INFO:     #422 chat/completions (stream): 63 prompt tokens ·
                       temperature: 0, greedy (req), max_tokens: 256 (req),
                       min_tokens: 256 (req)
22:04:53.692 INFO:     #419 chat/completions (stream): 256 tokens generated at
                       138.2 T/s · prompt 773 tokens, none cached, 773 new in
                       0.20 s (3,865 T/s) · first token 0.21 s, total 2.06 s ·
                       draft 171/255 accepted (67%) · max_tokens reached
22:04:53.742 INFO:     #423 chat/completions (stream): 66 prompt tokens ·
                       temperature: 0, greedy (req), max_tokens: 256 (req),
                       min_tokens: 256 (req)
22:04:54.267 INFO:     #420 chat/completions (stream): 256 tokens generated at
                       128.2 T/s · prompt 114 tokens, none cached, 114 new in
                       0.10 s · first token 0.11 s, total 2.10 s · draft 162/282
                       accepted (57%) · max_tokens reached
22:04:54.319 INFO:     #424 chat/completions (stream): 912 prompt tokens ·
                       temperature: 0, greedy (req), max_tokens: 256 (req),
                       min_tokens: 256 (req)
22:04:55.245 INFO:     #421 chat/completions (stream): 256 tokens generated at
                       128.0 T/s · prompt 312 tokens, none cached, 312 new in
                       0.21 s (1,486 T/s) · first token 0.22 s, total 2.22 s ·
                       draft 168/264 accepted (64%) · max_tokens reached
22:04:55.285 INFO:     #425 chat/completions (stream): 66 prompt tokens ·
                       temperature: 0, greedy (req), max_tokens: 256 (req),
                       min_tokens: 256 (req)
22:04:55.382 INFO:     #422 chat/completions (stream): 256 tokens generated at
                       142.5 T/s · prompt 63 tokens, none cached, 63 new in 0.07
                       s · first token 0.08 s, total 1.87 s · draft 176/240
                       accepted (73%) · max_tokens reached
22:04:55.430 INFO:     #426 chat/completions (stream): 75 prompt tokens ·
                       temperature: 0, greedy (req), max_tokens: 256 (req),
                       min_tokens: 256 (req)
22:04:56.251 INFO:     #423 chat/completions (stream): 256 tokens generated at
                       108.9 T/s · prompt 66 tokens, none cached, 66 new in 0.08
                       s · first token 0.09 s, total 2.44 s · draft 149/321
                       accepted (46%) · max_tokens reached
22:04:56.302 INFO:     #427 chat/completions (stream): 624 prompt tokens ·
                       temperature: 0, greedy (req), max_tokens: 256 (req),
                       min_tokens: 256 (req)
22:04:56.999 INFO:     #424 chat/completions (stream): 256 tokens generated at
                       111.8 T/s · prompt 912 tokens, none cached, 912 new in
                       0.32 s (2,850 T/s) · first token 0.33 s, total 2.62 s ·
                       draft 150/318 accepted (47%) · max_tokens reached
22:04:57.050 INFO:     #428 chat/completions (stream): 63 prompt tokens ·
                       temperature: 0, greedy (req), max_tokens: 256 (req),
                       min_tokens: 256 (req)
22:04:57.375 INFO:     #425 chat/completions (stream): 256 tokens generated at
                       131.7 T/s · prompt 66 tokens, none cached, 66 new in 0.07
                       s · first token 0.08 s, total 2.02 s · draft 170/258
                       accepted (66%) · max_tokens reached
22:04:57.426 INFO:     #429 chat/completions (stream): 78 prompt tokens ·
                       temperature: 0, greedy (req), max_tokens: 256 (req),
                       min_tokens: 256 (req)
22:04:57.629 INFO:     #426 chat/completions (stream): 256 tokens generated at
                       124.8 T/s · prompt 75 tokens, none cached, 75 new in 0.08
                       s · first token 0.09 s, total 2.14 s · draft 164/276
                       accepted (59%) · max_tokens reached
22:04:57.680 INFO:     #430 chat/completions (stream): 136 prompt tokens ·
                       temperature: 0, greedy (req), max_tokens: 256 (req),
                       min_tokens: 256 (req)
22:04:58.524 INFO:     #427 chat/completions (stream): 256 tokens generated at
                       135.7 T/s · prompt 624 tokens, none cached, 624 new in
                       0.27 s (2,311 T/s) · first token 0.28 s, total 2.16 s ·
                       draft 166/270 accepted (61%) · max_tokens reached
22:04:58.574 INFO:     #431 chat/completions (stream): 87 prompt tokens ·
                       temperature: 0, greedy (req), max_tokens: 256 (req),
                       min_tokens: 256 (req)
22:04:59.218 INFO:     #428 chat/completions (stream): 256 tokens generated at
                       126.9 T/s · prompt 63 tokens, none cached, 63 new in 0.07
                       s · first token 0.08 s, total 2.09 s · draft 159/291
                       accepted (55%) · max_tokens reached
22:04:59.267 INFO:     #432 chat/completions (stream): 63 prompt tokens ·
                       temperature: 0, greedy (req), max_tokens: 256 (req),
                       min_tokens: 256 (req)
22:04:59.507 INFO:     #429 chat/completions (stream): 256 tokens generated at
                       132.2 T/s · prompt 78 tokens, none cached, 78 new in 0.08
                       s · first token 0.09 s, total 2.02 s · draft 163/279
                       accepted (58%) · max_tokens reached
22:04:59.535 INFO:     #430 chat/completions (stream): 256 tokens generated at
                       151.8 T/s · prompt 136 tokens, none cached, 136 new in
                       0.11 s · first token 0.12 s, total 1.80 s · draft 171/255
                       accepted (67%) · max_tokens reached
22:04:59.548 INFO:     #433 chat/completions (stream): 106 prompt tokens ·
                       temperature: 0, greedy (req), max_tokens: 256 (req),
                       min_tokens: 256 (req)
22:04:59.681 INFO:     #434 chat/completions (stream): 121 prompt tokens ·
                       temperature: 0, greedy (req), max_tokens: 256 (req),
                       min_tokens: 256 (req)
22:05:00.548 INFO:     #431 chat/completions (stream): 256 tokens generated at
                       140.8 T/s · prompt 87 tokens, none cached, 87 new in 0.09
                       s · first token 0.10 s, total 1.91 s · draft 169/261
                       accepted (65%) · max_tokens reached
22:05:00.600 INFO:     #435 chat/completions (stream): 88 prompt tokens ·
                       temperature: 0, greedy (req), max_tokens: 256 (req),
                       min_tokens: 256 (req)
22:05:01.318 INFO:     #432 chat/completions (stream): 256 tokens generated at
                       133.7 T/s · prompt 63 tokens, none cached, 63 new in 0.07
                       s · first token 0.08 s, total 1.99 s · draft 165/273
                       accepted (60%) · max_tokens reached
22:05:01.348 INFO:     #434 chat/completions (stream): 256 tokens generated at
                       170.3 T/s · prompt 121 tokens, none cached, 121 new in
                       0.10 s · first token 0.11 s, total 1.61 s · draft 178/234
                       accepted (76%) · max_tokens reached
22:05:01.362 INFO:     #436 chat/completions (stream): 728 prompt tokens ·
                       temperature: 0, greedy (req), max_tokens: 256 (req),
                       min_tokens: 256 (req)
22:05:01.659 INFO:     #437 chat/completions (stream): 749 prompt tokens ·
                       temperature: 0, greedy (req), max_tokens: 256 (req),
                       min_tokens: 256 (req)
22:05:02.052 INFO:     #433 chat/completions (stream): 256 tokens generated at
                       109.5 T/s · prompt 106 tokens, none cached, 106 new in
                       0.09 s · first token 0.10 s, total 2.43 s · draft 165/273
                       accepted (60%) · max_tokens reached
22:05:02.100 INFO:     #439 chat/completions (stream): 89 prompt tokens ·
                       temperature: 0, greedy (req), max_tokens: 256 (req),
                       min_tokens: 256 (req)
22:05:02.896 INFO:     #435 chat/completions (stream): 256 tokens generated at
                       119.7 T/s · prompt 88 tokens, none cached, 88 new in 0.09
                       s · first token 0.10 s, total 2.24 s · draft 169/261
                       accepted (65%) · max_tokens reached
22:05:02.947 INFO:     #440 chat/completions (stream): 341 prompt tokens ·
                       temperature: 0, greedy (req), max_tokens: 256 (req),
                       min_tokens: 256 (req)
22:05:03.822 INFO:     #437 chat/completions (stream): 256 tokens generated at
                       140.5 T/s · prompt 749 tokens, none cached, 749 new in
                       0.27 s (2,774 T/s) · first token 0.28 s, total 2.10 s ·
                       draft 170/258 accepted (66%) · max_tokens reached
22:05:03.872 INFO:     #441 chat/completions (stream): 66 prompt tokens ·
                       temperature: 0, greedy (req), max_tokens: 256 (req),
                       min_tokens: 256 (req)
22:05:04.016 INFO:     #436 chat/completions (stream): 256 tokens generated at
                       114.8 T/s · prompt 728 tokens, none cached, 728 new in
                       0.27 s (2,696 T/s) · first token 0.28 s, total 2.51 s ·
                       draft 161/285 accepted (56%) · max_tokens reached
22:05:04.060 INFO:     #442 chat/completions (stream): 63 prompt tokens ·
                       temperature: 0, greedy (req), max_tokens: 256 (req),
                       min_tokens: 256 (req)
22:05:04.168 INFO:     #439 chat/completions (stream): 256 tokens generated at
                       139.3 T/s · prompt 89 tokens, none cached, 89 new in 0.09
                       s · first token 0.10 s, total 1.93 s · draft 168/264
                       accepted (64%) · max_tokens reached
22:05:04.219 INFO:     #443 chat/completions (stream): 74 prompt tokens ·
                       temperature: 0, greedy (req), max_tokens: 256 (req),
                       min_tokens: 256 (req)
22:05:05.163 INFO:     #440 chat/completions (stream): 256 tokens generated at
                       133.1 T/s · prompt 341 tokens, none cached, 341 new in
                       0.22 s (1,550 T/s) · first token 0.23 s, total 2.15 s ·
                       draft 161/285 accepted (56%) · max_tokens reached
22:05:05.218 INFO:     #444 chat/completions (stream): 107 prompt tokens ·
                       temperature: 0, greedy (req), max_tokens: 256 (req),
                       min_tokens: 256 (req)
22:05:05.828 INFO:     #442 chat/completions (stream): 256 tokens generated at
                       157.3 T/s · prompt 63 tokens, none cached, 63 new in 0.07
                       s · first token 0.08 s, total 1.70 s · draft 175/243
                       accepted (72%) · max_tokens reached
22:05:05.877 INFO:     #445 chat/completions (stream): 165 prompt tokens ·
                       temperature: 0, greedy (req), max_tokens: 256 (req),
                       min_tokens: 256 (req)
22:05:06.111 INFO:     #441 chat/completions (stream): 256 tokens generated at
                       122.3 T/s · prompt 66 tokens, none cached, 66 new in 0.07
                       s · first token 0.08 s, total 2.17 s · draft 157/297
                       accepted (53%) · max_tokens reached
22:05:06.162 INFO:     #446 chat/completions (stream): 780 prompt tokens ·
                       temperature: 0, greedy (req), max_tokens: 256 (req),
                       min_tokens: 256 (req)
22:05:06.639 INFO:     #443 chat/completions (stream): 256 tokens generated at
                       112.5 T/s · prompt 74 tokens, none cached, 74 new in 0.08
                       s · first token 0.09 s, total 2.36 s · draft 152/312
                       accepted (49%) · max_tokens reached
22:05:06.687 INFO:     #447 chat/completions (stream): 79 prompt tokens ·
                       temperature: 0, greedy (req), max_tokens: 256 (req),
                       min_tokens: 256 (req)
22:05:07.130 INFO:     #444 chat/completions (stream): 256 tokens generated at
                       146.5 T/s · prompt 107 tokens, none cached, 107 new in
                       0.09 s · first token 0.10 s, total 1.84 s · draft 179/231
                       accepted (77%) · max_tokens reached
22:05:07.181 INFO:     #448 chat/completions (stream): 1,083 prompt tokens ·
                       temperature: 0, greedy (req), max_tokens: 256 (req),
                       min_tokens: 256 (req)
22:05:08.069 INFO:     #445 chat/completions (stream): 256 tokens generated at
                       126.2 T/s · prompt 165 tokens, none cached, 165 new in
                       0.09 s · first token 0.10 s, total 2.12 s · draft 174/246
                       accepted (71%) · max_tokens reached
22:05:08.117 INFO:     #449 chat/completions (stream): 82 prompt tokens ·
                       temperature: 0, greedy (req), max_tokens: 256 (req),
                       min_tokens: 256 (req)
22:05:08.421 INFO:     #446 chat/completions (stream): 256 tokens generated at
                       131.5 T/s · prompt 780 tokens, none cached, 780 new in
                       0.25 s (3,120 T/s) · first token 0.26 s, total 2.20 s ·
                       draft 170/258 accepted (66%) · max_tokens reached
22:05:08.448 INFO:     #447 chat/completions (stream): 256 tokens generated at
                       157.9 T/s · prompt 79 tokens, none cached, 79 new in 0.08
                       s · first token 0.09 s, total 1.71 s · draft 184/216
                       accepted (85%) · max_tokens reached
22:05:08.462 INFO:     #450 chat/completions (stream): 91 prompt tokens ·
                       temperature: 0, greedy (req), max_tokens: 256 (req),
                       min_tokens: 256 (req)
22:05:08.586 INFO:     #451 chat/completions (stream): 82 prompt tokens ·
                       temperature: 0, greedy (req), max_tokens: 256 (req),
                       min_tokens: 256 (req)
22:05:09.465 INFO:     #448 chat/completions (stream): 256 tokens generated at
                       134.9 T/s · prompt 1,083 tokens, none cached, 1,083 new
                       in 0.32 s (3,384 T/s) · first token 0.33 s, total 2.22 s
                       · draft 162/282 accepted (57%) · max_tokens reached
22:05:09.515 INFO:     #452 chat/completions (stream): 70 prompt tokens ·
                       temperature: 0, greedy (req), max_tokens: 256 (req),
                       min_tokens: 256 (req)
22:05:09.732 INFO:     #449 chat/completions (stream): 256 tokens generated at
                       175.2 T/s · prompt 82 tokens, none cached, 82 new in 0.08
                       s · first token 0.09 s, total 1.55 s · draft 187/207
                       accepted (90%) · max_tokens reached
22:05:09.783 INFO:     #453 chat/completions (stream): 816 prompt tokens ·
                       temperature: 0, greedy (req), max_tokens: 256 (req),
                       min_tokens: 256 (req)
22:05:10.499 INFO:     #450 chat/completions (stream): 256 tokens generated at
                       136.1 T/s · prompt 91 tokens, none cached, 91 new in 0.09
                       s · first token 0.10 s, total 1.98 s · draft 174/246
                       accepted (71%) · max_tokens reached
22:05:10.549 INFO:     #454 chat/completions (stream): 103 prompt tokens ·
                       temperature: 0, greedy (req), max_tokens: 256 (req),
                       min_tokens: 256 (req)
22:05:10.815 INFO:     #451 chat/completions (stream): 256 tokens generated at
                       123.2 T/s · prompt 82 tokens, none cached, 82 new in 0.08
                       s · first token 0.09 s, total 2.16 s · draft 163/279
                       accepted (58%) · max_tokens reached
22:05:10.864 INFO:     #455 chat/completions (stream): 96 prompt tokens ·
                       temperature: 0, greedy (req), max_tokens: 256 (req),
                       min_tokens: 256 (req)
22:05:11.609 INFO:     #452 chat/completions (stream): 256 tokens generated at
                       130.7 T/s · prompt 70 tokens, none cached, 70 new in 0.08
                       s · first token 0.09 s, total 2.04 s · draft 169/261
                       accepted (65%) · max_tokens reached
22:05:11.609 INFO:     #453 chat/completions (stream): 256 tokens generated at
                       169.7 T/s · prompt 816 tokens, none cached, 816 new in
                       0.26 s (3,138 T/s) · first token 0.27 s, total 1.77 s ·
                       draft 181/225 accepted (80%) · max_tokens reached
22:05:11.652 INFO:     #456 chat/completions (stream): 64 prompt tokens ·
                       temperature: 0, greedy (req), max_tokens: 256 (req),
                       min_tokens: 256 (req)
22:05:11.653 INFO:     #457 chat/completions (stream): 494 prompt tokens ·
                       temperature: 0, greedy (req), max_tokens: 256 (req),
                       min_tokens: 256 (req)
22:05:12.331 INFO:     #454 chat/completions (stream): 256 tokens generated at
                       158.1 T/s · prompt 103 tokens, none cached, 103 new in
                       0.09 s · first token 0.10 s, total 1.71 s · draft 185/213
                       accepted (87%) · max_tokens reached
22:05:12.383 INFO:     #458 chat/completions (stream): 814 prompt tokens ·
                       temperature: 0, greedy (req), max_tokens: 256 (req),
                       min_tokens: 256 (req)
22:05:13.091 INFO:     #455 chat/completions (stream): 256 tokens generated at
                       123.8 T/s · prompt 96 tokens, none cached, 96 new in 0.09
                       s · first token 0.10 s, total 2.16 s · draft 169/261
                       accepted (65%) · max_tokens reached
22:05:13.139 INFO:     #459 chat/completions (stream): 64 prompt tokens ·
                       temperature: 0, greedy (req), max_tokens: 256 (req),
                       min_tokens: 256 (req)
22:05:13.992 INFO:     #456 chat/completions (stream): 256 tokens generated at
                       123.8 T/s · prompt 64 tokens, none cached, 64 new in 0.20
                       s · first token 0.21 s, total 2.28 s · draft 163/279
                       accepted (58%) · max_tokens reached
22:05:14.041 INFO:     #460 chat/completions (stream): 82 prompt tokens ·
                       temperature: 0, greedy (req), max_tokens: 256 (req),
                       min_tokens: 256 (req)
22:05:14.226 INFO:     #457 chat/completions (stream): 256 tokens generated at
                       117.6 T/s · prompt 494 tokens, none cached, 494 new in
                       0.25 s (1,976 T/s) · first token 0.33 s, total 2.51 s ·
                       draft 155/303 accepted (51%) · max_tokens reached
22:05:14.272 INFO:     #461 chat/completions (stream): 97 prompt tokens ·
                       temperature: 0, greedy (req), max_tokens: 256 (req),
                       min_tokens: 256 (req)
22:05:14.480 INFO:     #458 chat/completions (stream): 256 tokens generated at
                       145.1 T/s · prompt 814 tokens, none cached, 814 new in
                       0.26 s (3,131 T/s) · first token 0.27 s, total 2.03 s ·
                       draft 169/261 accepted (65%) · max_tokens reached
22:05:14.530 INFO:     #462 chat/completions (stream): 64 prompt tokens ·
                       temperature: 0, greedy (req), max_tokens: 256 (req),
                       min_tokens: 256 (req)
22:05:15.055 INFO:     #459 chat/completions (stream): 256 tokens generated at
                       144.3 T/s · prompt 64 tokens, none cached, 64 new in 0.07
                       s · first token 0.08 s, total 1.85 s · draft 168/264
                       accepted (64%) · max_tokens reached
22:05:15.105 INFO:     #463 chat/completions (stream): 684 prompt tokens ·
                       temperature: 0, greedy (req), max_tokens: 256 (req),
                       min_tokens: 256 (req)
22:05:16.090 INFO:     #461 chat/completions (stream): 256 tokens generated at
                       153.9 T/s · prompt 97 tokens, none cached, 97 new in 0.09
                       s · first token 0.10 s, total 1.76 s · draft 179/231
                       accepted (77%) · max_tokens reached
22:05:16.133 INFO:     #464 chat/completions (stream): 704 prompt tokens ·
                       temperature: 0, greedy (req), max_tokens: 256 (req),
                       min_tokens: 256 (req)
22:05:16.135 INFO:     #460 chat/completions (stream): 256 tokens generated at
                       131.6 T/s · prompt 82 tokens, none cached, 82 new in 0.08
                       s · first token 0.09 s, total 2.03 s · draft 167/267
                       accepted (63%) · max_tokens reached
22:05:16.448 INFO:     #465 chat/completions (stream): 583 prompt tokens ·
                       temperature: 0, greedy (req), max_tokens: 256 (req),
                       min_tokens: 256 (req)
22:05:17.356 INFO:     #462 chat/completions (stream): 256 tokens generated at
                       95.4 T/s · prompt 64 tokens, none cached, 64 new in 0.07
                       s · first token 0.08 s, total 2.76 s · draft 145/333
                       accepted (44%) · max_tokens reached
22:05:17.405 INFO:     #467 chat/completions (stream): 255 prompt tokens ·
                       temperature: 0, greedy (req), max_tokens: 256 (req),
                       min_tokens: 256 (req)
22:05:17.716 INFO:     #463 chat/completions (stream): 256 tokens generated at
                       112.2 T/s · prompt 684 tokens, none cached, 684 new in
                       0.26 s (2,631 T/s) · first token 0.27 s, total 2.55 s ·
                       draft 161/285 accepted (56%) · max_tokens reached
22:05:17.766 INFO:     #468 chat/completions (stream): 61 prompt tokens ·
                       temperature: 0, greedy (req), max_tokens: 256 (req),
                       min_tokens: 256 (req)
22:05:18.596 INFO:     #465 chat/completions (stream): 256 tokens generated at
                       139.4 T/s · prompt 583 tokens, none cached, 583 new in
                       0.24 s (2,429 T/s) · first token 0.25 s, total 2.08 s ·
                       draft 164/276 accepted (59%) · max_tokens reached
22:05:18.636 INFO:     #469 chat/completions (stream): 66 prompt tokens ·
                       temperature: 0, greedy (req), max_tokens: 256 (req),
                       min_tokens: 256 (req)
22:05:18.734 INFO:     #464 chat/completions (stream): 256 tokens generated at
                       117.5 T/s · prompt 704 tokens, none cached, 704 new in
                       0.27 s (2,607 T/s) · first token 0.28 s, total 2.46 s ·
                       draft 157/297 accepted (53%) · max_tokens reached
22:05:18.784 INFO:     #470 chat/completions (stream): 479 prompt tokens ·
                       temperature: 0, greedy (req), max_tokens: 256 (req),
                       min_tokens: 256 (req)
22:05:19.853 INFO:     #468 chat/completions (stream): 256 tokens generated at
                       131.1 T/s · prompt 61 tokens, none cached, 61 new in 0.07
                       s · first token 0.08 s, total 2.03 s · draft 164/276
                       accepted (59%) · max_tokens reached
22:05:19.880 INFO:     #467 chat/completions (stream): 256 tokens generated at
                       111.4 T/s · prompt 255 tokens, none cached, 255 new in
                       0.12 s · first token 0.13 s, total 2.42 s · draft 148/324
                       accepted (46%) · max_tokens reached
22:05:19.893 INFO:     #471 chat/completions (stream): 93 prompt tokens ·
                       temperature: 0, greedy (req), max_tokens: 256 (req),
                       min_tokens: 256 (req)
22:05:20.021 INFO:     #472 chat/completions (stream): 743 prompt tokens ·
                       temperature: 0, greedy (req), max_tokens: 256 (req),
                       min_tokens: 256 (req)
22:05:20.754 INFO:     #469 chat/completions (stream): 256 tokens generated at
                       129.8 T/s · prompt 66 tokens, none cached, 66 new in 0.07
                       s · first token 0.08 s, total 2.05 s · draft 179/231
                       accepted (77%) · max_tokens reached
22:05:20.805 INFO:     #473 chat/completions (stream): 82 prompt tokens ·
                       temperature: 0, greedy (req), max_tokens: 256 (req),
                       min_tokens: 256 (req)
22:05:21.283 INFO:     #470 chat/completions (stream): 256 tokens generated at
                       117.5 T/s · prompt 479 tokens, none cached, 479 new in
                       0.25 s (1,916 T/s) · first token 0.26 s, total 2.43 s ·
                       draft 159/291 accepted (55%) · max_tokens reached
22:05:21.333 INFO:     #474 chat/completions (stream): 124 prompt tokens ·
                       temperature: 0, greedy (req), max_tokens: 256 (req),
                       min_tokens: 256 (req)
22:05:21.892 INFO:     #471 chat/completions (stream): 256 tokens generated at
                       139.2 T/s · prompt 93 tokens, none cached, 93 new in 0.09
                       s · first token 0.10 s, total 1.94 s · draft 179/231
                       accepted (77%) · max_tokens reached
22:05:21.941 INFO:     #475 chat/completions (stream): 228 prompt tokens ·
                       temperature: 0, greedy (req), max_tokens: 256 (req),
                       min_tokens: 256 (req)
22:05:22.352 INFO:     #472 chat/completions (stream): 256 tokens generated at
                       130.9 T/s · prompt 743 tokens, none cached, 743 new in
                       0.31 s (2,397 T/s) · first token 0.32 s, total 2.27 s ·
                       draft 162/282 accepted (57%) · max_tokens reached
22:05:22.402 INFO:     #476 chat/completions (stream): 69 prompt tokens ·
                       temperature: 0, greedy (req), max_tokens: 256 (req),
                       min_tokens: 256 (req)
22:05:22.656 INFO:     #473 chat/completions (stream): 256 tokens generated at
                       150.9 T/s · prompt 82 tokens, none cached, 82 new in 0.08
                       s · first token 0.09 s, total 1.78 s · draft 176/240
                       accepted (73%) · max_tokens reached
22:05:22.706 INFO:     #477 chat/completions (stream): 73 prompt tokens ·
                       temperature: 0, greedy (req), max_tokens: 256 (req),
                       min_tokens: 256 (req)
22:05:23.204 INFO:     #474 chat/completions (stream): 256 tokens generated at
                       151.7 T/s · prompt 124 tokens, none cached, 124 new in
                       0.10 s · first token 0.11 s, total 1.79 s · draft 175/243
                       accepted (72%) · max_tokens reached
22:05:23.255 INFO:     #478 chat/completions (stream): 66 prompt tokens ·
                       temperature: 0, greedy (req), max_tokens: 256 (req),
                       min_tokens: 256 (req)
22:05:23.899 INFO:     #475 chat/completions (stream): 256 tokens generated at
                       144.1 T/s · prompt 228 tokens, none cached, 228 new in
                       0.11 s · first token 0.12 s, total 1.89 s · draft 169/261
                       accepted (65%) · max_tokens reached
22:05:23.950 INFO:     #479 chat/completions (stream): 736 prompt tokens ·
                       temperature: 0, greedy (req), max_tokens: 256 (req),
                       min_tokens: 256 (req)
22:05:24.575 INFO:     #476 chat/completions (stream): 256 tokens generated at
                       126.4 T/s · prompt 69 tokens, none cached, 69 new in 0.08
                       s · first token 0.09 s, total 2.11 s · draft 165/273
                       accepted (60%) · max_tokens reached
22:05:24.626 INFO:     #480 chat/completions (stream): 106 prompt tokens ·
                       temperature: 0, greedy (req), max_tokens: 256 (req),
                       min_tokens: 256 (req)
22:05:25.247 INFO:     #477 chat/completions (stream): 256 tokens generated at
                       106.7 T/s · prompt 73 tokens, none cached, 73 new in 0.08
                       s · first token 0.09 s, total 2.48 s · draft 145/333
                       accepted (44%) · max_tokens reached
22:05:25.274 INFO:     #478 chat/completions (stream): 256 tokens generated at
                       135.8 T/s · prompt 66 tokens, none cached, 66 new in 0.07
                       s · first token 0.08 s, total 1.96 s · draft 169/261
                       accepted (65%) · max_tokens reached
22:05:25.288 INFO:     #481 chat/completions (stream): 63 prompt tokens ·
                       temperature: 0, greedy (req), max_tokens: 256 (req),
                       min_tokens: 256 (req)
22:05:25.396 INFO:     #482 chat/completions (stream): 76 prompt tokens ·
                       temperature: 0, greedy (req), max_tokens: 256 (req),
                       min_tokens: 256 (req)
22:05:26.188 INFO:     #479 chat/completions (stream): 256 tokens generated at
                       135.4 T/s · prompt 736 tokens, none cached, 736 new in
                       0.27 s (2,726 T/s) · first token 0.28 s, total 2.17 s ·
                       draft 162/282 accepted (57%) · max_tokens reached
22:05:26.231 INFO:     #483 chat/completions (stream): 833 prompt tokens ·
                       temperature: 0, greedy (req), max_tokens: 256 (req),
                       min_tokens: 256 (req)
22:05:26.440 INFO:     #480 chat/completions (stream): 256 tokens generated at
                       175.2 T/s · prompt 106 tokens, none cached, 106 new in
                       0.09 s · first token 0.10 s, total 1.56 s · draft 181/225
                       accepted (80%) · max_tokens reached
22:05:26.564 INFO:     #484 chat/completions (stream): 61 prompt tokens ·
                       temperature: 0, greedy (req), max_tokens: 256 (req),
                       min_tokens: 256 (req)
22:05:27.376 INFO:     #482 chat/completions (stream): 256 tokens generated at
                       139.8 T/s · prompt 76 tokens, none cached, 76 new in 0.08
                       s · first token 0.09 s, total 1.92 s · draft 171/255
                       accepted (67%) · max_tokens reached
22:05:27.425 INFO:     #485 chat/completions (stream): 85 prompt tokens ·
                       temperature: 0, greedy (req), max_tokens: 256 (req),
                       min_tokens: 256 (req)
22:05:27.829 INFO:     #481 chat/completions (stream): 256 tokens generated at
                       106.8 T/s · prompt 63 tokens, none cached, 63 new in 0.07
                       s · first token 0.08 s, total 2.47 s · draft 148/324
                       accepted (46%) · max_tokens reached
22:05:27.880 INFO:     #486 chat/completions (stream): 100 prompt tokens ·
                       temperature: 0, greedy (req), max_tokens: 256 (req),
                       min_tokens: 256 (req)
22:05:28.335 INFO:     #483 chat/completions (stream): 256 tokens generated at
                       145.9 T/s · prompt 833 tokens, none cached, 833 new in
                       0.28 s (2,975 T/s) · first token 0.29 s, total 2.04 s ·
                       draft 171/255 accepted (67%) · max_tokens reached
22:05:28.387 INFO:     #487 chat/completions (stream): 723 prompt tokens ·
                       temperature: 0, greedy (req), max_tokens: 256 (req),
                       min_tokens: 256 (req)
22:05:29.084 INFO:     #484 chat/completions (stream): 256 tokens generated at
                       107.5 T/s · prompt 61 tokens, none cached, 61 new in 0.07
                       s · first token 0.08 s, total 2.46 s · draft 146/330
                       accepted (44%) · max_tokens reached
22:05:29.132 INFO:     #488 chat/completions (stream): 120 prompt tokens ·
                       temperature: 0, greedy (req), max_tokens: 256 (req),
                       min_tokens: 256 (req)
22:05:29.741 INFO:     #485 chat/completions (stream): 256 tokens generated at
                       118.3 T/s · prompt 85 tokens, none cached, 85 new in 0.08
                       s · first token 0.09 s, total 2.25 s · draft 159/291
                       accepted (55%) · max_tokens reached
22:05:29.790 INFO:     #489 chat/completions (stream): 66 prompt tokens ·
                       temperature: 0, greedy (req), max_tokens: 256 (req),
                       min_tokens: 256 (req)
22:05:29.950 INFO:     #486 chat/completions (stream): 256 tokens generated at
                       134.1 T/s · prompt 100 tokens, none cached, 100 new in
                       0.09 s · first token 0.10 s, total 2.00 s · draft 172/252
                       accepted (68%) · max_tokens reached
22:05:29.997 INFO:     #490 chat/completions (stream): 68 prompt tokens ·
                       temperature: 0, greedy (req), max_tokens: 256 (req),
                       min_tokens: 256 (req)
22:05:30.464 INFO:     #487 chat/completions (stream): 256 tokens generated at
                       147.7 T/s · prompt 723 tokens, none cached, 723 new in
                       0.27 s (2,678 T/s) · first token 0.28 s, total 2.01 s ·
                       draft 171/255 accepted (67%) · max_tokens reached
22:05:30.514 INFO:     #491 chat/completions (stream): 70 prompt tokens ·
                       temperature: 0, greedy (req), max_tokens: 256 (req),
                       min_tokens: 256 (req)
22:05:31.068 INFO:     #488 chat/completions (stream): 256 tokens generated at
                       145.0 T/s · prompt 120 tokens, none cached, 120 new in
                       0.10 s · first token 0.11 s, total 1.87 s · draft 168/264
                       accepted (64%) · max_tokens reached
22:05:31.119 INFO:     #492 chat/completions (stream): 737 prompt tokens ·
                       temperature: 0, greedy (req), max_tokens: 256 (req),
                       min_tokens: 256 (req)
22:05:31.958 INFO:     #490 chat/completions (stream): 256 tokens generated at
                       140.9 T/s · prompt 68 tokens, none cached, 68 new in 0.07
                       s · first token 0.08 s, total 1.89 s · draft 172/252
                       accepted (68%) · max_tokens reached
22:05:32.008 INFO:     #493 chat/completions (stream): 61 prompt tokens ·
                       temperature: 0, greedy (req), max_tokens: 256 (req),
                       min_tokens: 256 (req)
22:05:32.417 INFO:     #489 chat/completions (stream): 256 tokens generated at
                       103.2 T/s · prompt 66 tokens, none cached, 66 new in 0.07
                       s · first token 0.08 s, total 2.56 s · draft 143/339
                       accepted (42%) · max_tokens reached
22:05:32.469 INFO:     #495 chat/completions (stream): 1,015 prompt tokens ·
                       temperature: 0, greedy (req), max_tokens: 256 (req),
                       min_tokens: 256 (req)
22:05:32.887 INFO:     #491 chat/completions (stream): 256 tokens generated at
                       115.0 T/s · prompt 70 tokens, none cached, 70 new in 0.08
                       s · first token 0.09 s, total 2.31 s · draft 166/270
                       accepted (61%) · max_tokens reached
22:05:32.935 INFO:     #496 chat/completions (stream): 62 prompt tokens ·
                       temperature: 0, greedy (req), max_tokens: 256 (req),
                       min_tokens: 256 (req)
22:05:33.485 INFO:     #492 chat/completions (stream): 256 tokens generated at
                       126.8 T/s · prompt 737 tokens, none cached, 737 new in
                       0.28 s (2,632 T/s) · first token 0.29 s, total 2.30 s ·
                       draft 168/264 accepted (64%) · max_tokens reached
22:05:33.534 INFO:     #497 chat/completions (stream): 84 prompt tokens ·
                       temperature: 0, greedy (req), max_tokens: 256 (req),
                       min_tokens: 256 (req)
22:05:34.266 INFO:     #493 chat/completions (stream): 256 tokens generated at
                       120.8 T/s · prompt 61 tokens, none cached, 61 new in 0.07
                       s · first token 0.08 s, total 2.19 s · draft 163/279
                       accepted (58%) · max_tokens reached
22:05:34.316 INFO:     #498 chat/completions (stream): 783 prompt tokens ·
                       temperature: 0, greedy (req), max_tokens: 256 (req),
                       min_tokens: 256 (req)
22:05:34.833 INFO:     #495 chat/completions (stream): 256 tokens generated at
                       129.2 T/s · prompt 1,015 tokens, none cached, 1,015 new
                       in 0.31 s (3,274 T/s) · first token 0.32 s, total 2.30 s
                       · draft 166/270 accepted (61%) · max_tokens reached
22:05:34.883 INFO:     #499 chat/completions (stream): 766 prompt tokens ·
                       temperature: 0, greedy (req), max_tokens: 256 (req),
                       min_tokens: 256 (req)
22:05:35.554 INFO:     #497 chat/completions (stream): 256 tokens generated at
                       137.4 T/s · prompt 84 tokens, none cached, 84 new in 0.08
                       s · first token 0.09 s, total 1.95 s · draft 178/234
                       accepted (76%) · max_tokens reached
22:05:35.602 INFO:     #500 chat/completions (stream): 1,490 prompt tokens ·
                       temperature: 0, greedy (req), max_tokens: 256 (req),
                       min_tokens: 256 (req)
22:05:36.008 INFO:     #496 chat/completions (stream): 256 tokens generated at
                       100.1 T/s · prompt 62 tokens, none cached, 62 new in 0.07
                       s · first token 0.08 s, total 2.63 s · draft 144/336
                       accepted (43%) · max_tokens reached
22:05:36.059 INFO:     #501 chat/completions (stream): 61 prompt tokens ·
                       temperature: 0, greedy (req), max_tokens: 256 (req),
                       min_tokens: 256 (req)
22:05:36.778 INFO:     #498 chat/completions (stream): 256 tokens generated at
                       119.8 T/s · prompt 783 tokens, none cached, 783 new in
                       0.26 s (3,012 T/s) · first token 0.27 s, total 2.40 s ·
                       draft 175/243 accepted (72%) · max_tokens reached
22:05:36.828 INFO:     #502 chat/completions (stream): 65 prompt tokens ·
                       temperature: 0, greedy (req), max_tokens: 256 (req),
                       min_tokens: 256 (req)
22:05:37.369 INFO:     #499 chat/completions (stream): 256 tokens generated at
                       120.2 T/s · prompt 766 tokens, none cached, 766 new in
                       0.29 s (2,641 T/s) · first token 0.30 s, total 2.43 s ·
                       draft 165/273 accepted (60%) · max_tokens reached
22:05:37.420 INFO:     #503 chat/completions (stream): 89 prompt tokens ·
                       temperature: 0, greedy (req), max_tokens: 256 (req),
                       min_tokens: 256 (req)
22:05:37.813 INFO:     #500 chat/completions (stream): 256 tokens generated at
                       145.8 T/s · prompt 1,490 tokens, none cached, 1,490 new
                       in 0.38 s (3,921 T/s) · first token 0.39 s, total 2.14 s
                       · draft 171/255 accepted (67%) · max_tokens reached
22:05:37.863 INFO:     #504 chat/completions (stream): 90 prompt tokens ·
                       temperature: 0, greedy (req), max_tokens: 256 (req),
                       min_tokens: 256 (req)
22:05:38.177 INFO:     #501 chat/completions (stream): 256 tokens generated at
                       129.5 T/s · prompt 61 tokens, none cached, 61 new in 0.07
                       s · first token 0.08 s, total 2.05 s · draft 159/291
                       accepted (55%) · max_tokens reached
22:05:38.234 INFO:     #505 chat/completions (stream): 875 prompt tokens ·
                       temperature: 0, greedy (req), max_tokens: 256 (req),
                       min_tokens: 256 (req)
22:05:38.996 INFO:     #502 chat/completions (stream): 256 tokens generated at
                       126.4 T/s · prompt 65 tokens, none cached, 65 new in 0.07
                       s · first token 0.08 s, total 2.10 s · draft 167/267
                       accepted (63%) · max_tokens reached
22:05:39.047 INFO:     #506 chat/completions (stream): 749 prompt tokens ·
                       temperature: 0, greedy (req), max_tokens: 256 (req),
                       min_tokens: 256 (req)
22:05:39.762 INFO:     #503 chat/completions (stream): 256 tokens generated at
                       117.2 T/s · prompt 89 tokens, none cached, 89 new in 0.09
                       s · first token 0.10 s, total 2.28 s · draft 167/267
                       accepted (63%) · max_tokens reached
22:05:39.811 INFO:     #507 chat/completions (stream): 94 prompt tokens ·
                       temperature: 0, greedy (req), max_tokens: 256 (req),
                       min_tokens: 256 (req)
22:05:40.332 INFO:     #504 chat/completions (stream): 256 tokens generated at
                       110.6 T/s · prompt 90 tokens, none cached, 90 new in 0.08
                       s · first token 0.09 s, total 2.40 s · draft 160/288
                       accepted (56%) · max_tokens reached
22:05:40.383 INFO:     #508 chat/completions (stream): 1,065 prompt tokens ·
                       temperature: 0, greedy (req), max_tokens: 256 (req),
                       min_tokens: 256 (req)
22:05:40.886 INFO:     #505 chat/completions (stream): 256 tokens generated at
                       111.8 T/s · prompt 875 tokens, none cached, 875 new in
                       0.29 s (3,017 T/s) · first token 0.30 s, total 2.58 s ·
                       draft 161/285 accepted (56%) · max_tokens reached
22:05:40.936 INFO:     #509 chat/completions (stream): 761 prompt tokens ·
                       temperature: 0, greedy (req), max_tokens: 256 (req),
                       min_tokens: 256 (req)
22:05:41.417 INFO:     #506 chat/completions (stream): 256 tokens generated at
                       126.2 T/s · prompt 749 tokens, none cached, 749 new in
                       0.27 s (2,774 T/s) · first token 0.28 s, total 2.30 s ·
                       draft 177/237 accepted (75%) · max_tokens reached
22:05:41.856 INFO:     #507 chat/completions (stream): 256 tokens generated at
                       134.9 T/s · prompt 94 tokens, none cached, 94 new in 0.09
                       s · first token 0.10 s, total 1.99 s · draft 176/240
                       accepted (73%) · max_tokens reached
22:05:42.272 INFO:     #508 chat/completions (stream): 256 tokens generated at
                       165.4 T/s · prompt 1,065 tokens, none cached, 1,065 new
                       in 0.29 s (3,672 T/s) · first token 0.30 s, total 1.84 s
                       · draft 171/255 accepted (67%) · max_tokens reached
22:05:42.407 INFO:     #509 chat/completions (stream): 256 tokens generated at
                       218.1 T/s · prompt 761 tokens, none cached, 761 new in
                       0.29 s (2,624 T/s) · first token 0.30 s, total 1.47 s ·
                       draft 170/258 accepted (66%) · max_tokens reached
