22:50:18.688 INFO:     Sampler preset "qwen38_thinking": temperature 0.6, top_k
                       20, top_p 0.95
22:50:18.725 INFO:     exllamav3 version: 1.5.0
22:50:20.042 INFO:     Using main model MTP component for drafting
22:50:20.063 INFO:     Context: max_seq_len 262,144 tokens (configured),
                       cache_size 983,040 tokens
22:50:20.120 INFO:     Using tool format: qwen3_coder
22:50:20.120 INFO:     Using template "chat_template" for chat completions.
22:50:22.226 INFO:     Loading model
                       /models/qwen3.8-flash-next-exl3-2.50bpw-r0b0tlab (manual
                       GPU split)
Loading vision modules ━━━━━━━━━━━━━━━━━━━━━━━━━━━━━━━━━━━━━━ 100% 30/30 0:00:00
Loading draft modules  ━━━━━━━━━━━━━━━━━━━━━━━━━━━━━━━━━━━━━━ 100% 3/3   0:00:00
Loading model modules  ━━━━━━━━━━━━━━━━━━━━━━━━━━━━━━━━━━━━━━ 100% 53/53 0:00:00
EXL3_EMBED_GPU_PRUNED=1: embedding mirror 65536 of 248320 rows (320.0 MiB, prefix) on cuda:1
22:50:29.841 INFO:     Model loaded in 9.7 s

22:50:29.842 WARNING:  Disabling authentication makes your instance vulnerable.
                       Set the `disable_auth` flag to False in config.yml if you
                       want to share this instance with others.
22:50:29.842 WARNING:  With authentication disabled and `allowed_origins` left
                       at ["*"], any website open in a browser on this machine
                       can send requests to this instance and read the
                       responses, including admin endpoints. Set
                       `network.allowed_origins` to your own frontends (or [])
                       unless you use a browser-based frontend that needs it.
22:50:29.842 INFO:     Serving OAI API on http://0.0.0.0:8022 (docs at
                       http://0.0.0.0:8022/redoc)
22:50:31.469 INFO:     #3 completions: 3 prompt tokens · temperature: 0, greedy
                       (req), max_tokens: 16 (req)
densegemm lcguard: device 1: dense calls on the QSA side branch use the side scratch (hctr upper half, side slots)
densegemm lcguard: device 0: dense calls on the QSA side branch use the side scratch (hctr upper half, side slots)
22:50:31.863 INFO:     #3 completions: 16 tokens generated at 108.0 T/s · prompt
                       3 tokens, none cached, 3 new in 0.23 s · first token 0.24
                       s, total 0.39 s · draft 8/24 accepted (33%) · max_tokens
                       reached
22:50:32.086 INFO:     #6 chat/completions: 73 prompt tokens · temperature: 0,
                       greedy (req), max_tokens: 64 (req), min_tokens: 64 (req)
22:50:32.087 INFO:     #7 chat/completions: 73 prompt tokens · temperature: 0,
                       greedy (req), max_tokens: 64 (req), min_tokens: 64 (req)
22:50:32.088 INFO:     #8 chat/completions: 73 prompt tokens · temperature: 0,
                       greedy (req), max_tokens: 64 (req), min_tokens: 64 (req)
22:50:32.088 INFO:     #9 chat/completions: 73 prompt tokens · temperature: 0,
                       greedy (req), max_tokens: 64 (req), min_tokens: 64 (req)
22:50:32.089 INFO:     #10 chat/completions: 73 prompt tokens · temperature: 0,
                       greedy (req), max_tokens: 64 (req), min_tokens: 64 (req)
22:50:32.090 INFO:     #11 chat/completions: 73 prompt tokens · temperature: 0,
                       greedy (req), max_tokens: 64 (req), min_tokens: 64 (req)
22:50:32.658 INFO:     #12 chat/completions: 73 prompt tokens · temperature: 0,
                       greedy (req), max_tokens: 64 (req), min_tokens: 64 (req)
22:50:32.765 INFO:     #13 chat/completions: 73 prompt tokens · temperature: 0,
                       greedy (req), max_tokens: 64 (req), min_tokens: 64 (req)
22:50:33.365 INFO:     #7 chat/completions: 64 tokens generated at 92.9 T/s ·
                       prompt 73 tokens, none cached, 73 new in 0.39 s · queued
                       0.15 s, first token 0.54 s, total 1.22 s · draft 39/50
                       accepted (78%) · max_tokens reached
22:50:33.366 INFO:     #11 chat/completions: 64 tokens generated at 92.9 T/s ·
                       prompt 73 tokens, none cached, 73 new in 0.08 s · queued
                       0.46 s, first token 0.54 s, total 1.23 s · draft 39/50
                       accepted (78%) · max_tokens reached
22:50:33.366 INFO:     #6 chat/completions: 64 tokens generated at 89.8 T/s ·
                       prompt 73 tokens, none cached, 73 new in 0.51 s · first
                       token 0.54 s, total 1.26 s · draft 38/52 accepted (73%) ·
                       max_tokens reached
22:50:33.367 INFO:     #8 chat/completions: 64 tokens generated at 89.8 T/s ·
                       prompt 73 tokens, none cached, 73 new in 0.31 s · queued
                       0.22 s, first token 0.53 s, total 1.25 s · draft 38/52
                       accepted (73%) · max_tokens reached
22:50:33.368 INFO:     #9 chat/completions: 64 tokens generated at 89.8 T/s ·
                       prompt 73 tokens, none cached, 73 new in 0.24 s · queued
                       0.30 s, first token 0.54 s, total 1.25 s · draft 38/52
                       accepted (73%) · max_tokens reached
22:50:33.368 INFO:     #10 chat/completions: 64 tokens generated at 89.8 T/s ·
                       prompt 73 tokens, none cached, 73 new in 0.16 s · queued
                       0.38 s, first token 0.54 s, total 1.25 s · draft 38/52
                       accepted (73%) · max_tokens reached
22:50:33.369 INFO:     #12 chat/completions: 64 tokens generated at 105.6 T/s ·
                       prompt 73 tokens, none cached, 73 new in 0.08 s · first
                       token 0.09 s, total 0.69 s · draft 38/53 accepted (72%) ·
                       max_tokens reached
22:50:33.369 INFO:     #13 chat/completions: 64 tokens generated at 124.7 T/s ·
                       prompt 73 tokens, none cached, 73 new in 0.08 s · first
                       token 0.09 s, total 0.60 s · draft 38/54 accepted (70%) ·
                       max_tokens reached
22:50:44.407 INFO:     #16 chat/completions (stream): 92 prompt tokens ·
                       temperature: 0, greedy (req), max_tokens: 256 (req),
                       min_tokens: 256 (req)
22:50:44.559 INFO:     #17 chat/completions (stream): 511 prompt tokens ·
                       temperature: 0, greedy (req), max_tokens: 256 (req),
                       min_tokens: 256 (req)
22:50:44.723 INFO:     #18 chat/completions (stream): 74 prompt tokens ·
                       temperature: 0, greedy (req), max_tokens: 256 (req),
                       min_tokens: 256 (req)
22:50:44.960 INFO:     #19 chat/completions (stream): 87 prompt tokens ·
                       temperature: 0, greedy (req), max_tokens: 256 (req),
                       min_tokens: 256 (req)
22:50:45.074 INFO:     #20 chat/completions (stream): 105 prompt tokens ·
                       temperature: 0, greedy (req), max_tokens: 256 (req),
                       min_tokens: 256 (req)
22:50:45.194 INFO:     #21 chat/completions (stream): 78 prompt tokens ·
                       temperature: 0, greedy (req), max_tokens: 256 (req),
                       min_tokens: 256 (req)
22:50:45.300 INFO:     #22 chat/completions (stream): 74 prompt tokens ·
                       temperature: 0, greedy (req), max_tokens: 256 (req),
                       min_tokens: 256 (req)
22:50:45.410 INFO:     #23 chat/completions (stream): 121 prompt tokens ·
                       temperature: 0, greedy (req), max_tokens: 256 (req),
                       min_tokens: 256 (req)
22:50:47.812 INFO:     #20 chat/completions (stream): 256 tokens generated at
                       100.5 T/s · prompt 105 tokens, none cached, 105 new in
                       0.10 s · first token 0.11 s, total 2.65 s · draft 162/188
                       accepted (86%) · max_tokens reached
22:50:47.857 INFO:     #16 chat/completions (stream): 256 tokens generated at
                       79.5 T/s · prompt 92 tokens, none cached, 92 new in 0.13
                       s · first token 0.14 s, total 3.36 s · draft 156/204
                       accepted (76%) · max_tokens reached
22:50:47.879 INFO:     #25 chat/completions (stream): 62 prompt tokens ·
                       temperature: 0, greedy (req), max_tokens: 256 (req),
                       min_tokens: 256 (req)
22:50:48.004 INFO:     #26 chat/completions (stream): 64 prompt tokens ·
                       temperature: 0, greedy (req), max_tokens: 256 (req),
                       min_tokens: 256 (req)
22:50:48.143 INFO:     #19 chat/completions (stream): 256 tokens generated at
                       87.5 T/s · prompt 87 tokens, none cached, 87 new in 0.09
                       s · first token 0.10 s, total 3.02 s · draft 153/207
                       accepted (74%) · max_tokens reached
22:50:48.166 INFO:     #23 chat/completions (stream): 256 tokens generated at
                       103.0 T/s · prompt 121 tokens, none cached, 121 new in
                       0.10 s · first token 0.10 s, total 2.59 s · draft 156/200
                       accepted (78%) · max_tokens reached
22:50:48.235 INFO:     #27 chat/completions (stream): 89 prompt tokens ·
                       temperature: 0, greedy (req), max_tokens: 256 (req),
                       min_tokens: 256 (req)
22:50:48.344 INFO:     #28 chat/completions (stream): 109 prompt tokens ·
                       temperature: 0, greedy (req), max_tokens: 256 (req),
                       min_tokens: 256 (req)
22:50:48.460 INFO:     #22 chat/completions (stream): 256 tokens generated at
                       92.1 T/s · prompt 74 tokens, none cached, 74 new in 0.08
                       s · first token 0.09 s, total 2.86 s · draft 151/210
                       accepted (72%) · max_tokens reached
22:50:48.480 INFO:     #17 chat/completions (stream): 256 tokens generated at
                       78.4 T/s · prompt 511 tokens, none cached, 511 new in
                       0.38 s (1,345 T/s) · first token 0.39 s, total 3.65 s ·
                       draft 146/222 accepted (66%) · max_tokens reached
22:50:48.518 INFO:     #29 chat/completions (stream): 829 prompt tokens ·
                       temperature: 0, greedy (req), max_tokens: 256 (req),
                       min_tokens: 256 (req)
22:50:48.518 INFO:     #21 chat/completions (stream): 256 tokens generated at
                       83.7 T/s · prompt 78 tokens, none cached, 78 new in 0.08
                       s · first token 0.09 s, total 3.15 s · draft 147/219
                       accepted (67%) · max_tokens reached
22:50:48.739 INFO:     #30 chat/completions (stream): 67 prompt tokens ·
                       temperature: 0, greedy (req), max_tokens: 256 (req),
                       min_tokens: 256 (req)
22:50:48.919 INFO:     #18 chat/completions (stream): 256 tokens generated at
                       72.5 T/s · prompt 74 tokens, none cached, 74 new in 0.08
                       s · queued 0.14 s, first token 0.22 s, total 3.75 s ·
                       draft 142/231 accepted (61%) · max_tokens reached
22:50:48.939 INFO:     #31 chat/completions (stream): 201 prompt tokens ·
                       temperature: 0, greedy (req), max_tokens: 256 (req),
                       min_tokens: 256 (req)
22:50:49.093 INFO:     #32 chat/completions (stream): 88 prompt tokens ·
                       temperature: 0, greedy (req), max_tokens: 256 (req),
                       min_tokens: 256 (req)
22:50:51.502 INFO:     #27 chat/completions (stream): 256 tokens generated at
                       82.9 T/s · prompt 89 tokens, none cached, 89 new in 0.09
                       s · first token 0.10 s, total 3.18 s · draft 158/199
                       accepted (79%) · max_tokens reached
22:50:51.522 INFO:     #25 chat/completions (stream): 256 tokens generated at
                       73.7 T/s · prompt 62 tokens, none cached, 62 new in 0.07
                       s · first token 0.08 s, total 3.55 s · draft 149/218
                       accepted (68%) · max_tokens reached
22:50:51.562 INFO:     #33 chat/completions (stream): 84 prompt tokens ·
                       temperature: 0, greedy (req), max_tokens: 256 (req),
                       min_tokens: 256 (req)
22:50:51.672 INFO:     #34 chat/completions (stream): 735 prompt tokens ·
                       temperature: 0, greedy (req), max_tokens: 256 (req),
                       min_tokens: 256 (req)
22:50:51.674 INFO:     #28 chat/completions (stream): 256 tokens generated at
                       83.7 T/s · prompt 109 tokens, none cached, 109 new in
                       0.09 s · first token 0.10 s, total 3.15 s · draft 155/205
                       accepted (76%) · max_tokens reached
22:50:51.857 INFO:     #30 chat/completions (stream): 256 tokens generated at
                       97.7 T/s · prompt 67 tokens, none cached, 67 new in 0.08
                       s · first token 0.16 s, total 2.79 s · draft 159/194
                       accepted (82%) · max_tokens reached
22:50:52.015 INFO:     #35 chat/completions (stream): 72 prompt tokens ·
                       temperature: 0, greedy (req), max_tokens: 256 (req),
                       min_tokens: 256 (req)
22:50:52.116 INFO:     #36 chat/completions (stream): 1,231 prompt tokens ·
                       temperature: 0, greedy (req), max_tokens: 256 (req),
                       min_tokens: 256 (req)
22:50:52.554 INFO:     #26 chat/completions (stream): 256 tokens generated at
                       65.1 T/s · prompt 64 tokens, none cached, 64 new in 0.07
                       s · first token 0.08 s, total 4.01 s · draft 141/236
                       accepted (60%) · max_tokens reached
22:50:52.555 INFO:     #29 chat/completions (stream): 256 tokens generated at
                       82.2 T/s · prompt 829 tokens, none cached, 829 new in
                       0.37 s (2,241 T/s) · first token 0.38 s, total 3.49 s ·
                       draft 153/208 accepted (74%) · max_tokens reached
22:50:52.611 INFO:     #37 chat/completions (stream): 134 prompt tokens ·
                       temperature: 0, greedy (req), max_tokens: 256 (req),
                       min_tokens: 256 (req)
22:50:52.613 INFO:     #38 chat/completions (stream): 1,082 prompt tokens ·
                       temperature: 0, greedy (req), max_tokens: 256 (req),
                       min_tokens: 256 (req)
22:50:52.613 INFO:     #31 chat/completions (stream): 256 tokens generated at
                       73.4 T/s · prompt 201 tokens, none cached, 201 new in
                       0.10 s · first token 0.11 s, total 3.59 s · draft 152/210
                       accepted (72%) · max_tokens reached
22:50:53.112 INFO:     #39 chat/completions (stream): 84 prompt tokens ·
                       temperature: 0, greedy (req), max_tokens: 256 (req),
                       min_tokens: 256 (req)
22:50:53.262 INFO:     #32 chat/completions (stream): 256 tokens generated at
                       65.5 T/s · prompt 88 tokens, none cached, 88 new in 0.08
                       s · first token 0.09 s, total 3.99 s · draft 148/218
                       accepted (68%) · max_tokens reached
22:50:53.331 INFO:     #40 chat/completions (stream): 78 prompt tokens ·
                       temperature: 0, greedy (req), max_tokens: 256 (req),
                       min_tokens: 256 (req)
22:50:55.427 INFO:     #34 chat/completions (stream): 256 tokens generated at
                       76.2 T/s · prompt 735 tokens, none cached, 735 new in
                       0.29 s (2,534 T/s) · first token 0.30 s, total 3.66 s ·
                       draft 160/192 accepted (83%) · max_tokens reached
22:50:55.495 INFO:     #41 chat/completions (stream): 70 prompt tokens ·
                       temperature: 0, greedy (req), max_tokens: 256 (req),
                       min_tokens: 256 (req)
22:50:55.624 INFO:     #37 chat/completions (stream): 256 tokens generated at
                       103.4 T/s · prompt 134 tokens, none cached, 134 new in
                       0.35 s · first token 0.36 s, total 2.84 s · draft 164/184
                       accepted (89%) · max_tokens reached
22:50:55.686 INFO:     #42 chat/completions (stream): 149 prompt tokens ·
                       temperature: 0, greedy (req), max_tokens: 256 (req),
                       min_tokens: 256 (req)
22:50:55.686 INFO:     #33 chat/completions (stream): 256 tokens generated at
                       64.8 T/s · prompt 84 tokens, none cached, 84 new in 0.09
                       s · first token 0.10 s, total 4.04 s · draft 150/212
                       accepted (71%) · max_tokens reached
22:50:55.850 INFO:     #43 chat/completions (stream): 258 prompt tokens ·
                       temperature: 0, greedy (req), max_tokens: 256 (req),
                       min_tokens: 256 (req)
22:50:55.851 INFO:     #36 chat/completions (stream): 256 tokens generated at
                       81.3 T/s · prompt 1,231 tokens, none cached, 1,231 new in
                       0.39 s (3,156 T/s) · first token 0.39 s, total 3.54 s ·
                       draft 153/206 accepted (74%) · max_tokens reached
22:50:56.070 INFO:     #44 chat/completions (stream): 109 prompt tokens ·
                       temperature: 0, greedy (req), max_tokens: 256 (req),
                       min_tokens: 256 (req)
22:50:56.306 INFO:     #39 chat/completions (stream): 256 tokens generated at
                       85.0 T/s · prompt 84 tokens, none cached, 84 new in 0.08
                       s · first token 0.09 s, total 3.10 s · draft 153/206
                       accepted (74%) · max_tokens reached
22:50:56.377 INFO:     #45 chat/completions (stream): 105 prompt tokens ·
                       temperature: 0, greedy (req), max_tokens: 256 (req),
                       min_tokens: 256 (req)
22:50:56.556 INFO:     #38 chat/completions (stream): 256 tokens generated at
                       77.5 T/s · prompt 1,082 tokens, none cached, 1,082 new in
                       0.34 s (3,182 T/s) · queued 0.12 s, first token 0.46 s,
                       total 3.76 s · draft 144/224 accepted (64%) · max_tokens
                       reached
22:50:56.577 INFO:     #40 chat/completions (stream): 256 tokens generated at
                       83.1 T/s · prompt 78 tokens, none cached, 78 new in 0.08
                       s · first token 0.09 s, total 3.17 s · draft 151/210
                       accepted (72%) · max_tokens reached
22:50:56.596 INFO:     #35 chat/completions (stream): 256 tokens generated at
                       57.9 T/s · prompt 72 tokens, none cached, 72 new in 0.08
                       s · first token 0.09 s, total 4.51 s · draft 134/244
                       accepted (55%) · max_tokens reached
22:50:56.616 INFO:     #46 chat/completions (stream): 788 prompt tokens ·
                       temperature: 0, greedy (req), max_tokens: 256 (req),
                       min_tokens: 256 (req)
22:50:56.838 INFO:     #47 chat/completions (stream): 62 prompt tokens ·
                       temperature: 0, greedy (req), max_tokens: 256 (req),
                       min_tokens: 256 (req)
22:50:56.960 INFO:     #48 chat/completions (stream): 1,445 prompt tokens ·
                       temperature: 0, greedy (req), max_tokens: 256 (req),
                       min_tokens: 256 (req)
22:50:59.284 INFO:     #41 chat/completions (stream): 256 tokens generated at
                       71.4 T/s · prompt 70 tokens, none cached, 70 new in 0.08
                       s · first token 0.09 s, total 3.67 s · draft 154/204
                       accepted (75%) · max_tokens reached
22:50:59.355 INFO:     #49 chat/completions (stream): 159 prompt tokens ·
                       temperature: 0, greedy (req), max_tokens: 256 (req),
                       min_tokens: 256 (req)
22:50:59.596 INFO:     #42 chat/completions (stream): 256 tokens generated at
                       68.8 T/s · prompt 149 tokens, none cached, 149 new in
                       0.09 s · first token 0.10 s, total 3.82 s · draft 150/212
                       accepted (71%) · max_tokens reached
22:50:59.668 INFO:     #50 chat/completions (stream): 705 prompt tokens ·
                       temperature: 0, greedy (req), max_tokens: 256 (req),
                       min_tokens: 256 (req)
22:51:00.092 INFO:     #44 chat/completions (stream): 256 tokens generated at
                       66.8 T/s · prompt 109 tokens, none cached, 109 new in
                       0.09 s · first token 0.10 s, total 3.93 s · draft 147/218
                       accepted (67%) · max_tokens reached
22:51:00.155 INFO:     #51 chat/completions (stream): 62 prompt tokens ·
                       temperature: 0, greedy (req), max_tokens: 256 (req),
                       min_tokens: 256 (req)
22:51:00.156 INFO:     #43 chat/completions (stream): 256 tokens generated at
                       63.3 T/s · prompt 258 tokens, none cached, 258 new in
                       0.17 s (1,518 T/s) · first token 0.18 s, total 4.22 s ·
                       draft 142/228 accepted (62%) · max_tokens reached
22:51:00.294 INFO:     #52 chat/completions (stream): 796 prompt tokens ·
                       temperature: 0, greedy (req), max_tokens: 256 (req),
                       min_tokens: 256 (req)
22:51:00.561 INFO:     #45 chat/completions (stream): 256 tokens generated at
                       67.8 T/s · prompt 105 tokens, none cached, 105 new in
                       0.10 s · first token 0.10 s, total 3.88 s · draft 147/218
                       accepted (67%) · max_tokens reached
22:51:00.562 INFO:     #46 chat/completions (stream): 256 tokens generated at
                       77.2 T/s · prompt 788 tokens, none cached, 788 new in
                       0.31 s (2,542 T/s) · first token 0.32 s, total 3.64 s ·
                       draft 155/202 accepted (77%) · max_tokens reached
22:51:00.628 INFO:     #53 chat/completions (stream): 93 prompt tokens ·
                       temperature: 0, greedy (req), max_tokens: 256 (req),
                       min_tokens: 256 (req)
22:51:00.629 INFO:     #54 chat/completions (stream): 94 prompt tokens ·
                       temperature: 0, greedy (req), max_tokens: 256 (req),
                       min_tokens: 256 (req)
22:51:01.022 INFO:     #48 chat/completions (stream): 256 tokens generated at
                       72.2 T/s · prompt 1,445 tokens, none cached, 1,445 new in
                       0.42 s (3,440 T/s) · first token 0.43 s, total 3.97 s ·
                       draft 145/222 accepted (65%) · max_tokens reached
22:51:01.090 INFO:     #55 chat/completions (stream): 65 prompt tokens ·
                       temperature: 0, greedy (req), max_tokens: 256 (req),
                       min_tokens: 256 (req)
22:51:01.326 INFO:     #47 chat/completions (stream): 256 tokens generated at
                       59.6 T/s · prompt 62 tokens, none cached, 62 new in 0.07
                       s · first token 0.10 s, total 4.39 s · draft 134/244
                       accepted (55%) · max_tokens reached
22:51:01.400 INFO:     #56 chat/completions (stream): 1,347 prompt tokens ·
                       temperature: 0, greedy (req), max_tokens: 256 (req),
                       min_tokens: 256 (req)
22:51:03.022 INFO:     #49 chat/completions (stream): 256 tokens generated at
                       73.8 T/s · prompt 159 tokens, none cached, 159 new in
                       0.10 s · first token 0.11 s, total 3.58 s · draft 163/186
                       accepted (88%) · max_tokens reached
22:51:03.094 INFO:     #58 chat/completions (stream): 754 prompt tokens ·
                       temperature: 0, greedy (req), max_tokens: 256 (req),
                       min_tokens: 256 (req)
22:51:03.872 INFO:     #50 chat/completions (stream): 256 tokens generated at
                       67.3 T/s · prompt 705 tokens, none cached, 705 new in
                       0.30 s (2,350 T/s) · first token 0.31 s, total 4.11 s ·
                       draft 149/214 accepted (70%) · max_tokens reached
22:51:03.937 INFO:     #59 chat/completions (stream): 73 prompt tokens ·
                       temperature: 0, greedy (req), max_tokens: 256 (req),
                       min_tokens: 256 (req)
22:51:04.063 INFO:     #51 chat/completions (stream): 256 tokens generated at
                       69.9 T/s · prompt 62 tokens, none cached, 62 new in 0.07
                       s · first token 0.08 s, total 3.74 s · draft 152/208
                       accepted (73%) · max_tokens reached
22:51:04.107 INFO:     #53 chat/completions (stream): 256 tokens generated at
                       82.0 T/s · prompt 93 tokens, none cached, 93 new in 0.17
                       s · first token 0.18 s, total 3.30 s · draft 158/196
                       accepted (81%) · max_tokens reached
22:51:04.129 INFO:     #60 chat/completions (stream): 758 prompt tokens ·
                       temperature: 0, greedy (req), max_tokens: 256 (req),
                       min_tokens: 256 (req)
22:51:04.484 INFO:     #61 chat/completions (stream): 63 prompt tokens ·
                       temperature: 0, greedy (req), max_tokens: 256 (req),
                       min_tokens: 256 (req)
22:51:04.604 INFO:     #54 chat/completions (stream): 256 tokens generated at
                       77.2 T/s · prompt 94 tokens, none cached, 94 new in 0.09
                       s · queued 0.10 s, first token 0.19 s, total 3.50 s ·
                       draft 153/206 accepted (74%) · max_tokens reached
22:51:04.649 INFO:     #52 chat/completions (stream): 256 tokens generated at
                       65.0 T/s · prompt 796 tokens, none cached, 796 new in
                       0.24 s (3,317 T/s) · first token 0.25 s, total 4.19 s ·
                       draft 147/218 accepted (67%) · max_tokens reached
22:51:04.670 INFO:     #62 chat/completions (stream): 71 prompt tokens ·
                       temperature: 0, greedy (req), max_tokens: 256 (req),
                       min_tokens: 256 (req)
22:51:04.794 INFO:     #63 chat/completions (stream): 71 prompt tokens ·
                       temperature: 0, greedy (req), max_tokens: 256 (req),
                       min_tokens: 256 (req)
22:51:04.921 INFO:     #55 chat/completions (stream): 256 tokens generated at
                       73.3 T/s · prompt 65 tokens, none cached, 65 new in 0.08
                       s · first token 0.09 s, total 3.58 s · draft 158/196
                       accepted (81%) · max_tokens reached
22:51:04.994 INFO:     #64 chat/completions (stream): 741 prompt tokens ·
                       temperature: 0, greedy (req), max_tokens: 256 (req),
                       min_tokens: 256 (req)
22:51:05.849 INFO:     #56 chat/completions (stream): 256 tokens generated at
                       64.8 T/s · prompt 1,347 tokens, none cached, 1,347 new in
                       0.40 s (3,368 T/s) · first token 0.41 s, total 4.36 s ·
                       draft 142/228 accepted (62%) · max_tokens reached
22:51:05.920 INFO:     #65 chat/completions (stream): 117 prompt tokens ·
                       temperature: 0, greedy (req), max_tokens: 256 (req),
                       min_tokens: 256 (req)
22:51:06.955 INFO:     #58 chat/completions (stream): 256 tokens generated at
                       73.9 T/s · prompt 754 tokens, none cached, 754 new in
                       0.30 s (2,513 T/s) · first token 0.31 s, total 3.77 s ·
                       draft 154/204 accepted (75%) · max_tokens reached
22:51:07.026 INFO:     #66 chat/completions (stream): 72 prompt tokens ·
                       temperature: 0, greedy (req), max_tokens: 256 (req),
                       min_tokens: 256 (req)
22:51:07.514 INFO:     #59 chat/completions (stream): 256 tokens generated at
                       75.2 T/s · prompt 73 tokens, none cached, 73 new in 0.08
                       s · first token 0.09 s, total 3.49 s · draft 157/198
                       accepted (79%) · max_tokens reached
22:51:07.582 INFO:     #67 chat/completions (stream): 127 prompt tokens ·
                       temperature: 0, greedy (req), max_tokens: 256 (req),
                       min_tokens: 256 (req)
22:51:07.848 INFO:     #60 chat/completions (stream): 256 tokens generated at
                       77.6 T/s · prompt 758 tokens, none cached, 758 new in
                       0.33 s (2,297 T/s) · first token 0.34 s, total 3.64 s ·
                       draft 153/206 accepted (74%) · max_tokens reached
22:51:07.870 INFO:     #63 chat/completions (stream): 256 tokens generated at
                       88.0 T/s · prompt 71 tokens, none cached, 71 new in 0.08
                       s · first token 0.08 s, total 2.99 s · draft 160/192
                       accepted (83%) · max_tokens reached
22:51:07.912 INFO:     #68 chat/completions (stream): 62 prompt tokens ·
                       temperature: 0, greedy (req), max_tokens: 256 (req),
                       min_tokens: 256 (req)
22:51:08.009 INFO:     #69 chat/completions (stream): 104 prompt tokens ·
                       temperature: 0, greedy (req), max_tokens: 256 (req),
                       min_tokens: 256 (req)
22:51:08.220 INFO:     #61 chat/completions (stream): 256 tokens generated at
                       71.8 T/s · prompt 63 tokens, none cached, 63 new in 0.07
                       s · first token 0.08 s, total 3.64 s · draft 145/222
                       accepted (65%) · max_tokens reached
22:51:08.238 INFO:     #64 chat/completions (stream): 256 tokens generated at
                       90.6 T/s · prompt 741 tokens, none cached, 741 new in
                       0.33 s (2,245 T/s) · first token 0.34 s, total 3.16 s ·
                       draft 157/198 accepted (79%) · max_tokens reached
22:51:08.259 INFO:     #62 chat/completions (stream): 256 tokens generated at
                       74.9 T/s · prompt 71 tokens, none cached, 71 new in 0.08
                       s · first token 0.09 s, total 3.50 s · draft 148/216
                       accepted (69%) · max_tokens reached
22:51:08.277 INFO:     #70 chat/completions (stream): 67 prompt tokens ·
                       temperature: 0, greedy (req), max_tokens: 256 (req),
                       min_tokens: 256 (req)
22:51:08.380 INFO:     #71 chat/completions (stream): 676 prompt tokens ·
                       temperature: 0, greedy (req), max_tokens: 256 (req),
                       min_tokens: 256 (req)
22:51:08.567 INFO:     #72 chat/completions (stream): 802 prompt tokens ·
                       temperature: 0, greedy (req), max_tokens: 256 (req),
                       min_tokens: 256 (req)
22:51:09.475 INFO:     #65 chat/completions (stream): 256 tokens generated at
                       76.3 T/s · prompt 117 tokens, none cached, 117 new in
                       0.10 s · first token 0.11 s, total 3.46 s · draft 156/200
                       accepted (78%) · max_tokens reached
22:51:09.549 INFO:     #73 chat/completions (stream): 992 prompt tokens ·
                       temperature: 0, greedy (req), max_tokens: 256 (req),
                       min_tokens: 256 (req)
22:51:11.121 INFO:     #66 chat/completions (stream): 256 tokens generated at
                       65.4 T/s · prompt 72 tokens, none cached, 72 new in 0.08
                       s · first token 0.09 s, total 4.00 s · draft 143/226
                       accepted (63%) · max_tokens reached
22:51:11.214 INFO:     #74 chat/completions (stream): 68 prompt tokens ·
                       temperature: 0, greedy (req), max_tokens: 256 (req),
                       min_tokens: 256 (req)
22:51:11.532 INFO:     #67 chat/completions (stream): 256 tokens generated at
                       68.3 T/s · prompt 127 tokens, none cached, 127 new in
                       0.11 s · first token 0.12 s, total 3.86 s · draft 150/212
                       accepted (71%) · max_tokens reached
22:51:11.600 INFO:     #75 chat/completions (stream): 785 prompt tokens ·
                       temperature: 0, greedy (req), max_tokens: 256 (req),
                       min_tokens: 256 (req)
22:51:11.943 INFO:     #69 chat/completions (stream): 256 tokens generated at
                       68.7 T/s · prompt 104 tokens, none cached, 104 new in
                       0.09 s · first token 0.10 s, total 3.82 s · draft 153/206
                       accepted (74%) · max_tokens reached
22:51:12.015 INFO:     #76 chat/completions (stream): 262 prompt tokens ·
                       temperature: 0, greedy (req), max_tokens: 256 (req),
                       min_tokens: 256 (req)
22:51:12.355 INFO:     #70 chat/completions (stream): 256 tokens generated at
                       65.5 T/s · prompt 67 tokens, none cached, 67 new in 0.07
                       s · first token 0.08 s, total 3.99 s · draft 150/212
                       accepted (71%) · max_tokens reached
22:51:12.379 INFO:     #68 chat/completions (stream): 256 tokens generated at
                       59.5 T/s · prompt 62 tokens, none cached, 62 new in 0.07
                       s · first token 0.08 s, total 4.38 s · draft 140/232
                       accepted (60%) · max_tokens reached
22:51:12.421 INFO:     #77 chat/completions (stream): 689 prompt tokens ·
                       temperature: 0, greedy (req), max_tokens: 256 (req),
                       min_tokens: 256 (req)
22:51:12.607 INFO:     #78 chat/completions (stream): 702 prompt tokens ·
                       temperature: 0, greedy (req), max_tokens: 256 (req),
                       min_tokens: 256 (req)
22:51:13.028 INFO:     #71 chat/completions (stream): 256 tokens generated at
                       72.6 T/s · prompt 676 tokens, none cached, 676 new in
                       0.49 s (1,380 T/s) · first token 0.50 s, total 4.02 s ·
                       draft 146/220 accepted (66%) · max_tokens reached
22:51:13.099 INFO:     #79 chat/completions (stream): 785 prompt tokens ·
                       temperature: 0, greedy (req), max_tokens: 256 (req),
                       min_tokens: 256 (req)
22:51:13.395 INFO:     #72 chat/completions (stream): 256 tokens generated at
                       62.1 T/s · prompt 802 tokens, none cached, 802 new in
                       0.28 s (2,864 T/s) · queued 0.10 s, first token 0.38 s,
                       total 4.51 s · draft 141/230 accepted (61%) · max_tokens
                       reached
22:51:13.464 INFO:     #80 chat/completions (stream): 67 prompt tokens ·
                       temperature: 0, greedy (req), max_tokens: 256 (req),
                       min_tokens: 256 (req)
22:51:13.707 INFO:     #73 chat/completions (stream): 256 tokens generated at
                       68.5 T/s · prompt 992 tokens, none cached, 992 new in
                       0.32 s (3,100 T/s) · first token 0.33 s, total 4.06 s ·
                       draft 156/200 accepted (78%) · max_tokens reached
22:51:13.777 INFO:     #81 chat/completions (stream): 724 prompt tokens ·
                       temperature: 0, greedy (req), max_tokens: 256 (req),
                       min_tokens: 256 (req)
22:51:15.446 INFO:     #74 chat/completions (stream): 256 tokens generated at
                       63.1 T/s · prompt 68 tokens, none cached, 68 new in 0.08
                       s · first token 0.09 s, total 4.14 s · draft 148/216
                       accepted (69%) · max_tokens reached
22:51:15.516 INFO:     #82 chat/completions (stream): 414 prompt tokens ·
                       temperature: 0, greedy (req), max_tokens: 256 (req),
                       min_tokens: 256 (req)
22:51:15.886 INFO:     #76 chat/completions (stream): 256 tokens generated at
                       71.1 T/s · prompt 262 tokens, none cached, 262 new in
                       0.18 s (1,456 T/s) · first token 0.19 s, total 3.78 s ·
                       draft 161/190 accepted (85%) · max_tokens reached
22:51:15.949 INFO:     #83 chat/completions (stream): 63 prompt tokens ·
                       temperature: 0, greedy (req), max_tokens: 256 (req),
                       min_tokens: 256 (req)
22:51:16.048 INFO:     #75 chat/completions (stream): 256 tokens generated at
                       63.5 T/s · prompt 785 tokens, none cached, 785 new in
                       0.25 s (3,140 T/s) · first token 0.26 s, total 4.29 s ·
                       draft 149/214 accepted (70%) · max_tokens reached
22:51:16.117 INFO:     #84 chat/completions (stream): 104 prompt tokens ·
                       temperature: 0, greedy (req), max_tokens: 256 (req),
                       min_tokens: 256 (req)
22:51:16.451 INFO:     #78 chat/completions (stream): 256 tokens generated at
                       76.3 T/s · prompt 702 tokens, none cached, 702 new in
                       0.29 s (2,421 T/s) · queued 0.11 s, first token 0.40 s,
                       total 3.75 s · draft 156/200 accepted (78%) · max_tokens
                       reached
22:51:16.518 INFO:     #85 chat/completions (stream): 666 prompt tokens ·
                       temperature: 0, greedy (req), max_tokens: 256 (req),
                       min_tokens: 256 (req)
22:51:16.519 INFO:     #79 chat/completions (stream): 256 tokens generated at
                       83.2 T/s · prompt 785 tokens, none cached, 785 new in
                       0.24 s (3,271 T/s) · first token 0.25 s, total 3.32 s ·
                       draft 158/196 accepted (81%) · max_tokens reached
22:51:16.852 INFO:     #86 chat/completions (stream): 90 prompt tokens ·
                       temperature: 0, greedy (req), max_tokens: 256 (req),
                       min_tokens: 256 (req)
22:51:17.028 INFO:     #77 chat/completions (stream): 256 tokens generated at
                       64.5 T/s · prompt 689 tokens, none cached, 689 new in
                       0.45 s (1,531 T/s) · first token 0.46 s, total 4.43 s ·
                       draft 145/222 accepted (65%) · max_tokens reached
22:51:17.050 INFO:     #80 chat/completions (stream): 256 tokens generated at
                       74.9 T/s · prompt 67 tokens, none cached, 67 new in 0.08
                       s · first token 0.09 s, total 3.50 s · draft 155/202
                       accepted (77%) · max_tokens reached
22:51:17.094 INFO:     #88 chat/completions (stream): 61 prompt tokens ·
                       temperature: 0, greedy (req), max_tokens: 256 (req),
                       min_tokens: 256 (req)
22:51:17.215 INFO:     #89 chat/completions (stream): 1,355 prompt tokens ·
                       temperature: 0, greedy (req), max_tokens: 256 (req),
                       min_tokens: 256 (req)
22:51:18.025 INFO:     #81 chat/completions (stream): 256 tokens generated at
                       66.2 T/s · prompt 724 tokens, none cached, 724 new in
                       0.29 s (2,497 T/s) · first token 0.30 s, total 4.16 s ·
                       draft 145/222 accepted (65%) · max_tokens reached
22:51:18.094 INFO:     #90 chat/completions (stream): 67 prompt tokens ·
                       temperature: 0, greedy (req), max_tokens: 256 (req),
                       min_tokens: 256 (req)
22:51:19.615 INFO:     #82 chat/completions (stream): 256 tokens generated at
                       68.3 T/s · prompt 414 tokens, none cached, 414 new in
                       0.25 s (1,656 T/s) · first token 0.26 s, total 4.01 s ·
                       draft 144/224 accepted (64%) · max_tokens reached
22:51:19.687 INFO:     #91 chat/completions (stream): 1,173 prompt tokens ·
                       temperature: 0, greedy (req), max_tokens: 256 (req),
                       min_tokens: 256 (req)
22:51:20.105 INFO:     #83 chat/completions (stream): 256 tokens generated at
                       70.0 T/s · prompt 63 tokens, none cached, 63 new in 0.07
                       s · first token 0.08 s, total 3.73 s · draft 145/222
                       accepted (65%) · max_tokens reached
22:51:20.127 INFO:     #84 chat/completions (stream): 256 tokens generated at
                       68.7 T/s · prompt 104 tokens, none cached, 104 new in
                       0.10 s · first token 0.10 s, total 3.83 s · draft 148/216
                       accepted (69%) · max_tokens reached
22:51:20.170 INFO:     #92 chat/completions (stream): 65 prompt tokens ·
                       temperature: 0, greedy (req), max_tokens: 256 (req),
                       min_tokens: 256 (req)
22:51:20.279 INFO:     #93 chat/completions (stream): 100 prompt tokens ·
                       temperature: 0, greedy (req), max_tokens: 256 (req),
                       min_tokens: 256 (req)
22:51:20.652 INFO:     #85 chat/completions (stream): 256 tokens generated at
                       68.1 T/s · prompt 666 tokens, none cached, 666 new in
                       0.28 s (2,379 T/s) · first token 0.29 s, total 4.04 s ·
                       draft 147/218 accepted (67%) · max_tokens reached
22:51:20.672 INFO:     #86 chat/completions (stream): 256 tokens generated at
                       70.3 T/s · prompt 90 tokens, none cached, 90 new in 0.09
                       s · first token 0.10 s, total 3.74 s · draft 148/216
                       accepted (69%) · max_tokens reached
22:51:20.710 INFO:     #94 chat/completions (stream): 110 prompt tokens ·
                       temperature: 0, greedy (req), max_tokens: 256 (req),
                       min_tokens: 256 (req)
22:51:20.835 INFO:     #95 chat/completions (stream): 112 prompt tokens ·
                       temperature: 0, greedy (req), max_tokens: 256 (req),
                       min_tokens: 256 (req)
22:51:20.835 INFO:     #88 chat/completions (stream): 256 tokens generated at
                       73.6 T/s · prompt 61 tokens, none cached, 61 new in 0.07
                       s · first token 0.08 s, total 3.56 s · draft 152/208
                       accepted (73%) · max_tokens reached
22:51:21.003 INFO:     #96 chat/completions (stream): 64 prompt tokens ·
                       temperature: 0, greedy (req), max_tokens: 256 (req),
                       min_tokens: 256 (req)
22:51:21.255 INFO:     #89 chat/completions (stream): 256 tokens generated at
                       72.5 T/s · prompt 1,355 tokens, none cached, 1,355 new in
                       0.40 s (3,388 T/s) · first token 0.41 s, total 3.94 s ·
                       draft 144/224 accepted (64%) · max_tokens reached
22:51:21.328 INFO:     #97 chat/completions (stream): 63 prompt tokens ·
                       temperature: 0, greedy (req), max_tokens: 256 (req),
                       min_tokens: 256 (req)
22:51:21.663 INFO:     #90 chat/completions (stream): 256 tokens generated at
                       75.4 T/s · prompt 67 tokens, none cached, 67 new in 0.08
                       s · first token 0.09 s, total 3.48 s · draft 150/212
                       accepted (71%) · max_tokens reached
22:51:21.734 INFO:     #98 chat/completions (stream): 794 prompt tokens ·
                       temperature: 0, greedy (req), max_tokens: 256 (req),
                       min_tokens: 256 (req)
22:51:23.490 INFO:     #93 chat/completions (stream): 256 tokens generated at
                       84.8 T/s · prompt 100 tokens, none cached, 100 new in
                       0.09 s · first token 0.10 s, total 3.12 s · draft 154/204
                       accepted (75%) · max_tokens reached
22:51:23.562 INFO:     #99 chat/completions (stream): 440 prompt tokens ·
                       temperature: 0, greedy (req), max_tokens: 256 (req),
                       min_tokens: 256 (req)
22:51:23.916 INFO:     #91 chat/completions (stream): 256 tokens generated at
                       69.7 T/s · prompt 1,173 tokens, none cached, 1,173 new in
                       0.35 s (3,351 T/s) · first token 0.36 s, total 4.03 s ·
                       draft 139/234 accepted (59%) · max_tokens reached
22:51:23.986 INFO:     #100 chat/completions (stream): 65 prompt tokens ·
                       temperature: 0, greedy (req), max_tokens: 256 (req),
                       min_tokens: 256 (req)
22:51:24.230 INFO:     #95 chat/completions (stream): 256 tokens generated at
                       80.0 T/s · prompt 112 tokens, none cached, 112 new in
                       0.09 s · first token 0.10 s, total 3.29 s · draft 152/208
                       accepted (73%) · max_tokens reached
22:51:24.289 INFO:     #101 chat/completions (stream): 1,320 prompt tokens ·
                       temperature: 0, greedy (req), max_tokens: 256 (req),
                       min_tokens: 256 (req)
22:51:24.290 INFO:     #96 chat/completions (stream): 256 tokens generated at
                       81.8 T/s · prompt 64 tokens, none cached, 64 new in 0.07
                       s · first token 0.08 s, total 3.20 s · draft 152/208
                       accepted (73%) · max_tokens reached
22:51:24.689 INFO:     #94 chat/completions (stream): 256 tokens generated at
                       74.5 T/s · prompt 110 tokens, none cached, 110 new in
                       0.10 s · first token 0.11 s, total 3.54 s · draft 146/220
                       accepted (66%) · max_tokens reached
22:51:24.707 INFO:     #102 chat/completions (stream): 795 prompt tokens ·
                       temperature: 0, greedy (req), max_tokens: 256 (req),
                       min_tokens: 256 (req)
22:51:24.709 INFO:     #92 chat/completions (stream): 256 tokens generated at
                       63.8 T/s · prompt 65 tokens, none cached, 65 new in 0.08
                       s · first token 0.09 s, total 4.10 s · draft 129/254
                       accepted (51%) · max_tokens reached
22:51:24.975 INFO:     #103 chat/completions (stream): 267 prompt tokens ·
                       temperature: 0, greedy (req), max_tokens: 256 (req),
                       min_tokens: 256 (req)
22:51:25.127 INFO:     #104 chat/completions (stream): 300 prompt tokens ·
                       temperature: 0, greedy (req), max_tokens: 256 (req),
                       min_tokens: 256 (req)
22:51:25.554 INFO:     #97 chat/completions (stream): 256 tokens generated at
                       63.1 T/s · prompt 63 tokens, none cached, 63 new in 0.07
                       s · first token 0.08 s, total 4.14 s · draft 148/218
                       accepted (68%) · max_tokens reached
22:51:25.621 INFO:     #105 chat/completions (stream): 73 prompt tokens ·
                       temperature: 0, greedy (req), max_tokens: 256 (req),
                       min_tokens: 256 (req)
22:51:25.839 INFO:     #98 chat/completions (stream): 256 tokens generated at
                       68.0 T/s · prompt 794 tokens, none cached, 794 new in
                       0.24 s (3,308 T/s) · first token 0.25 s, total 4.01 s ·
                       draft 154/206 accepted (75%) · max_tokens reached
22:51:25.908 INFO:     #106 chat/completions (stream): 64 prompt tokens ·
                       temperature: 0, greedy (req), max_tokens: 256 (req),
                       min_tokens: 256 (req)
22:51:27.558 INFO:     #99 chat/completions (stream): 256 tokens generated at
                       70.3 T/s · prompt 440 tokens, none cached, 440 new in
                       0.26 s (1,692 T/s) · first token 0.27 s, total 3.91 s ·
                       draft 152/210 accepted (72%) · max_tokens reached
22:51:27.628 INFO:     #107 chat/completions (stream): 121 prompt tokens ·
                       temperature: 0, greedy (req), max_tokens: 256 (req),
                       min_tokens: 256 (req)
22:51:27.827 INFO:     #100 chat/completions (stream): 256 tokens generated at
                       71.8 T/s · prompt 65 tokens, none cached, 65 new in 0.07
                       s · first token 0.08 s, total 3.64 s · draft 152/210
                       accepted (72%) · max_tokens reached
22:51:27.898 INFO:     #108 chat/completions (stream): 464 prompt tokens ·
                       temperature: 0, greedy (req), max_tokens: 256 (req),
                       min_tokens: 256 (req)
22:51:28.281 INFO:     #102 chat/completions (stream): 256 tokens generated at
                       82.5 T/s · prompt 795 tokens, none cached, 795 new in
                       0.24 s (3,312 T/s) · first token 0.25 s, total 3.35 s ·
                       draft 158/196 accepted (81%) · max_tokens reached
22:51:28.348 INFO:     #109 chat/completions (stream): 443 prompt tokens ·
                       temperature: 0, greedy (req), max_tokens: 256 (req),
                       min_tokens: 256 (req)
22:51:28.506 INFO:     #103 chat/completions (stream): 256 tokens generated at
                       86.2 T/s · prompt 267 tokens, none cached, 267 new in
                       0.33 s (809 T/s) · first token 0.34 s, total 3.30 s ·
                       draft 156/200 accepted (78%) · max_tokens reached
22:51:28.677 INFO:     #110 chat/completions (stream): 74 prompt tokens ·
                       temperature: 0, greedy (req), max_tokens: 256 (req),
                       min_tokens: 256 (req)
22:51:28.853 INFO:     #104 chat/completions (stream): 256 tokens generated at
                       78.1 T/s · prompt 300 tokens, none cached, 300 new in
                       0.24 s (1,250 T/s) · first token 0.27 s, total 3.54 s ·
                       draft 150/212 accepted (71%) · max_tokens reached
22:51:28.912 INFO:     #111 chat/completions (stream): 153 prompt tokens ·
                       temperature: 0, greedy (req), max_tokens: 256 (req),
                       min_tokens: 256 (req)
22:51:28.913 INFO:     #101 chat/completions (stream): 256 tokens generated at
                       61.6 T/s · prompt 1,320 tokens, none cached, 1,320 new in
                       0.37 s (3,568 T/s) · first token 0.38 s, total 4.53 s ·
                       draft 141/230 accepted (61%) · max_tokens reached
22:51:29.056 INFO:     #105 chat/completions (stream): 256 tokens generated at
                       80.8 T/s · prompt 73 tokens, none cached, 73 new in 0.08
                       s · first token 0.09 s, total 3.25 s · draft 155/202
                       accepted (77%) · max_tokens reached
22:51:29.078 INFO:     #112 chat/completions (stream): 63 prompt tokens ·
                       temperature: 0, greedy (req), max_tokens: 256 (req),
                       min_tokens: 256 (req)
22:51:29.208 INFO:     #113 chat/completions (stream): 729 prompt tokens ·
                       temperature: 0, greedy (req), max_tokens: 256 (req),
                       min_tokens: 256 (req)
22:51:30.002 INFO:     #106 chat/completions (stream): 256 tokens generated at
                       65.3 T/s · prompt 64 tokens, none cached, 64 new in 0.07
                       s · first token 0.07 s, total 4.00 s · draft 140/232
                       accepted (60%) · max_tokens reached
22:51:30.077 INFO:     #114 chat/completions (stream): 789 prompt tokens ·
                       temperature: 0, greedy (req), max_tokens: 256 (req),
                       min_tokens: 256 (req)
22:51:31.573 INFO:     #107 chat/completions (stream): 256 tokens generated at
                       68.3 T/s · prompt 121 tokens, none cached, 121 new in
                       0.10 s · first token 0.11 s, total 3.85 s · draft 158/196
                       accepted (81%) · max_tokens reached
22:51:31.643 INFO:     #115 chat/completions (stream): 168 prompt tokens ·
                       temperature: 0, greedy (req), max_tokens: 256 (req),
                       min_tokens: 256 (req)
22:51:32.059 INFO:     #108 chat/completions (stream): 256 tokens generated at
                       67.5 T/s · prompt 464 tokens, none cached, 464 new in
                       0.27 s (1,719 T/s) · first token 0.28 s, total 4.07 s ·
                       draft 150/212 accepted (71%) · max_tokens reached
22:51:32.131 INFO:     #117 chat/completions (stream): 143 prompt tokens ·
                       temperature: 0, greedy (req), max_tokens: 256 (req),
                       min_tokens: 256 (req)
22:51:32.459 INFO:     #110 chat/completions (stream): 256 tokens generated at
                       70.9 T/s · prompt 74 tokens, none cached, 74 new in 0.08
                       s · first token 0.09 s, total 3.70 s · draft 149/214
                       accepted (70%) · max_tokens reached
22:51:32.460 INFO:     #111 chat/completions (stream): 256 tokens generated at
                       76.2 T/s · prompt 153 tokens, none cached, 153 new in
                       0.09 s · first token 0.10 s, total 3.46 s · draft 156/200
                       accepted (78%) · max_tokens reached
22:51:32.527 INFO:     #118 chat/completions (stream): 273 prompt tokens ·
                       temperature: 0, greedy (req), max_tokens: 256 (req),
                       min_tokens: 256 (req)
22:51:32.528 INFO:     #119 chat/completions (stream): 118 prompt tokens ·
                       temperature: 0, greedy (req), max_tokens: 256 (req),
                       min_tokens: 256 (req)
22:51:32.899 INFO:     #109 chat/completions (stream): 256 tokens generated at
                       61.2 T/s · prompt 443 tokens, none cached, 443 new in
                       0.26 s (1,704 T/s) · first token 0.27 s, total 4.45 s ·
                       draft 138/236 accepted (58%) · max_tokens reached
22:51:32.963 INFO:     #120 chat/completions (stream): 87 prompt tokens ·
                       temperature: 0, greedy (req), max_tokens: 256 (req),
                       min_tokens: 256 (req)
22:51:33.099 INFO:     #112 chat/completions (stream): 256 tokens generated at
                       68.0 T/s · prompt 63 tokens, none cached, 63 new in 0.07
                       s · first token 0.08 s, total 3.84 s · draft 146/220
                       accepted (66%) · max_tokens reached
22:51:33.166 INFO:     #121 chat/completions (stream): 130 prompt tokens ·
                       temperature: 0, greedy (req), max_tokens: 256 (req),
                       min_tokens: 256 (req)
22:51:33.409 INFO:     #113 chat/completions (stream): 256 tokens generated at
                       67.3 T/s · prompt 729 tokens, none cached, 729 new in
                       0.30 s (2,430 T/s) · first token 0.31 s, total 4.11 s ·
                       draft 141/230 accepted (61%) · max_tokens reached
22:51:33.485 INFO:     #122 chat/completions (stream): 63 prompt tokens ·
                       temperature: 0, greedy (req), max_tokens: 256 (req),
                       min_tokens: 256 (req)
22:51:33.771 INFO:     #114 chat/completions (stream): 256 tokens generated at
                       76.4 T/s · prompt 789 tokens, none cached, 789 new in
                       0.24 s (3,288 T/s) · first token 0.25 s, total 3.60 s ·
                       draft 153/206 accepted (74%) · max_tokens reached
22:51:33.840 INFO:     #123 chat/completions (stream): 67 prompt tokens ·
                       temperature: 0, greedy (req), max_tokens: 256 (req),
                       min_tokens: 256 (req)
22:51:34.881 INFO:     #115 chat/completions (stream): 256 tokens generated at
                       84.2 T/s · prompt 168 tokens, none cached, 168 new in
                       0.10 s · first token 0.11 s, total 3.15 s · draft 159/194
                       accepted (82%) · max_tokens reached
22:51:34.952 INFO:     #124 chat/completions (stream): 61 prompt tokens ·
                       temperature: 0, greedy (req), max_tokens: 256 (req),
                       min_tokens: 256 (req)
22:51:35.739 INFO:     #120 chat/completions (stream): 256 tokens generated at
                       98.7 T/s · prompt 87 tokens, none cached, 87 new in 0.09
                       s · first token 0.10 s, total 2.69 s · draft 163/186
                       accepted (88%) · max_tokens reached
22:51:35.803 INFO:     #125 chat/completions (stream): 96 prompt tokens ·
                       temperature: 0, greedy (req), max_tokens: 256 (req),
                       min_tokens: 256 (req)
22:51:35.921 INFO:     #118 chat/completions (stream): 256 tokens generated at
                       87.5 T/s · prompt 273 tokens, none cached, 273 new in
                       0.27 s (1,011 T/s) · first token 0.28 s, total 3.21 s ·
                       draft 152/208 accepted (73%) · max_tokens reached
22:51:35.984 INFO:     #126 chat/completions (stream): 497 prompt tokens ·
                       temperature: 0, greedy (req), max_tokens: 256 (req),
                       min_tokens: 256 (req)
22:51:36.140 INFO:     #121 chat/completions (stream): 256 tokens generated at
                       97.6 T/s · prompt 130 tokens, none cached, 130 new in
                       0.13 s · first token 0.14 s, total 2.76 s · draft 160/192
                       accepted (83%) · max_tokens reached
22:51:36.299 INFO:     #117 chat/completions (stream): 256 tokens generated at
                       68.9 T/s · prompt 143 tokens, none cached, 143 new in
                       0.11 s · first token 0.12 s, total 3.83 s · draft 133/246
                       accepted (54%) · max_tokens reached
22:51:36.320 INFO:     #127 chat/completions (stream): 357 prompt tokens ·
                       temperature: 0, greedy (req), max_tokens: 256 (req),
                       min_tokens: 256 (req)
22:51:36.592 INFO:     #128 chat/completions (stream): 82 prompt tokens ·
                       temperature: 0, greedy (req), max_tokens: 256 (req),
                       min_tokens: 256 (req)
22:51:36.790 INFO:     #119 chat/completions (stream): 256 tokens generated at
                       65.2 T/s · prompt 118 tokens, none cached, 118 new in
                       0.10 s · queued 0.14 s, first token 0.24 s, total 4.17 s
                       · draft 137/238 accepted (58%) · max_tokens reached
22:51:36.859 INFO:     #129 chat/completions (stream): 851 prompt tokens ·
                       temperature: 0, greedy (req), max_tokens: 256 (req),
                       min_tokens: 256 (req)
22:51:37.393 INFO:     #122 chat/completions (stream): 256 tokens generated at
                       68.4 T/s · prompt 63 tokens, none cached, 63 new in 0.07
                       s · first token 0.08 s, total 3.82 s · draft 145/222
                       accepted (65%) · max_tokens reached
22:51:37.437 INFO:     #123 chat/completions (stream): 256 tokens generated at
                       74.7 T/s · prompt 67 tokens, none cached, 67 new in 0.08
                       s · first token 0.09 s, total 3.51 s · draft 155/202
                       accepted (77%) · max_tokens reached
22:51:37.460 INFO:     #130 chat/completions (stream): 121 prompt tokens ·
                       temperature: 0, greedy (req), max_tokens: 256 (req),
                       min_tokens: 256 (req)
22:51:37.612 INFO:     #131 chat/completions (stream): 62 prompt tokens ·
                       temperature: 0, greedy (req), max_tokens: 256 (req),
                       min_tokens: 256 (req)
22:51:38.930 INFO:     #124 chat/completions (stream): 256 tokens generated at
                       67.2 T/s · prompt 61 tokens, none cached, 61 new in 0.07
                       s · first token 0.08 s, total 3.89 s · draft 144/224
                       accepted (64%) · max_tokens reached
22:51:38.999 INFO:     #132 chat/completions (stream): 95 prompt tokens ·
                       temperature: 0, greedy (req), max_tokens: 256 (req),
                       min_tokens: 256 (req)
22:51:39.522 INFO:     #125 chat/completions (stream): 256 tokens generated at
                       72.5 T/s · prompt 96 tokens, none cached, 96 new in 0.09
                       s · first token 0.10 s, total 3.63 s · draft 156/200
                       accepted (78%) · max_tokens reached
22:51:39.595 INFO:     #133 chat/completions (stream): 61 prompt tokens ·
                       temperature: 0, greedy (req), max_tokens: 256 (req),
                       min_tokens: 256 (req)
22:51:39.860 INFO:     #126 chat/completions (stream): 256 tokens generated at
                       72.9 T/s · prompt 497 tokens, none cached, 497 new in
                       0.27 s (1,841 T/s) · first token 0.28 s, total 3.79 s ·
                       draft 150/212 accepted (71%) · max_tokens reached
22:51:39.929 INFO:     #134 chat/completions (stream): 1,431 prompt tokens ·
                       temperature: 0, greedy (req), max_tokens: 256 (req),
                       min_tokens: 256 (req)
22:51:40.237 INFO:     #127 chat/completions (stream): 256 tokens generated at
                       77.8 T/s · prompt 357 tokens, none cached, 357 new in
                       0.24 s (1,488 T/s) · first token 0.25 s, total 3.54 s ·
                       draft 150/212 accepted (71%) · max_tokens reached
22:51:40.407 INFO:     #135 chat/completions (stream): 670 prompt tokens ·
                       temperature: 0, greedy (req), max_tokens: 256 (req),
                       min_tokens: 256 (req)
22:51:40.729 INFO:     #128 chat/completions (stream): 256 tokens generated at
                       69.2 T/s · prompt 82 tokens, none cached, 82 new in 0.08
                       s · first token 0.09 s, total 3.79 s · draft 145/222
                       accepted (65%) · max_tokens reached
22:51:40.797 INFO:     #136 chat/completions (stream): 393 prompt tokens ·
                       temperature: 0, greedy (req), max_tokens: 256 (req),
                       min_tokens: 256 (req)
22:51:41.105 INFO:     #130 chat/completions (stream): 256 tokens generated at
                       79.8 T/s · prompt 121 tokens, none cached, 121 new in
                       0.10 s · first token 0.11 s, total 3.31 s · draft 160/192
                       accepted (83%) · max_tokens reached
22:51:41.128 INFO:     #129 chat/completions (stream): 256 tokens generated at
                       70.7 T/s · prompt 851 tokens, none cached, 851 new in
                       0.31 s (2,745 T/s) · first token 0.32 s, total 3.94 s ·
                       draft 147/218 accepted (67%) · max_tokens reached
22:51:41.170 INFO:     #137 chat/completions (stream): 242 prompt tokens ·
                       temperature: 0, greedy (req), max_tokens: 256 (req),
                       min_tokens: 256 (req)
22:51:41.325 INFO:     #138 chat/completions (stream): 199 prompt tokens ·
                       temperature: 0, greedy (req), max_tokens: 256 (req),
                       min_tokens: 256 (req)
22:51:41.718 INFO:     #131 chat/completions (stream): 256 tokens generated at
                       65.0 T/s · prompt 62 tokens, none cached, 62 new in 0.07
                       s · first token 0.08 s, total 4.01 s · draft 146/220
                       accepted (66%) · max_tokens reached
22:51:41.787 INFO:     #139 chat/completions (stream): 412 prompt tokens ·
                       temperature: 0, greedy (req), max_tokens: 256 (req),
                       min_tokens: 256 (req)
22:51:43.064 INFO:     #132 chat/completions (stream): 256 tokens generated at
                       66.0 T/s · prompt 95 tokens, none cached, 95 new in 0.09
                       s · first token 0.10 s, total 3.97 s · draft 154/204
                       accepted (75%) · max_tokens reached
22:51:43.147 INFO:     #140 chat/completions (stream): 109 prompt tokens ·
                       temperature: 0, greedy (req), max_tokens: 256 (req),
                       min_tokens: 256 (req)
22:51:44.085 INFO:     #135 chat/completions (stream): 256 tokens generated at
                       77.2 T/s · prompt 670 tokens, none cached, 670 new in
                       0.27 s (2,481 T/s) · first token 0.28 s, total 3.59 s ·
                       draft 153/206 accepted (74%) · max_tokens reached
22:51:44.086 INFO:     #137 chat/completions (stream): 256 tokens generated at
                       94.9 T/s · prompt 242 tokens, none cached, 242 new in
                       0.13 s · first token 0.14 s, total 2.83 s · draft 164/184
                       accepted (89%) · max_tokens reached
22:51:44.142 INFO:     #141 chat/completions (stream): 92 prompt tokens ·
                       temperature: 0, greedy (req), max_tokens: 256 (req),
                       min_tokens: 256 (req)
22:51:44.143 INFO:     #142 chat/completions (stream): 98 prompt tokens ·
                       temperature: 0, greedy (req), max_tokens: 256 (req),
                       min_tokens: 256 (req)
22:51:44.351 INFO:     #133 chat/completions (stream): 256 tokens generated at
                       58.0 T/s · prompt 61 tokens, none cached, 61 new in 0.07
                       s · first token 0.08 s, total 4.49 s · draft 133/246
                       accepted (54%) · max_tokens reached
22:51:44.412 INFO:     #143 chat/completions (stream): 91 prompt tokens ·
                       temperature: 0, greedy (req), max_tokens: 256 (req),
                       min_tokens: 256 (req)
22:51:44.412 INFO:     #134 chat/completions (stream): 256 tokens generated at
                       67.3 T/s · prompt 1,431 tokens, none cached, 1,431 new in
                       0.40 s (3,578 T/s) · first token 0.41 s, total 4.21 s ·
                       draft 142/228 accepted (62%) · max_tokens reached
22:51:44.575 INFO:     #144 chat/completions (stream): 774 prompt tokens ·
                       temperature: 0, greedy (req), max_tokens: 256 (req),
                       min_tokens: 256 (req)
22:51:45.048 INFO:     #138 chat/completions (stream): 256 tokens generated at
                       72.8 T/s · prompt 199 tokens, none cached, 199 new in
                       0.11 s · first token 0.12 s, total 3.63 s · draft 144/224
                       accepted (64%) · max_tokens reached
22:51:45.113 INFO:     #145 chat/completions (stream): 823 prompt tokens ·
                       temperature: 0, greedy (req), max_tokens: 256 (req),
                       min_tokens: 256 (req)
22:51:45.425 INFO:     #136 chat/completions (stream): 256 tokens generated at
                       63.9 T/s · prompt 393 tokens, none cached, 393 new in
                       0.26 s (1,512 T/s) · first token 0.27 s, total 4.27 s ·
                       draft 133/246 accepted (54%) · max_tokens reached
22:51:45.448 INFO:     #139 chat/completions (stream): 256 tokens generated at
                       83.9 T/s · prompt 412 tokens, none cached, 412 new in
                       0.25 s (1,648 T/s) · first token 0.26 s, total 3.31 s ·
                       draft 154/204 accepted (75%) · max_tokens reached
22:51:45.491 INFO:     #146 chat/completions (stream): 75 prompt tokens ·
                       temperature: 0, greedy (req), max_tokens: 256 (req),
                       min_tokens: 256 (req)
22:51:45.599 INFO:     #147 chat/completions (stream): 819 prompt tokens ·
                       temperature: 0, greedy (req), max_tokens: 256 (req),
                       min_tokens: 256 (req)
22:51:46.778 INFO:     #140 chat/completions (stream): 256 tokens generated at
                       74.7 T/s · prompt 109 tokens, none cached, 109 new in
                       0.10 s · first token 0.11 s, total 3.54 s · draft 158/196
                       accepted (81%) · max_tokens reached
22:51:46.846 INFO:     #148 chat/completions (stream): 125 prompt tokens ·
                       temperature: 0, greedy (req), max_tokens: 256 (req),
                       min_tokens: 256 (req)
22:51:47.775 INFO:     #142 chat/completions (stream): 256 tokens generated at
                       76.4 T/s · prompt 98 tokens, none cached, 98 new in 0.09
                       s · queued 0.10 s, first token 0.19 s, total 3.54 s ·
                       draft 159/194 accepted (82%) · max_tokens reached
22:51:47.845 INFO:     #150 chat/completions (stream): 763 prompt tokens ·
                       temperature: 0, greedy (req), max_tokens: 256 (req),
                       min_tokens: 256 (req)
22:51:48.181 INFO:     #143 chat/completions (stream): 256 tokens generated at
                       77.8 T/s · prompt 91 tokens, none cached, 91 new in 0.09
                       s · first token 0.10 s, total 3.39 s · draft 158/196
                       accepted (81%) · max_tokens reached
22:51:48.281 INFO:     #151 chat/completions (stream): 65 prompt tokens ·
                       temperature: 0, greedy (req), max_tokens: 256 (req),
                       min_tokens: 256 (req)
22:51:48.501 INFO:     #144 chat/completions (stream): 256 tokens generated at
                       71.2 T/s · prompt 774 tokens, none cached, 774 new in
                       0.23 s (3,365 T/s) · first token 0.24 s, total 3.83 s ·
                       draft 153/206 accepted (74%) · max_tokens reached
22:51:48.574 INFO:     #152 chat/completions (stream): 536 prompt tokens ·
                       temperature: 0, greedy (req), max_tokens: 256 (req),
                       min_tokens: 256 (req)
22:51:48.917 INFO:     #141 chat/completions (stream): 256 tokens generated at
                       56.9 T/s · prompt 92 tokens, none cached, 92 new in 0.18
                       s · first token 0.19 s, total 4.69 s · draft 135/242
                       accepted (56%) · max_tokens reached
22:51:48.939 INFO:     #145 chat/completions (stream): 256 tokens generated at
                       74.2 T/s · prompt 823 tokens, none cached, 823 new in
                       0.28 s (2,939 T/s) · first token 0.29 s, total 3.73 s ·
                       draft 156/200 accepted (78%) · max_tokens reached
22:51:48.982 INFO:     #153 chat/completions (stream): 106 prompt tokens ·
                       temperature: 0, greedy (req), max_tokens: 256 (req),
                       min_tokens: 256 (req)
22:51:49.105 INFO:     #154 chat/completions (stream): 70 prompt tokens ·
                       temperature: 0, greedy (req), max_tokens: 256 (req),
                       min_tokens: 256 (req)
22:51:49.293 INFO:     #146 chat/completions (stream): 256 tokens generated at
                       70.5 T/s · prompt 75 tokens, none cached, 75 new in 0.08
                       s · first token 0.09 s, total 3.72 s · draft 152/208
                       accepted (73%) · max_tokens reached
22:51:49.294 INFO:     #147 chat/completions (stream): 256 tokens generated at
                       77.2 T/s · prompt 819 tokens, none cached, 819 new in
                       0.29 s (2,824 T/s) · first token 0.30 s, total 3.61 s ·
                       draft 154/204 accepted (75%) · max_tokens reached
22:51:49.363 INFO:     #155 chat/completions (stream): 1,053 prompt tokens ·
                       temperature: 0, greedy (req), max_tokens: 256 (req),
                       min_tokens: 256 (req)
22:51:49.365 INFO:     #156 chat/completions (stream): 1,100 prompt tokens ·
                       temperature: 0, greedy (req), max_tokens: 256 (req),
                       min_tokens: 256 (req)
22:51:50.672 INFO:     #148 chat/completions (stream): 256 tokens generated at
                       70.6 T/s · prompt 125 tokens, none cached, 125 new in
                       0.10 s · first token 0.11 s, total 3.73 s · draft 161/190
                       accepted (85%) · max_tokens reached
22:51:50.742 INFO:     #157 chat/completions (stream): 411 prompt tokens ·
                       temperature: 0, greedy (req), max_tokens: 256 (req),
                       min_tokens: 256 (req)
22:51:52.017 INFO:     #150 chat/completions (stream): 256 tokens generated at
                       68.0 T/s · prompt 763 tokens, none cached, 763 new in
                       0.31 s (2,461 T/s) · first token 0.32 s, total 4.08 s ·
                       draft 153/206 accepted (74%) · max_tokens reached
22:51:52.086 INFO:     #158 chat/completions (stream): 128 prompt tokens ·
                       temperature: 0, greedy (req), max_tokens: 256 (req),
                       min_tokens: 256 (req)
22:51:52.468 INFO:     #151 chat/completions (stream): 256 tokens generated at
                       63.7 T/s · prompt 65 tokens, none cached, 65 new in 0.07
                       s · first token 0.08 s, total 4.10 s · draft 142/228
                       accepted (62%) · max_tokens reached
22:51:52.491 INFO:     #152 chat/completions (stream): 256 tokens generated at
                       70.7 T/s · prompt 536 tokens, none cached, 536 new in
                       0.20 s (2,680 T/s) · first token 0.21 s, total 3.83 s ·
                       draft 151/210 accepted (72%) · max_tokens reached
22:51:52.534 INFO:     #159 chat/completions (stream): 84 prompt tokens ·
                       temperature: 0, greedy (req), max_tokens: 256 (req),
                       min_tokens: 256 (req)
22:51:52.647 INFO:     #160 chat/completions (stream): 74 prompt tokens ·
                       temperature: 0, greedy (req), max_tokens: 256 (req),
                       min_tokens: 256 (req)
22:51:52.842 INFO:     #153 chat/completions (stream): 256 tokens generated at
                       69.8 T/s · prompt 106 tokens, none cached, 106 new in
                       0.10 s · first token 0.11 s, total 3.77 s · draft 152/208
                       accepted (73%) · max_tokens reached
22:51:52.878 INFO:     #154 chat/completions (stream): 256 tokens generated at
                       70.9 T/s · prompt 70 tokens, none cached, 70 new in 0.08
                       s · first token 0.09 s, total 3.69 s · draft 151/210
                       accepted (72%) · max_tokens reached
22:51:52.897 INFO:     #161 chat/completions (stream): 61 prompt tokens ·
                       temperature: 0, greedy (req), max_tokens: 256 (req),
                       min_tokens: 256 (req)
22:51:52.993 INFO:     #156 chat/completions (stream): 256 tokens generated at
                       89.3 T/s · prompt 1,100 tokens, none cached, 1,100 new in
                       0.37 s (2,973 T/s) · queued 0.24 s, first token 0.61 s,
                       total 3.48 s · draft 158/196 accepted (81%) · max_tokens
                       reached
22:51:53.015 INFO:     #162 chat/completions (stream): 80 prompt tokens ·
                       temperature: 0, greedy (req), max_tokens: 256 (req),
                       min_tokens: 256 (req)
22:51:53.147 INFO:     #163 chat/completions (stream): 112 prompt tokens ·
                       temperature: 0, greedy (req), max_tokens: 256 (req),
                       min_tokens: 256 (req)
22:51:53.412 INFO:     #155 chat/completions (stream): 256 tokens generated at
                       76.5 T/s · prompt 1,053 tokens, none cached, 1,053 new in
                       0.60 s (1,755 T/s) · first token 0.61 s, total 3.96 s ·
                       draft 148/216 accepted (69%) · max_tokens reached
22:51:53.481 INFO:     #164 chat/completions (stream): 83 prompt tokens ·
                       temperature: 0, greedy (req), max_tokens: 256 (req),
                       min_tokens: 256 (req)
22:51:53.936 INFO:     #157 chat/completions (stream): 256 tokens generated at
                       90.0 T/s · prompt 411 tokens, none cached, 411 new in
                       0.25 s (1,644 T/s) · first token 0.26 s, total 3.10 s ·
                       draft 163/186 accepted (88%) · max_tokens reached
22:51:54.007 INFO:     #165 chat/completions (stream): 100 prompt tokens ·
                       temperature: 0, greedy (req), max_tokens: 256 (req),
                       min_tokens: 256 (req)
22:51:55.060 INFO:     #158 chat/completions (stream): 256 tokens generated at
                       92.3 T/s · prompt 128 tokens, none cached, 128 new in
                       0.10 s · first token 0.11 s, total 2.88 s · draft 165/182
                       accepted (91%) · max_tokens reached
22:51:55.131 INFO:     #166 chat/completions (stream): 127 prompt tokens ·
                       temperature: 0, greedy (req), max_tokens: 256 (req),
                       min_tokens: 256 (req)
22:51:55.722 INFO:     #162 chat/completions (stream): 256 tokens generated at
                       101.3 T/s · prompt 80 tokens, none cached, 80 new in 0.08
                       s · first token 0.09 s, total 2.61 s · draft 168/176
                       accepted (95%) · max_tokens reached
22:51:55.792 INFO:     #167 chat/completions (stream): 90 prompt tokens ·
                       temperature: 0, greedy (req), max_tokens: 256 (req),
                       min_tokens: 256 (req)
22:51:56.046 INFO:     #163 chat/completions (stream): 256 tokens generated at
                       94.6 T/s · prompt 112 tokens, none cached, 112 new in
                       0.10 s · first token 0.10 s, total 2.81 s · draft 160/192
                       accepted (83%) · max_tokens reached
22:51:56.111 INFO:     #168 chat/completions (stream): 63 prompt tokens ·
                       temperature: 0, greedy (req), max_tokens: 256 (req),
                       min_tokens: 256 (req)
22:51:56.207 INFO:     #161 chat/completions (stream): 256 tokens generated at
                       83.3 T/s · prompt 61 tokens, none cached, 61 new in 0.07
                       s · first token 0.08 s, total 3.15 s · draft 152/208
                       accepted (73%) · max_tokens reached
22:51:56.271 INFO:     #169 chat/completions (stream): 104 prompt tokens ·
                       temperature: 0, greedy (req), max_tokens: 256 (req),
                       min_tokens: 256 (req)
22:51:56.272 INFO:     #159 chat/completions (stream): 256 tokens generated at
                       73.4 T/s · prompt 84 tokens, none cached, 84 new in 0.08
                       s · first token 0.09 s, total 3.57 s · draft 140/232
                       accepted (60%) · max_tokens reached
22:51:56.442 INFO:     #170 chat/completions (stream): 80 prompt tokens ·
                       temperature: 0, greedy (req), max_tokens: 256 (req),
                       min_tokens: 256 (req)
22:51:56.665 INFO:     #160 chat/completions (stream): 256 tokens generated at
                       66.6 T/s · prompt 74 tokens, none cached, 74 new in 0.08
                       s · first token 0.09 s, total 3.93 s · draft 132/248
                       accepted (53%) · max_tokens reached
22:51:56.736 INFO:     #171 chat/completions (stream): 82 prompt tokens ·
                       temperature: 0, greedy (req), max_tokens: 256 (req),
                       min_tokens: 256 (req)
22:51:56.988 INFO:     #164 chat/completions (stream): 256 tokens generated at
                       77.0 T/s · prompt 83 tokens, none cached, 83 new in 0.08
                       s · first token 0.09 s, total 3.41 s · draft 144/224
                       accepted (64%) · max_tokens reached
22:51:57.053 INFO:     #172 chat/completions (stream): 809 prompt tokens ·
                       temperature: 0, greedy (req), max_tokens: 256 (req),
                       min_tokens: 256 (req)
22:51:57.279 INFO:     #165 chat/completions (stream): 256 tokens generated at
                       88.9 T/s · prompt 100 tokens, none cached, 100 new in
                       0.09 s · first token 0.10 s, total 2.98 s · draft 158/196
                       accepted (81%) · max_tokens reached
22:51:57.412 INFO:     #173 chat/completions (stream): 77 prompt tokens ·
                       temperature: 0, greedy (req), max_tokens: 256 (req),
                       min_tokens: 256 (req)
22:51:58.331 INFO:     #166 chat/completions (stream): 256 tokens generated at
                       85.4 T/s · prompt 127 tokens, none cached, 127 new in
                       0.10 s · first token 0.11 s, total 3.10 s · draft 164/184
                       accepted (89%) · max_tokens reached
22:51:58.403 INFO:     #174 chat/completions (stream): 64 prompt tokens ·
                       temperature: 0, greedy (req), max_tokens: 256 (req),
                       min_tokens: 256 (req)
22:51:59.383 INFO:     #167 chat/completions (stream): 256 tokens generated at
                       75.2 T/s · prompt 90 tokens, none cached, 90 new in 0.09
                       s · first token 0.10 s, total 3.50 s · draft 148/216
                       accepted (69%) · max_tokens reached
22:51:59.454 INFO:     #175 chat/completions (stream): 104 prompt tokens ·
                       temperature: 0, greedy (req), max_tokens: 256 (req),
                       min_tokens: 256 (req)
22:51:59.864 INFO:     #170 chat/completions (stream): 256 tokens generated at
                       78.8 T/s · prompt 80 tokens, none cached, 80 new in 0.08
                       s · first token 0.09 s, total 3.33 s · draft 149/214
                       accepted (70%) · max_tokens reached
22:51:59.920 INFO:     #176 chat/completions (stream): 66 prompt tokens ·
                       temperature: 0, greedy (req), max_tokens: 256 (req),
                       min_tokens: 256 (req)
22:51:59.921 INFO:     #168 chat/completions (stream): 256 tokens generated at
                       70.0 T/s · prompt 63 tokens, none cached, 63 new in 0.07
                       s · first token 0.08 s, total 3.73 s · draft 139/234
                       accepted (59%) · max_tokens reached
22:51:59.922 INFO:     #169 chat/completions (stream): 256 tokens generated at
                       73.8 T/s · prompt 104 tokens, none cached, 104 new in
                       0.09 s · first token 0.10 s, total 3.57 s · draft 143/226
                       accepted (63%) · max_tokens reached
22:52:00.069 INFO:     #177 chat/completions (stream): 67 prompt tokens ·
                       temperature: 0, greedy (req), max_tokens: 256 (req),
                       min_tokens: 256 (req)
22:52:00.070 INFO:     #178 chat/completions (stream): 786 prompt tokens ·
                       temperature: 0, greedy (req), max_tokens: 256 (req),
                       min_tokens: 256 (req)
22:52:00.600 INFO:     #173 chat/completions (stream): 256 tokens generated at
                       85.1 T/s · prompt 77 tokens, none cached, 77 new in 0.08
                       s · first token 0.09 s, total 3.09 s · draft 157/198
                       accepted (79%) · max_tokens reached
22:52:00.669 INFO:     #179 chat/completions (stream): 831 prompt tokens ·
                       temperature: 0, greedy (req), max_tokens: 256 (req),
                       min_tokens: 256 (req)
22:52:01.074 INFO:     #172 chat/completions (stream): 256 tokens generated at
                       70.2 T/s · prompt 809 tokens, none cached, 809 new in
                       0.28 s (2,889 T/s) · first token 0.29 s, total 3.93 s ·
                       draft 145/222 accepted (65%) · max_tokens reached
22:52:01.098 INFO:     #171 chat/completions (stream): 256 tokens generated at
                       61.2 T/s · prompt 82 tokens, none cached, 82 new in 0.08
                       s · first token 0.09 s, total 4.27 s · draft 133/246
                       accepted (54%) · max_tokens reached
22:52:01.143 INFO:     #180 chat/completions (stream): 731 prompt tokens ·
                       temperature: 0, greedy (req), max_tokens: 256 (req),
                       min_tokens: 256 (req)
22:52:01.347 INFO:     #181 chat/completions (stream): 87 prompt tokens ·
                       temperature: 0, greedy (req), max_tokens: 256 (req),
                       min_tokens: 256 (req)
22:52:02.431 INFO:     #174 chat/completions (stream): 256 tokens generated at
                       66.4 T/s · prompt 64 tokens, none cached, 64 new in 0.07
                       s · first token 0.08 s, total 3.93 s · draft 147/218
                       accepted (67%) · max_tokens reached
22:52:02.504 INFO:     #183 chat/completions (stream): 1,138 prompt tokens ·
                       temperature: 0, greedy (req), max_tokens: 256 (req),
                       min_tokens: 256 (req)
22:52:03.276 INFO:     #175 chat/completions (stream): 256 tokens generated at
                       70.7 T/s · prompt 104 tokens, none cached, 104 new in
                       0.09 s · first token 0.10 s, total 3.72 s · draft 165/182
                       accepted (91%) · max_tokens reached
22:52:03.346 INFO:     #184 chat/completions (stream): 128 prompt tokens ·
                       temperature: 0, greedy (req), max_tokens: 256 (req),
                       min_tokens: 256 (req)
22:52:04.205 INFO:     #176 chat/completions (stream): 256 tokens generated at
                       62.5 T/s · prompt 66 tokens, none cached, 66 new in 0.08
                       s · first token 0.09 s, total 4.18 s · draft 148/216
                       accepted (69%) · max_tokens reached
22:52:04.263 INFO:     #185 chat/completions (stream): 592 prompt tokens ·
                       temperature: 0, greedy (req), max_tokens: 256 (req),
                       min_tokens: 256 (req)
22:52:04.263 INFO:     #178 chat/completions (stream): 256 tokens generated at
                       68.2 T/s · prompt 786 tokens, none cached, 786 new in
                       0.25 s (3,144 T/s) · first token 0.33 s, total 4.09 s ·
                       draft 149/214 accepted (70%) · max_tokens reached
22:52:04.441 INFO:     #179 chat/completions (stream): 256 tokens generated at
                       79.1 T/s · prompt 831 tokens, none cached, 831 new in
                       0.29 s (2,866 T/s) · first token 0.30 s, total 3.53 s ·
                       draft 160/192 accepted (83%) · max_tokens reached
22:52:04.563 INFO:     #186 chat/completions (stream): 63 prompt tokens ·
                       temperature: 0, greedy (req), max_tokens: 256 (req),
                       min_tokens: 256 (req)
22:52:04.662 INFO:     #187 chat/completions (stream): 654 prompt tokens ·
                       temperature: 0, greedy (req), max_tokens: 256 (req),
                       min_tokens: 256 (req)
22:52:04.663 INFO:     #177 chat/completions (stream): 256 tokens generated at
                       65.7 T/s · prompt 67 tokens, none cached, 67 new in 0.28
                       s · first token 0.29 s, total 4.19 s · draft 144/224
                       accepted (64%) · max_tokens reached
22:52:05.003 INFO:     #188 chat/completions (stream): 586 prompt tokens ·
                       temperature: 0, greedy (req), max_tokens: 256 (req),
                       min_tokens: 256 (req)
22:52:05.426 INFO:     #181 chat/completions (stream): 256 tokens generated at
                       67.5 T/s · prompt 87 tokens, none cached, 87 new in 0.08
                       s · queued 0.12 s, first token 0.20 s, total 3.99 s ·
                       draft 156/201 accepted (78%) · max_tokens reached
22:52:05.467 INFO:     #180 chat/completions (stream): 256 tokens generated at
                       66.8 T/s · prompt 731 tokens, none cached, 731 new in
                       0.40 s (1,828 T/s) · first token 0.41 s, total 4.24 s ·
                       draft 154/205 accepted (75%) · max_tokens reached
22:52:05.489 INFO:     #189 chat/completions (stream): 212 prompt tokens ·
                       temperature: 0, greedy (req), max_tokens: 256 (req),
                       min_tokens: 256 (req)
22:52:05.652 INFO:     #190 chat/completions (stream): 960 prompt tokens ·
                       temperature: 0, greedy (req), max_tokens: 256 (req),
                       min_tokens: 256 (req)
22:52:06.666 INFO:     #183 chat/completions (stream): 256 tokens generated at
                       69.0 T/s · prompt 1,138 tokens, none cached, 1,138 new in
                       0.35 s (3,251 T/s) · first token 0.36 s, total 4.07 s ·
                       draft 159/195 accepted (82%) · max_tokens reached
22:52:06.736 INFO:     #191 chat/completions (stream): 77 prompt tokens ·
                       temperature: 0, greedy (req), max_tokens: 256 (req),
                       min_tokens: 256 (req)
22:52:07.250 INFO:     #184 chat/completions (stream): 256 tokens generated at
                       69.1 T/s · prompt 128 tokens, none cached, 128 new in
                       0.10 s · first token 0.11 s, total 3.81 s · draft 158/197
                       accepted (80%) · max_tokens reached
22:52:07.323 INFO:     #192 chat/completions (stream): 819 prompt tokens ·
                       temperature: 0, greedy (req), max_tokens: 256 (req),
                       min_tokens: 256 (req)
22:52:08.587 INFO:     #185 chat/completions (stream): 256 tokens generated at
                       64.4 T/s · prompt 592 tokens, none cached, 592 new in
                       0.25 s (2,368 T/s) · first token 0.26 s, total 4.23 s ·
                       draft 148/216 accepted (69%) · max_tokens reached
22:52:08.588 INFO:     #189 chat/completions (stream): 256 tokens generated at
                       88.4 T/s · prompt 212 tokens, none cached, 212 new in
                       0.11 s · first token 0.12 s, total 3.01 s · draft 164/184
                       accepted (89%) · max_tokens reached
22:52:08.655 INFO:     #193 chat/completions (stream): 780 prompt tokens ·
                       temperature: 0, greedy (req), max_tokens: 256 (req),
                       min_tokens: 256 (req)
22:52:08.656 INFO:     #194 chat/completions (stream): 134 prompt tokens ·
                       temperature: 0, greedy (req), max_tokens: 256 (req),
                       min_tokens: 256 (req)
22:52:09.096 INFO:     #188 chat/completions (stream): 256 tokens generated at
                       76.3 T/s · prompt 586 tokens, none cached, 586 new in
                       0.29 s (2,021 T/s) · first token 0.30 s, total 3.65 s ·
                       draft 148/216 accepted (69%) · max_tokens reached
22:52:09.168 INFO:     #195 chat/completions (stream): 695 prompt tokens ·
                       temperature: 0, greedy (req), max_tokens: 256 (req),
                       min_tokens: 256 (req)
22:52:09.541 INFO:     #187 chat/completions (stream): 256 tokens generated at
                       60.8 T/s · prompt 654 tokens, none cached, 654 new in
                       0.29 s (2,255 T/s) · first token 0.30 s, total 4.50 s ·
                       draft 138/236 accepted (58%) · max_tokens reached
22:52:09.608 INFO:     #196 chat/completions (stream): 88 prompt tokens ·
                       temperature: 0, greedy (req), max_tokens: 256 (req),
                       min_tokens: 256 (req)
22:52:09.764 INFO:     #186 chat/completions (stream): 256 tokens generated at
                       51.8 T/s · prompt 63 tokens, none cached, 63 new in 0.07
                       s · first token 0.08 s, total 5.02 s · draft 130/252
                       accepted (52%) · max_tokens reached
22:52:09.828 INFO:     #197 chat/completions (stream): 516 prompt tokens ·
                       temperature: 0, greedy (req), max_tokens: 256 (req),
                       min_tokens: 256 (req)
22:52:10.010 INFO:     #190 chat/completions (stream): 256 tokens generated at
                       67.7 T/s · prompt 960 tokens, none cached, 960 new in
                       0.32 s (3,000 T/s) · first token 0.33 s, total 4.11 s ·
                       draft 143/226 accepted (63%) · max_tokens reached
22:52:10.097 INFO:     #198 chat/completions (stream): 93 prompt tokens ·
                       temperature: 0, greedy (req), max_tokens: 256 (req),
                       min_tokens: 256 (req)
22:52:10.793 INFO:     #191 chat/completions (stream): 256 tokens generated at
                       66.1 T/s · prompt 77 tokens, none cached, 77 new in 0.08
                       s · first token 0.09 s, total 3.96 s · draft 146/220
                       accepted (66%) · max_tokens reached
22:52:10.867 INFO:     #199 chat/completions (stream): 775 prompt tokens ·
                       temperature: 0, greedy (req), max_tokens: 256 (req),
                       min_tokens: 256 (req)
22:52:11.253 INFO:     #192 chat/completions (stream): 256 tokens generated at
                       72.2 T/s · prompt 819 tokens, none cached, 819 new in
                       0.29 s (2,824 T/s) · first token 0.30 s, total 3.84 s ·
                       draft 158/196 accepted (81%) · max_tokens reached
22:52:11.325 INFO:     #200 chat/completions (stream): 386 prompt tokens ·
                       temperature: 0, greedy (req), max_tokens: 256 (req),
                       min_tokens: 256 (req)
22:52:12.476 INFO:     #194 chat/completions (stream): 256 tokens generated at
                       75.3 T/s · prompt 134 tokens, none cached, 134 new in
                       0.11 s · queued 0.21 s, first token 0.32 s, total 3.72 s
                       · draft 161/190 accepted (85%) · max_tokens reached
22:52:12.548 INFO:     #201 chat/completions (stream): 123 prompt tokens ·
                       temperature: 0, greedy (req), max_tokens: 256 (req),
                       min_tokens: 256 (req)
22:52:12.768 INFO:     #193 chat/completions (stream): 256 tokens generated at
                       70.2 T/s · prompt 780 tokens, none cached, 780 new in
                       0.36 s (2,167 T/s) · first token 0.38 s, total 4.02 s ·
                       draft 154/204 accepted (75%) · max_tokens reached
22:52:12.837 INFO:     #202 chat/completions (stream): 78 prompt tokens ·
                       temperature: 0, greedy (req), max_tokens: 256 (req),
                       min_tokens: 256 (req)
22:52:13.084 INFO:     #195 chat/completions (stream): 256 tokens generated at
                       72.7 T/s · prompt 695 tokens, none cached, 695 new in
                       0.30 s (2,317 T/s) · first token 0.31 s, total 3.83 s ·
                       draft 151/210 accepted (72%) · max_tokens reached
22:52:13.143 INFO:     #203 chat/completions (stream): 116 prompt tokens ·
                       temperature: 0, greedy (req), max_tokens: 256 (req),
                       min_tokens: 256 (req)
22:52:13.144 INFO:     #198 chat/completions (stream): 256 tokens generated at
                       89.2 T/s · prompt 93 tokens, none cached, 93 new in 0.09
                       s · first token 0.10 s, total 2.97 s · draft 164/184
                       accepted (89%) · max_tokens reached
22:52:13.293 INFO:     #196 chat/completions (stream): 256 tokens generated at
                       75.2 T/s · prompt 88 tokens, none cached, 88 new in 0.09
                       s · first token 0.10 s, total 3.50 s · draft 152/208
                       accepted (73%) · max_tokens reached
22:52:13.316 INFO:     #204 chat/completions (stream): 67 prompt tokens ·
                       temperature: 0, greedy (req), max_tokens: 256 (req),
                       min_tokens: 256 (req)
22:52:13.443 INFO:     #205 chat/completions (stream): 74 prompt tokens ·
                       temperature: 0, greedy (req), max_tokens: 256 (req),
                       min_tokens: 256 (req)
22:52:13.665 INFO:     #197 chat/completions (stream): 256 tokens generated at
                       72.1 T/s · prompt 516 tokens, none cached, 516 new in
                       0.19 s (2,716 T/s) · first token 0.20 s, total 3.75 s ·
                       draft 150/212 accepted (71%) · max_tokens reached
22:52:13.735 INFO:     #206 chat/completions (stream): 148 prompt tokens ·
                       temperature: 0, greedy (req), max_tokens: 256 (req),
                       min_tokens: 256 (req)
22:52:14.403 INFO:     #199 chat/completions (stream): 256 tokens generated at
                       80.1 T/s · prompt 775 tokens, none cached, 775 new in
                       0.24 s (3,229 T/s) · first token 0.25 s, total 3.44 s ·
                       draft 156/200 accepted (78%) · max_tokens reached
22:52:14.474 INFO:     #207 chat/completions (stream): 660 prompt tokens ·
                       temperature: 0, greedy (req), max_tokens: 256 (req),
                       min_tokens: 256 (req)
22:52:15.159 INFO:     #200 chat/completions (stream): 256 tokens generated at
                       73.8 T/s · prompt 386 tokens, none cached, 386 new in
                       0.26 s (1,485 T/s) · first token 0.27 s, total 3.74 s ·
                       draft 145/222 accepted (65%) · max_tokens reached
22:52:15.231 INFO:     #208 chat/completions (stream): 62 prompt tokens ·
                       temperature: 0, greedy (req), max_tokens: 256 (req),
                       min_tokens: 256 (req)
22:52:16.150 INFO:     #202 chat/completions (stream): 256 tokens generated at
                       81.7 T/s · prompt 78 tokens, none cached, 78 new in 0.08
                       s · first token 0.09 s, total 3.22 s · draft 154/204
                       accepted (75%) · max_tokens reached
22:52:16.233 INFO:     #209 chat/completions (stream): 61 prompt tokens ·
                       temperature: 0, greedy (req), max_tokens: 256 (req),
                       min_tokens: 256 (req)
22:52:16.426 INFO:     #203 chat/completions (stream): 256 tokens generated at
                       83.0 T/s · prompt 116 tokens, none cached, 116 new in
                       0.10 s · first token 0.11 s, total 3.19 s · draft 156/200
                       accepted (78%) · max_tokens reached
22:52:16.487 INFO:     #210 chat/completions (stream): 91 prompt tokens ·
                       temperature: 0, greedy (req), max_tokens: 256 (req),
                       min_tokens: 256 (req)
22:52:16.600 INFO:     #201 chat/completions (stream): 256 tokens generated at
                       67.9 T/s · prompt 123 tokens, none cached, 123 new in
                       0.10 s · first token 0.11 s, total 3.88 s · draft 134/244
                       accepted (55%) · max_tokens reached
22:52:16.637 INFO:     #204 chat/completions (stream): 256 tokens generated at
                       83.4 T/s · prompt 67 tokens, none cached, 67 new in 0.08
                       s · first token 0.09 s, total 3.15 s · draft 153/206
                       accepted (74%) · max_tokens reached
22:52:16.638 INFO:     #206 chat/completions (stream): 256 tokens generated at
                       97.1 T/s · prompt 148 tokens, none cached, 148 new in
                       0.09 s · first token 0.10 s, total 2.73 s · draft 164/184
                       accepted (89%) · max_tokens reached
22:52:16.657 INFO:     #211 chat/completions (stream): 86 prompt tokens ·
                       temperature: 0, greedy (req), max_tokens: 256 (req),
                       min_tokens: 256 (req)
22:52:16.785 INFO:     #212 chat/completions (stream): 64 prompt tokens ·
                       temperature: 0, greedy (req), max_tokens: 256 (req),
                       min_tokens: 256 (req)
22:52:16.786 INFO:     #213 chat/completions (stream): 745 prompt tokens ·
                       temperature: 0, greedy (req), max_tokens: 256 (req),
                       min_tokens: 256 (req)
22:52:17.045 INFO:     #205 chat/completions (stream): 256 tokens generated at
                       82.4 T/s · prompt 74 tokens, none cached, 74 new in 0.08
                       s · first token 0.09 s, total 3.19 s · draft 151/211
                       accepted (72%) · max_tokens reached
22:52:17.260 INFO:     #214 chat/completions (stream): 722 prompt tokens ·
                       temperature: 0, greedy (req), max_tokens: 256 (req),
                       min_tokens: 256 (req)
22:52:18.230 INFO:     #207 chat/completions (stream): 256 tokens generated at
                       75.8 T/s · prompt 660 tokens, none cached, 660 new in
                       0.28 s (2,357 T/s) · first token 0.29 s, total 3.66 s ·
                       draft 155/204 accepted (76%) · max_tokens reached
22:52:18.298 INFO:     #216 chat/completions (stream): 115 prompt tokens ·
                       temperature: 0, greedy (req), max_tokens: 256 (req),
                       min_tokens: 256 (req)
22:52:19.103 INFO:     #208 chat/completions (stream): 256 tokens generated at
                       69.3 T/s · prompt 62 tokens, none cached, 62 new in 0.07
                       s · first token 0.08 s, total 3.77 s · draft 143/228
                       accepted (63%) · max_tokens reached
22:52:19.174 INFO:     #217 chat/completions (stream): 91 prompt tokens ·
                       temperature: 0, greedy (req), max_tokens: 256 (req),
                       min_tokens: 256 (req)
22:52:19.739 INFO:     #210 chat/completions (stream): 256 tokens generated at
                       83.5 T/s · prompt 91 tokens, none cached, 91 new in 0.09
                       s · first token 0.10 s, total 3.16 s · draft 167/179
                       accepted (93%) · max_tokens reached
22:52:19.811 INFO:     #218 chat/completions (stream): 680 prompt tokens ·
                       temperature: 0, greedy (req), max_tokens: 256 (req),
                       min_tokens: 256 (req)
22:52:20.206 INFO:     #209 chat/completions (stream): 256 tokens generated at
                       69.4 T/s · prompt 61 tokens, none cached, 61 new in 0.07
                       s · first token 0.08 s, total 3.76 s · draft 151/212
                       accepted (71%) · max_tokens reached
22:52:20.275 INFO:     #219 chat/completions (stream): 100 prompt tokens ·
                       temperature: 0, greedy (req), max_tokens: 256 (req),
                       min_tokens: 256 (req)
22:52:20.633 INFO:     #213 chat/completions (stream): 256 tokens generated at
                       75.8 T/s · prompt 745 tokens, none cached, 745 new in
                       0.29 s (2,569 T/s) · first token 0.37 s, total 3.75 s ·
                       draft 152/208 accepted (73%) · max_tokens reached
22:52:20.694 INFO:     #220 chat/completions (stream): 64 prompt tokens ·
                       temperature: 0, greedy (req), max_tokens: 256 (req),
                       min_tokens: 256 (req)
22:52:20.792 INFO:     #211 chat/completions (stream): 256 tokens generated at
                       66.0 T/s · prompt 86 tokens, none cached, 86 new in 0.09
                       s · first token 0.10 s, total 3.98 s · draft 145/222
                       accepted (65%) · max_tokens reached
22:52:20.812 INFO:     #212 chat/completions (stream): 256 tokens generated at
                       70.5 T/s · prompt 64 tokens, none cached, 64 new in 0.23
                       s · first token 0.24 s, total 3.87 s · draft 146/220
                       accepted (66%) · max_tokens reached
22:52:20.852 INFO:     #221 chat/completions (stream): 672 prompt tokens ·
                       temperature: 0, greedy (req), max_tokens: 256 (req),
                       min_tokens: 256 (req)
22:52:21.032 INFO:     #222 chat/completions (stream): 875 prompt tokens ·
                       temperature: 0, greedy (req), max_tokens: 256 (req),
                       min_tokens: 256 (req)
22:52:21.034 INFO:     #214 chat/completions (stream): 256 tokens generated at
                       79.1 T/s · prompt 722 tokens, none cached, 722 new in
                       0.29 s (2,490 T/s) · first token 0.30 s, total 3.53 s ·
                       draft 148/216 accepted (69%) · max_tokens reached
22:52:21.518 INFO:     #223 chat/completions (stream): 139 prompt tokens ·
                       temperature: 0, greedy (req), max_tokens: 256 (req),
                       min_tokens: 256 (req)
22:52:21.992 INFO:     #216 chat/completions (stream): 256 tokens generated at
                       73.2 T/s · prompt 115 tokens, none cached, 115 new in
                       0.10 s · first token 0.11 s, total 3.60 s · draft 161/190
                       accepted (85%) · max_tokens reached
22:52:22.061 INFO:     #224 chat/completions (stream): 63 prompt tokens ·
                       temperature: 0, greedy (req), max_tokens: 256 (req),
                       min_tokens: 256 (req)
22:52:22.808 INFO:     #217 chat/completions (stream): 256 tokens generated at
                       74.4 T/s · prompt 91 tokens, none cached, 91 new in 0.09
                       s · first token 0.10 s, total 3.54 s · draft 162/188
                       accepted (86%) · max_tokens reached
22:52:22.880 INFO:     #225 chat/completions (stream): 778 prompt tokens ·
                       temperature: 0, greedy (req), max_tokens: 256 (req),
                       min_tokens: 256 (req)
22:52:23.712 INFO:     #219 chat/completions (stream): 256 tokens generated at
                       78.9 T/s · prompt 100 tokens, none cached, 100 new in
                       0.09 s · first token 0.10 s, total 3.34 s · draft 163/186
                       accepted (88%) · max_tokens reached
22:52:23.783 INFO:     #226 chat/completions (stream): 774 prompt tokens ·
                       temperature: 0, greedy (req), max_tokens: 256 (req),
                       min_tokens: 256 (req)
22:52:24.282 INFO:     #218 chat/completions (stream): 256 tokens generated at
                       63.0 T/s · prompt 680 tokens, none cached, 680 new in
                       0.28 s (2,429 T/s) · first token 0.29 s, total 4.35 s ·
                       draft 142/228 accepted (62%) · max_tokens reached
22:52:24.352 INFO:     #227 chat/completions (stream): 65 prompt tokens ·
                       temperature: 0, greedy (req), max_tokens: 256 (req),
                       min_tokens: 256 (req)
22:52:24.495 INFO:     #220 chat/completions (stream): 256 tokens generated at
                       72.0 T/s · prompt 64 tokens, none cached, 64 new in 0.07
                       s · first token 0.08 s, total 3.63 s · draft 157/198
                       accepted (79%) · max_tokens reached
22:52:24.538 INFO:     #223 chat/completions (stream): 256 tokens generated at
                       90.9 T/s · prompt 139 tokens, none cached, 139 new in
                       0.11 s · first token 0.12 s, total 2.93 s · draft 163/186
                       accepted (88%) · max_tokens reached
22:52:24.560 INFO:     #228 chat/completions (stream): 117 prompt tokens ·
                       temperature: 0, greedy (req), max_tokens: 256 (req),
                       min_tokens: 256 (req)
22:52:24.712 INFO:     #229 chat/completions (stream): 405 prompt tokens ·
                       temperature: 0, greedy (req), max_tokens: 256 (req),
                       min_tokens: 256 (req)
22:52:25.046 INFO:     #222 chat/completions (stream): 256 tokens generated at
                       75.5 T/s · prompt 875 tokens, none cached, 875 new in
                       0.34 s (2,574 T/s) · queued 0.10 s, first token 0.44 s,
                       total 3.83 s · draft 153/206 accepted (74%) · max_tokens
                       reached
22:52:25.113 INFO:     #230 chat/completions (stream): 96 prompt tokens ·
                       temperature: 0, greedy (req), max_tokens: 256 (req),
                       min_tokens: 256 (req)
22:52:25.275 INFO:     #221 chat/completions (stream): 256 tokens generated at
                       68.5 T/s · prompt 672 tokens, none cached, 672 new in
                       0.50 s (1,344 T/s) · first token 0.51 s, total 4.24 s ·
                       draft 146/220 accepted (66%) · max_tokens reached
22:52:25.345 INFO:     #231 chat/completions (stream): 1,533 prompt tokens ·
                       temperature: 0, greedy (req), max_tokens: 256 (req),
                       min_tokens: 256 (req)
22:52:26.523 INFO:     #225 chat/completions (stream): 256 tokens generated at
                       77.2 T/s · prompt 778 tokens, none cached, 778 new in
                       0.22 s (3,536 T/s) · first token 0.23 s, total 3.54 s ·
                       draft 163/186 accepted (88%) · max_tokens reached
22:52:26.590 INFO:     #232 chat/completions (stream): 786 prompt tokens ·
                       temperature: 0, greedy (req), max_tokens: 256 (req),
                       min_tokens: 256 (req)
22:52:26.811 INFO:     #224 chat/completions (stream): 256 tokens generated at
                       58.4 T/s · prompt 63 tokens, none cached, 63 new in 0.07
                       s · first token 0.08 s, total 4.46 s · draft 127/258
                       accepted (49%) · max_tokens reached
22:52:26.906 INFO:     #233 chat/completions (stream): 61 prompt tokens ·
                       temperature: 0, greedy (req), max_tokens: 256 (req),
                       min_tokens: 256 (req)
22:52:27.987 INFO:     #226 chat/completions (stream): 256 tokens generated at
                       66.0 T/s · prompt 774 tokens, none cached, 774 new in
                       0.23 s (3,365 T/s) · first token 0.24 s, total 4.12 s ·
                       draft 143/226 accepted (63%) · max_tokens reached
22:52:28.029 INFO:     #228 chat/completions (stream): 256 tokens generated at
                       78.1 T/s · prompt 117 tokens, none cached, 117 new in
                       0.10 s · first token 0.11 s, total 3.38 s · draft 160/192
                       accepted (83%) · max_tokens reached
22:52:28.050 INFO:     #234 chat/completions (stream): 84 prompt tokens ·
                       temperature: 0, greedy (req), max_tokens: 256 (req),
                       min_tokens: 256 (req)
22:52:28.199 INFO:     #235 chat/completions (stream): 92 prompt tokens ·
                       temperature: 0, greedy (req), max_tokens: 256 (req),
                       min_tokens: 256 (req)
22:52:28.404 INFO:     #227 chat/completions (stream): 256 tokens generated at
                       66.0 T/s · prompt 65 tokens, none cached, 65 new in 0.07
                       s · first token 0.08 s, total 3.96 s · draft 146/220
                       accepted (66%) · max_tokens reached
22:52:28.475 INFO:     #236 chat/completions (stream): 388 prompt tokens ·
                       temperature: 0, greedy (req), max_tokens: 256 (req),
                       min_tokens: 256 (req)
22:52:28.859 INFO:     #229 chat/completions (stream): 256 tokens generated at
                       67.2 T/s · prompt 405 tokens, none cached, 405 new in
                       0.24 s (1,688 T/s) · first token 0.25 s, total 4.05 s ·
                       draft 146/220 accepted (66%) · max_tokens reached
22:52:28.918 INFO:     #237 chat/completions (stream): 63 prompt tokens ·
                       temperature: 0, greedy (req), max_tokens: 256 (req),
                       min_tokens: 256 (req)
22:52:28.918 INFO:     #230 chat/completions (stream): 256 tokens generated at
                       70.6 T/s · prompt 96 tokens, none cached, 96 new in 0.09
                       s · first token 0.10 s, total 3.72 s · draft 150/212
                       accepted (71%) · max_tokens reached
22:52:29.038 INFO:     #231 chat/completions (stream): 256 tokens generated at
                       81.9 T/s · prompt 1,533 tokens, none cached, 1,533 new in
                       0.40 s (3,832 T/s) · first token 0.41 s, total 3.53 s ·
                       draft 155/202 accepted (77%) · max_tokens reached
22:52:29.060 INFO:     #238 chat/completions (stream): 78 prompt tokens ·
                       temperature: 0, greedy (req), max_tokens: 256 (req),
                       min_tokens: 256 (req)
22:52:29.194 INFO:     #239 chat/completions (stream): 707 prompt tokens ·
                       temperature: 0, greedy (req), max_tokens: 256 (req),
                       min_tokens: 256 (req)
22:52:30.208 INFO:     #232 chat/completions (stream): 256 tokens generated at
                       78.5 T/s · prompt 786 tokens, none cached, 786 new in
                       0.24 s (3,275 T/s) · first token 0.25 s, total 3.51 s ·
                       draft 158/196 accepted (81%) · max_tokens reached
22:52:30.277 INFO:     #240 chat/completions (stream): 316 prompt tokens ·
                       temperature: 0, greedy (req), max_tokens: 256 (req),
                       min_tokens: 256 (req)
22:52:30.552 INFO:     #233 chat/completions (stream): 256 tokens generated at
                       78.2 T/s · prompt 61 tokens, none cached, 61 new in 0.07
                       s · first token 0.08 s, total 3.35 s · draft 155/202
                       accepted (77%) · max_tokens reached
22:52:30.622 INFO:     #241 chat/completions (stream): 70 prompt tokens ·
                       temperature: 0, greedy (req), max_tokens: 256 (req),
                       min_tokens: 256 (req)
22:52:31.785 INFO:     #235 chat/completions (stream): 256 tokens generated at
                       75.4 T/s · prompt 92 tokens, none cached, 92 new in 0.09
                       s · first token 0.10 s, total 3.49 s · draft 156/200
                       accepted (78%) · max_tokens reached
22:52:31.854 INFO:     #242 chat/completions (stream): 85 prompt tokens ·
                       temperature: 0, greedy (req), max_tokens: 256 (req),
                       min_tokens: 256 (req)
22:52:32.012 INFO:     #234 chat/completions (stream): 256 tokens generated at
                       69.4 T/s · prompt 84 tokens, none cached, 84 new in 0.09
                       s · first token 0.10 s, total 3.79 s · draft 148/216
                       accepted (69%) · max_tokens reached
22:52:32.082 INFO:     #244 chat/completions (stream): 689 prompt tokens ·
                       temperature: 0, greedy (req), max_tokens: 256 (req),
                       min_tokens: 256 (req)
22:52:32.480 INFO:     #236 chat/completions (stream): 256 tokens generated at
                       70.3 T/s · prompt 388 tokens, none cached, 388 new in
                       0.26 s (1,492 T/s) · first token 0.27 s, total 3.91 s ·
                       draft 150/212 accepted (71%) · max_tokens reached
22:52:32.553 INFO:     #245 chat/completions (stream): 118 prompt tokens ·
                       temperature: 0, greedy (req), max_tokens: 256 (req),
                       min_tokens: 256 (req)
22:52:32.749 INFO:     #239 chat/completions (stream): 256 tokens generated at
                       83.7 T/s · prompt 707 tokens, none cached, 707 new in
                       0.29 s (2,438 T/s) · first token 0.30 s, total 3.35 s ·
                       draft 157/198 accepted (79%) · max_tokens reached
22:52:32.821 INFO:     #246 chat/completions (stream): 811 prompt tokens ·
                       temperature: 0, greedy (req), max_tokens: 256 (req),
                       min_tokens: 256 (req)
22:52:33.297 INFO:     #237 chat/completions (stream): 256 tokens generated at
                       60.8 T/s · prompt 63 tokens, none cached, 63 new in 0.07
                       s · first token 0.08 s, total 4.29 s · draft 139/234
                       accepted (59%) · max_tokens reached
22:52:33.365 INFO:     #247 chat/completions (stream): 560 prompt tokens ·
                       temperature: 0, greedy (req), max_tokens: 256 (req),
                       min_tokens: 256 (req)
22:52:33.366 INFO:     #238 chat/completions (stream): 256 tokens generated at
                       62.0 T/s · prompt 78 tokens, none cached, 78 new in 0.08
                       s · first token 0.09 s, total 4.21 s · draft 139/234
                       accepted (59%) · max_tokens reached
22:52:33.660 INFO:     #248 chat/completions (stream): 105 prompt tokens ·
                       temperature: 0, greedy (req), max_tokens: 256 (req),
                       min_tokens: 256 (req)
22:52:34.584 INFO:     #240 chat/completions (stream): 256 tokens generated at
                       64.3 T/s · prompt 316 tokens, none cached, 316 new in
                       0.22 s (1,436 T/s) · first token 0.23 s, total 4.21 s ·
                       draft 139/234 accepted (59%) · max_tokens reached
22:52:34.658 INFO:     #249 chat/completions (stream): 715 prompt tokens ·
                       temperature: 0, greedy (req), max_tokens: 256 (req),
                       min_tokens: 256 (req)
22:52:35.019 INFO:     #241 chat/completions (stream): 256 tokens generated at
                       64.8 T/s · prompt 70 tokens, none cached, 70 new in 0.08
                       s · first token 0.09 s, total 4.04 s · draft 137/238
                       accepted (58%) · max_tokens reached
22:52:35.091 INFO:     #250 chat/completions (stream): 116 prompt tokens ·
                       temperature: 0, greedy (req), max_tokens: 256 (req),
                       min_tokens: 256 (req)
22:52:36.009 INFO:     #245 chat/completions (stream): 256 tokens generated at
                       78.6 T/s · prompt 118 tokens, none cached, 118 new in
                       0.10 s · first token 0.11 s, total 3.36 s · draft 161/190
                       accepted (85%) · max_tokens reached
22:52:36.075 INFO:     #251 chat/completions (stream): 69 prompt tokens ·
                       temperature: 0, greedy (req), max_tokens: 256 (req),
                       min_tokens: 256 (req)
22:52:36.076 INFO:     #244 chat/completions (stream): 256 tokens generated at
                       70.7 T/s · prompt 689 tokens, none cached, 689 new in
                       0.28 s (2,461 T/s) · first token 0.29 s, total 3.91 s ·
                       draft 150/212 accepted (71%) · max_tokens reached
22:52:36.228 INFO:     #252 chat/completions (stream): 63 prompt tokens ·
                       temperature: 0, greedy (req), max_tokens: 256 (req),
                       min_tokens: 256 (req)
22:52:36.351 INFO:     #242 chat/completions (stream): 256 tokens generated at
                       60.5 T/s · prompt 85 tokens, none cached, 85 new in 0.09
                       s · first token 0.10 s, total 4.33 s · draft 138/236
                       accepted (58%) · max_tokens reached
22:52:36.419 INFO:     #253 chat/completions (stream): 74 prompt tokens ·
                       temperature: 0, greedy (req), max_tokens: 256 (req),
                       min_tokens: 256 (req)
22:52:36.690 INFO:     #246 chat/completions (stream): 256 tokens generated at
                       73.5 T/s · prompt 811 tokens, none cached, 811 new in
                       0.28 s (2,896 T/s) · first token 0.29 s, total 3.77 s ·
                       draft 150/212 accepted (71%) · max_tokens reached
22:52:36.764 INFO:     #254 chat/completions (stream): 755 prompt tokens ·
                       temperature: 0, greedy (req), max_tokens: 256 (req),
                       min_tokens: 256 (req)
22:52:37.208 INFO:     #248 chat/completions (stream): 256 tokens generated at
                       76.6 T/s · prompt 105 tokens, none cached, 105 new in
                       0.10 s · first token 0.11 s, total 3.45 s · draft 154/204
                       accepted (75%) · max_tokens reached
22:52:37.275 INFO:     #255 chat/completions (stream): 119 prompt tokens ·
                       temperature: 0, greedy (req), max_tokens: 256 (req),
                       min_tokens: 256 (req)
22:52:37.277 INFO:     #247 chat/completions (stream): 256 tokens generated at
                       71.9 T/s · prompt 560 tokens, none cached, 560 new in
                       0.24 s (2,333 T/s) · first token 0.25 s, total 3.81 s ·
                       draft 149/214 accepted (70%) · max_tokens reached
22:52:37.452 INFO:     #256 chat/completions (stream): 157 prompt tokens ·
                       temperature: 0, greedy (req), max_tokens: 256 (req),
                       min_tokens: 256 (req)
22:52:38.323 INFO:     #249 chat/completions (stream): 256 tokens generated at
                       78.0 T/s · prompt 715 tokens, none cached, 715 new in
                       0.29 s (2,466 T/s) · first token 0.30 s, total 3.58 s ·
                       draft 153/206 accepted (74%) · max_tokens reached
22:52:38.389 INFO:     #257 chat/completions (stream): 588 prompt tokens ·
                       temperature: 0, greedy (req), max_tokens: 256 (req),
                       min_tokens: 256 (req)
22:52:38.390 INFO:     #250 chat/completions (stream): 256 tokens generated at
                       82.4 T/s · prompt 116 tokens, none cached, 116 new in
                       0.10 s · first token 0.11 s, total 3.21 s · draft 156/200
                       accepted (78%) · max_tokens reached
22:52:38.701 INFO:     #258 chat/completions (stream): 86 prompt tokens ·
                       temperature: 0, greedy (req), max_tokens: 256 (req),
                       min_tokens: 256 (req)
22:52:39.811 INFO:     #252 chat/completions (stream): 256 tokens generated at
                       75.0 T/s · prompt 63 tokens, none cached, 63 new in 0.07
                       s · first token 0.08 s, total 3.49 s · draft 151/210
                       accepted (72%) · max_tokens reached
22:52:39.876 INFO:     #259 chat/completions (stream): 71 prompt tokens ·
                       temperature: 0, greedy (req), max_tokens: 256 (req),
                       min_tokens: 256 (req)
22:52:39.983 INFO:     #253 chat/completions (stream): 256 tokens generated at
                       77.4 T/s · prompt 74 tokens, none cached, 74 new in 0.08
                       s · first token 0.09 s, total 3.39 s · draft 152/208
                       accepted (73%) · max_tokens reached
22:52:40.052 INFO:     #260 chat/completions (stream): 1,392 prompt tokens ·
                       temperature: 0, greedy (req), max_tokens: 256 (req),
                       min_tokens: 256 (req)
22:52:40.053 INFO:     #251 chat/completions (stream): 256 tokens generated at
                       68.9 T/s · prompt 69 tokens, none cached, 69 new in 0.08
                       s · first token 0.09 s, total 3.80 s · draft 141/230
                       accepted (61%) · max_tokens reached
22:52:40.492 INFO:     #261 chat/completions (stream): 107 prompt tokens ·
                       temperature: 0, greedy (req), max_tokens: 256 (req),
                       min_tokens: 256 (req)
22:52:40.707 INFO:     #255 chat/completions (stream): 256 tokens generated at
                       79.2 T/s · prompt 119 tokens, none cached, 119 new in
                       0.10 s · first token 0.11 s, total 3.34 s · draft 162/188
                       accepted (86%) · max_tokens reached
22:52:40.773 INFO:     #262 chat/completions (stream): 75 prompt tokens ·
                       temperature: 0, greedy (req), max_tokens: 256 (req),
                       min_tokens: 256 (req)
22:52:40.903 INFO:     #256 chat/completions (stream): 256 tokens generated at
                       80.6 T/s · prompt 157 tokens, none cached, 157 new in
                       0.09 s · first token 0.10 s, total 3.27 s · draft 160/192
                       accepted (83%) · max_tokens reached
22:52:40.966 INFO:     #263 chat/completions (stream): 97 prompt tokens ·
                       temperature: 0, greedy (req), max_tokens: 256 (req),
                       min_tokens: 256 (req)
22:52:41.116 INFO:     #254 chat/completions (stream): 256 tokens generated at
                       66.2 T/s · prompt 755 tokens, none cached, 755 new in
                       0.29 s (2,603 T/s) · first token 0.30 s, total 4.16 s ·
                       draft 143/226 accepted (63%) · max_tokens reached
22:52:41.186 INFO:     #264 chat/completions (stream): 81 prompt tokens ·
                       temperature: 0, greedy (req), max_tokens: 256 (req),
                       min_tokens: 256 (req)
22:52:42.144 INFO:     #258 chat/completions (stream): 256 tokens generated at
                       78.6 T/s · prompt 86 tokens, none cached, 86 new in 0.09
                       s · first token 0.10 s, total 3.35 s · draft 154/204
                       accepted (75%) · max_tokens reached
22:52:42.238 INFO:     #265 chat/completions (stream): 642 prompt tokens ·
                       temperature: 0, greedy (req), max_tokens: 256 (req),
                       min_tokens: 256 (req)
22:52:42.706 INFO:     #257 chat/completions (stream): 256 tokens generated at
                       64.6 T/s · prompt 588 tokens, none cached, 588 new in
                       0.26 s (2,262 T/s) · first token 0.27 s, total 4.23 s ·
                       draft 140/232 accepted (60%) · max_tokens reached
22:52:42.776 INFO:     #266 chat/completions (stream): 61 prompt tokens ·
                       temperature: 0, greedy (req), max_tokens: 256 (req),
                       min_tokens: 256 (req)
22:52:43.929 INFO:     #260 chat/completions (stream): 256 tokens generated at
                       75.0 T/s · prompt 1,392 tokens, none cached, 1,392 new in
                       0.39 s (3,569 T/s) · first token 0.40 s, total 3.81 s ·
                       draft 145/222 accepted (65%) · max_tokens reached
22:52:43.930 INFO:     #261 chat/completions (stream): 256 tokens generated at
                       78.4 T/s · prompt 107 tokens, none cached, 107 new in
                       0.09 s · first token 0.10 s, total 3.36 s · draft 147/218
                       accepted (67%) · max_tokens reached
22:52:43.930 INFO:     #263 chat/completions (stream): 256 tokens generated at
                       91.9 T/s · prompt 97 tokens, none cached, 97 new in 0.10
                       s · first token 0.11 s, total 2.89 s · draft 160/192
                       accepted (83%) · max_tokens reached
22:52:43.992 INFO:     #267 chat/completions (stream): 128 prompt tokens ·
                       temperature: 0, greedy (req), max_tokens: 256 (req),
                       min_tokens: 256 (req)
22:52:43.993 INFO:     #268 chat/completions (stream): 712 prompt tokens ·
                       temperature: 0, greedy (req), max_tokens: 256 (req),
                       min_tokens: 256 (req)
22:52:43.994 INFO:     #269 chat/completions (stream): 94 prompt tokens ·
                       temperature: 0, greedy (req), max_tokens: 256 (req),
                       min_tokens: 256 (req)
22:52:44.501 INFO:     #264 chat/completions (stream): 256 tokens generated at
                       95.7 T/s · prompt 81 tokens, none cached, 81 new in 0.08
                       s · first token 0.09 s, total 2.76 s · draft 160/192
                       accepted (83%) · max_tokens reached
22:52:44.522 INFO:     #259 chat/completions (stream): 256 tokens generated at
                       63.9 T/s · prompt 71 tokens, none cached, 71 new in 0.08
                       s · first token 0.09 s, total 4.09 s · draft 134/245
                       accepted (55%) · max_tokens reached
22:52:44.564 INFO:     #270 chat/completions (stream): 66 prompt tokens ·
                       temperature: 0, greedy (req), max_tokens: 256 (req),
                       min_tokens: 256 (req)
22:52:44.667 INFO:     #271 chat/completions (stream): 93 prompt tokens ·
                       temperature: 0, greedy (req), max_tokens: 256 (req),
                       min_tokens: 256 (req)
22:52:44.871 INFO:     #262 chat/completions (stream): 256 tokens generated at
                       65.3 T/s · prompt 75 tokens, none cached, 75 new in 0.08
                       s · first token 0.09 s, total 4.01 s · draft 141/232
                       accepted (61%) · max_tokens reached
22:52:44.938 INFO:     #272 chat/completions (stream): 108 prompt tokens ·
                       temperature: 0, greedy (req), max_tokens: 256 (req),
                       min_tokens: 256 (req)
22:52:45.927 INFO:     #265 chat/completions (stream): 256 tokens generated at
                       77.3 T/s · prompt 642 tokens, none cached, 642 new in
                       0.28 s (2,293 T/s) · first token 0.29 s, total 3.60 s ·
                       draft 151/212 accepted (71%) · max_tokens reached
22:52:45.998 INFO:     #273 chat/completions (stream): 93 prompt tokens ·
                       temperature: 0, greedy (req), max_tokens: 256 (req),
                       min_tokens: 256 (req)
22:52:46.644 INFO:     #266 chat/completions (stream): 256 tokens generated at
                       69.2 T/s · prompt 61 tokens, none cached, 61 new in 0.07
                       s · first token 0.08 s, total 3.77 s · draft 137/240
                       accepted (57%) · max_tokens reached
22:52:46.714 INFO:     #274 chat/completions (stream): 86 prompt tokens ·
                       temperature: 0, greedy (req), max_tokens: 256 (req),
                       min_tokens: 256 (req)
22:52:47.283 INFO:     #267 chat/completions (stream): 256 tokens generated at
                       91.0 T/s · prompt 128 tokens, none cached, 128 new in
                       0.35 s · first token 0.37 s, total 3.18 s · draft 162/188
                       accepted (86%) · max_tokens reached
22:52:47.354 INFO:     #276 chat/completions (stream): 87 prompt tokens ·
                       temperature: 0, greedy (req), max_tokens: 256 (req),
                       min_tokens: 256 (req)
22:52:47.536 INFO:     #268 chat/completions (stream): 256 tokens generated at
                       89.2 T/s · prompt 712 tokens, none cached, 712 new in
                       0.37 s (1,924 T/s) · queued 0.12 s, first token 0.49 s,
                       total 3.36 s · draft 156/200 accepted (78%) · max_tokens
                       reached
22:52:47.604 INFO:     #277 chat/completions (stream): 91 prompt tokens ·
                       temperature: 0, greedy (req), max_tokens: 256 (req),
                       min_tokens: 256 (req)
22:52:47.760 INFO:     #271 chat/completions (stream): 256 tokens generated at
                       90.7 T/s · prompt 93 tokens, none cached, 93 new in 0.09
                       s · first token 0.10 s, total 2.92 s · draft 155/202
                       accepted (77%) · max_tokens reached
22:52:47.818 INFO:     #278 chat/completions (stream): 849 prompt tokens ·
                       temperature: 0, greedy (req), max_tokens: 256 (req),
                       min_tokens: 256 (req)
22:52:48.029 INFO:     #270 chat/completions (stream): 256 tokens generated at
                       82.2 T/s · prompt 66 tokens, none cached, 66 new in 0.07
                       s · first token 0.08 s, total 3.19 s · draft 150/212
                       accepted (71%) · max_tokens reached
22:52:48.134 INFO:     #269 chat/completions (stream): 256 tokens generated at
                       74.8 T/s · prompt 94 tokens, none cached, 94 new in 0.09
                       s · queued 0.27 s, first token 0.36 s, total 3.79 s ·
                       draft 144/224 accepted (64%) · max_tokens reached
22:52:48.177 INFO:     #279 chat/completions (stream): 82 prompt tokens ·
                       temperature: 0, greedy (req), max_tokens: 256 (req),
                       min_tokens: 256 (req)
22:52:48.291 INFO:     #280 chat/completions (stream): 64 prompt tokens ·
                       temperature: 0, greedy (req), max_tokens: 256 (req),
                       min_tokens: 256 (req)
22:52:48.453 INFO:     #272 chat/completions (stream): 256 tokens generated at
                       78.8 T/s · prompt 108 tokens, none cached, 108 new in
                       0.10 s · first token 0.11 s, total 3.35 s · draft 151/210
                       accepted (72%) · max_tokens reached
22:52:48.518 INFO:     #281 chat/completions (stream): 117 prompt tokens ·
                       temperature: 0, greedy (req), max_tokens: 256 (req),
                       min_tokens: 256 (req)
22:52:49.274 INFO:     #273 chat/completions (stream): 256 tokens generated at
                       83.0 T/s · prompt 93 tokens, none cached, 93 new in 0.09
                       s · first token 0.10 s, total 3.18 s · draft 161/190
                       accepted (85%) · max_tokens reached
22:52:49.362 INFO:     #282 chat/completions (stream): 1,307 prompt tokens ·
                       temperature: 0, greedy (req), max_tokens: 256 (req),
                       min_tokens: 256 (req)
22:52:50.113 INFO:     #274 chat/completions (stream): 256 tokens generated at
                       79.6 T/s · prompt 86 tokens, none cached, 86 new in 0.09
                       s · first token 0.10 s, total 3.31 s · draft 164/184
                       accepted (89%) · max_tokens reached
22:52:50.182 INFO:     #283 chat/completions (stream): 93 prompt tokens ·
                       temperature: 0, greedy (req), max_tokens: 256 (req),
                       min_tokens: 256 (req)
22:52:51.316 INFO:     #276 chat/completions (stream): 256 tokens generated at
                       67.6 T/s · prompt 87 tokens, none cached, 87 new in 0.09
                       s · first token 0.10 s, total 3.88 s · draft 140/232
                       accepted (60%) · max_tokens reached
22:52:51.337 INFO:     #278 chat/completions (stream): 256 tokens generated at
                       81.5 T/s · prompt 849 tokens, none cached, 849 new in
                       0.29 s (2,928 T/s) · first token 0.30 s, total 3.44 s ·
                       draft 153/206 accepted (74%) · max_tokens reached
22:52:51.371 INFO:     #284 chat/completions (stream): 108 prompt tokens ·
                       temperature: 0, greedy (req), max_tokens: 256 (req),
                       min_tokens: 256 (req)
22:52:51.372 INFO:     #279 chat/completions (stream): 256 tokens generated at
                       84.6 T/s · prompt 82 tokens, none cached, 82 new in 0.08
                       s · first token 0.09 s, total 3.11 s · draft 154/204
                       accepted (75%) · max_tokens reached
22:52:51.372 INFO:     #281 chat/completions (stream): 256 tokens generated at
                       95.8 T/s · prompt 117 tokens, none cached, 117 new in
                       0.10 s · first token 0.11 s, total 2.78 s · draft 162/188
                       accepted (86%) · max_tokens reached
22:52:51.493 INFO:     #285 chat/completions (stream): 97 prompt tokens ·
                       temperature: 0, greedy (req), max_tokens: 256 (req),
                       min_tokens: 256 (req)
22:52:51.609 INFO:     #277 chat/completions (stream): 256 tokens generated at
                       70.3 T/s · prompt 91 tokens, none cached, 91 new in 0.08
                       s · first token 0.09 s, total 3.73 s · draft 142/230
                       accepted (62%) · max_tokens reached
22:52:51.629 INFO:     #286 chat/completions (stream): 752 prompt tokens ·
                       temperature: 0, greedy (req), max_tokens: 256 (req),
                       min_tokens: 256 (req)
22:52:51.630 INFO:     #287 chat/completions (stream): 772 prompt tokens ·
                       temperature: 0, greedy (req), max_tokens: 256 (req),
                       min_tokens: 256 (req)
22:52:52.147 INFO:     #288 chat/completions (stream): 84 prompt tokens ·
                       temperature: 0, greedy (req), max_tokens: 256 (req),
                       min_tokens: 256 (req)
22:52:52.320 INFO:     #280 chat/completions (stream): 256 tokens generated at
                       67.8 T/s · prompt 64 tokens, none cached, 64 new in 0.07
                       s · first token 0.08 s, total 3.85 s · draft 146/225
                       accepted (65%) · max_tokens reached
22:52:52.388 INFO:     #289 chat/completions (stream): 76 prompt tokens ·
                       temperature: 0, greedy (req), max_tokens: 256 (req),
                       min_tokens: 256 (req)
22:52:53.258 INFO:     #282 chat/completions (stream): 256 tokens generated at
                       73.9 T/s · prompt 1,307 tokens, none cached, 1,307 new in
                       0.31 s (4,216 T/s) · first token 0.32 s, total 3.78 s ·
                       draft 149/219 accepted (68%) · max_tokens reached
22:52:53.331 INFO:     #290 chat/completions (stream): 881 prompt tokens ·
                       temperature: 0, greedy (req), max_tokens: 256 (req),
                       min_tokens: 256 (req)
22:52:54.102 INFO:     #283 chat/completions (stream): 256 tokens generated at
                       68.5 T/s · prompt 93 tokens, none cached, 93 new in 0.09
                       s · first token 0.10 s, total 3.83 s · draft 147/223
                       accepted (66%) · max_tokens reached
22:52:54.172 INFO:     #291 chat/completions (stream): 78 prompt tokens ·
                       temperature: 0, greedy (req), max_tokens: 256 (req),
                       min_tokens: 256 (req)
22:52:54.970 INFO:     #285 chat/completions (stream): 256 tokens generated at
                       77.8 T/s · prompt 97 tokens, none cached, 97 new in 0.09
                       s · first token 0.10 s, total 3.39 s · draft 161/190
                       accepted (85%) · max_tokens reached
22:52:55.014 INFO:     #287 chat/completions (stream): 256 tokens generated at
                       91.4 T/s · prompt 772 tokens, none cached, 772 new in
                       0.34 s (2,271 T/s) · queued 0.16 s, first token 0.50 s,
                       total 3.30 s · draft 162/188 accepted (86%) · max_tokens
                       reached
22:52:55.033 INFO:     #292 chat/completions (stream): 681 prompt tokens ·
                       temperature: 0, greedy (req), max_tokens: 256 (req),
                       min_tokens: 256 (req)
22:52:55.352 INFO:     #293 chat/completions (stream): 947 prompt tokens ·
                       temperature: 0, greedy (req), max_tokens: 256 (req),
                       min_tokens: 256 (req)
22:52:55.572 INFO:     #284 chat/completions (stream): 256 tokens generated at
                       72.4 T/s · prompt 108 tokens, none cached, 108 new in
                       0.10 s · first token 0.11 s, total 3.64 s · draft 154/205
                       accepted (75%) · max_tokens reached
22:52:55.741 INFO:     #294 chat/completions (stream): 98 prompt tokens ·
                       temperature: 0, greedy (req), max_tokens: 256 (req),
                       min_tokens: 256 (req)
22:52:56.047 INFO:     #289 chat/completions (stream): 256 tokens generated at
                       73.4 T/s · prompt 76 tokens, none cached, 76 new in 0.08
                       s · first token 0.09 s, total 3.57 s · draft 154/204
                       accepted (75%) · max_tokens reached
22:52:56.071 INFO:     #286 chat/completions (stream): 256 tokens generated at
                       66.4 T/s · prompt 752 tokens, none cached, 752 new in
                       0.48 s (1,567 T/s) · first token 0.49 s, total 4.35 s ·
                       draft 145/222 accepted (65%) · max_tokens reached
22:52:56.114 INFO:     #295 chat/completions (stream): 96 prompt tokens ·
                       temperature: 0, greedy (req), max_tokens: 256 (req),
                       min_tokens: 256 (req)
22:52:56.233 INFO:     #296 chat/completions (stream): 191 prompt tokens ·
                       temperature: 0, greedy (req), max_tokens: 256 (req),
                       min_tokens: 256 (req)
22:52:56.425 INFO:     #288 chat/completions (stream): 256 tokens generated at
                       64.1 T/s · prompt 84 tokens, none cached, 84 new in 0.08
                       s · first token 0.09 s, total 4.08 s · draft 139/234
                       accepted (59%) · max_tokens reached
22:52:56.496 INFO:     #297 chat/completions (stream): 166 prompt tokens ·
                       temperature: 0, greedy (req), max_tokens: 256 (req),
                       min_tokens: 256 (req)
22:52:57.010 INFO:     #290 chat/completions (stream): 256 tokens generated at
                       78.4 T/s · prompt 881 tokens, none cached, 881 new in
                       0.32 s (2,753 T/s) · first token 0.33 s, total 3.59 s ·
                       draft 162/188 accepted (86%) · max_tokens reached
22:52:57.080 INFO:     #298 chat/completions (stream): 85 prompt tokens ·
                       temperature: 0, greedy (req), max_tokens: 256 (req),
                       min_tokens: 256 (req)
22:52:57.918 INFO:     #291 chat/completions (stream): 256 tokens generated at
                       71.9 T/s · prompt 78 tokens, none cached, 78 new in 0.08
                       s · first token 0.09 s, total 3.65 s · draft 151/210
                       accepted (72%) · max_tokens reached
22:52:57.988 INFO:     #299 chat/completions (stream): 62 prompt tokens ·
                       temperature: 0, greedy (req), max_tokens: 256 (req),
                       min_tokens: 256 (req)
22:52:58.765 INFO:     #292 chat/completions (stream): 256 tokens generated at
                       76.4 T/s · prompt 681 tokens, none cached, 681 new in
                       0.29 s (2,348 T/s) · first token 0.30 s, total 3.65 s ·
                       draft 152/208 accepted (73%) · max_tokens reached
22:52:58.788 INFO:     #293 chat/completions (stream): 256 tokens generated at
                       84.4 T/s · prompt 947 tokens, none cached, 947 new in
                       0.31 s (3,055 T/s) · first token 0.32 s, total 3.35 s ·
                       draft 153/206 accepted (74%) · max_tokens reached
22:52:58.831 INFO:     #300 chat/completions (stream): 775 prompt tokens ·
                       temperature: 0, greedy (req), max_tokens: 256 (req),
                       min_tokens: 256 (req)
22:52:59.037 INFO:     #301 chat/completions (stream): 63 prompt tokens ·
                       temperature: 0, greedy (req), max_tokens: 256 (req),
                       min_tokens: 256 (req)
22:52:59.394 INFO:     #294 chat/completions (stream): 256 tokens generated at
                       73.9 T/s · prompt 98 tokens, none cached, 98 new in 0.09
                       s · first token 0.10 s, total 3.56 s · draft 142/228
                       accepted (62%) · max_tokens reached
22:52:59.462 INFO:     #302 chat/completions (stream): 97 prompt tokens ·
                       temperature: 0, greedy (req), max_tokens: 256 (req),
                       min_tokens: 256 (req)
22:52:59.625 INFO:     #297 chat/completions (stream): 256 tokens generated at
                       90.1 T/s · prompt 166 tokens, none cached, 166 new in
                       0.10 s · first token 0.11 s, total 2.95 s · draft 156/200
                       accepted (78%) · max_tokens reached
22:52:59.689 INFO:     #303 chat/completions (stream): 65 prompt tokens ·
                       temperature: 0, greedy (req), max_tokens: 256 (req),
                       min_tokens: 256 (req)
22:52:59.788 INFO:     #295 chat/completions (stream): 256 tokens generated at
                       75.0 T/s · prompt 96 tokens, none cached, 96 new in 0.09
                       s · first token 0.10 s, total 3.51 s · draft 144/224
                       accepted (64%) · max_tokens reached
22:52:59.855 INFO:     #304 chat/completions (stream): 61 prompt tokens ·
                       temperature: 0, greedy (req), max_tokens: 256 (req),
                       min_tokens: 256 (req)
22:52:59.996 INFO:     #296 chat/completions (stream): 256 tokens generated at
                       73.3 T/s · prompt 191 tokens, none cached, 191 new in
                       0.10 s · first token 0.11 s, total 3.60 s · draft 139/234
                       accepted (59%) · max_tokens reached
22:53:00.065 INFO:     #305 chat/completions (stream): 797 prompt tokens ·
                       temperature: 0, greedy (req), max_tokens: 256 (req),
                       min_tokens: 256 (req)
22:53:00.507 INFO:     #298 chat/completions (stream): 256 tokens generated at
                       79.0 T/s · prompt 85 tokens, none cached, 85 new in 0.09
                       s · first token 0.10 s, total 3.34 s · draft 153/206
                       accepted (74%) · max_tokens reached
22:53:00.578 INFO:     #306 chat/completions (stream): 822 prompt tokens ·
                       temperature: 0, greedy (req), max_tokens: 256 (req),
                       min_tokens: 256 (req)
22:53:01.442 INFO:     #299 chat/completions (stream): 256 tokens generated at
                       77.9 T/s · prompt 62 tokens, none cached, 62 new in 0.07
                       s · first token 0.08 s, total 3.36 s · draft 158/196
                       accepted (81%) · max_tokens reached
22:53:01.512 INFO:     #307 chat/completions (stream): 63 prompt tokens ·
                       temperature: 0, greedy (req), max_tokens: 256 (req),
                       min_tokens: 256 (req)
22:53:02.475 INFO:     #300 chat/completions (stream): 256 tokens generated at
                       78.8 T/s · prompt 775 tokens, none cached, 775 new in
                       0.29 s (2,672 T/s) · first token 0.30 s, total 3.55 s ·
                       draft 153/206 accepted (74%) · max_tokens reached
22:53:02.545 INFO:     #309 chat/completions (stream): 94 prompt tokens ·
                       temperature: 0, greedy (req), max_tokens: 256 (req),
                       min_tokens: 256 (req)
22:53:02.779 INFO:     #301 chat/completions (stream): 256 tokens generated at
                       72.0 T/s · prompt 63 tokens, none cached, 63 new in 0.07
                       s · first token 0.09 s, total 3.65 s · draft 144/224
                       accepted (64%) · max_tokens reached
22:53:02.840 INFO:     #310 chat/completions (stream): 104 prompt tokens ·
                       temperature: 0, greedy (req), max_tokens: 256 (req),
                       min_tokens: 256 (req)
22:53:02.960 INFO:     #302 chat/completions (stream): 256 tokens generated at
                       79.5 T/s · prompt 97 tokens, none cached, 97 new in 0.09
                       s · first token 0.10 s, total 3.31 s · draft 154/204
                       accepted (75%) · max_tokens reached
22:53:03.004 INFO:     #303 chat/completions (stream): 256 tokens generated at
                       83.8 T/s · prompt 65 tokens, none cached, 65 new in 0.07
                       s · first token 0.08 s, total 3.13 s · draft 158/196
                       accepted (81%) · max_tokens reached
22:53:03.026 INFO:     #311 chat/completions (stream): 470 prompt tokens ·
                       temperature: 0, greedy (req), max_tokens: 256 (req),
                       min_tokens: 256 (req)
22:53:03.340 INFO:     #312 chat/completions (stream): 957 prompt tokens ·
                       temperature: 0, greedy (req), max_tokens: 256 (req),
                       min_tokens: 256 (req)
22:53:03.861 INFO:     #305 chat/completions (stream): 256 tokens generated at
                       73.7 T/s · prompt 797 tokens, none cached, 797 new in
                       0.22 s (3,623 T/s) · first token 0.23 s, total 3.70 s ·
                       draft 156/200 accepted (78%) · max_tokens reached
22:53:03.930 INFO:     #313 chat/completions (stream): 90 prompt tokens ·
                       temperature: 0, greedy (req), max_tokens: 256 (req),
                       min_tokens: 256 (req)
22:53:04.089 INFO:     #304 chat/completions (stream): 256 tokens generated at
                       64.4 T/s · prompt 61 tokens, none cached, 61 new in 0.07
                       s · first token 0.08 s, total 4.05 s · draft 143/226
                       accepted (63%) · max_tokens reached
22:53:04.159 INFO:     #314 chat/completions (stream): 72 prompt tokens ·
                       temperature: 0, greedy (req), max_tokens: 256 (req),
                       min_tokens: 256 (req)
22:53:04.632 INFO:     #306 chat/completions (stream): 256 tokens generated at
                       70.0 T/s · prompt 822 tokens, none cached, 822 new in
                       0.29 s (2,834 T/s) · first token 0.30 s, total 3.96 s ·
                       draft 145/222 accepted (65%) · max_tokens reached
22:53:04.707 INFO:     #315 chat/completions (stream): 748 prompt tokens ·
                       temperature: 0, greedy (req), max_tokens: 256 (req),
                       min_tokens: 256 (req)
22:53:05.350 INFO:     #307 chat/completions (stream): 256 tokens generated at
                       69.8 T/s · prompt 63 tokens, none cached, 63 new in 0.07
                       s · first token 0.08 s, total 3.74 s · draft 154/204
                       accepted (75%) · max_tokens reached
22:53:05.421 INFO:     #316 chat/completions (stream): 135 prompt tokens ·
                       temperature: 0, greedy (req), max_tokens: 256 (req),
                       min_tokens: 256 (req)
22:53:06.154 INFO:     #309 chat/completions (stream): 256 tokens generated at
                       74.9 T/s · prompt 94 tokens, none cached, 94 new in 0.09
                       s · first token 0.10 s, total 3.52 s · draft 164/184
                       accepted (89%) · max_tokens reached
22:53:06.232 INFO:     #317 chat/completions (stream): 109 prompt tokens ·
                       temperature: 0, greedy (req), max_tokens: 256 (req),
                       min_tokens: 256 (req)
22:53:06.743 INFO:     #310 chat/completions (stream): 256 tokens generated at
                       68.9 T/s · prompt 104 tokens, none cached, 104 new in
                       0.09 s · first token 0.10 s, total 3.81 s · draft 153/206
                       accepted (74%) · max_tokens reached
22:53:06.767 INFO:     #311 chat/completions (stream): 256 tokens generated at
                       76.2 T/s · prompt 470 tokens, none cached, 470 new in
                       0.28 s (1,679 T/s) · first token 0.29 s, total 3.65 s ·
                       draft 157/198 accepted (79%) · max_tokens reached
22:53:06.813 INFO:     #318 chat/completions (stream): 748 prompt tokens ·
                       temperature: 0, greedy (req), max_tokens: 256 (req),
                       min_tokens: 256 (req)
22:53:06.989 INFO:     #319 chat/completions (stream): 1,170 prompt tokens ·
                       temperature: 0, greedy (req), max_tokens: 256 (req),
                       min_tokens: 256 (req)
22:53:07.646 INFO:     #312 chat/completions (stream): 256 tokens generated at
                       65.5 T/s · prompt 957 tokens, none cached, 957 new in
                       0.31 s (3,087 T/s) · first token 0.32 s, total 4.22 s ·
                       draft 146/220 accepted (66%) · max_tokens reached
22:53:07.685 INFO:     #313 chat/completions (stream): 256 tokens generated at
                       71.4 T/s · prompt 90 tokens, none cached, 90 new in 0.09
                       s · first token 0.10 s, total 3.68 s · draft 156/200
                       accepted (78%) · max_tokens reached
22:53:07.704 INFO:     #320 chat/completions (stream): 832 prompt tokens ·
                       temperature: 0, greedy (req), max_tokens: 256 (req),
                       min_tokens: 256 (req)
22:53:07.705 INFO:     #314 chat/completions (stream): 256 tokens generated at
                       76.2 T/s · prompt 72 tokens, none cached, 72 new in 0.10
                       s · first token 0.11 s, total 3.47 s · draft 161/190
                       accepted (85%) · max_tokens reached
22:53:08.012 INFO:     #321 chat/completions (stream): 64 prompt tokens ·
                       temperature: 0, greedy (req), max_tokens: 256 (req),
                       min_tokens: 256 (req)
22:53:08.113 INFO:     #322 chat/completions (stream): 103 prompt tokens ·
                       temperature: 0, greedy (req), max_tokens: 256 (req),
                       min_tokens: 256 (req)
22:53:08.806 INFO:     #315 chat/completions (stream): 256 tokens generated at
                       68.9 T/s · prompt 748 tokens, none cached, 748 new in
                       0.28 s (2,671 T/s) · first token 0.29 s, total 4.00 s ·
                       draft 152/208 accepted (73%) · max_tokens reached
22:53:08.873 INFO:     #323 chat/completions (stream): 101 prompt tokens ·
                       temperature: 0, greedy (req), max_tokens: 256 (req),
                       min_tokens: 256 (req)
22:53:08.874 INFO:     #316 chat/completions (stream): 256 tokens generated at
                       78.8 T/s · prompt 135 tokens, none cached, 135 new in
                       0.11 s · first token 0.12 s, total 3.36 s · draft 166/180
                       accepted (92%) · max_tokens reached
22:53:09.044 INFO:     #324 chat/completions (stream): 63 prompt tokens ·
                       temperature: 0, greedy (req), max_tokens: 256 (req),
                       min_tokens: 256 (req)
22:53:09.837 INFO:     #317 chat/completions (stream): 256 tokens generated at
                       75.1 T/s · prompt 109 tokens, none cached, 109 new in
                       0.09 s · first token 0.10 s, total 3.51 s · draft 163/186
                       accepted (88%) · max_tokens reached
22:53:09.909 INFO:     #325 chat/completions (stream): 63 prompt tokens ·
                       temperature: 0, greedy (req), max_tokens: 256 (req),
                       min_tokens: 256 (req)
22:53:10.664 INFO:     #318 chat/completions (stream): 256 tokens generated at
                       79.0 T/s · prompt 748 tokens, none cached, 748 new in
                       0.51 s (1,467 T/s) · first token 0.52 s, total 3.76 s ·
                       draft 153/206 accepted (74%) · max_tokens reached
22:53:10.734 INFO:     #326 chat/completions (stream): 155 prompt tokens ·
                       temperature: 0, greedy (req), max_tokens: 256 (req),
                       min_tokens: 256 (req)
22:53:11.032 INFO:     #319 chat/completions (stream): 256 tokens generated at
                       74.3 T/s · prompt 1,170 tokens, none cached, 1,170 new in
                       0.34 s (3,441 T/s) · queued 0.12 s, first token 0.46 s,
                       total 3.90 s · draft 146/220 accepted (66%) · max_tokens
                       reached
22:53:11.102 INFO:     #327 chat/completions (stream): 71 prompt tokens ·
                       temperature: 0, greedy (req), max_tokens: 256 (req),
                       min_tokens: 256 (req)
22:53:11.254 INFO:     #320 chat/completions (stream): 256 tokens generated at
                       82.9 T/s · prompt 832 tokens, none cached, 832 new in
                       0.28 s (2,971 T/s) · first token 0.29 s, total 3.38 s ·
                       draft 153/206 accepted (74%) · max_tokens reached
22:53:11.316 INFO:     #328 chat/completions (stream): 102 prompt tokens ·
                       temperature: 0, greedy (req), max_tokens: 256 (req),
                       min_tokens: 256 (req)
22:53:11.437 INFO:     #322 chat/completions (stream): 256 tokens generated at
                       84.2 T/s · prompt 103 tokens, none cached, 103 new in
                       0.09 s · first token 0.10 s, total 3.14 s · draft 151/210
                       accepted (72%) · max_tokens reached
22:53:11.505 INFO:     #329 chat/completions (stream): 91 prompt tokens ·
                       temperature: 0, greedy (req), max_tokens: 256 (req),
                       min_tokens: 256 (req)
22:53:11.707 INFO:     #321 chat/completions (stream): 256 tokens generated at
                       72.6 T/s · prompt 64 tokens, none cached, 64 new in 0.07
                       s · first token 0.08 s, total 3.60 s · draft 142/228
                       accepted (62%) · max_tokens reached
22:53:11.775 INFO:     #330 chat/completions (stream): 788 prompt tokens ·
                       temperature: 0, greedy (req), max_tokens: 256 (req),
                       min_tokens: 256 (req)
22:53:12.420 INFO:     #324 chat/completions (stream): 256 tokens generated at
                       79.8 T/s · prompt 63 tokens, none cached, 63 new in 0.07
                       s · first token 0.08 s, total 3.29 s · draft 153/206
                       accepted (74%) · max_tokens reached
22:53:12.465 INFO:     #323 chat/completions (stream): 256 tokens generated at
                       75.3 T/s · prompt 101 tokens, none cached, 101 new in
                       0.09 s · first token 0.10 s, total 3.50 s · draft 148/216
                       accepted (69%) · max_tokens reached
22:53:12.488 INFO:     #331 chat/completions (stream): 809 prompt tokens ·
                       temperature: 0, greedy (req), max_tokens: 256 (req),
                       min_tokens: 256 (req)
22:53:12.794 INFO:     #332 chat/completions (stream): 106 prompt tokens ·
                       temperature: 0, greedy (req), max_tokens: 256 (req),
                       min_tokens: 256 (req)
22:53:13.520 INFO:     #325 chat/completions (stream): 256 tokens generated at
                       74.5 T/s · prompt 63 tokens, none cached, 63 new in 0.07
                       s · first token 0.08 s, total 3.51 s · draft 154/204
                       accepted (75%) · max_tokens reached
22:53:13.591 INFO:     #333 chat/completions (stream): 87 prompt tokens ·
                       temperature: 0, greedy (req), max_tokens: 256 (req),
                       min_tokens: 256 (req)
22:53:14.401 INFO:     #326 chat/completions (stream): 256 tokens generated at
                       73.7 T/s · prompt 155 tokens, none cached, 155 new in
                       0.09 s · first token 0.10 s, total 3.57 s · draft 153/206
                       accepted (74%) · max_tokens reached
22:53:14.472 INFO:     #334 chat/completions (stream): 95 prompt tokens ·
                       temperature: 0, greedy (req), max_tokens: 256 (req),
                       min_tokens: 256 (req)
22:53:15.003 INFO:     #327 chat/completions (stream): 256 tokens generated at
                       68.7 T/s · prompt 71 tokens, none cached, 71 new in 0.08
                       s · first token 0.09 s, total 3.81 s · draft 140/232
                       accepted (60%) · max_tokens reached
22:53:15.026 INFO:     #329 chat/completions (stream): 256 tokens generated at
                       76.6 T/s · prompt 91 tokens, none cached, 91 new in 0.09
                       s · first token 0.10 s, total 3.44 s · draft 149/214
                       accepted (70%) · max_tokens reached
22:53:15.070 INFO:     #335 chat/completions (stream): 133 prompt tokens ·
                       temperature: 0, greedy (req), max_tokens: 256 (req),
                       min_tokens: 256 (req)
22:53:15.208 INFO:     #336 chat/completions (stream): 125 prompt tokens ·
                       temperature: 0, greedy (req), max_tokens: 256 (req),
                       min_tokens: 256 (req)
22:53:15.450 INFO:     #330 chat/completions (stream): 256 tokens generated at
                       76.4 T/s · prompt 788 tokens, none cached, 788 new in
                       0.23 s (3,426 T/s) · first token 0.24 s, total 3.59 s ·
                       draft 149/214 accepted (70%) · max_tokens reached
22:53:15.518 INFO:     #337 chat/completions (stream): 92 prompt tokens ·
                       temperature: 0, greedy (req), max_tokens: 256 (req),
                       min_tokens: 256 (req)
22:53:15.519 INFO:     #328 chat/completions (stream): 256 tokens generated at
                       63.8 T/s · prompt 102 tokens, none cached, 102 new in
                       0.09 s · first token 0.10 s, total 4.11 s · draft 133/246
                       accepted (54%) · max_tokens reached
22:53:15.678 INFO:     #338 chat/completions (stream): 143 prompt tokens ·
                       temperature: 0, greedy (req), max_tokens: 256 (req),
                       min_tokens: 256 (req)
22:53:15.814 INFO:     #332 chat/completions (stream): 256 tokens generated at
                       97.7 T/s · prompt 106 tokens, none cached, 106 new in
                       0.09 s · first token 0.10 s, total 2.72 s · draft 164/184
                       accepted (89%) · max_tokens reached
22:53:15.886 INFO:     #339 chat/completions (stream): 832 prompt tokens ·
                       temperature: 0, greedy (req), max_tokens: 256 (req),
                       min_tokens: 256 (req)
22:53:16.726 INFO:     #331 chat/completions (stream): 256 tokens generated at
                       66.2 T/s · prompt 809 tokens, none cached, 809 new in
                       0.28 s (2,889 T/s) · first token 0.29 s, total 4.16 s ·
                       draft 136/240 accepted (57%) · max_tokens reached
22:53:16.750 INFO:     #333 chat/completions (stream): 256 tokens generated at
                       86.0 T/s · prompt 87 tokens, none cached, 87 new in 0.09
                       s · first token 0.10 s, total 3.07 s · draft 165/182
                       accepted (91%) · max_tokens reached
22:53:16.793 INFO:     #340 chat/completions (stream): 91 prompt tokens ·
                       temperature: 0, greedy (req), max_tokens: 256 (req),
                       min_tokens: 256 (req)
22:53:16.909 INFO:     #341 chat/completions (stream): 62 prompt tokens ·
                       temperature: 0, greedy (req), max_tokens: 256 (req),
                       min_tokens: 256 (req)
22:53:18.252 INFO:     #334 chat/completions (stream): 256 tokens generated at
                       71.4 T/s · prompt 95 tokens, none cached, 95 new in 0.09
                       s · first token 0.10 s, total 3.68 s · draft 142/228
                       accepted (62%) · max_tokens reached
22:53:18.316 INFO:     #343 chat/completions (stream): 62 prompt tokens ·
                       temperature: 0, greedy (req), max_tokens: 256 (req),
                       min_tokens: 256 (req)
22:53:18.415 INFO:     #336 chat/completions (stream): 256 tokens generated at
                       87.2 T/s · prompt 125 tokens, none cached, 125 new in
                       0.10 s · first token 0.11 s, total 3.04 s · draft 160/192
                       accepted (83%) · max_tokens reached
22:53:18.482 INFO:     #344 chat/completions (stream): 71 prompt tokens ·
                       temperature: 0, greedy (req), max_tokens: 256 (req),
                       min_tokens: 256 (req)
22:53:18.627 INFO:     #335 chat/completions (stream): 256 tokens generated at
                       78.2 T/s · prompt 133 tokens, none cached, 133 new in
                       0.11 s · first token 0.12 s, total 3.39 s · draft 153/206
                       accepted (74%) · max_tokens reached
22:53:18.650 INFO:     #337 chat/completions (stream): 256 tokens generated at
                       89.2 T/s · prompt 92 tokens, none cached, 92 new in 0.09
                       s · first token 0.10 s, total 2.96 s · draft 162/188
                       accepted (86%) · max_tokens reached
22:53:18.694 INFO:     #345 chat/completions (stream): 93 prompt tokens ·
                       temperature: 0, greedy (req), max_tokens: 256 (req),
                       min_tokens: 256 (req)
22:53:18.811 INFO:     #346 chat/completions (stream): 74 prompt tokens ·
                       temperature: 0, greedy (req), max_tokens: 256 (req),
                       min_tokens: 256 (req)
22:53:19.443 INFO:     #339 chat/completions (stream): 256 tokens generated at
                       81.1 T/s · prompt 832 tokens, none cached, 832 new in
                       0.29 s (2,869 T/s) · first token 0.30 s, total 3.45 s ·
                       draft 146/220 accepted (66%) · max_tokens reached
22:53:19.510 INFO:     #347 chat/completions (stream): 892 prompt tokens ·
                       temperature: 0, greedy (req), max_tokens: 256 (req),
                       min_tokens: 256 (req)
22:53:19.510 INFO:     #338 chat/completions (stream): 256 tokens generated at
                       70.5 T/s · prompt 143 tokens, none cached, 143 new in
                       0.11 s · first token 0.12 s, total 3.74 s · draft 138/236
                       accepted (58%) · max_tokens reached
22:53:19.878 INFO:     #348 chat/completions (stream): 726 prompt tokens ·
                       temperature: 0, greedy (req), max_tokens: 256 (req),
                       min_tokens: 256 (req)
22:53:20.255 INFO:     #340 chat/completions (stream): 256 tokens generated at
                       80.9 T/s · prompt 91 tokens, none cached, 91 new in 0.09
                       s · first token 0.10 s, total 3.26 s · draft 161/190
                       accepted (85%) · max_tokens reached
22:53:20.327 INFO:     #349 chat/completions (stream): 433 prompt tokens ·
                       temperature: 0, greedy (req), max_tokens: 256 (req),
                       min_tokens: 256 (req)
22:53:21.107 INFO:     #341 chat/completions (stream): 256 tokens generated at
                       63.6 T/s · prompt 62 tokens, none cached, 62 new in 0.07
                       s · first token 0.08 s, total 4.10 s · draft 136/240
                       accepted (57%) · max_tokens reached
22:53:21.180 INFO:     #350 chat/completions (stream): 116 prompt tokens ·
                       temperature: 0, greedy (req), max_tokens: 256 (req),
                       min_tokens: 256 (req)
22:53:22.043 INFO:     #345 chat/completions (stream): 256 tokens generated at
                       80.9 T/s · prompt 93 tokens, none cached, 93 new in 0.09
                       s · first token 0.10 s, total 3.26 s · draft 167/178
                       accepted (94%) · max_tokens reached
22:53:22.114 INFO:     #351 chat/completions (stream): 81 prompt tokens ·
                       temperature: 0, greedy (req), max_tokens: 256 (req),
                       min_tokens: 256 (req)
22:53:22.340 INFO:     #344 chat/completions (stream): 256 tokens generated at
                       69.5 T/s · prompt 71 tokens, none cached, 71 new in 0.08
                       s · first token 0.09 s, total 3.77 s · draft 152/208
                       accepted (73%) · max_tokens reached
22:53:22.410 INFO:     #352 chat/completions (stream): 634 prompt tokens ·
                       temperature: 0, greedy (req), max_tokens: 256 (req),
                       min_tokens: 256 (req)
22:53:22.754 INFO:     #343 chat/completions (stream): 256 tokens generated at
                       63.7 T/s · prompt 62 tokens, none cached, 62 new in 0.07
                       s · first token 0.08 s, total 4.09 s · draft 141/230
                       accepted (61%) · max_tokens reached
22:53:22.823 INFO:     #353 chat/completions (stream): 71 prompt tokens ·
                       temperature: 0, greedy (req), max_tokens: 256 (req),
                       min_tokens: 256 (req)
22:53:23.114 INFO:     #346 chat/completions (stream): 256 tokens generated at
                       62.0 T/s · prompt 74 tokens, none cached, 74 new in 0.08
                       s · first token 0.09 s, total 4.21 s · draft 140/232
                       accepted (60%) · max_tokens reached
22:53:23.183 INFO:     #354 chat/completions (stream): 100 prompt tokens ·
                       temperature: 0, greedy (req), max_tokens: 256 (req),
                       min_tokens: 256 (req)
22:53:23.444 INFO:     #347 chat/completions (stream): 256 tokens generated at
                       72.7 T/s · prompt 892 tokens, none cached, 892 new in
                       0.31 s (2,877 T/s) · first token 0.32 s, total 3.84 s ·
                       draft 155/202 accepted (77%) · max_tokens reached
22:53:23.514 INFO:     #355 chat/completions (stream): 96 prompt tokens ·
                       temperature: 0, greedy (req), max_tokens: 256 (req),
                       min_tokens: 256 (req)
22:53:23.857 INFO:     #348 chat/completions (stream): 256 tokens generated at
                       70.9 T/s · prompt 726 tokens, none cached, 726 new in
                       0.28 s (2,593 T/s) · first token 0.29 s, total 3.90 s ·
                       draft 144/224 accepted (64%) · max_tokens reached
22:53:23.879 INFO:     #349 chat/completions (stream): 256 tokens generated at
                       79.7 T/s · prompt 433 tokens, none cached, 433 new in
                       0.25 s (1,732 T/s) · first token 0.26 s, total 3.47 s ·
                       draft 151/210 accepted (72%) · max_tokens reached
22:53:23.924 INFO:     #356 chat/completions (stream): 93 prompt tokens ·
                       temperature: 0, greedy (req), max_tokens: 256 (req),
                       min_tokens: 256 (req)
22:53:24.041 INFO:     #357 chat/completions (stream): 804 prompt tokens ·
                       temperature: 0, greedy (req), max_tokens: 256 (req),
                       min_tokens: 256 (req)
22:53:24.606 INFO:     #350 chat/completions (stream): 256 tokens generated at
                       79.2 T/s · prompt 116 tokens, none cached, 116 new in
                       0.10 s · first token 0.11 s, total 3.34 s · draft 160/192
                       accepted (83%) · max_tokens reached
22:53:24.674 INFO:     #358 chat/completions (stream): 745 prompt tokens ·
                       temperature: 0, greedy (req), max_tokens: 256 (req),
                       min_tokens: 256 (req)
22:53:25.858 INFO:     #351 chat/completions (stream): 256 tokens generated at
                       71.9 T/s · prompt 81 tokens, none cached, 81 new in 0.08
                       s · first token 0.09 s, total 3.65 s · draft 153/206
                       accepted (74%) · max_tokens reached
22:53:25.931 INFO:     #359 chat/completions (stream): 740 prompt tokens ·
                       temperature: 0, greedy (req), max_tokens: 256 (req),
                       min_tokens: 256 (req)
22:53:26.512 INFO:     #352 chat/completions (stream): 256 tokens generated at
                       68.3 T/s · prompt 634 tokens, none cached, 634 new in
                       0.27 s (2,348 T/s) · first token 0.28 s, total 4.03 s ·
                       draft 146/220 accepted (66%) · max_tokens reached
22:53:26.531 INFO:     #353 chat/completions (stream): 256 tokens generated at
                       72.1 T/s · prompt 71 tokens, none cached, 71 new in 0.08
                       s · first token 0.09 s, total 3.64 s · draft 151/210
                       accepted (72%) · max_tokens reached
22:53:26.533 INFO:     #354 chat/completions (stream): 256 tokens generated at
                       80.6 T/s · prompt 100 tokens, none cached, 100 new in
                       0.09 s · first token 0.10 s, total 3.27 s · draft 163/186
                       accepted (88%) · max_tokens reached
22:53:26.571 INFO:     #360 chat/completions (stream): 93 prompt tokens ·
                       temperature: 0, greedy (req), max_tokens: 256 (req),
                       min_tokens: 256 (req)
22:53:26.687 INFO:     #361 chat/completions (stream): 108 prompt tokens ·
                       temperature: 0, greedy (req), max_tokens: 256 (req),
                       min_tokens: 256 (req)
22:53:26.688 INFO:     #362 chat/completions (stream): 63 prompt tokens ·
                       temperature: 0, greedy (req), max_tokens: 256 (req),
                       min_tokens: 256 (req)
22:53:27.428 INFO:     #355 chat/completions (stream): 256 tokens generated at
                       68.7 T/s · prompt 96 tokens, none cached, 96 new in 0.09
                       s · first token 0.10 s, total 3.82 s · draft 147/218
                       accepted (67%) · max_tokens reached
22:53:27.497 INFO:     #363 chat/completions (stream): 395 prompt tokens ·
                       temperature: 0, greedy (req), max_tokens: 256 (req),
                       min_tokens: 256 (req)
22:53:27.778 INFO:     #357 chat/completions (stream): 256 tokens generated at
                       81.9 T/s · prompt 804 tokens, none cached, 804 new in
                       0.28 s (2,871 T/s) · first token 0.29 s, total 3.41 s ·
                       draft 158/196 accepted (81%) · max_tokens reached
22:53:27.863 INFO:     #364 chat/completions (stream): 692 prompt tokens ·
                       temperature: 0, greedy (req), max_tokens: 256 (req),
                       min_tokens: 256 (req)
22:53:28.353 INFO:     #358 chat/completions (stream): 256 tokens generated at
                       77.7 T/s · prompt 745 tokens, none cached, 745 new in
                       0.29 s (2,569 T/s) · first token 0.30 s, total 3.59 s ·
                       draft 162/188 accepted (86%) · max_tokens reached
22:53:28.419 INFO:     #365 chat/completions (stream): 714 prompt tokens ·
                       temperature: 0, greedy (req), max_tokens: 256 (req),
                       min_tokens: 256 (req)
22:53:28.420 INFO:     #356 chat/completions (stream): 256 tokens generated at
                       59.3 T/s · prompt 93 tokens, none cached, 93 new in 0.09
                       s · first token 0.10 s, total 4.41 s · draft 141/230
                       accepted (61%) · max_tokens reached
22:53:28.745 INFO:     #366 chat/completions (stream): 79 prompt tokens ·
                       temperature: 0, greedy (req), max_tokens: 256 (req),
                       min_tokens: 256 (req)
22:53:30.075 INFO:     #359 chat/completions (stream): 256 tokens generated at
                       68.0 T/s · prompt 740 tokens, none cached, 740 new in
                       0.28 s (2,643 T/s) · first token 0.29 s, total 4.05 s ·
                       draft 146/220 accepted (66%) · max_tokens reached
22:53:30.100 INFO:     #361 chat/completions (stream): 256 tokens generated at
                       81.3 T/s · prompt 108 tokens, none cached, 108 new in
                       0.16 s · first token 0.17 s, total 3.32 s · draft 162/188
                       accepted (86%) · max_tokens reached
22:53:30.138 INFO:     #367 chat/completions (stream): 587 prompt tokens ·
                       temperature: 0, greedy (req), max_tokens: 256 (req),
                       min_tokens: 256 (req)
22:53:30.344 INFO:     #368 chat/completions (stream): 120 prompt tokens ·
                       temperature: 0, greedy (req), max_tokens: 256 (req),
                       min_tokens: 256 (req)
22:53:30.553 INFO:     #360 chat/completions (stream): 256 tokens generated at
                       74.6 T/s · prompt 93 tokens, none cached, 93 new in 0.09
                       s · first token 0.10 s, total 3.53 s · draft 157/198
                       accepted (79%) · max_tokens reached
22:53:30.622 INFO:     #369 chat/completions (stream): 111 prompt tokens ·
                       temperature: 0, greedy (req), max_tokens: 256 (req),
                       min_tokens: 256 (req)
22:53:31.274 INFO:     #362 chat/completions (stream): 256 tokens generated at
                       59.3 T/s · prompt 63 tokens, none cached, 63 new in 0.07
                       s · queued 0.10 s, first token 0.17 s, total 4.49 s ·
                       draft 132/248 accepted (53%) · max_tokens reached
22:53:31.339 INFO:     #370 chat/completions (stream): 894 prompt tokens ·
                       temperature: 0, greedy (req), max_tokens: 256 (req),
                       min_tokens: 256 (req)
22:53:31.673 INFO:     #363 chat/completions (stream): 256 tokens generated at
                       72.3 T/s · prompt 395 tokens, none cached, 395 new in
                       0.25 s (1,580 T/s) · first token 0.26 s, total 3.80 s ·
                       draft 154/204 accepted (75%) · max_tokens reached
22:53:31.746 INFO:     #371 chat/completions (stream): 1,157 prompt tokens ·
                       temperature: 0, greedy (req), max_tokens: 256 (req),
                       min_tokens: 256 (req)
22:53:32.276 INFO:     #364 chat/completions (stream): 256 tokens generated at
                       63.5 T/s · prompt 692 tokens, none cached, 692 new in
                       0.27 s (2,563 T/s) · first token 0.28 s, total 4.31 s ·
                       draft 148/216 accepted (69%) · max_tokens reached
22:53:32.344 INFO:     #373 chat/completions (stream): 93 prompt tokens ·
                       temperature: 0, greedy (req), max_tokens: 256 (req),
                       min_tokens: 256 (req)
22:53:32.987 INFO:     #366 chat/completions (stream): 256 tokens generated at
                       63.0 T/s · prompt 79 tokens, none cached, 79 new in 0.08
                       s · first token 0.09 s, total 4.15 s · draft 136/240
                       accepted (57%) · max_tokens reached
22:53:33.058 INFO:     #374 chat/completions (stream): 61 prompt tokens ·
                       temperature: 0, greedy (req), max_tokens: 256 (req),
                       min_tokens: 256 (req)
22:53:33.581 INFO:     #365 chat/completions (stream): 256 tokens generated at
                       53.4 T/s · prompt 714 tokens, none cached, 714 new in
                       0.27 s (2,644 T/s) · first token 0.28 s, total 5.07 s ·
                       draft 112/288 accepted (39%) · max_tokens reached
22:53:33.626 INFO:     #368 chat/completions (stream): 256 tokens generated at
                       85.1 T/s · prompt 120 tokens, none cached, 120 new in
                       0.10 s · first token 0.19 s, total 3.19 s · draft 167/178
                       accepted (94%) · max_tokens reached
22:53:33.649 INFO:     #375 chat/completions (stream): 1,540 prompt tokens ·
                       temperature: 0, greedy (req), max_tokens: 256 (req),
                       min_tokens: 256 (req)
22:53:33.992 INFO:     #376 chat/completions (stream): 64 prompt tokens ·
                       temperature: 0, greedy (req), max_tokens: 256 (req),
                       min_tokens: 256 (req)
22:53:34.180 INFO:     #369 chat/completions (stream): 256 tokens generated at
                       76.0 T/s · prompt 111 tokens, none cached, 111 new in
                       0.09 s · first token 0.10 s, total 3.46 s · draft 163/186
                       accepted (88%) · max_tokens reached
22:53:34.251 INFO:     #377 chat/completions (stream): 123 prompt tokens ·
                       temperature: 0, greedy (req), max_tokens: 256 (req),
                       min_tokens: 256 (req)
22:53:34.747 INFO:     #367 chat/completions (stream): 256 tokens generated at
                       62.1 T/s · prompt 587 tokens, none cached, 587 new in
                       0.39 s (1,505 T/s) · first token 0.40 s, total 4.52 s ·
                       draft 140/232 accepted (60%) · max_tokens reached
22:53:34.817 INFO:     #378 chat/completions (stream): 72 prompt tokens ·
                       temperature: 0, greedy (req), max_tokens: 256 (req),
                       min_tokens: 256 (req)
22:53:35.017 INFO:     #370 chat/completions (stream): 256 tokens generated at
                       78.2 T/s · prompt 894 tokens, none cached, 894 new in
                       0.31 s (2,884 T/s) · first token 0.32 s, total 3.59 s ·
                       draft 163/186 accepted (88%) · max_tokens reached
22:53:35.088 INFO:     #379 chat/completions (stream): 81 prompt tokens ·
                       temperature: 0, greedy (req), max_tokens: 256 (req),
                       min_tokens: 256 (req)
22:53:35.643 INFO:     #371 chat/completions (stream): 256 tokens generated at
                       74.3 T/s · prompt 1,157 tokens, none cached, 1,157 new in
                       0.35 s (3,306 T/s) · first token 0.36 s, total 3.80 s ·
                       draft 146/220 accepted (66%) · max_tokens reached
22:53:35.706 INFO:     #380 chat/completions (stream): 64 prompt tokens ·
                       temperature: 0, greedy (req), max_tokens: 256 (req),
                       min_tokens: 256 (req)
22:53:35.706 INFO:     #373 chat/completions (stream): 256 tokens generated at
                       80.5 T/s · prompt 93 tokens, none cached, 93 new in 0.09
                       s · first token 0.10 s, total 3.28 s · draft 153/206
                       accepted (74%) · max_tokens reached
22:53:35.850 INFO:     #381 chat/completions (stream): 73 prompt tokens ·
                       temperature: 0, greedy (req), max_tokens: 256 (req),
                       min_tokens: 256 (req)
22:53:36.537 INFO:     #374 chat/completions (stream): 256 tokens generated at
                       77.3 T/s · prompt 61 tokens, none cached, 61 new in 0.07
                       s · first token 0.08 s, total 3.39 s · draft 151/210
                       accepted (72%) · max_tokens reached
22:53:36.608 INFO:     #382 chat/completions (stream): 63 prompt tokens ·
                       temperature: 0, greedy (req), max_tokens: 256 (req),
                       min_tokens: 256 (req)
22:53:37.181 INFO:     #376 chat/completions (stream): 256 tokens generated at
                       84.8 T/s · prompt 64 tokens, none cached, 64 new in 0.07
                       s · first token 0.08 s, total 3.10 s · draft 151/210
                       accepted (72%) · max_tokens reached
22:53:37.243 INFO:     #383 chat/completions (stream): 720 prompt tokens ·
                       temperature: 0, greedy (req), max_tokens: 256 (req),
                       min_tokens: 256 (req)
22:53:37.413 INFO:     #377 chat/completions (stream): 256 tokens generated at
                       90.7 T/s · prompt 123 tokens, none cached, 123 new in
                       0.10 s · first token 0.11 s, total 2.93 s · draft 155/202
                       accepted (77%) · max_tokens reached
22:53:37.542 INFO:     #375 chat/completions (stream): 256 tokens generated at
                       79.2 T/s · prompt 1,540 tokens, none cached, 1,540 new in
                       0.31 s (4,968 T/s) · first token 0.32 s, total 3.55 s ·
                       draft 145/222 accepted (65%) · max_tokens reached
22:53:37.587 INFO:     #384 chat/completions (stream): 110 prompt tokens ·
                       temperature: 0, greedy (req), max_tokens: 256 (req),
                       min_tokens: 256 (req)
22:53:37.709 INFO:     #385 chat/completions (stream): 751 prompt tokens ·
                       temperature: 0, greedy (req), max_tokens: 256 (req),
                       min_tokens: 256 (req)
22:53:38.578 INFO:     #379 chat/completions (stream): 256 tokens generated at
                       77.3 T/s · prompt 81 tokens, none cached, 81 new in 0.08
                       s · first token 0.09 s, total 3.40 s · draft 153/206
                       accepted (74%) · max_tokens reached
22:53:38.642 INFO:     #386 chat/completions (stream): 128 prompt tokens ·
                       temperature: 0, greedy (req), max_tokens: 256 (req),
                       min_tokens: 256 (req)
22:53:38.643 INFO:     #378 chat/completions (stream): 256 tokens generated at
                       70.1 T/s · prompt 72 tokens, none cached, 72 new in 0.08
                       s · first token 0.09 s, total 3.74 s · draft 142/228
                       accepted (62%) · max_tokens reached
22:53:38.817 INFO:     #387 chat/completions (stream): 103 prompt tokens ·
                       temperature: 0, greedy (req), max_tokens: 256 (req),
                       min_tokens: 256 (req)
22:53:39.470 INFO:     #381 chat/completions (stream): 256 tokens generated at
                       74.3 T/s · prompt 73 tokens, none cached, 73 new in 0.08
                       s · first token 0.09 s, total 3.53 s · draft 149/214
                       accepted (70%) · max_tokens reached
22:53:39.535 INFO:     #388 chat/completions (stream): 64 prompt tokens ·
                       temperature: 0, greedy (req), max_tokens: 256 (req),
                       min_tokens: 256 (req)
22:53:39.636 INFO:     #380 chat/completions (stream): 256 tokens generated at
                       69.5 T/s · prompt 64 tokens, none cached, 64 new in 0.07
                       s · first token 0.08 s, total 3.76 s · draft 142/228
                       accepted (62%) · max_tokens reached
22:53:39.707 INFO:     #389 chat/completions (stream): 114 prompt tokens ·
                       temperature: 0, greedy (req), max_tokens: 256 (req),
                       min_tokens: 256 (req)
22:53:40.546 INFO:     #382 chat/completions (stream): 256 tokens generated at
                       68.0 T/s · prompt 63 tokens, none cached, 63 new in 0.07
                       s · first token 0.08 s, total 3.84 s · draft 140/232
                       accepted (60%) · max_tokens reached
22:53:40.612 INFO:     #390 chat/completions (stream): 135 prompt tokens ·
                       temperature: 0, greedy (req), max_tokens: 256 (req),
                       min_tokens: 256 (req)
22:53:40.770 INFO:     #384 chat/completions (stream): 256 tokens generated at
                       88.8 T/s · prompt 110 tokens, none cached, 110 new in
                       0.09 s · first token 0.10 s, total 2.98 s · draft 163/186
                       accepted (88%) · max_tokens reached
22:53:40.839 INFO:     #391 chat/completions (stream): 80 prompt tokens ·
                       temperature: 0, greedy (req), max_tokens: 256 (req),
                       min_tokens: 256 (req)
22:53:41.088 INFO:     #385 chat/completions (stream): 256 tokens generated at
                       85.5 T/s · prompt 751 tokens, none cached, 751 new in
                       0.29 s (2,590 T/s) · first token 0.30 s, total 3.29 s ·
                       draft 155/202 accepted (77%) · max_tokens reached
22:53:41.153 INFO:     #392 chat/completions (stream): 73 prompt tokens ·
                       temperature: 0, greedy (req), max_tokens: 256 (req),
                       min_tokens: 256 (req)
22:53:41.257 INFO:     #383 chat/completions (stream): 256 tokens generated at
                       71.8 T/s · prompt 720 tokens, none cached, 720 new in
                       0.27 s (2,667 T/s) · first token 0.28 s, total 3.84 s ·
                       draft 146/220 accepted (66%) · max_tokens reached
22:53:41.325 INFO:     #393 chat/completions (stream): 62 prompt tokens ·
                       temperature: 0, greedy (req), max_tokens: 256 (req),
                       min_tokens: 256 (req)
22:53:41.636 INFO:     #386 chat/completions (stream): 256 tokens generated at
                       91.6 T/s · prompt 128 tokens, none cached, 128 new in
                       0.10 s · first token 0.11 s, total 2.90 s · draft 165/182
                       accepted (91%) · max_tokens reached
22:53:41.710 INFO:     #394 chat/completions (stream): 785 prompt tokens ·
                       temperature: 0, greedy (req), max_tokens: 256 (req),
                       min_tokens: 256 (req)
22:53:42.372 INFO:     #387 chat/completions (stream): 256 tokens generated at
                       76.1 T/s · prompt 103 tokens, none cached, 103 new in
                       0.09 s · first token 0.10 s, total 3.46 s · draft 146/220
                       accepted (66%) · max_tokens reached
22:53:42.444 INFO:     #395 chat/completions (stream): 92 prompt tokens ·
                       temperature: 0, greedy (req), max_tokens: 256 (req),
                       min_tokens: 256 (req)
22:53:43.150 INFO:     #389 chat/completions (stream): 256 tokens generated at
                       79.0 T/s · prompt 114 tokens, none cached, 114 new in
                       0.10 s · first token 0.11 s, total 3.35 s · draft 148/216
                       accepted (69%) · max_tokens reached
22:53:43.175 INFO:     #388 chat/completions (stream): 256 tokens generated at
                       73.8 T/s · prompt 64 tokens, none cached, 64 new in 0.07
                       s · first token 0.08 s, total 3.54 s · draft 143/226
                       accepted (63%) · max_tokens reached
22:53:43.235 INFO:     #396 chat/completions (stream): 680 prompt tokens ·
                       temperature: 0, greedy (req), max_tokens: 256 (req),
                       min_tokens: 256 (req)
22:53:43.416 INFO:     #397 chat/completions (stream): 125 prompt tokens ·
                       temperature: 0, greedy (req), max_tokens: 256 (req),
                       min_tokens: 256 (req)
22:53:43.903 INFO:     #390 chat/completions (stream): 256 tokens generated at
                       83.0 T/s · prompt 135 tokens, none cached, 135 new in
                       0.11 s · first token 0.12 s, total 3.20 s · draft 165/182
                       accepted (91%) · max_tokens reached
22:53:43.974 INFO:     #398 chat/completions (stream): 79 prompt tokens ·
                       temperature: 0, greedy (req), max_tokens: 256 (req),
                       min_tokens: 256 (req)
22:53:44.486 INFO:     #391 chat/completions (stream): 256 tokens generated at
                       73.7 T/s · prompt 80 tokens, none cached, 80 new in 0.08
                       s · first token 0.09 s, total 3.56 s · draft 149/214
                       accepted (70%) · max_tokens reached
22:53:44.556 INFO:     #399 chat/completions (stream): 86 prompt tokens ·
                       temperature: 0, greedy (req), max_tokens: 256 (req),
                       min_tokens: 256 (req)
22:53:44.755 INFO:     #392 chat/completions (stream): 256 tokens generated at
                       74.5 T/s · prompt 73 tokens, none cached, 73 new in 0.08
                       s · first token 0.09 s, total 3.52 s · draft 151/210
                       accepted (72%) · max_tokens reached
22:53:44.756 INFO:     #393 chat/completions (stream): 256 tokens generated at
                       78.3 T/s · prompt 62 tokens, none cached, 62 new in 0.07
                       s · first token 0.08 s, total 3.34 s · draft 155/202
                       accepted (77%) · max_tokens reached
22:53:44.819 INFO:     #400 chat/completions (stream): 69 prompt tokens ·
                       temperature: 0, greedy (req), max_tokens: 256 (req),
                       min_tokens: 256 (req)
22:53:44.820 INFO:     #401 chat/completions (stream): 80 prompt tokens ·
                       temperature: 0, greedy (req), max_tokens: 256 (req),
                       min_tokens: 256 (req)
22:53:45.278 INFO:     #394 chat/completions (stream): 256 tokens generated at
                       79.1 T/s · prompt 785 tokens, none cached, 785 new in
                       0.22 s (3,568 T/s) · first token 0.23 s, total 3.46 s ·
                       draft 154/204 accepted (75%) · max_tokens reached
22:53:45.348 INFO:     #402 chat/completions (stream): 80 prompt tokens ·
                       temperature: 0, greedy (req), max_tokens: 256 (req),
                       min_tokens: 256 (req)
22:53:45.831 INFO:     #395 chat/completions (stream): 256 tokens generated at
                       79.9 T/s · prompt 92 tokens, none cached, 92 new in 0.09
                       s · first token 0.10 s, total 3.30 s · draft 155/202
                       accepted (77%) · max_tokens reached
22:53:45.899 INFO:     #403 chat/completions (stream): 62 prompt tokens ·
                       temperature: 0, greedy (req), max_tokens: 256 (req),
                       min_tokens: 256 (req)
22:53:46.517 INFO:     #397 chat/completions (stream): 256 tokens generated at
                       91.2 T/s · prompt 125 tokens, none cached, 125 new in
                       0.10 s · queued 0.10 s, first token 0.20 s, total 3.01 s
                       · draft 158/196 accepted (81%) · max_tokens reached
22:53:46.588 INFO:     #404 chat/completions (stream): 635 prompt tokens ·
                       temperature: 0, greedy (req), max_tokens: 256 (req),
                       min_tokens: 256 (req)
22:53:46.980 INFO:     #396 chat/completions (stream): 256 tokens generated at
                       78.3 T/s · prompt 680 tokens, none cached, 680 new in
                       0.37 s (1,838 T/s) · first token 0.38 s, total 3.65 s ·
                       draft 149/214 accepted (70%) · max_tokens reached
22:53:47.051 INFO:     #405 chat/completions (stream): 828 prompt tokens ·
                       temperature: 0, greedy (req), max_tokens: 256 (req),
                       min_tokens: 256 (req)
22:53:47.637 INFO:     #398 chat/completions (stream): 256 tokens generated at
                       73.5 T/s · prompt 79 tokens, none cached, 79 new in 0.08
                       s · first token 0.09 s, total 3.57 s · draft 147/218
                       accepted (67%) · max_tokens reached
22:53:47.708 INFO:     #407 chat/completions (stream): 62 prompt tokens ·
                       temperature: 0, greedy (req), max_tokens: 256 (req),
                       min_tokens: 256 (req)
22:53:48.121 INFO:     #399 chat/completions (stream): 256 tokens generated at
                       75.8 T/s · prompt 86 tokens, none cached, 86 new in 0.09
                       s · first token 0.10 s, total 3.47 s · draft 151/210
                       accepted (72%) · max_tokens reached
22:53:48.206 INFO:     #408 chat/completions (stream): 79 prompt tokens ·
                       temperature: 0, greedy (req), max_tokens: 256 (req),
                       min_tokens: 256 (req)
22:53:48.374 INFO:     #400 chat/completions (stream): 256 tokens generated at
                       79.6 T/s · prompt 69 tokens, none cached, 69 new in 0.16
                       s · first token 0.17 s, total 3.39 s · draft 152/208
                       accepted (73%) · max_tokens reached
22:53:48.375 INFO:     #401 chat/completions (stream): 256 tokens generated at
                       79.6 T/s · prompt 80 tokens, none cached, 80 new in 0.08
                       s · first token 0.17 s, total 3.38 s · draft 152/208
                       accepted (73%) · max_tokens reached
22:53:48.441 INFO:     #409 chat/completions (stream): 492 prompt tokens ·
                       temperature: 0, greedy (req), max_tokens: 256 (req),
                       min_tokens: 256 (req)
22:53:48.442 INFO:     #410 chat/completions (stream): 65 prompt tokens ·
                       temperature: 0, greedy (req), max_tokens: 256 (req),
                       min_tokens: 256 (req)
22:53:49.277 INFO:     #402 chat/completions (stream): 256 tokens generated at
                       68.4 T/s · prompt 80 tokens, none cached, 80 new in 0.08
                       s · first token 0.09 s, total 3.83 s · draft 143/226
                       accepted (63%) · max_tokens reached
22:53:49.351 INFO:     #411 chat/completions (stream): 63 prompt tokens ·
                       temperature: 0, greedy (req), max_tokens: 256 (req),
                       min_tokens: 256 (req)
22:53:49.835 INFO:     #403 chat/completions (stream): 256 tokens generated at
                       68.0 T/s · prompt 62 tokens, none cached, 62 new in 0.07
                       s · first token 0.08 s, total 3.84 s · draft 143/226
                       accepted (63%) · max_tokens reached
22:53:49.906 INFO:     #412 chat/completions (stream): 724 prompt tokens ·
                       temperature: 0, greedy (req), max_tokens: 256 (req),
                       min_tokens: 256 (req)
22:53:50.596 INFO:     #404 chat/completions (stream): 256 tokens generated at
                       70.4 T/s · prompt 635 tokens, none cached, 635 new in
                       0.27 s (2,352 T/s) · first token 0.28 s, total 3.91 s ·
                       draft 149/214 accepted (70%) · max_tokens reached
22:53:50.668 INFO:     #413 chat/completions (stream): 760 prompt tokens ·
                       temperature: 0, greedy (req), max_tokens: 256 (req),
                       min_tokens: 256 (req)
22:53:51.248 INFO:     #405 chat/completions (stream): 256 tokens generated at
                       67.2 T/s · prompt 828 tokens, none cached, 828 new in
                       0.28 s (2,957 T/s) · first token 0.29 s, total 4.09 s ·
                       draft 142/228 accepted (62%) · max_tokens reached
22:53:51.320 INFO:     #414 chat/completions (stream): 742 prompt tokens ·
                       temperature: 0, greedy (req), max_tokens: 256 (req),
                       min_tokens: 256 (req)
22:53:51.722 INFO:     #408 chat/completions (stream): 256 tokens generated at
                       76.7 T/s · prompt 79 tokens, none cached, 79 new in 0.08
                       s · first token 0.09 s, total 3.42 s · draft 166/180
                       accepted (92%) · max_tokens reached
22:53:51.788 INFO:     #415 chat/completions (stream): 61 prompt tokens ·
                       temperature: 0, greedy (req), max_tokens: 256 (req),
                       min_tokens: 256 (req)
22:53:51.908 INFO:     #407 chat/completions (stream): 256 tokens generated at
                       64.7 T/s · prompt 62 tokens, none cached, 62 new in 0.07
                       s · first token 0.08 s, total 4.03 s · draft 144/224
                       accepted (64%) · max_tokens reached
22:53:51.979 INFO:     #416 chat/completions (stream): 764 prompt tokens ·
                       temperature: 0, greedy (req), max_tokens: 256 (req),
                       min_tokens: 256 (req)
22:53:52.624 INFO:     #410 chat/completions (stream): 256 tokens generated at
                       66.0 T/s · prompt 65 tokens, none cached, 65 new in 0.07
                       s · queued 0.14 s, first token 0.21 s, total 4.09 s ·
                       draft 149/214 accepted (70%) · max_tokens reached
22:53:52.691 INFO:     #417 chat/completions (stream): 833 prompt tokens ·
                       temperature: 0, greedy (req), max_tokens: 256 (req),
                       min_tokens: 256 (req)
22:53:53.005 INFO:     #409 chat/completions (stream): 256 tokens generated at
                       66.4 T/s · prompt 492 tokens, none cached, 492 new in
                       0.34 s (1,447 T/s) · first token 0.35 s, total 4.21 s ·
                       draft 145/222 accepted (65%) · max_tokens reached
22:53:53.075 INFO:     #418 chat/completions (stream): 71 prompt tokens ·
                       temperature: 0, greedy (req), max_tokens: 256 (req),
                       min_tokens: 256 (req)
22:53:53.583 INFO:     #411 chat/completions (stream): 256 tokens generated at
                       63.0 T/s · prompt 63 tokens, none cached, 63 new in 0.07
                       s · first token 0.08 s, total 4.14 s · draft 147/218
                       accepted (67%) · max_tokens reached
22:53:53.656 INFO:     #419 chat/completions (stream): 798 prompt tokens ·
                       temperature: 0, greedy (req), max_tokens: 256 (req),
                       min_tokens: 256 (req)
22:53:54.176 INFO:     #412 chat/completions (stream): 256 tokens generated at
                       65.7 T/s · prompt 724 tokens, none cached, 724 new in
                       0.28 s (2,586 T/s) · first token 0.29 s, total 4.18 s ·
                       draft 152/208 accepted (73%) · max_tokens reached
22:53:54.255 INFO:     #420 chat/completions (stream): 87 prompt tokens ·
                       temperature: 0, greedy (req), max_tokens: 256 (req),
                       min_tokens: 256 (req)
22:53:54.671 INFO:     #413 chat/completions (stream): 256 tokens generated at
                       70.5 T/s · prompt 760 tokens, none cached, 760 new in
                       0.28 s (2,714 T/s) · first token 0.29 s, total 3.92 s ·
                       draft 156/200 accepted (78%) · max_tokens reached
22:53:54.741 INFO:     #421 chat/completions (stream): 773 prompt tokens ·
                       temperature: 0, greedy (req), max_tokens: 256 (req),
                       min_tokens: 256 (req)
22:53:55.166 INFO:     #414 chat/completions (stream): 256 tokens generated at
                       73.8 T/s · prompt 742 tokens, none cached, 742 new in
                       0.28 s (2,650 T/s) · first token 0.29 s, total 3.76 s ·
                       draft 159/194 accepted (82%) · max_tokens reached
22:53:55.243 INFO:     #422 chat/completions (stream): 114 prompt tokens ·
                       temperature: 0, greedy (req), max_tokens: 256 (req),
                       min_tokens: 256 (req)
22:53:55.610 INFO:     #416 chat/completions (stream): 256 tokens generated at
                       78.9 T/s · prompt 764 tokens, none cached, 764 new in
                       0.29 s (2,634 T/s) · first token 0.30 s, total 3.54 s ·
                       draft 159/194 accepted (82%) · max_tokens reached
22:53:55.681 INFO:     #423 chat/completions (stream): 312 prompt tokens ·
                       temperature: 0, greedy (req), max_tokens: 256 (req),
                       min_tokens: 256 (req)
22:53:56.220 INFO:     #415 chat/completions (stream): 256 tokens generated at
                       60.1 T/s · prompt 61 tokens, none cached, 61 new in 0.07
                       s · first token 0.08 s, total 4.33 s · draft 136/240
                       accepted (57%) · max_tokens reached
22:53:56.285 INFO:     #424 chat/completions (stream): 63 prompt tokens ·
                       temperature: 0, greedy (req), max_tokens: 256 (req),
                       min_tokens: 256 (req)
22:53:56.286 INFO:     #417 chat/completions (stream): 256 tokens generated at
                       79.6 T/s · prompt 833 tokens, none cached, 833 new in
                       0.28 s (2,975 T/s) · first token 0.29 s, total 3.50 s ·
                       draft 158/196 accepted (81%) · max_tokens reached
22:53:56.430 INFO:     #425 chat/completions (stream): 66 prompt tokens ·
                       temperature: 0, greedy (req), max_tokens: 256 (req),
                       min_tokens: 256 (req)
22:53:56.863 INFO:     #418 chat/completions (stream): 256 tokens generated at
                       70.8 T/s · prompt 71 tokens, none cached, 71 new in 0.08
                       s · first token 0.09 s, total 3.70 s · draft 144/224
                       accepted (64%) · max_tokens reached
22:53:56.935 INFO:     #426 chat/completions (stream): 912 prompt tokens ·
                       temperature: 0, greedy (req), max_tokens: 256 (req),
                       min_tokens: 256 (req)
22:53:57.598 INFO:     #419 chat/completions (stream): 256 tokens generated at
                       70.9 T/s · prompt 798 tokens, none cached, 798 new in
                       0.23 s (3,470 T/s) · first token 0.24 s, total 3.85 s ·
                       draft 148/216 accepted (69%) · max_tokens reached
22:53:57.670 INFO:     #427 chat/completions (stream): 66 prompt tokens ·
                       temperature: 0, greedy (req), max_tokens: 256 (req),
                       min_tokens: 256 (req)
22:53:57.893 INFO:     #420 chat/completions (stream): 256 tokens generated at
                       74.2 T/s · prompt 87 tokens, none cached, 87 new in 0.09
                       s · first token 0.10 s, total 3.55 s · draft 154/204
                       accepted (75%) · max_tokens reached
22:53:57.962 INFO:     #428 chat/completions (stream): 75 prompt tokens ·
                       temperature: 0, greedy (req), max_tokens: 256 (req),
                       min_tokens: 256 (req)
22:53:58.424 INFO:     #421 chat/completions (stream): 256 tokens generated at
                       75.9 T/s · prompt 773 tokens, none cached, 773 new in
                       0.21 s (3,681 T/s) · first token 0.22 s, total 3.59 s ·
                       draft 154/204 accepted (75%) · max_tokens reached
22:53:58.493 INFO:     #429 chat/completions (stream): 624 prompt tokens ·
                       temperature: 0, greedy (req), max_tokens: 256 (req),
                       min_tokens: 256 (req)
22:53:59.077 INFO:     #422 chat/completions (stream): 256 tokens generated at
                       70.4 T/s · prompt 114 tokens, none cached, 114 new in
                       0.10 s · first token 0.11 s, total 3.74 s · draft 149/214
                       accepted (70%) · max_tokens reached
22:53:59.147 INFO:     #430 chat/completions (stream): 63 prompt tokens ·
                       temperature: 0, greedy (req), max_tokens: 256 (req),
                       min_tokens: 256 (req)
22:53:59.338 INFO:     #423 chat/completions (stream): 256 tokens generated at
                       76.7 T/s · prompt 312 tokens, none cached, 312 new in
                       0.22 s (1,418 T/s) · first token 0.23 s, total 3.57 s ·
                       draft 156/200 accepted (78%) · max_tokens reached
22:53:59.406 INFO:     #431 chat/completions (stream): 78 prompt tokens ·
                       temperature: 0, greedy (req), max_tokens: 256 (req),
                       min_tokens: 256 (req)
22:53:59.629 INFO:     #424 chat/completions (stream): 256 tokens generated at
                       80.7 T/s · prompt 63 tokens, none cached, 63 new in 0.07
                       s · first token 0.08 s, total 3.25 s · draft 163/186
                       accepted (88%) · max_tokens reached
22:53:59.701 INFO:     #432 chat/completions (stream): 136 prompt tokens ·
                       temperature: 0, greedy (req), max_tokens: 256 (req),
                       min_tokens: 256 (req)
22:54:00.349 INFO:     #425 chat/completions (stream): 256 tokens generated at
                       68.4 T/s · prompt 66 tokens, none cached, 66 new in 0.08
                       s · first token 0.09 s, total 3.83 s · draft 141/230
                       accepted (61%) · max_tokens reached
22:54:00.421 INFO:     #433 chat/completions (stream): 87 prompt tokens ·
                       temperature: 0, greedy (req), max_tokens: 256 (req),
                       min_tokens: 256 (req)
22:54:00.830 INFO:     #426 chat/completions (stream): 256 tokens generated at
                       73.7 T/s · prompt 912 tokens, none cached, 912 new in
                       0.32 s (2,850 T/s) · first token 0.33 s, total 3.80 s ·
                       draft 144/224 accepted (64%) · max_tokens reached
22:54:00.902 INFO:     #434 chat/completions (stream): 63 prompt tokens ·
                       temperature: 0, greedy (req), max_tokens: 256 (req),
                       min_tokens: 256 (req)
22:54:01.070 INFO:     #427 chat/completions (stream): 256 tokens generated at
                       81.3 T/s · prompt 66 tokens, none cached, 66 new in 0.08
                       s · first token 0.09 s, total 3.24 s · draft 154/204
                       accepted (75%) · max_tokens reached
22:54:01.139 INFO:     #435 chat/completions (stream): 106 prompt tokens ·
                       temperature: 0, greedy (req), max_tokens: 256 (req),
                       min_tokens: 256 (req)
22:54:01.523 INFO:     #428 chat/completions (stream): 256 tokens generated at
                       75.6 T/s · prompt 75 tokens, none cached, 75 new in 0.08
                       s · first token 0.09 s, total 3.47 s · draft 148/216
                       accepted (69%) · max_tokens reached
22:54:01.593 INFO:     #436 chat/completions (stream): 121 prompt tokens ·
                       temperature: 0, greedy (req), max_tokens: 256 (req),
                       min_tokens: 256 (req)
22:54:02.181 INFO:     #429 chat/completions (stream): 256 tokens generated at
                       77.2 T/s · prompt 624 tokens, none cached, 624 new in
                       0.27 s (2,311 T/s) · first token 0.28 s, total 3.59 s ·
                       draft 144/224 accepted (64%) · max_tokens reached
22:54:02.253 INFO:     #438 chat/completions (stream): 88 prompt tokens ·
                       temperature: 0, greedy (req), max_tokens: 256 (req),
                       min_tokens: 256 (req)
22:54:02.506 INFO:     #430 chat/completions (stream): 256 tokens generated at
                       80.2 T/s · prompt 63 tokens, none cached, 63 new in 0.07
                       s · first token 0.08 s, total 3.27 s · draft 150/212
                       accepted (71%) · max_tokens reached
22:54:02.578 INFO:     #439 chat/completions (stream): 728 prompt tokens ·
                       temperature: 0, greedy (req), max_tokens: 256 (req),
                       min_tokens: 256 (req)
22:54:03.138 INFO:     #432 chat/completions (stream): 256 tokens generated at
                       79.1 T/s · prompt 136 tokens, none cached, 136 new in
                       0.11 s · first token 0.12 s, total 3.35 s · draft 151/210
                       accepted (72%) · max_tokens reached
22:54:03.183 INFO:     #431 chat/completions (stream): 256 tokens generated at
                       71.0 T/s · prompt 78 tokens, none cached, 78 new in 0.08
                       s · first token 0.09 s, total 3.69 s · draft 140/232
                       accepted (60%) · max_tokens reached
22:54:03.206 INFO:     #440 chat/completions (stream): 749 prompt tokens ·
                       temperature: 0, greedy (req), max_tokens: 256 (req),
                       min_tokens: 256 (req)
22:54:03.515 INFO:     #441 chat/completions (stream): 89 prompt tokens ·
                       temperature: 0, greedy (req), max_tokens: 256 (req),
                       min_tokens: 256 (req)
22:54:04.088 INFO:     #433 chat/completions (stream): 256 tokens generated at
                       73.6 T/s · prompt 87 tokens, none cached, 87 new in 0.09
                       s · first token 0.10 s, total 3.58 s · draft 151/210
                       accepted (72%) · max_tokens reached
22:54:04.158 INFO:     #442 chat/completions (stream): 341 prompt tokens ·
                       temperature: 0, greedy (req), max_tokens: 256 (req),
                       min_tokens: 256 (req)
22:54:04.685 INFO:     #434 chat/completions (stream): 256 tokens generated at
                       70.8 T/s · prompt 63 tokens, none cached, 63 new in 0.07
                       s · first token 0.08 s, total 3.69 s · draft 153/206
                       accepted (74%) · max_tokens reached
22:54:04.753 INFO:     #443 chat/completions (stream): 66 prompt tokens ·
                       temperature: 0, greedy (req), max_tokens: 256 (req),
                       min_tokens: 256 (req)
22:54:04.923 INFO:     #435 chat/completions (stream): 256 tokens generated at
                       72.9 T/s · prompt 106 tokens, none cached, 106 new in
                       0.09 s · first token 0.10 s, total 3.61 s · draft 153/206
                       accepted (74%) · max_tokens reached
22:54:04.995 INFO:     #444 chat/completions (stream): 63 prompt tokens ·
                       temperature: 0, greedy (req), max_tokens: 256 (req),
                       min_tokens: 256 (req)
22:54:05.185 INFO:     #436 chat/completions (stream): 256 tokens generated at
                       75.5 T/s · prompt 121 tokens, none cached, 121 new in
                       0.10 s · first token 0.11 s, total 3.50 s · draft 160/192
                       accepted (83%) · max_tokens reached
22:54:05.255 INFO:     #445 chat/completions (stream): 74 prompt tokens ·
                       temperature: 0, greedy (req), max_tokens: 256 (req),
                       min_tokens: 256 (req)
22:54:06.015 INFO:     #438 chat/completions (stream): 256 tokens generated at
                       71.6 T/s · prompt 88 tokens, none cached, 88 new in 0.09
                       s · first token 0.10 s, total 3.67 s · draft 152/208
                       accepted (73%) · max_tokens reached
22:54:06.085 INFO:     #446 chat/completions (stream): 107 prompt tokens ·
                       temperature: 0, greedy (req), max_tokens: 256 (req),
                       min_tokens: 256 (req)
22:54:06.497 INFO:     #439 chat/completions (stream): 256 tokens generated at
                       72.3 T/s · prompt 728 tokens, none cached, 728 new in
                       0.28 s (2,600 T/s) · first token 0.29 s, total 3.83 s ·
                       draft 147/218 accepted (67%) · max_tokens reached
22:54:06.563 INFO:     #447 chat/completions (stream): 165 prompt tokens ·
                       temperature: 0, greedy (req), max_tokens: 256 (req),
                       min_tokens: 256 (req)
22:54:06.686 INFO:     #440 chat/completions (stream): 256 tokens generated at
                       85.2 T/s · prompt 749 tokens, none cached, 749 new in
                       0.28 s (2,675 T/s) · first token 0.29 s, total 3.29 s ·
                       draft 159/194 accepted (82%) · max_tokens reached
22:54:06.757 INFO:     #448 chat/completions (stream): 780 prompt tokens ·
                       temperature: 0, greedy (req), max_tokens: 256 (req),
                       min_tokens: 256 (req)
22:54:07.209 INFO:     #441 chat/completions (stream): 256 tokens generated at
                       72.9 T/s · prompt 89 tokens, none cached, 89 new in 0.09
                       s · first token 0.10 s, total 3.61 s · draft 147/218
                       accepted (67%) · max_tokens reached
22:54:07.277 INFO:     #449 chat/completions (stream): 79 prompt tokens ·
                       temperature: 0, greedy (req), max_tokens: 256 (req),
                       min_tokens: 256 (req)
22:54:07.797 INFO:     #442 chat/completions (stream): 256 tokens generated at
                       78.7 T/s · prompt 341 tokens, none cached, 341 new in
                       0.29 s (1,176 T/s) · first token 0.30 s, total 3.55 s ·
                       draft 150/212 accepted (71%) · max_tokens reached
22:54:07.869 INFO:     #450 chat/completions (stream): 1,083 prompt tokens ·
                       temperature: 0, greedy (req), max_tokens: 256 (req),
                       min_tokens: 256 (req)
22:54:08.412 INFO:     #444 chat/completions (stream): 256 tokens generated at
                       78.8 T/s · prompt 63 tokens, none cached, 63 new in 0.07
                       s · first token 0.08 s, total 3.32 s · draft 157/198
                       accepted (79%) · max_tokens reached
22:54:08.482 INFO:     #451 chat/completions (stream): 82 prompt tokens ·
                       temperature: 0, greedy (req), max_tokens: 256 (req),
                       min_tokens: 256 (req)
22:54:08.640 INFO:     #443 chat/completions (stream): 256 tokens generated at
                       70.6 T/s · prompt 66 tokens, none cached, 66 new in 0.07
                       s · first token 0.08 s, total 3.70 s · draft 144/224
                       accepted (64%) · max_tokens reached
22:54:08.708 INFO:     #452 chat/completions (stream): 91 prompt tokens ·
                       temperature: 0, greedy (req), max_tokens: 256 (req),
                       min_tokens: 256 (req)
22:54:08.989 INFO:     #445 chat/completions (stream): 256 tokens generated at
                       72.0 T/s · prompt 74 tokens, none cached, 74 new in 0.08
                       s · first token 0.09 s, total 3.64 s · draft 148/216
                       accepted (69%) · max_tokens reached
22:54:09.060 INFO:     #453 chat/completions (stream): 82 prompt tokens ·
                       temperature: 0, greedy (req), max_tokens: 256 (req),
                       min_tokens: 256 (req)
22:54:09.642 INFO:     #446 chat/completions (stream): 256 tokens generated at
                       76.1 T/s · prompt 107 tokens, none cached, 107 new in
                       0.09 s · first token 0.10 s, total 3.46 s · draft 156/200
                       accepted (78%) · max_tokens reached
22:54:09.714 INFO:     #454 chat/completions (stream): 70 prompt tokens ·
                       temperature: 0, greedy (req), max_tokens: 256 (req),
                       min_tokens: 256 (req)
22:54:10.109 INFO:     #447 chat/completions (stream): 256 tokens generated at
                       76.4 T/s · prompt 165 tokens, none cached, 165 new in
                       0.09 s · first token 0.10 s, total 3.45 s · draft 156/200
                       accepted (78%) · max_tokens reached
22:54:10.182 INFO:     #455 chat/completions (stream): 816 prompt tokens ·
                       temperature: 0, greedy (req), max_tokens: 256 (req),
                       min_tokens: 256 (req)
22:54:10.549 INFO:     #448 chat/completions (stream): 256 tokens generated at
                       75.5 T/s · prompt 780 tokens, none cached, 780 new in
                       0.24 s (3,250 T/s) · first token 0.25 s, total 3.64 s ·
                       draft 153/206 accepted (74%) · max_tokens reached
22:54:10.618 INFO:     #456 chat/completions (stream): 103 prompt tokens ·
                       temperature: 0, greedy (req), max_tokens: 256 (req),
                       min_tokens: 256 (req)
22:54:10.762 INFO:     #449 chat/completions (stream): 256 tokens generated at
                       79.8 T/s · prompt 79 tokens, none cached, 79 new in 0.08
                       s · first token 0.09 s, total 3.29 s · draft 160/192
                       accepted (83%) · max_tokens reached
22:54:10.833 INFO:     #457 chat/completions (stream): 96 prompt tokens ·
                       temperature: 0, greedy (req), max_tokens: 256 (req),
                       min_tokens: 256 (req)
22:54:11.575 INFO:     #451 chat/completions (stream): 256 tokens generated at
                       88.0 T/s · prompt 82 tokens, none cached, 82 new in 0.08
                       s · first token 0.09 s, total 3.00 s · draft 165/182
                       accepted (91%) · max_tokens reached
22:54:11.648 INFO:     #458 chat/completions (stream): 64 prompt tokens ·
                       temperature: 0, greedy (req), max_tokens: 256 (req),
                       min_tokens: 256 (req)
22:54:11.891 INFO:     #450 chat/completions (stream): 256 tokens generated at
                       71.2 T/s · prompt 1,083 tokens, none cached, 1,083 new in
                       0.33 s (3,282 T/s) · first token 0.34 s, total 3.93 s ·
                       draft 143/226 accepted (63%) · max_tokens reached
22:54:11.962 INFO:     #459 chat/completions (stream): 494 prompt tokens ·
                       temperature: 0, greedy (req), max_tokens: 256 (req),
                       min_tokens: 256 (req)
22:54:12.389 INFO:     #452 chat/completions (stream): 256 tokens generated at
                       73.2 T/s · prompt 91 tokens, none cached, 91 new in 0.09
                       s · first token 0.10 s, total 3.59 s · draft 150/212
                       accepted (71%) · max_tokens reached
22:54:12.458 INFO:     #460 chat/completions (stream): 814 prompt tokens ·
                       temperature: 0, greedy (req), max_tokens: 256 (req),
                       min_tokens: 256 (req)
22:54:12.944 INFO:     #453 chat/completions (stream): 256 tokens generated at
                       69.1 T/s · prompt 82 tokens, none cached, 82 new in 0.08
                       s · first token 0.09 s, total 3.79 s · draft 148/216
                       accepted (69%) · max_tokens reached
22:54:13.013 INFO:     #461 chat/completions (stream): 64 prompt tokens ·
                       temperature: 0, greedy (req), max_tokens: 256 (req),
                       min_tokens: 256 (req)
22:54:13.414 INFO:     #454 chat/completions (stream): 256 tokens generated at
                       72.6 T/s · prompt 70 tokens, none cached, 70 new in 0.08
                       s · first token 0.09 s, total 3.61 s · draft 154/204
                       accepted (75%) · max_tokens reached
22:54:13.481 INFO:     #462 chat/completions (stream): 82 prompt tokens ·
                       temperature: 0, greedy (req), max_tokens: 256 (req),
                       min_tokens: 256 (req)
22:54:13.725 INFO:     #455 chat/completions (stream): 256 tokens generated at
                       80.5 T/s · prompt 816 tokens, none cached, 816 new in
                       0.27 s (3,022 T/s) · first token 0.28 s, total 3.46 s ·
                       draft 161/190 accepted (85%) · max_tokens reached
22:54:13.746 INFO:     #456 chat/completions (stream): 256 tokens generated at
                       86.9 T/s · prompt 103 tokens, none cached, 103 new in
                       0.09 s · first token 0.10 s, total 3.04 s · draft 167/178
                       accepted (94%) · max_tokens reached
22:54:13.790 INFO:     #463 chat/completions (stream): 97 prompt tokens ·
                       temperature: 0, greedy (req), max_tokens: 256 (req),
                       min_tokens: 256 (req)
22:54:13.906 INFO:     #464 chat/completions (stream): 64 prompt tokens ·
                       temperature: 0, greedy (req), max_tokens: 256 (req),
                       min_tokens: 256 (req)
22:54:14.400 INFO:     #457 chat/completions (stream): 256 tokens generated at
                       75.7 T/s · prompt 96 tokens, none cached, 96 new in 0.09
                       s · first token 0.10 s, total 3.48 s · draft 152/208
                       accepted (73%) · max_tokens reached
22:54:14.472 INFO:     #465 chat/completions (stream): 684 prompt tokens ·
                       temperature: 0, greedy (req), max_tokens: 256 (req),
                       min_tokens: 256 (req)
22:54:15.495 INFO:     #458 chat/completions (stream): 256 tokens generated at
                       69.7 T/s · prompt 64 tokens, none cached, 64 new in 0.07
                       s · first token 0.08 s, total 3.75 s · draft 146/220
                       accepted (66%) · max_tokens reached
22:54:15.569 INFO:     #466 chat/completions (stream): 704 prompt tokens ·
                       temperature: 0, greedy (req), max_tokens: 256 (req),
                       min_tokens: 256 (req)
22:54:16.045 INFO:     #459 chat/completions (stream): 256 tokens generated at
                       68.7 T/s · prompt 494 tokens, none cached, 494 new in
                       0.26 s (1,900 T/s) · first token 0.27 s, total 3.99 s ·
                       draft 145/222 accepted (65%) · max_tokens reached
22:54:16.109 INFO:     #467 chat/completions (stream): 583 prompt tokens ·
                       temperature: 0, greedy (req), max_tokens: 256 (req),
                       min_tokens: 256 (req)
22:54:16.109 INFO:     #460 chat/completions (stream): 256 tokens generated at
                       77.9 T/s · prompt 814 tokens, none cached, 814 new in
                       0.27 s (3,015 T/s) · first token 0.28 s, total 3.56 s ·
                       draft 153/206 accepted (74%) · max_tokens reached
22:54:16.414 INFO:     #468 chat/completions (stream): 255 prompt tokens ·
                       temperature: 0, greedy (req), max_tokens: 256 (req),
                       min_tokens: 256 (req)
22:54:16.822 INFO:     #461 chat/completions (stream): 256 tokens generated at
                       70.3 T/s · prompt 64 tokens, none cached, 64 new in 0.07
                       s · first token 0.08 s, total 3.72 s · draft 150/212
                       accepted (71%) · max_tokens reached
22:54:16.894 INFO:     #469 chat/completions (stream): 61 prompt tokens ·
                       temperature: 0, greedy (req), max_tokens: 256 (req),
                       min_tokens: 256 (req)
22:54:17.158 INFO:     #462 chat/completions (stream): 256 tokens generated at
                       73.2 T/s · prompt 82 tokens, none cached, 82 new in 0.08
                       s · first token 0.09 s, total 3.58 s · draft 156/200
                       accepted (78%) · max_tokens reached
22:54:17.206 INFO:     #463 chat/completions (stream): 256 tokens generated at
                       79.2 T/s · prompt 97 tokens, none cached, 97 new in 0.09
                       s · first token 0.10 s, total 3.33 s · draft 164/184
                       accepted (89%) · max_tokens reached
22:54:17.228 INFO:     #471 chat/completions (stream): 66 prompt tokens ·
                       temperature: 0, greedy (req), max_tokens: 256 (req),
                       min_tokens: 256 (req)
22:54:17.357 INFO:     #472 chat/completions (stream): 479 prompt tokens ·
                       temperature: 0, greedy (req), max_tokens: 256 (req),
                       min_tokens: 256 (req)
22:54:18.378 INFO:     #464 chat/completions (stream): 256 tokens generated at
                       59.5 T/s · prompt 64 tokens, none cached, 64 new in 0.07
                       s · first token 0.08 s, total 4.38 s · draft 130/252
                       accepted (52%) · max_tokens reached
22:54:18.450 INFO:     #473 chat/completions (stream): 93 prompt tokens ·
                       temperature: 0, greedy (req), max_tokens: 256 (req),
                       min_tokens: 256 (req)
22:54:18.635 INFO:     #465 chat/completions (stream): 256 tokens generated at
                       69.2 T/s · prompt 684 tokens, none cached, 684 new in
                       0.27 s (2,533 T/s) · first token 0.28 s, total 3.97 s ·
                       draft 144/224 accepted (64%) · max_tokens reached
22:54:18.708 INFO:     #474 chat/completions (stream): 743 prompt tokens ·
                       temperature: 0, greedy (req), max_tokens: 256 (req),
                       min_tokens: 256 (req)
22:54:19.700 INFO:     #466 chat/completions (stream): 256 tokens generated at
                       68.4 T/s · prompt 704 tokens, none cached, 704 new in
                       0.29 s (2,428 T/s) · first token 0.30 s, total 4.04 s ·
                       draft 147/218 accepted (67%) · max_tokens reached
22:54:19.771 INFO:     #475 chat/completions (stream): 82 prompt tokens ·
                       temperature: 0, greedy (req), max_tokens: 256 (req),
                       min_tokens: 256 (req)
22:54:19.977 INFO:     #467 chat/completions (stream): 256 tokens generated at
                       72.8 T/s · prompt 583 tokens, none cached, 583 new in
                       0.25 s (2,332 T/s) · first token 0.26 s, total 3.77 s ·
                       draft 151/210 accepted (72%) · max_tokens reached
22:54:20.044 INFO:     #476 chat/completions (stream): 124 prompt tokens ·
                       temperature: 0, greedy (req), max_tokens: 256 (req),
                       min_tokens: 256 (req)
22:54:20.209 INFO:     #468 chat/completions (stream): 256 tokens generated at
                       74.0 T/s · prompt 255 tokens, none cached, 255 new in
                       0.12 s · first token 0.13 s, total 3.59 s · draft 148/216
                       accepted (69%) · max_tokens reached
22:54:20.280 INFO:     #477 chat/completions (stream): 228 prompt tokens ·
                       temperature: 0, greedy (req), max_tokens: 256 (req),
                       min_tokens: 256 (req)
22:54:20.700 INFO:     #471 chat/completions (stream): 256 tokens generated at
                       77.5 T/s · prompt 66 tokens, none cached, 66 new in 0.07
                       s · first token 0.08 s, total 3.38 s · draft 158/196
                       accepted (81%) · max_tokens reached
22:54:20.722 INFO:     #469 chat/completions (stream): 256 tokens generated at
                       69.9 T/s · prompt 61 tokens, none cached, 61 new in 0.07
                       s · first token 0.08 s, total 3.74 s · draft 146/220
                       accepted (66%) · max_tokens reached
22:54:20.766 INFO:     #478 chat/completions (stream): 69 prompt tokens ·
                       temperature: 0, greedy (req), max_tokens: 256 (req),
                       min_tokens: 256 (req)
22:54:20.873 INFO:     #479 chat/completions (stream): 73 prompt tokens ·
                       temperature: 0, greedy (req), max_tokens: 256 (req),
                       min_tokens: 256 (req)
22:54:21.094 INFO:     #472 chat/completions (stream): 256 tokens generated at
                       75.8 T/s · prompt 479 tokens, none cached, 479 new in
                       0.26 s (1,842 T/s) · first token 0.27 s, total 3.64 s ·
                       draft 151/210 accepted (72%) · max_tokens reached
22:54:21.166 INFO:     #480 chat/completions (stream): 66 prompt tokens ·
                       temperature: 0, greedy (req), max_tokens: 256 (req),
                       min_tokens: 256 (req)
22:54:21.834 INFO:     #473 chat/completions (stream): 256 tokens generated at
                       80.1 T/s · prompt 93 tokens, none cached, 93 new in 0.09
                       s · first token 0.10 s, total 3.29 s · draft 158/196
                       accepted (81%) · max_tokens reached
22:54:21.906 INFO:     #481 chat/completions (stream): 736 prompt tokens ·
                       temperature: 0, greedy (req), max_tokens: 256 (req),
                       min_tokens: 256 (req)
22:54:22.363 INFO:     #474 chat/completions (stream): 256 tokens generated at
                       78.3 T/s · prompt 743 tokens, none cached, 743 new in
                       0.28 s (2,654 T/s) · first token 0.29 s, total 3.56 s ·
                       draft 155/202 accepted (77%) · max_tokens reached
22:54:22.435 INFO:     #482 chat/completions (stream): 106 prompt tokens ·
                       temperature: 0, greedy (req), max_tokens: 256 (req),
                       min_tokens: 256 (req)
22:54:23.171 INFO:     #475 chat/completions (stream): 256 tokens generated at
                       79.6 T/s · prompt 82 tokens, none cached, 82 new in 0.08
                       s · first token 0.09 s, total 3.30 s · draft 157/198
                       accepted (79%) · max_tokens reached
22:54:23.261 INFO:     #483 chat/completions (stream): 63 prompt tokens ·
                       temperature: 0, greedy (req), max_tokens: 256 (req),
                       min_tokens: 256 (req)
22:54:23.429 INFO:     #476 chat/completions (stream): 256 tokens generated at
                       82.4 T/s · prompt 124 tokens, none cached, 124 new in
                       0.10 s · first token 0.11 s, total 3.21 s · draft 158/196
                       accepted (81%) · max_tokens reached
22:54:23.498 INFO:     #484 chat/completions (stream): 76 prompt tokens ·
                       temperature: 0, greedy (req), max_tokens: 256 (req),
                       min_tokens: 256 (req)
22:54:23.741 INFO:     #477 chat/completions (stream): 256 tokens generated at
                       78.6 T/s · prompt 228 tokens, none cached, 228 new in
                       0.11 s · first token 0.12 s, total 3.37 s · draft 153/206
                       accepted (74%) · max_tokens reached
22:54:23.814 INFO:     #485 chat/completions (stream): 833 prompt tokens ·
                       temperature: 0, greedy (req), max_tokens: 256 (req),
                       min_tokens: 256 (req)
22:54:24.531 INFO:     #478 chat/completions (stream): 256 tokens generated at
                       71.2 T/s · prompt 69 tokens, none cached, 69 new in 0.08
                       s · first token 0.09 s, total 3.68 s · draft 147/218
                       accepted (67%) · max_tokens reached
22:54:24.553 INFO:     #480 chat/completions (stream): 256 tokens generated at
                       79.9 T/s · prompt 66 tokens, none cached, 66 new in 0.09
                       s · first token 0.10 s, total 3.30 s · draft 156/200
                       accepted (78%) · max_tokens reached
22:54:24.597 INFO:     #486 chat/completions (stream): 61 prompt tokens ·
                       temperature: 0, greedy (req), max_tokens: 256 (req),
                       min_tokens: 256 (req)
22:54:24.696 INFO:     #487 chat/completions (stream): 85 prompt tokens ·
                       temperature: 0, greedy (req), max_tokens: 256 (req),
                       min_tokens: 256 (req)
22:54:25.014 INFO:     #479 chat/completions (stream): 256 tokens generated at
                       64.5 T/s · prompt 73 tokens, none cached, 73 new in 0.08
                       s · first token 0.09 s, total 4.05 s · draft 134/244
                       accepted (55%) · max_tokens reached
22:54:25.081 INFO:     #488 chat/completions (stream): 100 prompt tokens ·
                       temperature: 0, greedy (req), max_tokens: 256 (req),
                       min_tokens: 256 (req)
22:54:25.582 INFO:     #482 chat/completions (stream): 256 tokens generated at
                       86.6 T/s · prompt 106 tokens, none cached, 106 new in
                       0.09 s · first token 0.10 s, total 3.05 s · draft 161/190
                       accepted (85%) · max_tokens reached
22:54:25.652 INFO:     #489 chat/completions (stream): 723 prompt tokens ·
                       temperature: 0, greedy (req), max_tokens: 256 (req),
                       min_tokens: 256 (req)
22:54:26.213 INFO:     #481 chat/completions (stream): 256 tokens generated at
                       65.5 T/s · prompt 736 tokens, none cached, 736 new in
                       0.28 s (2,629 T/s) · first token 0.29 s, total 4.20 s ·
                       draft 136/240 accepted (57%) · max_tokens reached
22:54:26.283 INFO:     #490 chat/completions (stream): 120 prompt tokens ·
                       temperature: 0, greedy (req), max_tokens: 256 (req),
                       min_tokens: 256 (req)
22:54:26.988 INFO:     #484 chat/completions (stream): 256 tokens generated at
                       77.2 T/s · prompt 76 tokens, none cached, 76 new in 0.08
                       s · first token 0.09 s, total 3.40 s · draft 154/204
                       accepted (75%) · max_tokens reached
22:54:27.059 INFO:     #491 chat/completions (stream): 66 prompt tokens ·
                       temperature: 0, greedy (req), max_tokens: 256 (req),
                       min_tokens: 256 (req)
22:54:27.351 INFO:     #485 chat/completions (stream): 256 tokens generated at
                       81.3 T/s · prompt 833 tokens, none cached, 833 new in
                       0.29 s (2,872 T/s) · first token 0.30 s, total 3.44 s ·
                       draft 153/206 accepted (74%) · max_tokens reached
22:54:27.417 INFO:     #492 chat/completions (stream): 68 prompt tokens ·
                       temperature: 0, greedy (req), max_tokens: 256 (req),
                       min_tokens: 256 (req)
22:54:27.565 INFO:     #483 chat/completions (stream): 256 tokens generated at
                       63.1 T/s · prompt 63 tokens, none cached, 63 new in 0.07
                       s · first token 0.08 s, total 4.13 s · draft 129/254
                       accepted (51%) · max_tokens reached
22:54:27.634 INFO:     #493 chat/completions (stream): 70 prompt tokens ·
                       temperature: 0, greedy (req), max_tokens: 256 (req),
                       min_tokens: 256 (req)
22:54:28.170 INFO:     #488 chat/completions (stream): 256 tokens generated at
                       88.3 T/s · prompt 100 tokens, none cached, 100 new in
                       0.09 s · first token 0.10 s, total 3.00 s · draft 160/192
                       accepted (83%) · max_tokens reached
22:54:28.261 INFO:     #494 chat/completions (stream): 737 prompt tokens ·
                       temperature: 0, greedy (req), max_tokens: 256 (req),
                       min_tokens: 256 (req)
22:54:28.600 INFO:     #487 chat/completions (stream): 256 tokens generated at
                       74.1 T/s · prompt 85 tokens, none cached, 85 new in 0.08
                       s · first token 0.09 s, total 3.54 s · draft 141/230
                       accepted (61%) · max_tokens reached
22:54:28.670 INFO:     #495 chat/completions (stream): 61 prompt tokens ·
                       temperature: 0, greedy (req), max_tokens: 256 (req),
                       min_tokens: 256 (req)
22:54:28.834 INFO:     #486 chat/completions (stream): 256 tokens generated at
                       64.1 T/s · prompt 61 tokens, none cached, 61 new in 0.07
                       s · first token 0.08 s, total 4.07 s · draft 133/246
                       accepted (54%) · max_tokens reached
22:54:28.906 INFO:     #496 chat/completions (stream): 1,015 prompt tokens ·
                       temperature: 0, greedy (req), max_tokens: 256 (req),
                       min_tokens: 256 (req)
22:54:29.521 INFO:     #489 chat/completions (stream): 256 tokens generated at
                       73.4 T/s · prompt 723 tokens, none cached, 723 new in
                       0.28 s (2,582 T/s) · first token 0.29 s, total 3.77 s ·
                       draft 152/208 accepted (73%) · max_tokens reached
22:54:29.591 INFO:     #497 chat/completions (stream): 62 prompt tokens ·
                       temperature: 0, greedy (req), max_tokens: 256 (req),
                       min_tokens: 256 (req)
22:54:29.856 INFO:     #490 chat/completions (stream): 256 tokens generated at
                       75.9 T/s · prompt 120 tokens, none cached, 120 new in
                       0.10 s · first token 0.11 s, total 3.48 s · draft 155/202
                       accepted (77%) · max_tokens reached
22:54:29.928 INFO:     #498 chat/completions (stream): 84 prompt tokens ·
                       temperature: 0, greedy (req), max_tokens: 256 (req),
                       min_tokens: 256 (req)
22:54:30.932 INFO:     #492 chat/completions (stream): 256 tokens generated at
                       76.6 T/s · prompt 68 tokens, none cached, 68 new in 0.08
                       s · first token 0.09 s, total 3.43 s · draft 154/204
                       accepted (75%) · max_tokens reached
22:54:31.004 INFO:     #499 chat/completions (stream): 783 prompt tokens ·
                       temperature: 0, greedy (req), max_tokens: 256 (req),
                       min_tokens: 256 (req)
22:54:31.383 INFO:     #493 chat/completions (stream): 256 tokens generated at
                       71.5 T/s · prompt 70 tokens, none cached, 70 new in 0.08
                       s · first token 0.09 s, total 3.66 s · draft 151/210
                       accepted (72%) · max_tokens reached
22:54:31.407 INFO:     #491 chat/completions (stream): 256 tokens generated at
                       61.2 T/s · prompt 66 tokens, none cached, 66 new in 0.07
                       s · first token 0.08 s, total 4.26 s · draft 132/248
                       accepted (53%) · max_tokens reached
22:54:31.453 INFO:     #500 chat/completions (stream): 766 prompt tokens ·
                       temperature: 0, greedy (req), max_tokens: 256 (req),
                       min_tokens: 256 (req)
22:54:31.636 INFO:     #501 chat/completions (stream): 1,490 prompt tokens ·
                       temperature: 0, greedy (req), max_tokens: 256 (req),
                       min_tokens: 256 (req)
22:54:32.571 INFO:     #494 chat/completions (stream): 256 tokens generated at
                       65.2 T/s · prompt 737 tokens, none cached, 737 new in
                       0.29 s (2,541 T/s) · first token 0.30 s, total 4.22 s ·
                       draft 152/208 accepted (73%) · max_tokens reached
22:54:32.639 INFO:     #503 chat/completions (stream): 61 prompt tokens ·
                       temperature: 0, greedy (req), max_tokens: 256 (req),
                       min_tokens: 256 (req)
22:54:32.783 INFO:     #495 chat/completions (stream): 256 tokens generated at
                       66.2 T/s · prompt 61 tokens, none cached, 61 new in 0.07
                       s · first token 0.08 s, total 3.95 s · draft 151/210
                       accepted (72%) · max_tokens reached
22:54:32.852 INFO:     #504 chat/completions (stream): 65 prompt tokens ·
                       temperature: 0, greedy (req), max_tokens: 256 (req),
                       min_tokens: 256 (req)
22:54:33.041 INFO:     #496 chat/completions (stream): 256 tokens generated at
                       68.9 T/s · prompt 1,015 tokens, none cached, 1,015 new in
                       0.32 s (3,172 T/s) · first token 0.33 s, total 4.04 s ·
                       draft 151/210 accepted (72%) · max_tokens reached
22:54:33.112 INFO:     #505 chat/completions (stream): 89 prompt tokens ·
                       temperature: 0, greedy (req), max_tokens: 256 (req),
                       min_tokens: 256 (req)
22:54:33.561 INFO:     #498 chat/completions (stream): 256 tokens generated at
                       74.2 T/s · prompt 84 tokens, none cached, 84 new in 0.08
                       s · first token 0.09 s, total 3.53 s · draft 159/194
                       accepted (82%) · max_tokens reached
22:54:33.633 INFO:     #506 chat/completions (stream): 90 prompt tokens ·
                       temperature: 0, greedy (req), max_tokens: 256 (req),
                       min_tokens: 256 (req)
22:54:33.862 INFO:     #497 chat/completions (stream): 256 tokens generated at
                       62.4 T/s · prompt 62 tokens, none cached, 62 new in 0.07
                       s · first token 0.08 s, total 4.18 s · draft 139/234
                       accepted (59%) · max_tokens reached
22:54:33.935 INFO:     #507 chat/completions (stream): 875 prompt tokens ·
                       temperature: 0, greedy (req), max_tokens: 256 (req),
                       min_tokens: 256 (req)
22:54:34.982 INFO:     #499 chat/completions (stream): 256 tokens generated at
                       70.8 T/s · prompt 783 tokens, none cached, 783 new in
                       0.26 s (3,012 T/s) · first token 0.27 s, total 3.88 s ·
                       draft 157/198 accepted (79%) · max_tokens reached
22:54:35.053 INFO:     #508 chat/completions (stream): 749 prompt tokens ·
                       temperature: 0, greedy (req), max_tokens: 256 (req),
                       min_tokens: 256 (req)
22:54:35.384 INFO:     #500 chat/completions (stream): 256 tokens generated at
                       85.2 T/s · prompt 766 tokens, none cached, 766 new in
                       0.56 s (1,368 T/s) · first token 0.57 s, total 3.57 s ·
                       draft 160/192 accepted (83%) · max_tokens reached
22:54:35.455 INFO:     #509 chat/completions (stream): 94 prompt tokens ·
                       temperature: 0, greedy (req), max_tokens: 256 (req),
                       min_tokens: 256 (req)
22:54:35.960 INFO:     #501 chat/completions (stream): 256 tokens generated at
                       69.1 T/s · prompt 1,490 tokens, none cached, 1,490 new in
                       0.40 s (3,725 T/s) · queued 0.12 s, first token 0.52 s,
                       total 4.23 s · draft 141/230 accepted (61%) · max_tokens
                       reached
22:54:36.033 INFO:     #510 chat/completions (stream): 1,065 prompt tokens ·
                       temperature: 0, greedy (req), max_tokens: 256 (req),
                       min_tokens: 256 (req)
22:54:36.411 INFO:     #503 chat/completions (stream): 256 tokens generated at
                       77.2 T/s · prompt 61 tokens, none cached, 61 new in 0.07
                       s · first token 0.08 s, total 3.39 s · draft 154/204
                       accepted (75%) · max_tokens reached
22:54:36.481 INFO:     #511 chat/completions (stream): 761 prompt tokens ·
                       temperature: 0, greedy (req), max_tokens: 256 (req),
                       min_tokens: 256 (req)
22:54:36.964 INFO:     #504 chat/completions (stream): 256 tokens generated at
                       64.9 T/s · prompt 65 tokens, none cached, 65 new in 0.07
                       s · first token 0.08 s, total 4.02 s · draft 148/216
                       accepted (69%) · max_tokens reached
22:54:37.027 INFO:     #505 chat/completions (stream): 256 tokens generated at
                       68.5 T/s · prompt 89 tokens, none cached, 89 new in 0.09
                       s · first token 0.10 s, total 3.83 s · draft 153/206
                       accepted (74%) · max_tokens reached
22:54:37.577 INFO:     #506 chat/completions (stream): 256 tokens generated at
                       67.7 T/s · prompt 90 tokens, none cached, 90 new in 0.08
                       s · first token 0.09 s, total 3.87 s · draft 144/224
                       accepted (64%) · max_tokens reached
22:54:37.702 INFO:     #507 chat/completions (stream): 256 tokens generated at
                       75.6 T/s · prompt 875 tokens, none cached, 875 new in
                       0.30 s (2,917 T/s) · first token 0.31 s, total 3.69 s ·
                       draft 147/218 accepted (67%) · max_tokens reached
22:54:38.019 INFO:     #509 chat/completions (stream): 256 tokens generated at
                       106.6 T/s · prompt 94 tokens, none cached, 94 new in 0.09
                       s · first token 0.10 s, total 2.50 s · draft 169/192
                       accepted (88%) · max_tokens reached
22:54:38.059 INFO:     #508 chat/completions (stream): 256 tokens generated at
                       96.2 T/s · prompt 749 tokens, none cached, 749 new in
                       0.28 s (2,675 T/s) · first token 0.29 s, total 2.95 s ·
                       draft 161/211 accepted (76%) · max_tokens reached
22:54:38.375 INFO:     #510 chat/completions (stream): 256 tokens generated at
                       128.7 T/s · prompt 1,065 tokens, none cached, 1,065 new
                       in 0.30 s (3,550 T/s) · first token 0.31 s, total 2.30 s
                       · draft 162/234 accepted (69%) · max_tokens reached
22:54:38.377 INFO:     #511 chat/completions (stream): 256 tokens generated at
                       161.2 T/s · prompt 761 tokens, none cached, 761 new in
                       0.29 s (2,624 T/s) · first token 0.30 s, total 1.88 s ·
                       draft 165/232 accepted (71%) · max_tokens reached
