22:17:06.558 INFO:     Sampler preset "qwen38_thinking": temperature 0.6, top_k
                       20, top_p 0.95
22:17:06.595 INFO:     exllamav3 version: 1.5.0
22:17:07.908 INFO:     Using main model MTP component for drafting
22:17:07.929 INFO:     Context: max_seq_len 262,144 tokens (configured),
                       cache_size 983,040 tokens
22:17:07.979 INFO:     Using tool format: qwen3_coder
22:17:07.979 INFO:     Using template "chat_template" for chat completions.
22:17:10.085 INFO:     Loading model
                       /models/qwen3.8-flash-next-exl3-2.50bpw-r0b0tlab (manual
                       GPU split)
Loading vision modules ━━━━━━━━━━━━━━━━━━━━━━━━━━━━━━━━━━━━━━ 100% 30/30 0:00:00
Loading draft modules  ━━━━━━━━━━━━━━━━━━━━━━━━━━━━━━━━━━━━━━ 100% 3/3   0:00:00
Loading model modules  ━━━━━━━━━━━━━━━━━━━━━━━━━━━━━━━━━━━━━━ 100% 53/53 0:00:00
EXL3_EMBED_GPU_PRUNED=1: embedding mirror 65536 of 248320 rows (320.0 MiB, prefix) on cuda:1
22:17:17.661 INFO:     Model loaded in 9.7 s

22:17:17.661 WARNING:  Disabling authentication makes your instance vulnerable.
                       Set the `disable_auth` flag to False in config.yml if you
                       want to share this instance with others.
22:17:17.662 WARNING:  With authentication disabled and `allowed_origins` left
                       at ["*"], any website open in a browser on this machine
                       can send requests to this instance and read the
                       responses, including admin endpoints. Set
                       `network.allowed_origins` to your own frontends (or [])
                       unless you use a browser-based frontend that needs it.
22:17:17.662 INFO:     Serving OAI API on http://0.0.0.0:8022 (docs at
                       http://0.0.0.0:8022/redoc)
22:17:19.401 INFO:     #3 completions: 3 prompt tokens · temperature: 0, greedy
                       (req), max_tokens: 16 (req)
densegemm lcguard: device 1: dense calls on the QSA side branch use the side scratch (hctr upper half, side slots)
densegemm lcguard: device 0: dense calls on the QSA side branch use the side scratch (hctr upper half, side slots)
22:17:19.798 INFO:     #3 completions: 16 tokens generated at 106.5 T/s · prompt
                       3 tokens, none cached, 3 new in 0.24 s · first token 0.25
                       s, total 0.40 s · draft 8/24 accepted (33%) · max_tokens
                       reached
22:17:20.025 INFO:     #5 chat/completions: 74 prompt tokens · temperature: 0,
                       greedy (req), max_tokens: 64 (req), min_tokens: 64 (req)
22:17:20.027 INFO:     #6 chat/completions: 74 prompt tokens · temperature: 0,
                       greedy (req), max_tokens: 64 (req), min_tokens: 64 (req)
22:17:20.518 INFO:     #5 chat/completions: 64 tokens generated at 243.3 T/s ·
                       prompt 74 tokens, none cached, 74 new in 0.20 s · first
                       token 0.21 s, total 0.47 s · draft 43/63 accepted (68%) ·
                       max_tokens reached
22:17:20.518 INFO:     #6 chat/completions: 64 tokens generated at 225.6 T/s ·
                       prompt 74 tokens, none cached, 74 new in 0.08 s · queued
                       0.13 s, first token 0.21 s, total 0.49 s · draft 41/69
                       accepted (59%) · max_tokens reached
22:17:33.269 INFO:     #10 chat/completions (stream): 737 prompt tokens ·
                       temperature: 0, greedy (req), max_tokens: 49 (req),
                       min_tokens: 49 (req)
22:17:33.495 INFO:     #11 chat/completions (stream): 927 prompt tokens ·
                       temperature: 0, greedy (req), max_tokens: 165 (req),
                       min_tokens: 165 (req)
22:17:34.289 INFO:     #10 chat/completions (stream): 49 tokens generated at
                       123.0 T/s · prompt 737 tokens, none cached, 737 new in
                       0.57 s (1,293 T/s) · first token 0.58 s, total 0.98 s ·
                       draft 28/63 accepted (44%) · max_tokens reached
22:17:34.323 INFO:     #12 chat/completions (stream): 133 prompt tokens ·
                       temperature: 0, greedy (req), max_tokens: 188 (req),
                       min_tokens: 188 (req)
22:17:34.903 INFO:     #11 chat/completions (stream): 165 tokens generated at
                       185.9 T/s · prompt 927 tokens, none cached, 927 new in
                       0.35 s (2,649 T/s) · queued 0.13 s, first token 0.48 s,
                       total 1.37 s · draft 106/177 accepted (60%) · max_tokens
                       reached
22:17:34.936 INFO:     #13 chat/completions (stream): 218 prompt tokens ·
                       temperature: 0, greedy (req), max_tokens: 783 (req),
                       min_tokens: 783 (req)
22:17:35.564 INFO:     #12 chat/completions (stream): 188 tokens generated at
                       173.7 T/s · prompt 133 tokens, none cached, 133 new in
                       0.11 s · first token 0.12 s, total 1.20 s · draft 114/222
                       accepted (51%) · max_tokens reached
22:17:35.597 INFO:     #14 chat/completions (stream): 291 prompt tokens ·
                       temperature: 0, greedy (req), max_tokens: 400 (req),
                       min_tokens: 400 (req)
22:17:37.592 INFO:     #14 chat/completions (stream): 400 tokens generated at
                       230.8 T/s · prompt 291 tokens, none cached, 291 new in
                       0.21 s (1,386 T/s) · first token 0.22 s, total 1.95 s ·
                       draft 268/396 accepted (68%) · max_tokens reached
22:17:37.626 INFO:     #15 chat/completions (stream): 57 prompt tokens ·
                       temperature: 0, greedy (req), max_tokens: 275 (req),
                       min_tokens: 275 (req)
22:17:39.169 INFO:     #15 chat/completions (stream): 275 tokens generated at
                       192.9 T/s · prompt 57 tokens, none cached, 57 new in 0.07
                       s · first token 0.08 s, total 1.50 s · draft 166/327
                       accepted (51%) · max_tokens reached
22:17:39.172 INFO:     #16 chat/completions (stream): 343 prompt tokens ·
                       temperature: 0, greedy (req), max_tokens: 41 (req),
                       min_tokens: 41 (req)
22:17:39.173 INFO:     #13 chat/completions (stream): 783 tokens generated at
                       190.2 T/s · prompt 218 tokens, none cached, 218 new in
                       0.11 s · first token 0.12 s, total 4.23 s · draft 488/885
                       accepted (55%) · max_tokens reached
22:17:39.444 INFO:     #17 chat/completions (stream): 234 prompt tokens ·
                       temperature: 0, greedy (req), max_tokens: 536 (req),
                       min_tokens: 536 (req)
22:17:39.822 INFO:     #16 chat/completions (stream): 41 tokens generated at
                       111.1 T/s · prompt 343 tokens, none cached, 343 new in
                       0.23 s (1,491 T/s) · first token 0.24 s, total 0.60 s ·
                       draft 21/60 accepted (35%) · max_tokens reached
22:17:39.856 INFO:     #18 chat/completions (stream): 75 prompt tokens ·
                       temperature: 0, greedy (req), max_tokens: 234 (req),
                       min_tokens: 234 (req)
22:17:41.057 INFO:     #18 chat/completions (stream): 234 tokens generated at
                       217.6 T/s · prompt 75 tokens, none cached, 75 new in 0.08
                       s · first token 0.09 s, total 1.16 s · draft 153/243
                       accepted (63%) · max_tokens reached
22:17:41.091 INFO:     #19 chat/completions (stream): 256 prompt tokens ·
                       temperature: 0, greedy (req), max_tokens: 85 (req),
                       min_tokens: 85 (req)
22:17:41.718 INFO:     #19 chat/completions (stream): 85 tokens generated at
                       185.0 T/s · prompt 256 tokens, none cached, 256 new in
                       0.12 s (2,133 T/s) · first token 0.13 s, total 0.58 s ·
                       draft 57/84 accepted (68%) · max_tokens reached
22:17:41.751 INFO:     #20 chat/completions (stream): 292 prompt tokens ·
                       temperature: 0, greedy (req), max_tokens: 46 (req),
                       min_tokens: 46 (req)
22:17:42.221 INFO:     #20 chat/completions (stream): 46 tokens generated at
                       208.3 T/s · prompt 292 tokens, none cached, 292 new in
                       0.20 s (1,460 T/s) · first token 0.21 s, total 0.43 s ·
                       draft 29/51 accepted (57%) · max_tokens reached
22:17:42.253 INFO:     #21 chat/completions (stream): 68 prompt tokens ·
                       temperature: 0, greedy (req), max_tokens: 335 (req),
                       min_tokens: 335 (req)
22:17:42.992 INFO:     #17 chat/completions (stream): 536 tokens generated at
                       158.2 T/s · prompt 234 tokens, none cached, 234 new in
                       0.11 s · first token 0.12 s, total 3.50 s · draft 317/657
                       accepted (48%) · max_tokens reached
22:17:43.027 INFO:     #22 chat/completions (stream): 183 prompt tokens ·
                       temperature: 0, greedy (req), max_tokens: 818 (req),
                       min_tokens: 818 (req)
22:17:44.466 INFO:     #21 chat/completions (stream): 335 tokens generated at
                       160.5 T/s · prompt 68 tokens, none cached, 68 new in 0.08
                       s · first token 0.09 s, total 2.17 s · draft 185/450
                       accepted (41%) · max_tokens reached
22:17:44.501 INFO:     #23 chat/completions (stream): 608 prompt tokens ·
                       temperature: 0, greedy (req), max_tokens: 12 (req),
                       min_tokens: 12 (req)
22:17:44.852 INFO:     #23 chat/completions (stream): 12 tokens generated at
                       234.7 T/s · prompt 608 tokens, none cached, 608 new in
                       0.25 s (2,432 T/s) · first token 0.26 s, total 0.31 s ·
                       draft 8/12 accepted (67%) · max_tokens reached
22:17:44.887 INFO:     #24 chat/completions (stream): 423 prompt tokens ·
                       temperature: 0, greedy (req), max_tokens: 72 (req),
                       min_tokens: 72 (req)
22:17:45.574 INFO:     #24 chat/completions (stream): 72 tokens generated at
                       179.9 T/s · prompt 423 tokens, none cached, 423 new in
                       0.24 s (1,762 T/s) · first token 0.25 s, total 0.65 s ·
                       draft 42/90 accepted (47%) · max_tokens reached
22:17:45.608 INFO:     #25 chat/completions (stream): 414 prompt tokens ·
                       temperature: 0, greedy (req), max_tokens: 8 (req),
                       min_tokens: 8 (req)
22:17:45.922 INFO:     #25 chat/completions (stream): 8 tokens generated at
                       313.6 T/s · prompt 414 tokens, none cached, 414 new in
                       0.24 s (1,725 T/s) · first token 0.25 s, total 0.27 s ·
                       draft 6/6 accepted (100%) · max_tokens reached
22:17:45.956 INFO:     #26 chat/completions (stream): 69 prompt tokens ·
                       temperature: 0, greedy (req), max_tokens: 58 (req),
                       min_tokens: 58 (req)
22:17:46.369 INFO:     #26 chat/completions (stream): 58 tokens generated at
                       200.3 T/s · prompt 69 tokens, none cached, 69 new in 0.08
                       s · first token 0.09 s, total 0.37 s · draft 36/66
                       accepted (55%) · max_tokens reached
22:17:46.402 INFO:     #27 chat/completions (stream): 352 prompt tokens ·
                       temperature: 0, greedy (req), max_tokens: 38 (req),
                       min_tokens: 38 (req)
22:17:46.861 INFO:     #27 chat/completions (stream): 38 tokens generated at
                       213.0 T/s · prompt 352 tokens, none cached, 352 new in
                       0.23 s (1,530 T/s) · first token 0.23 s, total 0.41 s ·
                       draft 24/42 accepted (57%) · max_tokens reached
22:17:46.895 INFO:     #28 chat/completions (stream): 58 prompt tokens ·
                       temperature: 0, greedy (req), max_tokens: 306 (req),
                       min_tokens: 306 (req)
22:17:48.315 INFO:     #22 chat/completions (stream): 818 tokens generated at
                       159.3 T/s · prompt 183 tokens, none cached, 183 new in
                       0.10 s · first token 0.11 s, total 5.24 s · draft 504/942
                       accepted (54%) · max_tokens reached
22:17:48.349 INFO:     #30 chat/completions (stream): 63 prompt tokens ·
                       temperature: 0, greedy (req), max_tokens: 286 (req),
                       min_tokens: 286 (req)
22:17:48.838 INFO:     #28 chat/completions (stream): 306 tokens generated at
                       167.5 T/s · prompt 58 tokens, none cached, 58 new in 0.07
                       s · first token 0.08 s, total 1.90 s · draft 170/408
                       accepted (42%) · max_tokens reached
22:17:48.871 INFO:     #31 chat/completions (stream): 498 prompt tokens ·
                       temperature: 0, greedy (req), max_tokens: 30 (req),
                       min_tokens: 30 (req)
22:17:49.328 INFO:     #31 chat/completions (stream): 30 tokens generated at
                       199.7 T/s · prompt 498 tokens, none cached, 498 new in
                       0.26 s (1,915 T/s) · first token 0.27 s, total 0.42 s ·
                       draft 19/33 accepted (58%) · max_tokens reached
22:17:49.366 INFO:     #32 chat/completions (stream): 235 prompt tokens ·
                       temperature: 0, greedy (req), max_tokens: 47 (req),
                       min_tokens: 47 (req)
22:17:49.777 INFO:     #32 chat/completions (stream): 47 tokens generated at
                       189.3 T/s · prompt 235 tokens, none cached, 235 new in
                       0.11 s · first token 0.12 s, total 0.36 s · draft 28/57
                       accepted (49%) · max_tokens reached
22:17:49.812 INFO:     #33 chat/completions (stream): 927 prompt tokens ·
                       temperature: 0, greedy (req), max_tokens: 333 (req),
                       min_tokens: 333 (req)
22:17:50.432 INFO:     #30 chat/completions (stream): 286 tokens generated at
                       145.7 T/s · prompt 63 tokens, none cached, 63 new in 0.07
                       s · first token 0.08 s, total 2.04 s · draft 185/303
                       accepted (61%) · max_tokens reached
22:17:50.466 INFO:     #34 chat/completions (stream): 303 prompt tokens ·
                       temperature: 0, greedy (req), max_tokens: 89 (req),
                       min_tokens: 89 (req)
22:17:51.183 INFO:     #34 chat/completions (stream): 89 tokens generated at
                       196.2 T/s · prompt 303 tokens, none cached, 303 new in
                       0.21 s (1,443 T/s) · first token 0.22 s, total 0.67 s ·
                       draft 54/105 accepted (51%) · max_tokens reached
22:17:51.218 INFO:     #35 chat/completions (stream): 413 prompt tokens ·
                       temperature: 0, greedy (req), max_tokens: 8 (req),
                       min_tokens: 8 (req)
22:17:51.535 INFO:     #35 chat/completions (stream): 8 tokens generated at
                       211.3 T/s · prompt 413 tokens, none cached, 413 new in
                       0.23 s (1,796 T/s) · first token 0.24 s, total 0.27 s ·
                       draft 5/9 accepted (56%) · max_tokens reached
22:17:51.569 INFO:     #36 chat/completions (stream): 206 prompt tokens ·
                       temperature: 0, greedy (req), max_tokens: 271 (req),
                       min_tokens: 271 (req)
22:17:52.336 INFO:     #33 chat/completions (stream): 333 tokens generated at
                       154.1 T/s · prompt 927 tokens, none cached, 927 new in
                       0.32 s (2,897 T/s) · first token 0.32 s, total 2.49 s ·
                       draft 207/378 accepted (55%) · max_tokens reached
22:17:52.369 INFO:     #37 chat/completions (stream): 180 prompt tokens ·
                       temperature: 0, greedy (req), max_tokens: 20 (req),
                       min_tokens: 20 (req)
22:17:52.608 INFO:     #37 chat/completions (stream): 20 tokens generated at
                       221.3 T/s · prompt 180 tokens, none cached, 180 new in
                       0.10 s · first token 0.11 s, total 0.20 s · draft 13/21
                       accepted (62%) · max_tokens reached
22:17:52.642 INFO:     #38 chat/completions (stream): 509 prompt tokens ·
                       temperature: 0, greedy (req), max_tokens: 22 (req),
                       min_tokens: 22 (req)
22:17:53.060 INFO:     #38 chat/completions (stream): 22 tokens generated at
                       208.6 T/s · prompt 509 tokens, none cached, 509 new in
                       0.26 s (1,958 T/s) · first token 0.27 s, total 0.37 s ·
                       draft 14/24 accepted (58%) · max_tokens reached
22:17:53.095 INFO:     #39 chat/completions (stream): 330 prompt tokens ·
                       temperature: 0, greedy (req), max_tokens: 19 (req),
                       min_tokens: 19 (req)
22:17:53.459 INFO:     #39 chat/completions (stream): 19 tokens generated at
                       212.4 T/s · prompt 330 tokens, none cached, 330 new in
                       0.23 s (1,435 T/s) · first token 0.24 s, total 0.33 s ·
                       draft 12/21 accepted (57%) · max_tokens reached
22:17:53.494 INFO:     #40 chat/completions (stream): 386 prompt tokens ·
                       temperature: 0, greedy (req), max_tokens: 26 (req),
                       min_tokens: 26 (req)
22:17:53.768 INFO:     #36 chat/completions (stream): 271 tokens generated at
                       150.2 T/s · prompt 206 tokens, none cached, 206 new in
                       0.11 s · first token 0.12 s, total 1.92 s · draft 173/294
                       accepted (59%) · max_tokens reached
22:17:53.802 INFO:     #41 chat/completions (stream): 100 prompt tokens ·
                       temperature: 0, greedy (req), max_tokens: 136 (req),
                       min_tokens: 136 (req)
22:17:53.993 INFO:     #40 chat/completions (stream): 26 tokens generated at
                       122.0 T/s · prompt 386 tokens, none cached, 386 new in
                       0.24 s (1,608 T/s) · first token 0.25 s, total 0.46 s ·
                       draft 16/30 accepted (53%) · max_tokens reached
22:17:54.025 INFO:     #42 chat/completions (stream): 76 prompt tokens ·
                       temperature: 0, greedy (req), max_tokens: 401 (req),
                       min_tokens: 401 (req)
22:17:54.653 INFO:     #41 chat/completions (stream): 136 tokens generated at
                       191.6 T/s · prompt 100 tokens, none cached, 100 new in
                       0.09 s · first token 0.10 s, total 0.81 s · draft 87/147
                       accepted (59%) · max_tokens reached
22:17:54.685 INFO:     #43 chat/completions (stream): 62 prompt tokens ·
                       temperature: 0, greedy (req), max_tokens: 155 (req),
                       min_tokens: 155 (req)
22:17:55.716 INFO:     #43 chat/completions (stream): 155 tokens generated at
                       170.1 T/s · prompt 62 tokens, none cached, 62 new in 0.07
                       s · first token 0.08 s, total 0.99 s · draft 92/189
                       accepted (49%) · max_tokens reached
22:17:55.749 INFO:     #44 chat/completions (stream): 73 prompt tokens ·
                       temperature: 0, greedy (req), max_tokens: 222 (req),
                       min_tokens: 222 (req)
22:17:56.566 INFO:     #42 chat/completions (stream): 401 tokens generated at
                       166.2 T/s · prompt 76 tokens, none cached, 76 new in 0.08
                       s · first token 0.08 s, total 2.50 s · draft 234/501
                       accepted (47%) · max_tokens reached
22:17:56.599 INFO:     #45 chat/completions (stream): 194 prompt tokens ·
                       temperature: 0, greedy (req), max_tokens: 201 (req),
                       min_tokens: 201 (req)
22:17:57.004 INFO:     #44 chat/completions (stream): 222 tokens generated at
                       197.1 T/s · prompt 73 tokens, none cached, 73 new in 0.08
                       s · first token 0.09 s, total 1.21 s · draft 144/234
                       accepted (62%) · max_tokens reached
22:17:57.039 INFO:     #46 chat/completions (stream): 656 prompt tokens ·
                       temperature: 0, greedy (req), max_tokens: 595 (req),
                       min_tokens: 595 (req)
22:17:57.837 INFO:     #45 chat/completions (stream): 201 tokens generated at
                       185.5 T/s · prompt 194 tokens, none cached, 194 new in
                       0.11 s · first token 0.12 s, total 1.20 s · draft 138/189
                       accepted (73%) · max_tokens reached
22:17:57.870 INFO:     #47 chat/completions (stream): 73 prompt tokens ·
                       temperature: 0, greedy (req), max_tokens: 664 (req),
                       min_tokens: 664 (req)
22:17:59.570 INFO:     #46 chat/completions (stream): 595 tokens generated at
                       269.9 T/s · prompt 656 tokens, none cached, 656 new in
                       0.28 s (2,343 T/s) · first token 0.29 s, total 2.49 s ·
                       draft 432/489 accepted (88%) · max_tokens reached
22:17:59.603 INFO:     #48 chat/completions (stream): 85 prompt tokens ·
                       temperature: 0, greedy (req), max_tokens: 50 (req),
                       min_tokens: 50 (req)
22:17:59.916 INFO:     #48 chat/completions (stream): 50 tokens generated at
                       279.9 T/s · prompt 85 tokens, none cached, 85 new in 0.09
                       s · first token 0.10 s, total 0.27 s · draft 36/42
                       accepted (86%) · max_tokens reached
22:17:59.949 INFO:     #49 chat/completions (stream): 75 prompt tokens ·
                       temperature: 0, greedy (req), max_tokens: 202 (req),
                       min_tokens: 202 (req)
22:18:01.229 INFO:     #49 chat/completions (stream): 202 tokens generated at
                       175.3 T/s · prompt 75 tokens, none cached, 75 new in 0.08
                       s · first token 0.09 s, total 1.24 s · draft 114/264
                       accepted (43%) · max_tokens reached
22:18:01.261 INFO:     #50 chat/completions (stream): 87 prompt tokens ·
                       temperature: 0, greedy (req), max_tokens: 683 (req),
                       min_tokens: 683 (req)
22:18:01.471 INFO:     #47 chat/completions (stream): 664 tokens generated at
                       191.1 T/s · prompt 73 tokens, none cached, 73 new in 0.08
                       s · first token 0.09 s, total 3.56 s · draft 415/747
                       accepted (56%) · max_tokens reached
22:18:01.506 INFO:     #51 chat/completions (stream): 796 prompt tokens ·
                       temperature: 0, greedy (req), max_tokens: 13 (req),
                       min_tokens: 13 (req)
22:18:01.827 INFO:     #51 chat/completions (stream): 13 tokens generated at
                       257.1 T/s · prompt 796 tokens, none cached, 796 new in
                       0.22 s (3,618 T/s) · first token 0.23 s, total 0.28 s ·
                       draft 9/12 accepted (75%) · max_tokens reached
22:18:01.859 INFO:     #52 chat/completions (stream): 349 prompt tokens ·
                       temperature: 0, greedy (req), max_tokens: 70 (req),
                       min_tokens: 70 (req)
22:18:02.440 INFO:     #52 chat/completions (stream): 70 tokens generated at
                       228.4 T/s · prompt 349 tokens, none cached, 349 new in
                       0.23 s (1,517 T/s) · first token 0.24 s, total 0.54 s ·
                       draft 46/72 accepted (64%) · max_tokens reached
22:18:02.472 INFO:     #54 chat/completions (stream): 345 prompt tokens ·
                       temperature: 0, greedy (req), max_tokens: 18 (req),
                       min_tokens: 18 (req)
22:18:02.835 INFO:     #54 chat/completions (stream): 18 tokens generated at
                       207.0 T/s · prompt 345 tokens, none cached, 345 new in
                       0.23 s (1,500 T/s) · first token 0.24 s, total 0.32 s ·
                       draft 11/21 accepted (52%) · max_tokens reached
22:18:02.867 INFO:     #55 chat/completions (stream): 353 prompt tokens ·
                       temperature: 0, greedy (req), max_tokens: 52 (req),
                       min_tokens: 52 (req)
22:18:03.387 INFO:     #55 chat/completions (stream): 52 tokens generated at
                       224.0 T/s · prompt 353 tokens, none cached, 353 new in
                       0.24 s (1,471 T/s) · first token 0.25 s, total 0.48 s ·
                       draft 35/51 accepted (69%) · max_tokens reached
22:18:03.420 INFO:     #56 chat/completions (stream): 75 prompt tokens ·
                       temperature: 0, greedy (req), max_tokens: 218 (req),
                       min_tokens: 218 (req)
22:18:04.439 INFO:     #56 chat/completions (stream): 218 tokens generated at
                       244.0 T/s · prompt 75 tokens, none cached, 75 new in 0.08
                       s · first token 0.09 s, total 0.98 s · draft 149/207
                       accepted (72%) · max_tokens reached
22:18:04.472 INFO:     #57 chat/completions (stream): 786 prompt tokens ·
                       temperature: 0, greedy (req), max_tokens: 792 (req),
                       min_tokens: 792 (req)
22:18:06.151 INFO:     #50 chat/completions (stream): 683 tokens generated at
                       143.6 T/s · prompt 87 tokens, none cached, 87 new in 0.08
                       s · first token 0.09 s, total 4.84 s · draft 401/846
                       accepted (47%) · max_tokens reached
22:18:06.191 INFO:     #58 chat/completions (stream): 95 prompt tokens ·
                       temperature: 0, greedy (req), max_tokens: 25 (req),
                       min_tokens: 25 (req)
22:18:06.414 INFO:     #58 chat/completions (stream): 25 tokens generated at
                       281.7 T/s · prompt 95 tokens, none cached, 95 new in 0.09
                       s · first token 0.10 s, total 0.18 s · draft 18/21
                       accepted (86%) · max_tokens reached
22:18:06.447 INFO:     #59 chat/completions (stream): 477 prompt tokens ·
                       temperature: 0, greedy (req), max_tokens: 7 (req),
                       min_tokens: 7 (req)
22:18:06.771 INFO:     #59 chat/completions (stream): 7 tokens generated at
                       285.4 T/s · prompt 477 tokens, none cached, 477 new in
                       0.25 s (1,908 T/s) · first token 0.25 s, total 0.28 s ·
                       draft 5/6 accepted (83%) · max_tokens reached
22:18:06.803 INFO:     #60 chat/completions (stream): 238 prompt tokens ·
                       temperature: 0, greedy (req), max_tokens: 23 (req),
                       min_tokens: 23 (req)
22:18:07.039 INFO:     #60 chat/completions (stream): 23 tokens generated at
                       305.8 T/s · prompt 238 tokens, none cached, 238 new in
                       0.11 s · first token 0.12 s, total 0.19 s · draft 17/18
                       accepted (94%) · max_tokens reached
22:18:07.071 INFO:     #61 chat/completions (stream): 62 prompt tokens ·
                       temperature: 0, greedy (req), max_tokens: 408 (req),
                       min_tokens: 408 (req)
22:18:08.943 INFO:     #57 chat/completions (stream): 792 tokens generated at
                       188.9 T/s · prompt 786 tokens, none cached, 786 new in
                       0.23 s (3,417 T/s) · first token 0.24 s, total 4.43 s ·
                       draft 504/864 accepted (58%) · max_tokens reached
22:18:08.976 INFO:     #62 chat/completions (stream): 507 prompt tokens ·
                       temperature: 0, greedy (req), max_tokens: 8 (req),
                       min_tokens: 8 (req)
22:18:09.303 INFO:     #62 chat/completions (stream): 8 tokens generated at
                       321.6 T/s · prompt 507 tokens, none cached, 507 new in
                       0.25 s (2,028 T/s) · first token 0.26 s, total 0.28 s ·
                       draft 6/6 accepted (100%) · max_tokens reached
22:18:09.306 INFO:     #63 chat/completions (stream): 151 prompt tokens ·
                       temperature: 0, greedy (req), max_tokens: 7 (req),
                       min_tokens: 7 (req)
22:18:09.306 INFO:     #61 chat/completions (stream): 408 tokens generated at
                       189.2 T/s · prompt 62 tokens, none cached, 62 new in 0.07
                       s · first token 0.07 s, total 2.23 s · draft 258/450
                       accepted (57%) · max_tokens reached
22:18:09.424 INFO:     #64 chat/completions (stream): 92 prompt tokens ·
                       temperature: 0, greedy (req), max_tokens: 171 (req),
                       min_tokens: 171 (req)
22:18:09.526 INFO:     #63 chat/completions (stream): 7 tokens generated at
                       358.8 T/s · prompt 151 tokens, none cached, 151 new in
                       0.09 s · first token 0.10 s, total 0.12 s · draft 5/6
                       accepted (83%) · max_tokens reached
22:18:09.558 INFO:     #65 chat/completions (stream): 534 prompt tokens ·
                       temperature: 0, greedy (req), max_tokens: 59 (req),
                       min_tokens: 59 (req)
22:18:10.094 INFO:     #65 chat/completions (stream): 59 tokens generated at
                       195.7 T/s · prompt 534 tokens, none cached, 534 new in
                       0.19 s (2,811 T/s) · first token 0.19 s, total 0.50 s ·
                       draft 35/72 accepted (49%) · max_tokens reached
22:18:10.126 INFO:     #66 chat/completions (stream): 63 prompt tokens ·
                       temperature: 0, greedy (req), max_tokens: 327 (req),
                       min_tokens: 327 (req)
22:18:10.622 INFO:     #64 chat/completions (stream): 171 tokens generated at
                       160.7 T/s · prompt 92 tokens, none cached, 92 new in 0.09
                       s · first token 0.09 s, total 1.16 s · draft 105/198
                       accepted (53%) · max_tokens reached
22:18:10.654 INFO:     #67 chat/completions (stream): 58 prompt tokens ·
                       temperature: 0, greedy (req), max_tokens: 312 (req),
                       min_tokens: 312 (req)
22:18:11.891 INFO:     #66 chat/completions (stream): 327 tokens generated at
                       198.3 T/s · prompt 63 tokens, none cached, 63 new in 0.07
                       s · first token 0.08 s, total 1.72 s · draft 203/372
                       accepted (55%) · max_tokens reached
22:18:11.924 INFO:     #68 chat/completions (stream): 253 prompt tokens ·
                       temperature: 0, greedy (req), max_tokens: 227 (req),
                       min_tokens: 227 (req)
22:18:12.332 INFO:     #67 chat/completions (stream): 312 tokens generated at
                       199.7 T/s · prompt 58 tokens, none cached, 58 new in 0.07
                       s · first token 0.08 s, total 1.64 s · draft 200/336
                       accepted (60%) · max_tokens reached
22:18:12.365 INFO:     #69 chat/completions (stream): 328 prompt tokens ·
                       temperature: 0, greedy (req), max_tokens: 161 (req),
                       min_tokens: 161 (req)
22:18:13.487 INFO:     #68 chat/completions (stream): 227 tokens generated at
                       157.9 T/s · prompt 253 tokens, none cached, 253 new in
                       0.12 s · first token 0.13 s, total 1.56 s · draft 131/288
                       accepted (45%) · max_tokens reached
22:18:13.488 INFO:     #69 chat/completions (stream): 161 tokens generated at
                       179.9 T/s · prompt 328 tokens, none cached, 328 new in
                       0.22 s (1,491 T/s) · first token 0.22 s, total 1.12 s ·
                       draft 91/210 accepted (43%) · max_tokens reached
22:18:13.492 INFO:     #70 chat/completions (stream): 62 prompt tokens ·
                       temperature: 0, greedy (req), max_tokens: 158 (req),
                       min_tokens: 158 (req)
22:18:13.493 INFO:     #71 chat/completions (stream): 450 prompt tokens ·
                       temperature: 0, greedy (req), max_tokens: 172 (req),
                       min_tokens: 172 (req)
22:18:14.601 INFO:     #71 chat/completions (stream): 172 tokens generated at
                       233.0 T/s · prompt 450 tokens, none cached, 450 new in
                       0.25 s (1,800 T/s) · first token 0.33 s, total 1.07 s ·
                       draft 115/171 accepted (67%) · max_tokens reached
22:18:14.633 INFO:     #72 chat/completions (stream): 840 prompt tokens ·
                       temperature: 0, greedy (req), max_tokens: 16 (req),
                       min_tokens: 16 (req)
22:18:14.996 INFO:     #70 chat/completions (stream): 158 tokens generated at
                       126.1 T/s · prompt 62 tokens, none cached, 62 new in 0.20
                       s · first token 0.21 s, total 1.46 s · draft 90/204
                       accepted (44%) · max_tokens reached
22:18:15.018 INFO:     #73 chat/completions (stream): 63 prompt tokens ·
                       temperature: 0, greedy (req), max_tokens: 373 (req),
                       min_tokens: 373 (req)
22:18:15.113 INFO:     #72 chat/completions (stream): 16 tokens generated at
                       188.8 T/s · prompt 840 tokens, none cached, 840 new in
                       0.29 s (2,897 T/s) · first token 0.30 s, total 0.38 s ·
                       draft 8/24 accepted (33%) · max_tokens reached
22:18:15.145 INFO:     #74 chat/completions (stream): 63 prompt tokens ·
                       temperature: 0, greedy (req), max_tokens: 361 (req),
                       min_tokens: 361 (req)
22:18:16.927 INFO:     #73 chat/completions (stream): 373 tokens generated at
                       208.1 T/s · prompt 63 tokens, none cached, 63 new in 0.07
                       s · first token 0.08 s, total 1.87 s · draft 238/405
                       accepted (59%) · max_tokens reached
22:18:16.959 INFO:     #75 chat/completions (stream): 64 prompt tokens ·
                       temperature: 0, greedy (req), max_tokens: 400 (req),
                       min_tokens: 400 (req)
22:18:17.330 INFO:     #74 chat/completions (stream): 361 tokens generated at
                       174.6 T/s · prompt 63 tokens, none cached, 63 new in 0.07
                       s · first token 0.08 s, total 2.14 s · draft 205/468
                       accepted (44%) · max_tokens reached
22:18:17.364 INFO:     #77 chat/completions (stream): 677 prompt tokens ·
                       temperature: 0, greedy (req), max_tokens: 6 (req),
                       min_tokens: 6 (req)
22:18:17.703 INFO:     #77 chat/completions (stream): 6 tokens generated at
                       248.5 T/s · prompt 677 tokens, none cached, 677 new in
                       0.27 s (2,507 T/s) · first token 0.27 s, total 0.30 s ·
                       draft 4/6 accepted (67%) · max_tokens reached
22:18:17.735 INFO:     #78 chat/completions (stream): 114 prompt tokens ·
                       temperature: 0, greedy (req), max_tokens: 443 (req),
                       min_tokens: 443 (req)
22:18:19.665 INFO:     #75 chat/completions (stream): 400 tokens generated at
                       154.6 T/s · prompt 64 tokens, none cached, 64 new in 0.07
                       s · first token 0.08 s, total 2.66 s · draft 226/522
                       accepted (43%) · max_tokens reached
22:18:19.698 INFO:     #79 chat/completions (stream): 739 prompt tokens ·
                       temperature: 0, greedy (req), max_tokens: 620 (req),
                       min_tokens: 620 (req)
22:18:20.296 INFO:     #78 chat/completions (stream): 443 tokens generated at
                       183.2 T/s · prompt 114 tokens, none cached, 114 new in
                       0.10 s · first token 0.11 s, total 2.52 s · draft 277/498
                       accepted (56%) · max_tokens reached
22:18:20.329 INFO:     #80 chat/completions (stream): 502 prompt tokens ·
                       temperature: 0, greedy (req), max_tokens: 8 (req),
                       min_tokens: 8 (req)
22:18:20.671 INFO:     #80 chat/completions (stream): 8 tokens generated at
                       212.3 T/s · prompt 502 tokens, none cached, 502 new in
                       0.26 s (1,931 T/s) · first token 0.27 s, total 0.30 s ·
                       draft 5/9 accepted (56%) · max_tokens reached
22:18:20.703 INFO:     #81 chat/completions (stream): 67 prompt tokens ·
                       temperature: 0, greedy (req), max_tokens: 309 (req),
                       min_tokens: 309 (req)
22:18:22.280 INFO:     #81 chat/completions (stream): 309 tokens generated at
                       212.5 T/s · prompt 67 tokens, none cached, 67 new in 0.08
                       s · first token 0.09 s, total 1.54 s · draft 197/336
                       accepted (59%) · max_tokens reached
22:18:22.313 INFO:     #82 chat/completions (stream): 684 prompt tokens ·
                       temperature: 0, greedy (req), max_tokens: 19 (req),
                       min_tokens: 19 (req)
22:18:22.708 INFO:     #82 chat/completions (stream): 19 tokens generated at
                       216.8 T/s · prompt 684 tokens, none cached, 684 new in
                       0.26 s (2,631 T/s) · first token 0.27 s, total 0.35 s ·
                       draft 12/21 accepted (57%) · max_tokens reached
22:18:22.739 INFO:     #83 chat/completions (stream): 67 prompt tokens ·
                       temperature: 0, greedy (req), max_tokens: 161 (req),
                       min_tokens: 161 (req)
22:18:23.822 INFO:     #83 chat/completions (stream): 161 tokens generated at
                       167.9 T/s · prompt 67 tokens, none cached, 67 new in 0.08
                       s · first token 0.09 s, total 1.04 s · draft 87/222
                       accepted (39%) · max_tokens reached
22:18:23.856 INFO:     #84 chat/completions (stream): 345 prompt tokens ·
                       temperature: 0, greedy (req), max_tokens: 20 (req),
                       min_tokens: 20 (req)
22:18:24.155 INFO:     #79 chat/completions (stream): 620 tokens generated at
                       150.6 T/s · prompt 739 tokens, none cached, 739 new in
                       0.29 s (2,548 T/s) · first token 0.30 s, total 4.41 s ·
                       draft 364/768 accepted (47%) · max_tokens reached
22:18:24.169 INFO:     #85 chat/completions (stream): 870 prompt tokens ·
                       temperature: 0, greedy (req), max_tokens: 44 (req),
                       min_tokens: 44 (req)
22:18:24.373 INFO:     #84 chat/completions (stream): 20 tokens generated at
                       261.2 T/s · prompt 345 tokens, none cached, 345 new in
                       0.23 s (1,500 T/s) · first token 0.24 s, total 0.31 s ·
                       draft 13/21 accepted (62%) · max_tokens reached
22:18:24.507 INFO:     #86 chat/completions (stream): 77 prompt tokens ·
                       temperature: 0, greedy (req), max_tokens: 142 (req),
                       min_tokens: 142 (req)
22:18:24.795 INFO:     #85 chat/completions (stream): 44 tokens generated at
                       157.6 T/s · prompt 870 tokens, none cached, 870 new in
                       0.30 s (2,900 T/s) · first token 0.31 s, total 0.58 s ·
                       draft 28/48 accepted (58%) · max_tokens reached
22:18:24.827 INFO:     #87 chat/completions (stream): 116 prompt tokens ·
                       temperature: 0, greedy (req), max_tokens: 79 (req),
                       min_tokens: 79 (req)
22:18:25.247 INFO:     #87 chat/completions (stream): 79 tokens generated at
                       286.9 T/s · prompt 116 tokens, none cached, 116 new in
                       0.10 s · first token 0.11 s, total 0.38 s · draft 58/63
                       accepted (92%) · max_tokens reached
22:18:25.280 INFO:     #88 chat/completions (stream): 121 prompt tokens ·
                       temperature: 0, greedy (req), max_tokens: 9 (req),
                       min_tokens: 9 (req)
22:18:25.446 INFO:     #88 chat/completions (stream): 9 tokens generated at
                       180.8 T/s · prompt 121 tokens, none cached, 121 new in
                       0.10 s · first token 0.10 s, total 0.15 s · draft 5/12
                       accepted (42%) · max_tokens reached
22:18:25.447 INFO:     #86 chat/completions (stream): 142 tokens generated at
                       166.3 T/s · prompt 77 tokens, none cached, 77 new in 0.08
                       s · first token 0.09 s, total 0.94 s · draft 89/159
                       accepted (56%) · max_tokens reached
22:18:25.450 INFO:     #89 chat/completions (stream): 188 prompt tokens ·
                       temperature: 0, greedy (req), max_tokens: 337 (req),
                       min_tokens: 337 (req)
22:18:25.451 INFO:     #90 chat/completions (stream): 546 prompt tokens ·
                       temperature: 0, greedy (req), max_tokens: 16 (req),
                       min_tokens: 16 (req)
22:18:25.896 INFO:     #90 chat/completions (stream): 16 tokens generated at
                       254.7 T/s · prompt 546 tokens, none cached, 546 new in
                       0.22 s (2,482 T/s) · queued 0.12 s, first token 0.34 s,
                       total 0.40 s · draft 11/15 accepted (73%) · max_tokens
                       reached
22:18:25.930 INFO:     #91 chat/completions (stream): 346 prompt tokens ·
                       temperature: 0, greedy (req), max_tokens: 18 (req),
                       min_tokens: 18 (req)
22:18:26.281 INFO:     #91 chat/completions (stream): 18 tokens generated at
                       216.4 T/s · prompt 346 tokens, none cached, 346 new in
                       0.22 s (1,573 T/s) · first token 0.23 s, total 0.31 s ·
                       draft 12/18 accepted (67%) · max_tokens reached
22:18:26.314 INFO:     #92 chat/completions (stream): 399 prompt tokens ·
                       temperature: 0, greedy (req), max_tokens: 350 (req),
                       min_tokens: 350 (req)
22:18:27.981 INFO:     #89 chat/completions (stream): 337 tokens generated at
                       151.9 T/s · prompt 188 tokens, none cached, 188 new in
                       0.26 s · first token 0.27 s, total 2.49 s · draft 202/405
                       accepted (50%) · max_tokens reached
22:18:28.015 INFO:     #93 chat/completions (stream): 832 prompt tokens ·
                       temperature: 0, greedy (req), max_tokens: 25 (req),
                       min_tokens: 25 (req)
22:18:28.445 INFO:     #93 chat/completions (stream): 25 tokens generated at
                       246.7 T/s · prompt 832 tokens, none cached, 832 new in
                       0.28 s (2,971 T/s) · first token 0.29 s, total 0.39 s ·
                       draft 17/24 accepted (71%) · max_tokens reached
22:18:28.477 INFO:     #94 chat/completions (stream): 62 prompt tokens ·
                       temperature: 0, greedy (req), max_tokens: 163 (req),
                       min_tokens: 163 (req)
22:18:28.666 INFO:     #92 chat/completions (stream): 350 tokens generated at
                       170.0 T/s · prompt 399 tokens, none cached, 399 new in
                       0.25 s (1,596 T/s) · first token 0.26 s, total 2.31 s ·
                       draft 214/408 accepted (52%) · max_tokens reached
22:18:28.699 INFO:     #95 chat/completions (stream): 794 prompt tokens ·
                       temperature: 0, greedy (req), max_tokens: 12 (req),
                       min_tokens: 12 (req)
22:18:29.028 INFO:     #95 chat/completions (stream): 12 tokens generated at
                       240.5 T/s · prompt 794 tokens, none cached, 794 new in
                       0.23 s (3,452 T/s) · first token 0.23 s, total 0.28 s ·
                       draft 8/12 accepted (67%) · max_tokens reached
22:18:29.064 INFO:     #96 chat/completions (stream): 489 prompt tokens ·
                       temperature: 0, greedy (req), max_tokens: 32 (req),
                       min_tokens: 32 (req)
22:18:29.499 INFO:     #96 chat/completions (stream): 32 tokens generated at
                       230.7 T/s · prompt 489 tokens, none cached, 489 new in
                       0.25 s (1,956 T/s) · first token 0.26 s, total 0.39 s ·
                       draft 21/33 accepted (64%) · max_tokens reached
22:18:29.531 INFO:     #97 chat/completions (stream): 378 prompt tokens ·
                       temperature: 0, greedy (req), max_tokens: 447 (req),
                       min_tokens: 447 (req)
22:18:30.046 INFO:     #94 chat/completions (stream): 163 tokens generated at
                       112.2 T/s · prompt 62 tokens, none cached, 62 new in 0.07
                       s · first token 0.08 s, total 1.53 s · draft 100/189
                       accepted (53%) · max_tokens reached
22:18:30.078 INFO:     #98 chat/completions (stream): 72 prompt tokens ·
                       temperature: 0, greedy (req), max_tokens: 731 (req),
                       min_tokens: 731 (req)
22:18:32.275 INFO:     #97 chat/completions (stream): 447 tokens generated at
                       182.0 T/s · prompt 378 tokens, none cached, 378 new in
                       0.24 s (1,575 T/s) · first token 0.25 s, total 2.70 s ·
                       draft 261/558 accepted (47%) · max_tokens reached
22:18:32.307 INFO:     #100 chat/completions (stream): 76 prompt tokens ·
                       temperature: 0, greedy (req), max_tokens: 393 (req),
                       min_tokens: 393 (req)
22:18:33.881 INFO:     #98 chat/completions (stream): 731 tokens generated at
                       198.7 T/s · prompt 72 tokens, none cached, 72 new in 0.08
                       s · first token 0.09 s, total 3.76 s · draft 450/843
                       accepted (53%) · max_tokens reached
22:18:33.913 INFO:     #101 chat/completions (stream): 60 prompt tokens ·
                       temperature: 0, greedy (req), max_tokens: 636 (req),
                       min_tokens: 636 (req)
22:18:34.408 INFO:     #100 chat/completions (stream): 393 tokens generated at
                       198.8 T/s · prompt 76 tokens, none cached, 76 new in 0.08
                       s · first token 0.09 s, total 2.06 s · draft 245/444
                       accepted (55%) · max_tokens reached
22:18:34.439 INFO:     #102 chat/completions (stream): 87 prompt tokens ·
                       temperature: 0, greedy (req), max_tokens: 38 (req),
                       min_tokens: 38 (req)
22:18:34.709 INFO:     #102 chat/completions (stream): 38 tokens generated at
                       272.9 T/s · prompt 87 tokens, none cached, 87 new in 0.09
                       s · first token 0.10 s, total 0.23 s · draft 27/33
                       accepted (82%) · max_tokens reached
22:18:34.742 INFO:     #103 chat/completions (stream): 132 prompt tokens ·
                       temperature: 0, greedy (req), max_tokens: 61 (req),
                       min_tokens: 61 (req)
22:18:35.100 INFO:     #103 chat/completions (stream): 61 tokens generated at
                       295.9 T/s · prompt 132 tokens, none cached, 132 new in
                       0.11 s · first token 0.12 s, total 0.32 s · draft 45/48
                       accepted (94%) · max_tokens reached
22:18:35.132 INFO:     #104 chat/completions (stream): 76 prompt tokens ·
                       temperature: 0, greedy (req), max_tokens: 411 (req),
                       min_tokens: 411 (req)
22:18:37.072 INFO:     #101 chat/completions (stream): 636 tokens generated at
                       209.1 T/s · prompt 60 tokens, none cached, 60 new in 0.07
                       s · first token 0.08 s, total 3.12 s · draft 417/657
                       accepted (63%) · max_tokens reached
22:18:37.105 INFO:     #105 chat/completions (stream): 68 prompt tokens ·
                       temperature: 0, greedy (req), max_tokens: 367 (req),
                       min_tokens: 367 (req)
22:18:37.224 INFO:     #104 chat/completions (stream): 411 tokens generated at
                       217.5 T/s · prompt 76 tokens, none cached, 76 new in 0.08
                       s · first token 0.08 s, total 1.97 s · draft 261/450
                       accepted (58%) · max_tokens reached
22:18:37.258 INFO:     #106 chat/completions (stream): 123 prompt tokens ·
                       temperature: 0, greedy (req), max_tokens: 289 (req),
                       min_tokens: 289 (req)
22:18:38.788 INFO:     #106 chat/completions (stream): 289 tokens generated at
                       208.9 T/s · prompt 123 tokens, none cached, 123 new in
                       0.10 s · first token 0.10 s, total 1.49 s · draft 181/324
                       accepted (56%) · max_tokens reached
22:18:38.820 INFO:     #107 chat/completions (stream): 101 prompt tokens ·
                       temperature: 0, greedy (req), max_tokens: 518 (req),
                       min_tokens: 518 (req)
22:18:39.172 INFO:     #105 chat/completions (stream): 367 tokens generated at
                       188.4 T/s · prompt 68 tokens, none cached, 68 new in 0.07
                       s · first token 0.08 s, total 2.02 s · draft 228/417
                       accepted (55%) · max_tokens reached
22:18:39.213 INFO:     #108 chat/completions (stream): 145 prompt tokens ·
                       temperature: 0, greedy (req), max_tokens: 144 (req),
                       min_tokens: 144 (req)
22:18:40.016 INFO:     #108 chat/completions (stream): 144 tokens generated at
                       222.8 T/s · prompt 145 tokens, none cached, 145 new in
                       0.11 s · first token 0.12 s, total 0.76 s · draft 93/153
                       accepted (61%) · max_tokens reached
22:18:40.050 INFO:     #109 chat/completions (stream): 360 prompt tokens ·
                       temperature: 0, greedy (req), max_tokens: 8 (req),
                       min_tokens: 8 (req)
22:18:40.365 INFO:     #109 chat/completions (stream): 8 tokens generated at
                       211.8 T/s · prompt 360 tokens, none cached, 360 new in
                       0.23 s (1,565 T/s) · first token 0.24 s, total 0.27 s ·
                       draft 5/9 accepted (56%) · max_tokens reached
22:18:40.399 INFO:     #110 chat/completions (stream): 469 prompt tokens ·
                       temperature: 0, greedy (req), max_tokens: 465 (req),
                       min_tokens: 465 (req)
22:18:42.505 INFO:     #107 chat/completions (stream): 518 tokens generated at
                       146.1 T/s · prompt 101 tokens, none cached, 101 new in
                       0.09 s · first token 0.10 s, total 3.64 s · draft 291/681
                       accepted (43%) · max_tokens reached
22:18:42.540 INFO:     #111 chat/completions (stream): 327 prompt tokens ·
                       temperature: 0, greedy (req), max_tokens: 420 (req),
                       min_tokens: 420 (req)
22:18:42.920 INFO:     #110 chat/completions (stream): 465 tokens generated at
                       208.3 T/s · prompt 469 tokens, none cached, 469 new in
                       0.24 s (1,954 T/s) · first token 0.25 s, total 2.48 s ·
                       draft 315/450 accepted (70%) · max_tokens reached
22:18:42.952 INFO:     #112 chat/completions (stream): 93 prompt tokens ·
                       temperature: 0, greedy (req), max_tokens: 298 (req),
                       min_tokens: 298 (req)
22:18:44.558 INFO:     #112 chat/completions (stream): 298 tokens generated at
                       202.5 T/s · prompt 93 tokens, none cached, 93 new in 0.09
                       s · first token 0.09 s, total 1.57 s · draft 185/339
                       accepted (55%) · max_tokens reached
22:18:44.590 INFO:     #113 chat/completions (stream): 126 prompt tokens ·
                       temperature: 0, greedy (req), max_tokens: 325 (req),
                       min_tokens: 325 (req)
22:18:45.094 INFO:     #111 chat/completions (stream): 420 tokens generated at
                       183.5 T/s · prompt 327 tokens, none cached, 327 new in
                       0.22 s (1,486 T/s) · first token 0.23 s, total 2.51 s ·
                       draft 256/492 accepted (52%) · max_tokens reached
22:18:45.127 INFO:     #114 chat/completions (stream): 487 prompt tokens ·
                       temperature: 0, greedy (req), max_tokens: 7 (req),
                       min_tokens: 7 (req)
22:18:45.447 INFO:     #114 chat/completions (stream): 7 tokens generated at
                       283.6 T/s · prompt 487 tokens, none cached, 487 new in
                       0.25 s (1,948 T/s) · first token 0.26 s, total 0.28 s ·
                       draft 5/6 accepted (83%) · max_tokens reached
22:18:45.479 INFO:     #115 chat/completions (stream): 334 prompt tokens ·
                       temperature: 0, greedy (req), max_tokens: 377 (req),
                       min_tokens: 377 (req)
22:18:46.729 INFO:     #113 chat/completions (stream): 325 tokens generated at
                       163.4 T/s · prompt 126 tokens, none cached, 126 new in
                       0.10 s · first token 0.11 s, total 2.09 s · draft 203/366
                       accepted (55%) · max_tokens reached
22:18:46.764 INFO:     #116 chat/completions (stream): 841 prompt tokens ·
                       temperature: 0, greedy (req), max_tokens: 429 (req),
                       min_tokens: 429 (req)
22:18:47.868 INFO:     #115 chat/completions (stream): 377 tokens generated at
                       177.3 T/s · prompt 334 tokens, none cached, 334 new in
                       0.21 s (1,590 T/s) · first token 0.22 s, total 2.34 s ·
                       draft 235/426 accepted (55%) · max_tokens reached
22:18:47.900 INFO:     #118 chat/completions (stream): 57 prompt tokens ·
                       temperature: 0, greedy (req), max_tokens: 99 (req),
                       min_tokens: 99 (req)
22:18:48.466 INFO:     #118 chat/completions (stream): 99 tokens generated at
                       219.1 T/s · prompt 57 tokens, none cached, 57 new in 0.07
                       s · first token 0.08 s, total 0.53 s · draft 64/105
                       accepted (61%) · max_tokens reached
22:18:48.499 INFO:     #119 chat/completions (stream): 147 prompt tokens ·
                       temperature: 0, greedy (req), max_tokens: 30 (req),
                       min_tokens: 30 (req)
22:18:48.749 INFO:     #119 chat/completions (stream): 30 tokens generated at
                       264.9 T/s · prompt 147 tokens, none cached, 147 new in
                       0.09 s · first token 0.10 s, total 0.21 s · draft 21/27
                       accepted (78%) · max_tokens reached
22:18:48.781 INFO:     #120 chat/completions (stream): 232 prompt tokens ·
                       temperature: 0, greedy (req), max_tokens: 78 (req),
                       min_tokens: 78 (req)
22:18:49.200 INFO:     #120 chat/completions (stream): 78 tokens generated at
                       304.2 T/s · prompt 232 tokens, none cached, 232 new in
                       0.11 s · first token 0.11 s, total 0.37 s · draft 58/60
                       accepted (97%) · max_tokens reached
22:18:49.233 INFO:     #121 chat/completions (stream): 63 prompt tokens ·
                       temperature: 0, greedy (req), max_tokens: 321 (req),
                       min_tokens: 321 (req)
22:18:49.957 INFO:     #116 chat/completions (stream): 429 tokens generated at
                       150.4 T/s · prompt 841 tokens, none cached, 841 new in
                       0.29 s (2,900 T/s) · first token 0.30 s, total 3.15 s ·
                       draft 232/591 accepted (39%) · max_tokens reached
22:18:49.990 INFO:     #122 chat/completions (stream): 78 prompt tokens ·
                       temperature: 0, greedy (req), max_tokens: 254 (req),
                       min_tokens: 254 (req)
22:18:51.084 INFO:     #121 chat/completions (stream): 321 tokens generated at
                       185.1 T/s · prompt 63 tokens, none cached, 63 new in 0.07
                       s · first token 0.08 s, total 1.81 s · draft 191/390
                       accepted (49%) · max_tokens reached
22:18:51.116 INFO:     #123 chat/completions (stream): 63 prompt tokens ·
                       temperature: 0, greedy (req), max_tokens: 194 (req),
                       min_tokens: 194 (req)
22:18:51.245 INFO:     #122 chat/completions (stream): 254 tokens generated at
                       225.0 T/s · prompt 78 tokens, none cached, 78 new in 0.08
                       s · first token 0.09 s, total 1.21 s · draft 170/252
                       accepted (67%) · max_tokens reached
22:18:51.277 INFO:     #124 chat/completions (stream): 629 prompt tokens ·
                       temperature: 0, greedy (req), max_tokens: 9 (req),
                       min_tokens: 9 (req)
22:18:51.624 INFO:     #124 chat/completions (stream): 9 tokens generated at
                       246.5 T/s · prompt 629 tokens, none cached, 629 new in
                       0.26 s (2,419 T/s) · first token 0.26 s, total 0.30 s ·
                       draft 6/9 accepted (67%) · max_tokens reached
22:18:51.656 INFO:     #125 chat/completions (stream): 57 prompt tokens ·
                       temperature: 0, greedy (req), max_tokens: 78 (req),
                       min_tokens: 78 (req)
22:18:52.202 INFO:     #125 chat/completions (stream): 78 tokens generated at
                       182.6 T/s · prompt 57 tokens, none cached, 57 new in 0.07
                       s · first token 0.08 s, total 0.50 s · draft 44/102
                       accepted (43%) · max_tokens reached
22:18:52.234 INFO:     #126 chat/completions (stream): 148 prompt tokens ·
                       temperature: 0, greedy (req), max_tokens: 15 (req),
                       min_tokens: 15 (req)
22:18:52.435 INFO:     #126 chat/completions (stream): 15 tokens generated at
                       233.4 T/s · prompt 148 tokens, none cached, 148 new in
                       0.09 s · first token 0.10 s, total 0.16 s · draft 10/15
                       accepted (67%) · max_tokens reached
22:18:52.457 INFO:     #127 chat/completions (stream): 346 prompt tokens ·
                       temperature: 0, greedy (req), max_tokens: 11 (req),
                       min_tokens: 11 (req)
22:18:52.692 INFO:     #123 chat/completions (stream): 194 tokens generated at
                       153.5 T/s · prompt 63 tokens, none cached, 63 new in 0.07
                       s · first token 0.08 s, total 1.34 s · draft 123/213
                       accepted (58%) · max_tokens reached
22:18:52.714 INFO:     #128 chat/completions (stream): 74 prompt tokens ·
                       temperature: 0, greedy (req), max_tokens: 296 (req),
                       min_tokens: 296 (req)
22:18:52.818 INFO:     #127 chat/completions (stream): 11 tokens generated at
                       346.5 T/s · prompt 346 tokens, none cached, 346 new in
                       0.22 s (1,573 T/s) · first token 0.22 s, total 0.26 s ·
                       draft 8/9 accepted (89%) · max_tokens reached
22:18:52.851 INFO:     #129 chat/completions (stream): 468 prompt tokens ·
                       temperature: 0, greedy (req), max_tokens: 17 (req),
                       min_tokens: 17 (req)
22:18:53.226 INFO:     #129 chat/completions (stream): 17 tokens generated at
                       214.9 T/s · prompt 468 tokens, none cached, 468 new in
                       0.25 s (1,872 T/s) · first token 0.25 s, total 0.33 s ·
                       draft 11/18 accepted (61%) · max_tokens reached
22:18:53.261 INFO:     #130 chat/completions (stream): 400 prompt tokens ·
                       temperature: 0, greedy (req), max_tokens: 4 (req),
                       min_tokens: 4 (req)
22:18:53.566 INFO:     #130 chat/completions (stream): 4 tokens generated at
                       319.7 T/s · prompt 400 tokens, none cached, 400 new in
                       0.25 s (1,600 T/s) · first token 0.26 s, total 0.27 s ·
                       draft 3/3 accepted (100%) · max_tokens reached
22:18:53.599 INFO:     #131 chat/completions (stream): 216 prompt tokens ·
                       temperature: 0, greedy (req), max_tokens: 30 (req),
                       min_tokens: 30 (req)
22:18:53.849 INFO:     #131 chat/completions (stream): 30 tokens generated at
                       296.7 T/s · prompt 216 tokens, none cached, 216 new in
                       0.10 s · first token 0.11 s, total 0.21 s · draft 22/24
                       accepted (92%) · max_tokens reached
22:18:53.881 INFO:     #132 chat/completions (stream): 200 prompt tokens ·
                       temperature: 0, greedy (req), max_tokens: 12 (req),
                       min_tokens: 12 (req)
22:18:54.082 INFO:     #132 chat/completions (stream): 12 tokens generated at
                       243.8 T/s · prompt 200 tokens, none cached, 200 new in
                       0.11 s · first token 0.12 s, total 0.16 s · draft 8/12
                       accepted (67%) · max_tokens reached
22:18:54.114 INFO:     #133 chat/completions (stream): 160 prompt tokens ·
                       temperature: 0, greedy (req), max_tokens: 60 (req),
                       min_tokens: 60 (req)
22:18:54.560 INFO:     #133 chat/completions (stream): 60 tokens generated at
                       196.3 T/s · prompt 160 tokens, none cached, 160 new in
                       0.09 s · first token 0.09 s, total 0.40 s · draft 36/72
                       accepted (50%) · max_tokens reached
22:18:54.593 INFO:     #134 chat/completions (stream): 572 prompt tokens ·
                       temperature: 0, greedy (req), max_tokens: 60 (req),
                       min_tokens: 60 (req)
22:18:55.173 INFO:     #134 chat/completions (stream): 60 tokens generated at
                       198.2 T/s · prompt 572 tokens, none cached, 572 new in
                       0.23 s (2,487 T/s) · first token 0.24 s, total 0.54 s ·
                       draft 36/72 accepted (50%) · max_tokens reached
22:18:55.215 INFO:     #135 chat/completions (stream): 68 prompt tokens ·
                       temperature: 0, greedy (req), max_tokens: 733 (req),
                       min_tokens: 733 (req)
22:18:55.451 INFO:     #128 chat/completions (stream): 296 tokens generated at
                       113.3 T/s · prompt 74 tokens, none cached, 74 new in 0.08
                       s · first token 0.09 s, total 2.70 s · draft 170/378
                       accepted (45%) · max_tokens reached
22:18:55.484 INFO:     #136 chat/completions (stream): 59 prompt tokens ·
                       temperature: 0, greedy (req), max_tokens: 81 (req),
                       min_tokens: 81 (req)
22:18:56.006 INFO:     #136 chat/completions (stream): 81 tokens generated at
                       199.8 T/s · prompt 59 tokens, none cached, 59 new in 0.07
                       s · first token 0.08 s, total 0.48 s · draft 49/96
                       accepted (51%) · max_tokens reached
22:18:56.039 INFO:     #137 chat/completions (stream): 694 prompt tokens ·
                       temperature: 0, greedy (req), max_tokens: 34 (req),
                       min_tokens: 34 (req)
22:18:56.473 INFO:     #137 chat/completions (stream): 34 tokens generated at
                       266.8 T/s · prompt 694 tokens, none cached, 694 new in
                       0.26 s (2,669 T/s) · first token 0.26 s, total 0.39 s ·
                       draft 24/30 accepted (80%) · max_tokens reached
22:18:56.506 INFO:     #138 chat/completions (stream): 66 prompt tokens ·
                       temperature: 0, greedy (req), max_tokens: 198 (req),
                       min_tokens: 198 (req)
22:18:57.424 INFO:     #138 chat/completions (stream): 198 tokens generated at
                       248.5 T/s · prompt 66 tokens, none cached, 66 new in 0.07
                       s · first token 0.08 s, total 0.87 s · draft 136/186
                       accepted (73%) · max_tokens reached
22:18:57.457 INFO:     #139 chat/completions (stream): 477 prompt tokens ·
                       temperature: 0, greedy (req), max_tokens: 38 (req),
                       min_tokens: 38 (req)
22:18:57.915 INFO:     #139 chat/completions (stream): 38 tokens generated at
                       231.4 T/s · prompt 477 tokens, none cached, 477 new in
                       0.25 s (1,908 T/s) · first token 0.26 s, total 0.42 s ·
                       draft 25/39 accepted (64%) · max_tokens reached
22:18:57.947 INFO:     #140 chat/completions (stream): 80 prompt tokens ·
                       temperature: 0, greedy (req), max_tokens: 49 (req),
                       min_tokens: 49 (req)
22:18:58.253 INFO:     #140 chat/completions (stream): 49 tokens generated at
                       271.1 T/s · prompt 80 tokens, none cached, 80 new in 0.08
                       s · first token 0.09 s, total 0.27 s · draft 36/39
                       accepted (92%) · max_tokens reached
22:18:58.285 INFO:     #141 chat/completions (stream): 124 prompt tokens ·
                       temperature: 0, greedy (req), max_tokens: 635 (req),
                       min_tokens: 635 (req)
22:18:59.679 INFO:     #135 chat/completions (stream): 733 tokens generated at
                       168.8 T/s · prompt 68 tokens, none cached, 68 new in 0.08
                       s · first token 0.09 s, total 4.43 s · draft 453/840
                       accepted (54%) · max_tokens reached
22:18:59.712 INFO:     #142 chat/completions (stream): 411 prompt tokens ·
                       temperature: 0, greedy (req), max_tokens: 7 (req),
                       min_tokens: 7 (req)
22:19:00.017 INFO:     #142 chat/completions (stream): 7 tokens generated at
                       286.2 T/s · prompt 411 tokens, none cached, 411 new in
                       0.23 s (1,787 T/s) · first token 0.24 s, total 0.26 s ·
                       draft 5/6 accepted (83%) · max_tokens reached
22:19:00.050 INFO:     #143 chat/completions (stream): 315 prompt tokens ·
                       temperature: 0, greedy (req), max_tokens: 707 (req),
                       min_tokens: 707 (req)
22:19:01.839 INFO:     #141 chat/completions (stream): 635 tokens generated at
                       186.4 T/s · prompt 124 tokens, none cached, 124 new in
                       0.10 s · first token 0.10 s, total 3.51 s · draft 401/702
                       accepted (57%) · max_tokens reached
22:19:01.872 INFO:     #144 chat/completions (stream): 77 prompt tokens ·
                       temperature: 0, greedy (req), max_tokens: 380 (req),
                       min_tokens: 380 (req)
22:19:03.508 INFO:     #143 chat/completions (stream): 707 tokens generated at
                       221.2 T/s · prompt 315 tokens, none cached, 315 new in
                       0.21 s (1,500 T/s) · first token 0.22 s, total 3.41 s ·
                       draft 463/732 accepted (63%) · max_tokens reached
22:19:03.540 INFO:     #146 chat/completions (stream): 266 prompt tokens ·
                       temperature: 0, greedy (req), max_tokens: 147 (req),
                       min_tokens: 147 (req)
22:19:03.917 INFO:     #144 chat/completions (stream): 380 tokens generated at
                       197.9 T/s · prompt 77 tokens, none cached, 77 new in 0.08
                       s · first token 0.09 s, total 2.01 s · draft 241/417
                       accepted (58%) · max_tokens reached
22:19:03.950 INFO:     #147 chat/completions (stream): 232 prompt tokens ·
                       temperature: 0, greedy (req), max_tokens: 41 (req),
                       min_tokens: 41 (req)
22:19:04.278 INFO:     #147 chat/completions (stream): 41 tokens generated at
                       238.5 T/s · prompt 232 tokens, none cached, 232 new in
                       0.11 s · first token 0.12 s, total 0.29 s · draft 28/39
                       accepted (72%) · max_tokens reached
22:19:04.301 INFO:     #148 chat/completions (stream): 137 prompt tokens ·
                       temperature: 0, greedy (req), max_tokens: 101 (req),
                       min_tokens: 101 (req)
22:19:04.432 INFO:     #146 chat/completions (stream): 147 tokens generated at
                       249.8 T/s · prompt 266 tokens, none cached, 266 new in
                       0.17 s (1,565 T/s) · first token 0.18 s, total 0.76 s ·
                       draft 108/117 accepted (92%) · max_tokens reached
22:19:04.465 INFO:     #149 chat/completions (stream): 135 prompt tokens ·
                       temperature: 0, greedy (req), max_tokens: 433 (req),
                       min_tokens: 433 (req)
22:19:04.985 INFO:     #148 chat/completions (stream): 101 tokens generated at
                       190.5 T/s · prompt 137 tokens, none cached, 137 new in
                       0.11 s · first token 0.11 s, total 0.65 s · draft 67/102
                       accepted (66%) · max_tokens reached
22:19:05.018 INFO:     #150 chat/completions (stream): 456 prompt tokens ·
                       temperature: 0, greedy (req), max_tokens: 342 (req),
                       min_tokens: 342 (req)
22:19:06.811 INFO:     #149 chat/completions (stream): 433 tokens generated at
                       197.3 T/s · prompt 135 tokens, none cached, 135 new in
                       0.11 s · first token 0.12 s, total 2.31 s · draft 283/450
                       accepted (63%) · max_tokens reached
22:19:06.843 INFO:     #151 chat/completions (stream): 301 prompt tokens ·
                       temperature: 0, greedy (req), max_tokens: 14 (req),
                       min_tokens: 14 (req)
22:19:07.090 INFO:     #150 chat/completions (stream): 342 tokens generated at
                       203.9 T/s · prompt 456 tokens, none cached, 456 new in
                       0.29 s (1,572 T/s) · first token 0.30 s, total 1.97 s ·
                       draft 221/363 accepted (61%) · max_tokens reached
22:19:07.114 INFO:     #152 chat/completions (stream): 823 prompt tokens ·
                       temperature: 0, greedy (req), max_tokens: 11 (req),
                       min_tokens: 11 (req)
22:19:07.387 INFO:     #151 chat/completions (stream): 14 tokens generated at
                       227.8 T/s · prompt 301 tokens, none cached, 301 new in
                       0.20 s (1,505 T/s) · first token 0.21 s, total 0.27 s ·
                       draft 8/18 accepted (44%) · max_tokens reached
22:19:07.410 INFO:     #153 chat/completions (stream): 80 prompt tokens ·
                       temperature: 0, greedy (req), max_tokens: 159 (req),
                       min_tokens: 159 (req)
22:19:07.515 INFO:     #152 chat/completions (stream): 11 tokens generated at
                       340.9 T/s · prompt 823 tokens, none cached, 823 new in
                       0.26 s (3,165 T/s) · first token 0.27 s, total 0.30 s ·
                       draft 8/9 accepted (89%) · max_tokens reached
22:19:07.546 INFO:     #154 chat/completions (stream): 71 prompt tokens ·
                       temperature: 0, greedy (req), max_tokens: 749 (req),
                       min_tokens: 749 (req)
22:19:08.263 INFO:     #153 chat/completions (stream): 159 tokens generated at
                       218.9 T/s · prompt 80 tokens, none cached, 80 new in 0.08
                       s · first token 0.09 s, total 0.81 s · draft 107/156
                       accepted (69%) · max_tokens reached
22:19:08.294 INFO:     #155 chat/completions (stream): 181 prompt tokens ·
                       temperature: 0, greedy (req), max_tokens: 482 (req),
                       min_tokens: 482 (req)
22:19:10.952 INFO:     #155 chat/completions (stream): 482 tokens generated at
                       191.8 T/s · prompt 181 tokens, none cached, 181 new in
                       0.10 s · first token 0.10 s, total 2.62 s · draft 286/588
                       accepted (49%) · max_tokens reached
22:19:10.985 INFO:     #156 chat/completions (stream): 336 prompt tokens ·
                       temperature: 0, greedy (req), max_tokens: 772 (req),
                       min_tokens: 772 (req)
22:19:11.597 INFO:     #154 chat/completions (stream): 749 tokens generated at
                       190.7 T/s · prompt 71 tokens, none cached, 71 new in 0.08
                       s · first token 0.08 s, total 4.01 s · draft 463/858
                       accepted (54%) · max_tokens reached
22:19:11.631 INFO:     #157 chat/completions (stream): 410 prompt tokens ·
                       temperature: 0, greedy (req), max_tokens: 34 (req),
                       min_tokens: 34 (req)
22:19:12.059 INFO:     #157 chat/completions (stream): 34 tokens generated at
                       225.3 T/s · prompt 410 tokens, none cached, 410 new in
                       0.23 s (1,783 T/s) · first token 0.24 s, total 0.39 s ·
                       draft 22/36 accepted (61%) · max_tokens reached
22:19:12.091 INFO:     #158 chat/completions (stream): 241 prompt tokens ·
                       temperature: 0, greedy (req), max_tokens: 9 (req),
                       min_tokens: 9 (req)
22:19:12.312 INFO:     #158 chat/completions (stream): 9 tokens generated at
                       181.7 T/s · prompt 241 tokens, none cached, 241 new in
                       0.12 s · first token 0.13 s, total 0.17 s · draft 5/12
                       accepted (42%) · max_tokens reached
22:19:12.344 INFO:     #159 chat/completions (stream): 68 prompt tokens ·
                       temperature: 0, greedy (req), max_tokens: 539 (req),
                       min_tokens: 539 (req)
22:19:14.973 INFO:     #156 chat/completions (stream): 772 tokens generated at
                       206.8 T/s · prompt 336 tokens, none cached, 336 new in
                       0.21 s (1,600 T/s) · first token 0.22 s, total 3.95 s ·
                       draft 508/792 accepted (64%) · max_tokens reached
22:19:15.005 INFO:     #160 chat/completions (stream): 59 prompt tokens ·
                       temperature: 0, greedy (req), max_tokens: 82 (req),
                       min_tokens: 82 (req)
22:19:15.413 INFO:     #159 chat/completions (stream): 539 tokens generated at
                       182.9 T/s · prompt 68 tokens, none cached, 68 new in 0.08
                       s · first token 0.08 s, total 3.03 s · draft 311/684
                       accepted (45%) · max_tokens reached
22:19:15.445 INFO:     #161 chat/completions (stream): 424 prompt tokens ·
                       temperature: 0, greedy (req), max_tokens: 590 (req),
                       min_tokens: 590 (req)
22:19:15.744 INFO:     #160 chat/completions (stream): 82 tokens generated at
                       131.8 T/s · prompt 59 tokens, none cached, 59 new in 0.07
                       s · first token 0.08 s, total 0.70 s · draft 49/99
                       accepted (49%) · max_tokens reached
22:19:15.778 INFO:     #162 chat/completions (stream): 126 prompt tokens ·
                       temperature: 0, greedy (req), max_tokens: 273 (req),
                       min_tokens: 273 (req)
22:19:17.381 INFO:     #162 chat/completions (stream): 273 tokens generated at
                       187.3 T/s · prompt 126 tokens, none cached, 126 new in
                       0.10 s · first token 0.11 s, total 1.56 s · draft 159/342
                       accepted (46%) · max_tokens reached
22:19:17.415 INFO:     #164 chat/completions (stream): 522 prompt tokens ·
                       temperature: 0, greedy (req), max_tokens: 21 (req),
                       min_tokens: 21 (req)
22:19:17.749 INFO:     #164 chat/completions (stream): 21 tokens generated at
                       208.0 T/s · prompt 522 tokens, none cached, 522 new in
                       0.19 s (2,747 T/s) · first token 0.20 s, total 0.30 s ·
                       draft 13/24 accepted (54%) · max_tokens reached
22:19:17.782 INFO:     #165 chat/completions (stream): 707 prompt tokens ·
                       temperature: 0, greedy (req), max_tokens: 16 (req),
                       min_tokens: 16 (req)
22:19:18.170 INFO:     #165 chat/completions (stream): 16 tokens generated at
                       251.0 T/s · prompt 707 tokens, none cached, 707 new in
                       0.28 s (2,525 T/s) · first token 0.29 s, total 0.35 s ·
                       draft 11/15 accepted (73%) · max_tokens reached
22:19:18.209 INFO:     #166 chat/completions (stream): 853 prompt tokens ·
                       temperature: 0, greedy (req), max_tokens: 6 (req),
                       min_tokens: 6 (req)
22:19:18.571 INFO:     #166 chat/completions (stream): 6 tokens generated at
                       246.4 T/s · prompt 853 tokens, none cached, 853 new in
                       0.29 s (2,941 T/s) · first token 0.30 s, total 0.32 s ·
                       draft 4/6 accepted (67%) · max_tokens reached
22:19:18.604 INFO:     #167 chat/completions (stream): 58 prompt tokens ·
                       temperature: 0, greedy (req), max_tokens: 261 (req),
                       min_tokens: 261 (req)
22:19:19.059 INFO:     #161 chat/completions (stream): 590 tokens generated at
                       176.7 T/s · prompt 424 tokens, none cached, 424 new in
                       0.23 s (1,843 T/s) · first token 0.24 s, total 3.57 s ·
                       draft 394/588 accepted (67%) · max_tokens reached
22:19:19.091 INFO:     #168 chat/completions (stream): 121 prompt tokens ·
                       temperature: 0, greedy (req), max_tokens: 355 (req),
                       min_tokens: 355 (req)
22:19:20.380 INFO:     #167 chat/completions (stream): 261 tokens generated at
                       157.2 T/s · prompt 58 tokens, none cached, 58 new in 0.07
                       s · first token 0.08 s, total 1.74 s · draft 139/366
                       accepted (38%) · max_tokens reached
22:19:20.413 INFO:     #169 chat/completions (stream): 364 prompt tokens ·
                       temperature: 0, greedy (req), max_tokens: 16 (req),
                       min_tokens: 16 (req)
22:19:20.768 INFO:     #169 chat/completions (stream): 16 tokens generated at
                       211.2 T/s · prompt 364 tokens, none cached, 364 new in
                       0.23 s (1,583 T/s) · first token 0.24 s, total 0.31 s ·
                       draft 10/18 accepted (56%) · max_tokens reached
22:19:20.801 INFO:     #170 chat/completions (stream): 100 prompt tokens ·
                       temperature: 0, greedy (req), max_tokens: 152 (req),
                       min_tokens: 152 (req)
22:19:21.347 INFO:     #168 chat/completions (stream): 355 tokens generated at
                       168.3 T/s · prompt 121 tokens, none cached, 121 new in
                       0.10 s · first token 0.11 s, total 2.21 s · draft 215/420
                       accepted (51%) · max_tokens reached
22:19:21.381 INFO:     #171 chat/completions (stream): 648 prompt tokens ·
                       temperature: 0, greedy (req), max_tokens: 16 (req),
                       min_tokens: 16 (req)
22:19:21.791 INFO:     #171 chat/completions (stream): 16 tokens generated at
                       177.1 T/s · prompt 648 tokens, none cached, 648 new in
                       0.27 s (2,400 T/s) · first token 0.28 s, total 0.37 s ·
                       draft 9/21 accepted (43%) · max_tokens reached
22:19:21.794 INFO:     #172 chat/completions (stream): 86 prompt tokens ·
                       temperature: 0, greedy (req), max_tokens: 442 (req),
                       min_tokens: 442 (req)
22:19:21.795 INFO:     #170 chat/completions (stream): 152 tokens generated at
                       170.3 T/s · prompt 100 tokens, none cached, 100 new in
                       0.09 s · first token 0.10 s, total 0.99 s · draft 102/150
                       accepted (68%) · max_tokens reached
22:19:21.926 INFO:     #173 chat/completions (stream): 112 prompt tokens ·
                       temperature: 0, greedy (req), max_tokens: 375 (req),
                       min_tokens: 375 (req)
22:19:23.659 INFO:     #173 chat/completions (stream): 375 tokens generated at
                       235.7 T/s · prompt 112 tokens, none cached, 112 new in
                       0.09 s · first token 0.10 s, total 1.69 s · draft 251/372
                       accepted (67%) · max_tokens reached
22:19:23.690 INFO:     #174 chat/completions (stream): 56 prompt tokens ·
                       temperature: 0, greedy (req), max_tokens: 157 (req),
                       min_tokens: 157 (req)
22:19:24.092 INFO:     #172 chat/completions (stream): 442 tokens generated at
                       203.9 T/s · prompt 86 tokens, none cached, 86 new in 0.08
                       s · first token 0.09 s, total 2.25 s · draft 284/474
                       accepted (60%) · max_tokens reached
22:19:24.124 INFO:     #175 chat/completions (stream): 199 prompt tokens ·
                       temperature: 0, greedy (req), max_tokens: 17 (req),
                       min_tokens: 17 (req)
22:19:24.336 INFO:     #175 chat/completions (stream): 17 tokens generated at
                       269.6 T/s · prompt 199 tokens, none cached, 199 new in
                       0.10 s · first token 0.11 s, total 0.17 s · draft 12/15
                       accepted (80%) · max_tokens reached
22:19:24.367 INFO:     #176 chat/completions (stream): 337 prompt tokens ·
                       temperature: 0, greedy (req), max_tokens: 61 (req),
                       min_tokens: 61 (req)
22:19:24.864 INFO:     #174 chat/completions (stream): 157 tokens generated at
                       148.2 T/s · prompt 56 tokens, none cached, 56 new in 0.07
                       s · first token 0.08 s, total 1.13 s · draft 95/186
                       accepted (51%) · max_tokens reached
22:19:24.886 INFO:     #177 chat/completions (stream): 156 prompt tokens ·
                       temperature: 0, greedy (req), max_tokens: 153 (req),
                       min_tokens: 153 (req)
22:19:25.004 INFO:     #176 chat/completions (stream): 61 tokens generated at
                       206.4 T/s · prompt 337 tokens, none cached, 337 new in
                       0.22 s (1,532 T/s) · first token 0.22 s, total 0.52 s ·
                       draft 36/75 accepted (48%) · max_tokens reached
22:19:25.036 INFO:     #178 chat/completions (stream): 64 prompt tokens ·
                       temperature: 0, greedy (req), max_tokens: 114 (req),
                       min_tokens: 114 (req)
22:19:25.742 INFO:     #178 chat/completions (stream): 114 tokens generated at
                       193.2 T/s · prompt 64 tokens, none cached, 64 new in 0.07
                       s · first token 0.07 s, total 0.66 s · draft 68/138
                       accepted (49%) · max_tokens reached
22:19:25.744 INFO:     #179 chat/completions (stream): 63 prompt tokens ·
                       temperature: 0, greedy (req), max_tokens: 85 (req),
                       min_tokens: 85 (req)
22:19:25.745 INFO:     #177 chat/completions (stream): 153 tokens generated at
                       202.1 T/s · prompt 156 tokens, none cached, 156 new in
                       0.09 s · first token 0.10 s, total 0.85 s · draft 98/165
                       accepted (59%) · max_tokens reached
22:19:25.863 INFO:     #180 chat/completions (stream): 482 prompt tokens ·
                       temperature: 0, greedy (req), max_tokens: 225 (req),
                       min_tokens: 225 (req)
22:19:26.480 INFO:     #179 chat/completions (stream): 85 tokens generated at
                       137.8 T/s · prompt 63 tokens, none cached, 63 new in 0.07
                       s · first token 0.08 s, total 0.69 s · draft 55/90
                       accepted (61%) · max_tokens reached
22:19:26.512 INFO:     #181 chat/completions (stream): 66 prompt tokens ·
                       temperature: 0, greedy (req), max_tokens: 345 (req),
                       min_tokens: 345 (req)
22:19:27.137 INFO:     #180 chat/completions (stream): 225 tokens generated at
                       229.5 T/s · prompt 482 tokens, none cached, 482 new in
                       0.25 s (1,928 T/s) · first token 0.25 s, total 1.24 s ·
                       draft 153/216 accepted (71%) · max_tokens reached
22:19:27.168 INFO:     #182 chat/completions (stream): 76 prompt tokens ·
                       temperature: 0, greedy (req), max_tokens: 139 (req),
                       min_tokens: 139 (req)
22:19:28.013 INFO:     #182 chat/completions (stream): 139 tokens generated at
                       196.8 T/s · prompt 76 tokens, none cached, 76 new in 0.09
                       s · first token 0.10 s, total 0.80 s · draft 82/171
                       accepted (48%) · max_tokens reached
22:19:28.045 INFO:     #183 chat/completions (stream): 389 prompt tokens ·
                       temperature: 0, greedy (req), max_tokens: 13 (req),
                       min_tokens: 13 (req)
22:19:28.410 INFO:     #183 chat/completions (stream): 13 tokens generated at
                       270.5 T/s · prompt 389 tokens, none cached, 389 new in
                       0.27 s (1,441 T/s) · first token 0.28 s, total 0.32 s ·
                       draft 9/12 accepted (75%) · max_tokens reached
22:19:28.448 INFO:     #184 chat/completions (stream): 68 prompt tokens ·
                       temperature: 0, greedy (req), max_tokens: 264 (req),
                       min_tokens: 264 (req)
22:19:28.797 INFO:     #181 chat/completions (stream): 345 tokens generated at
                       159.5 T/s · prompt 66 tokens, none cached, 66 new in 0.08
                       s · first token 0.09 s, total 2.25 s · draft 204/423
                       accepted (48%) · max_tokens reached
22:19:28.828 INFO:     #185 chat/completions (stream): 71 prompt tokens ·
                       temperature: 0, greedy (req), max_tokens: 307 (req),
                       min_tokens: 307 (req)
22:19:29.830 INFO:     #184 chat/completions (stream): 264 tokens generated at
                       209.7 T/s · prompt 68 tokens, none cached, 68 new in 0.08
                       s · first token 0.09 s, total 1.34 s · draft 170/282
                       accepted (60%) · max_tokens reached
22:19:29.862 INFO:     #186 chat/completions (stream): 59 prompt tokens ·
                       temperature: 0, greedy (req), max_tokens: 191 (req),
                       min_tokens: 191 (req)
22:19:30.730 INFO:     #185 chat/completions (stream): 307 tokens generated at
                       172.6 T/s · prompt 71 tokens, none cached, 71 new in 0.08
                       s · first token 0.08 s, total 1.86 s · draft 172/405
                       accepted (42%) · max_tokens reached
22:19:30.763 INFO:     #187 chat/completions (stream): 64 prompt tokens ·
                       temperature: 0, greedy (req), max_tokens: 1181 (req),
                       min_tokens: 1181 (req)
22:19:30.904 INFO:     #186 chat/completions (stream): 191 tokens generated at
                       206.0 T/s · prompt 59 tokens, none cached, 59 new in 0.07
                       s · first token 0.08 s, total 1.00 s · draft 123/204
                       accepted (60%) · max_tokens reached
22:19:30.934 INFO:     #188 chat/completions (stream): 101 prompt tokens ·
                       temperature: 0, greedy (req), max_tokens: 236 (req),
                       min_tokens: 236 (req)
22:19:32.197 INFO:     #188 chat/completions (stream): 236 tokens generated at
                       210.7 T/s · prompt 101 tokens, none cached, 101 new in
                       0.09 s · first token 0.09 s, total 1.22 s · draft 147/267
                       accepted (55%) · max_tokens reached
22:19:32.230 INFO:     #190 chat/completions (stream): 448 prompt tokens ·
                       temperature: 0, greedy (req), max_tokens: 360 (req),
                       min_tokens: 360 (req)
22:19:34.020 INFO:     #190 chat/completions (stream): 360 tokens generated at
                       239.3 T/s · prompt 448 tokens, none cached, 448 new in
                       0.24 s (1,867 T/s) · first token 0.25 s, total 1.75 s ·
                       draft 243/351 accepted (69%) · max_tokens reached
22:19:34.052 INFO:     #191 chat/completions (stream): 72 prompt tokens ·
                       temperature: 0, greedy (req), max_tokens: 294 (req),
                       min_tokens: 294 (req)
22:19:35.564 INFO:     #191 chat/completions (stream): 294 tokens generated at
                       211.8 T/s · prompt 72 tokens, none cached, 72 new in 0.08
                       s · first token 0.09 s, total 1.47 s · draft 186/324
                       accepted (57%) · max_tokens reached
22:19:35.596 INFO:     #192 chat/completions (stream): 276 prompt tokens ·
                       temperature: 0, greedy (req), max_tokens: 6 (req),
                       min_tokens: 6 (req)
22:19:35.823 INFO:     #192 chat/completions (stream): 6 tokens generated at
                       244.2 T/s · prompt 276 tokens, none cached, 276 new in
                       0.15 s (1,840 T/s) · first token 0.16 s, total 0.18 s ·
                       draft 4/6 accepted (67%) · max_tokens reached
22:19:35.855 INFO:     #193 chat/completions (stream): 186 prompt tokens ·
                       temperature: 0, greedy (req), max_tokens: 42 (req),
                       min_tokens: 42 (req)
22:19:36.201 INFO:     #193 chat/completions (stream): 42 tokens generated at
                       211.1 T/s · prompt 186 tokens, none cached, 186 new in
                       0.10 s · first token 0.11 s, total 0.30 s · draft 26/48
                       accepted (54%) · max_tokens reached
22:19:36.234 INFO:     #194 chat/completions (stream): 219 prompt tokens ·
                       temperature: 0, greedy (req), max_tokens: 11 (req),
                       min_tokens: 11 (req)
22:19:36.448 INFO:     #194 chat/completions (stream): 11 tokens generated at
                       180.7 T/s · prompt 219 tokens, none cached, 219 new in
                       0.11 s · first token 0.12 s, total 0.18 s · draft 6/15
                       accepted (40%) · max_tokens reached
22:19:36.479 INFO:     #195 chat/completions (stream): 62 prompt tokens ·
                       temperature: 0, greedy (req), max_tokens: 304 (req),
                       min_tokens: 304 (req)
22:19:37.287 INFO:     #187 chat/completions (stream): 1,181 tokens generated at
                       184.3 T/s · prompt 64 tokens, none cached, 64 new in 0.07
                       s · first token 0.08 s, total 6.48 s · draft 737/1332
                       accepted (55%) · max_tokens reached
22:19:37.319 INFO:     #196 chat/completions (stream): 66 prompt tokens ·
                       temperature: 0, greedy (req), max_tokens: 225 (req),
                       min_tokens: 225 (req)
22:19:38.307 INFO:     #195 chat/completions (stream): 304 tokens generated at
                       177.6 T/s · prompt 62 tokens, none cached, 62 new in 0.07
                       s · first token 0.08 s, total 1.79 s · draft 174/390
                       accepted (45%) · max_tokens reached
22:19:38.340 INFO:     #197 chat/completions (stream): 584 prompt tokens ·
                       temperature: 0, greedy (req), max_tokens: 10 (req),
                       min_tokens: 10 (req)
22:19:38.646 INFO:     #197 chat/completions (stream): 10 tokens generated at
                       272.0 T/s · prompt 584 tokens, none cached, 584 new in
                       0.25 s (2,336 T/s) · first token 0.26 s, total 0.29 s ·
                       draft 7/9 accepted (78%) · max_tokens reached
22:19:38.647 INFO:     #196 chat/completions (stream): 225 tokens generated at
                       181.4 T/s · prompt 66 tokens, none cached, 66 new in 0.08
                       s · first token 0.09 s, total 1.33 s · draft 144/243
                       accepted (59%) · max_tokens reached
22:19:38.651 INFO:     #198 chat/completions (stream): 442 prompt tokens ·
                       temperature: 0, greedy (req), max_tokens: 86 (req),
                       min_tokens: 86 (req)
22:19:38.652 INFO:     #199 chat/completions (stream): 78 prompt tokens ·
                       temperature: 0, greedy (req), max_tokens: 147 (req),
                       min_tokens: 147 (req)
22:19:39.441 INFO:     #198 chat/completions (stream): 86 tokens generated at
                       203.0 T/s · prompt 442 tokens, none cached, 442 new in
                       0.31 s (1,426 T/s) · first token 0.32 s, total 0.74 s ·
                       draft 53/99 accepted (54%) · max_tokens reached
22:19:39.466 INFO:     #200 chat/completions (stream): 64 prompt tokens ·
                       temperature: 0, greedy (req), max_tokens: 450 (req),
                       min_tokens: 450 (req)
22:19:39.562 INFO:     #199 chat/completions (stream): 147 tokens generated at
                       247.5 T/s · prompt 78 tokens, none cached, 78 new in 0.08
                       s · queued 0.14 s, first token 0.22 s, total 0.81 s ·
                       draft 107/120 accepted (89%) · max_tokens reached
22:19:39.596 INFO:     #201 chat/completions (stream): 69 prompt tokens ·
                       temperature: 0, greedy (req), max_tokens: 300 (req),
                       min_tokens: 300 (req)
22:19:41.287 INFO:     #201 chat/completions (stream): 300 tokens generated at
                       191.2 T/s · prompt 69 tokens, none cached, 69 new in 0.08
                       s · first token 0.09 s, total 1.65 s · draft 178/366
                       accepted (49%) · max_tokens reached
22:19:41.320 INFO:     #202 chat/completions (stream): 70 prompt tokens ·
                       temperature: 0, greedy (req), max_tokens: 540 (req),
                       min_tokens: 540 (req)
22:19:42.010 INFO:     #200 chat/completions (stream): 450 tokens generated at
                       185.4 T/s · prompt 64 tokens, none cached, 64 new in 0.07
                       s · first token 0.08 s, total 2.50 s · draft 271/537
                       accepted (50%) · max_tokens reached
22:19:42.042 INFO:     #203 chat/completions (stream): 72 prompt tokens ·
                       temperature: 0, greedy (req), max_tokens: 830 (req),
                       min_tokens: 830 (req)
22:19:44.266 INFO:     #202 chat/completions (stream): 540 tokens generated at
                       191.2 T/s · prompt 70 tokens, none cached, 70 new in 0.08
                       s · first token 0.09 s, total 2.91 s · draft 327/639
                       accepted (51%) · max_tokens reached
22:19:44.298 INFO:     #204 chat/completions (stream): 97 prompt tokens ·
                       temperature: 0, greedy (req), max_tokens: 31 (req),
                       min_tokens: 31 (req)
22:19:44.530 INFO:     #204 chat/completions (stream): 31 tokens generated at
                       313.9 T/s · prompt 97 tokens, none cached, 97 new in 0.09
                       s · first token 0.10 s, total 0.19 s · draft 23/24
                       accepted (96%) · max_tokens reached
22:19:44.565 INFO:     #205 chat/completions (stream): 798 prompt tokens ·
                       temperature: 0, greedy (req), max_tokens: 9 (req),
                       min_tokens: 9 (req)
22:19:44.873 INFO:     #205 chat/completions (stream): 9 tokens generated at
                       241.9 T/s · prompt 798 tokens, none cached, 798 new in
                       0.22 s (3,627 T/s) · first token 0.23 s, total 0.26 s ·
                       draft 6/9 accepted (67%) · max_tokens reached
22:19:44.906 INFO:     #206 chat/completions (stream): 69 prompt tokens ·
                       temperature: 0, greedy (req), max_tokens: 29 (req),
                       min_tokens: 29 (req)
22:19:45.128 INFO:     #206 chat/completions (stream): 29 tokens generated at
                       289.6 T/s · prompt 69 tokens, none cached, 69 new in 0.08
                       s · first token 0.09 s, total 0.19 s · draft 21/24
                       accepted (88%) · max_tokens reached
22:19:45.160 INFO:     #207 chat/completions (stream): 486 prompt tokens ·
                       temperature: 0, greedy (req), max_tokens: 16 (req),
                       min_tokens: 16 (req)
22:19:45.559 INFO:     #207 chat/completions (stream): 16 tokens generated at
                       215.8 T/s · prompt 486 tokens, none cached, 486 new in
                       0.28 s (1,736 T/s) · first token 0.28 s, total 0.36 s ·
                       draft 10/18 accepted (56%) · max_tokens reached
22:19:45.592 INFO:     #208 chat/completions (stream): 254 prompt tokens ·
                       temperature: 0, greedy (req), max_tokens: 10 (req),
                       min_tokens: 10 (req)
22:19:45.804 INFO:     #208 chat/completions (stream): 10 tokens generated at
                       197.6 T/s · prompt 254 tokens, none cached, 254 new in
                       0.11 s · first token 0.12 s, total 0.17 s · draft 6/12
                       accepted (50%) · max_tokens reached
22:19:45.837 INFO:     #209 chat/completions (stream): 626 prompt tokens ·
                       temperature: 0, greedy (req), max_tokens: 59 (req),
                       min_tokens: 59 (req)
22:19:46.379 INFO:     #209 chat/completions (stream): 59 tokens generated at
                       247.9 T/s · prompt 626 tokens, none cached, 626 new in
                       0.26 s (2,408 T/s) · first token 0.27 s, total 0.50 s ·
                       draft 41/54 accepted (76%) · max_tokens reached
22:19:46.414 INFO:     #210 chat/completions (stream): 692 prompt tokens ·
                       temperature: 0, greedy (req), max_tokens: 109 (req),
                       min_tokens: 109 (req)
22:19:47.239 INFO:     #203 chat/completions (stream): 830 tokens generated at
                       163.7 T/s · prompt 72 tokens, none cached, 72 new in 0.08
                       s · first token 0.09 s, total 5.15 s · draft 530/900
                       accepted (59%) · max_tokens reached
22:19:47.242 INFO:     #212 chat/completions (stream): 66 prompt tokens ·
                       temperature: 0, greedy (req), max_tokens: 207 (req),
                       min_tokens: 207 (req)
22:19:47.242 INFO:     #210 chat/completions (stream): 109 tokens generated at
                       199.9 T/s · prompt 692 tokens, none cached, 692 new in
                       0.27 s (2,563 T/s) · first token 0.28 s, total 0.82 s ·
                       draft 66/129 accepted (51%) · max_tokens reached
22:19:47.364 INFO:     #213 chat/completions (stream): 655 prompt tokens ·
                       temperature: 0, greedy (req), max_tokens: 24 (req),
                       min_tokens: 24 (req)
22:19:47.814 INFO:     #213 chat/completions (stream): 24 tokens generated at
                       188.1 T/s · prompt 655 tokens, none cached, 655 new in
                       0.27 s (2,426 T/s) · first token 0.28 s, total 0.40 s ·
                       draft 14/30 accepted (47%) · max_tokens reached
22:19:47.846 INFO:     #214 chat/completions (stream): 87 prompt tokens ·
                       temperature: 0, greedy (req), max_tokens: 385 (req),
                       min_tokens: 385 (req)
22:19:48.823 INFO:     #212 chat/completions (stream): 207 tokens generated at
                       141.8 T/s · prompt 66 tokens, none cached, 66 new in 0.07
                       s · first token 0.08 s, total 1.54 s · draft 119/264
                       accepted (45%) · max_tokens reached
22:19:48.855 INFO:     #215 chat/completions (stream): 190 prompt tokens ·
                       temperature: 0, greedy (req), max_tokens: 51 (req),
                       min_tokens: 51 (req)
22:19:49.203 INFO:     #215 chat/completions (stream): 51 tokens generated at
                       256.3 T/s · prompt 190 tokens, none cached, 190 new in
                       0.10 s · first token 0.11 s, total 0.30 s · draft 35/48
                       accepted (73%) · max_tokens reached
22:19:49.236 INFO:     #216 chat/completions (stream): 350 prompt tokens ·
                       temperature: 0, greedy (req), max_tokens: 47 (req),
                       min_tokens: 47 (req)
22:19:49.743 INFO:     #216 chat/completions (stream): 47 tokens generated at
                       197.9 T/s · prompt 350 tokens, none cached, 350 new in
                       0.22 s (1,591 T/s) · first token 0.23 s, total 0.46 s ·
                       draft 28/57 accepted (49%) · max_tokens reached
22:19:49.775 INFO:     #217 chat/completions (stream): 119 prompt tokens ·
                       temperature: 0, greedy (req), max_tokens: 5 (req),
                       min_tokens: 5 (req)
22:19:49.946 INFO:     #217 chat/completions (stream): 5 tokens generated at
                       199.1 T/s · prompt 119 tokens, none cached, 119 new in
                       0.10 s · first token 0.11 s, total 0.13 s · draft 3/6
                       accepted (50%) · max_tokens reached
22:19:49.979 INFO:     #218 chat/completions (stream): 496 prompt tokens ·
                       temperature: 0, greedy (req), max_tokens: 29 (req),
                       min_tokens: 29 (req)
22:19:50.381 INFO:     #218 chat/completions (stream): 29 tokens generated at
                       256.6 T/s · prompt 496 tokens, none cached, 496 new in
                       0.24 s (2,067 T/s) · first token 0.24 s, total 0.36 s ·
                       draft 20/27 accepted (74%) · max_tokens reached
22:19:50.415 INFO:     #219 chat/completions (stream): 773 prompt tokens ·
                       temperature: 0, greedy (req), max_tokens: 29 (req),
                       min_tokens: 29 (req)
22:19:50.722 INFO:     #214 chat/completions (stream): 385 tokens generated at
                       140.3 T/s · prompt 87 tokens, none cached, 87 new in 0.09
                       s · first token 0.10 s, total 2.84 s · draft 231/462
                       accepted (50%) · max_tokens reached
22:19:50.758 INFO:     #220 chat/completions (stream): 59 prompt tokens ·
                       temperature: 0, greedy (req), max_tokens: 300 (req),
                       min_tokens: 300 (req)
22:19:50.872 INFO:     #219 chat/completions (stream): 29 tokens generated at
                       238.5 T/s · prompt 773 tokens, none cached, 773 new in
                       0.21 s (3,681 T/s) · first token 0.22 s, total 0.34 s ·
                       draft 18/33 accepted (55%) · max_tokens reached
22:19:50.903 INFO:     #221 chat/completions (stream): 84 prompt tokens ·
                       temperature: 0, greedy (req), max_tokens: 308 (req),
                       min_tokens: 308 (req)
22:19:52.396 INFO:     #220 chat/completions (stream): 300 tokens generated at
                       197.1 T/s · prompt 59 tokens, none cached, 59 new in 0.07
                       s · first token 0.08 s, total 1.60 s · draft 187/339
                       accepted (55%) · max_tokens reached
22:19:52.428 INFO:     #222 chat/completions (stream): 309 prompt tokens ·
                       temperature: 0, greedy (req), max_tokens: 12 (req),
                       min_tokens: 12 (req)
22:19:52.690 INFO:     #221 chat/completions (stream): 308 tokens generated at
                       183.1 T/s · prompt 84 tokens, none cached, 84 new in 0.08
                       s · first token 0.08 s, total 1.77 s · draft 191/351
                       accepted (54%) · max_tokens reached
22:19:52.691 INFO:     #222 chat/completions (stream): 12 tokens generated at
                       252.0 T/s · prompt 309 tokens, none cached, 309 new in
                       0.20 s (1,545 T/s) · first token 0.21 s, total 0.25 s ·
                       draft 8/12 accepted (67%) · max_tokens reached
22:19:52.694 INFO:     #223 chat/completions (stream): 124 prompt tokens ·
                       temperature: 0, greedy (req), max_tokens: 8 (req),
                       min_tokens: 8 (req)
22:19:52.695 INFO:     #224 chat/completions (stream): 217 prompt tokens ·
                       temperature: 0, greedy (req), max_tokens: 607 (req),
                       min_tokens: 607 (req)
22:19:52.993 INFO:     #223 chat/completions (stream): 8 tokens generated at
                       222.0 T/s · prompt 124 tokens, none cached, 124 new in
                       0.21 s · first token 0.22 s, total 0.26 s · draft 5/9
                       accepted (56%) · max_tokens reached
22:19:53.026 INFO:     #225 chat/completions (stream): 384 prompt tokens ·
                       temperature: 0, greedy (req), max_tokens: 805 (req),
                       min_tokens: 805 (req)
22:19:56.236 INFO:     #224 chat/completions (stream): 607 tokens generated at
                       185.0 T/s · prompt 217 tokens, none cached, 217 new in
                       0.11 s · queued 0.11 s, first token 0.22 s, total 3.50 s
                       · draft 370/711 accepted (52%) · max_tokens reached
22:19:56.269 INFO:     #226 chat/completions (stream): 72 prompt tokens ·
                       temperature: 0, greedy (req), max_tokens: 223 (req),
                       min_tokens: 223 (req)
22:19:57.426 INFO:     #226 chat/completions (stream): 223 tokens generated at
                       215.6 T/s · prompt 72 tokens, none cached, 72 new in 0.08
                       s · first token 0.09 s, total 1.12 s · draft 142/243
                       accepted (58%) · max_tokens reached
22:19:57.458 INFO:     #227 chat/completions (stream): 268 prompt tokens ·
                       temperature: 0, greedy (req), max_tokens: 21 (req),
                       min_tokens: 21 (req)
22:19:57.722 INFO:     #225 chat/completions (stream): 805 tokens generated at
                       184.2 T/s · prompt 384 tokens, none cached, 384 new in
                       0.28 s (1,371 T/s) · first token 0.29 s, total 4.66 s ·
                       draft 479/978 accepted (49%) · max_tokens reached
22:19:57.725 INFO:     #228 chat/completions (stream): 209 prompt tokens ·
                       temperature: 0, greedy (req), max_tokens: 209 (req),
                       min_tokens: 209 (req)
22:19:57.726 INFO:     #227 chat/completions (stream): 21 tokens generated at
                       228.0 T/s · prompt 268 tokens, none cached, 268 new in
                       0.16 s (1,675 T/s) · first token 0.17 s, total 0.26 s ·
                       draft 13/24 accepted (54%) · max_tokens reached
22:19:57.876 INFO:     #229 chat/completions (stream): 178 prompt tokens ·
                       temperature: 0, greedy (req), max_tokens: 18 (req),
                       min_tokens: 18 (req)
22:19:58.121 INFO:     #229 chat/completions (stream): 18 tokens generated at
                       179.3 T/s · prompt 178 tokens, none cached, 178 new in
                       0.10 s · first token 0.10 s, total 0.21 s · draft 10/24
                       accepted (42%) · max_tokens reached
22:19:58.153 INFO:     #230 chat/completions (stream): 62 prompt tokens ·
                       temperature: 0, greedy (req), max_tokens: 94 (req),
                       min_tokens: 94 (req)
22:19:58.753 INFO:     #230 chat/completions (stream): 94 tokens generated at
                       187.0 T/s · prompt 62 tokens, none cached, 62 new in 0.07
                       s · first token 0.08 s, total 0.58 s · draft 55/117
                       accepted (47%) · max_tokens reached
22:19:58.755 INFO:     #228 chat/completions (stream): 209 tokens generated at
                       227.6 T/s · prompt 209 tokens, none cached, 209 new in
                       0.10 s · first token 0.11 s, total 1.02 s · draft 149/180
                       accepted (83%) · max_tokens reached
22:19:58.757 INFO:     #231 chat/completions (stream): 100 prompt tokens ·
                       temperature: 0, greedy (req), max_tokens: 91 (req),
                       min_tokens: 91 (req)
22:19:58.758 INFO:     #232 chat/completions (stream): 73 prompt tokens ·
                       temperature: 0, greedy (req), max_tokens: 229 (req),
                       min_tokens: 229 (req)
22:19:59.334 INFO:     #231 chat/completions (stream): 91 tokens generated at
                       256.4 T/s · prompt 100 tokens, none cached, 100 new in
                       0.17 s · first token 0.18 s, total 0.54 s · draft 63/84
                       accepted (75%) · max_tokens reached
22:19:59.366 INFO:     #233 chat/completions (stream): 88 prompt tokens ·
                       temperature: 0, greedy (req), max_tokens: 323 (req),
                       min_tokens: 323 (req)
22:20:00.276 INFO:     #232 chat/completions (stream): 229 tokens generated at
                       176.6 T/s · prompt 73 tokens, none cached, 73 new in 0.08
                       s · queued 0.10 s, first token 0.18 s, total 1.48 s ·
                       draft 133/288 accepted (46%) · max_tokens reached
22:20:00.308 INFO:     #234 chat/completions (stream): 68 prompt tokens ·
                       temperature: 0, greedy (req), max_tokens: 534 (req),
                       min_tokens: 534 (req)
22:20:01.207 INFO:     #233 chat/completions (stream): 323 tokens generated at
                       189.8 T/s · prompt 88 tokens, none cached, 88 new in 0.08
                       s · first token 0.09 s, total 1.79 s · draft 195/384
                       accepted (51%) · max_tokens reached
22:20:01.239 INFO:     #235 chat/completions (stream): 164 prompt tokens ·
                       temperature: 0, greedy (req), max_tokens: 41 (req),
                       min_tokens: 41 (req)
22:20:01.557 INFO:     #235 chat/completions (stream): 41 tokens generated at
                       229.3 T/s · prompt 164 tokens, none cached, 164 new in
                       0.09 s · first token 0.10 s, total 0.27 s · draft 27/42
                       accepted (64%) · max_tokens reached
22:20:01.590 INFO:     #236 chat/completions (stream): 662 prompt tokens ·
                       temperature: 0, greedy (req), max_tokens: 243 (req),
                       min_tokens: 243 (req)
22:20:02.866 INFO:     #234 chat/completions (stream): 534 tokens generated at
                       219.3 T/s · prompt 68 tokens, none cached, 68 new in 0.08
                       s · first token 0.09 s, total 2.52 s · draft 368/498
                       accepted (74%) · max_tokens reached
22:20:02.898 INFO:     #238 chat/completions (stream): 106 prompt tokens ·
                       temperature: 0, greedy (req), max_tokens: 40 (req),
                       min_tokens: 40 (req)
22:20:03.181 INFO:     #238 chat/completions (stream): 40 tokens generated at
                       287.8 T/s · prompt 106 tokens, none cached, 106 new in
                       0.09 s · first token 0.10 s, total 0.23 s · draft 29/33
                       accepted (88%) · max_tokens reached
22:20:03.220 INFO:     #239 chat/completions (stream): 802 prompt tokens ·
                       temperature: 0, greedy (req), max_tokens: 6 (req),
                       min_tokens: 6 (req)
22:20:03.546 INFO:     #239 chat/completions (stream): 6 tokens generated at
                       245.4 T/s · prompt 802 tokens, none cached, 802 new in
                       0.26 s (3,085 T/s) · first token 0.27 s, total 0.29 s ·
                       draft 4/6 accepted (67%) · max_tokens reached
22:20:03.549 INFO:     #236 chat/completions (stream): 243 tokens generated at
                       143.5 T/s · prompt 662 tokens, none cached, 662 new in
                       0.25 s (2,648 T/s) · first token 0.26 s, total 1.95 s ·
                       draft 135/324 accepted (42%) · max_tokens reached
22:20:03.551 INFO:     #240 chat/completions (stream): 717 prompt tokens ·
                       temperature: 0, greedy (req), max_tokens: 21 (req),
                       min_tokens: 21 (req)
22:20:03.827 INFO:     #241 chat/completions (stream): 114 prompt tokens ·
                       temperature: 0, greedy (req), max_tokens: 93 (req),
                       min_tokens: 93 (req)
22:20:04.077 INFO:     #240 chat/completions (stream): 21 tokens generated at
                       95.8 T/s · prompt 717 tokens, none cached, 717 new in
                       0.26 s (2,758 T/s) · first token 0.27 s, total 0.49 s ·
                       draft 12/27 accepted (44%) · max_tokens reached
22:20:04.108 INFO:     #242 chat/completions (stream): 75 prompt tokens ·
                       temperature: 0, greedy (req), max_tokens: 517 (req),
                       min_tokens: 517 (req)
22:20:04.816 INFO:     #241 chat/completions (stream): 93 tokens generated at
                       110.8 T/s · prompt 114 tokens, none cached, 114 new in
                       0.10 s · first token 0.11 s, total 0.95 s · draft 33/180
                       accepted (18%) · max_tokens reached
22:20:04.848 INFO:     #243 chat/completions (stream): 61 prompt tokens ·
                       temperature: 0, greedy (req), max_tokens: 201 (req),
                       min_tokens: 201 (req)
22:20:05.764 INFO:     #243 chat/completions (stream): 201 tokens generated at
                       251.8 T/s · prompt 61 tokens, none cached, 61 new in 0.07
                       s · first token 0.08 s, total 0.87 s · draft 139/186
                       accepted (75%) · max_tokens reached
22:20:05.796 INFO:     #244 chat/completions (stream): 167 prompt tokens ·
                       temperature: 0, greedy (req), max_tokens: 13 (req),
                       min_tokens: 13 (req)
22:20:05.986 INFO:     #244 chat/completions (stream): 13 tokens generated at
                       257.2 T/s · prompt 167 tokens, none cached, 167 new in
                       0.09 s · first token 0.10 s, total 0.15 s · draft 9/12
                       accepted (75%) · max_tokens reached
22:20:06.017 INFO:     #245 chat/completions (stream): 65 prompt tokens ·
                       temperature: 0, greedy (req), max_tokens: 177 (req),
                       min_tokens: 177 (req)
22:20:07.021 INFO:     #245 chat/completions (stream): 177 tokens generated at
                       201.4 T/s · prompt 65 tokens, none cached, 65 new in 0.08
                       s · first token 0.08 s, total 0.96 s · draft 109/204
                       accepted (53%) · max_tokens reached
22:20:07.056 INFO:     #246 chat/completions (stream): 637 prompt tokens ·
                       temperature: 0, greedy (req), max_tokens: 1147 (req),
                       min_tokens: 1147 (req)
22:20:07.376 INFO:     #242 chat/completions (stream): 517 tokens generated at
                       164.5 T/s · prompt 75 tokens, none cached, 75 new in 0.08
                       s · first token 0.09 s, total 3.23 s · draft 308/627
                       accepted (49%) · max_tokens reached
22:20:07.410 INFO:     #247 chat/completions (stream): 690 prompt tokens ·
                       temperature: 0, greedy (req), max_tokens: 10 (req),
                       min_tokens: 10 (req)
22:20:07.756 INFO:     #247 chat/completions (stream): 10 tokens generated at
                       275.6 T/s · prompt 690 tokens, none cached, 690 new in
                       0.26 s (2,654 T/s) · first token 0.27 s, total 0.30 s ·
                       draft 7/9 accepted (78%) · max_tokens reached
22:20:07.787 INFO:     #248 chat/completions (stream): 57 prompt tokens ·
                       temperature: 0, greedy (req), max_tokens: 285 (req),
                       min_tokens: 285 (req)
22:20:09.341 INFO:     #248 chat/completions (stream): 285 tokens generated at
                       198.1 T/s · prompt 57 tokens, none cached, 57 new in 0.07
                       s · first token 0.08 s, total 1.51 s · draft 172/339
                       accepted (51%) · max_tokens reached
22:20:09.373 INFO:     #249 chat/completions (stream): 76 prompt tokens ·
                       temperature: 0, greedy (req), max_tokens: 562 (req),
                       min_tokens: 562 (req)
22:20:12.628 INFO:     #249 chat/completions (stream): 562 tokens generated at
                       179.5 T/s · prompt 76 tokens, none cached, 76 new in 0.08
                       s · first token 0.09 s, total 3.22 s · draft 315/741
                       accepted (43%) · max_tokens reached
22:20:12.661 INFO:     #250 chat/completions (stream): 540 prompt tokens ·
                       temperature: 0, greedy (req), max_tokens: 8 (req),
                       min_tokens: 8 (req)
22:20:12.933 INFO:     #250 chat/completions (stream): 8 tokens generated at
                       216.5 T/s · prompt 540 tokens, none cached, 540 new in
                       0.19 s (2,842 T/s) · first token 0.20 s, total 0.23 s ·
                       draft 5/9 accepted (56%) · max_tokens reached
22:20:12.965 INFO:     #251 chat/completions (stream): 60 prompt tokens ·
                       temperature: 0, greedy (req), max_tokens: 198 (req),
                       min_tokens: 198 (req)
22:20:13.565 INFO:     #246 chat/completions (stream): 1,147 tokens generated at
                       185.0 T/s · prompt 637 tokens, none cached, 637 new in
                       0.26 s (2,450 T/s) · first token 0.27 s, total 6.47 s ·
                       draft 705/1326 accepted (53%) · max_tokens reached
22:20:13.596 INFO:     #252 chat/completions (stream): 58 prompt tokens ·
                       temperature: 0, greedy (req), max_tokens: 31 (req),
                       min_tokens: 31 (req)
22:20:13.825 INFO:     #252 chat/completions (stream): 31 tokens generated at
                       273.5 T/s · prompt 58 tokens, none cached, 58 new in 0.07
                       s · first token 0.08 s, total 0.19 s · draft 22/27
                       accepted (81%) · max_tokens reached
22:20:13.859 INFO:     #253 chat/completions (stream): 449 prompt tokens ·
                       temperature: 0, greedy (req), max_tokens: 25 (req),
                       min_tokens: 25 (req)
22:20:14.277 INFO:     #253 chat/completions (stream): 25 tokens generated at
                       184.6 T/s · prompt 449 tokens, none cached, 449 new in
                       0.24 s (1,871 T/s) · first token 0.25 s, total 0.38 s ·
                       draft 15/30 accepted (50%) · max_tokens reached
22:20:14.311 INFO:     #254 chat/completions (stream): 392 prompt tokens ·
                       temperature: 0, greedy (req), max_tokens: 17 (req),
                       min_tokens: 17 (req)
22:20:14.669 INFO:     #254 chat/completions (stream): 17 tokens generated at
                       224.2 T/s · prompt 392 tokens, none cached, 392 new in
                       0.24 s (1,633 T/s) · first token 0.25 s, total 0.32 s ·
                       draft 11/18 accepted (61%) · max_tokens reached
22:20:14.671 INFO:     #251 chat/completions (stream): 198 tokens generated at
                       122.0 T/s · prompt 60 tokens, none cached, 60 new in 0.07
                       s · first token 0.08 s, total 1.70 s · draft 109/267
                       accepted (41%) · max_tokens reached
22:20:14.672 INFO:     #255 chat/completions (stream): 112 prompt tokens ·
                       temperature: 0, greedy (req), max_tokens: 556 (req),
                       min_tokens: 556 (req)
22:20:14.793 INFO:     #256 chat/completions (stream): 79 prompt tokens ·
                       temperature: 0, greedy (req), max_tokens: 165 (req),
                       min_tokens: 165 (req)
22:20:15.784 INFO:     #256 chat/completions (stream): 165 tokens generated at
                       191.0 T/s · prompt 79 tokens, none cached, 79 new in 0.08
                       s · first token 0.09 s, total 0.95 s · draft 97/204
                       accepted (48%) · max_tokens reached
22:20:15.816 INFO:     #257 chat/completions (stream): 63 prompt tokens ·
                       temperature: 0, greedy (req), max_tokens: 650 (req),
                       min_tokens: 650 (req)
22:20:17.450 INFO:     #255 chat/completions (stream): 556 tokens generated at
                       210.8 T/s · prompt 112 tokens, none cached, 112 new in
                       0.09 s · first token 0.10 s, total 2.73 s · draft 360/588
                       accepted (61%) · max_tokens reached
22:20:17.482 INFO:     #259 chat/completions (stream): 68 prompt tokens ·
                       temperature: 0, greedy (req), max_tokens: 434 (req),
                       min_tokens: 434 (req)
22:20:18.975 INFO:     #257 chat/completions (stream): 650 tokens generated at
                       213.8 T/s · prompt 63 tokens, none cached, 63 new in 0.07
                       s · first token 0.08 s, total 3.12 s · draft 417/699
                       accepted (60%) · max_tokens reached
22:20:19.009 INFO:     #260 chat/completions (stream): 527 prompt tokens ·
                       temperature: 0, greedy (req), max_tokens: 78 (req),
                       min_tokens: 78 (req)
22:20:19.710 INFO:     #260 chat/completions (stream): 78 tokens generated at
                       184.1 T/s · prompt 527 tokens, none cached, 527 new in
                       0.23 s (2,291 T/s) · first token 0.24 s, total 0.66 s ·
                       draft 45/99 accepted (45%) · max_tokens reached
22:20:19.742 INFO:     #261 chat/completions (stream): 65 prompt tokens ·
                       temperature: 0, greedy (req), max_tokens: 352 (req),
                       min_tokens: 352 (req)
22:20:20.110 INFO:     #259 chat/completions (stream): 434 tokens generated at
                       173.2 T/s · prompt 68 tokens, none cached, 68 new in 0.08
                       s · first token 0.09 s, total 2.59 s · draft 259/525
                       accepted (49%) · max_tokens reached
22:20:20.142 INFO:     #262 chat/completions (stream): 342 prompt tokens ·
                       temperature: 0, greedy (req), max_tokens: 44 (req),
                       min_tokens: 44 (req)
22:20:20.632 INFO:     #262 chat/completions (stream): 44 tokens generated at
                       196.9 T/s · prompt 342 tokens, none cached, 342 new in
                       0.22 s (1,555 T/s) · first token 0.23 s, total 0.45 s ·
                       draft 26/54 accepted (48%) · max_tokens reached
22:20:20.665 INFO:     #263 chat/completions (stream): 448 prompt tokens ·
                       temperature: 0, greedy (req), max_tokens: 55 (req),
                       min_tokens: 55 (req)
22:20:21.205 INFO:     #263 chat/completions (stream): 55 tokens generated at
                       211.2 T/s · prompt 448 tokens, none cached, 448 new in
                       0.23 s (1,948 T/s) · first token 0.24 s, total 0.50 s ·
                       draft 34/63 accepted (54%) · max_tokens reached
22:20:21.238 INFO:     #264 chat/completions (stream): 399 prompt tokens ·
                       temperature: 0, greedy (req), max_tokens: 15 (req),
                       min_tokens: 15 (req)
22:20:21.601 INFO:     #264 chat/completions (stream): 15 tokens generated at
                       197.4 T/s · prompt 399 tokens, none cached, 399 new in
                       0.24 s (1,662 T/s) · first token 0.25 s, total 0.32 s ·
                       draft 9/18 accepted (50%) · max_tokens reached
22:20:21.633 INFO:     #265 chat/completions (stream): 72 prompt tokens ·
                       temperature: 0, greedy (req), max_tokens: 279 (req),
                       min_tokens: 279 (req)
22:20:22.065 INFO:     #261 chat/completions (stream): 352 tokens generated at
                       159.7 T/s · prompt 65 tokens, none cached, 65 new in 0.07
                       s · first token 0.08 s, total 2.28 s · draft 232/360
                       accepted (64%) · max_tokens reached
22:20:22.096 INFO:     #266 chat/completions (stream): 64 prompt tokens ·
                       temperature: 0, greedy (req), max_tokens: 150 (req),
                       min_tokens: 150 (req)
22:20:22.995 INFO:     #266 chat/completions (stream): 150 tokens generated at
                       192.2 T/s · prompt 64 tokens, none cached, 64 new in 0.07
                       s · first token 0.08 s, total 0.86 s · draft 89/183
                       accepted (49%) · max_tokens reached
22:20:23.030 INFO:     #267 chat/completions (stream): 340 prompt tokens ·
                       temperature: 0, greedy (req), max_tokens: 26 (req),
                       min_tokens: 26 (req)
22:20:23.352 INFO:     #265 chat/completions (stream): 279 tokens generated at
                       174.9 T/s · prompt 72 tokens, none cached, 72 new in 0.08
                       s · first token 0.09 s, total 1.68 s · draft 178/303
                       accepted (59%) · max_tokens reached
22:20:23.384 INFO:     #268 chat/completions (stream): 66 prompt tokens ·
                       temperature: 0, greedy (req), max_tokens: 12 (req),
                       min_tokens: 12 (req)
22:20:23.505 INFO:     #267 chat/completions (stream): 26 tokens generated at
                       137.2 T/s · prompt 340 tokens, none cached, 340 new in
                       0.26 s (1,308 T/s) · first token 0.27 s, total 0.46 s ·
                       draft 16/30 accepted (53%) · max_tokens reached
22:20:23.506 INFO:     #268 chat/completions (stream): 12 tokens generated at
                       347.9 T/s · prompt 66 tokens, none cached, 66 new in 0.07
                       s · first token 0.08 s, total 0.11 s · draft 9/9 accepted
                       (100%) · max_tokens reached
22:20:23.509 INFO:     #269 chat/completions (stream): 99 prompt tokens ·
                       temperature: 0, greedy (req), max_tokens: 429 (req),
                       min_tokens: 429 (req)
22:20:23.510 INFO:     #270 chat/completions (stream): 446 prompt tokens ·
                       temperature: 0, greedy (req), max_tokens: 8 (req),
                       min_tokens: 8 (req)
22:20:23.924 INFO:     #270 chat/completions (stream): 8 tokens generated at
                       212.0 T/s · prompt 446 tokens, none cached, 446 new in
                       0.23 s (1,939 T/s) · queued 0.10 s, first token 0.33 s,
                       total 0.37 s · draft 5/9 accepted (56%) · max_tokens
                       reached
22:20:23.956 INFO:     #271 chat/completions (stream): 70 prompt tokens ·
                       temperature: 0, greedy (req), max_tokens: 772 (req),
                       min_tokens: 772 (req)
22:20:26.050 INFO:     #269 chat/completions (stream): 429 tokens generated at
                       188.6 T/s · prompt 99 tokens, none cached, 99 new in 0.21
                       s · first token 0.22 s, total 2.50 s · draft 264/495
                       accepted (53%) · max_tokens reached
22:20:26.082 INFO:     #272 chat/completions (stream): 391 prompt tokens ·
                       temperature: 0, greedy (req), max_tokens: 46 (req),
                       min_tokens: 46 (req)
22:20:26.605 INFO:     #272 chat/completions (stream): 46 tokens generated at
                       191.1 T/s · prompt 391 tokens, none cached, 391 new in
                       0.24 s (1,629 T/s) · first token 0.25 s, total 0.49 s ·
                       draft 27/57 accepted (47%) · max_tokens reached
22:20:26.637 INFO:     #273 chat/completions (stream): 60 prompt tokens ·
                       temperature: 0, greedy (req), max_tokens: 75 (req),
                       min_tokens: 75 (req)
22:20:27.083 INFO:     #273 chat/completions (stream): 75 tokens generated at
                       227.4 T/s · prompt 60 tokens, none cached, 60 new in 0.07
                       s · first token 0.08 s, total 0.41 s · draft 49/78
                       accepted (63%) · max_tokens reached
22:20:27.117 INFO:     #274 chat/completions (stream): 691 prompt tokens ·
                       temperature: 0, greedy (req), max_tokens: 139 (req),
                       min_tokens: 139 (req)
22:20:28.033 INFO:     #274 chat/completions (stream): 139 tokens generated at
                       228.0 T/s · prompt 691 tokens, none cached, 691 new in
                       0.26 s (2,658 T/s) · first token 0.27 s, total 0.88 s ·
                       draft 91/144 accepted (63%) · max_tokens reached
22:20:28.066 INFO:     #275 chat/completions (stream): 68 prompt tokens ·
                       temperature: 0, greedy (req), max_tokens: 282 (req),
                       min_tokens: 282 (req)
22:20:28.459 INFO:     #271 chat/completions (stream): 772 tokens generated at
                       176.3 T/s · prompt 70 tokens, none cached, 70 new in 0.08
                       s · first token 0.09 s, total 4.46 s · draft 474/894
                       accepted (53%) · max_tokens reached
22:20:28.490 INFO:     #276 chat/completions (stream): 63 prompt tokens ·
                       temperature: 0, greedy (req), max_tokens: 98 (req),
                       min_tokens: 98 (req)
22:20:29.012 INFO:     #276 chat/completions (stream): 98 tokens generated at
                       242.5 T/s · prompt 63 tokens, none cached, 63 new in 0.07
                       s · first token 0.08 s, total 0.48 s · draft 66/96
                       accepted (69%) · max_tokens reached
22:20:29.045 INFO:     #277 chat/completions (stream): 815 prompt tokens ·
                       temperature: 0, greedy (req), max_tokens: 282 (req),
                       min_tokens: 282 (req)
22:20:29.860 INFO:     #275 chat/completions (stream): 282 tokens generated at
                       168.7 T/s · prompt 68 tokens, none cached, 68 new in 0.08
                       s · first token 0.09 s, total 1.76 s · draft 174/324
                       accepted (54%) · max_tokens reached
22:20:29.892 INFO:     #278 chat/completions (stream): 84 prompt tokens ·
                       temperature: 0, greedy (req), max_tokens: 278 (req),
                       min_tokens: 278 (req)
22:20:30.788 INFO:     #277 chat/completions (stream): 282 tokens generated at
                       196.9 T/s · prompt 815 tokens, none cached, 815 new in
                       0.26 s (3,135 T/s) · first token 0.27 s, total 1.70 s ·
                       draft 175/321 accepted (55%) · max_tokens reached
22:20:30.820 INFO:     #279 chat/completions (stream): 60 prompt tokens ·
                       temperature: 0, greedy (req), max_tokens: 202 (req),
                       min_tokens: 202 (req)
22:20:31.413 INFO:     #278 chat/completions (stream): 278 tokens generated at
                       199.9 T/s · prompt 84 tokens, none cached, 84 new in 0.08
                       s · first token 0.09 s, total 1.48 s · draft 174/312
                       accepted (56%) · max_tokens reached
22:20:31.445 INFO:     #280 chat/completions (stream): 62 prompt tokens ·
                       temperature: 0, greedy (req), max_tokens: 105 (req),
                       min_tokens: 105 (req)
22:20:32.085 INFO:     #280 chat/completions (stream): 105 tokens generated at
                       199.6 T/s · prompt 62 tokens, none cached, 62 new in 0.07
                       s · first token 0.08 s, total 0.60 s · draft 63/126
                       accepted (50%) · max_tokens reached
22:20:32.117 INFO:     #282 chat/completions (stream): 61 prompt tokens ·
                       temperature: 0, greedy (req), max_tokens: 61 (req),
                       min_tokens: 61 (req)
22:20:32.243 INFO:     #279 chat/completions (stream): 202 tokens generated at
                       154.5 T/s · prompt 60 tokens, none cached, 60 new in 0.07
                       s · first token 0.08 s, total 1.38 s · draft 108/282
                       accepted (38%) · max_tokens reached
22:20:32.275 INFO:     #283 chat/completions (stream): 65 prompt tokens ·
                       temperature: 0, greedy (req), max_tokens: 210 (req),
                       min_tokens: 210 (req)
22:20:32.564 INFO:     #282 chat/completions (stream): 61 tokens generated at
                       184.2 T/s · prompt 61 tokens, none cached, 61 new in 0.07
                       s · first token 0.08 s, total 0.41 s · draft 39/66
                       accepted (59%) · max_tokens reached
22:20:32.595 INFO:     #284 chat/completions (stream): 60 prompt tokens ·
                       temperature: 0, greedy (req), max_tokens: 41 (req),
                       min_tokens: 41 (req)
22:20:32.871 INFO:     #284 chat/completions (stream): 41 tokens generated at
                       255.6 T/s · prompt 60 tokens, none cached, 60 new in 0.07
                       s · first token 0.08 s, total 0.24 s · draft 28/39
                       accepted (72%) · max_tokens reached
22:20:32.903 INFO:     #285 chat/completions (stream): 60 prompt tokens ·
                       temperature: 0, greedy (req), max_tokens: 287 (req),
                       min_tokens: 287 (req)
22:20:33.411 INFO:     #283 chat/completions (stream): 210 tokens generated at
                       205.7 T/s · prompt 65 tokens, none cached, 65 new in 0.07
                       s · first token 0.07 s, total 1.10 s · draft 139/213
                       accepted (65%) · max_tokens reached
22:20:33.446 INFO:     #286 chat/completions (stream): 70 prompt tokens ·
                       temperature: 0, greedy (req), max_tokens: 276 (req),
                       min_tokens: 276 (req)
22:20:34.649 INFO:     #285 chat/completions (stream): 287 tokens generated at
                       176.0 T/s · prompt 60 tokens, none cached, 60 new in 0.07
                       s · first token 0.07 s, total 1.71 s · draft 165/366
                       accepted (45%) · max_tokens reached
22:20:34.681 INFO:     #287 chat/completions (stream): 107 prompt tokens ·
                       temperature: 0, greedy (req), max_tokens: 176 (req),
                       min_tokens: 176 (req)
22:20:35.097 INFO:     #286 chat/completions (stream): 276 tokens generated at
                       180.8 T/s · prompt 70 tokens, none cached, 70 new in 0.08
                       s · first token 0.09 s, total 1.61 s · draft 162/342
                       accepted (47%) · max_tokens reached
22:20:35.131 INFO:     #288 chat/completions (stream): 987 prompt tokens ·
                       temperature: 0, greedy (req), max_tokens: 113 (req),
                       min_tokens: 113 (req)
22:20:35.824 INFO:     #287 chat/completions (stream): 176 tokens generated at
                       175.6 T/s · prompt 107 tokens, none cached, 107 new in
                       0.09 s · first token 0.10 s, total 1.10 s · draft 121/165
                       accepted (73%) · max_tokens reached
22:20:35.857 INFO:     #289 chat/completions (stream): 731 prompt tokens ·
                       temperature: 0, greedy (req), max_tokens: 694 (req),
                       min_tokens: 694 (req)
22:20:36.321 INFO:     #288 chat/completions (stream): 113 tokens generated at
                       138.9 T/s · prompt 987 tokens, none cached, 987 new in
                       0.33 s (2,991 T/s) · first token 0.34 s, total 1.15 s ·
                       draft 68/135 accepted (50%) · max_tokens reached
22:20:36.354 INFO:     #290 chat/completions (stream): 67 prompt tokens ·
                       temperature: 0, greedy (req), max_tokens: 84 (req),
                       min_tokens: 84 (req)
22:20:36.865 INFO:     #290 chat/completions (stream): 84 tokens generated at
                       216.4 T/s · prompt 67 tokens, none cached, 67 new in 0.08
                       s · first token 0.09 s, total 0.47 s · draft 53/93
                       accepted (57%) · max_tokens reached
22:20:36.897 INFO:     #291 chat/completions (stream): 91 prompt tokens ·
                       temperature: 0, greedy (req), max_tokens: 464 (req),
                       min_tokens: 464 (req)
22:20:39.734 INFO:     #291 chat/completions (stream): 464 tokens generated at
                       171.5 T/s · prompt 91 tokens, none cached, 91 new in 0.08
                       s · first token 0.09 s, total 2.79 s · draft 250/642
                       accepted (39%) · max_tokens reached
22:20:39.765 INFO:     #292 chat/completions (stream): 114 prompt tokens ·
                       temperature: 0, greedy (req), max_tokens: 425 (req),
                       min_tokens: 425 (req)
22:20:39.960 INFO:     #289 chat/completions (stream): 694 tokens generated at
                       183.0 T/s · prompt 731 tokens, none cached, 731 new in
                       0.26 s (2,812 T/s) · first token 0.27 s, total 4.06 s ·
                       draft 412/846 accepted (49%) · max_tokens reached
22:20:39.991 INFO:     #293 chat/completions (stream): 60 prompt tokens ·
                       temperature: 0, greedy (req), max_tokens: 64 (req),
                       min_tokens: 64 (req)
22:20:40.389 INFO:     #293 chat/completions (stream): 64 tokens generated at
                       226.6 T/s · prompt 60 tokens, none cached, 60 new in 0.07
                       s · first token 0.08 s, total 0.36 s · draft 42/66
                       accepted (64%) · max_tokens reached
22:20:40.422 INFO:     #294 chat/completions (stream): 89 prompt tokens ·
                       temperature: 0, greedy (req), max_tokens: 609 (req),
                       min_tokens: 609 (req)
22:20:42.010 INFO:     #292 chat/completions (stream): 425 tokens generated at
                       202.4 T/s · prompt 114 tokens, none cached, 114 new in
                       0.10 s · first token 0.11 s, total 2.21 s · draft 270/465
                       accepted (58%) · max_tokens reached
22:20:42.043 INFO:     #295 chat/completions (stream): 648 prompt tokens ·
                       temperature: 0, greedy (req), max_tokens: 6 (req),
                       min_tokens: 6 (req)
22:20:42.383 INFO:     #295 chat/completions (stream): 6 tokens generated at
                       235.8 T/s · prompt 648 tokens, none cached, 648 new in
                       0.27 s (2,400 T/s) · first token 0.28 s, total 0.30 s ·
                       draft 4/6 accepted (67%) · max_tokens reached
22:20:42.416 INFO:     #296 chat/completions (stream): 113 prompt tokens ·
                       temperature: 0, greedy (req), max_tokens: 71 (req),
                       min_tokens: 71 (req)
22:20:42.816 INFO:     #296 chat/completions (stream): 71 tokens generated at
                       278.1 T/s · prompt 113 tokens, none cached, 113 new in
                       0.10 s · first token 0.11 s, total 0.36 s · draft 51/60
                       accepted (85%) · max_tokens reached
22:20:42.849 INFO:     #297 chat/completions (stream): 68 prompt tokens ·
                       temperature: 0, greedy (req), max_tokens: 169 (req),
                       min_tokens: 169 (req)
22:20:43.758 INFO:     #297 chat/completions (stream): 169 tokens generated at
                       215.0 T/s · prompt 68 tokens, none cached, 68 new in 0.08
                       s · first token 0.09 s, total 0.87 s · draft 110/177
                       accepted (62%) · max_tokens reached
22:20:43.790 INFO:     #298 chat/completions (stream): 164 prompt tokens ·
                       temperature: 0, greedy (req), max_tokens: 302 (req),
                       min_tokens: 302 (req)
22:20:44.162 INFO:     #294 chat/completions (stream): 609 tokens generated at
                       168.7 T/s · prompt 89 tokens, none cached, 89 new in 0.08
                       s · first token 0.09 s, total 3.70 s · draft 366/729
                       accepted (50%) · max_tokens reached
22:20:44.196 INFO:     #299 chat/completions (stream): 75 prompt tokens ·
                       temperature: 0, greedy (req), max_tokens: 306 (req),
                       min_tokens: 306 (req)
22:20:45.590 INFO:     #298 chat/completions (stream): 302 tokens generated at
                       182.1 T/s · prompt 164 tokens, none cached, 164 new in
                       0.09 s · first token 0.10 s, total 1.75 s · draft 177/375
                       accepted (47%) · max_tokens reached
22:20:45.622 INFO:     #300 chat/completions (stream): 256 prompt tokens ·
                       temperature: 0, greedy (req), max_tokens: 28 (req),
                       min_tokens: 28 (req)
22:20:45.939 INFO:     #300 chat/completions (stream): 28 tokens generated at
                       180.7 T/s · prompt 256 tokens, none cached, 256 new in
                       0.11 s (2,327 T/s) · first token 0.12 s, total 0.27 s ·
                       draft 16/36 accepted (44%) · max_tokens reached
22:20:45.971 INFO:     #301 chat/completions (stream): 137 prompt tokens ·
                       temperature: 0, greedy (req), max_tokens: 52 (req),
                       min_tokens: 52 (req)
22:20:46.166 INFO:     #299 chat/completions (stream): 306 tokens generated at
                       166.0 T/s · prompt 75 tokens, none cached, 75 new in 0.08
                       s · first token 0.09 s, total 1.93 s · draft 177/387
                       accepted (46%) · max_tokens reached
22:20:46.206 INFO:     #302 chat/completions (stream): 840 prompt tokens ·
                       temperature: 0, greedy (req), max_tokens: 11 (req),
                       min_tokens: 11 (req)
22:20:46.558 INFO:     #301 chat/completions (stream): 52 tokens generated at
                       111.1 T/s · prompt 137 tokens, none cached, 137 new in
                       0.11 s · first token 0.12 s, total 0.58 s · draft 36/48
                       accepted (75%) · max_tokens reached
22:20:46.559 INFO:     #302 chat/completions (stream): 11 tokens generated at
                       175.3 T/s · prompt 840 tokens, none cached, 840 new in
                       0.28 s (3,000 T/s) · first token 0.29 s, total 0.35 s ·
                       draft 6/15 accepted (40%) · max_tokens reached
22:20:46.563 INFO:     #303 chat/completions (stream): 434 prompt tokens ·
                       temperature: 0, greedy (req), max_tokens: 25 (req),
                       min_tokens: 25 (req)
22:20:46.564 INFO:     #304 chat/completions (stream): 77 prompt tokens ·
                       temperature: 0, greedy (req), max_tokens: 259 (req),
                       min_tokens: 259 (req)
22:20:47.022 INFO:     #303 chat/completions (stream): 25 tokens generated at
                       253.4 T/s · prompt 434 tokens, none cached, 434 new in
                       0.31 s (1,400 T/s) · first token 0.32 s, total 0.42 s ·
                       draft 17/24 accepted (71%) · max_tokens reached
22:20:47.053 INFO:     #306 chat/completions (stream): 136 prompt tokens ·
                       temperature: 0, greedy (req), max_tokens: 292 (req),
                       min_tokens: 292 (req)
22:20:48.216 INFO:     #304 chat/completions (stream): 259 tokens generated at
                       185.4 T/s · prompt 77 tokens, none cached, 77 new in 0.08
                       s · queued 0.13 s, first token 0.21 s, total 1.61 s ·
                       draft 164/285 accepted (58%) · max_tokens reached
22:20:48.247 INFO:     #307 chat/completions (stream): 151 prompt tokens ·
                       temperature: 0, greedy (req), max_tokens: 435 (req),
                       min_tokens: 435 (req)
22:20:48.636 INFO:     #306 chat/completions (stream): 292 tokens generated at
                       204.6 T/s · prompt 136 tokens, none cached, 136 new in
                       0.11 s · first token 0.12 s, total 1.54 s · draft 186/318
                       accepted (58%) · max_tokens reached
22:20:48.670 INFO:     #308 chat/completions (stream): 884 prompt tokens ·
                       temperature: 0, greedy (req), max_tokens: 18 (req),
                       min_tokens: 18 (req)
22:20:49.092 INFO:     #308 chat/completions (stream): 18 tokens generated at
                       241.8 T/s · prompt 884 tokens, none cached, 884 new in
                       0.30 s (2,947 T/s) · first token 0.31 s, total 0.38 s ·
                       draft 12/18 accepted (67%) · max_tokens reached
22:20:49.125 INFO:     #309 chat/completions (stream): 311 prompt tokens ·
                       temperature: 0, greedy (req), max_tokens: 195 (req),
                       min_tokens: 195 (req)
22:20:50.415 INFO:     #309 chat/completions (stream): 195 tokens generated at
                       187.8 T/s · prompt 311 tokens, none cached, 311 new in
                       0.20 s (1,555 T/s) · first token 0.21 s, total 1.24 s ·
                       draft 114/243 accepted (47%) · max_tokens reached
22:20:50.448 INFO:     #310 chat/completions (stream): 425 prompt tokens ·
                       temperature: 0, greedy (req), max_tokens: 28 (req),
                       min_tokens: 28 (req)
22:20:50.865 INFO:     #310 chat/completions (stream): 28 tokens generated at
                       189.2 T/s · prompt 425 tokens, none cached, 425 new in
                       0.22 s (1,932 T/s) · first token 0.23 s, total 0.37 s ·
                       draft 16/36 accepted (44%) · max_tokens reached
22:20:50.899 INFO:     #311 chat/completions (stream): 804 prompt tokens ·
                       temperature: 0, greedy (req), max_tokens: 15 (req),
                       min_tokens: 15 (req)
22:20:51.272 INFO:     #311 chat/completions (stream): 15 tokens generated at
                       212.2 T/s · prompt 804 tokens, none cached, 804 new in
                       0.26 s (3,092 T/s) · first token 0.27 s, total 0.34 s ·
                       draft 10/15 accepted (67%) · max_tokens reached
22:20:51.305 INFO:     #312 chat/completions (stream): 614 prompt tokens ·
                       temperature: 0, greedy (req), max_tokens: 11 (req),
                       min_tokens: 11 (req)
22:20:51.643 INFO:     #312 chat/completions (stream): 11 tokens generated at
                       219.4 T/s · prompt 614 tokens, none cached, 614 new in
                       0.25 s (2,456 T/s) · first token 0.26 s, total 0.31 s ·
                       draft 7/12 accepted (58%) · max_tokens reached
22:20:51.645 INFO:     #307 chat/completions (stream): 435 tokens generated at
                       131.9 T/s · prompt 151 tokens, none cached, 151 new in
                       0.09 s · first token 0.10 s, total 3.39 s · draft 264/513
                       accepted (51%) · max_tokens reached
22:20:51.648 INFO:     #313 chat/completions (stream): 289 prompt tokens ·
                       temperature: 0, greedy (req), max_tokens: 22 (req),
                       min_tokens: 22 (req)
22:20:51.648 INFO:     #314 chat/completions (stream): 63 prompt tokens ·
                       temperature: 0, greedy (req), max_tokens: 193 (req),
                       min_tokens: 193 (req)
22:20:52.006 INFO:     #313 chat/completions (stream): 22 tokens generated at
                       295.7 T/s · prompt 289 tokens, none cached, 289 new in
                       0.23 s (1,257 T/s) · first token 0.24 s, total 0.32 s ·
                       draft 16/18 accepted (89%) · max_tokens reached
22:20:52.038 INFO:     #315 chat/completions (stream): 225 prompt tokens ·
                       temperature: 0, greedy (req), max_tokens: 242 (req),
                       min_tokens: 242 (req)
22:20:53.097 INFO:     #314 chat/completions (stream): 193 tokens generated at
                       160.8 T/s · prompt 63 tokens, none cached, 63 new in 0.07
                       s · queued 0.14 s, first token 0.21 s, total 1.41 s ·
                       draft 107/258 accepted (41%) · max_tokens reached
22:20:53.128 INFO:     #316 chat/completions (stream): 70 prompt tokens ·
                       temperature: 0, greedy (req), max_tokens: 102 (req),
                       min_tokens: 102 (req)
22:20:53.275 INFO:     #315 chat/completions (stream): 242 tokens generated at
                       223.0 T/s · prompt 225 tokens, none cached, 225 new in
                       0.11 s · first token 0.12 s, total 1.20 s · draft 161/243
                       accepted (66%) · max_tokens reached
22:20:53.307 INFO:     #317 chat/completions (stream): 248 prompt tokens ·
                       temperature: 0, greedy (req), max_tokens: 8 (req),
                       min_tokens: 8 (req)
22:20:53.503 INFO:     #317 chat/completions (stream): 8 tokens generated at
                       215.2 T/s · prompt 248 tokens, none cached, 248 new in
                       0.11 s · first token 0.12 s, total 0.15 s · draft 5/9
                       accepted (56%) · max_tokens reached
22:20:53.536 INFO:     #318 chat/completions (stream): 91 prompt tokens ·
                       temperature: 0, greedy (req), max_tokens: 333 (req),
                       min_tokens: 333 (req)
22:20:53.843 INFO:     #316 chat/completions (stream): 102 tokens generated at
                       172.6 T/s · prompt 70 tokens, none cached, 70 new in 0.08
                       s · first token 0.09 s, total 0.68 s · draft 69/99
                       accepted (70%) · max_tokens reached
22:20:53.874 INFO:     #319 chat/completions (stream): 86 prompt tokens ·
                       temperature: 0, greedy (req), max_tokens: 334 (req),
                       min_tokens: 334 (req)
22:20:55.486 INFO:     #318 chat/completions (stream): 333 tokens generated at
                       182.9 T/s · prompt 91 tokens, none cached, 91 new in 0.08
                       s · first token 0.09 s, total 1.91 s · draft 197/408
                       accepted (48%) · max_tokens reached
22:20:55.519 INFO:     #320 chat/completions (stream): 322 prompt tokens ·
                       temperature: 0, greedy (req), max_tokens: 326 (req),
                       min_tokens: 326 (req)
22:20:55.783 INFO:     #319 chat/completions (stream): 334 tokens generated at
                       187.9 T/s · prompt 86 tokens, none cached, 86 new in 0.09
                       s · first token 0.09 s, total 1.87 s · draft 210/372
                       accepted (56%) · max_tokens reached
22:20:55.815 INFO:     #321 chat/completions (stream): 81 prompt tokens ·
                       temperature: 0, greedy (req), max_tokens: 353 (req),
                       min_tokens: 353 (req)
22:20:57.577 INFO:     #320 chat/completions (stream): 326 tokens generated at
                       180.5 T/s · prompt 322 tokens, none cached, 322 new in
                       0.20 s (1,610 T/s) · first token 0.21 s, total 2.01 s ·
                       draft 189/411 accepted (46%) · max_tokens reached
22:20:57.608 INFO:     #322 chat/completions (stream): 218 prompt tokens ·
                       temperature: 0, greedy (req), max_tokens: 599 (req),
                       min_tokens: 599 (req)
22:20:57.990 INFO:     #321 chat/completions (stream): 353 tokens generated at
                       172.3 T/s · prompt 81 tokens, none cached, 81 new in 0.08
                       s · first token 0.09 s, total 2.13 s · draft 199/462
                       accepted (43%) · max_tokens reached
22:20:58.023 INFO:     #323 chat/completions (stream): 274 prompt tokens ·
                       temperature: 0, greedy (req), max_tokens: 94 (req),
                       min_tokens: 94 (req)
22:20:58.717 INFO:     #323 chat/completions (stream): 94 tokens generated at
                       191.6 T/s · prompt 274 tokens, none cached, 274 new in
                       0.16 s (1,712 T/s) · first token 0.17 s, total 0.66 s ·
                       draft 56/114 accepted (49%) · max_tokens reached
22:20:58.749 INFO:     #324 chat/completions (stream): 90 prompt tokens ·
                       temperature: 0, greedy (req), max_tokens: 1439 (req),
                       min_tokens: 1439 (req)
22:21:00.898 INFO:     #322 chat/completions (stream): 599 tokens generated at
                       191.1 T/s · prompt 218 tokens, none cached, 218 new in
                       0.11 s · first token 0.12 s, total 3.25 s · draft 369/690
                       accepted (53%) · max_tokens reached
22:21:00.930 INFO:     #325 chat/completions (stream): 322 prompt tokens ·
                       temperature: 0, greedy (req), max_tokens: 23 (req),
                       min_tokens: 23 (req)
22:21:01.281 INFO:     #325 chat/completions (stream): 23 tokens generated at
                       227.3 T/s · prompt 322 tokens, none cached, 322 new in
                       0.20 s (1,610 T/s) · first token 0.21 s, total 0.31 s ·
                       draft 15/24 accepted (62%) · max_tokens reached
22:21:01.314 INFO:     #326 chat/completions (stream): 628 prompt tokens ·
                       temperature: 0, greedy (req), max_tokens: 93 (req),
                       min_tokens: 93 (req)
22:21:02.076 INFO:     #326 chat/completions (stream): 93 tokens generated at
                       201.2 T/s · prompt 628 tokens, none cached, 628 new in
                       0.25 s (2,512 T/s) · first token 0.26 s, total 0.72 s ·
                       draft 56/111 accepted (50%) · max_tokens reached
22:21:02.108 INFO:     #328 chat/completions (stream): 73 prompt tokens ·
                       temperature: 0, greedy (req), max_tokens: 327 (req),
                       min_tokens: 327 (req)
22:21:03.787 INFO:     #328 chat/completions (stream): 327 tokens generated at
                       210.2 T/s · prompt 73 tokens, none cached, 73 new in 0.08
                       s · first token 0.09 s, total 1.64 s · draft 205/366
                       accepted (56%) · max_tokens reached
22:21:03.820 INFO:     #329 chat/completions (stream): 90 prompt tokens ·
                       temperature: 0, greedy (req), max_tokens: 131 (req),
                       min_tokens: 131 (req)
22:21:04.480 INFO:     #329 chat/completions (stream): 131 tokens generated at
                       249.3 T/s · prompt 90 tokens, none cached, 90 new in 0.09
                       s · first token 0.10 s, total 0.62 s · draft 91/120
                       accepted (76%) · max_tokens reached
22:21:04.515 INFO:     #330 chat/completions (stream): 828 prompt tokens ·
                       temperature: 0, greedy (req), max_tokens: 39 (req),
                       min_tokens: 39 (req)
22:21:05.000 INFO:     #330 chat/completions (stream): 39 tokens generated at
                       218.9 T/s · prompt 828 tokens, none cached, 828 new in
                       0.26 s (3,185 T/s) · first token 0.27 s, total 0.44 s ·
                       draft 25/42 accepted (60%) · max_tokens reached
22:21:05.038 INFO:     #331 chat/completions (stream): 579 prompt tokens ·
                       temperature: 0, greedy (req), max_tokens: 213 (req),
                       min_tokens: 213 (req)
22:21:05.038 WARNING:  #324 chat/completions (stream): generation stopped
                       because a token loop was detected
22:21:05.302 INFO:     #324 chat/completions (stream): 1,366 tokens generated at
                       220.5 T/s · prompt 90 tokens, none cached, 90 new in 0.08
                       s · first token 0.09 s, total 6.28 s · draft 941/1275
                       accepted (74%) · loop detected
22:21:05.335 INFO:     #332 chat/completions (stream): 57 prompt tokens ·
                       temperature: 0, greedy (req), max_tokens: 56 (req),
                       min_tokens: 56 (req)
22:21:05.754 INFO:     #332 chat/completions (stream): 56 tokens generated at
                       184.6 T/s · prompt 57 tokens, none cached, 57 new in 0.07
                       s · first token 0.08 s, total 0.38 s · draft 32/72
                       accepted (44%) · max_tokens reached
22:21:05.785 INFO:     #333 chat/completions (stream): 56 prompt tokens ·
                       temperature: 0, greedy (req), max_tokens: 277 (req),
                       min_tokens: 277 (req)
22:21:06.625 INFO:     #331 chat/completions (stream): 213 tokens generated at
                       162.3 T/s · prompt 579 tokens, none cached, 579 new in
                       0.23 s (2,517 T/s) · first token 0.24 s, total 1.55 s ·
                       draft 119/282 accepted (42%) · max_tokens reached
22:21:06.657 INFO:     #334 chat/completions (stream): 196 prompt tokens ·
                       temperature: 0, greedy (req), max_tokens: 362 (req),
                       min_tokens: 362 (req)
22:21:07.277 INFO:     #333 chat/completions (stream): 277 tokens generated at
                       201.2 T/s · prompt 56 tokens, none cached, 56 new in 0.07
                       s · first token 0.08 s, total 1.45 s · draft 177/300
                       accepted (59%) · max_tokens reached
22:21:07.308 INFO:     #335 chat/completions (stream): 81 prompt tokens ·
                       temperature: 0, greedy (req), max_tokens: 1003 (req),
                       min_tokens: 1003 (req)
22:21:08.638 INFO:     #334 chat/completions (stream): 362 tokens generated at
                       197.6 T/s · prompt 196 tokens, none cached, 196 new in
                       0.10 s · first token 0.11 s, total 1.94 s · draft 225/411
                       accepted (55%) · max_tokens reached
22:21:08.670 INFO:     #336 chat/completions (stream): 255 prompt tokens ·
                       temperature: 0, greedy (req), max_tokens: 819 (req),
                       min_tokens: 819 (req)
22:21:11.295 INFO:     #335 chat/completions (stream): 1,003 tokens generated at
                       259.9 T/s · prompt 81 tokens, none cached, 81 new in 0.08
                       s · first token 0.09 s, total 3.94 s · draft 708/885
                       accepted (80%) · max_tokens reached
22:21:11.328 INFO:     #337 chat/completions (stream): 891 prompt tokens ·
                       temperature: 0, greedy (req), max_tokens: 37 (req),
                       min_tokens: 37 (req)
22:21:11.808 INFO:     #337 chat/completions (stream): 37 tokens generated at
                       242.5 T/s · prompt 891 tokens, none cached, 891 new in
                       0.28 s (3,182 T/s) · first token 0.29 s, total 0.44 s ·
                       draft 25/36 accepted (69%) · max_tokens reached
22:21:11.842 INFO:     #338 chat/completions (stream): 442 prompt tokens ·
                       temperature: 0, greedy (req), max_tokens: 43 (req),
                       min_tokens: 43 (req)
22:21:12.351 INFO:     #338 chat/completions (stream): 43 tokens generated at
                       184.2 T/s · prompt 442 tokens, none cached, 442 new in
                       0.23 s (1,922 T/s) · first token 0.24 s, total 0.47 s ·
                       draft 25/54 accepted (46%) · max_tokens reached
22:21:12.383 INFO:     #339 chat/completions (stream): 63 prompt tokens ·
                       temperature: 0, greedy (req), max_tokens: 241 (req),
                       min_tokens: 241 (req)
22:21:13.182 INFO:     #336 chat/completions (stream): 819 tokens generated at
                       188.4 T/s · prompt 255 tokens, none cached, 255 new in
                       0.11 s · first token 0.12 s, total 4.46 s · draft 519/900
                       accepted (58%) · max_tokens reached
22:21:13.218 INFO:     #340 chat/completions (stream): 155 prompt tokens ·
                       temperature: 0, greedy (req), max_tokens: 692 (req),
                       min_tokens: 692 (req)
22:21:13.774 INFO:     #339 chat/completions (stream): 241 tokens generated at
                       189.4 T/s · prompt 63 tokens, none cached, 63 new in 0.07
                       s · first token 0.08 s, total 1.35 s · draft 148/279
                       accepted (53%) · max_tokens reached
22:21:13.807 INFO:     #341 chat/completions (stream): 340 prompt tokens ·
                       temperature: 0, greedy (req), max_tokens: 14 (req),
                       min_tokens: 14 (req)
22:21:14.118 INFO:     #341 chat/completions (stream): 14 tokens generated at
                       277.7 T/s · prompt 340 tokens, none cached, 340 new in
                       0.21 s (1,619 T/s) · first token 0.22 s, total 0.27 s ·
                       draft 10/12 accepted (83%) · max_tokens reached
22:21:14.149 INFO:     #342 chat/completions (stream): 59 prompt tokens ·
                       temperature: 0, greedy (req), max_tokens: 35 (req),
                       min_tokens: 35 (req)
22:21:14.417 INFO:     #342 chat/completions (stream): 35 tokens generated at
                       232.2 T/s · prompt 59 tokens, none cached, 59 new in 0.07
                       s · first token 0.08 s, total 0.23 s · draft 23/36
                       accepted (64%) · max_tokens reached
22:21:14.449 INFO:     #343 chat/completions (stream): 71 prompt tokens ·
                       temperature: 0, greedy (req), max_tokens: 88 (req),
                       min_tokens: 88 (req)
22:21:14.999 INFO:     #343 chat/completions (stream): 88 tokens generated at
                       205.7 T/s · prompt 71 tokens, none cached, 71 new in 0.08
                       s · first token 0.09 s, total 0.51 s · draft 54/102
                       accepted (53%) · max_tokens reached
22:21:15.033 INFO:     #344 chat/completions (stream): 282 prompt tokens ·
                       temperature: 0, greedy (req), max_tokens: 6 (req),
                       min_tokens: 6 (req)
22:21:15.300 INFO:     #344 chat/completions (stream): 6 tokens generated at
                       248.7 T/s · prompt 282 tokens, none cached, 282 new in
                       0.20 s (1,410 T/s) · first token 0.21 s, total 0.23 s ·
                       draft 4/6 accepted (67%) · max_tokens reached
22:21:15.332 INFO:     #345 chat/completions (stream): 94 prompt tokens ·
                       temperature: 0, greedy (req), max_tokens: 262 (req),
                       min_tokens: 262 (req)
22:21:16.535 INFO:     #345 chat/completions (stream): 262 tokens generated at
                       245.1 T/s · prompt 94 tokens, none cached, 94 new in 0.09
                       s · first token 0.10 s, total 1.16 s · draft 178/252
                       accepted (71%) · max_tokens reached
22:21:16.569 INFO:     #346 chat/completions (stream): 491 prompt tokens ·
                       temperature: 0, greedy (req), max_tokens: 604 (req),
                       min_tokens: 604 (req)
22:21:18.154 INFO:     #340 chat/completions (stream): 692 tokens generated at
                       144.3 T/s · prompt 155 tokens, none cached, 155 new in
                       0.09 s · first token 0.10 s, total 4.89 s · draft 376/948
                       accepted (40%) · max_tokens reached
22:21:18.191 INFO:     #348 chat/completions (stream): 334 prompt tokens ·
                       temperature: 0, greedy (req), max_tokens: 28 (req),
                       min_tokens: 28 (req)
22:21:18.577 INFO:     #348 chat/completions (stream): 28 tokens generated at
                       224.4 T/s · prompt 334 tokens, none cached, 334 new in
                       0.22 s (1,518 T/s) · first token 0.23 s, total 0.35 s ·
                       draft 18/30 accepted (60%) · max_tokens reached
22:21:18.609 INFO:     #349 chat/completions (stream): 528 prompt tokens ·
                       temperature: 0, greedy (req), max_tokens: 15 (req),
                       min_tokens: 15 (req)
22:21:18.920 INFO:     #349 chat/completions (stream): 15 tokens generated at
                       172.4 T/s · prompt 528 tokens, none cached, 528 new in
                       0.18 s (2,933 T/s) · first token 0.19 s, total 0.27 s ·
                       draft 8/21 accepted (38%) · max_tokens reached
22:21:18.951 INFO:     #350 chat/completions (stream): 67 prompt tokens ·
                       temperature: 0, greedy (req), max_tokens: 318 (req),
                       min_tokens: 318 (req)
22:21:20.175 INFO:     #346 chat/completions (stream): 604 tokens generated at
                       181.9 T/s · prompt 491 tokens, none cached, 491 new in
                       0.24 s (2,046 T/s) · first token 0.25 s, total 3.57 s ·
                       draft 377/681 accepted (55%) · max_tokens reached
22:21:20.214 INFO:     #351 chat/completions (stream): 416 prompt tokens ·
                       temperature: 0, greedy (req), max_tokens: 10 (req),
                       min_tokens: 10 (req)
22:21:20.531 INFO:     #351 chat/completions (stream): 10 tokens generated at
                       267.6 T/s · prompt 416 tokens, none cached, 416 new in
                       0.23 s (1,809 T/s) · first token 0.24 s, total 0.27 s ·
                       draft 7/9 accepted (78%) · max_tokens reached
22:21:20.563 INFO:     #352 chat/completions (stream): 118 prompt tokens ·
                       temperature: 0, greedy (req), max_tokens: 345 (req),
                       min_tokens: 345 (req)
22:21:21.159 INFO:     #350 chat/completions (stream): 318 tokens generated at
                       152.5 T/s · prompt 67 tokens, none cached, 67 new in 0.08
                       s · first token 0.09 s, total 2.17 s · draft 180/414
                       accepted (43%) · max_tokens reached
22:21:21.198 INFO:     #353 chat/completions (stream): 697 prompt tokens ·
                       temperature: 0, greedy (req), max_tokens: 1321 (req),
                       min_tokens: 1321 (req)
22:21:22.582 INFO:     #352 chat/completions (stream): 345 tokens generated at
                       184.1 T/s · prompt 118 tokens, none cached, 118 new in
                       0.10 s · first token 0.11 s, total 1.98 s · draft 217/384
                       accepted (57%) · max_tokens reached
22:21:22.617 INFO:     #354 chat/completions (stream): 683 prompt tokens ·
                       temperature: 0, greedy (req), max_tokens: 9 (req),
                       min_tokens: 9 (req)
22:21:22.952 INFO:     #354 chat/completions (stream): 9 tokens generated at
                       246.6 T/s · prompt 683 tokens, none cached, 683 new in
                       0.25 s (2,732 T/s) · first token 0.26 s, total 0.29 s ·
                       draft 6/9 accepted (67%) · max_tokens reached
22:21:22.985 INFO:     #355 chat/completions (stream): 763 prompt tokens ·
                       temperature: 0, greedy (req), max_tokens: 35 (req),
                       min_tokens: 35 (req)
22:21:23.453 INFO:     #355 chat/completions (stream): 35 tokens generated at
                       228.3 T/s · prompt 763 tokens, none cached, 763 new in
                       0.27 s (2,826 T/s) · first token 0.28 s, total 0.43 s ·
                       draft 23/36 accepted (64%) · max_tokens reached
22:21:23.486 INFO:     #356 chat/completions (stream): 596 prompt tokens ·
                       temperature: 0, greedy (req), max_tokens: 11 (req),
                       min_tokens: 11 (req)
22:21:23.825 INFO:     #356 chat/completions (stream): 11 tokens generated at
                       217.7 T/s · prompt 596 tokens, none cached, 596 new in
                       0.24 s (2,483 T/s) · first token 0.25 s, total 0.30 s ·
                       draft 7/12 accepted (58%) · max_tokens reached
22:21:23.856 INFO:     #357 chat/completions (stream): 67 prompt tokens ·
                       temperature: 0, greedy (req), max_tokens: 72 (req),
                       min_tokens: 72 (req)
22:21:24.336 INFO:     #357 chat/completions (stream): 72 tokens generated at
                       200.7 T/s · prompt 67 tokens, none cached, 67 new in 0.08
                       s · first token 0.09 s, total 0.44 s · draft 45/81
                       accepted (56%) · max_tokens reached
22:21:24.369 INFO:     #358 chat/completions (stream): 266 prompt tokens ·
                       temperature: 0, greedy (req), max_tokens: 6 (req),
                       min_tokens: 6 (req)
22:21:24.584 INFO:     #358 chat/completions (stream): 6 tokens generated at
                       245.5 T/s · prompt 266 tokens, none cached, 266 new in
                       0.14 s (1,900 T/s) · first token 0.15 s, total 0.17 s ·
                       draft 4/6 accepted (67%) · max_tokens reached
22:21:24.618 INFO:     #359 chat/completions (stream): 104 prompt tokens ·
                       temperature: 0, greedy (req), max_tokens: 354 (req),
                       min_tokens: 354 (req)
22:21:26.835 INFO:     #359 chat/completions (stream): 354 tokens generated at
                       170.4 T/s · prompt 104 tokens, none cached, 104 new in
                       0.09 s · first token 0.10 s, total 2.17 s · draft 191/489
                       accepted (39%) · max_tokens reached
22:21:26.867 INFO:     #360 chat/completions (stream): 65 prompt tokens ·
                       temperature: 0, greedy (req), max_tokens: 243 (req),
                       min_tokens: 243 (req)
22:21:28.137 INFO:     #360 chat/completions (stream): 243 tokens generated at
                       211.0 T/s · prompt 65 tokens, none cached, 65 new in 0.07
                       s · first token 0.08 s, total 1.23 s · draft 153/270
                       accepted (57%) · max_tokens reached
22:21:28.170 INFO:     #361 chat/completions (stream): 62 prompt tokens ·
                       temperature: 0, greedy (req), max_tokens: 242 (req),
                       min_tokens: 242 (req)
22:21:28.769 INFO:     #353 chat/completions (stream): 1,321 tokens generated at
                       181.7 T/s · prompt 697 tokens, none cached, 697 new in
                       0.25 s (2,788 T/s) · first token 0.26 s, total 7.52 s ·
                       draft 838/1449 accepted (58%) · max_tokens reached
22:21:28.802 INFO:     #362 chat/completions (stream): 74 prompt tokens ·
                       temperature: 0, greedy (req), max_tokens: 19 (req),
                       min_tokens: 19 (req)
22:21:29.002 INFO:     #362 chat/completions (stream): 19 tokens generated at
                       254.4 T/s · prompt 74 tokens, none cached, 74 new in 0.08
                       s · first token 0.09 s, total 0.16 s · draft 13/18
                       accepted (72%) · max_tokens reached
22:21:29.036 INFO:     #363 chat/completions (stream): 871 prompt tokens ·
                       temperature: 0, greedy (req), max_tokens: 110 (req),
                       min_tokens: 110 (req)
22:21:29.885 INFO:     #363 chat/completions (stream): 110 tokens generated at
                       207.0 T/s · prompt 871 tokens, none cached, 871 new in
                       0.27 s (3,226 T/s) · first token 0.28 s, total 0.81 s ·
                       draft 68/126 accepted (54%) · max_tokens reached
22:21:29.918 INFO:     #364 chat/completions (stream): 386 prompt tokens ·
                       temperature: 0, greedy (req), max_tokens: 37 (req),
                       min_tokens: 37 (req)
22:21:30.253 INFO:     #361 chat/completions (stream): 242 tokens generated at
                       123.8 T/s · prompt 62 tokens, none cached, 62 new in 0.08
                       s · first token 0.09 s, total 2.04 s · draft 131/333
                       accepted (39%) · max_tokens reached
22:21:30.288 INFO:     #365 chat/completions (stream): 365 prompt tokens ·
                       temperature: 0, greedy (req), max_tokens: 10 (req),
                       min_tokens: 10 (req)
22:21:30.560 INFO:     #364 chat/completions (stream): 37 tokens generated at
                       101.2 T/s · prompt 386 tokens, none cached, 386 new in
                       0.24 s (1,608 T/s) · first token 0.25 s, total 0.61 s ·
                       draft 25/36 accepted (69%) · max_tokens reached
22:21:30.562 INFO:     #365 chat/completions (stream): 10 tokens generated at
                       315.6 T/s · prompt 365 tokens, none cached, 365 new in
                       0.23 s (1,587 T/s) · first token 0.24 s, total 0.27 s ·
                       draft 7/9 accepted (78%) · max_tokens reached
22:21:30.564 INFO:     #366 chat/completions (stream): 125 prompt tokens ·
                       temperature: 0, greedy (req), max_tokens: 236 (req),
                       min_tokens: 236 (req)
22:21:30.564 INFO:     #367 chat/completions (stream): 68 prompt tokens ·
                       temperature: 0, greedy (req), max_tokens: 212 (req),
                       min_tokens: 212 (req)
22:21:31.734 INFO:     #366 chat/completions (stream): 236 tokens generated at
                       250.4 T/s · prompt 125 tokens, none cached, 125 new in
                       0.18 s · first token 0.19 s, total 1.13 s · draft 162/222
                       accepted (73%) · max_tokens reached
22:21:31.767 INFO:     #368 chat/completions (stream): 604 prompt tokens ·
                       temperature: 0, greedy (req), max_tokens: 103 (req),
                       min_tokens: 103 (req)
22:21:32.252 INFO:     #367 chat/completions (stream): 212 tokens generated at
                       145.2 T/s · prompt 68 tokens, none cached, 68 new in 0.08
                       s · queued 0.11 s, first token 0.19 s, total 1.65 s ·
                       draft 116/288 accepted (40%) · max_tokens reached
22:21:32.283 INFO:     #370 chat/completions (stream): 62 prompt tokens ·
                       temperature: 0, greedy (req), max_tokens: 76 (req),
                       min_tokens: 76 (req)
22:21:32.604 INFO:     #368 chat/completions (stream): 103 tokens generated at
                       191.1 T/s · prompt 604 tokens, none cached, 604 new in
                       0.25 s (2,416 T/s) · first token 0.26 s, total 0.79 s ·
                       draft 66/111 accepted (59%) · max_tokens reached
22:21:32.637 INFO:     #371 chat/completions (stream): 87 prompt tokens ·
                       temperature: 0, greedy (req), max_tokens: 22 (req),
                       min_tokens: 22 (req)
22:21:32.847 INFO:     #371 chat/completions (stream): 22 tokens generated at
                       285.2 T/s · prompt 87 tokens, none cached, 87 new in 0.09
                       s · first token 0.10 s, total 0.17 s · draft 16/18
                       accepted (89%) · max_tokens reached
22:21:32.879 INFO:     #372 chat/completions (stream): 62 prompt tokens ·
                       temperature: 0, greedy (req), max_tokens: 160 (req),
                       min_tokens: 160 (req)
22:21:33.020 INFO:     #370 chat/completions (stream): 76 tokens generated at
                       122.6 T/s · prompt 62 tokens, none cached, 62 new in 0.07
                       s · first token 0.08 s, total 0.70 s · draft 38/114
                       accepted (33%) · max_tokens reached
22:21:33.052 INFO:     #373 chat/completions (stream): 103 prompt tokens ·
                       temperature: 0, greedy (req), max_tokens: 483 (req),
                       min_tokens: 483 (req)
22:21:33.792 INFO:     #372 chat/completions (stream): 160 tokens generated at
                       200.6 T/s · prompt 62 tokens, none cached, 62 new in 0.07
                       s · first token 0.08 s, total 0.87 s · draft 104/168
                       accepted (62%) · max_tokens reached
22:21:33.824 INFO:     #374 chat/completions (stream): 58 prompt tokens ·
                       temperature: 0, greedy (req), max_tokens: 30 (req),
                       min_tokens: 30 (req)
22:21:34.063 INFO:     #374 chat/completions (stream): 30 tokens generated at
                       240.9 T/s · prompt 58 tokens, none cached, 58 new in 0.07
                       s · first token 0.08 s, total 0.20 s · draft 20/30
                       accepted (67%) · max_tokens reached
22:21:34.094 INFO:     #375 chat/completions (stream): 71 prompt tokens ·
                       temperature: 0, greedy (req), max_tokens: 68 (req),
                       min_tokens: 68 (req)
22:21:34.588 INFO:     #375 chat/completions (stream): 68 tokens generated at
                       182.4 T/s · prompt 71 tokens, none cached, 71 new in 0.08
                       s · first token 0.09 s, total 0.46 s · draft 39/87
                       accepted (45%) · max_tokens reached
22:21:34.622 INFO:     #376 chat/completions (stream): 828 prompt tokens ·
                       temperature: 0, greedy (req), max_tokens: 6 (req),
                       min_tokens: 6 (req)
22:21:34.940 INFO:     #376 chat/completions (stream): 6 tokens generated at
                       249.2 T/s · prompt 828 tokens, none cached, 828 new in
                       0.25 s (3,312 T/s) · first token 0.26 s, total 0.28 s ·
                       draft 4/6 accepted (67%) · max_tokens reached
22:21:34.972 INFO:     #377 chat/completions (stream): 93 prompt tokens ·
                       temperature: 0, greedy (req), max_tokens: 257 (req),
                       min_tokens: 257 (req)
22:21:36.054 INFO:     #373 chat/completions (stream): 483 tokens generated at
                       168.7 T/s · prompt 103 tokens, none cached, 103 new in
                       0.09 s · first token 0.10 s, total 2.96 s · draft 291/576
                       accepted (51%) · max_tokens reached
22:21:36.087 INFO:     #378 chat/completions (stream): 223 prompt tokens ·
                       temperature: 0, greedy (req), max_tokens: 96 (req),
                       min_tokens: 96 (req)
22:21:36.532 INFO:     #377 chat/completions (stream): 257 tokens generated at
                       179.9 T/s · prompt 93 tokens, none cached, 93 new in 0.08
                       s · first token 0.09 s, total 1.51 s · draft 152/315
                       accepted (48%) · max_tokens reached
22:21:36.566 INFO:     #379 chat/completions (stream): 542 prompt tokens ·
                       temperature: 0, greedy (req), max_tokens: 91 (req),
                       min_tokens: 91 (req)
22:21:36.869 INFO:     #378 chat/completions (stream): 96 tokens generated at
                       152.9 T/s · prompt 223 tokens, none cached, 223 new in
                       0.11 s · first token 0.12 s, total 0.74 s · draft 59/111
                       accepted (53%) · max_tokens reached
22:21:36.901 INFO:     #380 chat/completions (stream): 99 prompt tokens ·
                       temperature: 0, greedy (req), max_tokens: 413 (req),
                       min_tokens: 413 (req)
22:21:37.412 INFO:     #379 chat/completions (stream): 91 tokens generated at
                       147.2 T/s · prompt 542 tokens, none cached, 542 new in
                       0.18 s (3,011 T/s) · first token 0.19 s, total 0.80 s ·
                       draft 49/126 accepted (39%) · max_tokens reached
22:21:37.445 INFO:     #381 chat/completions (stream): 382 prompt tokens ·
                       temperature: 0, greedy (req), max_tokens: 794 (req),
                       min_tokens: 794 (req)
22:21:39.252 INFO:     #380 chat/completions (stream): 413 tokens generated at
                       186.5 T/s · prompt 99 tokens, none cached, 99 new in 0.09
                       s · first token 0.10 s, total 2.31 s · draft 255/474
                       accepted (54%) · max_tokens reached
22:21:39.285 INFO:     #382 chat/completions (stream): 470 prompt tokens ·
                       temperature: 0, greedy (req), max_tokens: 7 (req),
                       min_tokens: 7 (req)
22:21:39.595 INFO:     #382 chat/completions (stream): 7 tokens generated at
                       278.8 T/s · prompt 470 tokens, none cached, 470 new in
                       0.24 s (1,958 T/s) · first token 0.25 s, total 0.27 s ·
                       draft 5/6 accepted (83%) · max_tokens reached
22:21:39.627 INFO:     #383 chat/completions (stream): 74 prompt tokens ·
                       temperature: 0, greedy (req), max_tokens: 535 (req),
                       min_tokens: 535 (req)
22:21:41.571 INFO:     #381 chat/completions (stream): 794 tokens generated at
                       206.4 T/s · prompt 382 tokens, none cached, 382 new in
                       0.23 s (1,661 T/s) · first token 0.24 s, total 4.08 s ·
                       draft 514/840 accepted (61%) · max_tokens reached
22:21:41.605 INFO:     #384 chat/completions (stream): 787 prompt tokens ·
                       temperature: 0, greedy (req), max_tokens: 9 (req),
                       min_tokens: 9 (req)
22:21:41.908 INFO:     #384 chat/completions (stream): 9 tokens generated at
                       242.1 T/s · prompt 787 tokens, none cached, 787 new in
                       0.22 s (3,577 T/s) · first token 0.23 s, total 0.26 s ·
                       draft 6/9 accepted (67%) · max_tokens reached
22:21:41.940 INFO:     #385 chat/completions (stream): 87 prompt tokens ·
                       temperature: 0, greedy (req), max_tokens: 696 (req),
                       min_tokens: 696 (req)
22:21:43.058 INFO:     #383 chat/completions (stream): 535 tokens generated at
                       162.0 T/s · prompt 74 tokens, none cached, 74 new in 0.08
                       s · first token 0.09 s, total 3.39 s · draft 298/711
                       accepted (42%) · max_tokens reached
22:21:43.095 INFO:     #386 chat/completions (stream): 307 prompt tokens ·
                       temperature: 0, greedy (req), max_tokens: 204 (req),
                       min_tokens: 204 (req)
22:21:44.331 INFO:     #386 chat/completions (stream): 204 tokens generated at
                       209.9 T/s · prompt 307 tokens, none cached, 307 new in
                       0.21 s (1,462 T/s) · first token 0.22 s, total 1.19 s ·
                       draft 129/225 accepted (57%) · max_tokens reached
22:21:44.362 INFO:     #387 chat/completions (stream): 68 prompt tokens ·
                       temperature: 0, greedy (req), max_tokens: 367 (req),
                       min_tokens: 367 (req)
22:21:46.135 INFO:     #385 chat/completions (stream): 696 tokens generated at
                       171.2 T/s · prompt 87 tokens, none cached, 87 new in 0.08
                       s · first token 0.09 s, total 4.15 s · draft 399/891
                       accepted (45%) · max_tokens reached
22:21:46.167 INFO:     #388 chat/completions (stream): 245 prompt tokens ·
                       temperature: 0, greedy (req), max_tokens: 9 (req),
                       min_tokens: 9 (req)
22:21:46.384 INFO:     #388 chat/completions (stream): 9 tokens generated at
                       243.2 T/s · prompt 245 tokens, none cached, 245 new in
                       0.13 s · first token 0.14 s, total 0.17 s · draft 6/9
                       accepted (67%) · max_tokens reached
22:21:46.387 INFO:     #389 chat/completions (stream): 330 prompt tokens ·
                       temperature: 0, greedy (req), max_tokens: 8 (req),
                       min_tokens: 8 (req)
22:21:46.388 INFO:     #387 chat/completions (stream): 367 tokens generated at
                       189.5 T/s · prompt 68 tokens, none cached, 68 new in 0.07
                       s · first token 0.08 s, total 2.01 s · draft 223/432
                       accepted (52%) · max_tokens reached
22:21:46.633 INFO:     #390 chat/completions (stream): 64 prompt tokens ·
                       temperature: 0, greedy (req), max_tokens: 10 (req),
                       min_tokens: 10 (req)
22:21:46.746 INFO:     #389 chat/completions (stream): 8 tokens generated at
                       66.9 T/s · prompt 330 tokens, none cached, 330 new in
                       0.21 s (1,571 T/s) · first token 0.22 s, total 0.34 s ·
                       draft 4/12 accepted (33%) · max_tokens reached
22:21:46.749 INFO:     #390 chat/completions (stream): 10 tokens generated at
                       318.8 T/s · prompt 64 tokens, none cached, 64 new in 0.07
                       s · first token 0.08 s, total 0.11 s · draft 7/9 accepted
                       (78%) · max_tokens reached
22:21:46.752 INFO:     #391 chat/completions (stream): 436 prompt tokens ·
                       temperature: 0, greedy (req), max_tokens: 44 (req),
                       min_tokens: 44 (req)
22:21:46.753 INFO:     #392 chat/completions (stream): 435 prompt tokens ·
                       temperature: 0, greedy (req), max_tokens: 79 (req),
                       min_tokens: 79 (req)
22:21:47.516 INFO:     #391 chat/completions (stream): 44 tokens generated at
                       165.5 T/s · prompt 436 tokens, none cached, 436 new in
                       0.44 s (991 T/s) · first token 0.45 s, total 0.72 s ·
                       draft 23/63 accepted (37%) · max_tokens reached
22:21:47.543 INFO:     #394 chat/completions (stream): 94 prompt tokens ·
                       temperature: 0, greedy (req), max_tokens: 246 (req),
                       min_tokens: 246 (req)
22:21:47.658 INFO:     #392 chat/completions (stream): 79 tokens generated at
                       239.8 T/s · prompt 435 tokens, none cached, 435 new in
                       0.32 s (1,359 T/s) · queued 0.14 s, first token 0.46 s,
                       total 0.79 s · draft 52/81 accepted (64%) · max_tokens
                       reached
22:21:47.691 INFO:     #395 chat/completions (stream): 63 prompt tokens ·
                       temperature: 0, greedy (req), max_tokens: 265 (req),
                       min_tokens: 265 (req)
22:21:48.962 INFO:     #394 chat/completions (stream): 246 tokens generated at
                       191.8 T/s · prompt 94 tokens, none cached, 94 new in 0.09
                       s · first token 0.10 s, total 1.38 s · draft 150/288
                       accepted (52%) · max_tokens reached
22:21:48.995 INFO:     #396 chat/completions (stream): 154 prompt tokens ·
                       temperature: 0, greedy (req), max_tokens: 385 (req),
                       min_tokens: 385 (req)
22:21:49.435 INFO:     #395 chat/completions (stream): 265 tokens generated at
                       162.9 T/s · prompt 63 tokens, none cached, 63 new in 0.07
                       s · first token 0.08 s, total 1.70 s · draft 143/366
                       accepted (39%) · max_tokens reached
22:21:49.467 INFO:     #397 chat/completions (stream): 61 prompt tokens ·
                       temperature: 0, greedy (req), max_tokens: 128 (req),
                       min_tokens: 128 (req)
22:21:50.201 INFO:     #397 chat/completions (stream): 128 tokens generated at
                       209.2 T/s · prompt 61 tokens, none cached, 61 new in 0.07
                       s · first token 0.08 s, total 0.69 s · draft 79/147
                       accepted (54%) · max_tokens reached
22:21:50.234 INFO:     #398 chat/completions (stream): 442 prompt tokens ·
                       temperature: 0, greedy (req), max_tokens: 153 (req),
                       min_tokens: 153 (req)
22:21:51.230 INFO:     #398 chat/completions (stream): 153 tokens generated at
                       211.4 T/s · prompt 442 tokens, none cached, 442 new in
                       0.23 s (1,922 T/s) · first token 0.24 s, total 0.96 s ·
                       draft 96/171 accepted (56%) · max_tokens reached
22:21:51.262 INFO:     #399 chat/completions (stream): 116 prompt tokens ·
                       temperature: 0, greedy (req), max_tokens: 276 (req),
                       min_tokens: 276 (req)
22:21:51.468 INFO:     #396 chat/completions (stream): 385 tokens generated at
                       164.7 T/s · prompt 154 tokens, none cached, 154 new in
                       0.09 s · first token 0.10 s, total 2.43 s · draft 228/471
                       accepted (48%) · max_tokens reached
22:21:51.500 INFO:     #400 chat/completions (stream): 213 prompt tokens ·
                       temperature: 0, greedy (req), max_tokens: 7 (req),
                       min_tokens: 7 (req)
22:21:51.673 INFO:     #400 chat/completions (stream): 7 tokens generated at
                       283.0 T/s · prompt 213 tokens, none cached, 213 new in
                       0.10 s · first token 0.11 s, total 0.13 s · draft 5/6
                       accepted (83%) · max_tokens reached
22:21:51.704 INFO:     #401 chat/completions (stream): 62 prompt tokens ·
                       temperature: 0, greedy (req), max_tokens: 342 (req),
                       min_tokens: 342 (req)
22:21:52.832 INFO:     #399 chat/completions (stream): 276 tokens generated at
                       193.6 T/s · prompt 116 tokens, none cached, 116 new in
                       0.10 s · first token 0.11 s, total 1.53 s · draft 176/300
                       accepted (59%) · max_tokens reached
22:21:52.866 INFO:     #402 chat/completions (stream): 457 prompt tokens ·
                       temperature: 0, greedy (req), max_tokens: 24 (req),
                       min_tokens: 24 (req)
22:21:53.226 INFO:     #402 chat/completions (stream): 24 tokens generated at
                       227.9 T/s · prompt 457 tokens, none cached, 457 new in
                       0.23 s (1,987 T/s) · first token 0.24 s, total 0.34 s ·
                       draft 16/24 accepted (67%) · max_tokens reached
22:21:53.227 INFO:     #401 chat/completions (stream): 342 tokens generated at
                       237.3 T/s · prompt 62 tokens, none cached, 62 new in 0.07
                       s · first token 0.07 s, total 1.52 s · draft 246/288
                       accepted (85%) · max_tokens reached
22:21:53.230 INFO:     #403 chat/completions (stream): 145 prompt tokens ·
                       temperature: 0, greedy (req), max_tokens: 9 (req),
                       min_tokens: 9 (req)
22:21:53.231 INFO:     #404 chat/completions (stream): 90 prompt tokens ·
                       temperature: 0, greedy (req), max_tokens: 196 (req),
                       min_tokens: 196 (req)
22:21:53.512 INFO:     #403 chat/completions (stream): 9 tokens generated at
                       243.9 T/s · prompt 145 tokens, none cached, 145 new in
                       0.19 s · first token 0.20 s, total 0.24 s · draft 6/9
                       accepted (67%) · max_tokens reached
22:21:53.546 INFO:     #405 chat/completions (stream): 73 prompt tokens ·
                       temperature: 0, greedy (req), max_tokens: 491 (req),
                       min_tokens: 491 (req)
22:21:54.516 INFO:     #404 chat/completions (stream): 196 tokens generated at
                       188.2 T/s · prompt 90 tokens, none cached, 90 new in 0.09
                       s · queued 0.12 s, first token 0.21 s, total 1.25 s ·
                       draft 120/228 accepted (53%) · max_tokens reached
22:21:54.548 INFO:     #406 chat/completions (stream): 59 prompt tokens ·
                       temperature: 0, greedy (req), max_tokens: 169 (req),
                       min_tokens: 169 (req)
22:21:55.302 INFO:     #406 chat/completions (stream): 169 tokens generated at
                       264.5 T/s · prompt 59 tokens, none cached, 59 new in 0.07
                       s · first token 0.08 s, total 0.71 s · draft 119/150
                       accepted (79%) · max_tokens reached
22:21:55.335 INFO:     #407 chat/completions (stream): 566 prompt tokens ·
                       temperature: 0, greedy (req), max_tokens: 21 (req),
                       min_tokens: 21 (req)
22:21:55.717 INFO:     #407 chat/completions (stream): 21 tokens generated at
                       207.2 T/s · prompt 566 tokens, none cached, 566 new in
                       0.23 s (2,461 T/s) · first token 0.24 s, total 0.34 s ·
                       draft 13/24 accepted (54%) · max_tokens reached
22:21:55.749 INFO:     #408 chat/completions (stream): 179 prompt tokens ·
                       temperature: 0, greedy (req), max_tokens: 263 (req),
                       min_tokens: 263 (req)
22:21:56.657 INFO:     #405 chat/completions (stream): 491 tokens generated at
                       164.4 T/s · prompt 73 tokens, none cached, 73 new in 0.08
                       s · first token 0.09 s, total 3.07 s · draft 285/618
                       accepted (46%) · max_tokens reached
22:21:56.691 INFO:     #409 chat/completions (stream): 1,070 prompt tokens ·
                       temperature: 0, greedy (req), max_tokens: 168 (req),
                       min_tokens: 168 (req)
22:21:57.361 INFO:     #408 chat/completions (stream): 263 tokens generated at
                       179.0 T/s · prompt 179 tokens, none cached, 179 new in
                       0.10 s · first token 0.11 s, total 1.58 s · draft 168/285
                       accepted (59%) · max_tokens reached
22:21:57.394 INFO:     #410 chat/completions (stream): 225 prompt tokens ·
                       temperature: 0, greedy (req), max_tokens: 232 (req),
                       min_tokens: 232 (req)
22:21:57.920 INFO:     #409 chat/completions (stream): 168 tokens generated at
                       186.4 T/s · prompt 1,070 tokens, none cached, 1,070 new
                       in 0.28 s (3,821 T/s) · first token 0.29 s, total 1.19 s
                       · draft 105/189 accepted (56%) · max_tokens reached
22:21:57.953 INFO:     #411 chat/completions (stream): 489 prompt tokens ·
                       temperature: 0, greedy (req), max_tokens: 205 (req),
                       min_tokens: 205 (req)
22:21:58.869 INFO:     #410 chat/completions (stream): 232 tokens generated at
                       175.9 T/s · prompt 225 tokens, none cached, 225 new in
                       0.11 s · first token 0.12 s, total 1.43 s · draft 145/261
                       accepted (56%) · max_tokens reached
22:21:58.901 INFO:     #412 chat/completions (stream): 64 prompt tokens ·
                       temperature: 0, greedy (req), max_tokens: 66 (req),
                       min_tokens: 66 (req)
22:21:59.328 INFO:     #412 chat/completions (stream): 66 tokens generated at
                       216.2 T/s · prompt 64 tokens, none cached, 64 new in 0.07
                       s · first token 0.08 s, total 0.38 s · draft 43/69
                       accepted (62%) · max_tokens reached
22:21:59.332 INFO:     #413 chat/completions (stream): 113 prompt tokens ·
                       temperature: 0, greedy (req), max_tokens: 352 (req),
                       min_tokens: 352 (req)
22:21:59.332 INFO:     #411 chat/completions (stream): 205 tokens generated at
                       181.6 T/s · prompt 489 tokens, none cached, 489 new in
                       0.24 s (2,038 T/s) · first token 0.25 s, total 1.37 s ·
                       draft 121/252 accepted (48%) · max_tokens reached
22:21:59.475 INFO:     #414 chat/completions (stream): 447 prompt tokens ·
                       temperature: 0, greedy (req), max_tokens: 792 (req),
                       min_tokens: 792 (req)
22:22:01.506 INFO:     #413 chat/completions (stream): 352 tokens generated at
                       173.2 T/s · prompt 113 tokens, none cached, 113 new in
                       0.10 s · first token 0.11 s, total 2.14 s · draft 210/426
                       accepted (49%) · max_tokens reached
22:22:01.539 INFO:     #415 chat/completions (stream): 397 prompt tokens ·
                       temperature: 0, greedy (req), max_tokens: 5 (req),
                       min_tokens: 5 (req)
22:22:01.853 INFO:     #415 chat/completions (stream): 5 tokens generated at
                       194.0 T/s · prompt 397 tokens, none cached, 397 new in
                       0.24 s (1,654 T/s) · first token 0.25 s, total 0.27 s ·
                       draft 3/6 accepted (50%) · max_tokens reached
22:22:01.884 INFO:     #416 chat/completions (stream): 64 prompt tokens ·
                       temperature: 0, greedy (req), max_tokens: 34 (req),
                       min_tokens: 34 (req)
22:22:02.149 INFO:     #416 chat/completions (stream): 34 tokens generated at
                       227.9 T/s · prompt 64 tokens, none cached, 64 new in 0.07
                       s · first token 0.08 s, total 0.22 s · draft 22/36
                       accepted (61%) · max_tokens reached
22:22:02.183 INFO:     #418 chat/completions (stream): 746 prompt tokens ·
                       temperature: 0, greedy (req), max_tokens: 9 (req),
                       min_tokens: 9 (req)
22:22:02.532 INFO:     #418 chat/completions (stream): 9 tokens generated at
                       235.3 T/s · prompt 746 tokens, none cached, 746 new in
                       0.26 s (2,869 T/s) · first token 0.27 s, total 0.30 s ·
                       draft 6/9 accepted (67%) · max_tokens reached
22:22:02.564 INFO:     #419 chat/completions (stream): 123 prompt tokens ·
                       temperature: 0, greedy (req), max_tokens: 129 (req),
                       min_tokens: 129 (req)
22:22:03.330 INFO:     #419 chat/completions (stream): 129 tokens generated at
                       207.7 T/s · prompt 123 tokens, none cached, 123 new in
                       0.10 s · first token 0.11 s, total 0.73 s · draft 80/147
                       accepted (54%) · max_tokens reached
22:22:03.362 INFO:     #420 chat/completions (stream): 159 prompt tokens ·
                       temperature: 0, greedy (req), max_tokens: 67 (req),
                       min_tokens: 67 (req)
22:22:03.804 INFO:     #420 chat/completions (stream): 67 tokens generated at
                       222.5 T/s · prompt 159 tokens, none cached, 159 new in
                       0.09 s · first token 0.10 s, total 0.40 s · draft 43/72
                       accepted (60%) · max_tokens reached
22:22:03.835 INFO:     #421 chat/completions (stream): 207 prompt tokens ·
                       temperature: 0, greedy (req), max_tokens: 123 (req),
                       min_tokens: 123 (req)
22:22:04.381 INFO:     #414 chat/completions (stream): 792 tokens generated at
                       171.4 T/s · prompt 447 tokens, none cached, 447 new in
                       0.23 s (1,943 T/s) · first token 0.24 s, total 4.85 s ·
                       draft 490/906 accepted (54%) · max_tokens reached
22:22:04.414 INFO:     #422 chat/completions (stream): 516 prompt tokens ·
                       temperature: 0, greedy (req), max_tokens: 39 (req),
                       min_tokens: 39 (req)
22:22:04.788 INFO:     #422 chat/completions (stream): 39 tokens generated at
                       222.0 T/s · prompt 516 tokens, none cached, 516 new in
                       0.18 s (2,867 T/s) · first token 0.19 s, total 0.36 s ·
                       draft 25/42 accepted (60%) · max_tokens reached
22:22:04.789 INFO:     #421 chat/completions (stream): 123 tokens generated at
                       147.4 T/s · prompt 207 tokens, none cached, 207 new in
                       0.11 s · first token 0.12 s, total 0.95 s · draft 69/162
                       accepted (43%) · max_tokens reached
22:22:04.794 INFO:     #423 chat/completions (stream): 536 prompt tokens ·
                       temperature: 0, greedy (req), max_tokens: 8 (req),
                       min_tokens: 8 (req)
22:22:04.796 INFO:     #424 chat/completions (stream): 726 prompt tokens ·
                       temperature: 0, greedy (req), max_tokens: 98 (req),
                       min_tokens: 98 (req)
22:22:05.309 INFO:     #423 chat/completions (stream): 8 tokens generated at
                       224.1 T/s · prompt 536 tokens, none cached, 536 new in
                       0.42 s (1,276 T/s) · first token 0.43 s, total 0.47 s ·
                       draft 5/9 accepted (56%) · max_tokens reached
22:22:05.342 INFO:     #425 chat/completions (stream): 102 prompt tokens ·
                       temperature: 0, greedy (req), max_tokens: 222 (req),
                       min_tokens: 222 (req)
22:22:05.824 INFO:     #424 chat/completions (stream): 98 tokens generated at
                       177.3 T/s · prompt 726 tokens, none cached, 726 new in
                       0.28 s (2,593 T/s) · queued 0.16 s, first token 0.44 s,
                       total 0.99 s · draft 61/111 accepted (55%) · max_tokens
                       reached
22:22:05.856 INFO:     #426 chat/completions (stream): 67 prompt tokens ·
                       temperature: 0, greedy (req), max_tokens: 425 (req),
                       min_tokens: 425 (req)
22:22:06.532 INFO:     #425 chat/completions (stream): 222 tokens generated at
                       211.5 T/s · prompt 102 tokens, none cached, 102 new in
                       0.09 s · first token 0.10 s, total 1.15 s · draft 145/231
                       accepted (63%) · max_tokens reached
22:22:06.567 INFO:     #427 chat/completions (stream): 677 prompt tokens ·
                       temperature: 0, greedy (req), max_tokens: 420 (req),
                       min_tokens: 420 (req)
22:22:08.735 INFO:     #426 chat/completions (stream): 425 tokens generated at
                       154.1 T/s · prompt 67 tokens, none cached, 67 new in 0.07
                       s · first token 0.08 s, total 2.83 s · draft 227/594
                       accepted (38%) · max_tokens reached
22:22:08.791 INFO:     #427 chat/completions (stream): 420 tokens generated at
                       214.1 T/s · prompt 677 tokens, none cached, 677 new in
                       0.25 s (2,708 T/s) · first token 0.26 s, total 2.22 s ·
                       draft 264/468 accepted (56%) · max_tokens reached
