21:25:42.959 INFO:     Sampler preset "qwen38_thinking": temperature 0.6, top_k
                       20, top_p 0.95
21:25:42.962 INFO:     exllamav3 version: 1.5.0
21:25:44.363 INFO:     Using main model MTP component for drafting
21:25:44.384 INFO:     Context: max_seq_len 262,144 tokens (configured),
                       cache_size 983,040 tokens
21:25:44.473 INFO:     Using tool format: qwen3_coder
21:25:44.473 INFO:     Using template "chat_template" for chat completions.
21:25:46.512 INFO:     Loading model
                       /models/qwen3.8-flash-next-exl3-2.50bpw-r0b0tlab (manual
                       GPU split)
Loading vision modules ━━━━━━━━━━━━━━━━━━━━━━━━━━━━━━━━━━━━━━ 100% 30/30 0:00:00
Loading draft modules  ━━━━━━━━━━━━━━━━━━━━━━━━━━━━━━━━━━━━━━ 100% 3/3   0:00:00
Loading model modules  ━━━━━━━━━━━━━━━━━━━━━━━━━━━━━━━━━━━━━━ 100% 53/53 0:00:00
EXL3_EMBED_GPU_PRUNED=1: embedding mirror 65536 of 248320 rows (320.0 MiB, prefix) on cuda:1
21:25:52.767 INFO:     Model loaded in 8.3 s

21:25:52.767 WARNING:  Disabling authentication makes your instance vulnerable.
                       Set the `disable_auth` flag to False in config.yml if you
                       want to share this instance with others.
21:25:52.767 WARNING:  With authentication disabled and `allowed_origins` left
                       at ["*"], any website open in a browser on this machine
                       can send requests to this instance and read the
                       responses, including admin endpoints. Set
                       `network.allowed_origins` to your own frontends (or [])
                       unless you use a browser-based frontend that needs it.
21:25:52.768 INFO:     Serving OAI API on http://0.0.0.0:8022 (docs at
                       http://0.0.0.0:8022/redoc)
21:25:53.760 INFO:     #3 completions: 3 prompt tokens · temperature: 0, greedy
                       (req), max_tokens: 16 (req)
densegemm lcguard: device 1: dense calls on the QSA side branch use the side scratch (hctr upper half, side slots)
densegemm lcguard: device 0: dense calls on the QSA side branch use the side scratch (hctr upper half, side slots)
21:25:54.144 INFO:     #3 completions: 16 tokens generated at 110.4 T/s · prompt
                       3 tokens, none cached, 3 new in 0.23 s · first token 0.24
                       s, total 0.38 s · draft 8/24 accepted (33%) · max_tokens
                       reached
21:25:54.378 INFO:     #5 chat/completions: 74 prompt tokens · temperature: 0,
                       greedy (req), max_tokens: 64 (req), min_tokens: 64 (req)
21:25:54.742 INFO:     #5 chat/completions: 64 tokens generated at 277.8 T/s ·
                       prompt 74 tokens, none cached, 74 new in 0.13 s · first
                       token 0.14 s, total 0.37 s · draft 42/66 accepted (64%) ·
                       max_tokens reached
21:26:09.333 INFO:     #9 chat/completions (stream): 737 prompt tokens ·
                       temperature: 0, greedy (req), max_tokens: 49 (req),
                       min_tokens: 49 (req)
21:26:09.921 INFO:     #9 chat/completions (stream): 49 tokens generated at
                       225.0 T/s · prompt 737 tokens, none cached, 737 new in
                       0.36 s (2,047 T/s) · first token 0.37 s, total 0.58 s ·
                       draft 28/63 accepted (44%) · max_tokens reached
21:26:09.926 INFO:     #10 chat/completions (stream): 927 prompt tokens ·
                       temperature: 0, greedy (req), max_tokens: 165 (req),
                       min_tokens: 165 (req)
21:26:10.836 INFO:     #10 chat/completions (stream): 165 tokens generated at
                       318.0 T/s · prompt 927 tokens, none cached, 927 new in
                       0.38 s (2,439 T/s) · first token 0.39 s, total 0.90 s ·
                       draft 115/150 accepted (77%) · max_tokens reached
21:26:10.838 INFO:     #11 chat/completions (stream): 133 prompt tokens ·
                       temperature: 0, greedy (req), max_tokens: 188 (req),
                       min_tokens: 188 (req)
21:26:11.657 INFO:     #11 chat/completions (stream): 188 tokens generated at
                       268.3 T/s · prompt 133 tokens, none cached, 133 new in
                       0.11 s · first token 0.12 s, total 0.82 s · draft 121/201
                       accepted (60%) · max_tokens reached
21:26:11.660 INFO:     #12 chat/completions (stream): 218 prompt tokens ·
                       temperature: 0, greedy (req), max_tokens: 783 (req),
                       min_tokens: 783 (req)
21:26:14.816 INFO:     #12 chat/completions (stream): 783 tokens generated at
                       257.8 T/s · prompt 218 tokens, none cached, 218 new in
                       0.11 s · first token 0.12 s, total 3.15 s · draft 489/882
                       accepted (55%) · max_tokens reached
21:26:14.819 INFO:     #13 chat/completions (stream): 291 prompt tokens ·
                       temperature: 0, greedy (req), max_tokens: 400 (req),
                       min_tokens: 400 (req)
21:26:16.383 INFO:     #13 chat/completions (stream): 400 tokens generated at
                       296.6 T/s · prompt 291 tokens, none cached, 291 new in
                       0.21 s (1,386 T/s) · first token 0.22 s, total 1.56 s ·
                       draft 270/390 accepted (69%) · max_tokens reached
21:26:16.385 INFO:     #14 chat/completions (stream): 57 prompt tokens ·
                       temperature: 0, greedy (req), max_tokens: 275 (req),
                       min_tokens: 275 (req)
21:26:17.570 INFO:     #14 chat/completions (stream): 275 tokens generated at
                       248.0 T/s · prompt 57 tokens, none cached, 57 new in 0.07
                       s · first token 0.08 s, total 1.18 s · draft 168/321
                       accepted (52%) · max_tokens reached
21:26:17.572 INFO:     #16 chat/completions (stream): 343 prompt tokens ·
                       temperature: 0, greedy (req), max_tokens: 41 (req),
                       min_tokens: 41 (req)
21:26:18.002 INFO:     #16 chat/completions (stream): 41 tokens generated at
                       211.9 T/s · prompt 343 tokens, none cached, 343 new in
                       0.23 s (1,491 T/s) · first token 0.24 s, total 0.43 s ·
                       draft 22/57 accepted (39%) · max_tokens reached
21:26:18.005 INFO:     #17 chat/completions (stream): 234 prompt tokens ·
                       temperature: 0, greedy (req), max_tokens: 536 (req),
                       min_tokens: 536 (req)
21:26:20.214 INFO:     #17 chat/completions (stream): 536 tokens generated at
                       256.9 T/s · prompt 234 tokens, none cached, 234 new in
                       0.12 s · first token 0.13 s, total 2.21 s · draft 335/603
                       accepted (56%) · max_tokens reached
21:26:20.216 INFO:     #18 chat/completions (stream): 75 prompt tokens ·
                       temperature: 0, greedy (req), max_tokens: 234 (req),
                       min_tokens: 234 (req)
21:26:21.127 INFO:     #18 chat/completions (stream): 234 tokens generated at
                       283.8 T/s · prompt 75 tokens, none cached, 75 new in 0.08
                       s · first token 0.09 s, total 0.91 s · draft 154/240
                       accepted (64%) · max_tokens reached
21:26:21.129 INFO:     #19 chat/completions (stream): 256 prompt tokens ·
                       temperature: 0, greedy (req), max_tokens: 85 (req),
                       min_tokens: 85 (req)
21:26:21.564 INFO:     #19 chat/completions (stream): 85 tokens generated at
                       278.2 T/s · prompt 256 tokens, none cached, 256 new in
                       0.12 s (2,133 T/s) · first token 0.13 s, total 0.43 s ·
                       draft 55/90 accepted (61%) · max_tokens reached
21:26:21.566 INFO:     #20 chat/completions (stream): 292 prompt tokens ·
                       temperature: 0, greedy (req), max_tokens: 46 (req),
                       min_tokens: 46 (req)
21:26:21.937 INFO:     #20 chat/completions (stream): 46 tokens generated at
                       264.6 T/s · prompt 292 tokens, none cached, 292 new in
                       0.19 s (1,537 T/s) · first token 0.20 s, total 0.37 s ·
                       draft 29/51 accepted (57%) · max_tokens reached
21:26:21.939 INFO:     #21 chat/completions (stream): 68 prompt tokens ·
                       temperature: 0, greedy (req), max_tokens: 335 (req),
                       min_tokens: 335 (req)
21:26:23.656 INFO:     #21 chat/completions (stream): 335 tokens generated at
                       205.0 T/s · prompt 68 tokens, none cached, 68 new in 0.08
                       s · first token 0.08 s, total 1.72 s · draft 175/480
                       accepted (36%) · max_tokens reached
21:26:23.659 INFO:     #22 chat/completions (stream): 183 prompt tokens ·
                       temperature: 0, greedy (req), max_tokens: 818 (req),
                       min_tokens: 818 (req)
21:26:26.883 INFO:     #22 chat/completions (stream): 818 tokens generated at
                       262.5 T/s · prompt 183 tokens, none cached, 183 new in
                       0.10 s · first token 0.11 s, total 3.22 s · draft 515/909
                       accepted (57%) · max_tokens reached
21:26:26.886 INFO:     #23 chat/completions (stream): 608 prompt tokens ·
                       temperature: 0, greedy (req), max_tokens: 12 (req),
                       min_tokens: 12 (req)
21:26:27.204 INFO:     #23 chat/completions (stream): 12 tokens generated at
                       184.0 T/s · prompt 608 tokens, none cached, 608 new in
                       0.25 s (2,432 T/s) · first token 0.26 s, total 0.32 s ·
                       draft 8/12 accepted (67%) · max_tokens reached
21:26:27.208 INFO:     #24 chat/completions (stream): 423 prompt tokens ·
                       temperature: 0, greedy (req), max_tokens: 72 (req),
                       min_tokens: 72 (req)
21:26:27.714 INFO:     #24 chat/completions (stream): 72 tokens generated at
                       269.2 T/s · prompt 423 tokens, none cached, 423 new in
                       0.23 s (1,839 T/s) · first token 0.23 s, total 0.50 s ·
                       draft 46/78 accepted (59%) · max_tokens reached
21:26:27.717 INFO:     #25 chat/completions (stream): 414 prompt tokens ·
                       temperature: 0, greedy (req), max_tokens: 8 (req),
                       min_tokens: 8 (req)
21:26:27.976 INFO:     #25 chat/completions (stream): 8 tokens generated at
                       412.9 T/s · prompt 414 tokens, none cached, 414 new in
                       0.23 s (1,800 T/s) · first token 0.24 s, total 0.25 s ·
                       draft 6/6 accepted (100%) · max_tokens reached
21:26:27.978 INFO:     #26 chat/completions (stream): 69 prompt tokens ·
                       temperature: 0, greedy (req), max_tokens: 58 (req),
                       min_tokens: 58 (req)
21:26:28.275 INFO:     #26 chat/completions (stream): 58 tokens generated at
                       272.7 T/s · prompt 69 tokens, none cached, 69 new in 0.08
                       s · first token 0.08 s, total 0.30 s · draft 38/60
                       accepted (63%) · max_tokens reached
21:26:28.277 INFO:     #27 chat/completions (stream): 352 prompt tokens ·
                       temperature: 0, greedy (req), max_tokens: 38 (req),
                       min_tokens: 38 (req)
21:26:28.653 INFO:     #27 chat/completions (stream): 38 tokens generated at
                       264.6 T/s · prompt 352 tokens, none cached, 352 new in
                       0.23 s (1,530 T/s) · first token 0.23 s, total 0.38 s ·
                       draft 24/42 accepted (57%) · max_tokens reached
21:26:28.655 INFO:     #28 chat/completions (stream): 58 prompt tokens ·
                       temperature: 0, greedy (req), max_tokens: 306 (req),
                       min_tokens: 306 (req)
21:26:30.160 INFO:     #28 chat/completions (stream): 306 tokens generated at
                       214.1 T/s · prompt 58 tokens, none cached, 58 new in 0.07
                       s · first token 0.08 s, total 1.50 s · draft 165/423
                       accepted (39%) · max_tokens reached
21:26:30.162 INFO:     #29 chat/completions (stream): 63 prompt tokens ·
                       temperature: 0, greedy (req), max_tokens: 286 (req),
                       min_tokens: 286 (req)
21:26:31.300 INFO:     #29 chat/completions (stream): 286 tokens generated at
                       275.7 T/s · prompt 63 tokens, none cached, 63 new in 0.09
                       s · first token 0.10 s, total 1.13 s · draft 185/303
                       accepted (61%) · max_tokens reached
21:26:31.303 INFO:     #30 chat/completions (stream): 498 prompt tokens ·
                       temperature: 0, greedy (req), max_tokens: 30 (req),
                       min_tokens: 30 (req)
21:26:31.674 INFO:     #30 chat/completions (stream): 30 tokens generated at
                       267.1 T/s · prompt 498 tokens, none cached, 498 new in
                       0.25 s (1,992 T/s) · first token 0.26 s, total 0.37 s ·
                       draft 19/33 accepted (58%) · max_tokens reached
21:26:31.676 INFO:     #31 chat/completions (stream): 235 prompt tokens ·
                       temperature: 0, greedy (req), max_tokens: 47 (req),
                       min_tokens: 47 (req)
21:26:31.995 INFO:     #31 chat/completions (stream): 47 tokens generated at
                       238.7 T/s · prompt 235 tokens, none cached, 235 new in
                       0.12 s · first token 0.13 s, total 0.32 s · draft 28/57
                       accepted (49%) · max_tokens reached
21:26:31.999 INFO:     #33 chat/completions (stream): 927 prompt tokens ·
                       temperature: 0, greedy (req), max_tokens: 333 (req),
                       min_tokens: 333 (req)
21:26:33.685 INFO:     #33 chat/completions (stream): 333 tokens generated at
                       243.9 T/s · prompt 927 tokens, none cached, 927 new in
                       0.31 s (2,990 T/s) · first token 0.31 s, total 1.68 s ·
                       draft 201/396 accepted (51%) · max_tokens reached
21:26:33.688 INFO:     #34 chat/completions (stream): 303 prompt tokens ·
                       temperature: 0, greedy (req), max_tokens: 89 (req),
                       min_tokens: 89 (req)
21:26:34.263 INFO:     #34 chat/completions (stream): 89 tokens generated at
                       241.7 T/s · prompt 303 tokens, none cached, 303 new in
                       0.20 s (1,515 T/s) · first token 0.21 s, total 0.57 s ·
                       draft 54/105 accepted (51%) · max_tokens reached
21:26:34.266 INFO:     #35 chat/completions (stream): 413 prompt tokens ·
                       temperature: 0, greedy (req), max_tokens: 8 (req),
                       min_tokens: 8 (req)
21:26:34.526 INFO:     #35 chat/completions (stream): 8 tokens generated at
                       268.8 T/s · prompt 413 tokens, none cached, 413 new in
                       0.22 s (1,877 T/s) · first token 0.23 s, total 0.25 s ·
                       draft 5/9 accepted (56%) · max_tokens reached
21:26:34.529 INFO:     #36 chat/completions (stream): 206 prompt tokens ·
                       temperature: 0, greedy (req), max_tokens: 271 (req),
                       min_tokens: 271 (req)
21:26:35.644 INFO:     #36 chat/completions (stream): 271 tokens generated at
                       273.0 T/s · prompt 206 tokens, none cached, 206 new in
                       0.12 s · first token 0.13 s, total 1.12 s · draft 175/288
                       accepted (61%) · max_tokens reached
21:26:35.647 INFO:     #37 chat/completions (stream): 180 prompt tokens ·
                       temperature: 0, greedy (req), max_tokens: 20 (req),
                       min_tokens: 20 (req)
21:26:35.818 INFO:     #37 chat/completions (stream): 20 tokens generated at
                       323.6 T/s · prompt 180 tokens, none cached, 180 new in
                       0.10 s · first token 0.11 s, total 0.17 s · draft 14/18
                       accepted (78%) · max_tokens reached
21:26:35.822 INFO:     #38 chat/completions (stream): 509 prompt tokens ·
                       temperature: 0, greedy (req), max_tokens: 22 (req),
                       min_tokens: 22 (req)
21:26:36.168 INFO:     #38 chat/completions (stream): 22 tokens generated at
                       266.4 T/s · prompt 509 tokens, none cached, 509 new in
                       0.26 s (1,958 T/s) · first token 0.27 s, total 0.35 s ·
                       draft 14/24 accepted (58%) · max_tokens reached
21:26:36.171 INFO:     #39 chat/completions (stream): 330 prompt tokens ·
                       temperature: 0, greedy (req), max_tokens: 19 (req),
                       min_tokens: 19 (req)
21:26:36.478 INFO:     #39 chat/completions (stream): 19 tokens generated at
                       265.1 T/s · prompt 330 tokens, none cached, 330 new in
                       0.23 s (1,435 T/s) · first token 0.23 s, total 0.31 s ·
                       draft 12/21 accepted (57%) · max_tokens reached
21:26:36.481 INFO:     #40 chat/completions (stream): 386 prompt tokens ·
                       temperature: 0, greedy (req), max_tokens: 26 (req),
                       min_tokens: 26 (req)
21:26:36.828 INFO:     #40 chat/completions (stream): 26 tokens generated at
                       256.3 T/s · prompt 386 tokens, none cached, 386 new in
                       0.24 s (1,608 T/s) · first token 0.25 s, total 0.35 s ·
                       draft 16/30 accepted (53%) · max_tokens reached
21:26:36.831 INFO:     #41 chat/completions (stream): 100 prompt tokens ·
                       temperature: 0, greedy (req), max_tokens: 136 (req),
                       min_tokens: 136 (req)
21:26:37.456 INFO:     #41 chat/completions (stream): 136 tokens generated at
                       259.4 T/s · prompt 100 tokens, none cached, 100 new in
                       0.09 s · first token 0.10 s, total 0.62 s · draft 86/150
                       accepted (57%) · max_tokens reached
21:26:37.458 INFO:     #42 chat/completions (stream): 76 prompt tokens ·
                       temperature: 0, greedy (req), max_tokens: 401 (req),
                       min_tokens: 401 (req)
21:26:39.182 INFO:     #42 chat/completions (stream): 401 tokens generated at
                       245.1 T/s · prompt 76 tokens, none cached, 76 new in 0.08
                       s · first token 0.09 s, total 1.72 s · draft 241/480
                       accepted (50%) · max_tokens reached
21:26:39.184 INFO:     #43 chat/completions (stream): 62 prompt tokens ·
                       temperature: 0, greedy (req), max_tokens: 155 (req),
                       min_tokens: 155 (req)
21:26:39.864 INFO:     #43 chat/completions (stream): 155 tokens generated at
                       258.3 T/s · prompt 62 tokens, none cached, 62 new in 0.07
                       s · first token 0.08 s, total 0.68 s · draft 96/177
                       accepted (54%) · max_tokens reached
21:26:39.866 INFO:     #44 chat/completions (stream): 73 prompt tokens ·
                       temperature: 0, greedy (req), max_tokens: 222 (req),
                       min_tokens: 222 (req)
21:26:40.819 INFO:     #44 chat/completions (stream): 222 tokens generated at
                       256.2 T/s · prompt 73 tokens, none cached, 73 new in 0.08
                       s · first token 0.09 s, total 0.95 s · draft 138/252
                       accepted (55%) · max_tokens reached
21:26:40.821 INFO:     #45 chat/completions (stream): 194 prompt tokens ·
                       temperature: 0, greedy (req), max_tokens: 201 (req),
                       min_tokens: 201 (req)
21:26:41.627 INFO:     #45 chat/completions (stream): 201 tokens generated at
                       290.4 T/s · prompt 194 tokens, none cached, 194 new in
                       0.11 s · first token 0.12 s, total 0.81 s · draft 134/201
                       accepted (67%) · max_tokens reached
21:26:41.630 INFO:     #46 chat/completions (stream): 656 prompt tokens ·
                       temperature: 0, greedy (req), max_tokens: 595 (req),
                       min_tokens: 595 (req)
21:26:43.615 INFO:     #46 chat/completions (stream): 595 tokens generated at
                       350.4 T/s · prompt 656 tokens, none cached, 656 new in
                       0.28 s (2,343 T/s) · first token 0.29 s, total 1.98 s ·
                       draft 434/483 accepted (90%) · max_tokens reached
21:26:43.617 INFO:     #47 chat/completions (stream): 73 prompt tokens ·
                       temperature: 0, greedy (req), max_tokens: 664 (req),
                       min_tokens: 664 (req)
21:26:46.281 INFO:     #47 chat/completions (stream): 664 tokens generated at
                       257.6 T/s · prompt 73 tokens, none cached, 73 new in 0.08
                       s · first token 0.09 s, total 2.66 s · draft 413/753
                       accepted (55%) · max_tokens reached
21:26:46.283 INFO:     #48 chat/completions (stream): 85 prompt tokens ·
                       temperature: 0, greedy (req), max_tokens: 50 (req),
                       min_tokens: 50 (req)
21:26:46.521 INFO:     #48 chat/completions (stream): 50 tokens generated at
                       346.6 T/s · prompt 85 tokens, none cached, 85 new in 0.09
                       s · first token 0.10 s, total 0.24 s · draft 36/42
                       accepted (86%) · max_tokens reached
21:26:46.523 INFO:     #49 chat/completions (stream): 75 prompt tokens ·
                       temperature: 0, greedy (req), max_tokens: 202 (req),
                       min_tokens: 202 (req)
21:26:47.384 INFO:     #49 chat/completions (stream): 202 tokens generated at
                       260.2 T/s · prompt 75 tokens, none cached, 75 new in 0.08
                       s · first token 0.09 s, total 0.86 s · draft 126/228
                       accepted (55%) · max_tokens reached
21:26:47.386 INFO:     #51 chat/completions (stream): 87 prompt tokens ·
                       temperature: 0, greedy (req), max_tokens: 683 (req),
                       min_tokens: 683 (req)
21:26:50.394 INFO:     #51 chat/completions (stream): 683 tokens generated at
                       234.2 T/s · prompt 87 tokens, none cached, 87 new in 0.09
                       s · first token 0.10 s, total 3.01 s · draft 401/846
                       accepted (47%) · max_tokens reached
21:26:50.397 INFO:     #52 chat/completions (stream): 796 prompt tokens ·
                       temperature: 0, greedy (req), max_tokens: 13 (req),
                       min_tokens: 13 (req)
21:26:50.662 INFO:     #52 chat/completions (stream): 13 tokens generated at
                       317.5 T/s · prompt 796 tokens, none cached, 796 new in
                       0.22 s (3,618 T/s) · first token 0.23 s, total 0.27 s ·
                       draft 9/12 accepted (75%) · max_tokens reached
21:26:50.666 INFO:     #53 chat/completions (stream): 349 prompt tokens ·
                       temperature: 0, greedy (req), max_tokens: 70 (req),
                       min_tokens: 70 (req)
21:26:51.183 INFO:     #53 chat/completions (stream): 70 tokens generated at
                       240.9 T/s · prompt 349 tokens, none cached, 349 new in
                       0.22 s (1,586 T/s) · first token 0.23 s, total 0.52 s ·
                       draft 42/84 accepted (50%) · max_tokens reached
21:26:51.186 INFO:     #54 chat/completions (stream): 345 prompt tokens ·
                       temperature: 0, greedy (req), max_tokens: 18 (req),
                       min_tokens: 18 (req)
21:26:51.489 INFO:     #54 chat/completions (stream): 18 tokens generated at
                       250.8 T/s · prompt 345 tokens, none cached, 345 new in
                       0.22 s (1,568 T/s) · first token 0.23 s, total 0.30 s ·
                       draft 11/21 accepted (52%) · max_tokens reached
21:26:51.492 INFO:     #55 chat/completions (stream): 353 prompt tokens ·
                       temperature: 0, greedy (req), max_tokens: 52 (req),
                       min_tokens: 52 (req)
21:26:51.890 INFO:     #55 chat/completions (stream): 52 tokens generated at
                       316.2 T/s · prompt 353 tokens, none cached, 353 new in
                       0.23 s (1,535 T/s) · first token 0.23 s, total 0.40 s ·
                       draft 36/48 accepted (75%) · max_tokens reached
21:26:51.893 INFO:     #56 chat/completions (stream): 75 prompt tokens ·
                       temperature: 0, greedy (req), max_tokens: 218 (req),
                       min_tokens: 218 (req)
21:26:52.687 INFO:     #56 chat/completions (stream): 218 tokens generated at
                       308.2 T/s · prompt 75 tokens, none cached, 75 new in 0.08
                       s · first token 0.09 s, total 0.79 s · draft 149/207
                       accepted (72%) · max_tokens reached
21:26:52.690 INFO:     #57 chat/completions (stream): 786 prompt tokens ·
                       temperature: 0, greedy (req), max_tokens: 792 (req),
                       min_tokens: 792 (req)
21:26:55.847 INFO:     #57 chat/completions (stream): 792 tokens generated at
                       270.7 T/s · prompt 786 tokens, none cached, 786 new in
                       0.22 s (3,573 T/s) · first token 0.23 s, total 3.15 s ·
                       draft 500/876 accepted (57%) · max_tokens reached
21:26:55.849 INFO:     #58 chat/completions (stream): 95 prompt tokens ·
                       temperature: 0, greedy (req), max_tokens: 25 (req),
                       min_tokens: 25 (req)
21:26:56.012 INFO:     #58 chat/completions (stream): 25 tokens generated at
                       367.7 T/s · prompt 95 tokens, none cached, 95 new in 0.09
                       s · first token 0.10 s, total 0.16 s · draft 18/21
                       accepted (86%) · max_tokens reached
21:26:56.014 INFO:     #59 chat/completions (stream): 477 prompt tokens ·
                       temperature: 0, greedy (req), max_tokens: 7 (req),
                       min_tokens: 7 (req)
21:26:56.331 INFO:     #59 chat/completions (stream): 7 tokens generated at
                       360.5 T/s · prompt 477 tokens, none cached, 477 new in
                       0.29 s (1,645 T/s) · first token 0.29 s, total 0.31 s ·
                       draft 5/6 accepted (83%) · max_tokens reached
21:26:56.334 INFO:     #60 chat/completions (stream): 238 prompt tokens ·
                       temperature: 0, greedy (req), max_tokens: 23 (req),
                       min_tokens: 23 (req)
21:26:56.515 INFO:     #60 chat/completions (stream): 23 tokens generated at
                       392.9 T/s · prompt 238 tokens, none cached, 238 new in
                       0.12 s · first token 0.13 s, total 0.18 s · draft 17/18
                       accepted (94%) · max_tokens reached
21:26:56.517 INFO:     #61 chat/completions (stream): 62 prompt tokens ·
                       temperature: 0, greedy (req), max_tokens: 408 (req),
                       min_tokens: 408 (req)
21:26:58.103 INFO:     #61 chat/completions (stream): 408 tokens generated at
                       270.5 T/s · prompt 62 tokens, none cached, 62 new in 0.07
                       s · first token 0.07 s, total 1.58 s · draft 257/453
                       accepted (57%) · max_tokens reached
21:26:58.106 INFO:     #62 chat/completions (stream): 507 prompt tokens ·
                       temperature: 0, greedy (req), max_tokens: 8 (req),
                       min_tokens: 8 (req)
21:26:58.390 INFO:     #62 chat/completions (stream): 8 tokens generated at
                       266.6 T/s · prompt 507 tokens, none cached, 507 new in
                       0.25 s (2,028 T/s) · first token 0.26 s, total 0.29 s ·
                       draft 5/9 accepted (56%) · max_tokens reached
21:26:58.393 INFO:     #63 chat/completions (stream): 151 prompt tokens ·
                       temperature: 0, greedy (req), max_tokens: 7 (req),
                       min_tokens: 7 (req)
21:26:58.509 INFO:     #63 chat/completions (stream): 7 tokens generated at
                       367.2 T/s · prompt 151 tokens, none cached, 151 new in
                       0.09 s · first token 0.09 s, total 0.11 s · draft 5/6
                       accepted (83%) · max_tokens reached
21:26:58.511 INFO:     #64 chat/completions (stream): 92 prompt tokens ·
                       temperature: 0, greedy (req), max_tokens: 171 (req),
                       min_tokens: 171 (req)
21:26:59.301 INFO:     #64 chat/completions (stream): 171 tokens generated at
                       246.2 T/s · prompt 92 tokens, none cached, 92 new in 0.09
                       s · first token 0.09 s, total 0.79 s · draft 102/207
                       accepted (49%) · max_tokens reached
21:26:59.304 INFO:     #65 chat/completions (stream): 534 prompt tokens ·
                       temperature: 0, greedy (req), max_tokens: 59 (req),
                       min_tokens: 59 (req)
21:26:59.712 INFO:     #65 chat/completions (stream): 59 tokens generated at
                       263.3 T/s · prompt 534 tokens, none cached, 534 new in
                       0.18 s (2,967 T/s) · first token 0.19 s, total 0.41 s ·
                       draft 36/69 accepted (52%) · max_tokens reached
21:26:59.715 INFO:     #66 chat/completions (stream): 63 prompt tokens ·
                       temperature: 0, greedy (req), max_tokens: 327 (req),
                       min_tokens: 327 (req)
21:27:01.073 INFO:     #66 chat/completions (stream): 327 tokens generated at
                       255.0 T/s · prompt 63 tokens, none cached, 63 new in 0.07
                       s · first token 0.08 s, total 1.36 s · draft 199/384
                       accepted (52%) · max_tokens reached
21:27:01.075 INFO:     #67 chat/completions (stream): 58 prompt tokens ·
                       temperature: 0, greedy (req), max_tokens: 312 (req),
                       min_tokens: 312 (req)
21:27:02.269 INFO:     #67 chat/completions (stream): 312 tokens generated at
                       278.8 T/s · prompt 58 tokens, none cached, 58 new in 0.07
                       s · first token 0.08 s, total 1.19 s · draft 201/333
                       accepted (60%) · max_tokens reached
21:27:02.272 INFO:     #69 chat/completions (stream): 253 prompt tokens ·
                       temperature: 0, greedy (req), max_tokens: 227 (req),
                       min_tokens: 227 (req)
21:27:03.336 INFO:     #69 chat/completions (stream): 227 tokens generated at
                       242.1 T/s · prompt 253 tokens, none cached, 253 new in
                       0.12 s · first token 0.13 s, total 1.06 s · draft 134/279
                       accepted (48%) · max_tokens reached
21:27:03.338 INFO:     #70 chat/completions (stream): 328 prompt tokens ·
                       temperature: 0, greedy (req), max_tokens: 161 (req),
                       min_tokens: 161 (req)
21:27:04.219 INFO:     #70 chat/completions (stream): 161 tokens generated at
                       242.4 T/s · prompt 328 tokens, none cached, 328 new in
                       0.21 s (1,562 T/s) · first token 0.22 s, total 0.88 s ·
                       draft 95/198 accepted (48%) · max_tokens reached
21:27:04.221 INFO:     #71 chat/completions (stream): 62 prompt tokens ·
                       temperature: 0, greedy (req), max_tokens: 158 (req),
                       min_tokens: 158 (req)
21:27:04.933 INFO:     #71 chat/completions (stream): 158 tokens generated at
                       249.0 T/s · prompt 62 tokens, none cached, 62 new in 0.07
                       s · first token 0.08 s, total 0.71 s · draft 94/192
                       accepted (49%) · max_tokens reached
21:27:04.936 INFO:     #72 chat/completions (stream): 450 prompt tokens ·
                       temperature: 0, greedy (req), max_tokens: 172 (req),
                       min_tokens: 172 (req)
21:27:05.836 INFO:     #72 chat/completions (stream): 172 tokens generated at
                       264.8 T/s · prompt 450 tokens, none cached, 450 new in
                       0.24 s (1,875 T/s) · first token 0.25 s, total 0.89 s ·
                       draft 107/195 accepted (55%) · max_tokens reached
21:27:05.840 INFO:     #73 chat/completions (stream): 840 prompt tokens ·
                       temperature: 0, greedy (req), max_tokens: 16 (req),
                       min_tokens: 16 (req)
21:27:06.258 INFO:     #73 chat/completions (stream): 16 tokens generated at
                       132.6 T/s · prompt 840 tokens, none cached, 840 new in
                       0.29 s (2,897 T/s) · first token 0.30 s, total 0.42 s ·
                       draft 8/24 accepted (33%) · max_tokens reached
21:27:06.260 INFO:     #74 chat/completions (stream): 63 prompt tokens ·
                       temperature: 0, greedy (req), max_tokens: 373 (req),
                       min_tokens: 373 (req)
21:27:07.660 INFO:     #74 chat/completions (stream): 373 tokens generated at
                       282.2 T/s · prompt 63 tokens, none cached, 63 new in 0.07
                       s · first token 0.08 s, total 1.40 s · draft 240/399
                       accepted (60%) · max_tokens reached
21:27:07.663 INFO:     #75 chat/completions (stream): 63 prompt tokens ·
                       temperature: 0, greedy (req), max_tokens: 361 (req),
                       min_tokens: 361 (req)
21:27:09.165 INFO:     #75 chat/completions (stream): 361 tokens generated at
                       253.4 T/s · prompt 63 tokens, none cached, 63 new in 0.07
                       s · first token 0.08 s, total 1.50 s · draft 218/429
                       accepted (51%) · max_tokens reached
21:27:09.167 INFO:     #76 chat/completions (stream): 64 prompt tokens ·
                       temperature: 0, greedy (req), max_tokens: 400 (req),
                       min_tokens: 400 (req)
21:27:11.005 INFO:     #76 chat/completions (stream): 400 tokens generated at
                       229.3 T/s · prompt 64 tokens, none cached, 64 new in 0.09
                       s · first token 0.10 s, total 1.84 s · draft 224/528
                       accepted (42%) · max_tokens reached
21:27:11.009 INFO:     #77 chat/completions (stream): 677 prompt tokens ·
                       temperature: 0, greedy (req), max_tokens: 6 (req),
                       min_tokens: 6 (req)
21:27:11.342 INFO:     #77 chat/completions (stream): 6 tokens generated at
                       316.5 T/s · prompt 677 tokens, none cached, 677 new in
                       0.31 s (2,184 T/s) · first token 0.32 s, total 0.33 s ·
                       draft 4/6 accepted (67%) · max_tokens reached
21:27:11.345 INFO:     #78 chat/completions (stream): 114 prompt tokens ·
                       temperature: 0, greedy (req), max_tokens: 443 (req),
                       min_tokens: 443 (req)
21:27:13.199 INFO:     #78 chat/completions (stream): 443 tokens generated at
                       253.2 T/s · prompt 114 tokens, none cached, 114 new in
                       0.10 s · first token 0.10 s, total 1.85 s · draft 268/525
                       accepted (51%) · max_tokens reached
21:27:13.203 INFO:     #79 chat/completions (stream): 739 prompt tokens ·
                       temperature: 0, greedy (req), max_tokens: 620 (req),
                       min_tokens: 620 (req)
21:27:16.027 INFO:     #79 chat/completions (stream): 620 tokens generated at
                       244.8 T/s · prompt 739 tokens, none cached, 739 new in
                       0.28 s (2,639 T/s) · first token 0.29 s, total 2.82 s ·
                       draft 366/762 accepted (48%) · max_tokens reached
21:27:16.031 INFO:     #80 chat/completions (stream): 502 prompt tokens ·
                       temperature: 0, greedy (req), max_tokens: 8 (req),
                       min_tokens: 8 (req)
21:27:16.368 INFO:     #80 chat/completions (stream): 8 tokens generated at
                       280.5 T/s · prompt 502 tokens, none cached, 502 new in
                       0.30 s (1,673 T/s) · first token 0.31 s, total 0.33 s ·
                       draft 5/9 accepted (56%) · max_tokens reached
21:27:16.370 INFO:     #81 chat/completions (stream): 67 prompt tokens ·
                       temperature: 0, greedy (req), max_tokens: 309 (req),
                       min_tokens: 309 (req)
21:27:17.657 INFO:     #81 chat/completions (stream): 309 tokens generated at
                       256.7 T/s · prompt 67 tokens, none cached, 67 new in 0.08
                       s · first token 0.08 s, total 1.29 s · draft 189/360
                       accepted (52%) · max_tokens reached
21:27:17.661 INFO:     #83 chat/completions (stream): 684 prompt tokens ·
                       temperature: 0, greedy (req), max_tokens: 19 (req),
                       min_tokens: 19 (req)
21:27:17.991 INFO:     #83 chat/completions (stream): 19 tokens generated at
                       270.9 T/s · prompt 684 tokens, none cached, 684 new in
                       0.25 s (2,736 T/s) · first token 0.26 s, total 0.33 s ·
                       draft 12/21 accepted (57%) · max_tokens reached
21:27:17.993 INFO:     #84 chat/completions (stream): 67 prompt tokens ·
                       temperature: 0, greedy (req), max_tokens: 161 (req),
                       min_tokens: 161 (req)
21:27:18.748 INFO:     #84 chat/completions (stream): 161 tokens generated at
                       239.4 T/s · prompt 67 tokens, none cached, 67 new in 0.08
                       s · first token 0.09 s, total 0.76 s · draft 94/201
                       accepted (47%) · max_tokens reached
21:27:18.750 INFO:     #85 chat/completions (stream): 345 prompt tokens ·
                       temperature: 0, greedy (req), max_tokens: 20 (req),
                       min_tokens: 20 (req)
21:27:19.045 INFO:     #85 chat/completions (stream): 20 tokens generated at
                       287.4 T/s · prompt 345 tokens, none cached, 345 new in
                       0.22 s (1,568 T/s) · first token 0.23 s, total 0.30 s ·
                       draft 13/21 accepted (62%) · max_tokens reached
21:27:19.050 INFO:     #86 chat/completions (stream): 870 prompt tokens ·
                       temperature: 0, greedy (req), max_tokens: 44 (req),
                       min_tokens: 44 (req)
21:27:19.493 INFO:     #86 chat/completions (stream): 44 tokens generated at
                       296.6 T/s · prompt 870 tokens, none cached, 870 new in
                       0.29 s (3,000 T/s) · first token 0.30 s, total 0.44 s ·
                       draft 29/45 accepted (64%) · max_tokens reached
21:27:19.496 INFO:     #87 chat/completions (stream): 77 prompt tokens ·
                       temperature: 0, greedy (req), max_tokens: 142 (req),
                       min_tokens: 142 (req)
21:27:20.124 INFO:     #87 chat/completions (stream): 142 tokens generated at
                       261.8 T/s · prompt 77 tokens, none cached, 77 new in 0.08
                       s · first token 0.09 s, total 0.63 s · draft 87/165
                       accepted (53%) · max_tokens reached
21:27:20.126 INFO:     #88 chat/completions (stream): 116 prompt tokens ·
                       temperature: 0, greedy (req), max_tokens: 79 (req),
                       min_tokens: 79 (req)
21:27:20.444 INFO:     #88 chat/completions (stream): 79 tokens generated at
                       372.4 T/s · prompt 116 tokens, none cached, 116 new in
                       0.10 s · first token 0.10 s, total 0.32 s · draft 58/63
                       accepted (92%) · max_tokens reached
21:27:20.446 INFO:     #89 chat/completions (stream): 121 prompt tokens ·
                       temperature: 0, greedy (req), max_tokens: 9 (req),
                       min_tokens: 9 (req)
21:27:20.593 INFO:     #89 chat/completions (stream): 9 tokens generated at
                       226.6 T/s · prompt 121 tokens, none cached, 121 new in
                       0.10 s · first token 0.11 s, total 0.14 s · draft 5/12
                       accepted (42%) · max_tokens reached
21:27:20.595 INFO:     #90 chat/completions (stream): 188 prompt tokens ·
                       temperature: 0, greedy (req), max_tokens: 337 (req),
                       min_tokens: 337 (req)
21:27:21.938 INFO:     #90 chat/completions (stream): 337 tokens generated at
                       272.8 T/s · prompt 188 tokens, none cached, 188 new in
                       0.10 s · first token 0.10 s, total 1.34 s · draft 213/372
                       accepted (57%) · max_tokens reached
21:27:21.941 INFO:     #91 chat/completions (stream): 546 prompt tokens ·
                       temperature: 0, greedy (req), max_tokens: 16 (req),
                       min_tokens: 16 (req)
21:27:22.214 INFO:     #91 chat/completions (stream): 16 tokens generated at
                       323.1 T/s · prompt 546 tokens, none cached, 546 new in
                       0.22 s (2,482 T/s) · first token 0.23 s, total 0.27 s ·
                       draft 11/15 accepted (73%) · max_tokens reached
21:27:22.217 INFO:     #92 chat/completions (stream): 346 prompt tokens ·
                       temperature: 0, greedy (req), max_tokens: 18 (req),
                       min_tokens: 18 (req)
21:27:22.499 INFO:     #92 chat/completions (stream): 18 tokens generated at
                       303.2 T/s · prompt 346 tokens, none cached, 346 new in
                       0.21 s (1,648 T/s) · first token 0.22 s, total 0.28 s ·
                       draft 12/18 accepted (67%) · max_tokens reached
21:27:22.502 INFO:     #93 chat/completions (stream): 399 prompt tokens ·
                       temperature: 0, greedy (req), max_tokens: 350 (req),
                       min_tokens: 350 (req)
21:27:24.040 INFO:     #93 chat/completions (stream): 350 tokens generated at
                       271.7 T/s · prompt 399 tokens, none cached, 399 new in
                       0.24 s (1,662 T/s) · first token 0.25 s, total 1.53 s ·
                       draft 221/387 accepted (57%) · max_tokens reached
21:27:24.044 INFO:     #94 chat/completions (stream): 832 prompt tokens ·
                       temperature: 0, greedy (req), max_tokens: 25 (req),
                       min_tokens: 25 (req)
21:27:24.407 INFO:     #94 chat/completions (stream): 25 tokens generated at
                       318.8 T/s · prompt 832 tokens, none cached, 832 new in
                       0.27 s (3,081 T/s) · first token 0.28 s, total 0.35 s ·
                       draft 17/24 accepted (71%) · max_tokens reached
21:27:24.409 INFO:     #95 chat/completions (stream): 62 prompt tokens ·
                       temperature: 0, greedy (req), max_tokens: 163 (req),
                       min_tokens: 163 (req)
21:27:25.107 INFO:     #95 chat/completions (stream): 163 tokens generated at
                       262.4 T/s · prompt 62 tokens, none cached, 62 new in 0.07
                       s · first token 0.08 s, total 0.70 s · draft 100/189
                       accepted (53%) · max_tokens reached
21:27:25.111 INFO:     #96 chat/completions (stream): 794 prompt tokens ·
                       temperature: 0, greedy (req), max_tokens: 12 (req),
                       min_tokens: 12 (req)
21:27:25.383 INFO:     #96 chat/completions (stream): 12 tokens generated at
                       305.9 T/s · prompt 794 tokens, none cached, 794 new in
                       0.23 s (3,452 T/s) · first token 0.23 s, total 0.27 s ·
                       draft 8/12 accepted (67%) · max_tokens reached
21:27:25.386 INFO:     #97 chat/completions (stream): 489 prompt tokens ·
                       temperature: 0, greedy (req), max_tokens: 32 (req),
                       min_tokens: 32 (req)
21:27:25.746 INFO:     #97 chat/completions (stream): 32 tokens generated at
                       290.8 T/s · prompt 489 tokens, none cached, 489 new in
                       0.24 s (2,038 T/s) · first token 0.25 s, total 0.36 s ·
                       draft 21/33 accepted (64%) · max_tokens reached
21:27:25.748 INFO:     #98 chat/completions (stream): 378 prompt tokens ·
                       temperature: 0, greedy (req), max_tokens: 447 (req),
                       min_tokens: 447 (req)
21:27:27.815 INFO:     #98 chat/completions (stream): 447 tokens generated at
                       244.9 T/s · prompt 378 tokens, none cached, 378 new in
                       0.23 s (1,643 T/s) · first token 0.24 s, total 2.06 s ·
                       draft 265/546 accepted (49%) · max_tokens reached
21:27:27.817 INFO:     #99 chat/completions (stream): 72 prompt tokens ·
                       temperature: 0, greedy (req), max_tokens: 731 (req),
                       min_tokens: 731 (req)
21:27:30.998 INFO:     #99 chat/completions (stream): 731 tokens generated at
                       236.1 T/s · prompt 72 tokens, none cached, 72 new in 0.08
                       s · first token 0.09 s, total 3.18 s · draft 422/927
                       accepted (46%) · max_tokens reached
21:27:31.000 INFO:     #100 chat/completions (stream): 76 prompt tokens ·
                       temperature: 0, greedy (req), max_tokens: 393 (req),
                       min_tokens: 393 (req)
21:27:32.466 INFO:     #100 chat/completions (stream): 393 tokens generated at
                       284.7 T/s · prompt 76 tokens, none cached, 76 new in 0.08
                       s · first token 0.09 s, total 1.47 s · draft 256/411
                       accepted (62%) · max_tokens reached
21:27:32.469 INFO:     #102 chat/completions (stream): 60 prompt tokens ·
                       temperature: 0, greedy (req), max_tokens: 636 (req),
                       min_tokens: 636 (req)
21:27:34.772 INFO:     #102 chat/completions (stream): 636 tokens generated at
                       285.6 T/s · prompt 60 tokens, none cached, 60 new in 0.07
                       s · first token 0.08 s, total 2.30 s · draft 415/663
                       accepted (63%) · max_tokens reached
21:27:34.775 INFO:     #103 chat/completions (stream): 87 prompt tokens ·
                       temperature: 0, greedy (req), max_tokens: 38 (req),
                       min_tokens: 38 (req)
21:27:34.977 INFO:     #103 chat/completions (stream): 38 tokens generated at
                       349.2 T/s · prompt 87 tokens, none cached, 87 new in 0.09
                       s · first token 0.10 s, total 0.20 s · draft 27/33
                       accepted (82%) · max_tokens reached
21:27:34.980 INFO:     #104 chat/completions (stream): 132 prompt tokens ·
                       temperature: 0, greedy (req), max_tokens: 61 (req),
                       min_tokens: 61 (req)
21:27:35.256 INFO:     #104 chat/completions (stream): 61 tokens generated at
                       378.4 T/s · prompt 132 tokens, none cached, 132 new in
                       0.11 s · first token 0.12 s, total 0.28 s · draft 45/48
                       accepted (94%) · max_tokens reached
21:27:35.258 INFO:     #105 chat/completions (stream): 76 prompt tokens ·
                       temperature: 0, greedy (req), max_tokens: 411 (req),
                       min_tokens: 411 (req)
21:27:36.844 INFO:     #105 chat/completions (stream): 411 tokens generated at
                       273.8 T/s · prompt 76 tokens, none cached, 76 new in 0.08
                       s · first token 0.09 s, total 1.59 s · draft 260/453
                       accepted (57%) · max_tokens reached
21:27:36.846 INFO:     #106 chat/completions (stream): 68 prompt tokens ·
                       temperature: 0, greedy (req), max_tokens: 367 (req),
                       min_tokens: 367 (req)
21:27:38.459 INFO:     #106 chat/completions (stream): 367 tokens generated at
                       239.7 T/s · prompt 68 tokens, none cached, 68 new in 0.08
                       s · first token 0.09 s, total 1.62 s · draft 215/456
                       accepted (47%) · max_tokens reached
21:27:38.462 INFO:     #107 chat/completions (stream): 123 prompt tokens ·
                       temperature: 0, greedy (req), max_tokens: 289 (req),
                       min_tokens: 289 (req)
21:27:39.663 INFO:     #107 chat/completions (stream): 289 tokens generated at
                       264.5 T/s · prompt 123 tokens, none cached, 123 new in
                       0.10 s · first token 0.11 s, total 1.20 s · draft 180/327
                       accepted (55%) · max_tokens reached
21:27:39.666 INFO:     #108 chat/completions (stream): 101 prompt tokens ·
                       temperature: 0, greedy (req), max_tokens: 518 (req),
                       min_tokens: 518 (req)
21:27:42.043 INFO:     #108 chat/completions (stream): 518 tokens generated at
                       227.6 T/s · prompt 101 tokens, none cached, 101 new in
                       0.09 s · first token 0.10 s, total 2.37 s · draft 290/684
                       accepted (42%) · max_tokens reached
21:27:42.046 INFO:     #109 chat/completions (stream): 145 prompt tokens ·
                       temperature: 0, greedy (req), max_tokens: 144 (req),
                       min_tokens: 144 (req)
21:27:42.676 INFO:     #109 chat/completions (stream): 144 tokens generated at
                       280.5 T/s · prompt 145 tokens, none cached, 145 new in
                       0.11 s · first token 0.12 s, total 0.63 s · draft 94/150
                       accepted (63%) · max_tokens reached
21:27:42.679 INFO:     #110 chat/completions (stream): 360 prompt tokens ·
                       temperature: 0, greedy (req), max_tokens: 8 (req),
                       min_tokens: 8 (req)
21:27:42.938 INFO:     #110 chat/completions (stream): 8 tokens generated at
                       270.6 T/s · prompt 360 tokens, none cached, 360 new in
                       0.22 s (1,636 T/s) · first token 0.23 s, total 0.25 s ·
                       draft 5/9 accepted (56%) · max_tokens reached
21:27:42.941 INFO:     #111 chat/completions (stream): 469 prompt tokens ·
                       temperature: 0, greedy (req), max_tokens: 465 (req),
                       min_tokens: 465 (req)
21:27:44.855 INFO:     #111 chat/completions (stream): 465 tokens generated at
                       281.1 T/s · prompt 469 tokens, none cached, 469 new in
                       0.25 s (1,876 T/s) · first token 0.25 s, total 1.91 s ·
                       draft 301/492 accepted (61%) · max_tokens reached
21:27:44.858 INFO:     #112 chat/completions (stream): 327 prompt tokens ·
                       temperature: 0, greedy (req), max_tokens: 420 (req),
                       min_tokens: 420 (req)
21:27:46.760 INFO:     #112 chat/completions (stream): 420 tokens generated at
                       249.6 T/s · prompt 327 tokens, none cached, 327 new in
                       0.21 s (1,557 T/s) · first token 0.22 s, total 1.90 s ·
                       draft 252/504 accepted (50%) · max_tokens reached
21:27:46.762 INFO:     #113 chat/completions (stream): 93 prompt tokens ·
                       temperature: 0, greedy (req), max_tokens: 298 (req),
                       min_tokens: 298 (req)
21:27:48.022 INFO:     #113 chat/completions (stream): 298 tokens generated at
                       255.8 T/s · prompt 93 tokens, none cached, 93 new in 0.09
                       s · first token 0.10 s, total 1.26 s · draft 181/351
                       accepted (52%) · max_tokens reached
21:27:48.024 INFO:     #115 chat/completions (stream): 126 prompt tokens ·
                       temperature: 0, greedy (req), max_tokens: 325 (req),
                       min_tokens: 325 (req)
21:27:49.327 INFO:     #115 chat/completions (stream): 325 tokens generated at
                       272.3 T/s · prompt 126 tokens, none cached, 126 new in
                       0.10 s · first token 0.11 s, total 1.30 s · draft 206/357
                       accepted (58%) · max_tokens reached
21:27:49.330 INFO:     #116 chat/completions (stream): 487 prompt tokens ·
                       temperature: 0, greedy (req), max_tokens: 7 (req),
                       min_tokens: 7 (req)
21:27:49.622 INFO:     #116 chat/completions (stream): 7 tokens generated at
                       368.5 T/s · prompt 487 tokens, none cached, 487 new in
                       0.27 s (1,804 T/s) · first token 0.28 s, total 0.29 s ·
                       draft 5/6 accepted (83%) · max_tokens reached
21:27:49.624 INFO:     #117 chat/completions (stream): 334 prompt tokens ·
                       temperature: 0, greedy (req), max_tokens: 377 (req),
                       min_tokens: 377 (req)
21:27:51.317 INFO:     #117 chat/completions (stream): 377 tokens generated at
                       255.2 T/s · prompt 334 tokens, none cached, 334 new in
                       0.21 s (1,590 T/s) · first token 0.22 s, total 1.69 s ·
                       draft 230/441 accepted (52%) · max_tokens reached
21:27:51.322 INFO:     #118 chat/completions (stream): 841 prompt tokens ·
                       temperature: 0, greedy (req), max_tokens: 429 (req),
                       min_tokens: 429 (req)
21:27:53.566 INFO:     #118 chat/completions (stream): 429 tokens generated at
                       219.7 T/s · prompt 841 tokens, none cached, 841 new in
                       0.28 s (3,004 T/s) · first token 0.29 s, total 2.24 s ·
                       draft 233/588 accepted (40%) · max_tokens reached
21:27:53.569 INFO:     #119 chat/completions (stream): 57 prompt tokens ·
                       temperature: 0, greedy (req), max_tokens: 99 (req),
                       min_tokens: 99 (req)
21:27:54.001 INFO:     #119 chat/completions (stream): 99 tokens generated at
                       276.3 T/s · prompt 57 tokens, none cached, 57 new in 0.07
                       s · first token 0.08 s, total 0.43 s · draft 63/108
                       accepted (58%) · max_tokens reached
21:27:54.003 INFO:     #120 chat/completions (stream): 147 prompt tokens ·
                       temperature: 0, greedy (req), max_tokens: 30 (req),
                       min_tokens: 30 (req)
21:27:54.203 INFO:     #120 chat/completions (stream): 30 tokens generated at
                       312.7 T/s · prompt 147 tokens, none cached, 147 new in
                       0.09 s · first token 0.09 s, total 0.19 s · draft 21/27
                       accepted (78%) · max_tokens reached
21:27:54.205 INFO:     #121 chat/completions (stream): 232 prompt tokens ·
                       temperature: 0, greedy (req), max_tokens: 78 (req),
                       min_tokens: 78 (req)
21:27:54.524 INFO:     #121 chat/completions (stream): 78 tokens generated at
                       388.5 T/s · prompt 232 tokens, none cached, 232 new in
                       0.11 s · first token 0.12 s, total 0.32 s · draft 58/60
                       accepted (97%) · max_tokens reached
21:27:54.526 INFO:     #122 chat/completions (stream): 63 prompt tokens ·
                       temperature: 0, greedy (req), max_tokens: 321 (req),
                       min_tokens: 321 (req)
21:27:55.884 INFO:     #122 chat/completions (stream): 321 tokens generated at
                       251.1 T/s · prompt 63 tokens, none cached, 63 new in 0.07
                       s · first token 0.08 s, total 1.35 s · draft 194/381
                       accepted (51%) · max_tokens reached
21:27:55.886 INFO:     #123 chat/completions (stream): 78 prompt tokens ·
                       temperature: 0, greedy (req), max_tokens: 254 (req),
                       min_tokens: 254 (req)
21:27:56.960 INFO:     #123 chat/completions (stream): 254 tokens generated at
                       257.1 T/s · prompt 78 tokens, none cached, 78 new in 0.08
                       s · first token 0.09 s, total 1.07 s · draft 155/297
                       accepted (52%) · max_tokens reached
21:27:56.962 INFO:     #124 chat/completions (stream): 63 prompt tokens ·
                       temperature: 0, greedy (req), max_tokens: 194 (req),
                       min_tokens: 194 (req)
21:27:57.843 INFO:     #124 chat/completions (stream): 194 tokens generated at
                       241.7 T/s · prompt 63 tokens, none cached, 63 new in 0.07
                       s · first token 0.08 s, total 0.88 s · draft 114/240
                       accepted (48%) · max_tokens reached
21:27:57.847 INFO:     #125 chat/completions (stream): 629 prompt tokens ·
                       temperature: 0, greedy (req), max_tokens: 9 (req),
                       min_tokens: 9 (req)
21:27:58.140 INFO:     #125 chat/completions (stream): 9 tokens generated at
                       301.8 T/s · prompt 629 tokens, none cached, 629 new in
                       0.26 s (2,419 T/s) · first token 0.27 s, total 0.30 s ·
                       draft 6/9 accepted (67%) · max_tokens reached
21:27:58.143 INFO:     #126 chat/completions (stream): 57 prompt tokens ·
                       temperature: 0, greedy (req), max_tokens: 78 (req),
                       min_tokens: 78 (req)
21:27:58.553 INFO:     #126 chat/completions (stream): 78 tokens generated at
                       232.3 T/s · prompt 57 tokens, none cached, 57 new in 0.07
                       s · first token 0.07 s, total 0.41 s · draft 44/102
                       accepted (43%) · max_tokens reached
21:27:58.555 INFO:     #127 chat/completions (stream): 148 prompt tokens ·
                       temperature: 0, greedy (req), max_tokens: 15 (req),
                       min_tokens: 15 (req)
21:27:58.703 INFO:     #127 chat/completions (stream): 15 tokens generated at
                       298.3 T/s · prompt 148 tokens, none cached, 148 new in
                       0.09 s · first token 0.10 s, total 0.15 s · draft 10/15
                       accepted (67%) · max_tokens reached
21:27:58.705 INFO:     #128 chat/completions (stream): 346 prompt tokens ·
                       temperature: 0, greedy (req), max_tokens: 11 (req),
                       min_tokens: 11 (req)
21:27:58.959 INFO:     #128 chat/completions (stream): 11 tokens generated at
                       383.4 T/s · prompt 346 tokens, none cached, 346 new in
                       0.22 s (1,573 T/s) · first token 0.22 s, total 0.25 s ·
                       draft 8/9 accepted (89%) · max_tokens reached
21:27:58.961 INFO:     #129 chat/completions (stream): 74 prompt tokens ·
                       temperature: 0, greedy (req), max_tokens: 296 (req),
                       min_tokens: 296 (req)
21:28:00.366 INFO:     #129 chat/completions (stream): 296 tokens generated at
                       224.2 T/s · prompt 74 tokens, none cached, 74 new in 0.08
                       s · first token 0.08 s, total 1.41 s · draft 164/396
                       accepted (41%) · max_tokens reached
21:28:00.369 INFO:     #130 chat/completions (stream): 468 prompt tokens ·
                       temperature: 0, greedy (req), max_tokens: 17 (req),
                       min_tokens: 17 (req)
21:28:00.676 INFO:     #130 chat/completions (stream): 17 tokens generated at
                       280.7 T/s · prompt 468 tokens, none cached, 468 new in
                       0.24 s (1,950 T/s) · first token 0.25 s, total 0.31 s ·
                       draft 11/18 accepted (61%) · max_tokens reached
21:28:00.679 INFO:     #131 chat/completions (stream): 400 prompt tokens ·
                       temperature: 0, greedy (req), max_tokens: 4 (req),
                       min_tokens: 4 (req)
21:28:00.933 INFO:     #131 chat/completions (stream): 4 tokens generated at
                       432.7 T/s · prompt 400 tokens, none cached, 400 new in
                       0.24 s (1,667 T/s) · first token 0.25 s, total 0.25 s ·
                       draft 3/3 accepted (100%) · max_tokens reached
21:28:00.935 INFO:     #132 chat/completions (stream): 216 prompt tokens ·
                       temperature: 0, greedy (req), max_tokens: 30 (req),
                       min_tokens: 30 (req)
21:28:01.136 INFO:     #132 chat/completions (stream): 30 tokens generated at
                       331.2 T/s · prompt 216 tokens, none cached, 216 new in
                       0.10 s · first token 0.10 s, total 0.20 s · draft 21/27
                       accepted (78%) · max_tokens reached
21:28:01.139 INFO:     #133 chat/completions (stream): 200 prompt tokens ·
                       temperature: 0, greedy (req), max_tokens: 12 (req),
                       min_tokens: 12 (req)
21:28:01.290 INFO:     #133 chat/completions (stream): 12 tokens generated at
                       305.2 T/s · prompt 200 tokens, none cached, 200 new in
                       0.11 s · first token 0.11 s, total 0.15 s · draft 8/12
                       accepted (67%) · max_tokens reached
21:28:01.293 INFO:     #134 chat/completions (stream): 160 prompt tokens ·
                       temperature: 0, greedy (req), max_tokens: 60 (req),
                       min_tokens: 60 (req)
21:28:01.634 INFO:     #134 chat/completions (stream): 60 tokens generated at
                       250.1 T/s · prompt 160 tokens, none cached, 160 new in
                       0.10 s · first token 0.10 s, total 0.34 s · draft 36/72
                       accepted (50%) · max_tokens reached
21:28:01.637 INFO:     #135 chat/completions (stream): 572 prompt tokens ·
                       temperature: 0, greedy (req), max_tokens: 60 (req),
                       min_tokens: 60 (req)
21:28:02.093 INFO:     #135 chat/completions (stream): 60 tokens generated at
                       264.0 T/s · prompt 572 tokens, none cached, 572 new in
                       0.22 s (2,600 T/s) · first token 0.23 s, total 0.45 s ·
                       draft 37/69 accepted (54%) · max_tokens reached
21:28:02.095 INFO:     #137 chat/completions (stream): 68 prompt tokens ·
                       temperature: 0, greedy (req), max_tokens: 733 (req),
                       min_tokens: 733 (req)
21:28:05.058 INFO:     #137 chat/completions (stream): 733 tokens generated at
                       254.5 T/s · prompt 68 tokens, none cached, 68 new in 0.08
                       s · first token 0.09 s, total 2.97 s · draft 445/864
                       accepted (52%) · max_tokens reached
21:28:05.060 INFO:     #138 chat/completions (stream): 59 prompt tokens ·
                       temperature: 0, greedy (req), max_tokens: 81 (req),
                       min_tokens: 81 (req)
21:28:05.495 INFO:     #138 chat/completions (stream): 81 tokens generated at
                       226.0 T/s · prompt 59 tokens, none cached, 59 new in 0.07
                       s · first token 0.08 s, total 0.43 s · draft 45/108
                       accepted (42%) · max_tokens reached
21:28:05.498 INFO:     #139 chat/completions (stream): 694 prompt tokens ·
                       temperature: 0, greedy (req), max_tokens: 34 (req),
                       min_tokens: 34 (req)
21:28:05.858 INFO:     #139 chat/completions (stream): 34 tokens generated at
                       339.0 T/s · prompt 694 tokens, none cached, 694 new in
                       0.25 s (2,776 T/s) · first token 0.26 s, total 0.36 s ·
                       draft 24/30 accepted (80%) · max_tokens reached
21:28:05.860 INFO:     #140 chat/completions (stream): 66 prompt tokens ·
                       temperature: 0, greedy (req), max_tokens: 198 (req),
                       min_tokens: 198 (req)
21:28:06.641 INFO:     #140 chat/completions (stream): 198 tokens generated at
                       282.8 T/s · prompt 66 tokens, none cached, 66 new in 0.07
                       s · first token 0.08 s, total 0.78 s · draft 128/210
                       accepted (61%) · max_tokens reached
21:28:06.644 INFO:     #141 chat/completions (stream): 477 prompt tokens ·
                       temperature: 0, greedy (req), max_tokens: 38 (req),
                       min_tokens: 38 (req)
21:28:07.051 INFO:     #141 chat/completions (stream): 38 tokens generated at
                       238.6 T/s · prompt 477 tokens, none cached, 477 new in
                       0.24 s (1,988 T/s) · first token 0.25 s, total 0.40 s ·
                       draft 22/48 accepted (46%) · max_tokens reached
21:28:07.053 INFO:     #142 chat/completions (stream): 80 prompt tokens ·
                       temperature: 0, greedy (req), max_tokens: 49 (req),
                       min_tokens: 49 (req)
21:28:07.277 INFO:     #142 chat/completions (stream): 49 tokens generated at
                       356.8 T/s · prompt 80 tokens, none cached, 80 new in 0.08
                       s · first token 0.09 s, total 0.22 s · draft 35/42
                       accepted (83%) · max_tokens reached
21:28:07.279 INFO:     #143 chat/completions (stream): 124 prompt tokens ·
                       temperature: 0, greedy (req), max_tokens: 635 (req),
                       min_tokens: 635 (req)
21:28:09.592 INFO:     #143 chat/completions (stream): 635 tokens generated at
                       288.0 T/s · prompt 124 tokens, none cached, 124 new in
                       0.10 s · first token 0.10 s, total 2.31 s · draft 414/663
                       accepted (62%) · max_tokens reached
21:28:09.595 INFO:     #144 chat/completions (stream): 411 prompt tokens ·
                       temperature: 0, greedy (req), max_tokens: 7 (req),
                       min_tokens: 7 (req)
21:28:09.844 INFO:     #144 chat/completions (stream): 7 tokens generated at
                       372.5 T/s · prompt 411 tokens, none cached, 411 new in
                       0.22 s (1,868 T/s) · first token 0.23 s, total 0.24 s ·
                       draft 5/6 accepted (83%) · max_tokens reached
21:28:09.847 INFO:     #145 chat/completions (stream): 315 prompt tokens ·
                       temperature: 0, greedy (req), max_tokens: 707 (req),
                       min_tokens: 707 (req)
21:28:12.752 INFO:     #145 chat/completions (stream): 707 tokens generated at
                       263.6 T/s · prompt 315 tokens, none cached, 315 new in
                       0.22 s (1,432 T/s) · first token 0.23 s, total 2.91 s ·
                       draft 444/789 accepted (56%) · max_tokens reached
21:28:12.754 INFO:     #146 chat/completions (stream): 77 prompt tokens ·
                       temperature: 0, greedy (req), max_tokens: 380 (req),
                       min_tokens: 380 (req)
21:28:14.265 INFO:     #146 chat/completions (stream): 380 tokens generated at
                       266.3 T/s · prompt 77 tokens, none cached, 77 new in 0.08
                       s · first token 0.09 s, total 1.51 s · draft 237/429
                       accepted (55%) · max_tokens reached
21:28:14.268 INFO:     #147 chat/completions (stream): 266 prompt tokens ·
                       temperature: 0, greedy (req), max_tokens: 147 (req),
                       min_tokens: 147 (req)
21:28:14.823 INFO:     #147 chat/completions (stream): 147 tokens generated at
                       379.8 T/s · prompt 266 tokens, none cached, 266 new in
                       0.16 s (1,662 T/s) · first token 0.17 s, total 0.55 s ·
                       draft 108/117 accepted (92%) · max_tokens reached
21:28:14.826 INFO:     #148 chat/completions (stream): 232 prompt tokens ·
                       temperature: 0, greedy (req), max_tokens: 41 (req),
                       min_tokens: 41 (req)
21:28:15.083 INFO:     #148 chat/completions (stream): 41 tokens generated at
                       292.4 T/s · prompt 232 tokens, none cached, 232 new in
                       0.11 s · first token 0.12 s, total 0.26 s · draft 27/42
                       accepted (64%) · max_tokens reached
21:28:15.085 INFO:     #149 chat/completions (stream): 137 prompt tokens ·
                       temperature: 0, greedy (req), max_tokens: 101 (req),
                       min_tokens: 101 (req)
21:28:15.536 INFO:     #149 chat/completions (stream): 101 tokens generated at
                       298.8 T/s · prompt 137 tokens, none cached, 137 new in
                       0.11 s · first token 0.11 s, total 0.45 s · draft 67/102
                       accepted (66%) · max_tokens reached
21:28:15.538 INFO:     #150 chat/completions (stream): 135 prompt tokens ·
                       temperature: 0, greedy (req), max_tokens: 433 (req),
                       min_tokens: 433 (req)
21:28:17.112 INFO:     #150 chat/completions (stream): 433 tokens generated at
                       296.6 T/s · prompt 135 tokens, none cached, 135 new in
                       0.11 s · first token 0.12 s, total 1.58 s · draft 288/435
                       accepted (66%) · max_tokens reached
21:28:17.115 INFO:     #152 chat/completions (stream): 456 prompt tokens ·
                       temperature: 0, greedy (req), max_tokens: 342 (req),
                       min_tokens: 342 (req)
21:28:18.691 INFO:     #152 chat/completions (stream): 342 tokens generated at
                       256.8 T/s · prompt 456 tokens, none cached, 456 new in
                       0.24 s (1,900 T/s) · first token 0.25 s, total 1.58 s ·
                       draft 209/399 accepted (52%) · max_tokens reached
21:28:18.694 INFO:     #153 chat/completions (stream): 301 prompt tokens ·
                       temperature: 0, greedy (req), max_tokens: 14 (req),
                       min_tokens: 14 (req)
21:28:18.950 INFO:     #153 chat/completions (stream): 14 tokens generated at
                       240.3 T/s · prompt 301 tokens, none cached, 301 new in
                       0.19 s (1,584 T/s) · first token 0.20 s, total 0.25 s ·
                       draft 8/18 accepted (44%) · max_tokens reached
21:28:18.954 INFO:     #154 chat/completions (stream): 823 prompt tokens ·
                       temperature: 0, greedy (req), max_tokens: 11 (req),
                       min_tokens: 11 (req)
21:28:19.248 INFO:     #154 chat/completions (stream): 11 tokens generated at
                       380.5 T/s · prompt 823 tokens, none cached, 823 new in
                       0.26 s (3,165 T/s) · first token 0.26 s, total 0.29 s ·
                       draft 8/9 accepted (89%) · max_tokens reached
21:28:19.250 INFO:     #155 chat/completions (stream): 80 prompt tokens ·
                       temperature: 0, greedy (req), max_tokens: 159 (req),
                       min_tokens: 159 (req)
21:28:19.870 INFO:     #155 chat/completions (stream): 159 tokens generated at
                       297.7 T/s · prompt 80 tokens, none cached, 80 new in 0.08
                       s · first token 0.09 s, total 0.62 s · draft 105/162
                       accepted (65%) · max_tokens reached
21:28:19.872 INFO:     #156 chat/completions (stream): 71 prompt tokens ·
                       temperature: 0, greedy (req), max_tokens: 749 (req),
                       min_tokens: 749 (req)
21:28:22.782 INFO:     #156 chat/completions (stream): 749 tokens generated at
                       265.0 T/s · prompt 71 tokens, none cached, 71 new in 0.08
                       s · first token 0.09 s, total 2.91 s · draft 464/855
                       accepted (54%) · max_tokens reached
21:28:22.784 INFO:     #157 chat/completions (stream): 181 prompt tokens ·
                       temperature: 0, greedy (req), max_tokens: 482 (req),
                       min_tokens: 482 (req)
21:28:24.746 INFO:     #157 chat/completions (stream): 482 tokens generated at
                       259.6 T/s · prompt 181 tokens, none cached, 181 new in
                       0.10 s · first token 0.11 s, total 1.96 s · draft 295/561
                       accepted (53%) · max_tokens reached
21:28:24.749 INFO:     #158 chat/completions (stream): 336 prompt tokens ·
                       temperature: 0, greedy (req), max_tokens: 772 (req),
                       min_tokens: 772 (req)
21:28:27.671 INFO:     #158 chat/completions (stream): 772 tokens generated at
                       284.1 T/s · prompt 336 tokens, none cached, 336 new in
                       0.20 s (1,680 T/s) · first token 0.21 s, total 2.92 s ·
                       draft 501/813 accepted (62%) · max_tokens reached
21:28:27.675 INFO:     #159 chat/completions (stream): 410 prompt tokens ·
                       temperature: 0, greedy (req), max_tokens: 34 (req),
                       min_tokens: 34 (req)
21:28:28.019 INFO:     #159 chat/completions (stream): 34 tokens generated at
                       288.3 T/s · prompt 410 tokens, none cached, 410 new in
                       0.22 s (1,864 T/s) · first token 0.23 s, total 0.34 s ·
                       draft 22/36 accepted (61%) · max_tokens reached
21:28:28.022 INFO:     #160 chat/completions (stream): 241 prompt tokens ·
                       temperature: 0, greedy (req), max_tokens: 9 (req),
                       min_tokens: 9 (req)
21:28:28.221 INFO:     #160 chat/completions (stream): 9 tokens generated at
                       121.4 T/s · prompt 241 tokens, none cached, 241 new in
                       0.12 s · first token 0.13 s, total 0.20 s · draft 5/12
                       accepted (42%) · max_tokens reached
21:28:28.222 INFO:     #161 chat/completions (stream): 68 prompt tokens ·
                       temperature: 0, greedy (req), max_tokens: 539 (req),
                       min_tokens: 539 (req)
21:28:30.564 INFO:     #161 chat/completions (stream): 539 tokens generated at
                       238.6 T/s · prompt 68 tokens, none cached, 68 new in 0.08
                       s · first token 0.08 s, total 2.34 s · draft 312/681
                       accepted (46%) · max_tokens reached
21:28:30.567 INFO:     #162 chat/completions (stream): 59 prompt tokens ·
                       temperature: 0, greedy (req), max_tokens: 82 (req),
                       min_tokens: 82 (req)
21:28:30.966 INFO:     #162 chat/completions (stream): 82 tokens generated at
                       253.7 T/s · prompt 59 tokens, none cached, 59 new in 0.07
                       s · first token 0.08 s, total 0.40 s · draft 49/99
                       accepted (49%) · max_tokens reached
21:28:30.968 INFO:     #163 chat/completions (stream): 424 prompt tokens ·
                       temperature: 0, greedy (req), max_tokens: 590 (req),
                       min_tokens: 590 (req)
21:28:33.091 INFO:     #163 chat/completions (stream): 590 tokens generated at
                       311.2 T/s · prompt 424 tokens, none cached, 424 new in
                       0.22 s (1,927 T/s) · first token 0.22 s, total 2.12 s ·
                       draft 399/573 accepted (70%) · max_tokens reached
21:28:33.093 INFO:     #165 chat/completions (stream): 126 prompt tokens ·
                       temperature: 0, greedy (req), max_tokens: 273 (req),
                       min_tokens: 273 (req)
21:28:34.299 INFO:     #165 chat/completions (stream): 273 tokens generated at
                       248.1 T/s · prompt 126 tokens, none cached, 126 new in
                       0.10 s · first token 0.11 s, total 1.21 s · draft 163/330
                       accepted (49%) · max_tokens reached
21:28:34.302 INFO:     #166 chat/completions (stream): 522 prompt tokens ·
                       temperature: 0, greedy (req), max_tokens: 21 (req),
                       min_tokens: 21 (req)
21:28:34.564 INFO:     #166 chat/completions (stream): 21 tokens generated at
                       268.9 T/s · prompt 522 tokens, none cached, 522 new in
                       0.18 s (2,900 T/s) · first token 0.19 s, total 0.26 s ·
                       draft 13/24 accepted (54%) · max_tokens reached
21:28:34.568 INFO:     #167 chat/completions (stream): 707 prompt tokens ·
                       temperature: 0, greedy (req), max_tokens: 16 (req),
                       min_tokens: 16 (req)
21:28:34.891 INFO:     #167 chat/completions (stream): 16 tokens generated at
                       320.3 T/s · prompt 707 tokens, none cached, 707 new in
                       0.27 s (2,619 T/s) · first token 0.28 s, total 0.33 s ·
                       draft 11/15 accepted (73%) · max_tokens reached
21:28:34.895 INFO:     #168 chat/completions (stream): 853 prompt tokens ·
                       temperature: 0, greedy (req), max_tokens: 6 (req),
                       min_tokens: 6 (req)
21:28:35.205 INFO:     #168 chat/completions (stream): 6 tokens generated at
                       305.8 T/s · prompt 853 tokens, none cached, 853 new in
                       0.28 s (3,046 T/s) · first token 0.29 s, total 0.30 s ·
                       draft 4/6 accepted (67%) · max_tokens reached
21:28:35.207 INFO:     #169 chat/completions (stream): 58 prompt tokens ·
                       temperature: 0, greedy (req), max_tokens: 261 (req),
                       min_tokens: 261 (req)
21:28:36.418 INFO:     #169 chat/completions (stream): 261 tokens generated at
                       230.0 T/s · prompt 58 tokens, none cached, 58 new in 0.07
                       s · first token 0.08 s, total 1.21 s · draft 147/342
                       accepted (43%) · max_tokens reached
21:28:36.420 INFO:     #170 chat/completions (stream): 121 prompt tokens ·
                       temperature: 0, greedy (req), max_tokens: 355 (req),
                       min_tokens: 355 (req)
21:28:37.842 INFO:     #170 chat/completions (stream): 355 tokens generated at
                       270.1 T/s · prompt 121 tokens, none cached, 121 new in
                       0.10 s · first token 0.11 s, total 1.42 s · draft 223/396
                       accepted (56%) · max_tokens reached
21:28:37.845 INFO:     #171 chat/completions (stream): 364 prompt tokens ·
                       temperature: 0, greedy (req), max_tokens: 16 (req),
                       min_tokens: 16 (req)
21:28:38.135 INFO:     #171 chat/completions (stream): 16 tokens generated at
                       268.8 T/s · prompt 364 tokens, none cached, 364 new in
                       0.22 s (1,655 T/s) · first token 0.23 s, total 0.29 s ·
                       draft 10/18 accepted (56%) · max_tokens reached
21:28:38.137 INFO:     #172 chat/completions (stream): 100 prompt tokens ·
                       temperature: 0, greedy (req), max_tokens: 152 (req),
                       min_tokens: 152 (req)
21:28:38.785 INFO:     #172 chat/completions (stream): 152 tokens generated at
                       276.6 T/s · prompt 100 tokens, none cached, 100 new in
                       0.09 s · first token 0.09 s, total 0.64 s · draft 97/165
                       accepted (59%) · max_tokens reached
21:28:38.789 INFO:     #173 chat/completions (stream): 648 prompt tokens ·
                       temperature: 0, greedy (req), max_tokens: 16 (req),
                       min_tokens: 16 (req)
21:28:39.129 INFO:     #173 chat/completions (stream): 16 tokens generated at
                       228.6 T/s · prompt 648 tokens, none cached, 648 new in
                       0.26 s (2,492 T/s) · first token 0.27 s, total 0.34 s ·
                       draft 9/21 accepted (43%) · max_tokens reached
21:28:39.131 INFO:     #174 chat/completions (stream): 86 prompt tokens ·
                       temperature: 0, greedy (req), max_tokens: 442 (req),
                       min_tokens: 442 (req)
21:28:40.725 INFO:     #174 chat/completions (stream): 442 tokens generated at
                       294.2 T/s · prompt 86 tokens, none cached, 86 new in 0.08
                       s · first token 0.09 s, total 1.59 s · draft 292/450
                       accepted (65%) · max_tokens reached
21:28:40.727 INFO:     #175 chat/completions (stream): 112 prompt tokens ·
                       temperature: 0, greedy (req), max_tokens: 375 (req),
                       min_tokens: 375 (req)
21:28:42.051 INFO:     #175 chat/completions (stream): 375 tokens generated at
                       307.1 T/s · prompt 112 tokens, none cached, 112 new in
                       0.10 s · first token 0.11 s, total 1.33 s · draft 252/369
                       accepted (68%) · max_tokens reached
21:28:42.053 INFO:     #176 chat/completions (stream): 56 prompt tokens ·
                       temperature: 0, greedy (req), max_tokens: 157 (req),
                       min_tokens: 157 (req)
21:28:42.746 INFO:     #176 chat/completions (stream): 157 tokens generated at
                       253.9 T/s · prompt 56 tokens, none cached, 56 new in 0.07
                       s · first token 0.08 s, total 0.69 s · draft 94/189
                       accepted (50%) · max_tokens reached
21:28:42.749 INFO:     #177 chat/completions (stream): 199 prompt tokens ·
                       temperature: 0, greedy (req), max_tokens: 17 (req),
                       min_tokens: 17 (req)
21:28:42.908 INFO:     #177 chat/completions (stream): 17 tokens generated at
                       342.6 T/s · prompt 199 tokens, none cached, 199 new in
                       0.10 s · first token 0.11 s, total 0.16 s · draft 12/15
                       accepted (80%) · max_tokens reached
21:28:42.911 INFO:     #178 chat/completions (stream): 337 prompt tokens ·
                       temperature: 0, greedy (req), max_tokens: 61 (req),
                       min_tokens: 61 (req)
21:28:43.440 INFO:     #178 chat/completions (stream): 61 tokens generated at
                       201.5 T/s · prompt 337 tokens, none cached, 337 new in
                       0.22 s (1,532 T/s) · first token 0.23 s, total 0.53 s ·
                       draft 36/75 accepted (48%) · max_tokens reached
21:28:43.443 INFO:     #179 chat/completions (stream): 156 prompt tokens ·
                       temperature: 0, greedy (req), max_tokens: 153 (req),
                       min_tokens: 153 (req)
21:28:44.085 INFO:     #179 chat/completions (stream): 153 tokens generated at
                       282.1 T/s · prompt 156 tokens, none cached, 156 new in
                       0.09 s · first token 0.10 s, total 0.64 s · draft 98/165
                       accepted (59%) · max_tokens reached
21:28:44.087 INFO:     #180 chat/completions (stream): 64 prompt tokens ·
                       temperature: 0, greedy (req), max_tokens: 114 (req),
                       min_tokens: 114 (req)
21:28:44.581 INFO:     #180 chat/completions (stream): 114 tokens generated at
                       274.1 T/s · prompt 64 tokens, none cached, 64 new in 0.07
                       s · first token 0.08 s, total 0.49 s · draft 72/126
                       accepted (57%) · max_tokens reached
21:28:44.583 INFO:     #181 chat/completions (stream): 63 prompt tokens ·
                       temperature: 0, greedy (req), max_tokens: 85 (req),
                       min_tokens: 85 (req)
21:28:44.954 INFO:     #181 chat/completions (stream): 85 tokens generated at
                       288.9 T/s · prompt 63 tokens, none cached, 63 new in 0.07
                       s · first token 0.08 s, total 0.37 s · draft 55/90
                       accepted (61%) · max_tokens reached
21:28:44.957 INFO:     #182 chat/completions (stream): 482 prompt tokens ·
                       temperature: 0, greedy (req), max_tokens: 225 (req),
                       min_tokens: 225 (req)
21:28:45.905 INFO:     #182 chat/completions (stream): 225 tokens generated at
                       319.6 T/s · prompt 482 tokens, none cached, 482 new in
                       0.24 s (2,008 T/s) · first token 0.24 s, total 0.95 s ·
                       draft 155/210 accepted (74%) · max_tokens reached
21:28:45.907 INFO:     #183 chat/completions (stream): 66 prompt tokens ·
                       temperature: 0, greedy (req), max_tokens: 345 (req),
                       min_tokens: 345 (req)
21:28:47.411 INFO:     #183 chat/completions (stream): 345 tokens generated at
                       242.8 T/s · prompt 66 tokens, none cached, 66 new in 0.08
                       s · first token 0.09 s, total 1.51 s · draft 204/423
                       accepted (48%) · max_tokens reached
21:28:47.413 INFO:     #185 chat/completions (stream): 76 prompt tokens ·
                       temperature: 0, greedy (req), max_tokens: 139 (req),
                       min_tokens: 139 (req)
21:28:48.003 INFO:     #185 chat/completions (stream): 139 tokens generated at
                       275.9 T/s · prompt 76 tokens, none cached, 76 new in 0.08
                       s · first token 0.09 s, total 0.59 s · draft 88/153
                       accepted (58%) · max_tokens reached
21:28:48.006 INFO:     #186 chat/completions (stream): 389 prompt tokens ·
                       temperature: 0, greedy (req), max_tokens: 13 (req),
                       min_tokens: 13 (req)
21:28:48.283 INFO:     #186 chat/completions (stream): 13 tokens generated at
                       320.6 T/s · prompt 389 tokens, none cached, 389 new in
                       0.23 s (1,691 T/s) · first token 0.24 s, total 0.28 s ·
                       draft 9/12 accepted (75%) · max_tokens reached
21:28:48.286 INFO:     #187 chat/completions (stream): 68 prompt tokens ·
                       temperature: 0, greedy (req), max_tokens: 264 (req),
                       min_tokens: 264 (req)
21:28:49.338 INFO:     #187 chat/completions (stream): 264 tokens generated at
                       272.6 T/s · prompt 68 tokens, none cached, 68 new in 0.08
                       s · first token 0.09 s, total 1.05 s · draft 168/288
                       accepted (58%) · max_tokens reached
21:28:49.340 INFO:     #188 chat/completions (stream): 71 prompt tokens ·
                       temperature: 0, greedy (req), max_tokens: 307 (req),
                       min_tokens: 307 (req)
21:28:50.766 INFO:     #188 chat/completions (stream): 307 tokens generated at
                       229.9 T/s · prompt 71 tokens, none cached, 71 new in 0.08
                       s · first token 0.09 s, total 1.42 s · draft 172/405
                       accepted (42%) · max_tokens reached
21:28:50.768 INFO:     #189 chat/completions (stream): 59 prompt tokens ·
                       temperature: 0, greedy (req), max_tokens: 191 (req),
                       min_tokens: 191 (req)
21:28:51.513 INFO:     #189 chat/completions (stream): 191 tokens generated at
                       285.8 T/s · prompt 59 tokens, none cached, 59 new in 0.07
                       s · first token 0.08 s, total 0.74 s · draft 124/201
                       accepted (62%) · max_tokens reached
21:28:51.515 INFO:     #190 chat/completions (stream): 64 prompt tokens ·
                       temperature: 0, greedy (req), max_tokens: 1181 (req),
                       min_tokens: 1181 (req)
21:28:54.324 WARNING:  #190 chat/completions (stream): generation stopped
                       because a token loop was detected
21:28:54.325 INFO:     #190 chat/completions (stream): 1,011 tokens generated at
                       370.1 T/s · prompt 64 tokens, none cached, 64 new in 0.07
                       s · first token 0.08 s, total 2.81 s · draft 737/822
                       accepted (90%) · loop detected
21:28:54.327 INFO:     #191 chat/completions (stream): 101 prompt tokens ·
                       temperature: 0, greedy (req), max_tokens: 236 (req),
                       min_tokens: 236 (req)
21:28:55.372 INFO:     #191 chat/completions (stream): 236 tokens generated at
                       249.7 T/s · prompt 101 tokens, none cached, 101 new in
                       0.09 s · first token 0.10 s, total 1.04 s · draft 141/285
                       accepted (49%) · max_tokens reached
21:28:55.376 INFO:     #192 chat/completions (stream): 448 prompt tokens ·
                       temperature: 0, greedy (req), max_tokens: 360 (req),
                       min_tokens: 360 (req)
21:28:56.845 INFO:     #192 chat/completions (stream): 360 tokens generated at
                       293.0 T/s · prompt 448 tokens, none cached, 448 new in
                       0.23 s (1,948 T/s) · first token 0.24 s, total 1.46 s ·
                       draft 237/369 accepted (64%) · max_tokens reached
21:28:56.848 INFO:     #193 chat/completions (stream): 72 prompt tokens ·
                       temperature: 0, greedy (req), max_tokens: 294 (req),
                       min_tokens: 294 (req)
21:28:57.984 INFO:     #193 chat/completions (stream): 294 tokens generated at
                       279.5 T/s · prompt 72 tokens, none cached, 72 new in 0.08
                       s · first token 0.09 s, total 1.14 s · draft 188/318
                       accepted (59%) · max_tokens reached
21:28:57.987 INFO:     #194 chat/completions (stream): 276 prompt tokens ·
                       temperature: 0, greedy (req), max_tokens: 6 (req),
                       min_tokens: 6 (req)
21:28:58.165 INFO:     #194 chat/completions (stream): 6 tokens generated at
                       308.9 T/s · prompt 276 tokens, none cached, 276 new in
                       0.15 s (1,840 T/s) · first token 0.16 s, total 0.17 s ·
                       draft 4/6 accepted (67%) · max_tokens reached
21:28:58.168 INFO:     #195 chat/completions (stream): 186 prompt tokens ·
                       temperature: 0, greedy (req), max_tokens: 42 (req),
                       min_tokens: 42 (req)
21:28:58.443 INFO:     #195 chat/completions (stream): 42 tokens generated at
                       261.5 T/s · prompt 186 tokens, none cached, 186 new in
                       0.10 s · first token 0.11 s, total 0.27 s · draft 26/48
                       accepted (54%) · max_tokens reached
21:28:58.446 INFO:     #196 chat/completions (stream): 219 prompt tokens ·
                       temperature: 0, greedy (req), max_tokens: 11 (req),
                       min_tokens: 11 (req)
21:28:58.611 INFO:     #196 chat/completions (stream): 11 tokens generated at
                       217.5 T/s · prompt 219 tokens, none cached, 219 new in
                       0.11 s · first token 0.11 s, total 0.17 s · draft 6/15
                       accepted (40%) · max_tokens reached
21:28:58.613 INFO:     #197 chat/completions (stream): 62 prompt tokens ·
                       temperature: 0, greedy (req), max_tokens: 304 (req),
                       min_tokens: 304 (req)
21:28:59.929 INFO:     #197 chat/completions (stream): 304 tokens generated at
                       245.3 T/s · prompt 62 tokens, none cached, 62 new in 0.07
                       s · first token 0.07 s, total 1.31 s · draft 178/378
                       accepted (47%) · max_tokens reached
21:28:59.931 INFO:     #198 chat/completions (stream): 66 prompt tokens ·
                       temperature: 0, greedy (req), max_tokens: 225 (req),
                       min_tokens: 225 (req)
21:29:00.849 INFO:     #198 chat/completions (stream): 225 tokens generated at
                       269.6 T/s · prompt 66 tokens, none cached, 66 new in 0.08
                       s · first token 0.09 s, total 0.92 s · draft 141/252
                       accepted (56%) · max_tokens reached
21:29:00.852 INFO:     #199 chat/completions (stream): 584 prompt tokens ·
                       temperature: 0, greedy (req), max_tokens: 10 (req),
                       min_tokens: 10 (req)
21:29:01.128 INFO:     #199 chat/completions (stream): 10 tokens generated at
                       343.8 T/s · prompt 584 tokens, none cached, 584 new in
                       0.24 s (2,433 T/s) · first token 0.25 s, total 0.27 s ·
                       draft 7/9 accepted (78%) · max_tokens reached
21:29:01.131 INFO:     #200 chat/completions (stream): 442 prompt tokens ·
                       temperature: 0, greedy (req), max_tokens: 86 (req),
                       min_tokens: 86 (req)
21:29:01.706 INFO:     #200 chat/completions (stream): 86 tokens generated at
                       253.3 T/s · prompt 442 tokens, none cached, 442 new in
                       0.23 s (1,922 T/s) · first token 0.24 s, total 0.57 s ·
                       draft 52/102 accepted (51%) · max_tokens reached
21:29:01.708 INFO:     #201 chat/completions (stream): 78 prompt tokens ·
                       temperature: 0, greedy (req), max_tokens: 147 (req),
                       min_tokens: 147 (req)
21:29:02.196 INFO:     #201 chat/completions (stream): 147 tokens generated at
                       366.0 T/s · prompt 78 tokens, none cached, 78 new in 0.08
                       s · first token 0.09 s, total 0.49 s · draft 107/120
                       accepted (89%) · max_tokens reached
21:29:02.198 INFO:     #203 chat/completions (stream): 64 prompt tokens ·
                       temperature: 0, greedy (req), max_tokens: 450 (req),
                       min_tokens: 450 (req)
21:29:04.027 INFO:     #203 chat/completions (stream): 450 tokens generated at
                       256.9 T/s · prompt 64 tokens, none cached, 64 new in 0.07
                       s · first token 0.07 s, total 1.83 s · draft 274/528
                       accepted (52%) · max_tokens reached
21:29:04.029 INFO:     #204 chat/completions (stream): 69 prompt tokens ·
                       temperature: 0, greedy (req), max_tokens: 300 (req),
                       min_tokens: 300 (req)
21:29:05.378 INFO:     #204 chat/completions (stream): 300 tokens generated at
                       237.0 T/s · prompt 69 tokens, none cached, 69 new in 0.08
                       s · first token 0.09 s, total 1.35 s · draft 174/378
                       accepted (46%) · max_tokens reached
21:29:05.380 INFO:     #205 chat/completions (stream): 70 prompt tokens ·
                       temperature: 0, greedy (req), max_tokens: 540 (req),
                       min_tokens: 540 (req)
21:29:07.640 INFO:     #205 chat/completions (stream): 540 tokens generated at
                       248.1 T/s · prompt 70 tokens, none cached, 70 new in 0.08
                       s · first token 0.09 s, total 2.26 s · draft 321/657
                       accepted (49%) · max_tokens reached
21:29:07.642 INFO:     #206 chat/completions (stream): 72 prompt tokens ·
                       temperature: 0, greedy (req), max_tokens: 830 (req),
                       min_tokens: 830 (req)
21:29:10.648 INFO:     #206 chat/completions (stream): 830 tokens generated at
                       283.9 T/s · prompt 72 tokens, none cached, 72 new in 0.08
                       s · first token 0.09 s, total 3.01 s · draft 538/876
                       accepted (61%) · max_tokens reached
21:29:10.651 INFO:     #207 chat/completions (stream): 97 prompt tokens ·
                       temperature: 0, greedy (req), max_tokens: 31 (req),
                       min_tokens: 31 (req)
21:29:10.822 INFO:     #207 chat/completions (stream): 31 tokens generated at
                       392.6 T/s · prompt 97 tokens, none cached, 97 new in 0.09
                       s · first token 0.10 s, total 0.17 s · draft 23/24
                       accepted (96%) · max_tokens reached
21:29:10.826 INFO:     #208 chat/completions (stream): 798 prompt tokens ·
                       temperature: 0, greedy (req), max_tokens: 9 (req),
                       min_tokens: 9 (req)
21:29:11.076 INFO:     #208 chat/completions (stream): 9 tokens generated at
                       310.6 T/s · prompt 798 tokens, none cached, 798 new in
                       0.21 s (3,800 T/s) · first token 0.21 s, total 0.24 s ·
                       draft 6/9 accepted (67%) · max_tokens reached
21:29:11.078 INFO:     #209 chat/completions (stream): 69 prompt tokens ·
                       temperature: 0, greedy (req), max_tokens: 29 (req),
                       min_tokens: 29 (req)
21:29:11.241 INFO:     #209 chat/completions (stream): 29 tokens generated at
                       365.5 T/s · prompt 69 tokens, none cached, 69 new in 0.08
                       s · first token 0.09 s, total 0.17 s · draft 21/24
                       accepted (88%) · max_tokens reached
21:29:11.243 INFO:     #210 chat/completions (stream): 486 prompt tokens ·
                       temperature: 0, greedy (req), max_tokens: 16 (req),
                       min_tokens: 16 (req)
21:29:11.546 INFO:     #210 chat/completions (stream): 16 tokens generated at
                       320.9 T/s · prompt 486 tokens, none cached, 486 new in
                       0.24 s (2,025 T/s) · first token 0.24 s, total 0.29 s ·
                       draft 11/15 accepted (73%) · max_tokens reached
21:29:11.548 INFO:     #211 chat/completions (stream): 254 prompt tokens ·
                       temperature: 0, greedy (req), max_tokens: 10 (req),
                       min_tokens: 10 (req)
21:29:11.711 INFO:     #211 chat/completions (stream): 10 tokens generated at
                       253.8 T/s · prompt 254 tokens, none cached, 254 new in
                       0.12 s · first token 0.13 s, total 0.16 s · draft 6/12
                       accepted (50%) · max_tokens reached
21:29:11.714 INFO:     #212 chat/completions (stream): 626 prompt tokens ·
                       temperature: 0, greedy (req), max_tokens: 59 (req),
                       min_tokens: 59 (req)
21:29:12.163 INFO:     #212 chat/completions (stream): 59 tokens generated at
                       310.2 T/s · prompt 626 tokens, none cached, 626 new in
                       0.25 s (2,504 T/s) · first token 0.25 s, total 0.44 s ·
                       draft 40/57 accepted (70%) · max_tokens reached
21:29:12.166 INFO:     #213 chat/completions (stream): 692 prompt tokens ·
                       temperature: 0, greedy (req), max_tokens: 109 (req),
                       min_tokens: 109 (req)
21:29:12.841 INFO:     #213 chat/completions (stream): 109 tokens generated at
                       282.8 T/s · prompt 692 tokens, none cached, 692 new in
                       0.28 s (2,471 T/s) · first token 0.29 s, total 0.67 s ·
                       draft 70/117 accepted (60%) · max_tokens reached
21:29:12.844 INFO:     #214 chat/completions (stream): 66 prompt tokens ·
                       temperature: 0, greedy (req), max_tokens: 207 (req),
                       min_tokens: 207 (req)
21:29:13.688 INFO:     #214 chat/completions (stream): 207 tokens generated at
                       271.6 T/s · prompt 66 tokens, none cached, 66 new in 0.07
                       s · first token 0.08 s, total 0.84 s · draft 130/231
                       accepted (56%) · max_tokens reached
21:29:13.691 INFO:     #215 chat/completions (stream): 655 prompt tokens ·
                       temperature: 0, greedy (req), max_tokens: 24 (req),
                       min_tokens: 24 (req)
21:29:14.074 INFO:     #215 chat/completions (stream): 24 tokens generated at
                       222.0 T/s · prompt 655 tokens, none cached, 655 new in
                       0.26 s (2,519 T/s) · first token 0.27 s, total 0.37 s ·
                       draft 13/33 accepted (39%) · max_tokens reached
21:29:14.076 INFO:     #216 chat/completions (stream): 87 prompt tokens ·
                       temperature: 0, greedy (req), max_tokens: 385 (req),
                       min_tokens: 385 (req)
21:29:15.719 INFO:     #216 chat/completions (stream): 385 tokens generated at
                       248.2 T/s · prompt 87 tokens, none cached, 87 new in 0.09
                       s · first token 0.10 s, total 1.65 s · draft 229/468
                       accepted (49%) · max_tokens reached
21:29:15.721 INFO:     #217 chat/completions (stream): 190 prompt tokens ·
                       temperature: 0, greedy (req), max_tokens: 51 (req),
                       min_tokens: 51 (req)
21:29:15.987 INFO:     #217 chat/completions (stream): 51 tokens generated at
                       320.6 T/s · prompt 190 tokens, none cached, 190 new in
                       0.10 s · first token 0.11 s, total 0.26 s · draft 35/48
                       accepted (73%) · max_tokens reached
21:29:15.990 INFO:     #218 chat/completions (stream): 350 prompt tokens ·
                       temperature: 0, greedy (req), max_tokens: 47 (req),
                       min_tokens: 47 (req)
21:29:16.390 INFO:     #218 chat/completions (stream): 47 tokens generated at
                       267.0 T/s · prompt 350 tokens, none cached, 350 new in
                       0.22 s (1,591 T/s) · first token 0.22 s, total 0.40 s ·
                       draft 29/54 accepted (54%) · max_tokens reached
21:29:16.393 INFO:     #219 chat/completions (stream): 119 prompt tokens ·
                       temperature: 0, greedy (req), max_tokens: 5 (req),
                       min_tokens: 5 (req)
21:29:16.519 INFO:     #219 chat/completions (stream): 5 tokens generated at
                       264.9 T/s · prompt 119 tokens, none cached, 119 new in
                       0.10 s · first token 0.11 s, total 0.12 s · draft 3/6
                       accepted (50%) · max_tokens reached
21:29:16.522 INFO:     #220 chat/completions (stream): 496 prompt tokens ·
                       temperature: 0, greedy (req), max_tokens: 29 (req),
                       min_tokens: 29 (req)
21:29:16.857 INFO:     #220 chat/completions (stream): 29 tokens generated at
                       330.1 T/s · prompt 496 tokens, none cached, 496 new in
                       0.24 s (2,067 T/s) · first token 0.24 s, total 0.33 s ·
                       draft 20/27 accepted (74%) · max_tokens reached
21:29:16.860 INFO:     #221 chat/completions (stream): 773 prompt tokens ·
                       temperature: 0, greedy (req), max_tokens: 29 (req),
                       min_tokens: 29 (req)
21:29:17.190 INFO:     #221 chat/completions (stream): 29 tokens generated at
                       245.1 T/s · prompt 773 tokens, none cached, 773 new in
                       0.20 s (3,865 T/s) · first token 0.21 s, total 0.32 s ·
                       draft 17/36 accepted (47%) · max_tokens reached
21:29:17.192 INFO:     #223 chat/completions (stream): 59 prompt tokens ·
                       temperature: 0, greedy (req), max_tokens: 300 (req),
                       min_tokens: 300 (req)
21:29:18.612 INFO:     #223 chat/completions (stream): 300 tokens generated at
                       223.1 T/s · prompt 59 tokens, none cached, 59 new in 0.07
                       s · first token 0.08 s, total 1.42 s · draft 165/405
                       accepted (41%) · max_tokens reached
21:29:18.614 INFO:     #224 chat/completions (stream): 84 prompt tokens ·
                       temperature: 0, greedy (req), max_tokens: 308 (req),
                       min_tokens: 308 (req)
21:29:19.732 INFO:     #224 chat/completions (stream): 308 tokens generated at
                       300.5 T/s · prompt 84 tokens, none cached, 84 new in 0.09
                       s · first token 0.10 s, total 1.12 s · draft 206/306
                       accepted (67%) · max_tokens reached
21:29:19.735 INFO:     #225 chat/completions (stream): 309 prompt tokens ·
                       temperature: 0, greedy (req), max_tokens: 12 (req),
                       min_tokens: 12 (req)
21:29:19.986 INFO:     #225 chat/completions (stream): 12 tokens generated at
                       245.9 T/s · prompt 309 tokens, none cached, 309 new in
                       0.19 s (1,626 T/s) · first token 0.20 s, total 0.24 s ·
                       draft 7/15 accepted (47%) · max_tokens reached
21:29:19.988 INFO:     #226 chat/completions (stream): 124 prompt tokens ·
                       temperature: 0, greedy (req), max_tokens: 8 (req),
                       min_tokens: 8 (req)
21:29:20.126 INFO:     #226 chat/completions (stream): 8 tokens generated at
                       277.0 T/s · prompt 124 tokens, none cached, 124 new in
                       0.10 s · first token 0.11 s, total 0.13 s · draft 5/9
                       accepted (56%) · max_tokens reached
21:29:20.127 INFO:     #227 chat/completions (stream): 217 prompt tokens ·
                       temperature: 0, greedy (req), max_tokens: 607 (req),
                       min_tokens: 607 (req)
21:29:22.613 INFO:     #227 chat/completions (stream): 607 tokens generated at
                       256.1 T/s · prompt 217 tokens, none cached, 217 new in
                       0.11 s · first token 0.11 s, total 2.48 s · draft 370/711
                       accepted (52%) · max_tokens reached
21:29:22.616 INFO:     #228 chat/completions (stream): 384 prompt tokens ·
                       temperature: 0, greedy (req), max_tokens: 805 (req),
                       min_tokens: 805 (req)
21:29:25.936 INFO:     #228 chat/completions (stream): 805 tokens generated at
                       260.7 T/s · prompt 384 tokens, none cached, 384 new in
                       0.22 s (1,745 T/s) · first token 0.23 s, total 3.31 s ·
                       draft 495/930 accepted (53%) · max_tokens reached
21:29:25.938 INFO:     #229 chat/completions (stream): 72 prompt tokens ·
                       temperature: 0, greedy (req), max_tokens: 223 (req),
                       min_tokens: 223 (req)
21:29:26.861 INFO:     #229 chat/completions (stream): 223 tokens generated at
                       265.5 T/s · prompt 72 tokens, none cached, 72 new in 0.08
                       s · first token 0.09 s, total 0.93 s · draft 139/252
                       accepted (55%) · max_tokens reached
21:29:26.863 INFO:     #230 chat/completions (stream): 268 prompt tokens ·
                       temperature: 0, greedy (req), max_tokens: 21 (req),
                       min_tokens: 21 (req)
21:29:27.105 INFO:     #230 chat/completions (stream): 21 tokens generated at
                       266.8 T/s · prompt 268 tokens, none cached, 268 new in
                       0.15 s (1,787 T/s) · first token 0.16 s, total 0.23 s ·
                       draft 13/24 accepted (54%) · max_tokens reached
21:29:27.107 INFO:     #231 chat/completions (stream): 209 prompt tokens ·
                       temperature: 0, greedy (req), max_tokens: 209 (req),
                       min_tokens: 209 (req)
21:29:27.818 INFO:     #231 chat/completions (stream): 209 tokens generated at
                       347.3 T/s · prompt 209 tokens, none cached, 209 new in
                       0.10 s · first token 0.11 s, total 0.71 s · draft 149/180
                       accepted (83%) · max_tokens reached
21:29:27.821 INFO:     #232 chat/completions (stream): 178 prompt tokens ·
                       temperature: 0, greedy (req), max_tokens: 18 (req),
                       min_tokens: 18 (req)
21:29:28.004 INFO:     #232 chat/completions (stream): 18 tokens generated at
                       227.0 T/s · prompt 178 tokens, none cached, 178 new in
                       0.10 s · first token 0.11 s, total 0.18 s · draft 10/24
                       accepted (42%) · max_tokens reached
21:29:28.007 INFO:     #233 chat/completions (stream): 62 prompt tokens ·
                       temperature: 0, greedy (req), max_tokens: 94 (req),
                       min_tokens: 94 (req)
21:29:28.477 INFO:     #233 chat/completions (stream): 94 tokens generated at
                       239.6 T/s · prompt 62 tokens, none cached, 62 new in 0.07
                       s · first token 0.07 s, total 0.47 s · draft 55/117
                       accepted (47%) · max_tokens reached
21:29:28.479 INFO:     #234 chat/completions (stream): 100 prompt tokens ·
                       temperature: 0, greedy (req), max_tokens: 91 (req),
                       min_tokens: 91 (req)
21:29:28.856 INFO:     #234 chat/completions (stream): 91 tokens generated at
                       326.9 T/s · prompt 100 tokens, none cached, 100 new in
                       0.09 s · first token 0.10 s, total 0.37 s · draft 63/84
                       accepted (75%) · max_tokens reached
21:29:28.858 INFO:     #235 chat/completions (stream): 73 prompt tokens ·
                       temperature: 0, greedy (req), max_tokens: 229 (req),
                       min_tokens: 229 (req)
21:29:29.914 INFO:     #235 chat/completions (stream): 229 tokens generated at
                       235.7 T/s · prompt 73 tokens, none cached, 73 new in 0.08
                       s · first token 0.08 s, total 1.06 s · draft 131/294
                       accepted (45%) · max_tokens reached
21:29:29.916 INFO:     #236 chat/completions (stream): 88 prompt tokens ·
                       temperature: 0, greedy (req), max_tokens: 323 (req),
                       min_tokens: 323 (req)
21:29:31.360 INFO:     #236 chat/completions (stream): 323 tokens generated at
                       238.7 T/s · prompt 88 tokens, none cached, 88 new in 0.08
                       s · first token 0.09 s, total 1.44 s · draft 187/408
                       accepted (46%) · max_tokens reached
21:29:31.362 INFO:     #237 chat/completions (stream): 68 prompt tokens ·
                       temperature: 0, greedy (req), max_tokens: 534 (req),
                       min_tokens: 534 (req)
21:29:33.088 INFO:     #237 chat/completions (stream): 534 tokens generated at
                       325.4 T/s · prompt 68 tokens, none cached, 68 new in 0.08
                       s · first token 0.09 s, total 1.73 s · draft 367/501
                       accepted (73%) · max_tokens reached
21:29:33.090 INFO:     #239 chat/completions (stream): 164 prompt tokens ·
                       temperature: 0, greedy (req), max_tokens: 41 (req),
                       min_tokens: 41 (req)
21:29:33.331 INFO:     #239 chat/completions (stream): 41 tokens generated at
                       290.3 T/s · prompt 164 tokens, none cached, 164 new in
                       0.09 s · first token 0.10 s, total 0.24 s · draft 27/42
                       accepted (64%) · max_tokens reached
21:29:33.334 INFO:     #240 chat/completions (stream): 662 prompt tokens ·
                       temperature: 0, greedy (req), max_tokens: 243 (req),
                       min_tokens: 243 (req)
21:29:34.603 INFO:     #240 chat/completions (stream): 243 tokens generated at
                       238.7 T/s · prompt 662 tokens, none cached, 662 new in
                       0.24 s (2,758 T/s) · first token 0.24 s, total 1.26 s ·
                       draft 142/303 accepted (47%) · max_tokens reached
21:29:34.605 INFO:     #241 chat/completions (stream): 106 prompt tokens ·
                       temperature: 0, greedy (req), max_tokens: 40 (req),
                       min_tokens: 40 (req)
21:29:34.815 INFO:     #241 chat/completions (stream): 40 tokens generated at
                       365.6 T/s · prompt 106 tokens, none cached, 106 new in
                       0.09 s · first token 0.10 s, total 0.20 s · draft 29/33
                       accepted (88%) · max_tokens reached
21:29:34.819 INFO:     #242 chat/completions (stream): 802 prompt tokens ·
                       temperature: 0, greedy (req), max_tokens: 6 (req),
                       min_tokens: 6 (req)
21:29:35.100 INFO:     #242 chat/completions (stream): 6 tokens generated at
                       313.9 T/s · prompt 802 tokens, none cached, 802 new in
                       0.25 s (3,208 T/s) · first token 0.25 s, total 0.27 s ·
                       draft 4/6 accepted (67%) · max_tokens reached
21:29:35.104 INFO:     #243 chat/completions (stream): 717 prompt tokens ·
                       temperature: 0, greedy (req), max_tokens: 21 (req),
                       min_tokens: 21 (req)
21:29:35.462 INFO:     #243 chat/completions (stream): 21 tokens generated at
                       232.7 T/s · prompt 717 tokens, none cached, 717 new in
                       0.26 s (2,758 T/s) · first token 0.27 s, total 0.36 s ·
                       draft 12/27 accepted (44%) · max_tokens reached
21:29:35.464 INFO:     #244 chat/completions (stream): 114 prompt tokens ·
                       temperature: 0, greedy (req), max_tokens: 93 (req),
                       min_tokens: 93 (req)
21:29:36.167 INFO:     #244 chat/completions (stream): 93 tokens generated at
                       156.4 T/s · prompt 114 tokens, none cached, 114 new in
                       0.10 s · first token 0.11 s, total 0.70 s · draft 33/180
                       accepted (18%) · max_tokens reached
21:29:36.169 INFO:     #245 chat/completions (stream): 75 prompt tokens ·
                       temperature: 0, greedy (req), max_tokens: 517 (req),
                       min_tokens: 517 (req)
21:29:38.317 INFO:     #245 chat/completions (stream): 517 tokens generated at
                       252.4 T/s · prompt 75 tokens, none cached, 75 new in 0.09
                       s · first token 0.10 s, total 2.14 s · draft 311/618
                       accepted (50%) · max_tokens reached
21:29:38.319 INFO:     #246 chat/completions (stream): 61 prompt tokens ·
                       temperature: 0, greedy (req), max_tokens: 201 (req),
                       min_tokens: 201 (req)
21:29:39.015 INFO:     #246 chat/completions (stream): 201 tokens generated at
                       324.9 T/s · prompt 61 tokens, none cached, 61 new in 0.07
                       s · first token 0.08 s, total 0.69 s · draft 138/189
                       accepted (73%) · max_tokens reached
21:29:39.019 INFO:     #247 chat/completions (stream): 167 prompt tokens ·
                       temperature: 0, greedy (req), max_tokens: 13 (req),
                       min_tokens: 13 (req)
21:29:39.159 INFO:     #247 chat/completions (stream): 13 tokens generated at
                       324.9 T/s · prompt 167 tokens, none cached, 167 new in
                       0.09 s · first token 0.10 s, total 0.14 s · draft 9/12
                       accepted (75%) · max_tokens reached
21:29:39.161 INFO:     #248 chat/completions (stream): 65 prompt tokens ·
                       temperature: 0, greedy (req), max_tokens: 177 (req),
                       min_tokens: 177 (req)
21:29:39.895 INFO:     #248 chat/completions (stream): 177 tokens generated at
                       278.9 T/s · prompt 65 tokens, none cached, 65 new in 0.09
                       s · first token 0.10 s, total 0.73 s · draft 113/192
                       accepted (59%) · max_tokens reached
21:29:39.899 INFO:     #249 chat/completions (stream): 637 prompt tokens ·
                       temperature: 0, greedy (req), max_tokens: 1147 (req),
                       min_tokens: 1147 (req)
21:29:44.594 INFO:     #249 chat/completions (stream): 1,147 tokens generated at
                       258.9 T/s · prompt 637 tokens, none cached, 637 new in
                       0.26 s (2,450 T/s) · first token 0.27 s, total 4.70 s ·
                       draft 704/1329 accepted (53%) · max_tokens reached
21:29:44.599 INFO:     #250 chat/completions (stream): 690 prompt tokens ·
                       temperature: 0, greedy (req), max_tokens: 10 (req),
                       min_tokens: 10 (req)
21:29:44.890 INFO:     #250 chat/completions (stream): 10 tokens generated at
                       348.3 T/s · prompt 690 tokens, none cached, 690 new in
                       0.25 s (2,760 T/s) · first token 0.26 s, total 0.28 s ·
                       draft 7/9 accepted (78%) · max_tokens reached
21:29:44.892 INFO:     #251 chat/completions (stream): 57 prompt tokens ·
                       temperature: 0, greedy (req), max_tokens: 285 (req),
                       min_tokens: 285 (req)
21:29:46.012 INFO:     #251 chat/completions (stream): 285 tokens generated at
                       272.7 T/s · prompt 57 tokens, none cached, 57 new in 0.07
                       s · first token 0.08 s, total 1.12 s · draft 180/315
                       accepted (57%) · max_tokens reached
21:29:46.014 INFO:     #252 chat/completions (stream): 76 prompt tokens ·
                       temperature: 0, greedy (req), max_tokens: 562 (req),
                       min_tokens: 562 (req)
21:29:48.267 INFO:     #252 chat/completions (stream): 562 tokens generated at
                       259.3 T/s · prompt 76 tokens, none cached, 76 new in 0.08
                       s · first token 0.09 s, total 2.25 s · draft 344/654
                       accepted (53%) · max_tokens reached
21:29:48.270 INFO:     #254 chat/completions (stream): 540 prompt tokens ·
                       temperature: 0, greedy (req), max_tokens: 8 (req),
                       min_tokens: 8 (req)
21:29:48.491 INFO:     #254 chat/completions (stream): 8 tokens generated at
                       278.9 T/s · prompt 540 tokens, none cached, 540 new in
                       0.18 s (3,000 T/s) · first token 0.19 s, total 0.21 s ·
                       draft 5/9 accepted (56%) · max_tokens reached
21:29:48.493 INFO:     #255 chat/completions (stream): 60 prompt tokens ·
                       temperature: 0, greedy (req), max_tokens: 198 (req),
                       min_tokens: 198 (req)
21:29:49.242 INFO:     #255 chat/completions (stream): 198 tokens generated at
                       294.8 T/s · prompt 60 tokens, none cached, 60 new in 0.07
                       s · first token 0.08 s, total 0.75 s · draft 130/204
                       accepted (64%) · max_tokens reached
21:29:49.244 INFO:     #256 chat/completions (stream): 58 prompt tokens ·
                       temperature: 0, greedy (req), max_tokens: 31 (req),
                       min_tokens: 31 (req)
21:29:49.428 INFO:     #256 chat/completions (stream): 31 tokens generated at
                       286.6 T/s · prompt 58 tokens, none cached, 58 new in 0.07
                       s · first token 0.08 s, total 0.18 s · draft 20/33
                       accepted (61%) · max_tokens reached
21:29:49.430 INFO:     #257 chat/completions (stream): 449 prompt tokens ·
                       temperature: 0, greedy (req), max_tokens: 25 (req),
                       min_tokens: 25 (req)
21:29:49.767 INFO:     #257 chat/completions (stream): 25 tokens generated at
                       254.3 T/s · prompt 449 tokens, none cached, 449 new in
                       0.23 s (1,952 T/s) · first token 0.24 s, total 0.33 s ·
                       draft 15/30 accepted (50%) · max_tokens reached
21:29:49.770 INFO:     #258 chat/completions (stream): 392 prompt tokens ·
                       temperature: 0, greedy (req), max_tokens: 17 (req),
                       min_tokens: 17 (req)
21:29:50.079 INFO:     #258 chat/completions (stream): 17 tokens generated at
                       246.4 T/s · prompt 392 tokens, none cached, 392 new in
                       0.23 s (1,704 T/s) · first token 0.24 s, total 0.30 s ·
                       draft 10/21 accepted (48%) · max_tokens reached
21:29:50.081 INFO:     #259 chat/completions (stream): 112 prompt tokens ·
                       temperature: 0, greedy (req), max_tokens: 556 (req),
                       min_tokens: 556 (req)
21:29:52.165 INFO:     #259 chat/completions (stream): 556 tokens generated at
                       280.6 T/s · prompt 112 tokens, none cached, 112 new in
                       0.10 s · first token 0.11 s, total 2.09 s · draft 356/600
                       accepted (59%) · max_tokens reached
21:29:52.167 INFO:     #260 chat/completions (stream): 79 prompt tokens ·
                       temperature: 0, greedy (req), max_tokens: 165 (req),
                       min_tokens: 165 (req)
21:29:52.971 INFO:     #260 chat/completions (stream): 165 tokens generated at
                       235.1 T/s · prompt 79 tokens, none cached, 79 new in 0.09
                       s · first token 0.10 s, total 0.80 s · draft 94/213
                       accepted (44%) · max_tokens reached
21:29:52.973 INFO:     #261 chat/completions (stream): 63 prompt tokens ·
                       temperature: 0, greedy (req), max_tokens: 650 (req),
                       min_tokens: 650 (req)
21:29:55.321 INFO:     #261 chat/completions (stream): 650 tokens generated at
                       286.5 T/s · prompt 63 tokens, none cached, 63 new in 0.07
                       s · first token 0.08 s, total 2.34 s · draft 423/681
                       accepted (62%) · max_tokens reached
21:29:55.323 INFO:     #262 chat/completions (stream): 68 prompt tokens ·
                       temperature: 0, greedy (req), max_tokens: 434 (req),
                       min_tokens: 434 (req)
21:29:57.024 INFO:     #262 chat/completions (stream): 434 tokens generated at
                       268.3 T/s · prompt 68 tokens, none cached, 68 new in 0.08
                       s · first token 0.09 s, total 1.70 s · draft 271/489
                       accepted (55%) · max_tokens reached
21:29:57.028 INFO:     #263 chat/completions (stream): 527 prompt tokens ·
                       temperature: 0, greedy (req), max_tokens: 78 (req),
                       min_tokens: 78 (req)
21:29:57.544 INFO:     #263 chat/completions (stream): 78 tokens generated at
                       257.4 T/s · prompt 527 tokens, none cached, 527 new in
                       0.20 s (2,635 T/s) · first token 0.21 s, total 0.51 s ·
                       draft 47/93 accepted (51%) · max_tokens reached
21:29:57.546 INFO:     #264 chat/completions (stream): 65 prompt tokens ·
                       temperature: 0, greedy (req), max_tokens: 352 (req),
                       min_tokens: 352 (req)
21:29:58.806 INFO:     #264 chat/completions (stream): 352 tokens generated at
                       298.0 T/s · prompt 65 tokens, none cached, 65 new in 0.07
                       s · first token 0.08 s, total 1.26 s · draft 233/357
                       accepted (65%) · max_tokens reached
21:29:58.809 INFO:     #265 chat/completions (stream): 342 prompt tokens ·
                       temperature: 0, greedy (req), max_tokens: 44 (req),
                       min_tokens: 44 (req)
21:29:59.219 INFO:     #265 chat/completions (stream): 44 tokens generated at
                       234.9 T/s · prompt 342 tokens, none cached, 342 new in
                       0.21 s (1,629 T/s) · first token 0.22 s, total 0.40 s ·
                       draft 26/54 accepted (48%) · max_tokens reached
21:29:59.222 INFO:     #266 chat/completions (stream): 448 prompt tokens ·
                       temperature: 0, greedy (req), max_tokens: 55 (req),
                       min_tokens: 55 (req)
21:29:59.672 INFO:     #266 chat/completions (stream): 55 tokens generated at
                       253.4 T/s · prompt 448 tokens, none cached, 448 new in
                       0.22 s (2,036 T/s) · first token 0.23 s, total 0.44 s ·
                       draft 33/66 accepted (50%) · max_tokens reached
21:29:59.675 INFO:     #267 chat/completions (stream): 399 prompt tokens ·
                       temperature: 0, greedy (req), max_tokens: 15 (req),
                       min_tokens: 15 (req)
21:29:59.974 INFO:     #267 chat/completions (stream): 15 tokens generated at
                       258.5 T/s · prompt 399 tokens, none cached, 399 new in
                       0.23 s (1,735 T/s) · first token 0.24 s, total 0.29 s ·
                       draft 9/18 accepted (50%) · max_tokens reached
21:29:59.976 INFO:     #268 chat/completions (stream): 72 prompt tokens ·
                       temperature: 0, greedy (req), max_tokens: 279 (req),
                       min_tokens: 279 (req)
21:30:01.061 INFO:     #268 chat/completions (stream): 279 tokens generated at
                       279.0 T/s · prompt 72 tokens, none cached, 72 new in 0.08
                       s · first token 0.09 s, total 1.09 s · draft 178/303
                       accepted (59%) · max_tokens reached
21:30:01.064 INFO:     #269 chat/completions (stream): 64 prompt tokens ·
                       temperature: 0, greedy (req), max_tokens: 150 (req),
                       min_tokens: 150 (req)
21:30:01.769 INFO:     #269 chat/completions (stream): 150 tokens generated at
                       239.6 T/s · prompt 64 tokens, none cached, 64 new in 0.07
                       s · first token 0.08 s, total 0.70 s · draft 86/192
                       accepted (45%) · max_tokens reached
21:30:01.772 INFO:     #270 chat/completions (stream): 340 prompt tokens ·
                       temperature: 0, greedy (req), max_tokens: 26 (req),
                       min_tokens: 26 (req)
21:30:02.093 INFO:     #270 chat/completions (stream): 26 tokens generated at
                       259.8 T/s · prompt 340 tokens, none cached, 340 new in
                       0.21 s (1,619 T/s) · first token 0.22 s, total 0.32 s ·
                       draft 16/30 accepted (53%) · max_tokens reached
21:30:02.095 INFO:     #272 chat/completions (stream): 66 prompt tokens ·
                       temperature: 0, greedy (req), max_tokens: 12 (req),
                       min_tokens: 12 (req)
21:30:02.206 INFO:     #272 chat/completions (stream): 12 tokens generated at
                       411.8 T/s · prompt 66 tokens, none cached, 66 new in 0.07
                       s · first token 0.08 s, total 0.10 s · draft 9/9 accepted
                       (100%) · max_tokens reached
21:30:02.209 INFO:     #273 chat/completions (stream): 446 prompt tokens ·
                       temperature: 0, greedy (req), max_tokens: 8 (req),
                       min_tokens: 8 (req)
21:30:02.470 INFO:     #273 chat/completions (stream): 8 tokens generated at
                       278.7 T/s · prompt 446 tokens, none cached, 446 new in
                       0.22 s (2,027 T/s) · first token 0.22 s, total 0.25 s ·
                       draft 5/9 accepted (56%) · max_tokens reached
21:30:02.472 INFO:     #274 chat/completions (stream): 99 prompt tokens ·
                       temperature: 0, greedy (req), max_tokens: 429 (req),
                       min_tokens: 429 (req)
21:30:04.208 INFO:     #274 chat/completions (stream): 429 tokens generated at
                       262.0 T/s · prompt 99 tokens, none cached, 99 new in 0.09
                       s · first token 0.10 s, total 1.73 s · draft 265/492
                       accepted (54%) · max_tokens reached
21:30:04.210 INFO:     #275 chat/completions (stream): 70 prompt tokens ·
                       temperature: 0, greedy (req), max_tokens: 772 (req),
                       min_tokens: 772 (req)
21:30:07.376 INFO:     #275 chat/completions (stream): 772 tokens generated at
                       250.6 T/s · prompt 70 tokens, none cached, 70 new in 0.08
                       s · first token 0.09 s, total 3.17 s · draft 461/933
                       accepted (49%) · max_tokens reached
21:30:07.379 INFO:     #276 chat/completions (stream): 391 prompt tokens ·
                       temperature: 0, greedy (req), max_tokens: 46 (req),
                       min_tokens: 46 (req)
21:30:07.827 INFO:     #276 chat/completions (stream): 46 tokens generated at
                       219.0 T/s · prompt 391 tokens, none cached, 391 new in
                       0.23 s (1,700 T/s) · first token 0.24 s, total 0.45 s ·
                       draft 25/63 accepted (40%) · max_tokens reached
21:30:07.829 INFO:     #277 chat/completions (stream): 60 prompt tokens ·
                       temperature: 0, greedy (req), max_tokens: 75 (req),
                       min_tokens: 75 (req)
21:30:08.161 INFO:     #277 chat/completions (stream): 75 tokens generated at
                       294.2 T/s · prompt 60 tokens, none cached, 60 new in 0.07
                       s · first token 0.08 s, total 0.33 s · draft 49/78
                       accepted (63%) · max_tokens reached
21:30:08.165 INFO:     #278 chat/completions (stream): 691 prompt tokens ·
                       temperature: 0, greedy (req), max_tokens: 139 (req),
                       min_tokens: 139 (req)
21:30:08.950 INFO:     #278 chat/completions (stream): 139 tokens generated at
                       275.7 T/s · prompt 691 tokens, none cached, 691 new in
                       0.27 s (2,559 T/s) · first token 0.28 s, total 0.78 s ·
                       draft 88/153 accepted (58%) · max_tokens reached
21:30:08.952 INFO:     #279 chat/completions (stream): 68 prompt tokens ·
                       temperature: 0, greedy (req), max_tokens: 282 (req),
                       min_tokens: 282 (req)
21:30:10.133 INFO:     #279 chat/completions (stream): 282 tokens generated at
                       258.0 T/s · prompt 68 tokens, none cached, 68 new in 0.08
                       s · first token 0.09 s, total 1.18 s · draft 171/333
                       accepted (51%) · max_tokens reached
21:30:10.136 INFO:     #280 chat/completions (stream): 63 prompt tokens ·
                       temperature: 0, greedy (req), max_tokens: 98 (req),
                       min_tokens: 98 (req)
21:30:10.532 INFO:     #280 chat/completions (stream): 98 tokens generated at
                       306.7 T/s · prompt 63 tokens, none cached, 63 new in 0.07
                       s · first token 0.08 s, total 0.39 s · draft 66/96
                       accepted (69%) · max_tokens reached
21:30:10.536 INFO:     #281 chat/completions (stream): 815 prompt tokens ·
                       temperature: 0, greedy (req), max_tokens: 282 (req),
                       min_tokens: 282 (req)
21:30:11.982 INFO:     #281 chat/completions (stream): 282 tokens generated at
                       237.9 T/s · prompt 815 tokens, none cached, 815 new in
                       0.25 s (3,260 T/s) · first token 0.26 s, total 1.44 s ·
                       draft 163/357 accepted (46%) · max_tokens reached
21:30:11.984 INFO:     #282 chat/completions (stream): 84 prompt tokens ·
                       temperature: 0, greedy (req), max_tokens: 278 (req),
                       min_tokens: 278 (req)
21:30:13.116 INFO:     #282 chat/completions (stream): 278 tokens generated at
                       267.0 T/s · prompt 84 tokens, none cached, 84 new in 0.08
                       s · first token 0.09 s, total 1.13 s · draft 175/309
                       accepted (57%) · max_tokens reached
21:30:13.118 INFO:     #283 chat/completions (stream): 60 prompt tokens ·
                       temperature: 0, greedy (req), max_tokens: 202 (req),
                       min_tokens: 202 (req)
21:30:14.059 INFO:     #283 chat/completions (stream): 202 tokens generated at
                       234.1 T/s · prompt 60 tokens, none cached, 60 new in 0.07
                       s · first token 0.08 s, total 0.94 s · draft 114/264
                       accepted (43%) · max_tokens reached
21:30:14.061 INFO:     #284 chat/completions (stream): 62 prompt tokens ·
                       temperature: 0, greedy (req), max_tokens: 105 (req),
                       min_tokens: 105 (req)
21:30:14.605 INFO:     #284 chat/completions (stream): 105 tokens generated at
                       224.7 T/s · prompt 62 tokens, none cached, 62 new in 0.07
                       s · first token 0.08 s, total 0.54 s · draft 58/141
                       accepted (41%) · max_tokens reached
21:30:14.607 INFO:     #285 chat/completions (stream): 61 prompt tokens ·
                       temperature: 0, greedy (req), max_tokens: 61 (req),
                       min_tokens: 61 (req)
21:30:14.901 INFO:     #285 chat/completions (stream): 61 tokens generated at
                       283.1 T/s · prompt 61 tokens, none cached, 61 new in 0.07
                       s · first token 0.08 s, total 0.29 s · draft 39/66
                       accepted (59%) · max_tokens reached
21:30:14.903 INFO:     #286 chat/completions (stream): 65 prompt tokens ·
                       temperature: 0, greedy (req), max_tokens: 210 (req),
                       min_tokens: 210 (req)
21:30:15.702 INFO:     #286 chat/completions (stream): 210 tokens generated at
                       290.7 T/s · prompt 65 tokens, none cached, 65 new in 0.07
                       s · first token 0.07 s, total 0.80 s · draft 138/216
                       accepted (64%) · max_tokens reached
21:30:15.704 INFO:     #287 chat/completions (stream): 60 prompt tokens ·
                       temperature: 0, greedy (req), max_tokens: 41 (req),
                       min_tokens: 41 (req)
21:30:15.919 INFO:     #287 chat/completions (stream): 41 tokens generated at
                       295.9 T/s · prompt 60 tokens, none cached, 60 new in 0.07
                       s · first token 0.08 s, total 0.21 s · draft 27/42
                       accepted (64%) · max_tokens reached
21:30:15.921 INFO:     #288 chat/completions (stream): 60 prompt tokens ·
                       temperature: 0, greedy (req), max_tokens: 287 (req),
                       min_tokens: 287 (req)
21:30:17.082 INFO:     #288 chat/completions (stream): 287 tokens generated at
                       264.6 T/s · prompt 60 tokens, none cached, 60 new in 0.07
                       s · first token 0.07 s, total 1.16 s · draft 178/327
                       accepted (54%) · max_tokens reached
21:30:17.084 INFO:     #290 chat/completions (stream): 70 prompt tokens ·
                       temperature: 0, greedy (req), max_tokens: 276 (req),
                       min_tokens: 276 (req)
21:30:18.435 INFO:     #290 chat/completions (stream): 276 tokens generated at
                       218.0 T/s · prompt 70 tokens, none cached, 70 new in 0.08
                       s · first token 0.09 s, total 1.35 s · draft 148/384
                       accepted (39%) · max_tokens reached
21:30:18.438 INFO:     #291 chat/completions (stream): 107 prompt tokens ·
                       temperature: 0, greedy (req), max_tokens: 176 (req),
                       min_tokens: 176 (req)
21:30:19.082 INFO:     #291 chat/completions (stream): 176 tokens generated at
                       324.9 T/s · prompt 107 tokens, none cached, 107 new in
                       0.10 s · first token 0.11 s, total 0.65 s · draft 122/162
                       accepted (75%) · max_tokens reached
21:30:19.087 INFO:     #292 chat/completions (stream): 987 prompt tokens ·
                       temperature: 0, greedy (req), max_tokens: 113 (req),
                       min_tokens: 113 (req)
21:30:19.768 INFO:     #292 chat/completions (stream): 113 tokens generated at
                       300.7 T/s · prompt 987 tokens, none cached, 987 new in
                       0.30 s (3,290 T/s) · first token 0.31 s, total 0.68 s ·
                       draft 75/114 accepted (66%) · max_tokens reached
21:30:19.772 INFO:     #293 chat/completions (stream): 731 prompt tokens ·
                       temperature: 0, greedy (req), max_tokens: 694 (req),
                       min_tokens: 694 (req)
21:30:22.744 INFO:     #293 chat/completions (stream): 694 tokens generated at
                       256.5 T/s · prompt 731 tokens, none cached, 731 new in
                       0.26 s (2,812 T/s) · first token 0.27 s, total 2.97 s ·
                       draft 420/822 accepted (51%) · max_tokens reached
21:30:22.746 INFO:     #294 chat/completions (stream): 67 prompt tokens ·
                       temperature: 0, greedy (req), max_tokens: 84 (req),
                       min_tokens: 84 (req)
21:30:23.142 INFO:     #294 chat/completions (stream): 84 tokens generated at
                       268.7 T/s · prompt 67 tokens, none cached, 67 new in 0.08
                       s · first token 0.09 s, total 0.40 s · draft 52/96
                       accepted (54%) · max_tokens reached
21:30:23.145 INFO:     #295 chat/completions (stream): 91 prompt tokens ·
                       temperature: 0, greedy (req), max_tokens: 464 (req),
                       min_tokens: 464 (req)
21:30:25.106 INFO:     #295 chat/completions (stream): 464 tokens generated at
                       248.2 T/s · prompt 91 tokens, none cached, 91 new in 0.08
                       s · first token 0.09 s, total 1.95 s · draft 274/570
                       accepted (48%) · max_tokens reached
21:30:25.108 INFO:     #296 chat/completions (stream): 114 prompt tokens ·
                       temperature: 0, greedy (req), max_tokens: 425 (req),
                       min_tokens: 425 (req)
21:30:26.979 INFO:     #296 chat/completions (stream): 425 tokens generated at
                       240.7 T/s · prompt 114 tokens, none cached, 114 new in
                       0.10 s · first token 0.11 s, total 1.87 s · draft 247/534
                       accepted (46%) · max_tokens reached
21:30:26.982 INFO:     #297 chat/completions (stream): 60 prompt tokens ·
                       temperature: 0, greedy (req), max_tokens: 64 (req),
                       min_tokens: 64 (req)
21:30:27.271 INFO:     #297 chat/completions (stream): 64 tokens generated at
                       301.1 T/s · prompt 60 tokens, none cached, 60 new in 0.07
                       s · first token 0.08 s, total 0.29 s · draft 43/63
                       accepted (68%) · max_tokens reached
21:30:27.273 INFO:     #298 chat/completions (stream): 89 prompt tokens ·
                       temperature: 0, greedy (req), max_tokens: 609 (req),
                       min_tokens: 609 (req)
21:30:29.702 INFO:     #298 chat/completions (stream): 609 tokens generated at
                       260.5 T/s · prompt 89 tokens, none cached, 89 new in 0.08
                       s · first token 0.08 s, total 2.42 s · draft 374/705
                       accepted (53%) · max_tokens reached
21:30:29.706 INFO:     #299 chat/completions (stream): 648 prompt tokens ·
                       temperature: 0, greedy (req), max_tokens: 6 (req),
                       min_tokens: 6 (req)
21:30:29.992 INFO:     #299 chat/completions (stream): 6 tokens generated at
                       309.6 T/s · prompt 648 tokens, none cached, 648 new in
                       0.26 s (2,492 T/s) · first token 0.27 s, total 0.28 s ·
                       draft 4/6 accepted (67%) · max_tokens reached
21:30:29.995 INFO:     #300 chat/completions (stream): 113 prompt tokens ·
                       temperature: 0, greedy (req), max_tokens: 71 (req),
                       min_tokens: 71 (req)
21:30:30.298 INFO:     #300 chat/completions (stream): 71 tokens generated at
                       356.5 T/s · prompt 113 tokens, none cached, 113 new in
                       0.10 s · first token 0.11 s, total 0.31 s · draft 51/60
                       accepted (85%) · max_tokens reached
21:30:30.300 INFO:     #301 chat/completions (stream): 68 prompt tokens ·
                       temperature: 0, greedy (req), max_tokens: 169 (req),
                       min_tokens: 169 (req)
21:30:30.956 INFO:     #301 chat/completions (stream): 169 tokens generated at
                       294.6 T/s · prompt 68 tokens, none cached, 68 new in 0.08
                       s · first token 0.08 s, total 0.66 s · draft 111/174
                       accepted (64%) · max_tokens reached
21:30:30.958 INFO:     #302 chat/completions (stream): 164 prompt tokens ·
                       temperature: 0, greedy (req), max_tokens: 302 (req),
                       min_tokens: 302 (req)
21:30:32.399 INFO:     #302 chat/completions (stream): 302 tokens generated at
                       225.3 T/s · prompt 164 tokens, none cached, 164 new in
                       0.09 s · first token 0.10 s, total 1.44 s · draft 168/402
                       accepted (42%) · max_tokens reached
21:30:32.401 INFO:     #304 chat/completions (stream): 75 prompt tokens ·
                       temperature: 0, greedy (req), max_tokens: 306 (req),
                       min_tokens: 306 (req)
21:30:33.664 INFO:     #304 chat/completions (stream): 306 tokens generated at
                       260.2 T/s · prompt 75 tokens, none cached, 75 new in 0.08
                       s · first token 0.09 s, total 1.26 s · draft 188/354
                       accepted (53%) · max_tokens reached
21:30:33.667 INFO:     #305 chat/completions (stream): 256 prompt tokens ·
                       temperature: 0, greedy (req), max_tokens: 28 (req),
                       min_tokens: 28 (req)
21:30:33.910 INFO:     #305 chat/completions (stream): 28 tokens generated at
                       232.7 T/s · prompt 256 tokens, none cached, 256 new in
                       0.11 s (2,327 T/s) · first token 0.12 s, total 0.24 s ·
                       draft 16/36 accepted (44%) · max_tokens reached
21:30:33.912 INFO:     #306 chat/completions (stream): 137 prompt tokens ·
                       temperature: 0, greedy (req), max_tokens: 52 (req),
                       min_tokens: 52 (req)
21:30:34.189 INFO:     #306 chat/completions (stream): 52 tokens generated at
                       323.3 T/s · prompt 137 tokens, none cached, 137 new in
                       0.11 s · first token 0.11 s, total 0.28 s · draft 36/48
                       accepted (75%) · max_tokens reached
21:30:34.193 INFO:     #307 chat/completions (stream): 840 prompt tokens ·
                       temperature: 0, greedy (req), max_tokens: 11 (req),
                       min_tokens: 11 (req)
21:30:34.527 INFO:     #307 chat/completions (stream): 11 tokens generated at
                       223.1 T/s · prompt 840 tokens, none cached, 840 new in
                       0.28 s (3,000 T/s) · first token 0.28 s, total 0.33 s ·
                       draft 6/15 accepted (40%) · max_tokens reached
21:30:34.529 INFO:     #308 chat/completions (stream): 77 prompt tokens ·
                       temperature: 0, greedy (req), max_tokens: 259 (req),
                       min_tokens: 259 (req)
21:30:35.565 INFO:     #308 chat/completions (stream): 259 tokens generated at
                       273.1 T/s · prompt 77 tokens, none cached, 77 new in 0.08
                       s · first token 0.09 s, total 1.03 s · draft 164/285
                       accepted (58%) · max_tokens reached
21:30:35.569 INFO:     #309 chat/completions (stream): 434 prompt tokens ·
                       temperature: 0, greedy (req), max_tokens: 25 (req),
                       min_tokens: 25 (req)
21:30:35.876 INFO:     #309 chat/completions (stream): 25 tokens generated at
                       312.7 T/s · prompt 434 tokens, none cached, 434 new in
                       0.22 s (1,973 T/s) · first token 0.23 s, total 0.31 s ·
                       draft 17/24 accepted (71%) · max_tokens reached
21:30:35.878 INFO:     #310 chat/completions (stream): 136 prompt tokens ·
                       temperature: 0, greedy (req), max_tokens: 292 (req),
                       min_tokens: 292 (req)
21:30:37.049 INFO:     #310 chat/completions (stream): 292 tokens generated at
                       277.2 T/s · prompt 136 tokens, none cached, 136 new in
                       0.11 s · first token 0.12 s, total 1.17 s · draft 186/318
                       accepted (58%) · max_tokens reached
21:30:37.051 INFO:     #311 chat/completions (stream): 151 prompt tokens ·
                       temperature: 0, greedy (req), max_tokens: 435 (req),
                       min_tokens: 435 (req)
21:30:38.762 INFO:     #311 chat/completions (stream): 435 tokens generated at
                       269.4 T/s · prompt 151 tokens, none cached, 151 new in
                       0.09 s · first token 0.10 s, total 1.71 s · draft 273/486
                       accepted (56%) · max_tokens reached
21:30:38.766 INFO:     #312 chat/completions (stream): 884 prompt tokens ·
                       temperature: 0, greedy (req), max_tokens: 18 (req),
                       min_tokens: 18 (req)
21:30:39.130 INFO:     #312 chat/completions (stream): 18 tokens generated at
                       301.4 T/s · prompt 884 tokens, none cached, 884 new in
                       0.29 s (3,048 T/s) · first token 0.30 s, total 0.36 s ·
                       draft 12/18 accepted (67%) · max_tokens reached
21:30:39.133 INFO:     #313 chat/completions (stream): 311 prompt tokens ·
                       temperature: 0, greedy (req), max_tokens: 195 (req),
                       min_tokens: 195 (req)
21:30:40.131 INFO:     #313 chat/completions (stream): 195 tokens generated at
                       247.1 T/s · prompt 311 tokens, none cached, 311 new in
                       0.20 s (1,555 T/s) · first token 0.21 s, total 1.00 s ·
                       draft 115/240 accepted (48%) · max_tokens reached
21:30:40.134 INFO:     #314 chat/completions (stream): 425 prompt tokens ·
                       temperature: 0, greedy (req), max_tokens: 28 (req),
                       min_tokens: 28 (req)
21:30:40.479 INFO:     #314 chat/completions (stream): 28 tokens generated at
                       234.1 T/s · prompt 425 tokens, none cached, 425 new in
                       0.22 s (1,932 T/s) · first token 0.23 s, total 0.35 s ·
                       draft 16/36 accepted (44%) · max_tokens reached
21:30:40.483 INFO:     #315 chat/completions (stream): 804 prompt tokens ·
                       temperature: 0, greedy (req), max_tokens: 15 (req),
                       min_tokens: 15 (req)
21:30:40.800 INFO:     #315 chat/completions (stream): 15 tokens generated at
                       259.3 T/s · prompt 804 tokens, none cached, 804 new in
                       0.25 s (3,216 T/s) · first token 0.26 s, total 0.31 s ·
                       draft 9/18 accepted (50%) · max_tokens reached
21:30:40.804 INFO:     #316 chat/completions (stream): 614 prompt tokens ·
                       temperature: 0, greedy (req), max_tokens: 11 (req),
                       min_tokens: 11 (req)
21:30:41.094 INFO:     #316 chat/completions (stream): 11 tokens generated at
                       277.5 T/s · prompt 614 tokens, none cached, 614 new in
                       0.24 s (2,558 T/s) · first token 0.25 s, total 0.28 s ·
                       draft 7/12 accepted (58%) · max_tokens reached
21:30:41.097 INFO:     #317 chat/completions (stream): 289 prompt tokens ·
                       temperature: 0, greedy (req), max_tokens: 22 (req),
                       min_tokens: 22 (req)
21:30:41.319 INFO:     #317 chat/completions (stream): 22 tokens generated at
                       376.2 T/s · prompt 289 tokens, none cached, 289 new in
                       0.15 s (1,927 T/s) · first token 0.16 s, total 0.21 s ·
                       draft 16/18 accepted (89%) · max_tokens reached
21:30:41.321 INFO:     #318 chat/completions (stream): 63 prompt tokens ·
                       temperature: 0, greedy (req), max_tokens: 193 (req),
                       min_tokens: 193 (req)
21:30:42.145 INFO:     #318 chat/completions (stream): 193 tokens generated at
                       258.7 T/s · prompt 63 tokens, none cached, 63 new in 0.07
                       s · first token 0.07 s, total 0.82 s · draft 117/228
                       accepted (51%) · max_tokens reached
21:30:42.147 INFO:     #319 chat/completions (stream): 225 prompt tokens ·
                       temperature: 0, greedy (req), max_tokens: 242 (req),
                       min_tokens: 242 (req)
21:30:43.072 INFO:     #319 chat/completions (stream): 242 tokens generated at
                       298.8 T/s · prompt 225 tokens, none cached, 225 new in
                       0.11 s · first token 0.12 s, total 0.93 s · draft 161/243
                       accepted (66%) · max_tokens reached
21:30:43.075 INFO:     #320 chat/completions (stream): 70 prompt tokens ·
                       temperature: 0, greedy (req), max_tokens: 102 (req),
                       min_tokens: 102 (req)
21:30:43.529 INFO:     #320 chat/completions (stream): 102 tokens generated at
                       282.8 T/s · prompt 70 tokens, none cached, 70 new in 0.08
                       s · first token 0.09 s, total 0.45 s · draft 68/102
                       accepted (67%) · max_tokens reached
21:30:43.532 INFO:     #321 chat/completions (stream): 248 prompt tokens ·
                       temperature: 0, greedy (req), max_tokens: 8 (req),
                       min_tokens: 8 (req)
21:30:43.682 INFO:     #321 chat/completions (stream): 8 tokens generated at
                       269.9 T/s · prompt 248 tokens, none cached, 248 new in
                       0.11 s · first token 0.12 s, total 0.15 s · draft 5/9
                       accepted (56%) · max_tokens reached
21:30:43.684 INFO:     #322 chat/completions (stream): 91 prompt tokens ·
                       temperature: 0, greedy (req), max_tokens: 333 (req),
                       min_tokens: 333 (req)
21:30:45.199 INFO:     #322 chat/completions (stream): 333 tokens generated at
                       234.1 T/s · prompt 91 tokens, none cached, 91 new in 0.09
                       s · first token 0.09 s, total 1.52 s · draft 189/432
                       accepted (44%) · max_tokens reached
21:30:45.201 INFO:     #323 chat/completions (stream): 86 prompt tokens ·
                       temperature: 0, greedy (req), max_tokens: 334 (req),
                       min_tokens: 334 (req)
21:30:46.574 INFO:     #323 chat/completions (stream): 334 tokens generated at
                       261.1 T/s · prompt 86 tokens, none cached, 86 new in 0.09
                       s · first token 0.10 s, total 1.37 s · draft 205/387
                       accepted (53%) · max_tokens reached
21:30:46.577 INFO:     #324 chat/completions (stream): 322 prompt tokens ·
                       temperature: 0, greedy (req), max_tokens: 326 (req),
                       min_tokens: 326 (req)
21:30:47.986 INFO:     #324 chat/completions (stream): 326 tokens generated at
                       271.9 T/s · prompt 322 tokens, none cached, 322 new in
                       0.20 s (1,610 T/s) · first token 0.21 s, total 1.40 s ·
                       draft 204/366 accepted (56%) · max_tokens reached
21:30:47.989 INFO:     #326 chat/completions (stream): 81 prompt tokens ·
                       temperature: 0, greedy (req), max_tokens: 353 (req),
                       min_tokens: 353 (req)
21:30:49.532 INFO:     #326 chat/completions (stream): 353 tokens generated at
                       242.4 T/s · prompt 81 tokens, none cached, 81 new in 0.08
                       s · first token 0.09 s, total 1.54 s · draft 207/438
                       accepted (47%) · max_tokens reached
21:30:49.534 INFO:     #327 chat/completions (stream): 218 prompt tokens ·
                       temperature: 0, greedy (req), max_tokens: 599 (req),
                       min_tokens: 599 (req)
21:30:51.870 INFO:     #327 chat/completions (stream): 599 tokens generated at
                       269.9 T/s · prompt 218 tokens, none cached, 218 new in
                       0.11 s · first token 0.12 s, total 2.34 s · draft 376/669
                       accepted (56%) · max_tokens reached
21:30:51.872 INFO:     #328 chat/completions (stream): 274 prompt tokens ·
                       temperature: 0, greedy (req), max_tokens: 94 (req),
                       min_tokens: 94 (req)
21:30:52.377 INFO:     #328 chat/completions (stream): 94 tokens generated at
                       273.4 T/s · prompt 274 tokens, none cached, 274 new in
                       0.15 s (1,827 T/s) · first token 0.16 s, total 0.50 s ·
                       draft 60/102 accepted (59%) · max_tokens reached
21:30:52.380 INFO:     #329 chat/completions (stream): 90 prompt tokens ·
                       temperature: 0, greedy (req), max_tokens: 1439 (req),
                       min_tokens: 1439 (req)
21:30:57.704 INFO:     #329 chat/completions (stream): 1,439 tokens generated at
                       275.0 T/s · prompt 90 tokens, none cached, 90 new in 0.08
                       s · first token 0.09 s, total 5.32 s · draft 910/1587
                       accepted (57%) · max_tokens reached
21:30:57.708 INFO:     #330 chat/completions (stream): 322 prompt tokens ·
                       temperature: 0, greedy (req), max_tokens: 23 (req),
                       min_tokens: 23 (req)
21:30:57.992 INFO:     #330 chat/completions (stream): 23 tokens generated at
                       292.8 T/s · prompt 322 tokens, none cached, 322 new in
                       0.20 s (1,610 T/s) · first token 0.21 s, total 0.28 s ·
                       draft 15/24 accepted (62%) · max_tokens reached
21:30:57.996 INFO:     #331 chat/completions (stream): 628 prompt tokens ·
                       temperature: 0, greedy (req), max_tokens: 93 (req),
                       min_tokens: 93 (req)
21:30:58.619 INFO:     #331 chat/completions (stream): 93 tokens generated at
                       253.6 T/s · prompt 628 tokens, none cached, 628 new in
                       0.25 s (2,512 T/s) · first token 0.26 s, total 0.62 s ·
                       draft 56/111 accepted (50%) · max_tokens reached
21:30:58.621 INFO:     #332 chat/completions (stream): 73 prompt tokens ·
                       temperature: 0, greedy (req), max_tokens: 327 (req),
                       min_tokens: 327 (req)
21:30:59.920 INFO:     #332 chat/completions (stream): 327 tokens generated at
                       269.5 T/s · prompt 73 tokens, none cached, 73 new in 0.08
                       s · first token 0.09 s, total 1.30 s · draft 205/366
                       accepted (56%) · max_tokens reached
21:30:59.922 INFO:     #333 chat/completions (stream): 90 prompt tokens ·
                       temperature: 0, greedy (req), max_tokens: 131 (req),
                       min_tokens: 131 (req)
21:31:00.438 INFO:     #333 chat/completions (stream): 131 tokens generated at
                       310.8 T/s · prompt 90 tokens, none cached, 90 new in 0.09
                       s · first token 0.10 s, total 0.52 s · draft 89/126
                       accepted (71%) · max_tokens reached
21:31:00.441 INFO:     #334 chat/completions (stream): 828 prompt tokens ·
                       temperature: 0, greedy (req), max_tokens: 39 (req),
                       min_tokens: 39 (req)
21:31:00.844 INFO:     #334 chat/completions (stream): 39 tokens generated at
                       280.7 T/s · prompt 828 tokens, none cached, 828 new in
                       0.25 s (3,312 T/s) · first token 0.26 s, total 0.39 s ·
                       draft 25/42 accepted (60%) · max_tokens reached
21:31:00.847 INFO:     #335 chat/completions (stream): 579 prompt tokens ·
                       temperature: 0, greedy (req), max_tokens: 213 (req),
                       min_tokens: 213 (req)
21:31:01.973 INFO:     #335 chat/completions (stream): 213 tokens generated at
                       239.7 T/s · prompt 579 tokens, none cached, 579 new in
                       0.23 s (2,517 T/s) · first token 0.24 s, total 1.12 s ·
                       draft 124/267 accepted (46%) · max_tokens reached
21:31:01.975 INFO:     #337 chat/completions (stream): 57 prompt tokens ·
                       temperature: 0, greedy (req), max_tokens: 56 (req),
                       min_tokens: 56 (req)
21:31:02.308 INFO:     #337 chat/completions (stream): 56 tokens generated at
                       219.0 T/s · prompt 57 tokens, none cached, 57 new in 0.07
                       s · first token 0.08 s, total 0.33 s · draft 31/75
                       accepted (41%) · max_tokens reached
21:31:02.310 INFO:     #338 chat/completions (stream): 56 prompt tokens ·
                       temperature: 0, greedy (req), max_tokens: 277 (req),
                       min_tokens: 277 (req)
21:31:03.357 INFO:     #338 chat/completions (stream): 277 tokens generated at
                       284.9 T/s · prompt 56 tokens, none cached, 56 new in 0.07
                       s · first token 0.08 s, total 1.05 s · draft 179/294
                       accepted (61%) · max_tokens reached
21:31:03.360 INFO:     #339 chat/completions (stream): 196 prompt tokens ·
                       temperature: 0, greedy (req), max_tokens: 362 (req),
                       min_tokens: 362 (req)
21:31:04.844 INFO:     #339 chat/completions (stream): 362 tokens generated at
                       263.5 T/s · prompt 196 tokens, none cached, 196 new in
                       0.10 s · first token 0.11 s, total 1.48 s · draft 224/414
                       accepted (54%) · max_tokens reached
21:31:04.846 INFO:     #340 chat/completions (stream): 81 prompt tokens ·
                       temperature: 0, greedy (req), max_tokens: 1003 (req),
                       min_tokens: 1003 (req)
21:31:07.868 INFO:     #340 chat/completions (stream): 1,003 tokens generated at
                       342.0 T/s · prompt 81 tokens, none cached, 81 new in 0.08
                       s · first token 0.09 s, total 3.02 s · draft 706/891
                       accepted (79%) · max_tokens reached
21:31:07.871 INFO:     #341 chat/completions (stream): 255 prompt tokens ·
                       temperature: 0, greedy (req), max_tokens: 819 (req),
                       min_tokens: 819 (req)
21:31:10.684 INFO:     #341 chat/completions (stream): 819 tokens generated at
                       304.6 T/s · prompt 255 tokens, none cached, 255 new in
                       0.12 s · first token 0.13 s, total 2.81 s · draft 549/810
                       accepted (68%) · max_tokens reached
21:31:10.689 INFO:     #342 chat/completions (stream): 891 prompt tokens ·
                       temperature: 0, greedy (req), max_tokens: 37 (req),
                       min_tokens: 37 (req)
21:31:11.094 INFO:     #342 chat/completions (stream): 37 tokens generated at
                       305.1 T/s · prompt 891 tokens, none cached, 891 new in
                       0.27 s (3,300 T/s) · first token 0.28 s, total 0.40 s ·
                       draft 25/36 accepted (69%) · max_tokens reached
21:31:11.098 INFO:     #343 chat/completions (stream): 442 prompt tokens ·
                       temperature: 0, greedy (req), max_tokens: 43 (req),
                       min_tokens: 43 (req)
21:31:11.519 INFO:     #343 chat/completions (stream): 43 tokens generated at
                       228.8 T/s · prompt 442 tokens, none cached, 442 new in
                       0.22 s (2,009 T/s) · first token 0.23 s, total 0.41 s ·
                       draft 24/57 accepted (42%) · max_tokens reached
21:31:11.521 INFO:     #344 chat/completions (stream): 63 prompt tokens ·
                       temperature: 0, greedy (req), max_tokens: 241 (req),
                       min_tokens: 241 (req)
21:31:12.658 INFO:     #344 chat/completions (stream): 241 tokens generated at
                       227.8 T/s · prompt 63 tokens, none cached, 63 new in 0.07
                       s · first token 0.08 s, total 1.13 s · draft 135/318
                       accepted (42%) · max_tokens reached
21:31:12.661 INFO:     #345 chat/completions (stream): 155 prompt tokens ·
                       temperature: 0, greedy (req), max_tokens: 692 (req),
                       min_tokens: 692 (req)
21:31:16.042 INFO:     #345 chat/completions (stream): 692 tokens generated at
                       210.9 T/s · prompt 155 tokens, none cached, 155 new in
                       0.09 s · first token 0.10 s, total 3.38 s · draft 360/996
                       accepted (36%) · max_tokens reached
21:31:16.045 INFO:     #346 chat/completions (stream): 340 prompt tokens ·
                       temperature: 0, greedy (req), max_tokens: 14 (req),
                       min_tokens: 14 (req)
21:31:16.351 INFO:     #346 chat/completions (stream): 14 tokens generated at
                       349.5 T/s · prompt 340 tokens, none cached, 340 new in
                       0.25 s (1,360 T/s) · first token 0.26 s, total 0.30 s ·
                       draft 10/12 accepted (83%) · max_tokens reached
21:31:16.353 INFO:     #347 chat/completions (stream): 59 prompt tokens ·
                       temperature: 0, greedy (req), max_tokens: 35 (req),
                       min_tokens: 35 (req)
21:31:16.548 INFO:     #347 chat/completions (stream): 35 tokens generated at
                       297.4 T/s · prompt 59 tokens, none cached, 59 new in 0.07
                       s · first token 0.08 s, total 0.19 s · draft 23/36
                       accepted (64%) · max_tokens reached
21:31:16.550 INFO:     #348 chat/completions (stream): 71 prompt tokens ·
                       temperature: 0, greedy (req), max_tokens: 88 (req),
                       min_tokens: 88 (req)
21:31:16.969 INFO:     #348 chat/completions (stream): 88 tokens generated at
                       262.3 T/s · prompt 71 tokens, none cached, 71 new in 0.08
                       s · first token 0.09 s, total 0.42 s · draft 54/102
                       accepted (53%) · max_tokens reached
21:31:16.971 INFO:     #350 chat/completions (stream): 282 prompt tokens ·
                       temperature: 0, greedy (req), max_tokens: 6 (req),
                       min_tokens: 6 (req)
21:31:17.147 INFO:     #350 chat/completions (stream): 6 tokens generated at
                       314.3 T/s · prompt 282 tokens, none cached, 282 new in
                       0.15 s (1,880 T/s) · first token 0.15 s, total 0.17 s ·
                       draft 4/6 accepted (67%) · max_tokens reached
21:31:17.149 INFO:     #351 chat/completions (stream): 94 prompt tokens ·
                       temperature: 0, greedy (req), max_tokens: 262 (req),
                       min_tokens: 262 (req)
21:31:18.122 INFO:     #351 chat/completions (stream): 262 tokens generated at
                       298.8 T/s · prompt 94 tokens, none cached, 94 new in 0.09
                       s · first token 0.10 s, total 0.97 s · draft 173/267
                       accepted (65%) · max_tokens reached
21:31:18.125 INFO:     #352 chat/completions (stream): 491 prompt tokens ·
                       temperature: 0, greedy (req), max_tokens: 604 (req),
                       min_tokens: 604 (req)
21:31:20.550 INFO:     #352 chat/completions (stream): 604 tokens generated at
                       276.4 T/s · prompt 491 tokens, none cached, 491 new in
                       0.23 s (2,135 T/s) · first token 0.24 s, total 2.42 s ·
                       draft 385/657 accepted (59%) · max_tokens reached
21:31:20.553 INFO:     #353 chat/completions (stream): 334 prompt tokens ·
                       temperature: 0, greedy (req), max_tokens: 28 (req),
                       min_tokens: 28 (req)
21:31:20.871 INFO:     #353 chat/completions (stream): 28 tokens generated at
                       281.9 T/s · prompt 334 tokens, none cached, 334 new in
                       0.21 s (1,590 T/s) · first token 0.22 s, total 0.31 s ·
                       draft 18/30 accepted (60%) · max_tokens reached
21:31:20.875 INFO:     #354 chat/completions (stream): 528 prompt tokens ·
                       temperature: 0, greedy (req), max_tokens: 15 (req),
                       min_tokens: 15 (req)
21:31:21.123 INFO:     #354 chat/completions (stream): 15 tokens generated at
                       218.6 T/s · prompt 528 tokens, none cached, 528 new in
                       0.17 s (3,106 T/s) · first token 0.18 s, total 0.24 s ·
                       draft 8/21 accepted (38%) · max_tokens reached
21:31:21.125 INFO:     #355 chat/completions (stream): 67 prompt tokens ·
                       temperature: 0, greedy (req), max_tokens: 318 (req),
                       min_tokens: 318 (req)
21:31:22.533 INFO:     #355 chat/completions (stream): 318 tokens generated at
                       240.1 T/s · prompt 67 tokens, none cached, 67 new in 0.08
                       s · first token 0.09 s, total 1.41 s · draft 185/399
                       accepted (46%) · max_tokens reached
21:31:22.536 INFO:     #356 chat/completions (stream): 416 prompt tokens ·
                       temperature: 0, greedy (req), max_tokens: 10 (req),
                       min_tokens: 10 (req)
21:31:22.801 INFO:     #356 chat/completions (stream): 10 tokens generated at
                       342.5 T/s · prompt 416 tokens, none cached, 416 new in
                       0.23 s (1,809 T/s) · first token 0.24 s, total 0.26 s ·
                       draft 7/9 accepted (78%) · max_tokens reached
21:31:22.804 INFO:     #357 chat/completions (stream): 118 prompt tokens ·
                       temperature: 0, greedy (req), max_tokens: 345 (req),
                       min_tokens: 345 (req)
21:31:24.228 INFO:     #357 chat/completions (stream): 345 tokens generated at
                       261.8 T/s · prompt 118 tokens, none cached, 118 new in
                       0.10 s · first token 0.10 s, total 1.42 s · draft 214/393
                       accepted (54%) · max_tokens reached
21:31:24.232 INFO:     #358 chat/completions (stream): 697 prompt tokens ·
                       temperature: 0, greedy (req), max_tokens: 1321 (req),
                       min_tokens: 1321 (req)
21:31:29.354 INFO:     #358 chat/completions (stream): 1,321 tokens generated at
                       271.7 T/s · prompt 697 tokens, none cached, 697 new in
                       0.25 s (2,788 T/s) · first token 0.26 s, total 5.12 s ·
                       draft 834/1461 accepted (57%) · max_tokens reached
21:31:29.358 INFO:     #359 chat/completions (stream): 683 prompt tokens ·
                       temperature: 0, greedy (req), max_tokens: 9 (req),
                       min_tokens: 9 (req)
21:31:29.643 INFO:     #359 chat/completions (stream): 9 tokens generated at
                       313.3 T/s · prompt 683 tokens, none cached, 683 new in
                       0.25 s (2,732 T/s) · first token 0.26 s, total 0.28 s ·
                       draft 6/9 accepted (67%) · max_tokens reached
21:31:29.647 INFO:     #360 chat/completions (stream): 763 prompt tokens ·
                       temperature: 0, greedy (req), max_tokens: 35 (req),
                       min_tokens: 35 (req)
21:31:30.045 INFO:     #360 chat/completions (stream): 35 tokens generated at
                       271.9 T/s · prompt 763 tokens, none cached, 763 new in
                       0.26 s (2,935 T/s) · first token 0.27 s, total 0.39 s ·
                       draft 22/39 accepted (56%) · max_tokens reached
21:31:30.048 INFO:     #361 chat/completions (stream): 596 prompt tokens ·
                       temperature: 0, greedy (req), max_tokens: 11 (req),
                       min_tokens: 11 (req)
21:31:30.330 INFO:     #361 chat/completions (stream): 11 tokens generated at
                       278.6 T/s · prompt 596 tokens, none cached, 596 new in
                       0.23 s (2,591 T/s) · first token 0.24 s, total 0.28 s ·
                       draft 7/12 accepted (58%) · max_tokens reached
21:31:30.333 INFO:     #362 chat/completions (stream): 67 prompt tokens ·
                       temperature: 0, greedy (req), max_tokens: 72 (req),
                       min_tokens: 72 (req)
21:31:30.686 INFO:     #362 chat/completions (stream): 72 tokens generated at
                       268.0 T/s · prompt 67 tokens, none cached, 67 new in 0.08
                       s · first token 0.09 s, total 0.35 s · draft 45/81
                       accepted (56%) · max_tokens reached
21:31:30.689 INFO:     #363 chat/completions (stream): 266 prompt tokens ·
                       temperature: 0, greedy (req), max_tokens: 6 (req),
                       min_tokens: 6 (req)
21:31:30.853 INFO:     #363 chat/completions (stream): 6 tokens generated at
                       308.9 T/s · prompt 266 tokens, none cached, 266 new in
                       0.14 s (1,900 T/s) · first token 0.15 s, total 0.16 s ·
                       draft 4/6 accepted (67%) · max_tokens reached
21:31:30.856 INFO:     #364 chat/completions (stream): 104 prompt tokens ·
                       temperature: 0, greedy (req), max_tokens: 354 (req),
                       min_tokens: 354 (req)
21:31:32.683 INFO:     #364 chat/completions (stream): 354 tokens generated at
                       205.4 T/s · prompt 104 tokens, none cached, 104 new in
                       0.10 s · first token 0.11 s, total 1.83 s · draft 179/525
                       accepted (34%) · max_tokens reached
21:31:32.685 INFO:     #366 chat/completions (stream): 65 prompt tokens ·
                       temperature: 0, greedy (req), max_tokens: 243 (req),
                       min_tokens: 243 (req)
21:31:33.678 INFO:     #366 chat/completions (stream): 243 tokens generated at
                       265.6 T/s · prompt 65 tokens, none cached, 65 new in 0.07
                       s · first token 0.08 s, total 0.99 s · draft 151/276
                       accepted (55%) · max_tokens reached
21:31:33.681 INFO:     #367 chat/completions (stream): 62 prompt tokens ·
                       temperature: 0, greedy (req), max_tokens: 242 (req),
                       min_tokens: 242 (req)
21:31:34.716 INFO:     #367 chat/completions (stream): 242 tokens generated at
                       253.0 T/s · prompt 62 tokens, none cached, 62 new in 0.07
                       s · first token 0.08 s, total 1.03 s · draft 147/285
                       accepted (52%) · max_tokens reached
21:31:34.718 INFO:     #368 chat/completions (stream): 74 prompt tokens ·
                       temperature: 0, greedy (req), max_tokens: 19 (req),
                       min_tokens: 19 (req)
21:31:34.862 INFO:     #368 chat/completions (stream): 19 tokens generated at
                       326.6 T/s · prompt 74 tokens, none cached, 74 new in 0.08
                       s · first token 0.09 s, total 0.14 s · draft 13/18
                       accepted (72%) · max_tokens reached
21:31:34.866 INFO:     #369 chat/completions (stream): 871 prompt tokens ·
                       temperature: 0, greedy (req), max_tokens: 110 (req),
                       min_tokens: 110 (req)
21:31:35.599 INFO:     #369 chat/completions (stream): 110 tokens generated at
                       237.2 T/s · prompt 871 tokens, none cached, 871 new in
                       0.26 s (3,350 T/s) · first token 0.26 s, total 0.73 s ·
                       draft 65/135 accepted (48%) · max_tokens reached
21:31:35.602 INFO:     #370 chat/completions (stream): 386 prompt tokens ·
                       temperature: 0, greedy (req), max_tokens: 37 (req),
                       min_tokens: 37 (req)
21:31:35.978 INFO:     #370 chat/completions (stream): 37 tokens generated at
                       286.7 T/s · prompt 386 tokens, none cached, 386 new in
                       0.24 s (1,608 T/s) · first token 0.25 s, total 0.37 s ·
                       draft 24/39 accepted (62%) · max_tokens reached
21:31:35.981 INFO:     #371 chat/completions (stream): 365 prompt tokens ·
                       temperature: 0, greedy (req), max_tokens: 10 (req),
                       min_tokens: 10 (req)
21:31:36.237 INFO:     #371 chat/completions (stream): 10 tokens generated at
                       347.6 T/s · prompt 365 tokens, none cached, 365 new in
                       0.22 s (1,659 T/s) · first token 0.23 s, total 0.25 s ·
                       draft 7/9 accepted (78%) · max_tokens reached
21:31:36.239 INFO:     #372 chat/completions (stream): 125 prompt tokens ·
                       temperature: 0, greedy (req), max_tokens: 236 (req),
                       min_tokens: 236 (req)
21:31:37.109 INFO:     #372 chat/completions (stream): 236 tokens generated at
                       310.9 T/s · prompt 125 tokens, none cached, 125 new in
                       0.10 s · first token 0.11 s, total 0.86 s · draft 160/228
                       accepted (70%) · max_tokens reached
21:31:37.112 INFO:     #373 chat/completions (stream): 68 prompt tokens ·
                       temperature: 0, greedy (req), max_tokens: 212 (req),
                       min_tokens: 212 (req)
21:31:38.083 INFO:     #373 chat/completions (stream): 212 tokens generated at
                       238.7 T/s · prompt 68 tokens, none cached, 68 new in 0.08
                       s · first token 0.09 s, total 0.97 s · draft 122/270
                       accepted (45%) · max_tokens reached
21:31:38.087 INFO:     #374 chat/completions (stream): 604 prompt tokens ·
                       temperature: 0, greedy (req), max_tokens: 103 (req),
                       min_tokens: 103 (req)
21:31:38.738 INFO:     #374 chat/completions (stream): 103 tokens generated at
                       258.3 T/s · prompt 604 tokens, none cached, 604 new in
                       0.24 s (2,517 T/s) · first token 0.25 s, total 0.64 s ·
                       draft 63/120 accepted (52%) · max_tokens reached
21:31:38.740 INFO:     #375 chat/completions (stream): 62 prompt tokens ·
                       temperature: 0, greedy (req), max_tokens: 76 (req),
                       min_tokens: 76 (req)
21:31:39.123 INFO:     #375 chat/completions (stream): 76 tokens generated at
                       249.4 T/s · prompt 62 tokens, none cached, 62 new in 0.07
                       s · first token 0.08 s, total 0.38 s · draft 45/93
                       accepted (48%) · max_tokens reached
21:31:39.126 INFO:     #376 chat/completions (stream): 87 prompt tokens ·
                       temperature: 0, greedy (req), max_tokens: 22 (req),
                       min_tokens: 22 (req)
21:31:39.279 INFO:     #376 chat/completions (stream): 22 tokens generated at
                       375.2 T/s · prompt 87 tokens, none cached, 87 new in 0.09
                       s · first token 0.10 s, total 0.15 s · draft 16/18
                       accepted (89%) · max_tokens reached
21:31:39.282 INFO:     #377 chat/completions (stream): 62 prompt tokens ·
                       temperature: 0, greedy (req), max_tokens: 160 (req),
                       min_tokens: 160 (req)
21:31:39.899 INFO:     #377 chat/completions (stream): 160 tokens generated at
                       297.6 T/s · prompt 62 tokens, none cached, 62 new in 0.07
                       s · first token 0.08 s, total 0.61 s · draft 106/162
                       accepted (65%) · max_tokens reached
21:31:39.901 INFO:     #378 chat/completions (stream): 103 prompt tokens ·
                       temperature: 0, greedy (req), max_tokens: 483 (req),
                       min_tokens: 483 (req)
21:31:41.960 INFO:     #378 chat/completions (stream): 483 tokens generated at
                       246.7 T/s · prompt 103 tokens, none cached, 103 new in
                       0.09 s · first token 0.10 s, total 2.05 s · draft 285/594
                       accepted (48%) · max_tokens reached
21:31:41.962 INFO:     #379 chat/completions (stream): 58 prompt tokens ·
                       temperature: 0, greedy (req), max_tokens: 30 (req),
                       min_tokens: 30 (req)
21:31:42.116 INFO:     #379 chat/completions (stream): 30 tokens generated at
                       385.5 T/s · prompt 58 tokens, none cached, 58 new in 0.07
                       s · first token 0.08 s, total 0.15 s · draft 22/24
                       accepted (92%) · max_tokens reached
21:31:42.118 INFO:     #380 chat/completions (stream): 71 prompt tokens ·
                       temperature: 0, greedy (req), max_tokens: 68 (req),
                       min_tokens: 68 (req)
21:31:42.483 INFO:     #380 chat/completions (stream): 68 tokens generated at
                       240.8 T/s · prompt 71 tokens, none cached, 71 new in 0.08
                       s · first token 0.08 s, total 0.37 s · draft 39/87
                       accepted (45%) · max_tokens reached
21:31:42.486 INFO:     #381 chat/completions (stream): 828 prompt tokens ·
                       temperature: 0, greedy (req), max_tokens: 6 (req),
                       min_tokens: 6 (req)
21:31:42.759 INFO:     #381 chat/completions (stream): 6 tokens generated at
                       311.9 T/s · prompt 828 tokens, none cached, 828 new in
                       0.24 s (3,450 T/s) · first token 0.25 s, total 0.26 s ·
                       draft 4/6 accepted (67%) · max_tokens reached
21:31:42.762 INFO:     #382 chat/completions (stream): 93 prompt tokens ·
                       temperature: 0, greedy (req), max_tokens: 257 (req),
                       min_tokens: 257 (req)
21:31:43.957 INFO:     #382 chat/completions (stream): 257 tokens generated at
                       233.2 T/s · prompt 93 tokens, none cached, 93 new in 0.09
                       s · first token 0.10 s, total 1.20 s · draft 149/324
                       accepted (46%) · max_tokens reached
21:31:43.960 INFO:     #383 chat/completions (stream): 223 prompt tokens ·
                       temperature: 0, greedy (req), max_tokens: 96 (req),
                       min_tokens: 96 (req)
21:31:44.469 INFO:     #383 chat/completions (stream): 96 tokens generated at
                       243.2 T/s · prompt 223 tokens, none cached, 223 new in
                       0.11 s · first token 0.12 s, total 0.51 s · draft 56/120
                       accepted (47%) · max_tokens reached
21:31:44.473 INFO:     #384 chat/completions (stream): 542 prompt tokens ·
                       temperature: 0, greedy (req), max_tokens: 91 (req),
                       min_tokens: 91 (req)
21:31:45.029 INFO:     #384 chat/completions (stream): 91 tokens generated at
                       245.7 T/s · prompt 542 tokens, none cached, 542 new in
                       0.18 s (3,011 T/s) · first token 0.19 s, total 0.56 s ·
                       draft 54/111 accepted (49%) · max_tokens reached
21:31:45.032 INFO:     #385 chat/completions (stream): 99 prompt tokens ·
                       temperature: 0, greedy (req), max_tokens: 413 (req),
                       min_tokens: 413 (req)
21:31:46.724 INFO:     #385 chat/completions (stream): 413 tokens generated at
                       259.1 T/s · prompt 99 tokens, none cached, 99 new in 0.09
                       s · first token 0.10 s, total 1.69 s · draft 253/480
                       accepted (53%) · max_tokens reached
21:31:46.727 INFO:     #386 chat/completions (stream): 382 prompt tokens ·
                       temperature: 0, greedy (req), max_tokens: 794 (req),
                       min_tokens: 794 (req)
21:31:49.758 INFO:     #386 chat/completions (stream): 794 tokens generated at
                       284.3 T/s · prompt 382 tokens, none cached, 382 new in
                       0.23 s (1,661 T/s) · first token 0.24 s, total 3.03 s ·
                       draft 515/837 accepted (62%) · max_tokens reached
21:31:49.762 INFO:     #388 chat/completions (stream): 470 prompt tokens ·
                       temperature: 0, greedy (req), max_tokens: 7 (req),
                       min_tokens: 7 (req)
21:31:50.022 INFO:     #388 chat/completions (stream): 7 tokens generated at
                       362.7 T/s · prompt 470 tokens, none cached, 470 new in
                       0.23 s (2,043 T/s) · first token 0.24 s, total 0.25 s ·
                       draft 5/6 accepted (83%) · max_tokens reached
21:31:50.024 INFO:     #389 chat/completions (stream): 74 prompt tokens ·
                       temperature: 0, greedy (req), max_tokens: 535 (req),
                       min_tokens: 535 (req)
21:31:52.375 INFO:     #389 chat/completions (stream): 535 tokens generated at
                       236.2 T/s · prompt 74 tokens, none cached, 74 new in 0.08
                       s · first token 0.09 s, total 2.35 s · draft 309/678
                       accepted (46%) · max_tokens reached
21:31:52.379 INFO:     #390 chat/completions (stream): 787 prompt tokens ·
                       temperature: 0, greedy (req), max_tokens: 9 (req),
                       min_tokens: 9 (req)
21:31:52.628 INFO:     #390 chat/completions (stream): 9 tokens generated at
                       312.2 T/s · prompt 787 tokens, none cached, 787 new in
                       0.21 s (3,748 T/s) · first token 0.22 s, total 0.24 s ·
                       draft 6/9 accepted (67%) · max_tokens reached
21:31:52.631 INFO:     #391 chat/completions (stream): 87 prompt tokens ·
                       temperature: 0, greedy (req), max_tokens: 696 (req),
                       min_tokens: 696 (req)
21:31:55.423 INFO:     #391 chat/completions (stream): 696 tokens generated at
                       258.0 T/s · prompt 87 tokens, none cached, 87 new in 0.09
                       s · first token 0.10 s, total 2.79 s · draft 423/819
                       accepted (52%) · max_tokens reached
21:31:55.426 INFO:     #392 chat/completions (stream): 307 prompt tokens ·
                       temperature: 0, greedy (req), max_tokens: 204 (req),
                       min_tokens: 204 (req)
21:31:56.391 INFO:     #392 chat/completions (stream): 204 tokens generated at
                       268.4 T/s · prompt 307 tokens, none cached, 307 new in
                       0.19 s (1,616 T/s) · first token 0.20 s, total 0.96 s ·
                       draft 128/228 accepted (56%) · max_tokens reached
21:31:56.393 INFO:     #393 chat/completions (stream): 68 prompt tokens ·
                       temperature: 0, greedy (req), max_tokens: 367 (req),
                       min_tokens: 367 (req)
21:31:57.963 INFO:     #393 chat/completions (stream): 367 tokens generated at
                       246.7 T/s · prompt 68 tokens, none cached, 68 new in 0.07
                       s · first token 0.08 s, total 1.56 s · draft 215/456
                       accepted (47%) · max_tokens reached
21:31:57.966 INFO:     #394 chat/completions (stream): 245 prompt tokens ·
                       temperature: 0, greedy (req), max_tokens: 9 (req),
                       min_tokens: 9 (req)
21:31:58.126 INFO:     #394 chat/completions (stream): 9 tokens generated at
                       231.5 T/s · prompt 245 tokens, none cached, 245 new in
                       0.11 s · first token 0.12 s, total 0.15 s · draft 5/12
                       accepted (42%) · max_tokens reached
21:31:58.128 INFO:     #395 chat/completions (stream): 330 prompt tokens ·
                       temperature: 0, greedy (req), max_tokens: 8 (req),
                       min_tokens: 8 (req)
21:31:58.384 INFO:     #395 chat/completions (stream): 8 tokens generated at
                       205.1 T/s · prompt 330 tokens, none cached, 330 new in
                       0.21 s (1,571 T/s) · first token 0.21 s, total 0.25 s ·
                       draft 4/12 accepted (33%) · max_tokens reached
21:31:58.386 INFO:     #396 chat/completions (stream): 64 prompt tokens ·
                       temperature: 0, greedy (req), max_tokens: 10 (req),
                       min_tokens: 10 (req)
21:31:58.493 INFO:     #396 chat/completions (stream): 10 tokens generated at
                       349.8 T/s · prompt 64 tokens, none cached, 64 new in 0.07
                       s · first token 0.08 s, total 0.10 s · draft 7/9 accepted
                       (78%) · max_tokens reached
21:31:58.496 INFO:     #397 chat/completions (stream): 436 prompt tokens ·
                       temperature: 0, greedy (req), max_tokens: 44 (req),
                       min_tokens: 44 (req)
21:31:58.940 INFO:     #397 chat/completions (stream): 44 tokens generated at
                       211.8 T/s · prompt 436 tokens, none cached, 436 new in
                       0.23 s (1,896 T/s) · first token 0.24 s, total 0.44 s ·
                       draft 23/63 accepted (37%) · max_tokens reached
21:31:58.943 INFO:     #398 chat/completions (stream): 435 prompt tokens ·
                       temperature: 0, greedy (req), max_tokens: 79 (req),
                       min_tokens: 79 (req)
21:31:59.436 INFO:     #398 chat/completions (stream): 79 tokens generated at
                       303.3 T/s · prompt 435 tokens, none cached, 435 new in
                       0.22 s (1,977 T/s) · first token 0.23 s, total 0.49 s ·
                       draft 53/78 accepted (68%) · max_tokens reached
21:31:59.439 INFO:     #399 chat/completions (stream): 94 prompt tokens ·
                       temperature: 0, greedy (req), max_tokens: 246 (req),
                       min_tokens: 246 (req)
21:32:00.481 INFO:     #399 chat/completions (stream): 246 tokens generated at
                       260.2 T/s · prompt 94 tokens, none cached, 94 new in 0.09
                       s · first token 0.10 s, total 1.04 s · draft 151/285
                       accepted (53%) · max_tokens reached
21:32:00.483 INFO:     #400 chat/completions (stream): 63 prompt tokens ·
                       temperature: 0, greedy (req), max_tokens: 265 (req),
                       min_tokens: 265 (req)
21:32:01.776 INFO:     #400 chat/completions (stream): 265 tokens generated at
                       218.3 T/s · prompt 63 tokens, none cached, 63 new in 0.07
                       s · first token 0.08 s, total 1.29 s · draft 142/369
                       accepted (38%) · max_tokens reached
21:32:01.778 INFO:     #401 chat/completions (stream): 154 prompt tokens ·
                       temperature: 0, greedy (req), max_tokens: 385 (req),
                       min_tokens: 385 (req)
21:32:03.518 INFO:     #401 chat/completions (stream): 385 tokens generated at
                       234.5 T/s · prompt 154 tokens, none cached, 154 new in
                       0.09 s · first token 0.10 s, total 1.74 s · draft 221/492
                       accepted (45%) · max_tokens reached
21:32:03.521 INFO:     #403 chat/completions (stream): 61 prompt tokens ·
                       temperature: 0, greedy (req), max_tokens: 128 (req),
                       min_tokens: 128 (req)
21:32:04.083 INFO:     #403 chat/completions (stream): 128 tokens generated at
                       263.8 T/s · prompt 61 tokens, none cached, 61 new in 0.07
                       s · first token 0.08 s, total 0.56 s · draft 79/147
                       accepted (54%) · max_tokens reached
21:32:04.086 INFO:     #404 chat/completions (stream): 442 prompt tokens ·
                       temperature: 0, greedy (req), max_tokens: 153 (req),
                       min_tokens: 153 (req)
21:32:04.885 INFO:     #404 chat/completions (stream): 153 tokens generated at
                       266.2 T/s · prompt 442 tokens, none cached, 442 new in
                       0.21 s (2,105 T/s) · first token 0.22 s, total 0.79 s ·
                       draft 98/165 accepted (59%) · max_tokens reached
21:32:04.887 INFO:     #405 chat/completions (stream): 116 prompt tokens ·
                       temperature: 0, greedy (req), max_tokens: 276 (req),
                       min_tokens: 276 (req)
21:32:05.962 INFO:     #405 chat/completions (stream): 276 tokens generated at
                       284.6 T/s · prompt 116 tokens, none cached, 116 new in
                       0.10 s · first token 0.11 s, total 1.08 s · draft 179/291
                       accepted (62%) · max_tokens reached
21:32:05.965 INFO:     #406 chat/completions (stream): 213 prompt tokens ·
                       temperature: 0, greedy (req), max_tokens: 7 (req),
                       min_tokens: 7 (req)
21:32:06.096 INFO:     #406 chat/completions (stream): 7 tokens generated at
                       365.2 T/s · prompt 213 tokens, none cached, 213 new in
                       0.10 s · first token 0.11 s, total 0.12 s · draft 5/6
                       accepted (83%) · max_tokens reached
21:32:06.097 INFO:     #407 chat/completions (stream): 62 prompt tokens ·
                       temperature: 0, greedy (req), max_tokens: 342 (req),
                       min_tokens: 342 (req)
21:32:07.124 INFO:     #407 chat/completions (stream): 342 tokens generated at
                       360.5 T/s · prompt 62 tokens, none cached, 62 new in 0.07
                       s · first token 0.07 s, total 1.02 s · draft 246/288
                       accepted (85%) · max_tokens reached
21:32:07.128 INFO:     #408 chat/completions (stream): 457 prompt tokens ·
                       temperature: 0, greedy (req), max_tokens: 24 (req),
                       min_tokens: 24 (req)
21:32:07.474 INFO:     #408 chat/completions (stream): 24 tokens generated at
                       217.0 T/s · prompt 457 tokens, none cached, 457 new in
                       0.23 s (1,987 T/s) · first token 0.24 s, total 0.35 s ·
                       draft 13/33 accepted (39%) · max_tokens reached
21:32:07.477 INFO:     #409 chat/completions (stream): 145 prompt tokens ·
                       temperature: 0, greedy (req), max_tokens: 9 (req),
                       min_tokens: 9 (req)
21:32:07.619 INFO:     #409 chat/completions (stream): 9 tokens generated at
                       315.4 T/s · prompt 145 tokens, none cached, 145 new in
                       0.11 s · first token 0.12 s, total 0.14 s · draft 6/9
                       accepted (67%) · max_tokens reached
21:32:07.621 INFO:     #410 chat/completions (stream): 90 prompt tokens ·
                       temperature: 0, greedy (req), max_tokens: 196 (req),
                       min_tokens: 196 (req)
21:32:08.458 INFO:     #410 chat/completions (stream): 196 tokens generated at
                       264.2 T/s · prompt 90 tokens, none cached, 90 new in 0.09
                       s · first token 0.10 s, total 0.84 s · draft 121/225
                       accepted (54%) · max_tokens reached
21:32:08.460 INFO:     #411 chat/completions (stream): 73 prompt tokens ·
                       temperature: 0, greedy (req), max_tokens: 491 (req),
                       min_tokens: 491 (req)
21:32:10.730 INFO:     #411 chat/completions (stream): 491 tokens generated at
                       225.1 T/s · prompt 73 tokens, none cached, 73 new in 0.08
                       s · first token 0.09 s, total 2.27 s · draft 271/660
                       accepted (41%) · max_tokens reached
21:32:10.733 INFO:     #412 chat/completions (stream): 59 prompt tokens ·
                       temperature: 0, greedy (req), max_tokens: 169 (req),
                       min_tokens: 169 (req)
21:32:11.312 INFO:     #412 chat/completions (stream): 169 tokens generated at
                       337.0 T/s · prompt 59 tokens, none cached, 59 new in 0.07
                       s · first token 0.08 s, total 0.58 s · draft 119/150
                       accepted (79%) · max_tokens reached
21:32:11.315 INFO:     #413 chat/completions (stream): 566 prompt tokens ·
                       temperature: 0, greedy (req), max_tokens: 21 (req),
                       min_tokens: 21 (req)
21:32:11.627 INFO:     #413 chat/completions (stream): 21 tokens generated at
                       268.1 T/s · prompt 566 tokens, none cached, 566 new in
                       0.22 s (2,573 T/s) · first token 0.23 s, total 0.30 s ·
                       draft 13/24 accepted (54%) · max_tokens reached
21:32:11.629 INFO:     #414 chat/completions (stream): 179 prompt tokens ·
                       temperature: 0, greedy (req), max_tokens: 263 (req),
                       min_tokens: 263 (req)
21:32:12.718 INFO:     #414 chat/completions (stream): 263 tokens generated at
                       267.5 T/s · prompt 179 tokens, none cached, 179 new in
                       0.10 s · first token 0.11 s, total 1.09 s · draft 164/297
                       accepted (55%) · max_tokens reached
21:32:12.722 INFO:     #415 chat/completions (stream): 1,070 prompt tokens ·
                       temperature: 0, greedy (req), max_tokens: 168 (req),
                       min_tokens: 168 (req)
21:32:13.606 INFO:     #415 chat/completions (stream): 168 tokens generated at
                       280.4 T/s · prompt 1,070 tokens, none cached, 1,070 new
                       in 0.27 s (3,963 T/s) · first token 0.28 s, total 0.87 s
                       · draft 108/180 accepted (60%) · max_tokens reached
21:32:13.609 INFO:     #416 chat/completions (stream): 225 prompt tokens ·
                       temperature: 0, greedy (req), max_tokens: 232 (req),
                       min_tokens: 232 (req)
21:32:14.601 INFO:     #416 chat/completions (stream): 232 tokens generated at
                       265.3 T/s · prompt 225 tokens, none cached, 225 new in
                       0.11 s · first token 0.12 s, total 0.99 s · draft 144/264
                       accepted (55%) · max_tokens reached
21:32:14.605 INFO:     #417 chat/completions (stream): 489 prompt tokens ·
                       temperature: 0, greedy (req), max_tokens: 205 (req),
                       min_tokens: 205 (req)
21:32:15.718 INFO:     #417 chat/completions (stream): 205 tokens generated at
                       235.5 T/s · prompt 489 tokens, none cached, 489 new in
                       0.23 s (2,126 T/s) · first token 0.24 s, total 1.11 s ·
                       draft 119/258 accepted (46%) · max_tokens reached
21:32:15.720 INFO:     #418 chat/completions (stream): 64 prompt tokens ·
                       temperature: 0, greedy (req), max_tokens: 66 (req),
                       min_tokens: 66 (req)
21:32:16.028 INFO:     #418 chat/completions (stream): 66 tokens generated at
                       290.2 T/s · prompt 64 tokens, none cached, 64 new in 0.07
                       s · first token 0.08 s, total 0.30 s · draft 43/69
                       accepted (62%) · max_tokens reached
21:32:16.030 INFO:     #419 chat/completions (stream): 113 prompt tokens ·
                       temperature: 0, greedy (req), max_tokens: 352 (req),
                       min_tokens: 352 (req)
21:32:17.531 INFO:     #419 chat/completions (stream): 352 tokens generated at
                       251.9 T/s · prompt 113 tokens, none cached, 113 new in
                       0.10 s · first token 0.10 s, total 1.50 s · draft 213/417
                       accepted (51%) · max_tokens reached
21:32:17.534 INFO:     #421 chat/completions (stream): 447 prompt tokens ·
                       temperature: 0, greedy (req), max_tokens: 792 (req),
                       min_tokens: 792 (req)
21:32:20.859 INFO:     #421 chat/completions (stream): 792 tokens generated at
                       256.6 T/s · prompt 447 tokens, none cached, 447 new in
                       0.23 s (1,943 T/s) · first token 0.24 s, total 3.32 s ·
                       draft 480/936 accepted (51%) · max_tokens reached
21:32:20.862 INFO:     #422 chat/completions (stream): 397 prompt tokens ·
                       temperature: 0, greedy (req), max_tokens: 5 (req),
                       min_tokens: 5 (req)
21:32:21.123 INFO:     #422 chat/completions (stream): 5 tokens generated at
                       260.6 T/s · prompt 397 tokens, none cached, 397 new in
                       0.23 s (1,726 T/s) · first token 0.24 s, total 0.25 s ·
                       draft 3/6 accepted (50%) · max_tokens reached
21:32:21.124 INFO:     #423 chat/completions (stream): 64 prompt tokens ·
                       temperature: 0, greedy (req), max_tokens: 34 (req),
                       min_tokens: 34 (req)
21:32:21.322 INFO:     #423 chat/completions (stream): 34 tokens generated at
                       287.7 T/s · prompt 64 tokens, none cached, 64 new in 0.07
                       s · first token 0.08 s, total 0.19 s · draft 22/36
                       accepted (61%) · max_tokens reached
21:32:21.326 INFO:     #424 chat/completions (stream): 746 prompt tokens ·
                       temperature: 0, greedy (req), max_tokens: 9 (req),
                       min_tokens: 9 (req)
21:32:21.623 INFO:     #424 chat/completions (stream): 9 tokens generated at
                       300.8 T/s · prompt 746 tokens, none cached, 746 new in
                       0.26 s (2,869 T/s) · first token 0.26 s, total 0.29 s ·
                       draft 6/9 accepted (67%) · max_tokens reached
21:32:21.625 INFO:     #425 chat/completions (stream): 123 prompt tokens ·
                       temperature: 0, greedy (req), max_tokens: 129 (req),
                       min_tokens: 129 (req)
21:32:22.138 INFO:     #425 chat/completions (stream): 129 tokens generated at
                       317.7 T/s · prompt 123 tokens, none cached, 123 new in
                       0.10 s · first token 0.11 s, total 0.51 s · draft 88/123
                       accepted (72%) · max_tokens reached
21:32:22.140 INFO:     #426 chat/completions (stream): 159 prompt tokens ·
                       temperature: 0, greedy (req), max_tokens: 67 (req),
                       min_tokens: 67 (req)
21:32:22.461 INFO:     #426 chat/completions (stream): 67 tokens generated at
                       303.6 T/s · prompt 159 tokens, none cached, 159 new in
                       0.09 s · first token 0.09 s, total 0.32 s · draft 45/66
                       accepted (68%) · max_tokens reached
21:32:22.464 INFO:     #427 chat/completions (stream): 207 prompt tokens ·
                       temperature: 0, greedy (req), max_tokens: 123 (req),
                       min_tokens: 123 (req)
21:32:23.166 INFO:     #427 chat/completions (stream): 123 tokens generated at
                       209.1 T/s · prompt 207 tokens, none cached, 207 new in
                       0.11 s · first token 0.12 s, total 0.70 s · draft 63/180
                       accepted (35%) · max_tokens reached
21:32:23.170 INFO:     #428 chat/completions (stream): 516 prompt tokens ·
                       temperature: 0, greedy (req), max_tokens: 39 (req),
                       min_tokens: 39 (req)
21:32:23.534 INFO:     #428 chat/completions (stream): 39 tokens generated at
                       262.2 T/s · prompt 516 tokens, none cached, 516 new in
                       0.21 s (2,457 T/s) · first token 0.22 s, total 0.36 s ·
                       draft 25/42 accepted (60%) · max_tokens reached
21:32:23.539 INFO:     #429 chat/completions (stream): 726 prompt tokens ·
                       temperature: 0, greedy (req), max_tokens: 98 (req),
                       min_tokens: 98 (req)
21:32:24.210 INFO:     #429 chat/completions (stream): 98 tokens generated at
                       244.1 T/s · prompt 726 tokens, none cached, 726 new in
                       0.26 s (2,792 T/s) · first token 0.27 s, total 0.67 s ·
                       draft 58/120 accepted (48%) · max_tokens reached
21:32:24.214 INFO:     #430 chat/completions (stream): 536 prompt tokens ·
                       temperature: 0, greedy (req), max_tokens: 8 (req),
                       min_tokens: 8 (req)
21:32:24.422 INFO:     #430 chat/completions (stream): 8 tokens generated at
                       275.2 T/s · prompt 536 tokens, none cached, 536 new in
                       0.17 s (3,153 T/s) · first token 0.18 s, total 0.20 s ·
                       draft 5/9 accepted (56%) · max_tokens reached
21:32:24.424 INFO:     #431 chat/completions (stream): 102 prompt tokens ·
                       temperature: 0, greedy (req), max_tokens: 222 (req),
                       min_tokens: 222 (req)
21:32:25.238 INFO:     #431 chat/completions (stream): 222 tokens generated at
                       312.1 T/s · prompt 102 tokens, none cached, 102 new in
                       0.09 s · first token 0.10 s, total 0.81 s · draft 151/213
                       accepted (71%) · max_tokens reached
21:32:25.240 INFO:     #432 chat/completions (stream): 67 prompt tokens ·
                       temperature: 0, greedy (req), max_tokens: 425 (req),
                       min_tokens: 425 (req)
21:32:27.065 INFO:     #432 chat/completions (stream): 425 tokens generated at
                       244.1 T/s · prompt 67 tokens, none cached, 67 new in 0.08
                       s · first token 0.09 s, total 1.83 s · draft 250/525
                       accepted (48%) · max_tokens reached
21:32:27.068 INFO:     #433 chat/completions (stream): 677 prompt tokens ·
                       temperature: 0, greedy (req), max_tokens: 420 (req),
                       min_tokens: 420 (req)
21:32:28.947 INFO:     #433 chat/completions (stream): 420 tokens generated at
                       258.4 T/s · prompt 677 tokens, none cached, 677 new in
                       0.24 s (2,821 T/s) · first token 0.25 s, total 1.87 s ·
                       draft 255/495 accepted (52%) · max_tokens reached
