21:32:34.965 INFO:     Sampler preset "qwen38_thinking": temperature 0.6, top_k
                       20, top_p 0.95
21:32:35.004 INFO:     exllamav3 version: 1.5.0
21:32:36.329 INFO:     Using main model MTP component for drafting
21:32:36.350 INFO:     Context: max_seq_len 262,144 tokens (configured),
                       cache_size 983,040 tokens
21:32:36.402 INFO:     Using tool format: qwen3_coder
21:32:36.402 INFO:     Using template "chat_template" for chat completions.
21:32:38.511 INFO:     Loading model
                       /models/qwen3.8-flash-next-exl3-2.50bpw-r0b0tlab (manual
                       GPU split)
Loading vision modules ━━━━━━━━━━━━━━━━━━━━━━━━━━━━━━━━━━━━━━ 100% 30/30 0:00:00
Loading draft modules  ━━━━━━━━━━━━━━━━━━━━━━━━━━━━━━━━━━━━━━ 100% 3/3   0:00:00
Loading model modules  ━━━━━━━━━━━━━━━━━━━━━━━━━━━━━━━━━━━━━━ 100% 53/53 0:00:00
EXL3_EMBED_GPU_PRUNED=1: embedding mirror 65536 of 248320 rows (320.0 MiB, prefix) on cuda:1
21:32:46.079 INFO:     Model loaded in 9.7 s

21:32:46.080 WARNING:  Disabling authentication makes your instance vulnerable.
                       Set the `disable_auth` flag to False in config.yml if you
                       want to share this instance with others.
21:32:46.080 WARNING:  With authentication disabled and `allowed_origins` left
                       at ["*"], any website open in a browser on this machine
                       can send requests to this instance and read the
                       responses, including admin endpoints. Set
                       `network.allowed_origins` to your own frontends (or [])
                       unless you use a browser-based frontend that needs it.
21:32:46.081 INFO:     Serving OAI API on http://0.0.0.0:8022 (docs at
                       http://0.0.0.0:8022/redoc)
21:32:47.719 INFO:     #4 completions: 3 prompt tokens · temperature: 0, greedy
                       (req), max_tokens: 16 (req)
densegemm lcguard: device 1: dense calls on the QSA side branch use the side scratch (hctr upper half, side slots)
densegemm lcguard: device 0: dense calls on the QSA side branch use the side scratch (hctr upper half, side slots)
21:32:48.124 INFO:     #4 completions: 16 tokens generated at 103.4 T/s · prompt
                       3 tokens, none cached, 3 new in 0.24 s · first token 0.25
                       s, total 0.40 s · draft 8/24 accepted (33%) · max_tokens
                       reached
21:32:48.350 INFO:     #6 chat/completions: 74 prompt tokens · temperature: 0,
                       greedy (req), max_tokens: 64 (req), min_tokens: 64 (req)
21:32:48.351 INFO:     #7 chat/completions: 74 prompt tokens · temperature: 0,
                       greedy (req), max_tokens: 64 (req), min_tokens: 64 (req)
21:32:48.853 INFO:     #7 chat/completions: 64 tokens generated at 253.6 T/s ·
                       prompt 74 tokens, none cached, 74 new in 0.08 s · queued
                       0.13 s, first token 0.21 s, total 0.46 s · draft 44/60
                       accepted (73%) · max_tokens reached
21:32:48.854 INFO:     #6 chat/completions: 64 tokens generated at 218.2 T/s ·
                       prompt 74 tokens, none cached, 74 new in 0.20 s · first
                       token 0.21 s, total 0.50 s · draft 40/72 accepted (56%) ·
                       max_tokens reached
21:33:01.780 INFO:     #10 chat/completions (stream): 737 prompt tokens ·
                       temperature: 0, greedy (req), max_tokens: 49 (req),
                       min_tokens: 49 (req)
21:33:02.008 INFO:     #11 chat/completions (stream): 927 prompt tokens ·
                       temperature: 0, greedy (req), max_tokens: 165 (req),
                       min_tokens: 165 (req)
21:33:02.815 INFO:     #10 chat/completions (stream): 49 tokens generated at
                       129.2 T/s · prompt 737 tokens, none cached, 737 new in
                       0.61 s (1,208 T/s) · first token 0.62 s, total 1.00 s ·
                       draft 28/63 accepted (44%) · max_tokens reached
21:33:02.848 INFO:     #13 chat/completions (stream): 133 prompt tokens ·
                       temperature: 0, greedy (req), max_tokens: 188 (req),
                       min_tokens: 188 (req)
21:33:03.438 INFO:     #11 chat/completions (stream): 165 tokens generated at
                       187.5 T/s · prompt 927 tokens, none cached, 927 new in
                       0.37 s (2,505 T/s) · queued 0.13 s, first token 0.50 s,
                       total 1.38 s · draft 106/177 accepted (60%) · max_tokens
                       reached
21:33:03.470 INFO:     #14 chat/completions (stream): 218 prompt tokens ·
                       temperature: 0, greedy (req), max_tokens: 783 (req),
                       min_tokens: 783 (req)
21:33:04.082 INFO:     #13 chat/completions (stream): 188 tokens generated at
                       174.6 T/s · prompt 133 tokens, none cached, 133 new in
                       0.11 s · first token 0.12 s, total 1.19 s · draft 114/222
                       accepted (51%) · max_tokens reached
21:33:04.116 INFO:     #15 chat/completions (stream): 291 prompt tokens ·
                       temperature: 0, greedy (req), max_tokens: 400 (req),
                       min_tokens: 400 (req)
21:33:06.119 INFO:     #15 chat/completions (stream): 400 tokens generated at
                       229.9 T/s · prompt 291 tokens, none cached, 291 new in
                       0.22 s (1,323 T/s) · first token 0.23 s, total 1.97 s ·
                       draft 268/396 accepted (68%) · max_tokens reached
21:33:06.153 INFO:     #16 chat/completions (stream): 57 prompt tokens ·
                       temperature: 0, greedy (req), max_tokens: 275 (req),
                       min_tokens: 275 (req)
21:33:07.696 INFO:     #16 chat/completions (stream): 275 tokens generated at
                       192.9 T/s · prompt 57 tokens, none cached, 57 new in 0.07
                       s · first token 0.08 s, total 1.50 s · draft 166/327
                       accepted (51%) · max_tokens reached
21:33:07.699 INFO:     #17 chat/completions (stream): 343 prompt tokens ·
                       temperature: 0, greedy (req), max_tokens: 41 (req),
                       min_tokens: 41 (req)
21:33:07.700 INFO:     #14 chat/completions (stream): 783 tokens generated at
                       190.5 T/s · prompt 218 tokens, none cached, 218 new in
                       0.11 s · first token 0.12 s, total 4.22 s · draft 488/885
                       accepted (55%) · max_tokens reached
21:33:07.963 INFO:     #18 chat/completions (stream): 234 prompt tokens ·
                       temperature: 0, greedy (req), max_tokens: 536 (req),
                       min_tokens: 536 (req)
21:33:08.349 INFO:     #17 chat/completions (stream): 41 tokens generated at
                       108.7 T/s · prompt 343 tokens, none cached, 343 new in
                       0.22 s (1,559 T/s) · first token 0.23 s, total 0.60 s ·
                       draft 21/60 accepted (35%) · max_tokens reached
21:33:08.382 INFO:     #19 chat/completions (stream): 75 prompt tokens ·
                       temperature: 0, greedy (req), max_tokens: 234 (req),
                       min_tokens: 234 (req)
21:33:09.581 INFO:     #19 chat/completions (stream): 234 tokens generated at
                       217.8 T/s · prompt 75 tokens, none cached, 75 new in 0.08
                       s · first token 0.09 s, total 1.16 s · draft 153/243
                       accepted (63%) · max_tokens reached
21:33:09.615 INFO:     #20 chat/completions (stream): 256 prompt tokens ·
                       temperature: 0, greedy (req), max_tokens: 85 (req),
                       min_tokens: 85 (req)
21:33:10.150 INFO:     #20 chat/completions (stream): 85 tokens generated at
                       230.8 T/s · prompt 256 tokens, none cached, 256 new in
                       0.12 s (2,133 T/s) · first token 0.13 s, total 0.49 s ·
                       draft 57/84 accepted (68%) · max_tokens reached
21:33:10.183 INFO:     #21 chat/completions (stream): 292 prompt tokens ·
                       temperature: 0, greedy (req), max_tokens: 46 (req),
                       min_tokens: 46 (req)
21:33:10.653 INFO:     #21 chat/completions (stream): 46 tokens generated at
                       205.5 T/s · prompt 292 tokens, none cached, 292 new in
                       0.20 s (1,460 T/s) · first token 0.20 s, total 0.43 s ·
                       draft 29/51 accepted (57%) · max_tokens reached
21:33:10.686 INFO:     #22 chat/completions (stream): 68 prompt tokens ·
                       temperature: 0, greedy (req), max_tokens: 335 (req),
                       min_tokens: 335 (req)
21:33:11.437 INFO:     #18 chat/completions (stream): 536 tokens generated at
                       161.8 T/s · prompt 234 tokens, none cached, 234 new in
                       0.11 s · first token 0.12 s, total 3.43 s · draft 317/657
                       accepted (48%) · max_tokens reached
21:33:11.470 INFO:     #23 chat/completions (stream): 183 prompt tokens ·
                       temperature: 0, greedy (req), max_tokens: 818 (req),
                       min_tokens: 818 (req)
21:33:12.872 INFO:     #22 chat/completions (stream): 335 tokens generated at
                       162.6 T/s · prompt 68 tokens, none cached, 68 new in 0.08
                       s · first token 0.09 s, total 2.15 s · draft 185/450
                       accepted (41%) · max_tokens reached
21:33:12.906 INFO:     #24 chat/completions (stream): 608 prompt tokens ·
                       temperature: 0, greedy (req), max_tokens: 12 (req),
                       min_tokens: 12 (req)
21:33:13.267 INFO:     #24 chat/completions (stream): 12 tokens generated at
                       199.9 T/s · prompt 608 tokens, none cached, 608 new in
                       0.25 s (2,432 T/s) · first token 0.26 s, total 0.32 s ·
                       draft 8/12 accepted (67%) · max_tokens reached
21:33:13.302 INFO:     #25 chat/completions (stream): 423 prompt tokens ·
                       temperature: 0, greedy (req), max_tokens: 72 (req),
                       min_tokens: 72 (req)
21:33:13.980 INFO:     #25 chat/completions (stream): 72 tokens generated at
                       186.7 T/s · prompt 423 tokens, none cached, 423 new in
                       0.24 s (1,762 T/s) · first token 0.25 s, total 0.63 s ·
                       draft 42/90 accepted (47%) · max_tokens reached
21:33:14.014 INFO:     #26 chat/completions (stream): 414 prompt tokens ·
                       temperature: 0, greedy (req), max_tokens: 8 (req),
                       min_tokens: 8 (req)
21:33:14.367 INFO:     #26 chat/completions (stream): 8 tokens generated at
                       317.7 T/s · prompt 414 tokens, none cached, 414 new in
                       0.28 s (1,479 T/s) · first token 0.29 s, total 0.31 s ·
                       draft 6/6 accepted (100%) · max_tokens reached
21:33:14.401 INFO:     #27 chat/completions (stream): 69 prompt tokens ·
                       temperature: 0, greedy (req), max_tokens: 58 (req),
                       min_tokens: 58 (req)
21:33:14.805 INFO:     #27 chat/completions (stream): 58 tokens generated at
                       205.7 T/s · prompt 69 tokens, none cached, 69 new in 0.08
                       s · first token 0.08 s, total 0.37 s · draft 36/66
                       accepted (55%) · max_tokens reached
21:33:14.838 INFO:     #28 chat/completions (stream): 352 prompt tokens ·
                       temperature: 0, greedy (req), max_tokens: 38 (req),
                       min_tokens: 38 (req)
21:33:15.304 INFO:     #28 chat/completions (stream): 38 tokens generated at
                       203.3 T/s · prompt 352 tokens, none cached, 352 new in
                       0.23 s (1,530 T/s) · first token 0.23 s, total 0.42 s ·
                       draft 24/42 accepted (57%) · max_tokens reached
21:33:15.337 INFO:     #29 chat/completions (stream): 58 prompt tokens ·
                       temperature: 0, greedy (req), max_tokens: 306 (req),
                       min_tokens: 306 (req)
21:33:16.753 INFO:     #23 chat/completions (stream): 818 tokens generated at
                       159.3 T/s · prompt 183 tokens, none cached, 183 new in
                       0.10 s · first token 0.11 s, total 5.24 s · draft 504/942
                       accepted (54%) · max_tokens reached
21:33:16.786 INFO:     #30 chat/completions (stream): 63 prompt tokens ·
                       temperature: 0, greedy (req), max_tokens: 286 (req),
                       min_tokens: 286 (req)
21:33:17.287 INFO:     #29 chat/completions (stream): 306 tokens generated at
                       166.9 T/s · prompt 58 tokens, none cached, 58 new in 0.07
                       s · first token 0.08 s, total 1.91 s · draft 170/408
                       accepted (42%) · max_tokens reached
21:33:17.320 INFO:     #32 chat/completions (stream): 498 prompt tokens ·
                       temperature: 0, greedy (req), max_tokens: 30 (req),
                       min_tokens: 30 (req)
21:33:17.770 INFO:     #32 chat/completions (stream): 30 tokens generated at
                       208.8 T/s · prompt 498 tokens, none cached, 498 new in
                       0.26 s (1,915 T/s) · first token 0.26 s, total 0.41 s ·
                       draft 19/33 accepted (58%) · max_tokens reached
21:33:17.803 INFO:     #33 chat/completions (stream): 235 prompt tokens ·
                       temperature: 0, greedy (req), max_tokens: 47 (req),
                       min_tokens: 47 (req)
21:33:18.214 INFO:     #33 chat/completions (stream): 47 tokens generated at
                       190.6 T/s · prompt 235 tokens, none cached, 235 new in
                       0.11 s · first token 0.12 s, total 0.36 s · draft 28/57
                       accepted (49%) · max_tokens reached
21:33:18.247 INFO:     #34 chat/completions (stream): 927 prompt tokens ·
                       temperature: 0, greedy (req), max_tokens: 333 (req),
                       min_tokens: 333 (req)
21:33:18.858 INFO:     #30 chat/completions (stream): 286 tokens generated at
                       146.5 T/s · prompt 63 tokens, none cached, 63 new in 0.07
                       s · first token 0.08 s, total 2.03 s · draft 185/303
                       accepted (61%) · max_tokens reached
21:33:18.891 INFO:     #35 chat/completions (stream): 303 prompt tokens ·
                       temperature: 0, greedy (req), max_tokens: 89 (req),
                       min_tokens: 89 (req)
21:33:19.627 INFO:     #35 chat/completions (stream): 89 tokens generated at
                       186.5 T/s · prompt 303 tokens, none cached, 303 new in
                       0.21 s (1,443 T/s) · first token 0.22 s, total 0.69 s ·
                       draft 54/105 accepted (51%) · max_tokens reached
21:33:19.661 INFO:     #36 chat/completions (stream): 413 prompt tokens ·
                       temperature: 0, greedy (req), max_tokens: 8 (req),
                       min_tokens: 8 (req)
21:33:19.979 INFO:     #36 chat/completions (stream): 8 tokens generated at
                       212.0 T/s · prompt 413 tokens, none cached, 413 new in
                       0.23 s (1,796 T/s) · first token 0.24 s, total 0.27 s ·
                       draft 5/9 accepted (56%) · max_tokens reached
21:33:20.013 INFO:     #37 chat/completions (stream): 206 prompt tokens ·
                       temperature: 0, greedy (req), max_tokens: 271 (req),
                       min_tokens: 271 (req)
21:33:20.783 INFO:     #34 chat/completions (stream): 333 tokens generated at
                       153.3 T/s · prompt 927 tokens, none cached, 927 new in
                       0.32 s (2,897 T/s) · first token 0.32 s, total 2.50 s ·
                       draft 207/378 accepted (55%) · max_tokens reached
21:33:20.816 INFO:     #38 chat/completions (stream): 180 prompt tokens ·
                       temperature: 0, greedy (req), max_tokens: 20 (req),
                       min_tokens: 20 (req)
21:33:21.054 INFO:     #38 chat/completions (stream): 20 tokens generated at
                       222.7 T/s · prompt 180 tokens, none cached, 180 new in
                       0.10 s · first token 0.11 s, total 0.20 s · draft 13/21
                       accepted (62%) · max_tokens reached
21:33:21.088 INFO:     #39 chat/completions (stream): 509 prompt tokens ·
                       temperature: 0, greedy (req), max_tokens: 22 (req),
                       min_tokens: 22 (req)
21:33:21.507 INFO:     #39 chat/completions (stream): 22 tokens generated at
                       207.6 T/s · prompt 509 tokens, none cached, 509 new in
                       0.26 s (1,958 T/s) · first token 0.26 s, total 0.37 s ·
                       draft 14/24 accepted (58%) · max_tokens reached
21:33:21.540 INFO:     #40 chat/completions (stream): 330 prompt tokens ·
                       temperature: 0, greedy (req), max_tokens: 19 (req),
                       min_tokens: 19 (req)
21:33:21.905 INFO:     #40 chat/completions (stream): 19 tokens generated at
                       211.9 T/s · prompt 330 tokens, none cached, 330 new in
                       0.23 s (1,435 T/s) · first token 0.24 s, total 0.33 s ·
                       draft 12/21 accepted (57%) · max_tokens reached
21:33:21.940 INFO:     #41 chat/completions (stream): 386 prompt tokens ·
                       temperature: 0, greedy (req), max_tokens: 26 (req),
                       min_tokens: 26 (req)
21:33:22.214 INFO:     #37 chat/completions (stream): 271 tokens generated at
                       150.1 T/s · prompt 206 tokens, none cached, 206 new in
                       0.11 s · first token 0.12 s, total 1.92 s · draft 173/294
                       accepted (59%) · max_tokens reached
21:33:22.247 INFO:     #42 chat/completions (stream): 100 prompt tokens ·
                       temperature: 0, greedy (req), max_tokens: 136 (req),
                       min_tokens: 136 (req)
21:33:22.439 INFO:     #41 chat/completions (stream): 26 tokens generated at
                       122.1 T/s · prompt 386 tokens, none cached, 386 new in
                       0.24 s (1,608 T/s) · first token 0.25 s, total 0.46 s ·
                       draft 16/30 accepted (53%) · max_tokens reached
21:33:22.472 INFO:     #43 chat/completions (stream): 76 prompt tokens ·
                       temperature: 0, greedy (req), max_tokens: 401 (req),
                       min_tokens: 401 (req)
21:33:23.089 INFO:     #42 chat/completions (stream): 136 tokens generated at
                       193.9 T/s · prompt 100 tokens, none cached, 100 new in
                       0.09 s · first token 0.10 s, total 0.80 s · draft 87/147
                       accepted (59%) · max_tokens reached
21:33:23.122 INFO:     #44 chat/completions (stream): 62 prompt tokens ·
                       temperature: 0, greedy (req), max_tokens: 155 (req),
                       min_tokens: 155 (req)
21:33:24.066 INFO:     #44 chat/completions (stream): 155 tokens generated at
                       188.1 T/s · prompt 62 tokens, none cached, 62 new in 0.07
                       s · first token 0.08 s, total 0.90 s · draft 92/189
                       accepted (49%) · max_tokens reached
21:33:24.099 INFO:     #45 chat/completions (stream): 73 prompt tokens ·
                       temperature: 0, greedy (req), max_tokens: 222 (req),
                       min_tokens: 222 (req)
21:33:24.900 INFO:     #43 chat/completions (stream): 401 tokens generated at
                       174.4 T/s · prompt 76 tokens, none cached, 76 new in 0.08
                       s · first token 0.09 s, total 2.38 s · draft 234/501
                       accepted (47%) · max_tokens reached
21:33:24.934 INFO:     #46 chat/completions (stream): 194 prompt tokens ·
                       temperature: 0, greedy (req), max_tokens: 201 (req),
                       min_tokens: 201 (req)
21:33:25.346 INFO:     #45 chat/completions (stream): 222 tokens generated at
                       198.2 T/s · prompt 73 tokens, none cached, 73 new in 0.08
                       s · first token 0.09 s, total 1.21 s · draft 144/234
                       accepted (62%) · max_tokens reached
21:33:25.381 INFO:     #47 chat/completions (stream): 656 prompt tokens ·
                       temperature: 0, greedy (req), max_tokens: 595 (req),
                       min_tokens: 595 (req)
21:33:26.182 INFO:     #46 chat/completions (stream): 201 tokens generated at
                       183.6 T/s · prompt 194 tokens, none cached, 194 new in
                       0.11 s · first token 0.12 s, total 1.21 s · draft 138/189
                       accepted (73%) · max_tokens reached
21:33:26.215 INFO:     #48 chat/completions (stream): 73 prompt tokens ·
                       temperature: 0, greedy (req), max_tokens: 664 (req),
                       min_tokens: 664 (req)
21:33:27.926 INFO:     #47 chat/completions (stream): 595 tokens generated at
                       268.6 T/s · prompt 656 tokens, none cached, 656 new in
                       0.28 s (2,343 T/s) · first token 0.29 s, total 2.50 s ·
                       draft 432/489 accepted (88%) · max_tokens reached
21:33:27.959 INFO:     #49 chat/completions (stream): 85 prompt tokens ·
                       temperature: 0, greedy (req), max_tokens: 50 (req),
                       min_tokens: 50 (req)
21:33:28.279 INFO:     #49 chat/completions (stream): 50 tokens generated at
                       267.0 T/s · prompt 85 tokens, none cached, 85 new in 0.09
                       s · first token 0.10 s, total 0.28 s · draft 36/42
                       accepted (86%) · max_tokens reached
21:33:28.311 INFO:     #50 chat/completions (stream): 75 prompt tokens ·
                       temperature: 0, greedy (req), max_tokens: 202 (req),
                       min_tokens: 202 (req)
21:33:29.587 INFO:     #50 chat/completions (stream): 202 tokens generated at
                       175.6 T/s · prompt 75 tokens, none cached, 75 new in 0.08
                       s · first token 0.08 s, total 1.24 s · draft 114/264
                       accepted (43%) · max_tokens reached
21:33:29.620 INFO:     #51 chat/completions (stream): 87 prompt tokens ·
                       temperature: 0, greedy (req), max_tokens: 683 (req),
                       min_tokens: 683 (req)
21:33:29.831 INFO:     #48 chat/completions (stream): 664 tokens generated at
                       190.3 T/s · prompt 73 tokens, none cached, 73 new in 0.08
                       s · first token 0.09 s, total 3.58 s · draft 415/747
                       accepted (56%) · max_tokens reached
21:33:29.865 INFO:     #52 chat/completions (stream): 796 prompt tokens ·
                       temperature: 0, greedy (req), max_tokens: 13 (req),
                       min_tokens: 13 (req)
21:33:30.188 INFO:     #52 chat/completions (stream): 13 tokens generated at
                       253.5 T/s · prompt 796 tokens, none cached, 796 new in
                       0.22 s (3,618 T/s) · first token 0.22 s, total 0.28 s ·
                       draft 9/12 accepted (75%) · max_tokens reached
21:33:30.221 INFO:     #53 chat/completions (stream): 349 prompt tokens ·
                       temperature: 0, greedy (req), max_tokens: 70 (req),
                       min_tokens: 70 (req)
21:33:30.794 INFO:     #53 chat/completions (stream): 70 tokens generated at
                       234.8 T/s · prompt 349 tokens, none cached, 349 new in
                       0.23 s (1,517 T/s) · first token 0.24 s, total 0.53 s ·
                       draft 46/72 accepted (64%) · max_tokens reached
21:33:30.828 INFO:     #54 chat/completions (stream): 345 prompt tokens ·
                       temperature: 0, greedy (req), max_tokens: 18 (req),
                       min_tokens: 18 (req)
21:33:31.202 INFO:     #54 chat/completions (stream): 18 tokens generated at
                       204.3 T/s · prompt 345 tokens, none cached, 345 new in
                       0.23 s (1,500 T/s) · first token 0.24 s, total 0.32 s ·
                       draft 11/21 accepted (52%) · max_tokens reached
21:33:31.234 INFO:     #55 chat/completions (stream): 353 prompt tokens ·
                       temperature: 0, greedy (req), max_tokens: 52 (req),
                       min_tokens: 52 (req)
21:33:31.736 INFO:     #55 chat/completions (stream): 52 tokens generated at
                       241.7 T/s · prompt 353 tokens, none cached, 353 new in
                       0.24 s (1,471 T/s) · first token 0.25 s, total 0.46 s ·
                       draft 35/51 accepted (69%) · max_tokens reached
21:33:31.769 INFO:     #56 chat/completions (stream): 75 prompt tokens ·
                       temperature: 0, greedy (req), max_tokens: 218 (req),
                       min_tokens: 218 (req)
21:33:32.789 INFO:     #56 chat/completions (stream): 218 tokens generated at
                       243.7 T/s · prompt 75 tokens, none cached, 75 new in 0.08
                       s · first token 0.09 s, total 0.98 s · draft 149/207
                       accepted (72%) · max_tokens reached
21:33:32.822 INFO:     #58 chat/completions (stream): 786 prompt tokens ·
                       temperature: 0, greedy (req), max_tokens: 792 (req),
                       min_tokens: 792 (req)
21:33:34.534 INFO:     #51 chat/completions (stream): 683 tokens generated at
                       142.8 T/s · prompt 87 tokens, none cached, 87 new in 0.08
                       s · first token 0.09 s, total 4.87 s · draft 401/846
                       accepted (47%) · max_tokens reached
21:33:34.567 INFO:     #59 chat/completions (stream): 95 prompt tokens ·
                       temperature: 0, greedy (req), max_tokens: 25 (req),
                       min_tokens: 25 (req)
21:33:34.788 INFO:     #59 chat/completions (stream): 25 tokens generated at
                       285.2 T/s · prompt 95 tokens, none cached, 95 new in 0.09
                       s · first token 0.10 s, total 0.18 s · draft 18/21
                       accepted (86%) · max_tokens reached
21:33:34.820 INFO:     #60 chat/completions (stream): 477 prompt tokens ·
                       temperature: 0, greedy (req), max_tokens: 7 (req),
                       min_tokens: 7 (req)
21:33:35.145 INFO:     #60 chat/completions (stream): 7 tokens generated at
                       284.7 T/s · prompt 477 tokens, none cached, 477 new in
                       0.25 s (1,908 T/s) · first token 0.25 s, total 0.28 s ·
                       draft 5/6 accepted (83%) · max_tokens reached
21:33:35.183 INFO:     #61 chat/completions (stream): 238 prompt tokens ·
                       temperature: 0, greedy (req), max_tokens: 23 (req),
                       min_tokens: 23 (req)
21:33:35.419 INFO:     #61 chat/completions (stream): 23 tokens generated at
                       302.8 T/s · prompt 238 tokens, none cached, 238 new in
                       0.11 s · first token 0.12 s, total 0.19 s · draft 17/18
                       accepted (94%) · max_tokens reached
21:33:35.452 INFO:     #62 chat/completions (stream): 62 prompt tokens ·
                       temperature: 0, greedy (req), max_tokens: 408 (req),
                       min_tokens: 408 (req)
21:33:37.330 INFO:     #58 chat/completions (stream): 792 tokens generated at
                       187.2 T/s · prompt 786 tokens, none cached, 786 new in
                       0.23 s (3,417 T/s) · first token 0.24 s, total 4.47 s ·
                       draft 504/864 accepted (58%) · max_tokens reached
21:33:37.362 INFO:     #63 chat/completions (stream): 507 prompt tokens ·
                       temperature: 0, greedy (req), max_tokens: 8 (req),
                       min_tokens: 8 (req)
21:33:37.690 INFO:     #63 chat/completions (stream): 8 tokens generated at
                       317.6 T/s · prompt 507 tokens, none cached, 507 new in
                       0.25 s (2,028 T/s) · first token 0.26 s, total 0.28 s ·
                       draft 6/6 accepted (100%) · max_tokens reached
21:33:37.693 INFO:     #64 chat/completions (stream): 151 prompt tokens ·
                       temperature: 0, greedy (req), max_tokens: 7 (req),
                       min_tokens: 7 (req)
21:33:37.693 INFO:     #62 chat/completions (stream): 408 tokens generated at
                       188.7 T/s · prompt 62 tokens, none cached, 62 new in 0.07
                       s · first token 0.08 s, total 2.24 s · draft 258/450
                       accepted (57%) · max_tokens reached
21:33:37.810 INFO:     #65 chat/completions (stream): 92 prompt tokens ·
                       temperature: 0, greedy (req), max_tokens: 171 (req),
                       min_tokens: 171 (req)
21:33:37.912 INFO:     #64 chat/completions (stream): 7 tokens generated at
                       368.1 T/s · prompt 151 tokens, none cached, 151 new in
                       0.09 s · first token 0.10 s, total 0.11 s · draft 5/6
                       accepted (83%) · max_tokens reached
21:33:37.944 INFO:     #66 chat/completions (stream): 534 prompt tokens ·
                       temperature: 0, greedy (req), max_tokens: 59 (req),
                       min_tokens: 59 (req)
21:33:38.486 INFO:     #66 chat/completions (stream): 59 tokens generated at
                       190.4 T/s · prompt 534 tokens, none cached, 534 new in
                       0.19 s (2,811 T/s) · first token 0.19 s, total 0.50 s ·
                       draft 35/72 accepted (49%) · max_tokens reached
21:33:38.518 INFO:     #67 chat/completions (stream): 63 prompt tokens ·
                       temperature: 0, greedy (req), max_tokens: 327 (req),
                       min_tokens: 327 (req)
21:33:39.014 INFO:     #65 chat/completions (stream): 171 tokens generated at
                       159.7 T/s · prompt 92 tokens, none cached, 92 new in 0.09
                       s · first token 0.10 s, total 1.17 s · draft 105/198
                       accepted (53%) · max_tokens reached
21:33:39.046 INFO:     #68 chat/completions (stream): 58 prompt tokens ·
                       temperature: 0, greedy (req), max_tokens: 312 (req),
                       min_tokens: 312 (req)
21:33:40.305 INFO:     #67 chat/completions (stream): 327 tokens generated at
                       195.9 T/s · prompt 63 tokens, none cached, 63 new in 0.07
                       s · first token 0.08 s, total 1.75 s · draft 203/372
                       accepted (55%) · max_tokens reached
21:33:40.337 INFO:     #69 chat/completions (stream): 253 prompt tokens ·
                       temperature: 0, greedy (req), max_tokens: 227 (req),
                       min_tokens: 227 (req)
21:33:40.738 INFO:     #68 chat/completions (stream): 312 tokens generated at
                       197.8 T/s · prompt 58 tokens, none cached, 58 new in 0.07
                       s · first token 0.08 s, total 1.65 s · draft 200/336
                       accepted (60%) · max_tokens reached
21:33:40.770 INFO:     #70 chat/completions (stream): 328 prompt tokens ·
                       temperature: 0, greedy (req), max_tokens: 161 (req),
                       min_tokens: 161 (req)
21:33:41.889 INFO:     #69 chat/completions (stream): 227 tokens generated at
                       159.3 T/s · prompt 253 tokens, none cached, 253 new in
                       0.12 s · first token 0.13 s, total 1.55 s · draft 131/288
                       accepted (45%) · max_tokens reached
21:33:41.889 INFO:     #70 chat/completions (stream): 161 tokens generated at
                       180.3 T/s · prompt 328 tokens, none cached, 328 new in
                       0.22 s (1,491 T/s) · first token 0.23 s, total 1.12 s ·
                       draft 91/210 accepted (43%) · max_tokens reached
21:33:41.894 INFO:     #71 chat/completions (stream): 450 prompt tokens ·
                       temperature: 0, greedy (req), max_tokens: 172 (req),
                       min_tokens: 172 (req)
21:33:41.894 INFO:     #72 chat/completions (stream): 62 prompt tokens ·
                       temperature: 0, greedy (req), max_tokens: 158 (req),
                       min_tokens: 158 (req)
21:33:42.996 INFO:     #71 chat/completions (stream): 172 tokens generated at
                       235.4 T/s · prompt 450 tokens, none cached, 450 new in
                       0.32 s (1,406 T/s) · first token 0.33 s, total 1.06 s ·
                       draft 115/171 accepted (67%) · max_tokens reached
21:33:43.035 INFO:     #73 chat/completions (stream): 840 prompt tokens ·
                       temperature: 0, greedy (req), max_tokens: 16 (req),
                       min_tokens: 16 (req)
21:33:43.425 INFO:     #72 chat/completions (stream): 158 tokens generated at
                       123.7 T/s · prompt 62 tokens, none cached, 62 new in 0.07
                       s · queued 0.14 s, first token 0.21 s, total 1.49 s ·
                       draft 90/204 accepted (44%) · max_tokens reached
21:33:43.448 INFO:     #74 chat/completions (stream): 63 prompt tokens ·
                       temperature: 0, greedy (req), max_tokens: 373 (req),
                       min_tokens: 373 (req)
21:33:43.544 INFO:     #73 chat/completions (stream): 16 tokens generated at
                       176.4 T/s · prompt 840 tokens, none cached, 840 new in
                       0.31 s (2,710 T/s) · first token 0.32 s, total 0.41 s ·
                       draft 8/24 accepted (33%) · max_tokens reached
21:33:43.575 INFO:     #75 chat/completions (stream): 63 prompt tokens ·
                       temperature: 0, greedy (req), max_tokens: 361 (req),
                       min_tokens: 361 (req)
21:33:45.368 INFO:     #74 chat/completions (stream): 373 tokens generated at
                       206.9 T/s · prompt 63 tokens, none cached, 63 new in 0.07
                       s · first token 0.08 s, total 1.88 s · draft 238/405
                       accepted (59%) · max_tokens reached
21:33:45.399 INFO:     #76 chat/completions (stream): 64 prompt tokens ·
                       temperature: 0, greedy (req), max_tokens: 400 (req),
                       min_tokens: 400 (req)
21:33:45.759 INFO:     #75 chat/completions (stream): 361 tokens generated at
                       174.7 T/s · prompt 63 tokens, none cached, 63 new in 0.07
                       s · first token 0.07 s, total 2.14 s · draft 205/468
                       accepted (44%) · max_tokens reached
21:33:45.793 INFO:     #77 chat/completions (stream): 677 prompt tokens ·
                       temperature: 0, greedy (req), max_tokens: 6 (req),
                       min_tokens: 6 (req)
21:33:46.133 INFO:     #77 chat/completions (stream): 6 tokens generated at
                       244.3 T/s · prompt 677 tokens, none cached, 677 new in
                       0.27 s (2,507 T/s) · first token 0.28 s, total 0.30 s ·
                       draft 4/6 accepted (67%) · max_tokens reached
21:33:46.166 INFO:     #78 chat/completions (stream): 114 prompt tokens ·
                       temperature: 0, greedy (req), max_tokens: 443 (req),
                       min_tokens: 443 (req)
21:33:48.106 INFO:     #76 chat/completions (stream): 400 tokens generated at
                       154.6 T/s · prompt 64 tokens, none cached, 64 new in 0.07
                       s · first token 0.08 s, total 2.66 s · draft 226/522
                       accepted (43%) · max_tokens reached
21:33:48.139 INFO:     #80 chat/completions (stream): 739 prompt tokens ·
                       temperature: 0, greedy (req), max_tokens: 620 (req),
                       min_tokens: 620 (req)
21:33:48.760 INFO:     #78 chat/completions (stream): 443 tokens generated at
                       182.2 T/s · prompt 114 tokens, none cached, 114 new in
                       0.12 s · first token 0.13 s, total 2.56 s · draft 277/498
                       accepted (56%) · max_tokens reached
21:33:48.793 INFO:     #81 chat/completions (stream): 502 prompt tokens ·
                       temperature: 0, greedy (req), max_tokens: 8 (req),
                       min_tokens: 8 (req)
21:33:49.133 INFO:     #81 chat/completions (stream): 8 tokens generated at
                       217.2 T/s · prompt 502 tokens, none cached, 502 new in
                       0.26 s (1,931 T/s) · first token 0.27 s, total 0.30 s ·
                       draft 5/9 accepted (56%) · max_tokens reached
21:33:49.167 INFO:     #82 chat/completions (stream): 67 prompt tokens ·
                       temperature: 0, greedy (req), max_tokens: 309 (req),
                       min_tokens: 309 (req)
21:33:50.771 INFO:     #82 chat/completions (stream): 309 tokens generated at
                       210.8 T/s · prompt 67 tokens, none cached, 67 new in 0.09
                       s · first token 0.09 s, total 1.56 s · draft 197/336
                       accepted (59%) · max_tokens reached
21:33:50.805 INFO:     #83 chat/completions (stream): 684 prompt tokens ·
                       temperature: 0, greedy (req), max_tokens: 19 (req),
                       min_tokens: 19 (req)
21:33:51.209 INFO:     #83 chat/completions (stream): 19 tokens generated at
                       216.1 T/s · prompt 684 tokens, none cached, 684 new in
                       0.26 s (2,631 T/s) · first token 0.27 s, total 0.35 s ·
                       draft 12/21 accepted (57%) · max_tokens reached
21:33:51.241 INFO:     #84 chat/completions (stream): 67 prompt tokens ·
                       temperature: 0, greedy (req), max_tokens: 161 (req),
                       min_tokens: 161 (req)
21:33:52.319 INFO:     #84 chat/completions (stream): 161 tokens generated at
                       168.3 T/s · prompt 67 tokens, none cached, 67 new in 0.07
                       s · first token 0.08 s, total 1.03 s · draft 87/222
                       accepted (39%) · max_tokens reached
21:33:52.352 INFO:     #85 chat/completions (stream): 345 prompt tokens ·
                       temperature: 0, greedy (req), max_tokens: 20 (req),
                       min_tokens: 20 (req)
21:33:52.652 INFO:     #80 chat/completions (stream): 620 tokens generated at
                       149.4 T/s · prompt 739 tokens, none cached, 739 new in
                       0.32 s (2,309 T/s) · first token 0.33 s, total 4.47 s ·
                       draft 364/768 accepted (47%) · max_tokens reached
21:33:52.666 INFO:     #86 chat/completions (stream): 870 prompt tokens ·
                       temperature: 0, greedy (req), max_tokens: 44 (req),
                       min_tokens: 44 (req)
21:33:52.857 INFO:     #85 chat/completions (stream): 20 tokens generated at
                       262.4 T/s · prompt 345 tokens, none cached, 345 new in
                       0.23 s (1,500 T/s) · first token 0.24 s, total 0.31 s ·
                       draft 13/21 accepted (62%) · max_tokens reached
21:33:52.989 INFO:     #87 chat/completions (stream): 77 prompt tokens ·
                       temperature: 0, greedy (req), max_tokens: 142 (req),
                       min_tokens: 142 (req)
21:33:53.291 INFO:     #86 chat/completions (stream): 44 tokens generated at
                       151.0 T/s · prompt 870 tokens, none cached, 870 new in
                       0.29 s (3,000 T/s) · first token 0.30 s, total 0.59 s ·
                       draft 28/48 accepted (58%) · max_tokens reached
21:33:53.323 INFO:     #88 chat/completions (stream): 116 prompt tokens ·
                       temperature: 0, greedy (req), max_tokens: 79 (req),
                       min_tokens: 79 (req)
21:33:53.734 INFO:     #88 chat/completions (stream): 79 tokens generated at
                       295.7 T/s · prompt 116 tokens, none cached, 116 new in
                       0.10 s · first token 0.11 s, total 0.37 s · draft 58/63
                       accepted (92%) · max_tokens reached
21:33:53.767 INFO:     #89 chat/completions (stream): 121 prompt tokens ·
                       temperature: 0, greedy (req), max_tokens: 9 (req),
                       min_tokens: 9 (req)
21:33:53.935 INFO:     #89 chat/completions (stream): 9 tokens generated at
                       179.2 T/s · prompt 121 tokens, none cached, 121 new in
                       0.10 s · first token 0.11 s, total 0.16 s · draft 5/12
                       accepted (42%) · max_tokens reached
21:33:53.936 INFO:     #87 chat/completions (stream): 142 tokens generated at
                       165.3 T/s · prompt 77 tokens, none cached, 77 new in 0.08
                       s · first token 0.08 s, total 0.94 s · draft 89/159
                       accepted (56%) · max_tokens reached
21:33:53.939 INFO:     #90 chat/completions (stream): 188 prompt tokens ·
                       temperature: 0, greedy (req), max_tokens: 337 (req),
                       min_tokens: 337 (req)
21:33:53.940 INFO:     #91 chat/completions (stream): 546 prompt tokens ·
                       temperature: 0, greedy (req), max_tokens: 16 (req),
                       min_tokens: 16 (req)
21:33:54.379 INFO:     #91 chat/completions (stream): 16 tokens generated at
                       254.1 T/s · prompt 546 tokens, none cached, 546 new in
                       0.22 s (2,482 T/s) · queued 0.11 s, first token 0.33 s,
                       total 0.39 s · draft 11/15 accepted (73%) · max_tokens
                       reached
21:33:54.412 INFO:     #92 chat/completions (stream): 346 prompt tokens ·
                       temperature: 0, greedy (req), max_tokens: 18 (req),
                       min_tokens: 18 (req)
21:33:54.755 INFO:     #92 chat/completions (stream): 18 tokens generated at
                       242.2 T/s · prompt 346 tokens, none cached, 346 new in
                       0.22 s (1,573 T/s) · first token 0.23 s, total 0.30 s ·
                       draft 12/18 accepted (67%) · max_tokens reached
21:33:54.787 INFO:     #93 chat/completions (stream): 399 prompt tokens ·
                       temperature: 0, greedy (req), max_tokens: 350 (req),
                       min_tokens: 350 (req)
21:33:56.456 INFO:     #90 chat/completions (stream): 337 tokens generated at
                       152.5 T/s · prompt 188 tokens, none cached, 188 new in
                       0.25 s · first token 0.26 s, total 2.47 s · draft 202/405
                       accepted (50%) · max_tokens reached
21:33:56.490 INFO:     #94 chat/completions (stream): 832 prompt tokens ·
                       temperature: 0, greedy (req), max_tokens: 25 (req),
                       min_tokens: 25 (req)
21:33:56.922 INFO:     #94 chat/completions (stream): 25 tokens generated at
                       248.9 T/s · prompt 832 tokens, none cached, 832 new in
                       0.28 s (2,971 T/s) · first token 0.29 s, total 0.39 s ·
                       draft 17/24 accepted (71%) · max_tokens reached
21:33:56.954 INFO:     #95 chat/completions (stream): 62 prompt tokens ·
                       temperature: 0, greedy (req), max_tokens: 163 (req),
                       min_tokens: 163 (req)
21:33:57.146 INFO:     #93 chat/completions (stream): 350 tokens generated at
                       169.5 T/s · prompt 399 tokens, none cached, 399 new in
                       0.25 s (1,596 T/s) · first token 0.26 s, total 2.32 s ·
                       draft 214/408 accepted (52%) · max_tokens reached
21:33:57.189 INFO:     #96 chat/completions (stream): 794 prompt tokens ·
                       temperature: 0, greedy (req), max_tokens: 12 (req),
                       min_tokens: 12 (req)
21:33:57.523 INFO:     #96 chat/completions (stream): 12 tokens generated at
                       237.0 T/s · prompt 794 tokens, none cached, 794 new in
                       0.24 s (3,308 T/s) · first token 0.25 s, total 0.30 s ·
                       draft 8/12 accepted (67%) · max_tokens reached
21:33:57.556 INFO:     #97 chat/completions (stream): 489 prompt tokens ·
                       temperature: 0, greedy (req), max_tokens: 32 (req),
                       min_tokens: 32 (req)
21:33:57.989 INFO:     #97 chat/completions (stream): 32 tokens generated at
                       232.5 T/s · prompt 489 tokens, none cached, 489 new in
                       0.25 s (1,956 T/s) · first token 0.26 s, total 0.39 s ·
                       draft 21/33 accepted (64%) · max_tokens reached
21:33:58.021 INFO:     #98 chat/completions (stream): 378 prompt tokens ·
                       temperature: 0, greedy (req), max_tokens: 447 (req),
                       min_tokens: 447 (req)
21:33:58.583 INFO:     #95 chat/completions (stream): 163 tokens generated at
                       107.8 T/s · prompt 62 tokens, none cached, 62 new in 0.07
                       s · first token 0.08 s, total 1.59 s · draft 100/189
                       accepted (53%) · max_tokens reached
21:33:58.616 INFO:     #99 chat/completions (stream): 72 prompt tokens ·
                       temperature: 0, greedy (req), max_tokens: 731 (req),
                       min_tokens: 731 (req)
21:34:00.808 INFO:     #98 chat/completions (stream): 447 tokens generated at
                       182.2 T/s · prompt 378 tokens, none cached, 378 new in
                       0.29 s (1,303 T/s) · first token 0.30 s, total 2.75 s ·
                       draft 261/558 accepted (47%) · max_tokens reached
21:34:00.840 INFO:     #100 chat/completions (stream): 76 prompt tokens ·
                       temperature: 0, greedy (req), max_tokens: 393 (req),
                       min_tokens: 393 (req)
21:34:02.432 INFO:     #99 chat/completions (stream): 731 tokens generated at
                       198.0 T/s · prompt 72 tokens, none cached, 72 new in 0.08
                       s · first token 0.09 s, total 3.78 s · draft 450/843
                       accepted (53%) · max_tokens reached
21:34:02.464 INFO:     #102 chat/completions (stream): 60 prompt tokens ·
                       temperature: 0, greedy (req), max_tokens: 636 (req),
                       min_tokens: 636 (req)
21:34:02.937 INFO:     #100 chat/completions (stream): 393 tokens generated at
                       199.2 T/s · prompt 76 tokens, none cached, 76 new in 0.08
                       s · first token 0.09 s, total 2.06 s · draft 245/444
                       accepted (55%) · max_tokens reached
21:34:02.969 INFO:     #103 chat/completions (stream): 87 prompt tokens ·
                       temperature: 0, greedy (req), max_tokens: 38 (req),
                       min_tokens: 38 (req)
21:34:03.245 INFO:     #103 chat/completions (stream): 38 tokens generated at
                       262.1 T/s · prompt 87 tokens, none cached, 87 new in 0.09
                       s · first token 0.10 s, total 0.24 s · draft 27/33
                       accepted (82%) · max_tokens reached
21:34:03.277 INFO:     #104 chat/completions (stream): 132 prompt tokens ·
                       temperature: 0, greedy (req), max_tokens: 61 (req),
                       min_tokens: 61 (req)
21:34:03.636 INFO:     #104 chat/completions (stream): 61 tokens generated at
                       295.6 T/s · prompt 132 tokens, none cached, 132 new in
                       0.11 s · first token 0.12 s, total 0.32 s · draft 45/48
                       accepted (94%) · max_tokens reached
21:34:03.669 INFO:     #105 chat/completions (stream): 76 prompt tokens ·
                       temperature: 0, greedy (req), max_tokens: 411 (req),
                       min_tokens: 411 (req)
21:34:05.638 INFO:     #102 chat/completions (stream): 636 tokens generated at
                       208.0 T/s · prompt 60 tokens, none cached, 60 new in 0.07
                       s · first token 0.08 s, total 3.13 s · draft 417/657
                       accepted (63%) · max_tokens reached
21:34:05.671 INFO:     #106 chat/completions (stream): 68 prompt tokens ·
                       temperature: 0, greedy (req), max_tokens: 367 (req),
                       min_tokens: 367 (req)
21:34:05.792 INFO:     #105 chat/completions (stream): 411 tokens generated at
                       214.3 T/s · prompt 76 tokens, none cached, 76 new in 0.08
                       s · first token 0.09 s, total 2.00 s · draft 261/450
                       accepted (58%) · max_tokens reached
21:34:05.824 INFO:     #107 chat/completions (stream): 123 prompt tokens ·
                       temperature: 0, greedy (req), max_tokens: 289 (req),
                       min_tokens: 289 (req)
21:34:07.371 INFO:     #107 chat/completions (stream): 289 tokens generated at
                       206.5 T/s · prompt 123 tokens, none cached, 123 new in
                       0.10 s · first token 0.11 s, total 1.50 s · draft 181/324
                       accepted (56%) · max_tokens reached
21:34:07.404 INFO:     #108 chat/completions (stream): 101 prompt tokens ·
                       temperature: 0, greedy (req), max_tokens: 518 (req),
                       min_tokens: 518 (req)
21:34:07.764 INFO:     #106 chat/completions (stream): 367 tokens generated at
                       186.1 T/s · prompt 68 tokens, none cached, 68 new in 0.07
                       s · first token 0.08 s, total 2.05 s · draft 228/417
                       accepted (55%) · max_tokens reached
21:34:07.796 INFO:     #109 chat/completions (stream): 145 prompt tokens ·
                       temperature: 0, greedy (req), max_tokens: 144 (req),
                       min_tokens: 144 (req)
21:34:08.608 INFO:     #109 chat/completions (stream): 144 tokens generated at
                       219.6 T/s · prompt 145 tokens, none cached, 145 new in
                       0.11 s · first token 0.12 s, total 0.77 s · draft 93/153
                       accepted (61%) · max_tokens reached
21:34:08.642 INFO:     #110 chat/completions (stream): 360 prompt tokens ·
                       temperature: 0, greedy (req), max_tokens: 8 (req),
                       min_tokens: 8 (req)
21:34:08.959 INFO:     #110 chat/completions (stream): 8 tokens generated at
                       213.5 T/s · prompt 360 tokens, none cached, 360 new in
                       0.23 s (1,565 T/s) · first token 0.24 s, total 0.27 s ·
                       draft 5/9 accepted (56%) · max_tokens reached
21:34:08.992 INFO:     #111 chat/completions (stream): 469 prompt tokens ·
                       temperature: 0, greedy (req), max_tokens: 465 (req),
                       min_tokens: 465 (req)
21:34:11.004 INFO:     #108 chat/completions (stream): 518 tokens generated at
                       149.8 T/s · prompt 101 tokens, none cached, 101 new in
                       0.09 s · first token 0.10 s, total 3.55 s · draft 291/681
                       accepted (43%) · max_tokens reached
21:34:11.038 INFO:     #112 chat/completions (stream): 327 prompt tokens ·
                       temperature: 0, greedy (req), max_tokens: 420 (req),
                       min_tokens: 420 (req)
21:34:11.458 INFO:     #111 chat/completions (stream): 465 tokens generated at
                       214.2 T/s · prompt 469 tokens, none cached, 469 new in
                       0.25 s (1,876 T/s) · first token 0.26 s, total 2.43 s ·
                       draft 315/450 accepted (70%) · max_tokens reached
21:34:11.491 INFO:     #113 chat/completions (stream): 93 prompt tokens ·
                       temperature: 0, greedy (req), max_tokens: 298 (req),
                       min_tokens: 298 (req)
21:34:13.075 INFO:     #113 chat/completions (stream): 298 tokens generated at
                       205.6 T/s · prompt 93 tokens, none cached, 93 new in 0.09
                       s · first token 0.10 s, total 1.55 s · draft 185/339
                       accepted (55%) · max_tokens reached
21:34:13.107 INFO:     #114 chat/completions (stream): 126 prompt tokens ·
                       temperature: 0, greedy (req), max_tokens: 325 (req),
                       min_tokens: 325 (req)
21:34:13.614 INFO:     #112 chat/completions (stream): 420 tokens generated at
                       184.8 T/s · prompt 327 tokens, none cached, 327 new in
                       0.26 s (1,258 T/s) · first token 0.27 s, total 2.54 s ·
                       draft 256/492 accepted (52%) · max_tokens reached
21:34:13.647 INFO:     #115 chat/completions (stream): 487 prompt tokens ·
                       temperature: 0, greedy (req), max_tokens: 7 (req),
                       min_tokens: 7 (req)
21:34:13.968 INFO:     #115 chat/completions (stream): 7 tokens generated at
                       284.2 T/s · prompt 487 tokens, none cached, 487 new in
                       0.25 s (1,948 T/s) · first token 0.26 s, total 0.28 s ·
                       draft 5/6 accepted (83%) · max_tokens reached
21:34:14.000 INFO:     #116 chat/completions (stream): 334 prompt tokens ·
                       temperature: 0, greedy (req), max_tokens: 377 (req),
                       min_tokens: 377 (req)
21:34:15.249 INFO:     #114 chat/completions (stream): 325 tokens generated at
                       163.2 T/s · prompt 126 tokens, none cached, 126 new in
                       0.10 s · first token 0.11 s, total 2.10 s · draft 203/366
                       accepted (55%) · max_tokens reached
21:34:15.283 INFO:     #117 chat/completions (stream): 841 prompt tokens ·
                       temperature: 0, greedy (req), max_tokens: 429 (req),
                       min_tokens: 429 (req)
21:34:16.373 INFO:     #116 chat/completions (stream): 377 tokens generated at
                       178.7 T/s · prompt 334 tokens, none cached, 334 new in
                       0.22 s (1,518 T/s) · first token 0.23 s, total 2.33 s ·
                       draft 235/426 accepted (55%) · max_tokens reached
21:34:16.406 INFO:     #118 chat/completions (stream): 57 prompt tokens ·
                       temperature: 0, greedy (req), max_tokens: 99 (req),
                       min_tokens: 99 (req)
21:34:16.967 INFO:     #118 chat/completions (stream): 99 tokens generated at
                       221.8 T/s · prompt 57 tokens, none cached, 57 new in 0.07
                       s · first token 0.08 s, total 0.52 s · draft 64/105
                       accepted (61%) · max_tokens reached
21:34:17.000 INFO:     #119 chat/completions (stream): 147 prompt tokens ·
                       temperature: 0, greedy (req), max_tokens: 30 (req),
                       min_tokens: 30 (req)
21:34:17.265 INFO:     #119 chat/completions (stream): 30 tokens generated at
                       234.7 T/s · prompt 147 tokens, none cached, 147 new in
                       0.09 s · first token 0.10 s, total 0.22 s · draft 21/27
                       accepted (78%) · max_tokens reached
21:34:17.297 INFO:     #121 chat/completions (stream): 232 prompt tokens ·
                       temperature: 0, greedy (req), max_tokens: 78 (req),
                       min_tokens: 78 (req)
21:34:17.711 INFO:     #121 chat/completions (stream): 78 tokens generated at
                       302.7 T/s · prompt 232 tokens, none cached, 232 new in
                       0.11 s · first token 0.12 s, total 0.37 s · draft 58/60
                       accepted (97%) · max_tokens reached
21:34:17.744 INFO:     #122 chat/completions (stream): 63 prompt tokens ·
                       temperature: 0, greedy (req), max_tokens: 321 (req),
                       min_tokens: 321 (req)
21:34:18.469 INFO:     #117 chat/completions (stream): 429 tokens generated at
                       150.9 T/s · prompt 841 tokens, none cached, 841 new in
                       0.30 s (2,803 T/s) · first token 0.31 s, total 3.15 s ·
                       draft 232/591 accepted (39%) · max_tokens reached
21:34:18.503 INFO:     #123 chat/completions (stream): 78 prompt tokens ·
                       temperature: 0, greedy (req), max_tokens: 254 (req),
                       min_tokens: 254 (req)
21:34:19.616 INFO:     #122 chat/completions (stream): 321 tokens generated at
                       182.8 T/s · prompt 63 tokens, none cached, 63 new in 0.07
                       s · first token 0.08 s, total 1.83 s · draft 191/390
                       accepted (49%) · max_tokens reached
21:34:19.648 INFO:     #124 chat/completions (stream): 63 prompt tokens ·
                       temperature: 0, greedy (req), max_tokens: 194 (req),
                       min_tokens: 194 (req)
21:34:19.778 INFO:     #123 chat/completions (stream): 254 tokens generated at
                       221.2 T/s · prompt 78 tokens, none cached, 78 new in 0.08
                       s · first token 0.09 s, total 1.23 s · draft 170/252
                       accepted (67%) · max_tokens reached
21:34:19.810 INFO:     #125 chat/completions (stream): 629 prompt tokens ·
                       temperature: 0, greedy (req), max_tokens: 9 (req),
                       min_tokens: 9 (req)
21:34:20.160 INFO:     #125 chat/completions (stream): 9 tokens generated at
                       245.5 T/s · prompt 629 tokens, none cached, 629 new in
                       0.27 s (2,330 T/s) · first token 0.27 s, total 0.31 s ·
                       draft 6/9 accepted (67%) · max_tokens reached
21:34:20.203 INFO:     #126 chat/completions (stream): 57 prompt tokens ·
                       temperature: 0, greedy (req), max_tokens: 78 (req),
                       min_tokens: 78 (req)
21:34:20.750 INFO:     #126 chat/completions (stream): 78 tokens generated at
                       180.0 T/s · prompt 57 tokens, none cached, 57 new in 0.07
                       s · first token 0.08 s, total 0.51 s · draft 44/102
                       accepted (43%) · max_tokens reached
21:34:20.783 INFO:     #127 chat/completions (stream): 148 prompt tokens ·
                       temperature: 0, greedy (req), max_tokens: 15 (req),
                       min_tokens: 15 (req)
21:34:20.987 INFO:     #127 chat/completions (stream): 15 tokens generated at
                       232.7 T/s · prompt 148 tokens, none cached, 148 new in
                       0.09 s · first token 0.10 s, total 0.16 s · draft 10/15
                       accepted (67%) · max_tokens reached
21:34:21.009 INFO:     #128 chat/completions (stream): 346 prompt tokens ·
                       temperature: 0, greedy (req), max_tokens: 11 (req),
                       min_tokens: 11 (req)
21:34:21.243 INFO:     #124 chat/completions (stream): 194 tokens generated at
                       151.2 T/s · prompt 63 tokens, none cached, 63 new in 0.07
                       s · first token 0.08 s, total 1.36 s · draft 123/213
                       accepted (58%) · max_tokens reached
21:34:21.266 INFO:     #129 chat/completions (stream): 74 prompt tokens ·
                       temperature: 0, greedy (req), max_tokens: 296 (req),
                       min_tokens: 296 (req)
21:34:21.369 INFO:     #128 chat/completions (stream): 11 tokens generated at
                       346.9 T/s · prompt 346 tokens, none cached, 346 new in
                       0.22 s (1,573 T/s) · first token 0.22 s, total 0.26 s ·
                       draft 8/9 accepted (89%) · max_tokens reached
21:34:21.402 INFO:     #130 chat/completions (stream): 468 prompt tokens ·
                       temperature: 0, greedy (req), max_tokens: 17 (req),
                       min_tokens: 17 (req)
21:34:21.771 INFO:     #130 chat/completions (stream): 17 tokens generated at
                       226.9 T/s · prompt 468 tokens, none cached, 468 new in
                       0.25 s (1,872 T/s) · first token 0.25 s, total 0.33 s ·
                       draft 11/18 accepted (61%) · max_tokens reached
21:34:21.805 INFO:     #131 chat/completions (stream): 400 prompt tokens ·
                       temperature: 0, greedy (req), max_tokens: 4 (req),
                       min_tokens: 4 (req)
21:34:22.110 INFO:     #131 chat/completions (stream): 4 tokens generated at
                       315.4 T/s · prompt 400 tokens, none cached, 400 new in
                       0.25 s (1,600 T/s) · first token 0.26 s, total 0.27 s ·
                       draft 3/3 accepted (100%) · max_tokens reached
21:34:22.142 INFO:     #132 chat/completions (stream): 216 prompt tokens ·
                       temperature: 0, greedy (req), max_tokens: 30 (req),
                       min_tokens: 30 (req)
21:34:22.393 INFO:     #132 chat/completions (stream): 30 tokens generated at
                       291.6 T/s · prompt 216 tokens, none cached, 216 new in
                       0.10 s · first token 0.10 s, total 0.21 s · draft 22/24
                       accepted (92%) · max_tokens reached
21:34:22.426 INFO:     #133 chat/completions (stream): 200 prompt tokens ·
                       temperature: 0, greedy (req), max_tokens: 12 (req),
                       min_tokens: 12 (req)
21:34:22.629 INFO:     #133 chat/completions (stream): 12 tokens generated at
                       240.6 T/s · prompt 200 tokens, none cached, 200 new in
                       0.11 s · first token 0.12 s, total 0.17 s · draft 8/12
                       accepted (67%) · max_tokens reached
21:34:22.662 INFO:     #134 chat/completions (stream): 160 prompt tokens ·
                       temperature: 0, greedy (req), max_tokens: 60 (req),
                       min_tokens: 60 (req)
21:34:23.109 INFO:     #134 chat/completions (stream): 60 tokens generated at
                       195.6 T/s · prompt 160 tokens, none cached, 160 new in
                       0.09 s · first token 0.09 s, total 0.40 s · draft 36/72
                       accepted (50%) · max_tokens reached
21:34:23.142 INFO:     #135 chat/completions (stream): 572 prompt tokens ·
                       temperature: 0, greedy (req), max_tokens: 60 (req),
                       min_tokens: 60 (req)
21:34:23.745 INFO:     #135 chat/completions (stream): 60 tokens generated at
                       199.3 T/s · prompt 572 tokens, none cached, 572 new in
                       0.26 s (2,200 T/s) · first token 0.27 s, total 0.57 s ·
                       draft 36/72 accepted (50%) · max_tokens reached
21:34:23.777 INFO:     #136 chat/completions (stream): 68 prompt tokens ·
                       temperature: 0, greedy (req), max_tokens: 733 (req),
                       min_tokens: 733 (req)
21:34:24.011 INFO:     #129 chat/completions (stream): 296 tokens generated at
                       113.0 T/s · prompt 74 tokens, none cached, 74 new in 0.08
                       s · first token 0.09 s, total 2.71 s · draft 170/378
                       accepted (45%) · max_tokens reached
21:34:24.043 INFO:     #137 chat/completions (stream): 59 prompt tokens ·
                       temperature: 0, greedy (req), max_tokens: 81 (req),
                       min_tokens: 81 (req)
21:34:24.574 INFO:     #137 chat/completions (stream): 81 tokens generated at
                       195.1 T/s · prompt 59 tokens, none cached, 59 new in 0.07
                       s · first token 0.07 s, total 0.49 s · draft 49/96
                       accepted (51%) · max_tokens reached
21:34:24.608 INFO:     #138 chat/completions (stream): 694 prompt tokens ·
                       temperature: 0, greedy (req), max_tokens: 34 (req),
                       min_tokens: 34 (req)
21:34:25.044 INFO:     #138 chat/completions (stream): 34 tokens generated at
                       269.3 T/s · prompt 694 tokens, none cached, 694 new in
                       0.26 s (2,669 T/s) · first token 0.27 s, total 0.39 s ·
                       draft 24/30 accepted (80%) · max_tokens reached
21:34:25.076 INFO:     #139 chat/completions (stream): 66 prompt tokens ·
                       temperature: 0, greedy (req), max_tokens: 198 (req),
                       min_tokens: 198 (req)
21:34:25.994 INFO:     #139 chat/completions (stream): 198 tokens generated at
                       248.4 T/s · prompt 66 tokens, none cached, 66 new in 0.07
                       s · first token 0.08 s, total 0.87 s · draft 136/186
                       accepted (73%) · max_tokens reached
21:34:26.028 INFO:     #140 chat/completions (stream): 477 prompt tokens ·
                       temperature: 0, greedy (req), max_tokens: 38 (req),
                       min_tokens: 38 (req)
21:34:26.531 INFO:     #140 chat/completions (stream): 38 tokens generated at
                       232.1 T/s · prompt 477 tokens, none cached, 477 new in
                       0.29 s (1,645 T/s) · first token 0.30 s, total 0.46 s ·
                       draft 25/39 accepted (64%) · max_tokens reached
21:34:26.563 INFO:     #141 chat/completions (stream): 80 prompt tokens ·
                       temperature: 0, greedy (req), max_tokens: 49 (req),
                       min_tokens: 49 (req)
21:34:26.855 INFO:     #141 chat/completions (stream): 49 tokens generated at
                       296.2 T/s · prompt 80 tokens, none cached, 80 new in 0.08
                       s · first token 0.09 s, total 0.25 s · draft 36/39
                       accepted (92%) · max_tokens reached
21:34:26.887 INFO:     #142 chat/completions (stream): 124 prompt tokens ·
                       temperature: 0, greedy (req), max_tokens: 635 (req),
                       min_tokens: 635 (req)
21:34:28.275 INFO:     #136 chat/completions (stream): 733 tokens generated at
                       167.5 T/s · prompt 68 tokens, none cached, 68 new in 0.08
                       s · first token 0.09 s, total 4.46 s · draft 453/840
                       accepted (54%) · max_tokens reached
21:34:28.308 INFO:     #143 chat/completions (stream): 411 prompt tokens ·
                       temperature: 0, greedy (req), max_tokens: 7 (req),
                       min_tokens: 7 (req)
21:34:28.612 INFO:     #143 chat/completions (stream): 7 tokens generated at
                       287.0 T/s · prompt 411 tokens, none cached, 411 new in
                       0.23 s (1,787 T/s) · first token 0.24 s, total 0.26 s ·
                       draft 5/6 accepted (83%) · max_tokens reached
21:34:28.646 INFO:     #144 chat/completions (stream): 315 prompt tokens ·
                       temperature: 0, greedy (req), max_tokens: 707 (req),
                       min_tokens: 707 (req)
21:34:30.452 INFO:     #142 chat/completions (stream): 635 tokens generated at
                       185.7 T/s · prompt 124 tokens, none cached, 124 new in
                       0.10 s · first token 0.10 s, total 3.52 s · draft 401/702
                       accepted (57%) · max_tokens reached
21:34:30.485 INFO:     #145 chat/completions (stream): 77 prompt tokens ·
                       temperature: 0, greedy (req), max_tokens: 380 (req),
                       min_tokens: 380 (req)
21:34:32.102 INFO:     #144 chat/completions (stream): 707 tokens generated at
                       221.2 T/s · prompt 315 tokens, none cached, 315 new in
                       0.21 s (1,500 T/s) · first token 0.22 s, total 3.41 s ·
                       draft 463/732 accepted (63%) · max_tokens reached
21:34:32.135 INFO:     #147 chat/completions (stream): 266 prompt tokens ·
                       temperature: 0, greedy (req), max_tokens: 147 (req),
                       min_tokens: 147 (req)
21:34:32.512 INFO:     #145 chat/completions (stream): 380 tokens generated at
                       199.7 T/s · prompt 77 tokens, none cached, 77 new in 0.08
                       s · first token 0.09 s, total 1.99 s · draft 241/417
                       accepted (58%) · max_tokens reached
21:34:32.544 INFO:     #148 chat/completions (stream): 232 prompt tokens ·
                       temperature: 0, greedy (req), max_tokens: 41 (req),
                       min_tokens: 41 (req)
21:34:32.870 INFO:     #148 chat/completions (stream): 41 tokens generated at
                       244.0 T/s · prompt 232 tokens, none cached, 232 new in
                       0.11 s · first token 0.12 s, total 0.28 s · draft 28/39
                       accepted (72%) · max_tokens reached
21:34:32.893 INFO:     #149 chat/completions (stream): 137 prompt tokens ·
                       temperature: 0, greedy (req), max_tokens: 101 (req),
                       min_tokens: 101 (req)
21:34:33.024 INFO:     #147 chat/completions (stream): 147 tokens generated at
                       250.1 T/s · prompt 266 tokens, none cached, 266 new in
                       0.16 s (1,662 T/s) · first token 0.17 s, total 0.75 s ·
                       draft 108/117 accepted (92%) · max_tokens reached
21:34:33.057 INFO:     #150 chat/completions (stream): 135 prompt tokens ·
                       temperature: 0, greedy (req), max_tokens: 433 (req),
                       min_tokens: 433 (req)
21:34:33.582 INFO:     #149 chat/completions (stream): 101 tokens generated at
                       188.6 T/s · prompt 137 tokens, none cached, 137 new in
                       0.11 s · first token 0.12 s, total 0.65 s · draft 67/102
                       accepted (66%) · max_tokens reached
21:34:33.616 INFO:     #151 chat/completions (stream): 456 prompt tokens ·
                       temperature: 0, greedy (req), max_tokens: 342 (req),
                       min_tokens: 342 (req)
21:34:35.389 INFO:     #150 chat/completions (stream): 433 tokens generated at
                       198.7 T/s · prompt 135 tokens, none cached, 135 new in
                       0.11 s · first token 0.11 s, total 2.29 s · draft 283/450
                       accepted (63%) · max_tokens reached
21:34:35.422 INFO:     #152 chat/completions (stream): 301 prompt tokens ·
                       temperature: 0, greedy (req), max_tokens: 14 (req),
                       min_tokens: 14 (req)
21:34:35.666 INFO:     #151 chat/completions (stream): 342 tokens generated at
                       201.7 T/s · prompt 456 tokens, none cached, 456 new in
                       0.25 s (1,824 T/s) · first token 0.26 s, total 1.95 s ·
                       draft 221/363 accepted (61%) · max_tokens reached
21:34:35.690 INFO:     #153 chat/completions (stream): 823 prompt tokens ·
                       temperature: 0, greedy (req), max_tokens: 11 (req),
                       min_tokens: 11 (req)
21:34:35.963 INFO:     #152 chat/completions (stream): 14 tokens generated at
                       227.7 T/s · prompt 301 tokens, none cached, 301 new in
                       0.20 s (1,505 T/s) · first token 0.21 s, total 0.27 s ·
                       draft 8/18 accepted (44%) · max_tokens reached
21:34:35.986 INFO:     #154 chat/completions (stream): 80 prompt tokens ·
                       temperature: 0, greedy (req), max_tokens: 159 (req),
                       min_tokens: 159 (req)
21:34:36.090 INFO:     #153 chat/completions (stream): 11 tokens generated at
                       357.0 T/s · prompt 823 tokens, none cached, 823 new in
                       0.26 s (3,165 T/s) · first token 0.27 s, total 0.30 s ·
                       draft 8/9 accepted (89%) · max_tokens reached
21:34:36.122 INFO:     #155 chat/completions (stream): 71 prompt tokens ·
                       temperature: 0, greedy (req), max_tokens: 749 (req),
                       min_tokens: 749 (req)
21:34:36.832 INFO:     #154 chat/completions (stream): 159 tokens generated at
                       220.6 T/s · prompt 80 tokens, none cached, 80 new in 0.08
                       s · first token 0.09 s, total 0.81 s · draft 107/156
                       accepted (69%) · max_tokens reached
21:34:36.864 INFO:     #156 chat/completions (stream): 181 prompt tokens ·
                       temperature: 0, greedy (req), max_tokens: 482 (req),
                       min_tokens: 482 (req)
21:34:39.536 INFO:     #156 chat/completions (stream): 482 tokens generated at
                       190.8 T/s · prompt 181 tokens, none cached, 181 new in
                       0.10 s · first token 0.11 s, total 2.63 s · draft 286/588
                       accepted (49%) · max_tokens reached
21:34:39.569 INFO:     #157 chat/completions (stream): 336 prompt tokens ·
                       temperature: 0, greedy (req), max_tokens: 772 (req),
                       min_tokens: 772 (req)
21:34:40.191 INFO:     #155 chat/completions (stream): 749 tokens generated at
                       190.1 T/s · prompt 71 tokens, none cached, 71 new in 0.08
                       s · first token 0.08 s, total 4.03 s · draft 463/858
                       accepted (54%) · max_tokens reached
21:34:40.224 INFO:     #158 chat/completions (stream): 410 prompt tokens ·
                       temperature: 0, greedy (req), max_tokens: 34 (req),
                       min_tokens: 34 (req)
21:34:40.652 INFO:     #158 chat/completions (stream): 34 tokens generated at
                       225.2 T/s · prompt 410 tokens, none cached, 410 new in
                       0.23 s (1,783 T/s) · first token 0.24 s, total 0.39 s ·
                       draft 22/36 accepted (61%) · max_tokens reached
21:34:40.685 INFO:     #159 chat/completions (stream): 241 prompt tokens ·
                       temperature: 0, greedy (req), max_tokens: 9 (req),
                       min_tokens: 9 (req)
21:34:40.901 INFO:     #159 chat/completions (stream): 9 tokens generated at
                       177.2 T/s · prompt 241 tokens, none cached, 241 new in
                       0.12 s · first token 0.13 s, total 0.18 s · draft 5/12
                       accepted (42%) · max_tokens reached
21:34:40.934 INFO:     #160 chat/completions (stream): 68 prompt tokens ·
                       temperature: 0, greedy (req), max_tokens: 539 (req),
                       min_tokens: 539 (req)
21:34:43.640 INFO:     #157 chat/completions (stream): 772 tokens generated at
                       202.3 T/s · prompt 336 tokens, none cached, 336 new in
                       0.21 s (1,600 T/s) · first token 0.22 s, total 4.03 s ·
                       draft 508/792 accepted (64%) · max_tokens reached
21:34:43.672 INFO:     #161 chat/completions (stream): 59 prompt tokens ·
                       temperature: 0, greedy (req), max_tokens: 82 (req),
                       min_tokens: 82 (req)
21:34:44.076 INFO:     #160 chat/completions (stream): 539 tokens generated at
                       178.6 T/s · prompt 68 tokens, none cached, 68 new in 0.08
                       s · first token 0.09 s, total 3.10 s · draft 311/684
                       accepted (45%) · max_tokens reached
21:34:44.108 INFO:     #162 chat/completions (stream): 424 prompt tokens ·
                       temperature: 0, greedy (req), max_tokens: 590 (req),
                       min_tokens: 590 (req)
21:34:44.407 INFO:     #161 chat/completions (stream): 82 tokens generated at
                       132.6 T/s · prompt 59 tokens, none cached, 59 new in 0.07
                       s · first token 0.08 s, total 0.69 s · draft 49/99
                       accepted (49%) · max_tokens reached
21:34:44.439 INFO:     #163 chat/completions (stream): 126 prompt tokens ·
                       temperature: 0, greedy (req), max_tokens: 273 (req),
                       min_tokens: 273 (req)
21:34:46.039 INFO:     #163 chat/completions (stream): 273 tokens generated at
                       187.5 T/s · prompt 126 tokens, none cached, 126 new in
                       0.10 s · first token 0.11 s, total 1.56 s · draft 159/342
                       accepted (46%) · max_tokens reached
21:34:46.072 INFO:     #164 chat/completions (stream): 522 prompt tokens ·
                       temperature: 0, greedy (req), max_tokens: 21 (req),
                       min_tokens: 21 (req)
21:34:46.406 INFO:     #164 chat/completions (stream): 21 tokens generated at
                       208.7 T/s · prompt 522 tokens, none cached, 522 new in
                       0.19 s (2,747 T/s) · first token 0.20 s, total 0.30 s ·
                       draft 13/24 accepted (54%) · max_tokens reached
21:34:46.439 INFO:     #165 chat/completions (stream): 707 prompt tokens ·
                       temperature: 0, greedy (req), max_tokens: 16 (req),
                       min_tokens: 16 (req)
21:34:46.827 INFO:     #165 chat/completions (stream): 16 tokens generated at
                       251.2 T/s · prompt 707 tokens, none cached, 707 new in
                       0.28 s (2,525 T/s) · first token 0.29 s, total 0.35 s ·
                       draft 11/15 accepted (73%) · max_tokens reached
21:34:46.862 INFO:     #166 chat/completions (stream): 853 prompt tokens ·
                       temperature: 0, greedy (req), max_tokens: 6 (req),
                       min_tokens: 6 (req)
21:34:47.230 INFO:     #166 chat/completions (stream): 6 tokens generated at
                       192.3 T/s · prompt 853 tokens, none cached, 853 new in
                       0.29 s (2,941 T/s) · first token 0.30 s, total 0.33 s ·
                       draft 4/6 accepted (67%) · max_tokens reached
21:34:47.261 INFO:     #168 chat/completions (stream): 58 prompt tokens ·
                       temperature: 0, greedy (req), max_tokens: 261 (req),
                       min_tokens: 261 (req)
21:34:47.719 INFO:     #162 chat/completions (stream): 590 tokens generated at
                       176.9 T/s · prompt 424 tokens, none cached, 424 new in
                       0.23 s (1,843 T/s) · first token 0.24 s, total 3.57 s ·
                       draft 394/588 accepted (67%) · max_tokens reached
21:34:47.751 INFO:     #169 chat/completions (stream): 121 prompt tokens ·
                       temperature: 0, greedy (req), max_tokens: 355 (req),
                       min_tokens: 355 (req)
21:34:49.039 INFO:     #168 chat/completions (stream): 261 tokens generated at
                       157.0 T/s · prompt 58 tokens, none cached, 58 new in 0.07
                       s · first token 0.08 s, total 1.74 s · draft 139/366
                       accepted (38%) · max_tokens reached
21:34:49.073 INFO:     #170 chat/completions (stream): 364 prompt tokens ·
                       temperature: 0, greedy (req), max_tokens: 16 (req),
                       min_tokens: 16 (req)
21:34:49.439 INFO:     #170 chat/completions (stream): 16 tokens generated at
                       193.1 T/s · prompt 364 tokens, none cached, 364 new in
                       0.24 s (1,517 T/s) · first token 0.25 s, total 0.33 s ·
                       draft 10/18 accepted (56%) · max_tokens reached
21:34:49.472 INFO:     #171 chat/completions (stream): 100 prompt tokens ·
                       temperature: 0, greedy (req), max_tokens: 152 (req),
                       min_tokens: 152 (req)
21:34:50.002 INFO:     #169 chat/completions (stream): 355 tokens generated at
                       168.7 T/s · prompt 121 tokens, none cached, 121 new in
                       0.10 s · first token 0.11 s, total 2.21 s · draft 215/420
                       accepted (51%) · max_tokens reached
21:34:50.035 INFO:     #172 chat/completions (stream): 648 prompt tokens ·
                       temperature: 0, greedy (req), max_tokens: 16 (req),
                       min_tokens: 16 (req)
21:34:50.448 INFO:     #172 chat/completions (stream): 16 tokens generated at
                       176.7 T/s · prompt 648 tokens, none cached, 648 new in
                       0.28 s (2,314 T/s) · first token 0.29 s, total 0.38 s ·
                       draft 9/21 accepted (43%) · max_tokens reached
21:34:50.451 INFO:     #173 chat/completions (stream): 86 prompt tokens ·
                       temperature: 0, greedy (req), max_tokens: 442 (req),
                       min_tokens: 442 (req)
21:34:50.452 INFO:     #171 chat/completions (stream): 152 tokens generated at
                       173.0 T/s · prompt 100 tokens, none cached, 100 new in
                       0.09 s · first token 0.10 s, total 0.97 s · draft 102/150
                       accepted (68%) · max_tokens reached
21:34:50.583 INFO:     #174 chat/completions (stream): 112 prompt tokens ·
                       temperature: 0, greedy (req), max_tokens: 375 (req),
                       min_tokens: 375 (req)
21:34:52.324 INFO:     #174 chat/completions (stream): 375 tokens generated at
                       234.3 T/s · prompt 112 tokens, none cached, 112 new in
                       0.09 s · first token 0.09 s, total 1.70 s · draft 251/372
                       accepted (67%) · max_tokens reached
21:34:52.356 INFO:     #175 chat/completions (stream): 56 prompt tokens ·
                       temperature: 0, greedy (req), max_tokens: 157 (req),
                       min_tokens: 157 (req)
21:34:52.761 INFO:     #173 chat/completions (stream): 442 tokens generated at
                       202.8 T/s · prompt 86 tokens, none cached, 86 new in 0.08
                       s · first token 0.09 s, total 2.26 s · draft 284/474
                       accepted (60%) · max_tokens reached
21:34:52.793 INFO:     #176 chat/completions (stream): 199 prompt tokens ·
                       temperature: 0, greedy (req), max_tokens: 17 (req),
                       min_tokens: 17 (req)
21:34:53.005 INFO:     #176 chat/completions (stream): 17 tokens generated at
                       272.9 T/s · prompt 199 tokens, none cached, 199 new in
                       0.10 s · first token 0.11 s, total 0.17 s · draft 12/15
                       accepted (80%) · max_tokens reached
21:34:53.038 INFO:     #177 chat/completions (stream): 337 prompt tokens ·
                       temperature: 0, greedy (req), max_tokens: 61 (req),
                       min_tokens: 61 (req)
21:34:53.579 INFO:     #175 chat/completions (stream): 157 tokens generated at
                       141.7 T/s · prompt 56 tokens, none cached, 56 new in 0.07
                       s · first token 0.08 s, total 1.18 s · draft 95/186
                       accepted (51%) · max_tokens reached
21:34:53.602 INFO:     #178 chat/completions (stream): 156 prompt tokens ·
                       temperature: 0, greedy (req), max_tokens: 153 (req),
                       min_tokens: 153 (req)
21:34:53.721 INFO:     #177 chat/completions (stream): 61 tokens generated at
                       203.3 T/s · prompt 337 tokens, none cached, 337 new in
                       0.26 s (1,296 T/s) · first token 0.26 s, total 0.56 s ·
                       draft 36/75 accepted (48%) · max_tokens reached
21:34:53.754 INFO:     #179 chat/completions (stream): 64 prompt tokens ·
                       temperature: 0, greedy (req), max_tokens: 114 (req),
                       min_tokens: 114 (req)
21:34:54.465 INFO:     #179 chat/completions (stream): 114 tokens generated at
                       192.1 T/s · prompt 64 tokens, none cached, 64 new in 0.07
                       s · first token 0.08 s, total 0.67 s · draft 68/138
                       accepted (49%) · max_tokens reached
21:34:54.467 INFO:     #180 chat/completions (stream): 63 prompt tokens ·
                       temperature: 0, greedy (req), max_tokens: 85 (req),
                       min_tokens: 85 (req)
21:34:54.472 INFO:     #178 chat/completions (stream): 153 tokens generated at
                       200.5 T/s · prompt 156 tokens, none cached, 156 new in
                       0.09 s · first token 0.10 s, total 0.86 s · draft 98/165
                       accepted (59%) · max_tokens reached
21:34:54.591 INFO:     #181 chat/completions (stream): 482 prompt tokens ·
                       temperature: 0, greedy (req), max_tokens: 225 (req),
                       min_tokens: 225 (req)
21:34:55.201 INFO:     #180 chat/completions (stream): 85 tokens generated at
                       139.3 T/s · prompt 63 tokens, none cached, 63 new in 0.07
                       s · first token 0.08 s, total 0.69 s · draft 55/90
                       accepted (61%) · max_tokens reached
21:34:55.233 INFO:     #182 chat/completions (stream): 66 prompt tokens ·
                       temperature: 0, greedy (req), max_tokens: 345 (req),
                       min_tokens: 345 (req)
21:34:55.861 INFO:     #181 chat/completions (stream): 225 tokens generated at
                       230.6 T/s · prompt 482 tokens, none cached, 482 new in
                       0.25 s (1,928 T/s) · first token 0.26 s, total 1.23 s ·
                       draft 153/216 accepted (71%) · max_tokens reached
21:34:55.893 INFO:     #183 chat/completions (stream): 76 prompt tokens ·
                       temperature: 0, greedy (req), max_tokens: 139 (req),
                       min_tokens: 139 (req)
21:34:56.743 INFO:     #183 chat/completions (stream): 139 tokens generated at
                       191.5 T/s · prompt 76 tokens, none cached, 76 new in 0.08
                       s · first token 0.09 s, total 0.81 s · draft 82/171
                       accepted (48%) · max_tokens reached
21:34:56.777 INFO:     #184 chat/completions (stream): 389 prompt tokens ·
                       temperature: 0, greedy (req), max_tokens: 13 (req),
                       min_tokens: 13 (req)
21:34:57.113 INFO:     #184 chat/completions (stream): 13 tokens generated at
                       265.9 T/s · prompt 389 tokens, none cached, 389 new in
                       0.24 s (1,621 T/s) · first token 0.25 s, total 0.29 s ·
                       draft 9/12 accepted (75%) · max_tokens reached
21:34:57.145 INFO:     #185 chat/completions (stream): 68 prompt tokens ·
                       temperature: 0, greedy (req), max_tokens: 264 (req),
                       min_tokens: 264 (req)
21:34:57.499 INFO:     #182 chat/completions (stream): 345 tokens generated at
                       161.1 T/s · prompt 66 tokens, none cached, 66 new in 0.08
                       s · first token 0.09 s, total 2.23 s · draft 204/423
                       accepted (48%) · max_tokens reached
21:34:57.532 INFO:     #186 chat/completions (stream): 71 prompt tokens ·
                       temperature: 0, greedy (req), max_tokens: 307 (req),
                       min_tokens: 307 (req)
21:34:58.542 INFO:     #185 chat/completions (stream): 264 tokens generated at
                       207.3 T/s · prompt 68 tokens, none cached, 68 new in 0.08
                       s · first token 0.09 s, total 1.36 s · draft 170/282
                       accepted (60%) · max_tokens reached
21:34:58.574 INFO:     #187 chat/completions (stream): 59 prompt tokens ·
                       temperature: 0, greedy (req), max_tokens: 191 (req),
                       min_tokens: 191 (req)
21:34:59.455 INFO:     #186 chat/completions (stream): 307 tokens generated at
                       170.6 T/s · prompt 71 tokens, none cached, 71 new in 0.08
                       s · first token 0.09 s, total 1.89 s · draft 172/405
                       accepted (42%) · max_tokens reached
21:34:59.489 INFO:     #188 chat/completions (stream): 64 prompt tokens ·
                       temperature: 0, greedy (req), max_tokens: 1181 (req),
                       min_tokens: 1181 (req)
21:34:59.630 INFO:     #187 chat/completions (stream): 191 tokens generated at
                       202.8 T/s · prompt 59 tokens, none cached, 59 new in 0.07
                       s · first token 0.08 s, total 1.02 s · draft 123/204
                       accepted (60%) · max_tokens reached
21:34:59.662 INFO:     #189 chat/completions (stream): 101 prompt tokens ·
                       temperature: 0, greedy (req), max_tokens: 236 (req),
                       min_tokens: 236 (req)
21:35:00.929 INFO:     #189 chat/completions (stream): 236 tokens generated at
                       209.3 T/s · prompt 101 tokens, none cached, 101 new in
                       0.09 s · first token 0.10 s, total 1.22 s · draft 147/267
                       accepted (55%) · max_tokens reached
21:35:00.963 INFO:     #190 chat/completions (stream): 448 prompt tokens ·
                       temperature: 0, greedy (req), max_tokens: 360 (req),
                       min_tokens: 360 (req)
21:35:02.760 INFO:     #190 chat/completions (stream): 360 tokens generated at
                       238.7 T/s · prompt 448 tokens, none cached, 448 new in
                       0.24 s (1,867 T/s) · first token 0.25 s, total 1.75 s ·
                       draft 243/351 accepted (69%) · max_tokens reached
21:35:02.793 INFO:     #192 chat/completions (stream): 72 prompt tokens ·
                       temperature: 0, greedy (req), max_tokens: 294 (req),
                       min_tokens: 294 (req)
21:35:04.287 INFO:     #192 chat/completions (stream): 294 tokens generated at
                       214.6 T/s · prompt 72 tokens, none cached, 72 new in 0.08
                       s · first token 0.09 s, total 1.46 s · draft 186/324
                       accepted (57%) · max_tokens reached
21:35:04.319 INFO:     #193 chat/completions (stream): 276 prompt tokens ·
                       temperature: 0, greedy (req), max_tokens: 6 (req),
                       min_tokens: 6 (req)
21:35:04.575 INFO:     #193 chat/completions (stream): 6 tokens generated at
                       241.7 T/s · prompt 276 tokens, none cached, 276 new in
                       0.18 s (1,533 T/s) · first token 0.19 s, total 0.21 s ·
                       draft 4/6 accepted (67%) · max_tokens reached
21:35:04.608 INFO:     #194 chat/completions (stream): 186 prompt tokens ·
                       temperature: 0, greedy (req), max_tokens: 42 (req),
                       min_tokens: 42 (req)
21:35:04.946 INFO:     #194 chat/completions (stream): 42 tokens generated at
                       214.1 T/s · prompt 186 tokens, none cached, 186 new in
                       0.10 s · first token 0.11 s, total 0.30 s · draft 26/48
                       accepted (54%) · max_tokens reached
21:35:04.979 INFO:     #195 chat/completions (stream): 219 prompt tokens ·
                       temperature: 0, greedy (req), max_tokens: 11 (req),
                       min_tokens: 11 (req)
21:35:05.192 INFO:     #195 chat/completions (stream): 11 tokens generated at
                       180.8 T/s · prompt 219 tokens, none cached, 219 new in
                       0.11 s · first token 0.11 s, total 0.18 s · draft 6/15
                       accepted (40%) · max_tokens reached
21:35:05.224 INFO:     #196 chat/completions (stream): 62 prompt tokens ·
                       temperature: 0, greedy (req), max_tokens: 304 (req),
                       min_tokens: 304 (req)
21:35:06.024 INFO:     #188 chat/completions (stream): 1,181 tokens generated at
                       184.0 T/s · prompt 64 tokens, none cached, 64 new in 0.07
                       s · first token 0.08 s, total 6.49 s · draft 737/1332
                       accepted (55%) · max_tokens reached
21:35:06.057 INFO:     #197 chat/completions (stream): 66 prompt tokens ·
                       temperature: 0, greedy (req), max_tokens: 225 (req),
                       min_tokens: 225 (req)
21:35:07.053 INFO:     #196 chat/completions (stream): 304 tokens generated at
                       177.4 T/s · prompt 62 tokens, none cached, 62 new in 0.07
                       s · first token 0.08 s, total 1.79 s · draft 174/390
                       accepted (45%) · max_tokens reached
21:35:07.086 INFO:     #198 chat/completions (stream): 584 prompt tokens ·
                       temperature: 0, greedy (req), max_tokens: 10 (req),
                       min_tokens: 10 (req)
21:35:07.395 INFO:     #198 chat/completions (stream): 10 tokens generated at
                       264.1 T/s · prompt 584 tokens, none cached, 584 new in
                       0.25 s (2,336 T/s) · first token 0.26 s, total 0.29 s ·
                       draft 7/9 accepted (78%) · max_tokens reached
21:35:07.396 INFO:     #197 chat/completions (stream): 225 tokens generated at
                       180.0 T/s · prompt 66 tokens, none cached, 66 new in 0.07
                       s · first token 0.08 s, total 1.32 s · draft 144/243
                       accepted (59%) · max_tokens reached
21:35:07.400 INFO:     #199 chat/completions (stream): 442 prompt tokens ·
                       temperature: 0, greedy (req), max_tokens: 86 (req),
                       min_tokens: 86 (req)
21:35:07.401 INFO:     #200 chat/completions (stream): 78 prompt tokens ·
                       temperature: 0, greedy (req), max_tokens: 147 (req),
                       min_tokens: 147 (req)
21:35:08.189 INFO:     #199 chat/completions (stream): 86 tokens generated at
                       205.7 T/s · prompt 442 tokens, none cached, 442 new in
                       0.32 s (1,381 T/s) · first token 0.33 s, total 0.75 s ·
                       draft 53/99 accepted (54%) · max_tokens reached
21:35:08.214 INFO:     #201 chat/completions (stream): 64 prompt tokens ·
                       temperature: 0, greedy (req), max_tokens: 450 (req),
                       min_tokens: 450 (req)
21:35:08.311 INFO:     #200 chat/completions (stream): 147 tokens generated at
                       248.8 T/s · prompt 78 tokens, none cached, 78 new in 0.08
                       s · queued 0.14 s, first token 0.22 s, total 0.81 s ·
                       draft 107/120 accepted (89%) · max_tokens reached
21:35:08.344 INFO:     #202 chat/completions (stream): 69 prompt tokens ·
                       temperature: 0, greedy (req), max_tokens: 300 (req),
                       min_tokens: 300 (req)
21:35:10.021 INFO:     #202 chat/completions (stream): 300 tokens generated at
                       192.8 T/s · prompt 69 tokens, none cached, 69 new in 0.08
                       s · first token 0.08 s, total 1.64 s · draft 178/366
                       accepted (49%) · max_tokens reached
21:35:10.054 INFO:     #203 chat/completions (stream): 70 prompt tokens ·
                       temperature: 0, greedy (req), max_tokens: 540 (req),
                       min_tokens: 540 (req)
21:35:10.751 INFO:     #201 chat/completions (stream): 450 tokens generated at
                       186.1 T/s · prompt 64 tokens, none cached, 64 new in 0.07
                       s · first token 0.08 s, total 2.49 s · draft 271/537
                       accepted (50%) · max_tokens reached
21:35:10.783 INFO:     #204 chat/completions (stream): 72 prompt tokens ·
                       temperature: 0, greedy (req), max_tokens: 830 (req),
                       min_tokens: 830 (req)
21:35:12.957 INFO:     #203 chat/completions (stream): 540 tokens generated at
                       194.1 T/s · prompt 70 tokens, none cached, 70 new in 0.07
                       s · first token 0.08 s, total 2.86 s · draft 327/639
                       accepted (51%) · max_tokens reached
21:35:12.989 INFO:     #205 chat/completions (stream): 97 prompt tokens ·
                       temperature: 0, greedy (req), max_tokens: 31 (req),
                       min_tokens: 31 (req)
21:35:13.228 INFO:     #205 chat/completions (stream): 31 tokens generated at
                       299.7 T/s · prompt 97 tokens, none cached, 97 new in 0.09
                       s · first token 0.10 s, total 0.20 s · draft 23/24
                       accepted (96%) · max_tokens reached
21:35:13.263 INFO:     #206 chat/completions (stream): 798 prompt tokens ·
                       temperature: 0, greedy (req), max_tokens: 9 (req),
                       min_tokens: 9 (req)
21:35:13.571 INFO:     #206 chat/completions (stream): 9 tokens generated at
                       241.8 T/s · prompt 798 tokens, none cached, 798 new in
                       0.22 s (3,627 T/s) · first token 0.23 s, total 0.26 s ·
                       draft 6/9 accepted (67%) · max_tokens reached
21:35:13.604 INFO:     #207 chat/completions (stream): 69 prompt tokens ·
                       temperature: 0, greedy (req), max_tokens: 29 (req),
                       min_tokens: 29 (req)
21:35:13.826 INFO:     #207 chat/completions (stream): 29 tokens generated at
                       290.4 T/s · prompt 69 tokens, none cached, 69 new in 0.08
                       s · first token 0.09 s, total 0.19 s · draft 21/24
                       accepted (88%) · max_tokens reached
21:35:13.859 INFO:     #208 chat/completions (stream): 486 prompt tokens ·
                       temperature: 0, greedy (req), max_tokens: 16 (req),
                       min_tokens: 16 (req)
21:35:14.240 INFO:     #208 chat/completions (stream): 16 tokens generated at
                       195.9 T/s · prompt 486 tokens, none cached, 486 new in
                       0.25 s (1,944 T/s) · first token 0.25 s, total 0.34 s ·
                       draft 10/18 accepted (56%) · max_tokens reached
21:35:14.273 INFO:     #209 chat/completions (stream): 254 prompt tokens ·
                       temperature: 0, greedy (req), max_tokens: 10 (req),
                       min_tokens: 10 (req)
21:35:14.486 INFO:     #209 chat/completions (stream): 10 tokens generated at
                       197.7 T/s · prompt 254 tokens, none cached, 254 new in
                       0.11 s · first token 0.12 s, total 0.17 s · draft 6/12
                       accepted (50%) · max_tokens reached
21:35:14.520 INFO:     #210 chat/completions (stream): 626 prompt tokens ·
                       temperature: 0, greedy (req), max_tokens: 59 (req),
                       min_tokens: 59 (req)
21:35:15.055 INFO:     #210 chat/completions (stream): 59 tokens generated at
                       257.1 T/s · prompt 626 tokens, none cached, 626 new in
                       0.26 s (2,408 T/s) · first token 0.27 s, total 0.49 s ·
                       draft 41/54 accepted (76%) · max_tokens reached
21:35:15.090 INFO:     #211 chat/completions (stream): 692 prompt tokens ·
                       temperature: 0, greedy (req), max_tokens: 109 (req),
                       min_tokens: 109 (req)
21:35:15.901 INFO:     #204 chat/completions (stream): 830 tokens generated at
                       166.4 T/s · prompt 72 tokens, none cached, 72 new in 0.08
                       s · first token 0.09 s, total 5.07 s · draft 530/900
                       accepted (59%) · max_tokens reached
21:35:15.903 INFO:     #212 chat/completions (stream): 66 prompt tokens ·
                       temperature: 0, greedy (req), max_tokens: 207 (req),
                       min_tokens: 207 (req)
21:35:15.904 INFO:     #211 chat/completions (stream): 109 tokens generated at
                       206.1 T/s · prompt 692 tokens, none cached, 692 new in
                       0.27 s (2,563 T/s) · first token 0.28 s, total 0.80 s ·
                       draft 66/129 accepted (51%) · max_tokens reached
21:35:16.027 INFO:     #213 chat/completions (stream): 655 prompt tokens ·
                       temperature: 0, greedy (req), max_tokens: 24 (req),
                       min_tokens: 24 (req)
21:35:16.506 INFO:     #213 chat/completions (stream): 24 tokens generated at
                       189.3 T/s · prompt 655 tokens, none cached, 655 new in
                       0.31 s (2,113 T/s) · first token 0.32 s, total 0.44 s ·
                       draft 14/30 accepted (47%) · max_tokens reached
21:35:16.538 INFO:     #214 chat/completions (stream): 87 prompt tokens ·
                       temperature: 0, greedy (req), max_tokens: 385 (req),
                       min_tokens: 385 (req)
21:35:17.510 INFO:     #212 chat/completions (stream): 207 tokens generated at
                       139.5 T/s · prompt 66 tokens, none cached, 66 new in 0.07
                       s · first token 0.08 s, total 1.56 s · draft 119/264
                       accepted (45%) · max_tokens reached
21:35:17.542 INFO:     #216 chat/completions (stream): 190 prompt tokens ·
                       temperature: 0, greedy (req), max_tokens: 51 (req),
                       min_tokens: 51 (req)
21:35:17.889 INFO:     #216 chat/completions (stream): 51 tokens generated at
                       254.7 T/s · prompt 190 tokens, none cached, 190 new in
                       0.10 s · first token 0.11 s, total 0.31 s · draft 35/48
                       accepted (73%) · max_tokens reached
21:35:17.922 INFO:     #217 chat/completions (stream): 350 prompt tokens ·
                       temperature: 0, greedy (req), max_tokens: 47 (req),
                       min_tokens: 47 (req)
21:35:18.430 INFO:     #217 chat/completions (stream): 47 tokens generated at
                       197.1 T/s · prompt 350 tokens, none cached, 350 new in
                       0.22 s (1,591 T/s) · first token 0.23 s, total 0.46 s ·
                       draft 28/57 accepted (49%) · max_tokens reached
21:35:18.462 INFO:     #218 chat/completions (stream): 119 prompt tokens ·
                       temperature: 0, greedy (req), max_tokens: 5 (req),
                       min_tokens: 5 (req)
21:35:18.634 INFO:     #218 chat/completions (stream): 5 tokens generated at
                       201.5 T/s · prompt 119 tokens, none cached, 119 new in
                       0.10 s · first token 0.11 s, total 0.13 s · draft 3/6
                       accepted (50%) · max_tokens reached
21:35:18.667 INFO:     #219 chat/completions (stream): 496 prompt tokens ·
                       temperature: 0, greedy (req), max_tokens: 29 (req),
                       min_tokens: 29 (req)
21:35:19.070 INFO:     #219 chat/completions (stream): 29 tokens generated at
                       255.3 T/s · prompt 496 tokens, none cached, 496 new in
                       0.24 s (2,067 T/s) · first token 0.24 s, total 0.36 s ·
                       draft 20/27 accepted (74%) · max_tokens reached
21:35:19.105 INFO:     #220 chat/completions (stream): 773 prompt tokens ·
                       temperature: 0, greedy (req), max_tokens: 29 (req),
                       min_tokens: 29 (req)
21:35:19.415 INFO:     #214 chat/completions (stream): 385 tokens generated at
                       140.3 T/s · prompt 87 tokens, none cached, 87 new in 0.09
                       s · first token 0.10 s, total 2.84 s · draft 231/462
                       accepted (50%) · max_tokens reached
21:35:19.451 INFO:     #221 chat/completions (stream): 59 prompt tokens ·
                       temperature: 0, greedy (req), max_tokens: 300 (req),
                       min_tokens: 300 (req)
21:35:19.567 INFO:     #220 chat/completions (stream): 29 tokens generated at
                       227.9 T/s · prompt 773 tokens, none cached, 773 new in
                       0.21 s (3,681 T/s) · first token 0.22 s, total 0.34 s ·
                       draft 18/33 accepted (55%) · max_tokens reached
21:35:19.599 INFO:     #222 chat/completions (stream): 84 prompt tokens ·
                       temperature: 0, greedy (req), max_tokens: 308 (req),
                       min_tokens: 308 (req)
21:35:21.082 INFO:     #221 chat/completions (stream): 300 tokens generated at
                       197.9 T/s · prompt 59 tokens, none cached, 59 new in 0.07
                       s · first token 0.08 s, total 1.59 s · draft 187/339
                       accepted (55%) · max_tokens reached
21:35:21.114 INFO:     #223 chat/completions (stream): 309 prompt tokens ·
                       temperature: 0, greedy (req), max_tokens: 12 (req),
                       min_tokens: 12 (req)
21:35:21.374 INFO:     #222 chat/completions (stream): 308 tokens generated at
                       184.2 T/s · prompt 84 tokens, none cached, 84 new in 0.08
                       s · first token 0.08 s, total 1.76 s · draft 191/351
                       accepted (54%) · max_tokens reached
21:35:21.375 INFO:     #223 chat/completions (stream): 12 tokens generated at
                       252.8 T/s · prompt 309 tokens, none cached, 309 new in
                       0.20 s (1,545 T/s) · first token 0.21 s, total 0.25 s ·
                       draft 8/12 accepted (67%) · max_tokens reached
21:35:21.379 INFO:     #224 chat/completions (stream): 124 prompt tokens ·
                       temperature: 0, greedy (req), max_tokens: 8 (req),
                       min_tokens: 8 (req)
21:35:21.380 INFO:     #225 chat/completions (stream): 217 prompt tokens ·
                       temperature: 0, greedy (req), max_tokens: 607 (req),
                       min_tokens: 607 (req)
21:35:21.676 INFO:     #224 chat/completions (stream): 8 tokens generated at
                       226.3 T/s · prompt 124 tokens, none cached, 124 new in
                       0.21 s · first token 0.22 s, total 0.26 s · draft 5/9
                       accepted (56%) · max_tokens reached
21:35:21.710 INFO:     #226 chat/completions (stream): 384 prompt tokens ·
                       temperature: 0, greedy (req), max_tokens: 805 (req),
                       min_tokens: 805 (req)
21:35:24.890 INFO:     #225 chat/completions (stream): 607 tokens generated at
                       186.8 T/s · prompt 217 tokens, none cached, 217 new in
                       0.11 s · queued 0.11 s, first token 0.22 s, total 3.47 s
                       · draft 370/711 accepted (52%) · max_tokens reached
21:35:24.922 INFO:     #227 chat/completions (stream): 72 prompt tokens ·
                       temperature: 0, greedy (req), max_tokens: 223 (req),
                       min_tokens: 223 (req)
21:35:26.079 INFO:     #227 chat/completions (stream): 223 tokens generated at
                       215.6 T/s · prompt 72 tokens, none cached, 72 new in 0.08
                       s · first token 0.09 s, total 1.12 s · draft 142/243
                       accepted (58%) · max_tokens reached
21:35:26.112 INFO:     #228 chat/completions (stream): 268 prompt tokens ·
                       temperature: 0, greedy (req), max_tokens: 21 (req),
                       min_tokens: 21 (req)
21:35:26.368 INFO:     #226 chat/completions (stream): 805 tokens generated at
                       184.0 T/s · prompt 384 tokens, none cached, 384 new in
                       0.23 s (1,670 T/s) · first token 0.24 s, total 4.61 s ·
                       draft 479/978 accepted (49%) · max_tokens reached
21:35:26.370 INFO:     #229 chat/completions (stream): 209 prompt tokens ·
                       temperature: 0, greedy (req), max_tokens: 209 (req),
                       min_tokens: 209 (req)
21:35:26.371 INFO:     #228 chat/completions (stream): 21 tokens generated at
                       230.4 T/s · prompt 268 tokens, none cached, 268 new in
                       0.15 s (1,787 T/s) · first token 0.16 s, total 0.25 s ·
                       draft 13/24 accepted (54%) · max_tokens reached
21:35:26.523 INFO:     #230 chat/completions (stream): 178 prompt tokens ·
                       temperature: 0, greedy (req), max_tokens: 18 (req),
                       min_tokens: 18 (req)
21:35:26.767 INFO:     #230 chat/completions (stream): 18 tokens generated at
                       180.0 T/s · prompt 178 tokens, none cached, 178 new in
                       0.10 s · first token 0.11 s, total 0.21 s · draft 10/24
                       accepted (42%) · max_tokens reached
21:35:26.799 INFO:     #231 chat/completions (stream): 62 prompt tokens ·
                       temperature: 0, greedy (req), max_tokens: 94 (req),
                       min_tokens: 94 (req)
21:35:27.410 INFO:     #231 chat/completions (stream): 94 tokens generated at
                       183.4 T/s · prompt 62 tokens, none cached, 62 new in 0.07
                       s · first token 0.07 s, total 0.59 s · draft 55/117
                       accepted (47%) · max_tokens reached
21:35:27.412 INFO:     #229 chat/completions (stream): 209 tokens generated at
                       225.2 T/s · prompt 209 tokens, none cached, 209 new in
                       0.10 s · first token 0.11 s, total 1.03 s · draft 149/180
                       accepted (83%) · max_tokens reached
21:35:27.413 INFO:     #232 chat/completions (stream): 100 prompt tokens ·
                       temperature: 0, greedy (req), max_tokens: 91 (req),
                       min_tokens: 91 (req)
21:35:27.415 INFO:     #233 chat/completions (stream): 73 prompt tokens ·
                       temperature: 0, greedy (req), max_tokens: 229 (req),
                       min_tokens: 229 (req)
21:35:27.986 INFO:     #232 chat/completions (stream): 91 tokens generated at
                       259.8 T/s · prompt 100 tokens, none cached, 100 new in
                       0.17 s · first token 0.18 s, total 0.53 s · draft 63/84
                       accepted (75%) · max_tokens reached
21:35:28.019 INFO:     #234 chat/completions (stream): 88 prompt tokens ·
                       temperature: 0, greedy (req), max_tokens: 323 (req),
                       min_tokens: 323 (req)
21:35:28.928 INFO:     #233 chat/completions (stream): 229 tokens generated at
                       177.1 T/s · prompt 73 tokens, none cached, 73 new in 0.08
                       s · queued 0.10 s, first token 0.18 s, total 1.48 s ·
                       draft 133/288 accepted (46%) · max_tokens reached
21:35:28.961 INFO:     #235 chat/completions (stream): 68 prompt tokens ·
                       temperature: 0, greedy (req), max_tokens: 534 (req),
                       min_tokens: 534 (req)
21:35:29.849 INFO:     #234 chat/completions (stream): 323 tokens generated at
                       190.1 T/s · prompt 88 tokens, none cached, 88 new in 0.08
                       s · first token 0.09 s, total 1.79 s · draft 195/384
                       accepted (51%) · max_tokens reached
21:35:29.881 INFO:     #236 chat/completions (stream): 164 prompt tokens ·
                       temperature: 0, greedy (req), max_tokens: 41 (req),
                       min_tokens: 41 (req)
21:35:30.207 INFO:     #236 chat/completions (stream): 41 tokens generated at
                       229.3 T/s · prompt 164 tokens, none cached, 164 new in
                       0.09 s · first token 0.10 s, total 0.27 s · draft 27/42
                       accepted (64%) · max_tokens reached
21:35:30.241 INFO:     #237 chat/completions (stream): 662 prompt tokens ·
                       temperature: 0, greedy (req), max_tokens: 243 (req),
                       min_tokens: 243 (req)
21:35:31.528 INFO:     #235 chat/completions (stream): 534 tokens generated at
                       218.5 T/s · prompt 68 tokens, none cached, 68 new in 0.08
                       s · first token 0.09 s, total 2.53 s · draft 368/498
                       accepted (74%) · max_tokens reached
21:35:31.560 INFO:     #238 chat/completions (stream): 106 prompt tokens ·
                       temperature: 0, greedy (req), max_tokens: 40 (req),
                       min_tokens: 40 (req)
21:35:31.838 INFO:     #238 chat/completions (stream): 40 tokens generated at
                       288.6 T/s · prompt 106 tokens, none cached, 106 new in
                       0.09 s · first token 0.10 s, total 0.23 s · draft 29/33
                       accepted (88%) · max_tokens reached
21:35:31.872 INFO:     #239 chat/completions (stream): 802 prompt tokens ·
                       temperature: 0, greedy (req), max_tokens: 6 (req),
                       min_tokens: 6 (req)
21:35:32.204 INFO:     #239 chat/completions (stream): 6 tokens generated at
                       244.2 T/s · prompt 802 tokens, none cached, 802 new in
                       0.26 s (3,085 T/s) · first token 0.26 s, total 0.29 s ·
                       draft 4/6 accepted (67%) · max_tokens reached
21:35:32.208 INFO:     #237 chat/completions (stream): 243 tokens generated at
                       142.7 T/s · prompt 662 tokens, none cached, 662 new in
                       0.25 s (2,648 T/s) · first token 0.26 s, total 1.96 s ·
                       draft 135/324 accepted (42%) · max_tokens reached
21:35:32.209 INFO:     #241 chat/completions (stream): 717 prompt tokens ·
                       temperature: 0, greedy (req), max_tokens: 21 (req),
                       min_tokens: 21 (req)
21:35:32.486 INFO:     #242 chat/completions (stream): 114 prompt tokens ·
                       temperature: 0, greedy (req), max_tokens: 93 (req),
                       min_tokens: 93 (req)
21:35:32.738 INFO:     #241 chat/completions (stream): 21 tokens generated at
                       94.7 T/s · prompt 717 tokens, none cached, 717 new in
                       0.26 s (2,758 T/s) · first token 0.27 s, total 0.49 s ·
                       draft 12/27 accepted (44%) · max_tokens reached
21:35:32.770 INFO:     #243 chat/completions (stream): 75 prompt tokens ·
                       temperature: 0, greedy (req), max_tokens: 517 (req),
                       min_tokens: 517 (req)
21:35:33.483 INFO:     #242 chat/completions (stream): 93 tokens generated at
                       109.8 T/s · prompt 114 tokens, none cached, 114 new in
                       0.10 s · first token 0.11 s, total 0.95 s · draft 33/180
                       accepted (18%) · max_tokens reached
21:35:33.515 INFO:     #244 chat/completions (stream): 61 prompt tokens ·
                       temperature: 0, greedy (req), max_tokens: 201 (req),
                       min_tokens: 201 (req)
21:35:34.435 INFO:     #244 chat/completions (stream): 201 tokens generated at
                       250.6 T/s · prompt 61 tokens, none cached, 61 new in 0.07
                       s · first token 0.08 s, total 0.88 s · draft 139/186
                       accepted (75%) · max_tokens reached
21:35:34.467 INFO:     #245 chat/completions (stream): 167 prompt tokens ·
                       temperature: 0, greedy (req), max_tokens: 13 (req),
                       min_tokens: 13 (req)
21:35:34.657 INFO:     #245 chat/completions (stream): 13 tokens generated at
                       252.3 T/s · prompt 167 tokens, none cached, 167 new in
                       0.09 s · first token 0.10 s, total 0.15 s · draft 9/12
                       accepted (75%) · max_tokens reached
21:35:34.690 INFO:     #246 chat/completions (stream): 65 prompt tokens ·
                       temperature: 0, greedy (req), max_tokens: 177 (req),
                       min_tokens: 177 (req)
21:35:35.701 INFO:     #246 chat/completions (stream): 177 tokens generated at
                       199.7 T/s · prompt 65 tokens, none cached, 65 new in 0.08
                       s · first token 0.08 s, total 0.97 s · draft 109/204
                       accepted (53%) · max_tokens reached
21:35:35.736 INFO:     #247 chat/completions (stream): 637 prompt tokens ·
                       temperature: 0, greedy (req), max_tokens: 1147 (req),
                       min_tokens: 1147 (req)
21:35:36.056 INFO:     #243 chat/completions (stream): 517 tokens generated at
                       163.6 T/s · prompt 75 tokens, none cached, 75 new in 0.08
                       s · first token 0.08 s, total 3.25 s · draft 308/627
                       accepted (49%) · max_tokens reached
21:35:36.089 INFO:     #248 chat/completions (stream): 690 prompt tokens ·
                       temperature: 0, greedy (req), max_tokens: 10 (req),
                       min_tokens: 10 (req)
21:35:36.433 INFO:     #248 chat/completions (stream): 10 tokens generated at
                       271.7 T/s · prompt 690 tokens, none cached, 690 new in
                       0.26 s (2,654 T/s) · first token 0.27 s, total 0.30 s ·
                       draft 7/9 accepted (78%) · max_tokens reached
21:35:36.464 INFO:     #249 chat/completions (stream): 57 prompt tokens ·
                       temperature: 0, greedy (req), max_tokens: 285 (req),
                       min_tokens: 285 (req)
21:35:38.014 INFO:     #249 chat/completions (stream): 285 tokens generated at
                       198.7 T/s · prompt 57 tokens, none cached, 57 new in 0.07
                       s · first token 0.08 s, total 1.51 s · draft 172/339
                       accepted (51%) · max_tokens reached
21:35:38.047 INFO:     #250 chat/completions (stream): 76 prompt tokens ·
                       temperature: 0, greedy (req), max_tokens: 562 (req),
                       min_tokens: 562 (req)
21:35:41.331 INFO:     #250 chat/completions (stream): 562 tokens generated at
                       177.8 T/s · prompt 76 tokens, none cached, 76 new in 0.08
                       s · first token 0.09 s, total 3.25 s · draft 315/741
                       accepted (43%) · max_tokens reached
21:35:41.364 INFO:     #251 chat/completions (stream): 540 prompt tokens ·
                       temperature: 0, greedy (req), max_tokens: 8 (req),
                       min_tokens: 8 (req)
21:35:41.637 INFO:     #251 chat/completions (stream): 8 tokens generated at
                       214.6 T/s · prompt 540 tokens, none cached, 540 new in
                       0.19 s (2,842 T/s) · first token 0.20 s, total 0.23 s ·
                       draft 5/9 accepted (56%) · max_tokens reached
21:35:41.669 INFO:     #252 chat/completions (stream): 60 prompt tokens ·
                       temperature: 0, greedy (req), max_tokens: 198 (req),
                       min_tokens: 198 (req)
21:35:42.272 INFO:     #247 chat/completions (stream): 1,147 tokens generated at
                       184.2 T/s · prompt 637 tokens, none cached, 637 new in
                       0.26 s (2,450 T/s) · first token 0.27 s, total 6.49 s ·
                       draft 705/1326 accepted (53%) · max_tokens reached
21:35:42.303 INFO:     #253 chat/completions (stream): 58 prompt tokens ·
                       temperature: 0, greedy (req), max_tokens: 31 (req),
                       min_tokens: 31 (req)
21:35:42.531 INFO:     #253 chat/completions (stream): 31 tokens generated at
                       276.6 T/s · prompt 58 tokens, none cached, 58 new in 0.07
                       s · first token 0.08 s, total 0.19 s · draft 22/27
                       accepted (81%) · max_tokens reached
21:35:42.563 INFO:     #254 chat/completions (stream): 449 prompt tokens ·
                       temperature: 0, greedy (req), max_tokens: 25 (req),
                       min_tokens: 25 (req)
21:35:42.970 INFO:     #254 chat/completions (stream): 25 tokens generated at
                       201.3 T/s · prompt 449 tokens, none cached, 449 new in
                       0.24 s (1,871 T/s) · first token 0.25 s, total 0.37 s ·
                       draft 15/30 accepted (50%) · max_tokens reached
21:35:43.003 INFO:     #255 chat/completions (stream): 392 prompt tokens ·
                       temperature: 0, greedy (req), max_tokens: 17 (req),
                       min_tokens: 17 (req)
21:35:43.385 INFO:     #255 chat/completions (stream): 17 tokens generated at
                       207.1 T/s · prompt 392 tokens, none cached, 392 new in
                       0.25 s (1,568 T/s) · first token 0.26 s, total 0.34 s ·
                       draft 11/18 accepted (61%) · max_tokens reached
21:35:43.388 INFO:     #252 chat/completions (stream): 198 tokens generated at
                       121.2 T/s · prompt 60 tokens, none cached, 60 new in 0.07
                       s · first token 0.08 s, total 1.71 s · draft 109/267
                       accepted (41%) · max_tokens reached
21:35:43.390 INFO:     #256 chat/completions (stream): 112 prompt tokens ·
                       temperature: 0, greedy (req), max_tokens: 556 (req),
                       min_tokens: 556 (req)
21:35:43.515 INFO:     #257 chat/completions (stream): 79 prompt tokens ·
                       temperature: 0, greedy (req), max_tokens: 165 (req),
                       min_tokens: 165 (req)
21:35:44.505 INFO:     #257 chat/completions (stream): 165 tokens generated at
                       191.2 T/s · prompt 79 tokens, none cached, 79 new in 0.08
                       s · first token 0.09 s, total 0.95 s · draft 97/204
                       accepted (48%) · max_tokens reached
21:35:44.537 INFO:     #258 chat/completions (stream): 63 prompt tokens ·
                       temperature: 0, greedy (req), max_tokens: 650 (req),
                       min_tokens: 650 (req)
21:35:46.170 INFO:     #256 chat/completions (stream): 556 tokens generated at
                       211.0 T/s · prompt 112 tokens, none cached, 112 new in
                       0.10 s · first token 0.11 s, total 2.74 s · draft 360/588
                       accepted (61%) · max_tokens reached
21:35:46.208 INFO:     #259 chat/completions (stream): 68 prompt tokens ·
                       temperature: 0, greedy (req), max_tokens: 434 (req),
                       min_tokens: 434 (req)
21:35:47.696 INFO:     #258 chat/completions (stream): 650 tokens generated at
                       213.7 T/s · prompt 63 tokens, none cached, 63 new in 0.07
                       s · first token 0.08 s, total 3.12 s · draft 417/699
                       accepted (60%) · max_tokens reached
21:35:47.729 INFO:     #261 chat/completions (stream): 527 prompt tokens ·
                       temperature: 0, greedy (req), max_tokens: 78 (req),
                       min_tokens: 78 (req)
21:35:48.384 INFO:     #261 chat/completions (stream): 78 tokens generated at
                       184.5 T/s · prompt 527 tokens, none cached, 527 new in
                       0.19 s (2,774 T/s) · first token 0.20 s, total 0.62 s ·
                       draft 45/99 accepted (45%) · max_tokens reached
21:35:48.417 INFO:     #262 chat/completions (stream): 65 prompt tokens ·
                       temperature: 0, greedy (req), max_tokens: 352 (req),
                       min_tokens: 352 (req)
21:35:48.782 INFO:     #259 chat/completions (stream): 434 tokens generated at
                       177.0 T/s · prompt 68 tokens, none cached, 68 new in 0.08
                       s · first token 0.09 s, total 2.54 s · draft 259/525
                       accepted (49%) · max_tokens reached
21:35:48.814 INFO:     #263 chat/completions (stream): 342 prompt tokens ·
                       temperature: 0, greedy (req), max_tokens: 44 (req),
                       min_tokens: 44 (req)
21:35:49.300 INFO:     #263 chat/completions (stream): 44 tokens generated at
                       198.8 T/s · prompt 342 tokens, none cached, 342 new in
                       0.22 s (1,555 T/s) · first token 0.23 s, total 0.45 s ·
                       draft 26/54 accepted (48%) · max_tokens reached
21:35:49.334 INFO:     #264 chat/completions (stream): 448 prompt tokens ·
                       temperature: 0, greedy (req), max_tokens: 55 (req),
                       min_tokens: 55 (req)
21:35:49.892 INFO:     #264 chat/completions (stream): 55 tokens generated at
                       205.8 T/s · prompt 448 tokens, none cached, 448 new in
                       0.25 s (1,792 T/s) · first token 0.26 s, total 0.52 s ·
                       draft 34/63 accepted (54%) · max_tokens reached
21:35:49.925 INFO:     #265 chat/completions (stream): 399 prompt tokens ·
                       temperature: 0, greedy (req), max_tokens: 15 (req),
                       min_tokens: 15 (req)
21:35:50.287 INFO:     #265 chat/completions (stream): 15 tokens generated at
                       200.6 T/s · prompt 399 tokens, none cached, 399 new in
                       0.24 s (1,662 T/s) · first token 0.25 s, total 0.32 s ·
                       draft 9/18 accepted (50%) · max_tokens reached
21:35:50.319 INFO:     #266 chat/completions (stream): 72 prompt tokens ·
                       temperature: 0, greedy (req), max_tokens: 279 (req),
                       min_tokens: 279 (req)
21:35:50.745 INFO:     #262 chat/completions (stream): 352 tokens generated at
                       159.1 T/s · prompt 65 tokens, none cached, 65 new in 0.07
                       s · first token 0.08 s, total 2.29 s · draft 232/360
                       accepted (64%) · max_tokens reached
21:35:50.776 INFO:     #267 chat/completions (stream): 64 prompt tokens ·
                       temperature: 0, greedy (req), max_tokens: 150 (req),
                       min_tokens: 150 (req)
21:35:51.667 INFO:     #267 chat/completions (stream): 150 tokens generated at
                       194.2 T/s · prompt 64 tokens, none cached, 64 new in 0.07
                       s · first token 0.08 s, total 0.85 s · draft 89/183
                       accepted (49%) · max_tokens reached
21:35:51.702 INFO:     #268 chat/completions (stream): 340 prompt tokens ·
                       temperature: 0, greedy (req), max_tokens: 26 (req),
                       min_tokens: 26 (req)
21:35:51.976 INFO:     #266 chat/completions (stream): 279 tokens generated at
                       181.8 T/s · prompt 72 tokens, none cached, 72 new in 0.08
                       s · first token 0.09 s, total 1.62 s · draft 178/303
                       accepted (59%) · max_tokens reached
21:35:52.009 INFO:     #269 chat/completions (stream): 66 prompt tokens ·
                       temperature: 0, greedy (req), max_tokens: 12 (req),
                       min_tokens: 12 (req)
21:35:52.129 INFO:     #268 chat/completions (stream): 26 tokens generated at
                       138.2 T/s · prompt 340 tokens, none cached, 340 new in
                       0.22 s (1,545 T/s) · first token 0.23 s, total 0.41 s ·
                       draft 16/30 accepted (53%) · max_tokens reached
21:35:52.129 INFO:     #269 chat/completions (stream): 12 tokens generated at
                       344.8 T/s · prompt 66 tokens, none cached, 66 new in 0.07
                       s · first token 0.08 s, total 0.11 s · draft 9/9 accepted
                       (100%) · max_tokens reached
21:35:52.133 INFO:     #270 chat/completions (stream): 446 prompt tokens ·
                       temperature: 0, greedy (req), max_tokens: 8 (req),
                       min_tokens: 8 (req)
21:35:52.134 INFO:     #271 chat/completions (stream): 99 prompt tokens ·
                       temperature: 0, greedy (req), max_tokens: 429 (req),
                       min_tokens: 429 (req)
21:35:52.545 INFO:     #270 chat/completions (stream): 8 tokens generated at
                       219.2 T/s · prompt 446 tokens, none cached, 446 new in
                       0.32 s (1,394 T/s) · first token 0.33 s, total 0.37 s ·
                       draft 5/9 accepted (56%) · max_tokens reached
21:35:52.577 INFO:     #272 chat/completions (stream): 70 prompt tokens ·
                       temperature: 0, greedy (req), max_tokens: 772 (req),
                       min_tokens: 772 (req)
21:35:54.662 INFO:     #271 chat/completions (stream): 429 tokens generated at
                       189.5 T/s · prompt 99 tokens, none cached, 99 new in 0.09
                       s · queued 0.13 s, first token 0.22 s, total 2.49 s ·
                       draft 264/495 accepted (53%) · max_tokens reached
21:35:54.695 INFO:     #273 chat/completions (stream): 391 prompt tokens ·
                       temperature: 0, greedy (req), max_tokens: 46 (req),
                       min_tokens: 46 (req)
21:35:55.218 INFO:     #273 chat/completions (stream): 46 tokens generated at
                       192.7 T/s · prompt 391 tokens, none cached, 391 new in
                       0.24 s (1,629 T/s) · first token 0.25 s, total 0.48 s ·
                       draft 27/57 accepted (47%) · max_tokens reached
21:35:55.250 INFO:     #274 chat/completions (stream): 60 prompt tokens ·
                       temperature: 0, greedy (req), max_tokens: 75 (req),
                       min_tokens: 75 (req)
21:35:55.692 INFO:     #274 chat/completions (stream): 75 tokens generated at
                       229.9 T/s · prompt 60 tokens, none cached, 60 new in 0.07
                       s · first token 0.08 s, total 0.40 s · draft 49/78
                       accepted (63%) · max_tokens reached
21:35:55.725 INFO:     #275 chat/completions (stream): 691 prompt tokens ·
                       temperature: 0, greedy (req), max_tokens: 139 (req),
                       min_tokens: 139 (req)
21:35:56.644 INFO:     #275 chat/completions (stream): 139 tokens generated at
                       226.8 T/s · prompt 691 tokens, none cached, 691 new in
                       0.26 s (2,658 T/s) · first token 0.27 s, total 0.88 s ·
                       draft 91/144 accepted (63%) · max_tokens reached
21:35:56.675 INFO:     #276 chat/completions (stream): 68 prompt tokens ·
                       temperature: 0, greedy (req), max_tokens: 282 (req),
                       min_tokens: 282 (req)
21:35:57.061 INFO:     #272 chat/completions (stream): 772 tokens generated at
                       177.1 T/s · prompt 70 tokens, none cached, 70 new in 0.08
                       s · first token 0.09 s, total 4.45 s · draft 474/894
                       accepted (53%) · max_tokens reached
21:35:57.092 INFO:     #277 chat/completions (stream): 63 prompt tokens ·
                       temperature: 0, greedy (req), max_tokens: 98 (req),
                       min_tokens: 98 (req)
21:35:57.617 INFO:     #277 chat/completions (stream): 98 tokens generated at
                       239.1 T/s · prompt 63 tokens, none cached, 63 new in 0.07
                       s · first token 0.08 s, total 0.49 s · draft 66/96
                       accepted (69%) · max_tokens reached
21:35:57.651 INFO:     #278 chat/completions (stream): 815 prompt tokens ·
                       temperature: 0, greedy (req), max_tokens: 282 (req),
                       min_tokens: 282 (req)
21:35:58.467 INFO:     #276 chat/completions (stream): 282 tokens generated at
                       168.9 T/s · prompt 68 tokens, none cached, 68 new in 0.08
                       s · first token 0.09 s, total 1.76 s · draft 174/324
                       accepted (54%) · max_tokens reached
21:35:58.499 INFO:     #279 chat/completions (stream): 84 prompt tokens ·
                       temperature: 0, greedy (req), max_tokens: 278 (req),
                       min_tokens: 278 (req)
21:35:59.401 INFO:     #278 chat/completions (stream): 282 tokens generated at
                       194.8 T/s · prompt 815 tokens, none cached, 815 new in
                       0.26 s (3,135 T/s) · first token 0.27 s, total 1.71 s ·
                       draft 175/321 accepted (55%) · max_tokens reached
21:35:59.434 INFO:     #280 chat/completions (stream): 60 prompt tokens ·
                       temperature: 0, greedy (req), max_tokens: 202 (req),
                       min_tokens: 202 (req)
21:36:00.020 INFO:     #279 chat/completions (stream): 278 tokens generated at
                       199.7 T/s · prompt 84 tokens, none cached, 84 new in 0.08
                       s · first token 0.09 s, total 1.48 s · draft 174/312
                       accepted (56%) · max_tokens reached
21:36:00.052 INFO:     #281 chat/completions (stream): 62 prompt tokens ·
                       temperature: 0, greedy (req), max_tokens: 105 (req),
                       min_tokens: 105 (req)
21:36:00.703 INFO:     #281 chat/completions (stream): 105 tokens generated at
                       196.1 T/s · prompt 62 tokens, none cached, 62 new in 0.07
                       s · first token 0.08 s, total 0.61 s · draft 63/126
                       accepted (50%) · max_tokens reached
21:36:00.736 INFO:     #282 chat/completions (stream): 61 prompt tokens ·
                       temperature: 0, greedy (req), max_tokens: 61 (req),
                       min_tokens: 61 (req)
21:36:00.863 INFO:     #280 chat/completions (stream): 202 tokens generated at
                       153.9 T/s · prompt 60 tokens, none cached, 60 new in 0.07
                       s · first token 0.08 s, total 1.39 s · draft 108/282
                       accepted (38%) · max_tokens reached
21:36:00.894 INFO:     #283 chat/completions (stream): 65 prompt tokens ·
                       temperature: 0, greedy (req), max_tokens: 210 (req),
                       min_tokens: 210 (req)
21:36:01.183 INFO:     #282 chat/completions (stream): 61 tokens generated at
                       185.5 T/s · prompt 61 tokens, none cached, 61 new in 0.07
                       s · first token 0.08 s, total 0.40 s · draft 39/66
                       accepted (59%) · max_tokens reached
21:36:01.217 INFO:     #284 chat/completions (stream): 60 prompt tokens ·
                       temperature: 0, greedy (req), max_tokens: 41 (req),
                       min_tokens: 41 (req)
21:36:01.494 INFO:     #284 chat/completions (stream): 41 tokens generated at
                       254.4 T/s · prompt 60 tokens, none cached, 60 new in 0.07
                       s · first token 0.08 s, total 0.24 s · draft 28/39
                       accepted (72%) · max_tokens reached
21:36:01.527 INFO:     #285 chat/completions (stream): 60 prompt tokens ·
                       temperature: 0, greedy (req), max_tokens: 287 (req),
                       min_tokens: 287 (req)
21:36:02.016 INFO:     #283 chat/completions (stream): 210 tokens generated at
                       208.7 T/s · prompt 65 tokens, none cached, 65 new in 0.07
                       s · first token 0.07 s, total 1.08 s · draft 139/213
                       accepted (65%) · max_tokens reached
21:36:02.047 INFO:     #287 chat/completions (stream): 70 prompt tokens ·
                       temperature: 0, greedy (req), max_tokens: 276 (req),
                       min_tokens: 276 (req)
21:36:03.265 INFO:     #285 chat/completions (stream): 287 tokens generated at
                       177.0 T/s · prompt 60 tokens, none cached, 60 new in 0.07
                       s · first token 0.08 s, total 1.70 s · draft 165/366
                       accepted (45%) · max_tokens reached
21:36:03.297 INFO:     #288 chat/completions (stream): 107 prompt tokens ·
                       temperature: 0, greedy (req), max_tokens: 176 (req),
                       min_tokens: 176 (req)
21:36:03.718 INFO:     #287 chat/completions (stream): 276 tokens generated at
                       178.2 T/s · prompt 70 tokens, none cached, 70 new in 0.08
                       s · first token 0.09 s, total 1.63 s · draft 162/342
                       accepted (47%) · max_tokens reached
21:36:03.753 INFO:     #289 chat/completions (stream): 987 prompt tokens ·
                       temperature: 0, greedy (req), max_tokens: 113 (req),
                       min_tokens: 113 (req)
21:36:04.430 INFO:     #288 chat/completions (stream): 176 tokens generated at
                       177.6 T/s · prompt 107 tokens, none cached, 107 new in
                       0.10 s · first token 0.11 s, total 1.10 s · draft 121/165
                       accepted (73%) · max_tokens reached
21:36:04.465 INFO:     #290 chat/completions (stream): 731 prompt tokens ·
                       temperature: 0, greedy (req), max_tokens: 694 (req),
                       min_tokens: 694 (req)
21:36:04.928 INFO:     #289 chat/completions (stream): 113 tokens generated at
                       137.0 T/s · prompt 987 tokens, none cached, 987 new in
                       0.30 s (3,290 T/s) · first token 0.31 s, total 1.13 s ·
                       draft 68/135 accepted (50%) · max_tokens reached
21:36:04.960 INFO:     #291 chat/completions (stream): 67 prompt tokens ·
                       temperature: 0, greedy (req), max_tokens: 84 (req),
                       min_tokens: 84 (req)
21:36:05.483 INFO:     #291 chat/completions (stream): 84 tokens generated at
                       209.9 T/s · prompt 67 tokens, none cached, 67 new in 0.08
                       s · first token 0.09 s, total 0.49 s · draft 53/93
                       accepted (57%) · max_tokens reached
21:36:05.516 INFO:     #292 chat/completions (stream): 91 prompt tokens ·
                       temperature: 0, greedy (req), max_tokens: 464 (req),
                       min_tokens: 464 (req)
21:36:08.380 INFO:     #292 chat/completions (stream): 464 tokens generated at
                       169.9 T/s · prompt 91 tokens, none cached, 91 new in 0.09
                       s · first token 0.10 s, total 2.83 s · draft 250/642
                       accepted (39%) · max_tokens reached
21:36:08.412 INFO:     #293 chat/completions (stream): 114 prompt tokens ·
                       temperature: 0, greedy (req), max_tokens: 425 (req),
                       min_tokens: 425 (req)
21:36:08.607 INFO:     #290 chat/completions (stream): 694 tokens generated at
                       181.1 T/s · prompt 731 tokens, none cached, 731 new in
                       0.26 s (2,812 T/s) · first token 0.27 s, total 4.10 s ·
                       draft 412/846 accepted (49%) · max_tokens reached
21:36:08.638 INFO:     #294 chat/completions (stream): 60 prompt tokens ·
                       temperature: 0, greedy (req), max_tokens: 64 (req),
                       min_tokens: 64 (req)
21:36:09.033 INFO:     #294 chat/completions (stream): 64 tokens generated at
                       229.2 T/s · prompt 60 tokens, none cached, 60 new in 0.07
                       s · first token 0.08 s, total 0.35 s · draft 42/66
                       accepted (64%) · max_tokens reached
21:36:09.068 INFO:     #295 chat/completions (stream): 89 prompt tokens ·
                       temperature: 0, greedy (req), max_tokens: 609 (req),
                       min_tokens: 609 (req)
21:36:10.671 INFO:     #293 chat/completions (stream): 425 tokens generated at
                       201.1 T/s · prompt 114 tokens, none cached, 114 new in
                       0.10 s · first token 0.11 s, total 2.22 s · draft 270/465
                       accepted (58%) · max_tokens reached
21:36:10.704 INFO:     #296 chat/completions (stream): 648 prompt tokens ·
                       temperature: 0, greedy (req), max_tokens: 6 (req),
                       min_tokens: 6 (req)
21:36:11.044 INFO:     #296 chat/completions (stream): 6 tokens generated at
                       235.4 T/s · prompt 648 tokens, none cached, 648 new in
                       0.27 s (2,400 T/s) · first token 0.28 s, total 0.30 s ·
                       draft 4/6 accepted (67%) · max_tokens reached
21:36:11.076 INFO:     #297 chat/completions (stream): 113 prompt tokens ·
                       temperature: 0, greedy (req), max_tokens: 71 (req),
                       min_tokens: 71 (req)
21:36:11.477 INFO:     #297 chat/completions (stream): 71 tokens generated at
                       273.6 T/s · prompt 113 tokens, none cached, 113 new in
                       0.10 s · first token 0.11 s, total 0.37 s · draft 51/60
                       accepted (85%) · max_tokens reached
21:36:11.510 INFO:     #298 chat/completions (stream): 68 prompt tokens ·
                       temperature: 0, greedy (req), max_tokens: 169 (req),
                       min_tokens: 169 (req)
21:36:12.379 INFO:     #298 chat/completions (stream): 169 tokens generated at
                       226.4 T/s · prompt 68 tokens, none cached, 68 new in 0.08
                       s · first token 0.09 s, total 0.83 s · draft 110/177
                       accepted (62%) · max_tokens reached
21:36:12.413 INFO:     #299 chat/completions (stream): 164 prompt tokens ·
                       temperature: 0, greedy (req), max_tokens: 302 (req),
                       min_tokens: 302 (req)
21:36:12.783 INFO:     #295 chat/completions (stream): 609 tokens generated at
                       169.9 T/s · prompt 89 tokens, none cached, 89 new in 0.08
                       s · first token 0.09 s, total 3.67 s · draft 366/729
                       accepted (50%) · max_tokens reached
21:36:12.815 INFO:     #300 chat/completions (stream): 75 prompt tokens ·
                       temperature: 0, greedy (req), max_tokens: 306 (req),
                       min_tokens: 306 (req)
21:36:14.241 INFO:     #299 chat/completions (stream): 302 tokens generated at
                       179.5 T/s · prompt 164 tokens, none cached, 164 new in
                       0.09 s · first token 0.10 s, total 1.78 s · draft 177/375
                       accepted (47%) · max_tokens reached
21:36:14.273 INFO:     #301 chat/completions (stream): 256 prompt tokens ·
                       temperature: 0, greedy (req), max_tokens: 28 (req),
                       min_tokens: 28 (req)
21:36:14.590 INFO:     #301 chat/completions (stream): 28 tokens generated at
                       181.8 T/s · prompt 256 tokens, none cached, 256 new in
                       0.11 s (2,327 T/s) · first token 0.12 s, total 0.27 s ·
                       draft 16/36 accepted (44%) · max_tokens reached
21:36:14.621 INFO:     #302 chat/completions (stream): 137 prompt tokens ·
                       temperature: 0, greedy (req), max_tokens: 52 (req),
                       min_tokens: 52 (req)
21:36:14.815 INFO:     #300 chat/completions (stream): 306 tokens generated at
                       163.3 T/s · prompt 75 tokens, none cached, 75 new in 0.08
                       s · first token 0.09 s, total 1.96 s · draft 177/387
                       accepted (46%) · max_tokens reached
21:36:14.850 INFO:     #303 chat/completions (stream): 840 prompt tokens ·
                       temperature: 0, greedy (req), max_tokens: 11 (req),
                       min_tokens: 11 (req)
21:36:15.224 INFO:     #302 chat/completions (stream): 52 tokens generated at
                       107.1 T/s · prompt 137 tokens, none cached, 137 new in
                       0.11 s · first token 0.12 s, total 0.60 s · draft 36/48
                       accepted (75%) · max_tokens reached
21:36:15.225 INFO:     #303 chat/completions (stream): 11 tokens generated at
                       127.5 T/s · prompt 840 tokens, none cached, 840 new in
                       0.28 s (3,000 T/s) · first token 0.29 s, total 0.37 s ·
                       draft 6/15 accepted (40%) · max_tokens reached
21:36:15.228 INFO:     #304 chat/completions (stream): 77 prompt tokens ·
                       temperature: 0, greedy (req), max_tokens: 259 (req),
                       min_tokens: 259 (req)
21:36:15.230 INFO:     #305 chat/completions (stream): 434 prompt tokens ·
                       temperature: 0, greedy (req), max_tokens: 25 (req),
                       min_tokens: 25 (req)
21:36:15.687 INFO:     #305 chat/completions (stream): 25 tokens generated at
                       248.9 T/s · prompt 434 tokens, none cached, 434 new in
                       0.23 s (1,887 T/s) · first token 0.32 s, total 0.42 s ·
                       draft 17/24 accepted (71%) · max_tokens reached
21:36:15.718 INFO:     #306 chat/completions (stream): 136 prompt tokens ·
                       temperature: 0, greedy (req), max_tokens: 292 (req),
                       min_tokens: 292 (req)
21:36:16.884 INFO:     #304 chat/completions (stream): 259 tokens generated at
                       184.8 T/s · prompt 77 tokens, none cached, 77 new in 0.20
                       s · first token 0.21 s, total 1.61 s · draft 164/285
                       accepted (58%) · max_tokens reached
21:36:16.916 INFO:     #307 chat/completions (stream): 151 prompt tokens ·
                       temperature: 0, greedy (req), max_tokens: 435 (req),
                       min_tokens: 435 (req)
21:36:17.314 INFO:     #306 chat/completions (stream): 292 tokens generated at
                       202.6 T/s · prompt 136 tokens, none cached, 136 new in
                       0.11 s · first token 0.12 s, total 1.56 s · draft 186/318
                       accepted (58%) · max_tokens reached
21:36:17.349 INFO:     #309 chat/completions (stream): 884 prompt tokens ·
                       temperature: 0, greedy (req), max_tokens: 18 (req),
                       min_tokens: 18 (req)
21:36:17.772 INFO:     #309 chat/completions (stream): 18 tokens generated at
                       241.4 T/s · prompt 884 tokens, none cached, 884 new in
                       0.30 s (2,947 T/s) · first token 0.31 s, total 0.38 s ·
                       draft 12/18 accepted (67%) · max_tokens reached
21:36:17.805 INFO:     #310 chat/completions (stream): 311 prompt tokens ·
                       temperature: 0, greedy (req), max_tokens: 195 (req),
                       min_tokens: 195 (req)
21:36:19.084 INFO:     #310 chat/completions (stream): 195 tokens generated at
                       189.7 T/s · prompt 311 tokens, none cached, 311 new in
                       0.20 s (1,555 T/s) · first token 0.21 s, total 1.23 s ·
                       draft 114/243 accepted (47%) · max_tokens reached
21:36:19.117 INFO:     #311 chat/completions (stream): 425 prompt tokens ·
                       temperature: 0, greedy (req), max_tokens: 28 (req),
                       min_tokens: 28 (req)
21:36:19.537 INFO:     #311 chat/completions (stream): 28 tokens generated at
                       184.9 T/s · prompt 425 tokens, none cached, 425 new in
                       0.22 s (1,932 T/s) · first token 0.23 s, total 0.38 s ·
                       draft 16/36 accepted (44%) · max_tokens reached
21:36:19.571 INFO:     #312 chat/completions (stream): 804 prompt tokens ·
                       temperature: 0, greedy (req), max_tokens: 15 (req),
                       min_tokens: 15 (req)
21:36:19.934 INFO:     #312 chat/completions (stream): 15 tokens generated at
                       246.7 T/s · prompt 804 tokens, none cached, 804 new in
                       0.26 s (3,092 T/s) · first token 0.27 s, total 0.33 s ·
                       draft 10/15 accepted (67%) · max_tokens reached
21:36:19.968 INFO:     #313 chat/completions (stream): 614 prompt tokens ·
                       temperature: 0, greedy (req), max_tokens: 11 (req),
                       min_tokens: 11 (req)
21:36:20.303 INFO:     #313 chat/completions (stream): 11 tokens generated at
                       221.6 T/s · prompt 614 tokens, none cached, 614 new in
                       0.25 s (2,456 T/s) · first token 0.26 s, total 0.31 s ·
                       draft 7/12 accepted (58%) · max_tokens reached
21:36:20.306 INFO:     #307 chat/completions (stream): 435 tokens generated at
                       132.2 T/s · prompt 151 tokens, none cached, 151 new in
                       0.09 s · first token 0.10 s, total 3.39 s · draft 264/513
                       accepted (51%) · max_tokens reached
21:36:20.307 INFO:     #314 chat/completions (stream): 289 prompt tokens ·
                       temperature: 0, greedy (req), max_tokens: 22 (req),
                       min_tokens: 22 (req)
21:36:20.477 INFO:     #315 chat/completions (stream): 63 prompt tokens ·
                       temperature: 0, greedy (req), max_tokens: 193 (req),
                       min_tokens: 193 (req)
21:36:20.655 INFO:     #314 chat/completions (stream): 22 tokens generated at
                       150.2 T/s · prompt 289 tokens, none cached, 289 new in
                       0.15 s (1,927 T/s) · first token 0.16 s, total 0.30 s ·
                       draft 16/18 accepted (89%) · max_tokens reached
21:36:20.686 INFO:     #316 chat/completions (stream): 225 prompt tokens ·
                       temperature: 0, greedy (req), max_tokens: 242 (req),
                       min_tokens: 242 (req)
21:36:21.563 INFO:     #315 chat/completions (stream): 193 tokens generated at
                       199.1 T/s · prompt 63 tokens, none cached, 63 new in 0.07
                       s · first token 0.08 s, total 1.04 s · draft 124/207
                       accepted (60%) · max_tokens reached
21:36:21.595 INFO:     #317 chat/completions (stream): 70 prompt tokens ·
                       temperature: 0, greedy (req), max_tokens: 102 (req),
                       min_tokens: 102 (req)
21:36:21.956 INFO:     #316 chat/completions (stream): 242 tokens generated at
                       216.5 T/s · prompt 225 tokens, none cached, 225 new in
                       0.11 s · first token 0.11 s, total 1.23 s · draft 159/249
                       accepted (64%) · max_tokens reached
21:36:21.988 INFO:     #318 chat/completions (stream): 248 prompt tokens ·
                       temperature: 0, greedy (req), max_tokens: 8 (req),
                       min_tokens: 8 (req)
21:36:22.186 INFO:     #318 chat/completions (stream): 8 tokens generated at
                       215.3 T/s · prompt 248 tokens, none cached, 248 new in
                       0.11 s · first token 0.12 s, total 0.15 s · draft 5/9
                       accepted (56%) · max_tokens reached
21:36:22.188 INFO:     #319 chat/completions (stream): 91 prompt tokens ·
                       temperature: 0, greedy (req), max_tokens: 333 (req),
                       min_tokens: 333 (req)
21:36:22.189 INFO:     #317 chat/completions (stream): 102 tokens generated at
                       202.9 T/s · prompt 70 tokens, none cached, 70 new in 0.08
                       s · first token 0.09 s, total 0.59 s · draft 69/99
                       accepted (70%) · max_tokens reached
21:36:22.320 INFO:     #320 chat/completions (stream): 86 prompt tokens ·
                       temperature: 0, greedy (req), max_tokens: 334 (req),
                       min_tokens: 334 (req)
21:36:24.027 INFO:     #320 chat/completions (stream): 334 tokens generated at
                       212.1 T/s · prompt 86 tokens, none cached, 86 new in 0.09
                       s · first token 0.09 s, total 1.67 s · draft 211/369
                       accepted (57%) · max_tokens reached
21:36:24.059 INFO:     #321 chat/completions (stream): 322 prompt tokens ·
                       temperature: 0, greedy (req), max_tokens: 326 (req),
                       min_tokens: 326 (req)
21:36:24.467 INFO:     #319 chat/completions (stream): 333 tokens generated at
                       155.2 T/s · prompt 91 tokens, none cached, 91 new in 0.08
                       s · first token 0.09 s, total 2.23 s · draft 186/441
                       accepted (42%) · max_tokens reached
21:36:24.498 INFO:     #322 chat/completions (stream): 81 prompt tokens ·
                       temperature: 0, greedy (req), max_tokens: 353 (req),
                       min_tokens: 353 (req)
21:36:26.037 INFO:     #321 chat/completions (stream): 326 tokens generated at
                       189.2 T/s · prompt 322 tokens, none cached, 322 new in
                       0.21 s (1,533 T/s) · first token 0.22 s, total 1.94 s ·
                       draft 195/393 accepted (50%) · max_tokens reached
21:36:26.070 INFO:     #323 chat/completions (stream): 218 prompt tokens ·
                       temperature: 0, greedy (req), max_tokens: 599 (req),
                       min_tokens: 599 (req)
21:36:26.720 INFO:     #322 chat/completions (stream): 353 tokens generated at
                       168.5 T/s · prompt 81 tokens, none cached, 81 new in 0.08
                       s · first token 0.09 s, total 2.18 s · draft 196/471
                       accepted (42%) · max_tokens reached
21:36:26.753 INFO:     #324 chat/completions (stream): 274 prompt tokens ·
                       temperature: 0, greedy (req), max_tokens: 94 (req),
                       min_tokens: 94 (req)
21:36:27.435 INFO:     #324 chat/completions (stream): 94 tokens generated at
                       196.7 T/s · prompt 274 tokens, none cached, 274 new in
                       0.16 s (1,712 T/s) · first token 0.17 s, total 0.64 s ·
                       draft 57/111 accepted (51%) · max_tokens reached
21:36:27.468 INFO:     #325 chat/completions (stream): 90 prompt tokens ·
                       temperature: 0, greedy (req), max_tokens: 1439 (req),
                       min_tokens: 1439 (req)
21:36:29.226 INFO:     #323 chat/completions (stream): 599 tokens generated at
                       199.7 T/s · prompt 218 tokens, none cached, 218 new in
                       0.11 s · first token 0.12 s, total 3.12 s · draft 381/654
                       accepted (58%) · max_tokens reached
21:36:29.258 INFO:     #326 chat/completions (stream): 322 prompt tokens ·
                       temperature: 0, greedy (req), max_tokens: 23 (req),
                       min_tokens: 23 (req)
21:36:29.609 INFO:     #326 chat/completions (stream): 23 tokens generated at
                       229.8 T/s · prompt 322 tokens, none cached, 322 new in
                       0.20 s (1,610 T/s) · first token 0.21 s, total 0.31 s ·
                       draft 15/24 accepted (62%) · max_tokens reached
21:36:29.643 INFO:     #327 chat/completions (stream): 628 prompt tokens ·
                       temperature: 0, greedy (req), max_tokens: 93 (req),
                       min_tokens: 93 (req)
21:36:30.411 INFO:     #327 chat/completions (stream): 93 tokens generated at
                       197.6 T/s · prompt 628 tokens, none cached, 628 new in
                       0.25 s (2,512 T/s) · first token 0.26 s, total 0.73 s ·
                       draft 56/111 accepted (50%) · max_tokens reached
21:36:30.443 INFO:     #328 chat/completions (stream): 73 prompt tokens ·
                       temperature: 0, greedy (req), max_tokens: 327 (req),
                       min_tokens: 327 (req)
21:36:32.130 INFO:     #328 chat/completions (stream): 327 tokens generated at
                       209.2 T/s · prompt 73 tokens, none cached, 73 new in 0.08
                       s · first token 0.09 s, total 1.65 s · draft 205/366
                       accepted (56%) · max_tokens reached
21:36:32.162 INFO:     #330 chat/completions (stream): 90 prompt tokens ·
                       temperature: 0, greedy (req), max_tokens: 131 (req),
                       min_tokens: 131 (req)
21:36:32.830 INFO:     #330 chat/completions (stream): 131 tokens generated at
                       256.3 T/s · prompt 90 tokens, none cached, 90 new in 0.11
                       s · first token 0.12 s, total 0.63 s · draft 91/120
                       accepted (76%) · max_tokens reached
21:36:32.864 INFO:     #331 chat/completions (stream): 828 prompt tokens ·
                       temperature: 0, greedy (req), max_tokens: 39 (req),
                       min_tokens: 39 (req)
21:36:33.346 INFO:     #331 chat/completions (stream): 39 tokens generated at
                       218.8 T/s · prompt 828 tokens, none cached, 828 new in
                       0.26 s (3,185 T/s) · first token 0.27 s, total 0.44 s ·
                       draft 25/42 accepted (60%) · max_tokens reached
21:36:33.379 INFO:     #332 chat/completions (stream): 579 prompt tokens ·
                       temperature: 0, greedy (req), max_tokens: 213 (req),
                       min_tokens: 213 (req)
21:36:34.457 INFO:     #325 chat/completions (stream): 1,439 tokens generated at
                       209.8 T/s · prompt 90 tokens, none cached, 90 new in 0.08
                       s · first token 0.09 s, total 6.94 s · draft 983/1368
                       accepted (72%) · max_tokens reached
21:36:34.488 INFO:     #333 chat/completions (stream): 57 prompt tokens ·
                       temperature: 0, greedy (req), max_tokens: 56 (req),
                       min_tokens: 56 (req)
21:36:34.825 INFO:     #332 chat/completions (stream): 213 tokens generated at
                       182.7 T/s · prompt 579 tokens, none cached, 579 new in
                       0.23 s (2,517 T/s) · first token 0.24 s, total 1.40 s ·
                       draft 127/258 accepted (49%) · max_tokens reached
21:36:34.852 INFO:     #334 chat/completions (stream): 56 prompt tokens ·
                       temperature: 0, greedy (req), max_tokens: 277 (req),
                       min_tokens: 277 (req)
21:36:34.945 INFO:     #333 chat/completions (stream): 56 tokens generated at
                       196.8 T/s · prompt 57 tokens, none cached, 57 new in 0.07
                       s · first token 0.08 s, total 0.36 s · draft 32/72
                       accepted (44%) · max_tokens reached
21:36:34.976 INFO:     #335 chat/completions (stream): 196 prompt tokens ·
                       temperature: 0, greedy (req), max_tokens: 362 (req),
                       min_tokens: 362 (req)
21:36:36.430 INFO:     #334 chat/completions (stream): 277 tokens generated at
                       189.2 T/s · prompt 56 tokens, none cached, 56 new in 0.07
                       s · first token 0.08 s, total 1.54 s · draft 170/321
                       accepted (53%) · max_tokens reached
21:36:36.463 INFO:     #336 chat/completions (stream): 81 prompt tokens ·
                       temperature: 0, greedy (req), max_tokens: 1003 (req),
                       min_tokens: 1003 (req)
21:36:36.920 INFO:     #335 chat/completions (stream): 362 tokens generated at
                       201.5 T/s · prompt 196 tokens, none cached, 196 new in
                       0.10 s · first token 0.11 s, total 1.90 s · draft 227/405
                       accepted (56%) · max_tokens reached
21:36:36.953 INFO:     #337 chat/completions (stream): 255 prompt tokens ·
                       temperature: 0, greedy (req), max_tokens: 819 (req),
                       min_tokens: 819 (req)
21:36:40.458 INFO:     #336 chat/completions (stream): 1,003 tokens generated at
                       259.4 T/s · prompt 81 tokens, none cached, 81 new in 0.08
                       s · first token 0.09 s, total 3.95 s · draft 709/882
                       accepted (80%) · max_tokens reached
21:36:40.493 INFO:     #338 chat/completions (stream): 891 prompt tokens ·
                       temperature: 0, greedy (req), max_tokens: 37 (req),
                       min_tokens: 37 (req)
21:36:40.971 INFO:     #338 chat/completions (stream): 37 tokens generated at
                       247.6 T/s · prompt 891 tokens, none cached, 891 new in
                       0.28 s (3,182 T/s) · first token 0.29 s, total 0.44 s ·
                       draft 25/36 accepted (69%) · max_tokens reached
21:36:41.004 INFO:     #339 chat/completions (stream): 442 prompt tokens ·
                       temperature: 0, greedy (req), max_tokens: 43 (req),
                       min_tokens: 43 (req)
21:36:41.453 INFO:     #337 chat/completions (stream): 819 tokens generated at
                       188.8 T/s · prompt 255 tokens, none cached, 255 new in
                       0.11 s · first token 0.12 s, total 4.45 s · draft 516/909
                       accepted (57%) · max_tokens reached
21:36:41.468 INFO:     #340 chat/completions (stream): 63 prompt tokens ·
                       temperature: 0, greedy (req), max_tokens: 241 (req),
                       min_tokens: 241 (req)
21:36:41.556 INFO:     #339 chat/completions (stream): 43 tokens generated at
                       189.7 T/s · prompt 442 tokens, none cached, 442 new in
                       0.23 s (1,922 T/s) · first token 0.24 s, total 0.46 s ·
                       draft 24/57 accepted (42%) · max_tokens reached
21:36:41.589 INFO:     #341 chat/completions (stream): 155 prompt tokens ·
                       temperature: 0, greedy (req), max_tokens: 692 (req),
                       min_tokens: 692 (req)
21:36:43.016 INFO:     #340 chat/completions (stream): 241 tokens generated at
                       168.6 T/s · prompt 63 tokens, none cached, 63 new in 0.07
                       s · first token 0.08 s, total 1.51 s · draft 135/318
                       accepted (42%) · max_tokens reached
21:36:43.053 INFO:     #342 chat/completions (stream): 340 prompt tokens ·
                       temperature: 0, greedy (req), max_tokens: 14 (req),
                       min_tokens: 14 (req)
21:36:43.393 INFO:     #342 chat/completions (stream): 14 tokens generated at
                       266.4 T/s · prompt 340 tokens, none cached, 340 new in
                       0.24 s (1,417 T/s) · first token 0.25 s, total 0.30 s ·
                       draft 10/12 accepted (83%) · max_tokens reached
21:36:43.428 INFO:     #343 chat/completions (stream): 59 prompt tokens ·
                       temperature: 0, greedy (req), max_tokens: 35 (req),
                       min_tokens: 35 (req)
21:36:43.697 INFO:     #343 chat/completions (stream): 35 tokens generated at
                       228.8 T/s · prompt 59 tokens, none cached, 59 new in 0.07
                       s · first token 0.08 s, total 0.23 s · draft 23/36
                       accepted (64%) · max_tokens reached
21:36:43.729 INFO:     #344 chat/completions (stream): 71 prompt tokens ·
                       temperature: 0, greedy (req), max_tokens: 88 (req),
                       min_tokens: 88 (req)
21:36:44.284 INFO:     #344 chat/completions (stream): 88 tokens generated at
                       203.3 T/s · prompt 71 tokens, none cached, 71 new in 0.08
                       s · first token 0.09 s, total 0.52 s · draft 54/102
                       accepted (53%) · max_tokens reached
21:36:44.317 INFO:     #345 chat/completions (stream): 282 prompt tokens ·
                       temperature: 0, greedy (req), max_tokens: 6 (req),
                       min_tokens: 6 (req)
21:36:44.542 INFO:     #345 chat/completions (stream): 6 tokens generated at
                       242.5 T/s · prompt 282 tokens, none cached, 282 new in
                       0.15 s (1,880 T/s) · first token 0.16 s, total 0.18 s ·
                       draft 4/6 accepted (67%) · max_tokens reached
21:36:44.574 INFO:     #346 chat/completions (stream): 94 prompt tokens ·
                       temperature: 0, greedy (req), max_tokens: 262 (req),
                       min_tokens: 262 (req)
21:36:45.791 INFO:     #346 chat/completions (stream): 262 tokens generated at
                       241.6 T/s · prompt 94 tokens, none cached, 94 new in 0.09
                       s · first token 0.10 s, total 1.18 s · draft 177/255
                       accepted (69%) · max_tokens reached
21:36:45.824 INFO:     #347 chat/completions (stream): 491 prompt tokens ·
                       temperature: 0, greedy (req), max_tokens: 604 (req),
                       min_tokens: 604 (req)
21:36:46.483 INFO:     #341 chat/completions (stream): 692 tokens generated at
                       145.6 T/s · prompt 155 tokens, none cached, 155 new in
                       0.09 s · first token 0.10 s, total 4.85 s · draft 379/939
                       accepted (40%) · max_tokens reached
21:36:46.517 INFO:     #348 chat/completions (stream): 334 prompt tokens ·
                       temperature: 0, greedy (req), max_tokens: 28 (req),
                       min_tokens: 28 (req)
21:36:46.907 INFO:     #348 chat/completions (stream): 28 tokens generated at
                       217.7 T/s · prompt 334 tokens, none cached, 334 new in
                       0.21 s (1,590 T/s) · first token 0.22 s, total 0.34 s ·
                       draft 18/30 accepted (60%) · max_tokens reached
21:36:46.940 INFO:     #349 chat/completions (stream): 528 prompt tokens ·
                       temperature: 0, greedy (req), max_tokens: 15 (req),
                       min_tokens: 15 (req)
21:36:47.251 INFO:     #349 chat/completions (stream): 15 tokens generated at
                       155.9 T/s · prompt 528 tokens, none cached, 528 new in
                       0.17 s (3,106 T/s) · first token 0.18 s, total 0.27 s ·
                       draft 8/21 accepted (38%) · max_tokens reached
21:36:47.284 INFO:     #351 chat/completions (stream): 67 prompt tokens ·
                       temperature: 0, greedy (req), max_tokens: 318 (req),
                       min_tokens: 318 (req)
21:36:49.169 INFO:     #351 chat/completions (stream): 318 tokens generated at
                       180.3 T/s · prompt 67 tokens, none cached, 67 new in 0.08
                       s · first token 0.09 s, total 1.85 s · draft 179/417
                       accepted (43%) · max_tokens reached
21:36:49.206 INFO:     #352 chat/completions (stream): 416 prompt tokens ·
                       temperature: 0, greedy (req), max_tokens: 10 (req),
                       min_tokens: 10 (req)
21:36:49.566 INFO:     #352 chat/completions (stream): 10 tokens generated at
                       265.3 T/s · prompt 416 tokens, none cached, 416 new in
                       0.27 s (1,541 T/s) · first token 0.28 s, total 0.31 s ·
                       draft 7/9 accepted (78%) · max_tokens reached
21:36:49.603 INFO:     #353 chat/completions (stream): 118 prompt tokens ·
                       temperature: 0, greedy (req), max_tokens: 345 (req),
                       min_tokens: 345 (req)
21:36:49.750 INFO:     #347 chat/completions (stream): 604 tokens generated at
                       170.8 T/s · prompt 491 tokens, none cached, 491 new in
                       0.23 s (2,135 T/s) · first token 0.24 s, total 3.77 s ·
                       draft 378/678 accepted (56%) · max_tokens reached
21:36:49.785 INFO:     #354 chat/completions (stream): 697 prompt tokens ·
                       temperature: 0, greedy (req), max_tokens: 1321 (req),
                       min_tokens: 1321 (req)
21:36:51.667 INFO:     #353 chat/completions (stream): 345 tokens generated at
                       180.0 T/s · prompt 118 tokens, none cached, 118 new in
                       0.10 s · first token 0.11 s, total 2.02 s · draft 215/390
                       accepted (55%) · max_tokens reached
21:36:51.702 INFO:     #355 chat/completions (stream): 683 prompt tokens ·
                       temperature: 0, greedy (req), max_tokens: 9 (req),
                       min_tokens: 9 (req)
21:36:52.041 INFO:     #355 chat/completions (stream): 9 tokens generated at
                       240.3 T/s · prompt 683 tokens, none cached, 683 new in
                       0.25 s (2,732 T/s) · first token 0.26 s, total 0.29 s ·
                       draft 6/9 accepted (67%) · max_tokens reached
21:36:52.075 INFO:     #356 chat/completions (stream): 763 prompt tokens ·
                       temperature: 0, greedy (req), max_tokens: 35 (req),
                       min_tokens: 35 (req)
21:36:52.542 INFO:     #356 chat/completions (stream): 35 tokens generated at
                       231.5 T/s · prompt 763 tokens, none cached, 763 new in
                       0.27 s (2,826 T/s) · first token 0.28 s, total 0.43 s ·
                       draft 23/36 accepted (64%) · max_tokens reached
21:36:52.578 INFO:     #357 chat/completions (stream): 596 prompt tokens ·
                       temperature: 0, greedy (req), max_tokens: 11 (req),
                       min_tokens: 11 (req)
21:36:52.917 INFO:     #357 chat/completions (stream): 11 tokens generated at
                       218.7 T/s · prompt 596 tokens, none cached, 596 new in
                       0.24 s (2,483 T/s) · first token 0.25 s, total 0.30 s ·
                       draft 7/12 accepted (58%) · max_tokens reached
21:36:52.950 INFO:     #358 chat/completions (stream): 67 prompt tokens ·
                       temperature: 0, greedy (req), max_tokens: 72 (req),
                       min_tokens: 72 (req)
21:36:53.427 INFO:     #358 chat/completions (stream): 72 tokens generated at
                       202.9 T/s · prompt 67 tokens, none cached, 67 new in 0.08
                       s · first token 0.09 s, total 0.44 s · draft 45/81
                       accepted (56%) · max_tokens reached
21:36:53.460 INFO:     #359 chat/completions (stream): 266 prompt tokens ·
                       temperature: 0, greedy (req), max_tokens: 6 (req),
                       min_tokens: 6 (req)
21:36:53.675 INFO:     #359 chat/completions (stream): 6 tokens generated at
                       242.4 T/s · prompt 266 tokens, none cached, 266 new in
                       0.14 s (1,900 T/s) · first token 0.15 s, total 0.17 s ·
                       draft 4/6 accepted (67%) · max_tokens reached
21:36:53.706 INFO:     #360 chat/completions (stream): 104 prompt tokens ·
                       temperature: 0, greedy (req), max_tokens: 354 (req),
                       min_tokens: 354 (req)
21:36:55.894 INFO:     #360 chat/completions (stream): 354 tokens generated at
                       172.9 T/s · prompt 104 tokens, none cached, 104 new in
                       0.09 s · first token 0.10 s, total 2.14 s · draft 194/480
                       accepted (40%) · max_tokens reached
21:36:55.927 INFO:     #361 chat/completions (stream): 65 prompt tokens ·
                       temperature: 0, greedy (req), max_tokens: 243 (req),
                       min_tokens: 243 (req)
21:36:57.220 INFO:     #361 chat/completions (stream): 243 tokens generated at
                       207.9 T/s · prompt 65 tokens, none cached, 65 new in 0.07
                       s · first token 0.08 s, total 1.24 s · draft 151/276
                       accepted (55%) · max_tokens reached
21:36:57.253 INFO:     #362 chat/completions (stream): 62 prompt tokens ·
                       temperature: 0, greedy (req), max_tokens: 242 (req),
                       min_tokens: 242 (req)
21:36:57.877 INFO:     #354 chat/completions (stream): 1,321 tokens generated at
                       169.7 T/s · prompt 697 tokens, none cached, 697 new in
                       0.26 s (2,681 T/s) · first token 0.27 s, total 8.05 s ·
                       draft 799/1566 accepted (51%) · max_tokens reached
21:36:57.910 INFO:     #363 chat/completions (stream): 74 prompt tokens ·
                       temperature: 0, greedy (req), max_tokens: 19 (req),
                       min_tokens: 19 (req)
21:36:58.110 INFO:     #363 chat/completions (stream): 19 tokens generated at
                       251.3 T/s · prompt 74 tokens, none cached, 74 new in 0.08
                       s · first token 0.09 s, total 0.16 s · draft 13/18
                       accepted (72%) · max_tokens reached
21:36:58.143 INFO:     #364 chat/completions (stream): 871 prompt tokens ·
                       temperature: 0, greedy (req), max_tokens: 110 (req),
                       min_tokens: 110 (req)
21:36:58.982 INFO:     #364 chat/completions (stream): 110 tokens generated at
                       208.4 T/s · prompt 871 tokens, none cached, 871 new in
                       0.26 s (3,350 T/s) · first token 0.27 s, total 0.79 s ·
                       draft 68/126 accepted (54%) · max_tokens reached
21:36:59.016 INFO:     #365 chat/completions (stream): 386 prompt tokens ·
                       temperature: 0, greedy (req), max_tokens: 37 (req),
                       min_tokens: 37 (req)
21:36:59.417 INFO:     #362 chat/completions (stream): 242 tokens generated at
                       117.5 T/s · prompt 62 tokens, none cached, 62 new in 0.07
                       s · first token 0.08 s, total 2.14 s · draft 121/363
                       accepted (33%) · max_tokens reached
21:36:59.419 INFO:     #365 chat/completions (stream): 37 tokens generated at
                       251.3 T/s · prompt 386 tokens, none cached, 386 new in
                       0.24 s (1,608 T/s) · first token 0.25 s, total 0.39 s ·
                       draft 25/36 accepted (69%) · max_tokens reached
21:36:59.422 INFO:     #366 chat/completions (stream): 365 prompt tokens ·
                       temperature: 0, greedy (req), max_tokens: 10 (req),
                       min_tokens: 10 (req)
21:36:59.423 INFO:     #367 chat/completions (stream): 125 prompt tokens ·
                       temperature: 0, greedy (req), max_tokens: 236 (req),
                       min_tokens: 236 (req)
21:36:59.844 INFO:     #366 chat/completions (stream): 10 tokens generated at
                       272.2 T/s · prompt 365 tokens, none cached, 365 new in
                       0.33 s (1,106 T/s) · first token 0.34 s, total 0.38 s ·
                       draft 7/9 accepted (78%) · max_tokens reached
21:36:59.875 INFO:     #368 chat/completions (stream): 68 prompt tokens ·
                       temperature: 0, greedy (req), max_tokens: 212 (req),
                       min_tokens: 212 (req)
21:37:00.814 INFO:     #367 chat/completions (stream): 236 tokens generated at
                       211.8 T/s · prompt 125 tokens, none cached, 125 new in
                       0.10 s · queued 0.13 s, first token 0.23 s, total 1.35 s
                       · draft 162/222 accepted (73%) · max_tokens reached
21:37:00.848 INFO:     #369 chat/completions (stream): 604 prompt tokens ·
                       temperature: 0, greedy (req), max_tokens: 103 (req),
                       min_tokens: 103 (req)
21:37:01.466 INFO:     #368 chat/completions (stream): 212 tokens generated at
                       144.5 T/s · prompt 68 tokens, none cached, 68 new in 0.08
                       s · first token 0.09 s, total 1.55 s · draft 116/288
                       accepted (40%) · max_tokens reached
21:37:01.498 INFO:     #370 chat/completions (stream): 62 prompt tokens ·
                       temperature: 0, greedy (req), max_tokens: 76 (req),
                       min_tokens: 76 (req)
21:37:01.676 INFO:     #369 chat/completions (stream): 103 tokens generated at
                       192.2 T/s · prompt 604 tokens, none cached, 604 new in
                       0.25 s (2,416 T/s) · first token 0.26 s, total 0.79 s ·
                       draft 66/111 accepted (59%) · max_tokens reached
21:37:01.708 INFO:     #371 chat/completions (stream): 87 prompt tokens ·
                       temperature: 0, greedy (req), max_tokens: 22 (req),
                       min_tokens: 22 (req)
21:37:01.917 INFO:     #371 chat/completions (stream): 22 tokens generated at
                       290.0 T/s · prompt 87 tokens, none cached, 87 new in 0.09
                       s · first token 0.10 s, total 0.17 s · draft 16/18
                       accepted (89%) · max_tokens reached
21:37:01.948 INFO:     #372 chat/completions (stream): 62 prompt tokens ·
                       temperature: 0, greedy (req), max_tokens: 160 (req),
                       min_tokens: 160 (req)
21:37:02.142 INFO:     #370 chat/completions (stream): 76 tokens generated at
                       144.1 T/s · prompt 62 tokens, none cached, 62 new in 0.07
                       s · first token 0.08 s, total 0.60 s · draft 45/93
                       accepted (48%) · max_tokens reached
21:37:02.175 INFO:     #374 chat/completions (stream): 103 prompt tokens ·
                       temperature: 0, greedy (req), max_tokens: 483 (req),
                       min_tokens: 483 (req)
21:37:02.860 INFO:     #372 chat/completions (stream): 160 tokens generated at
                       201.4 T/s · prompt 62 tokens, none cached, 62 new in 0.07
                       s · first token 0.08 s, total 0.87 s · draft 104/168
                       accepted (62%) · max_tokens reached
21:37:02.892 INFO:     #375 chat/completions (stream): 58 prompt tokens ·
                       temperature: 0, greedy (req), max_tokens: 30 (req),
                       min_tokens: 30 (req)
21:37:03.131 INFO:     #375 chat/completions (stream): 30 tokens generated at
                       239.5 T/s · prompt 58 tokens, none cached, 58 new in 0.07
                       s · first token 0.08 s, total 0.20 s · draft 20/30
                       accepted (67%) · max_tokens reached
21:37:03.163 INFO:     #376 chat/completions (stream): 71 prompt tokens ·
                       temperature: 0, greedy (req), max_tokens: 68 (req),
                       min_tokens: 68 (req)
21:37:03.661 INFO:     #376 chat/completions (stream): 68 tokens generated at
                       190.8 T/s · prompt 71 tokens, none cached, 71 new in 0.10
                       s · first token 0.11 s, total 0.46 s · draft 39/87
                       accepted (45%) · max_tokens reached
21:37:03.695 INFO:     #377 chat/completions (stream): 828 prompt tokens ·
                       temperature: 0, greedy (req), max_tokens: 6 (req),
                       min_tokens: 6 (req)
21:37:04.013 INFO:     #377 chat/completions (stream): 6 tokens generated at
                       248.0 T/s · prompt 828 tokens, none cached, 828 new in
                       0.25 s (3,312 T/s) · first token 0.26 s, total 0.28 s ·
                       draft 4/6 accepted (67%) · max_tokens reached
21:37:04.045 INFO:     #378 chat/completions (stream): 93 prompt tokens ·
                       temperature: 0, greedy (req), max_tokens: 257 (req),
                       min_tokens: 257 (req)
21:37:05.248 INFO:     #374 chat/completions (stream): 483 tokens generated at
                       164.8 T/s · prompt 103 tokens, none cached, 103 new in
                       0.10 s · first token 0.11 s, total 3.04 s · draft 287/588
                       accepted (49%) · max_tokens reached
21:37:05.280 INFO:     #379 chat/completions (stream): 223 prompt tokens ·
                       temperature: 0, greedy (req), max_tokens: 96 (req),
                       min_tokens: 96 (req)
21:37:05.607 INFO:     #378 chat/completions (stream): 257 tokens generated at
                       179.6 T/s · prompt 93 tokens, none cached, 93 new in 0.08
                       s · first token 0.09 s, total 1.52 s · draft 153/312
                       accepted (49%) · max_tokens reached
21:37:05.640 INFO:     #380 chat/completions (stream): 542 prompt tokens ·
                       temperature: 0, greedy (req), max_tokens: 91 (req),
                       min_tokens: 91 (req)
21:37:06.057 INFO:     #379 chat/completions (stream): 96 tokens generated at
                       153.9 T/s · prompt 223 tokens, none cached, 223 new in
                       0.11 s · first token 0.12 s, total 0.74 s · draft 59/111
                       accepted (53%) · max_tokens reached
21:37:06.089 INFO:     #381 chat/completions (stream): 99 prompt tokens ·
                       temperature: 0, greedy (req), max_tokens: 413 (req),
                       min_tokens: 413 (req)
21:37:06.480 INFO:     #380 chat/completions (stream): 91 tokens generated at
                       148.8 T/s · prompt 542 tokens, none cached, 542 new in
                       0.18 s (3,011 T/s) · first token 0.19 s, total 0.80 s ·
                       draft 49/126 accepted (39%) · max_tokens reached
21:37:06.513 INFO:     #382 chat/completions (stream): 382 prompt tokens ·
                       temperature: 0, greedy (req), max_tokens: 794 (req),
                       min_tokens: 794 (req)
21:37:08.529 INFO:     #381 chat/completions (stream): 413 tokens generated at
                       179.4 T/s · prompt 99 tokens, none cached, 99 new in 0.09
                       s · first token 0.10 s, total 2.40 s · draft 248/495
                       accepted (50%) · max_tokens reached
21:37:08.562 INFO:     #383 chat/completions (stream): 470 prompt tokens ·
                       temperature: 0, greedy (req), max_tokens: 7 (req),
                       min_tokens: 7 (req)
21:37:08.871 INFO:     #383 chat/completions (stream): 7 tokens generated at
                       285.7 T/s · prompt 470 tokens, none cached, 470 new in
                       0.24 s (1,958 T/s) · first token 0.25 s, total 0.27 s ·
                       draft 5/6 accepted (83%) · max_tokens reached
21:37:08.903 INFO:     #384 chat/completions (stream): 74 prompt tokens ·
                       temperature: 0, greedy (req), max_tokens: 535 (req),
                       min_tokens: 535 (req)
21:37:10.747 INFO:     #382 chat/completions (stream): 794 tokens generated at
                       200.8 T/s · prompt 382 tokens, none cached, 382 new in
                       0.23 s (1,661 T/s) · first token 0.24 s, total 4.19 s ·
                       draft 507/861 accepted (59%) · max_tokens reached
21:37:10.780 INFO:     #385 chat/completions (stream): 787 prompt tokens ·
                       temperature: 0, greedy (req), max_tokens: 9 (req),
                       min_tokens: 9 (req)
21:37:11.085 INFO:     #385 chat/completions (stream): 9 tokens generated at
                       237.6 T/s · prompt 787 tokens, none cached, 787 new in
                       0.22 s (3,577 T/s) · first token 0.23 s, total 0.26 s ·
                       draft 6/9 accepted (67%) · max_tokens reached
21:37:11.117 INFO:     #386 chat/completions (stream): 87 prompt tokens ·
                       temperature: 0, greedy (req), max_tokens: 696 (req),
                       min_tokens: 696 (req)
21:37:12.297 INFO:     #384 chat/completions (stream): 535 tokens generated at
                       163.6 T/s · prompt 74 tokens, none cached, 74 new in 0.08
                       s · first token 0.09 s, total 3.36 s · draft 302/699
                       accepted (43%) · max_tokens reached
21:37:12.330 INFO:     #387 chat/completions (stream): 307 prompt tokens ·
                       temperature: 0, greedy (req), max_tokens: 204 (req),
                       min_tokens: 204 (req)
21:37:13.530 INFO:     #387 chat/completions (stream): 204 tokens generated at
                       213.8 T/s · prompt 307 tokens, none cached, 307 new in
                       0.20 s (1,535 T/s) · first token 0.21 s, total 1.16 s ·
                       draft 129/225 accepted (57%) · max_tokens reached
21:37:13.562 INFO:     #388 chat/completions (stream): 68 prompt tokens ·
                       temperature: 0, greedy (req), max_tokens: 367 (req),
                       min_tokens: 367 (req)
21:37:15.386 INFO:     #386 chat/completions (stream): 696 tokens generated at
                       168.1 T/s · prompt 87 tokens, none cached, 87 new in 0.08
                       s · first token 0.09 s, total 4.22 s · draft 391/915
                       accepted (43%) · max_tokens reached
21:37:15.418 INFO:     #389 chat/completions (stream): 245 prompt tokens ·
                       temperature: 0, greedy (req), max_tokens: 9 (req),
                       min_tokens: 9 (req)
21:37:15.592 INFO:     #389 chat/completions (stream): 9 tokens generated at
                       235.8 T/s · prompt 245 tokens, none cached, 245 new in
                       0.11 s · first token 0.12 s, total 0.15 s · draft 6/9
                       accepted (67%) · max_tokens reached
21:37:15.593 INFO:     #388 chat/completions (stream): 367 tokens generated at
                       188.7 T/s · prompt 68 tokens, none cached, 68 new in 0.07
                       s · first token 0.08 s, total 2.02 s · draft 223/432
                       accepted (52%) · max_tokens reached
21:37:15.596 INFO:     #390 chat/completions (stream): 64 prompt tokens ·
                       temperature: 0, greedy (req), max_tokens: 10 (req),
                       min_tokens: 10 (req)
21:37:15.598 INFO:     #391 chat/completions (stream): 330 prompt tokens ·
                       temperature: 0, greedy (req), max_tokens: 8 (req),
                       min_tokens: 8 (req)
21:37:15.943 INFO:     #390 chat/completions (stream): 10 tokens generated at
                       87.0 T/s · prompt 64 tokens, none cached, 64 new in 0.20
                       s · first token 0.21 s, total 0.33 s · draft 7/9 accepted
                       (78%) · max_tokens reached
21:37:15.945 INFO:     #391 chat/completions (stream): 8 tokens generated at
                       183.0 T/s · prompt 330 tokens, none cached, 330 new in
                       0.22 s (1,500 T/s) · first token 0.30 s, total 0.34 s ·
                       draft 4/12 accepted (33%) · max_tokens reached
21:37:15.948 INFO:     #392 chat/completions (stream): 436 prompt tokens ·
                       temperature: 0, greedy (req), max_tokens: 44 (req),
                       min_tokens: 44 (req)
21:37:15.949 INFO:     #393 chat/completions (stream): 435 prompt tokens ·
                       temperature: 0, greedy (req), max_tokens: 79 (req),
                       min_tokens: 79 (req)
21:37:16.711 INFO:     #392 chat/completions (stream): 44 tokens generated at
                       165.9 T/s · prompt 436 tokens, none cached, 436 new in
                       0.44 s (991 T/s) · first token 0.45 s, total 0.72 s ·
                       draft 23/63 accepted (37%) · max_tokens reached
21:37:16.738 INFO:     #394 chat/completions (stream): 94 prompt tokens ·
                       temperature: 0, greedy (req), max_tokens: 246 (req),
                       min_tokens: 246 (req)
21:37:16.853 INFO:     #393 chat/completions (stream): 79 tokens generated at
                       240.8 T/s · prompt 435 tokens, none cached, 435 new in
                       0.32 s (1,359 T/s) · queued 0.14 s, first token 0.46 s,
                       total 0.78 s · draft 52/81 accepted (64%) · max_tokens
                       reached
21:37:16.885 INFO:     #395 chat/completions (stream): 63 prompt tokens ·
                       temperature: 0, greedy (req), max_tokens: 265 (req),
                       min_tokens: 265 (req)
21:37:18.161 INFO:     #394 chat/completions (stream): 246 tokens generated at
                       191.0 T/s · prompt 94 tokens, none cached, 94 new in 0.09
                       s · first token 0.10 s, total 1.38 s · draft 150/288
                       accepted (52%) · max_tokens reached
21:37:18.200 INFO:     #397 chat/completions (stream): 154 prompt tokens ·
                       temperature: 0, greedy (req), max_tokens: 385 (req),
                       min_tokens: 385 (req)
21:37:18.638 INFO:     #395 chat/completions (stream): 265 tokens generated at
                       162.0 T/s · prompt 63 tokens, none cached, 63 new in 0.07
                       s · first token 0.08 s, total 1.71 s · draft 143/366
                       accepted (39%) · max_tokens reached
21:37:18.670 INFO:     #398 chat/completions (stream): 61 prompt tokens ·
                       temperature: 0, greedy (req), max_tokens: 128 (req),
                       min_tokens: 128 (req)
21:37:19.426 INFO:     #398 chat/completions (stream): 128 tokens generated at
                       199.8 T/s · prompt 61 tokens, none cached, 61 new in 0.07
                       s · first token 0.08 s, total 0.72 s · draft 79/147
                       accepted (54%) · max_tokens reached
21:37:19.460 INFO:     #399 chat/completions (stream): 442 prompt tokens ·
                       temperature: 0, greedy (req), max_tokens: 153 (req),
                       min_tokens: 153 (req)
21:37:20.464 INFO:     #399 chat/completions (stream): 153 tokens generated at
                       208.9 T/s · prompt 442 tokens, none cached, 442 new in
                       0.23 s (1,922 T/s) · first token 0.24 s, total 0.97 s ·
                       draft 96/171 accepted (56%) · max_tokens reached
21:37:20.496 INFO:     #400 chat/completions (stream): 116 prompt tokens ·
                       temperature: 0, greedy (req), max_tokens: 276 (req),
                       min_tokens: 276 (req)
21:37:20.703 INFO:     #397 chat/completions (stream): 385 tokens generated at
                       162.7 T/s · prompt 154 tokens, none cached, 154 new in
                       0.09 s · first token 0.10 s, total 2.46 s · draft 228/471
                       accepted (48%) · max_tokens reached
21:37:20.735 INFO:     #401 chat/completions (stream): 213 prompt tokens ·
                       temperature: 0, greedy (req), max_tokens: 7 (req),
                       min_tokens: 7 (req)
21:37:20.909 INFO:     #401 chat/completions (stream): 7 tokens generated at
                       283.7 T/s · prompt 213 tokens, none cached, 213 new in
                       0.10 s · first token 0.11 s, total 0.13 s · draft 5/6
                       accepted (83%) · max_tokens reached
21:37:20.940 INFO:     #402 chat/completions (stream): 62 prompt tokens ·
                       temperature: 0, greedy (req), max_tokens: 342 (req),
                       min_tokens: 342 (req)
21:37:22.071 INFO:     #400 chat/completions (stream): 276 tokens generated at
                       193.0 T/s · prompt 116 tokens, none cached, 116 new in
                       0.10 s · first token 0.11 s, total 1.54 s · draft 176/300
                       accepted (59%) · max_tokens reached
21:37:22.105 INFO:     #403 chat/completions (stream): 457 prompt tokens ·
                       temperature: 0, greedy (req), max_tokens: 24 (req),
                       min_tokens: 24 (req)
21:37:22.459 INFO:     #403 chat/completions (stream): 24 tokens generated at
                       238.1 T/s · prompt 457 tokens, none cached, 457 new in
                       0.23 s (1,987 T/s) · first token 0.24 s, total 0.34 s ·
                       draft 16/24 accepted (67%) · max_tokens reached
21:37:22.460 INFO:     #402 chat/completions (stream): 342 tokens generated at
                       237.7 T/s · prompt 62 tokens, none cached, 62 new in 0.07
                       s · first token 0.07 s, total 1.51 s · draft 246/288
                       accepted (85%) · max_tokens reached
21:37:22.463 INFO:     #404 chat/completions (stream): 145 prompt tokens ·
                       temperature: 0, greedy (req), max_tokens: 9 (req),
                       min_tokens: 9 (req)
21:37:22.464 INFO:     #405 chat/completions (stream): 90 prompt tokens ·
                       temperature: 0, greedy (req), max_tokens: 196 (req),
                       min_tokens: 196 (req)
21:37:22.745 INFO:     #404 chat/completions (stream): 9 tokens generated at
                       244.8 T/s · prompt 145 tokens, none cached, 145 new in
                       0.19 s · first token 0.20 s, total 0.24 s · draft 6/9
                       accepted (67%) · max_tokens reached
21:37:22.776 INFO:     #406 chat/completions (stream): 73 prompt tokens ·
                       temperature: 0, greedy (req), max_tokens: 491 (req),
                       min_tokens: 491 (req)
21:37:23.742 INFO:     #405 chat/completions (stream): 196 tokens generated at
                       189.6 T/s · prompt 90 tokens, none cached, 90 new in 0.09
                       s · queued 0.12 s, first token 0.21 s, total 1.24 s ·
                       draft 120/228 accepted (53%) · max_tokens reached
21:37:23.774 INFO:     #407 chat/completions (stream): 59 prompt tokens ·
                       temperature: 0, greedy (req), max_tokens: 169 (req),
                       min_tokens: 169 (req)
21:37:24.536 INFO:     #407 chat/completions (stream): 169 tokens generated at
                       261.4 T/s · prompt 59 tokens, none cached, 59 new in 0.07
                       s · first token 0.08 s, total 0.72 s · draft 119/150
                       accepted (79%) · max_tokens reached
21:37:24.569 INFO:     #408 chat/completions (stream): 566 prompt tokens ·
                       temperature: 0, greedy (req), max_tokens: 21 (req),
                       min_tokens: 21 (req)
21:37:24.948 INFO:     #408 chat/completions (stream): 21 tokens generated at
                       211.0 T/s · prompt 566 tokens, none cached, 566 new in
                       0.23 s (2,461 T/s) · first token 0.24 s, total 0.34 s ·
                       draft 13/24 accepted (54%) · max_tokens reached
21:37:24.980 INFO:     #409 chat/completions (stream): 179 prompt tokens ·
                       temperature: 0, greedy (req), max_tokens: 263 (req),
                       min_tokens: 263 (req)
21:37:25.888 INFO:     #406 chat/completions (stream): 491 tokens generated at
                       164.3 T/s · prompt 73 tokens, none cached, 73 new in 0.08
                       s · first token 0.09 s, total 3.07 s · draft 285/618
                       accepted (46%) · max_tokens reached
21:37:25.923 INFO:     #410 chat/completions (stream): 1,070 prompt tokens ·
                       temperature: 0, greedy (req), max_tokens: 168 (req),
                       min_tokens: 168 (req)
21:37:26.588 INFO:     #409 chat/completions (stream): 263 tokens generated at
                       179.5 T/s · prompt 179 tokens, none cached, 179 new in
                       0.10 s · first token 0.11 s, total 1.57 s · draft 168/285
                       accepted (59%) · max_tokens reached
21:37:26.622 INFO:     #411 chat/completions (stream): 225 prompt tokens ·
                       temperature: 0, greedy (req), max_tokens: 232 (req),
                       min_tokens: 232 (req)
21:37:27.147 INFO:     #410 chat/completions (stream): 168 tokens generated at
                       187.1 T/s · prompt 1,070 tokens, none cached, 1,070 new
                       in 0.28 s (3,821 T/s) · first token 0.29 s, total 1.18 s
                       · draft 105/189 accepted (56%) · max_tokens reached
21:37:27.182 INFO:     #412 chat/completions (stream): 489 prompt tokens ·
                       temperature: 0, greedy (req), max_tokens: 205 (req),
                       min_tokens: 205 (req)
21:37:28.098 INFO:     #411 chat/completions (stream): 232 tokens generated at
                       175.8 T/s · prompt 225 tokens, none cached, 225 new in
                       0.11 s · first token 0.12 s, total 1.44 s · draft 145/261
                       accepted (56%) · max_tokens reached
21:37:28.130 INFO:     #413 chat/completions (stream): 64 prompt tokens ·
                       temperature: 0, greedy (req), max_tokens: 66 (req),
                       min_tokens: 66 (req)
21:37:28.541 INFO:     #413 chat/completions (stream): 66 tokens generated at
                       229.2 T/s · prompt 64 tokens, none cached, 64 new in 0.07
                       s · first token 0.08 s, total 0.36 s · draft 43/69
                       accepted (62%) · max_tokens reached
21:37:28.544 INFO:     #414 chat/completions (stream): 113 prompt tokens ·
                       temperature: 0, greedy (req), max_tokens: 352 (req),
                       min_tokens: 352 (req)
21:37:28.545 INFO:     #412 chat/completions (stream): 205 tokens generated at
                       184.8 T/s · prompt 489 tokens, none cached, 489 new in
                       0.24 s (2,038 T/s) · first token 0.25 s, total 1.35 s ·
                       draft 121/252 accepted (48%) · max_tokens reached
21:37:28.690 INFO:     #415 chat/completions (stream): 447 prompt tokens ·
                       temperature: 0, greedy (req), max_tokens: 792 (req),
                       min_tokens: 792 (req)
21:37:30.729 INFO:     #414 chat/completions (stream): 352 tokens generated at
                       172.4 T/s · prompt 113 tokens, none cached, 113 new in
                       0.10 s · first token 0.11 s, total 2.15 s · draft 210/426
                       accepted (49%) · max_tokens reached
21:37:30.761 INFO:     #416 chat/completions (stream): 397 prompt tokens ·
                       temperature: 0, greedy (req), max_tokens: 5 (req),
                       min_tokens: 5 (req)
21:37:31.070 INFO:     #416 chat/completions (stream): 5 tokens generated at
                       201.1 T/s · prompt 397 tokens, none cached, 397 new in
                       0.24 s (1,654 T/s) · first token 0.25 s, total 0.27 s ·
                       draft 3/6 accepted (50%) · max_tokens reached
21:37:31.101 INFO:     #417 chat/completions (stream): 64 prompt tokens ·
                       temperature: 0, greedy (req), max_tokens: 34 (req),
                       min_tokens: 34 (req)
21:37:31.370 INFO:     #417 chat/completions (stream): 34 tokens generated at
                       222.9 T/s · prompt 64 tokens, none cached, 64 new in 0.07
                       s · first token 0.08 s, total 0.23 s · draft 22/36
                       accepted (61%) · max_tokens reached
21:37:31.404 INFO:     #418 chat/completions (stream): 746 prompt tokens ·
                       temperature: 0, greedy (req), max_tokens: 9 (req),
                       min_tokens: 9 (req)
21:37:31.750 INFO:     #418 chat/completions (stream): 9 tokens generated at
                       242.7 T/s · prompt 746 tokens, none cached, 746 new in
                       0.26 s (2,869 T/s) · first token 0.27 s, total 0.30 s ·
                       draft 6/9 accepted (67%) · max_tokens reached
21:37:31.782 INFO:     #419 chat/completions (stream): 123 prompt tokens ·
                       temperature: 0, greedy (req), max_tokens: 129 (req),
                       min_tokens: 129 (req)
21:37:32.545 INFO:     #419 chat/completions (stream): 129 tokens generated at
                       208.8 T/s · prompt 123 tokens, none cached, 123 new in
                       0.10 s · first token 0.11 s, total 0.72 s · draft 80/147
                       accepted (54%) · max_tokens reached
21:37:32.576 INFO:     #421 chat/completions (stream): 159 prompt tokens ·
                       temperature: 0, greedy (req), max_tokens: 67 (req),
                       min_tokens: 67 (req)
21:37:33.017 INFO:     #421 chat/completions (stream): 67 tokens generated at
                       223.5 T/s · prompt 159 tokens, none cached, 159 new in
                       0.10 s · first token 0.11 s, total 0.41 s · draft 43/72
                       accepted (60%) · max_tokens reached
21:37:33.049 INFO:     #422 chat/completions (stream): 207 prompt tokens ·
                       temperature: 0, greedy (req), max_tokens: 123 (req),
                       min_tokens: 123 (req)
21:37:33.589 INFO:     #415 chat/completions (stream): 792 tokens generated at
                       171.5 T/s · prompt 447 tokens, none cached, 447 new in
                       0.24 s (1,862 T/s) · first token 0.24 s, total 4.86 s ·
                       draft 490/906 accepted (54%) · max_tokens reached
21:37:33.621 INFO:     #423 chat/completions (stream): 516 prompt tokens ·
                       temperature: 0, greedy (req), max_tokens: 39 (req),
                       min_tokens: 39 (req)
21:37:33.984 INFO:     #423 chat/completions (stream): 39 tokens generated at
                       226.0 T/s · prompt 516 tokens, none cached, 516 new in
                       0.17 s (3,035 T/s) · first token 0.18 s, total 0.35 s ·
                       draft 25/42 accepted (60%) · max_tokens reached
21:37:33.985 INFO:     #422 chat/completions (stream): 123 tokens generated at
                       150.6 T/s · prompt 207 tokens, none cached, 207 new in
                       0.11 s · first token 0.12 s, total 0.93 s · draft 69/162
                       accepted (43%) · max_tokens reached
21:37:33.990 INFO:     #424 chat/completions (stream): 726 prompt tokens ·
                       temperature: 0, greedy (req), max_tokens: 98 (req),
                       min_tokens: 98 (req)
21:37:33.992 INFO:     #425 chat/completions (stream): 536 prompt tokens ·
                       temperature: 0, greedy (req), max_tokens: 8 (req),
                       min_tokens: 8 (req)
21:37:34.597 INFO:     #425 chat/completions (stream): 8 tokens generated at
                       230.3 T/s · prompt 536 tokens, none cached, 536 new in
                       0.36 s (1,489 T/s) · queued 0.16 s, first token 0.52 s,
                       total 0.55 s · draft 5/9 accepted (56%) · max_tokens
                       reached
21:37:34.628 INFO:     #426 chat/completions (stream): 102 prompt tokens ·
                       temperature: 0, greedy (req), max_tokens: 222 (req),
                       min_tokens: 222 (req)
21:37:35.108 INFO:     #424 chat/completions (stream): 98 tokens generated at
                       176.5 T/s · prompt 726 tokens, none cached, 726 new in
                       0.51 s (1,424 T/s) · first token 0.52 s, total 1.08 s ·
                       draft 61/111 accepted (55%) · max_tokens reached
21:37:35.140 INFO:     #427 chat/completions (stream): 67 prompt tokens ·
                       temperature: 0, greedy (req), max_tokens: 425 (req),
                       min_tokens: 425 (req)
21:37:35.804 INFO:     #426 chat/completions (stream): 222 tokens generated at
                       214.3 T/s · prompt 102 tokens, none cached, 102 new in
                       0.09 s · first token 0.10 s, total 1.13 s · draft 145/231
                       accepted (63%) · max_tokens reached
21:37:35.837 INFO:     #428 chat/completions (stream): 677 prompt tokens ·
                       temperature: 0, greedy (req), max_tokens: 420 (req),
                       min_tokens: 420 (req)
21:37:38.003 INFO:     #427 chat/completions (stream): 425 tokens generated at
                       155.0 T/s · prompt 67 tokens, none cached, 67 new in 0.07
                       s · first token 0.08 s, total 2.82 s · draft 227/594
                       accepted (38%) · max_tokens reached
21:37:38.059 INFO:     #428 chat/completions (stream): 420 tokens generated at
                       214.0 T/s · prompt 677 tokens, none cached, 677 new in
                       0.25 s (2,708 T/s) · first token 0.26 s, total 2.22 s ·
                       draft 264/468 accepted (56%) · max_tokens reached
