2026/09/25 21:35:38.579, 0, 16.28, 0, 210, 405, 31970
2026/09/25 21:35:38.589, 1, 8.02, 0, 180, 405, 31460
2026/09/25 21:35:38.848, 0, 16.28, 0, 210, 405, 31970
2026/09/25 21:35:38.848, 1, 8.02, 0, 180, 405, 31460
2026/09/25 21:35:39.098, 0, 16.28, 0, 210, 405, 31970
2026/09/25 21:35:39.098, 1, 8.02, 0, 180, 405, 31460
2026/09/25 21:35:39.348, 0, 16.28, 42, 210, 405, 31970
2026/09/25 21:35:39.348, 1, 8.02, 49, 180, 405, 31460
2026/09/25 21:35:39.598, 0, 16.28, 42, 210, 405, 31970
2026/09/25 21:35:39.598, 1, 8.02, 49, 180, 405, 31460
2026/09/25 21:35:39.848, 0, 191.89, 41, 2880, 16051, 31970
2026/09/25 21:35:39.848, 1, 220.65, 46, 2857, 16051, 31460
2026/09/25 21:35:40.098, 0, 191.89, 41, 2880, 16051, 31970
2026/09/25 21:35:40.098, 1, 220.65, 46, 2857, 16051, 31460
2026/09/25 21:35:40.348, 0, 191.89, 43, 2880, 16051, 31970
2026/09/25 21:35:40.349, 1, 220.65, 48, 2857, 16051, 31460
2026/09/25 21:35:40.599, 0, 191.89, 43, 2880, 16051, 31970
2026/09/25 21:35:40.599, 1, 220.65, 48, 2857, 16051, 31460
2026/09/25 21:35:40.849, 0, 238.66, 41, 2880, 16051, 31970
2026/09/25 21:35:40.849, 1, 235.70, 47, 2850, 16051, 31460
2026/09/25 21:35:41.099, 0, 238.66, 41, 2880, 16051, 31970
2026/09/25 21:35:41.099, 1, 235.70, 47, 2850, 16051, 31460
2026/09/25 21:35:41.349, 0, 238.66, 45, 2880, 16051, 31970
2026/09/25 21:35:41.349, 1, 235.70, 50, 2850, 16051, 31460
2026/09/25 21:35:41.599, 0, 238.66, 45, 2880, 16051, 31970
2026/09/25 21:35:41.599, 1, 235.70, 50, 2850, 16051, 31460
2026/09/25 21:35:41.849, 0, 239.30, 41, 2880, 16051, 31970
2026/09/25 21:35:41.849, 1, 235.73, 47, 2850, 16051, 31460
2026/09/25 21:35:42.099, 0, 239.30, 41, 2880, 16051, 31970
2026/09/25 21:35:42.100, 1, 235.73, 47, 2850, 16051, 31460
2026/09/25 21:35:42.350, 0, 239.30, 43, 2880, 16051, 31970
2026/09/25 21:35:42.350, 1, 235.73, 49, 2850, 16051, 31460
2026/09/25 21:35:42.600, 0, 239.30, 43, 2880, 16051, 31970
2026/09/25 21:35:42.600, 1, 235.73, 49, 2850, 16051, 31460
2026/09/25 21:35:42.850, 0, 237.81, 42, 2880, 16051, 31970
2026/09/25 21:35:42.850, 1, 235.41, 49, 2850, 16051, 31460
2026/09/25 21:35:43.100, 0, 237.81, 42, 2880, 16051, 31970
2026/09/25 21:35:43.100, 1, 235.41, 49, 2850, 16051, 31460
2026/09/25 21:35:43.350, 0, 237.81, 40, 2880, 16051, 31970
2026/09/25 21:35:43.350, 1, 235.41, 41, 2850, 16051, 31460
2026/09/25 21:35:43.600, 0, 237.81, 40, 2880, 16051, 31970
2026/09/25 21:35:43.600, 1, 235.41, 41, 2850, 16051, 31460
2026/09/25 21:35:43.850, 0, 234.27, 42, 2880, 16051, 31970
2026/09/25 21:35:43.851, 1, 229.37, 48, 2842, 16051, 31460
2026/09/25 21:35:44.101, 0, 234.27, 42, 2880, 16051, 31970
2026/09/25 21:35:44.101, 1, 229.37, 48, 2842, 16051, 31460
2026/09/25 21:35:44.351, 0, 234.27, 44, 2880, 16051, 31970
2026/09/25 21:35:44.351, 1, 229.37, 50, 2842, 16051, 31460
2026/09/25 21:35:44.601, 0, 234.27, 44, 2880, 16051, 31970
2026/09/25 21:35:44.601, 1, 229.37, 50, 2842, 16051, 31460
2026/09/25 21:35:44.851, 0, 239.39, 41, 2880, 16051, 31970
2026/09/25 21:35:44.851, 1, 237.98, 47, 2842, 16051, 31460
2026/09/25 21:35:45.101, 0, 239.39, 41, 2880, 16051, 31970
2026/09/25 21:35:45.101, 1, 237.98, 47, 2842, 16051, 31460
2026/09/25 21:35:45.351, 0, 239.39, 43, 2880, 16051, 31970
2026/09/25 21:35:45.351, 1, 237.98, 49, 2842, 16051, 31460
2026/09/25 21:35:45.601, 0, 239.39, 43, 2880, 16051, 31970
2026/09/25 21:35:45.602, 1, 237.98, 49, 2842, 16051, 31460
2026/09/25 21:35:45.852, 0, 238.83, 43, 2880, 16051, 31970
2026/09/25 21:35:45.852, 1, 236.42, 48, 2842, 16051, 31460
2026/09/25 21:35:46.102, 0, 238.83, 43, 2880, 16051, 31970
2026/09/25 21:35:46.102, 1, 236.42, 48, 2842, 16051, 31460
2026/09/25 21:35:46.352, 0, 238.83, 41, 2880, 16051, 31970
2026/09/25 21:35:46.352, 1, 236.42, 48, 2842, 16051, 31460
2026/09/25 21:35:46.602, 0, 238.83, 41, 2880, 16051, 31970
2026/09/25 21:35:46.602, 1, 236.42, 48, 2842, 16051, 31460
2026/09/25 21:35:46.852, 0, 239.37, 41, 2880, 16051, 31970
2026/09/25 21:35:46.852, 1, 237.50, 47, 2842, 16051, 31460
2026/09/25 21:35:47.102, 0, 239.37, 41, 2880, 16051, 31970
2026/09/25 21:35:47.102, 1, 237.50, 47, 2842, 16051, 31460
2026/09/25 21:35:47.352, 0, 239.37, 43, 2880, 16051, 31970
2026/09/25 21:35:47.352, 1, 237.50, 48, 2842, 16051, 31460
2026/09/25 21:35:47.603, 0, 239.37, 43, 2880, 16051, 31970
2026/09/25 21:35:47.603, 1, 237.50, 48, 2842, 16051, 31460
2026/09/25 21:35:47.853, 0, 235.51, 48, 2887, 16051, 31970
2026/09/25 21:35:47.853, 1, 229.76, 54, 2857, 16051, 31460
2026/09/25 21:35:48.103, 0, 235.51, 48, 2887, 16051, 31970
2026/09/25 21:35:48.103, 1, 229.76, 54, 2857, 16051, 31460
2026/09/25 21:35:48.353, 0, 235.51, 42, 2887, 16051, 31970
2026/09/25 21:35:48.353, 1, 229.76, 48, 2857, 16051, 31460
2026/09/25 21:35:48.603, 0, 235.51, 42, 2887, 16051, 31970
2026/09/25 21:35:48.603, 1, 229.76, 48, 2857, 16051, 31460
2026/09/25 21:35:48.853, 0, 236.27, 44, 2880, 16051, 31970
2026/09/25 21:35:48.854, 1, 237.90, 50, 2842, 16051, 31460
2026/09/25 21:35:49.104, 0, 236.27, 44, 2880, 16051, 31970
2026/09/25 21:35:49.104, 1, 237.90, 50, 2842, 16051, 31460
2026/09/25 21:35:49.354, 0, 236.27, 44, 2880, 16051, 31970
2026/09/25 21:35:49.354, 1, 237.90, 49, 2842, 16051, 31460
2026/09/25 21:35:49.604, 0, 236.27, 44, 2880, 16051, 31970
2026/09/25 21:35:49.604, 1, 237.90, 49, 2842, 16051, 31460
2026/09/25 21:35:49.854, 0, 237.85, 44, 2880, 16051, 31970
2026/09/25 21:35:49.854, 1, 237.93, 50, 2842, 16051, 31460
2026/09/25 21:35:50.104, 0, 237.85, 44, 2880, 16051, 31970
2026/09/25 21:35:50.104, 1, 237.93, 50, 2842, 16051, 31460
2026/09/25 21:35:50.355, 0, 237.85, 40, 2880, 16051, 31970
2026/09/25 21:35:50.355, 1, 237.93, 47, 2842, 16051, 31460
2026/09/25 21:35:50.605, 0, 237.85, 40, 2880, 16051, 31970
2026/09/25 21:35:50.605, 1, 237.93, 47, 2842, 16051, 31460
2026/09/25 21:35:50.855, 0, 239.41, 44, 2880, 16051, 31970
2026/09/25 21:35:50.855, 1, 237.44, 49, 2842, 16051, 31460
2026/09/25 21:35:51.105, 0, 239.41, 44, 2880, 16051, 31970
2026/09/25 21:35:51.105, 1, 237.44, 49, 2842, 16051, 31460
2026/09/25 21:35:51.355, 0, 239.41, 44, 2880, 16051, 31970
2026/09/25 21:35:51.355, 1, 237.44, 50, 2842, 16051, 31460
2026/09/25 21:35:51.605, 0, 239.41, 44, 2880, 16051, 31970
2026/09/25 21:35:51.606, 1, 237.44, 50, 2842, 16051, 31460
2026/09/25 21:35:51.856, 0, 239.26, 41, 2880, 16051, 31970
2026/09/25 21:35:51.856, 1, 238.20, 49, 2842, 16051, 31460
2026/09/25 21:35:52.106, 0, 239.26, 41, 2880, 16051, 31970
2026/09/25 21:35:52.106, 1, 238.20, 49, 2842, 16051, 31460
2026/09/25 21:35:52.356, 0, 239.26, 43, 2880, 16051, 31970
2026/09/25 21:35:52.356, 1, 238.20, 49, 2842, 16051, 31460
2026/09/25 21:35:52.606, 0, 239.26, 43, 2880, 16051, 31970
2026/09/25 21:35:52.606, 1, 238.20, 49, 2842, 16051, 31460
2026/09/25 21:35:52.857, 0, 232.25, 44, 2880, 16051, 31970
2026/09/25 21:35:52.857, 1, 229.85, 50, 2842, 16051, 31460
2026/09/25 21:35:53.107, 0, 232.25, 44, 2880, 16051, 31970
2026/09/25 21:35:53.107, 1, 229.85, 50, 2842, 16051, 31460
2026/09/25 21:35:53.357, 0, 232.25, 40, 2880, 16051, 31970
2026/09/25 21:35:53.357, 1, 229.85, 46, 2842, 16051, 31460
2026/09/25 21:35:53.607, 0, 232.25, 40, 2880, 16051, 31970
2026/09/25 21:35:53.607, 1, 229.85, 46, 2842, 16051, 31460
2026/09/25 21:35:53.857, 0, 237.72, 42, 2880, 16051, 31970
2026/09/25 21:35:53.858, 1, 238.03, 48, 2842, 16051, 31460
2026/09/25 21:35:54.108, 0, 237.72, 42, 2880, 16051, 31970
2026/09/25 21:35:54.108, 1, 238.03, 48, 2842, 16051, 31460
2026/09/25 21:35:54.358, 0, 237.72, 44, 2880, 16051, 31970
2026/09/25 21:35:54.358, 1, 238.03, 50, 2842, 16051, 31460
2026/09/25 21:35:54.608, 0, 237.72, 44, 2880, 16051, 31970
2026/09/25 21:35:54.608, 1, 238.03, 50, 2842, 16051, 31460
2026/09/25 21:35:54.858, 0, 238.97, 42, 2880, 16051, 31970
2026/09/25 21:35:54.858, 1, 238.43, 49, 2842, 16051, 31460
2026/09/25 21:35:55.108, 0, 238.97, 42, 2880, 16051, 31970
2026/09/25 21:35:55.109, 1, 238.43, 49, 2842, 16051, 31460
2026/09/25 21:35:55.359, 0, 238.97, 43, 2880, 16051, 31970
2026/09/25 21:35:55.359, 1, 238.43, 48, 2842, 16051, 31460
2026/09/25 21:35:55.609, 0, 238.97, 43, 2880, 16051, 31970
2026/09/25 21:35:55.609, 1, 238.43, 48, 2842, 16051, 31460
2026/09/25 21:35:55.859, 0, 238.27, 43, 2880, 16051, 31970
2026/09/25 21:35:55.859, 1, 237.51, 49, 2850, 16051, 31460
2026/09/25 21:35:56.109, 0, 238.27, 43, 2880, 16051, 31970
2026/09/25 21:35:56.109, 1, 237.51, 49, 2850, 16051, 31460
2026/09/25 21:35:56.359, 0, 238.27, 40, 2880, 16051, 31970
2026/09/25 21:35:56.360, 1, 237.51, 47, 2850, 16051, 31460
2026/09/25 21:35:56.610, 0, 238.27, 40, 2880, 16051, 31970
2026/09/25 21:35:56.610, 1, 237.51, 47, 2850, 16051, 31460
2026/09/25 21:35:56.860, 0, 228.49, 50, 2895, 16051, 31970
2026/09/25 21:35:56.860, 1, 217.89, 43, 2857, 16051, 31460
2026/09/25 21:35:57.110, 0, 228.49, 50, 2895, 16051, 31970
2026/09/25 21:35:57.110, 1, 217.89, 43, 2857, 16051, 31460
2026/09/25 21:35:57.360, 0, 228.49, 40, 2895, 16051, 31970
2026/09/25 21:35:57.360, 1, 217.89, 49, 2857, 16051, 31460
2026/09/25 21:35:57.611, 0, 228.49, 40, 2895, 16051, 31970
2026/09/25 21:35:57.611, 1, 217.89, 49, 2857, 16051, 31460
2026/09/25 21:35:57.861, 0, 251.80, 44, 2872, 16051, 31970
2026/09/25 21:35:57.861, 1, 244.73, 47, 2835, 16051, 31460
2026/09/25 21:35:58.111, 0, 251.80, 44, 2872, 16051, 31970
2026/09/25 21:35:58.111, 1, 244.73, 47, 2835, 16051, 31460
2026/09/25 21:35:58.361, 0, 251.80, 41, 2872, 16051, 31970
2026/09/25 21:35:58.361, 1, 244.73, 49, 2835, 16051, 31460
2026/09/25 21:35:58.611, 0, 251.80, 41, 2872, 16051, 31970
2026/09/25 21:35:58.611, 1, 244.73, 49, 2835, 16051, 31460
2026/09/25 21:35:58.862, 0, 261.38, 40, 2872, 16051, 31970
2026/09/25 21:35:58.862, 1, 252.29, 50, 2835, 16051, 31460
2026/09/25 21:35:59.112, 0, 261.38, 40, 2872, 16051, 31970
2026/09/25 21:35:59.112, 1, 252.29, 50, 2835, 16051, 31460
2026/09/25 21:35:59.362, 0, 261.38, 41, 2872, 16051, 31970
2026/09/25 21:35:59.362, 1, 252.29, 49, 2835, 16051, 31460
2026/09/25 21:35:59.612, 0, 261.38, 41, 2872, 16051, 31970
2026/09/25 21:35:59.612, 1, 252.29, 49, 2835, 16051, 31460
2026/09/25 21:35:59.862, 0, 263.53, 43, 2872, 16051, 31970
2026/09/25 21:35:59.862, 1, 252.67, 48, 2835, 16051, 31460
2026/09/25 21:36:00.112, 0, 263.53, 43, 2872, 16051, 31970
2026/09/25 21:36:00.113, 1, 252.67, 48, 2835, 16051, 31460
2026/09/25 21:36:00.363, 0, 263.53, 44, 2872, 16051, 31970
2026/09/25 21:36:00.363, 1, 252.67, 46, 2835, 16051, 31460
2026/09/25 21:36:00.613, 0, 263.53, 44, 2872, 16051, 31970
2026/09/25 21:36:00.613, 1, 252.67, 46, 2835, 16051, 31460
2026/09/25 21:36:00.863, 0, 264.05, 43, 2872, 16051, 31970
2026/09/25 21:36:00.863, 1, 254.19, 47, 2835, 16051, 31460
2026/09/25 21:36:01.113, 0, 264.05, 43, 2872, 16051, 31970
2026/09/25 21:36:01.113, 1, 254.19, 47, 2835, 16051, 31460
2026/09/25 21:36:01.364, 0, 264.05, 46, 2872, 16051, 31970
2026/09/25 21:36:01.364, 1, 254.19, 47, 2835, 16051, 31460
2026/09/25 21:36:01.614, 0, 264.05, 46, 2872, 16051, 31970
2026/09/25 21:36:01.614, 1, 254.19, 47, 2835, 16051, 31460
2026/09/25 21:36:01.864, 0, 262.50, 43, 2880, 16051, 31970
2026/09/25 21:36:01.864, 1, 254.74, 46, 2842, 16051, 31460
2026/09/25 21:36:02.114, 0, 262.50, 43, 2880, 16051, 31970
2026/09/25 21:36:02.114, 1, 254.74, 46, 2842, 16051, 31460
2026/09/25 21:36:02.364, 0, 262.50, 30, 2880, 16051, 31970
2026/09/25 21:36:02.365, 1, 254.74, 45, 2842, 16051, 31460
2026/09/25 21:36:02.615, 0, 262.50, 30, 2880, 16051, 31970
2026/09/25 21:36:02.615, 1, 254.74, 45, 2842, 16051, 31460
2026/09/25 21:36:02.865, 0, 245.86, 40, 2872, 16051, 31970
2026/09/25 21:36:02.865, 1, 236.81, 49, 2835, 16051, 31460
2026/09/25 21:36:03.115, 0, 245.86, 40, 2872, 16051, 31970
2026/09/25 21:36:03.115, 1, 236.81, 49, 2835, 16051, 31460
2026/09/25 21:36:03.365, 0, 245.86, 41, 2872, 16051, 31970
2026/09/25 21:36:03.366, 1, 236.81, 49, 2835, 16051, 31460
2026/09/25 21:36:03.616, 0, 245.86, 41, 2872, 16051, 31970
2026/09/25 21:36:03.616, 1, 236.81, 49, 2835, 16051, 31460
2026/09/25 21:36:03.866, 0, 260.18, 46, 2872, 16051, 31970
2026/09/25 21:36:03.866, 1, 254.97, 45, 2835, 16051, 31460
2026/09/25 21:36:04.116, 0, 260.18, 46, 2872, 16051, 31970
2026/09/25 21:36:04.116, 1, 254.97, 45, 2835, 16051, 31460
2026/09/25 21:36:04.366, 0, 260.18, 44, 2872, 16051, 31970
2026/09/25 21:36:04.366, 1, 254.97, 46, 2835, 16051, 31460
2026/09/25 21:36:04.616, 0, 260.18, 44, 2872, 16051, 31970
2026/09/25 21:36:04.617, 1, 254.97, 46, 2835, 16051, 31460
2026/09/25 21:36:04.867, 0, 262.31, 45, 2872, 16051, 31970
2026/09/25 21:36:04.867, 1, 254.05, 47, 2835, 16051, 31460
2026/09/25 21:36:05.117, 0, 262.31, 45, 2872, 16051, 31970
2026/09/25 21:36:05.117, 1, 254.05, 47, 2835, 16051, 31460
2026/09/25 21:36:05.367, 0, 262.31, 43, 2872, 16051, 31970
2026/09/25 21:36:05.367, 1, 254.05, 45, 2835, 16051, 31460
2026/09/25 21:36:05.617, 0, 262.31, 43, 2872, 16051, 31970
2026/09/25 21:36:05.618, 1, 254.05, 45, 2835, 16051, 31460
2026/09/25 21:36:05.868, 0, 265.20, 41, 2872, 16051, 31970
2026/09/25 21:36:05.868, 1, 256.21, 47, 2835, 16051, 31460
2026/09/25 21:36:06.118, 0, 265.20, 41, 2872, 16051, 31970
2026/09/25 21:36:06.118, 1, 256.21, 47, 2835, 16051, 31460
2026/09/25 21:36:06.368, 0, 265.20, 42, 2872, 16051, 31970
2026/09/25 21:36:06.368, 1, 256.21, 46, 2835, 16051, 31460
2026/09/25 21:36:06.618, 0, 265.20, 42, 2872, 16051, 31970
2026/09/25 21:36:06.618, 1, 256.21, 46, 2835, 16051, 31460
2026/09/25 21:36:06.869, 0, 262.42, 41, 2872, 16051, 31970
2026/09/25 21:36:06.869, 1, 255.81, 48, 2835, 16051, 31460
2026/09/25 21:36:07.119, 0, 262.42, 41, 2872, 16051, 31970
2026/09/25 21:36:07.119, 1, 255.81, 48, 2835, 16051, 31460
2026/09/25 21:36:07.369, 0, 262.42, 42, 2872, 16051, 31970
2026/09/25 21:36:07.369, 1, 255.81, 47, 2835, 16051, 31460
2026/09/25 21:36:07.619, 0, 262.42, 42, 2872, 16051, 31970
2026/09/25 21:36:07.619, 1, 255.81, 47, 2835, 16051, 31460
2026/09/25 21:36:07.869, 0, 242.85, 43, 2880, 16051, 31970
2026/09/25 21:36:07.870, 1, 237.60, 46, 2835, 16051, 31460
2026/09/25 21:36:08.120, 0, 242.85, 43, 2880, 16051, 31970
2026/09/25 21:36:08.120, 1, 237.60, 46, 2835, 16051, 31460
2026/09/25 21:36:08.370, 0, 242.85, 41, 2880, 16051, 31970
2026/09/25 21:36:08.370, 1, 237.60, 50, 2835, 16051, 31460
2026/09/25 21:36:08.620, 0, 242.85, 41, 2880, 16051, 31970
2026/09/25 21:36:08.620, 1, 237.60, 50, 2835, 16051, 31460
2026/09/25 21:36:08.870, 0, 260.79, 43, 2872, 16051, 31970
2026/09/25 21:36:08.870, 1, 256.37, 47, 2835, 16051, 31460
2026/09/25 21:36:09.120, 0, 260.79, 43, 2872, 16051, 31970
2026/09/25 21:36:09.120, 1, 256.37, 47, 2835, 16051, 31460
2026/09/25 21:36:09.371, 0, 260.79, 41, 2872, 16051, 31970
2026/09/25 21:36:09.371, 1, 256.37, 48, 2835, 16051, 31460
2026/09/25 21:36:09.621, 0, 260.79, 41, 2872, 16051, 31970
2026/09/25 21:36:09.621, 1, 256.37, 48, 2835, 16051, 31460
2026/09/25 21:36:09.871, 0, 260.99, 43, 2872, 16051, 31970
2026/09/25 21:36:09.871, 1, 253.79, 46, 2835, 16051, 31460
2026/09/25 21:36:10.121, 0, 260.99, 43, 2872, 16051, 31970
2026/09/25 21:36:10.121, 1, 253.79, 46, 2835, 16051, 31460
2026/09/25 21:36:10.371, 0, 260.99, 40, 2872, 16051, 31970
2026/09/25 21:36:10.372, 1, 253.79, 50, 2835, 16051, 31460
2026/09/25 21:36:10.622, 0, 260.99, 40, 2872, 16051, 31970
2026/09/25 21:36:10.622, 1, 253.79, 50, 2835, 16051, 31460
2026/09/25 21:36:10.872, 0, 264.71, 41, 2872, 16051, 31970
2026/09/25 21:36:10.872, 1, 255.81, 49, 2835, 16051, 31460
2026/09/25 21:36:11.122, 0, 264.71, 41, 2872, 16051, 31970
2026/09/25 21:36:11.122, 1, 255.81, 49, 2835, 16051, 31460
2026/09/25 21:36:11.372, 0, 264.71, 45, 2872, 16051, 31970
2026/09/25 21:36:11.373, 1, 255.81, 45, 2835, 16051, 31460
2026/09/25 21:36:11.623, 0, 264.71, 45, 2872, 16051, 31970
2026/09/25 21:36:11.623, 1, 255.81, 45, 2835, 16051, 31460
2026/09/25 21:36:11.873, 0, 264.00, 41, 2872, 16051, 31970
2026/09/25 21:36:11.873, 1, 255.65, 48, 2835, 16051, 31460
2026/09/25 21:36:12.123, 0, 264.00, 41, 2872, 16051, 31970
2026/09/25 21:36:12.123, 1, 255.65, 48, 2835, 16051, 31460
2026/09/25 21:36:12.373, 0, 264.00, 42, 2872, 16051, 31970
2026/09/25 21:36:12.373, 1, 255.65, 49, 2835, 16051, 31460
2026/09/25 21:36:12.623, 0, 264.00, 42, 2872, 16051, 31970
2026/09/25 21:36:12.624, 1, 255.65, 49, 2835, 16051, 31460
2026/09/25 21:36:12.874, 0, 253.33, 48, 2887, 16051, 31970
2026/09/25 21:36:12.874, 1, 243.01, 43, 2857, 16051, 31460
2026/09/25 21:36:13.124, 0, 253.33, 48, 2887, 16051, 31970
2026/09/25 21:36:13.124, 1, 243.01, 43, 2857, 16051, 31460
2026/09/25 21:36:13.374, 0, 253.33, 44, 2887, 16051, 31970
2026/09/25 21:36:13.374, 1, 243.01, 46, 2857, 16051, 31460
2026/09/25 21:36:13.624, 0, 253.33, 44, 2887, 16051, 31970
2026/09/25 21:36:13.624, 1, 243.01, 46, 2857, 16051, 31460
2026/09/25 21:36:13.875, 0, 250.90, 44, 2872, 16051, 31970
2026/09/25 21:36:13.875, 1, 247.21, 46, 2835, 16051, 31460
2026/09/25 21:36:14.125, 0, 250.90, 44, 2872, 16051, 31970
2026/09/25 21:36:14.125, 1, 247.21, 46, 2835, 16051, 31460
2026/09/25 21:36:14.375, 0, 250.90, 45, 2872, 16051, 31970
2026/09/25 21:36:14.375, 1, 247.21, 45, 2835, 16051, 31460
2026/09/25 21:36:14.625, 0, 250.90, 45, 2872, 16051, 31970
2026/09/25 21:36:14.625, 1, 247.21, 45, 2835, 16051, 31460
2026/09/25 21:36:14.875, 0, 260.42, 44, 2872, 16051, 31970
2026/09/25 21:36:14.875, 1, 255.84, 46, 2835, 16051, 31460
2026/09/25 21:36:15.125, 0, 260.42, 44, 2872, 16051, 31970
2026/09/25 21:36:15.126, 1, 255.84, 46, 2835, 16051, 31460
2026/09/25 21:36:15.376, 0, 260.42, 44, 2872, 16051, 31970
2026/09/25 21:36:15.376, 1, 255.84, 48, 2835, 16051, 31460
2026/09/25 21:36:15.626, 0, 260.42, 44, 2872, 16051, 31970
2026/09/25 21:36:15.626, 1, 255.84, 48, 2835, 16051, 31460
2026/09/25 21:36:15.876, 0, 262.53, 45, 2872, 16051, 31970
2026/09/25 21:36:15.876, 1, 255.74, 48, 2835, 16051, 31460
2026/09/25 21:36:16.126, 0, 262.53, 45, 2872, 16051, 31970
2026/09/25 21:36:16.126, 1, 255.74, 48, 2835, 16051, 31460
2026/09/25 21:36:16.376, 0, 262.53, 44, 2872, 16051, 31970
2026/09/25 21:36:16.377, 1, 255.74, 46, 2835, 16051, 31460
2026/09/25 21:36:16.627, 0, 262.53, 44, 2872, 16051, 31970
2026/09/25 21:36:16.627, 1, 255.74, 46, 2835, 16051, 31460
2026/09/25 21:36:16.877, 0, 264.65, 41, 2872, 16051, 31970
2026/09/25 21:36:16.877, 1, 257.43, 48, 2835, 16051, 31460
2026/09/25 21:36:17.127, 0, 264.65, 41, 2872, 16051, 31970
2026/09/25 21:36:17.127, 1, 257.43, 48, 2835, 16051, 31460
2026/09/25 21:36:17.377, 0, 264.65, 45, 2872, 16051, 31970
2026/09/25 21:36:17.377, 1, 257.43, 48, 2835, 16051, 31460
2026/09/25 21:36:17.627, 0, 264.65, 45, 2872, 16051, 31970
2026/09/25 21:36:17.628, 1, 257.43, 48, 2835, 16051, 31460
2026/09/25 21:36:17.878, 0, 261.35, 42, 2872, 16051, 31970
2026/09/25 21:36:17.878, 1, 258.11, 47, 2842, 16051, 31460
2026/09/25 21:36:18.128, 0, 261.35, 42, 2872, 16051, 31970
2026/09/25 21:36:18.128, 1, 258.11, 47, 2842, 16051, 31460
2026/09/25 21:36:18.378, 0, 261.35, 43, 2872, 16051, 31970
2026/09/25 21:36:18.378, 1, 258.11, 49, 2842, 16051, 31460
2026/09/25 21:36:18.628, 0, 261.35, 43, 2872, 16051, 31970
2026/09/25 21:36:18.628, 1, 258.11, 49, 2842, 16051, 31460
2026/09/25 21:36:18.879, 0, 229.07, 39, 2887, 16051, 31970
2026/09/25 21:36:18.879, 1, 214.14, 47, 2842, 16051, 31460
2026/09/25 21:36:19.129, 0, 229.07, 39, 2887, 16051, 31970
2026/09/25 21:36:19.129, 1, 214.14, 47, 2842, 16051, 31460
2026/09/25 21:36:19.379, 0, 229.07, 44, 2887, 16051, 31970
2026/09/25 21:36:19.379, 1, 214.14, 49, 2842, 16051, 31460
2026/09/25 21:36:19.629, 0, 229.07, 44, 2887, 16051, 31970
2026/09/25 21:36:19.629, 1, 214.14, 49, 2842, 16051, 31460
2026/09/25 21:36:19.879, 0, 271.14, 43, 2872, 16051, 31970
2026/09/25 21:36:19.880, 1, 260.35, 48, 2835, 16051, 31460
2026/09/25 21:36:20.130, 0, 271.14, 43, 2872, 16051, 31970
2026/09/25 21:36:20.130, 1, 260.35, 48, 2835, 16051, 31460
2026/09/25 21:36:20.380, 0, 271.14, 44, 2872, 16051, 31970
2026/09/25 21:36:20.380, 1, 260.35, 47, 2835, 16051, 31460
2026/09/25 21:36:20.630, 0, 271.14, 44, 2872, 16051, 31970
2026/09/25 21:36:20.630, 1, 260.35, 47, 2835, 16051, 31460
2026/09/25 21:36:20.880, 0, 274.43, 43, 2872, 16051, 31970
2026/09/25 21:36:20.880, 1, 263.71, 46, 2835, 16051, 31460
2026/09/25 21:36:21.131, 0, 274.43, 43, 2872, 16051, 31970
2026/09/25 21:36:21.131, 1, 263.71, 46, 2835, 16051, 31460
2026/09/25 21:36:21.381, 0, 274.43, 43, 2872, 16051, 31970
2026/09/25 21:36:21.381, 1, 263.71, 48, 2835, 16051, 31460
2026/09/25 21:36:21.631, 0, 274.43, 43, 2872, 16051, 31970
2026/09/25 21:36:21.631, 1, 263.71, 48, 2835, 16051, 31460
2026/09/25 21:36:21.881, 0, 275.45, 44, 2865, 16051, 31970
2026/09/25 21:36:21.881, 1, 264.22, 47, 2835, 16051, 31460
2026/09/25 21:36:22.131, 0, 275.45, 44, 2865, 16051, 31970
2026/09/25 21:36:22.132, 1, 264.22, 47, 2835, 16051, 31460
2026/09/25 21:36:22.382, 0, 275.45, 43, 2865, 16051, 31970
2026/09/25 21:36:22.382, 1, 264.22, 46, 2835, 16051, 31460
2026/09/25 21:36:22.632, 0, 275.45, 43, 2865, 16051, 31970
2026/09/25 21:36:22.632, 1, 264.22, 46, 2835, 16051, 31460
2026/09/25 21:36:22.882, 0, 278.25, 43, 2872, 16051, 31970
2026/09/25 21:36:22.882, 1, 265.64, 48, 2835, 16051, 31460
2026/09/25 21:36:23.132, 0, 278.25, 43, 2872, 16051, 31970
2026/09/25 21:36:23.132, 1, 265.64, 48, 2835, 16051, 31460
2026/09/25 21:36:23.383, 0, 278.25, 42, 2872, 16051, 31970
2026/09/25 21:36:23.383, 1, 265.64, 46, 2835, 16051, 31460
2026/09/25 21:36:23.633, 0, 278.25, 42, 2872, 16051, 31970
2026/09/25 21:36:23.633, 1, 265.64, 46, 2835, 16051, 31460
2026/09/25 21:36:23.883, 0, 275.85, 43, 2872, 16051, 31970
2026/09/25 21:36:23.883, 1, 262.87, 47, 2835, 16051, 31460
2026/09/25 21:36:24.133, 0, 275.85, 43, 2872, 16051, 31970
2026/09/25 21:36:24.133, 1, 262.87, 47, 2835, 16051, 31460
2026/09/25 21:36:24.383, 0, 275.85, 43, 2872, 16051, 31970
2026/09/25 21:36:24.384, 1, 262.87, 47, 2835, 16051, 31460
2026/09/25 21:36:24.634, 0, 275.85, 43, 2872, 16051, 31970
2026/09/25 21:36:24.634, 1, 262.87, 47, 2835, 16051, 31460
2026/09/25 21:36:24.884, 0, 280.53, 44, 2865, 16051, 31970
2026/09/25 21:36:24.884, 1, 268.35, 47, 2827, 16051, 31460
2026/09/25 21:36:25.134, 0, 280.53, 44, 2865, 16051, 31970
2026/09/25 21:36:25.134, 1, 268.35, 47, 2827, 16051, 31460
2026/09/25 21:36:25.384, 0, 280.53, 57, 2865, 16051, 31970
2026/09/25 21:36:25.384, 1, 268.35, 27, 2827, 16051, 31460
2026/09/25 21:36:25.634, 0, 280.53, 57, 2865, 16051, 31970
2026/09/25 21:36:25.635, 1, 268.35, 27, 2827, 16051, 31460
2026/09/25 21:36:25.885, 0, 250.33, 42, 2872, 16051, 31970
2026/09/25 21:36:25.885, 1, 238.03, 48, 2835, 16051, 31460
2026/09/25 21:36:26.135, 0, 250.33, 42, 2872, 16051, 31970
2026/09/25 21:36:26.135, 1, 238.03, 48, 2835, 16051, 31460
2026/09/25 21:36:26.385, 0, 250.33, 45, 2872, 16051, 31970
2026/09/25 21:36:26.385, 1, 238.03, 48, 2835, 16051, 31460
2026/09/25 21:36:26.635, 0, 250.33, 45, 2872, 16051, 31970
2026/09/25 21:36:26.635, 1, 238.03, 48, 2835, 16051, 31460
2026/09/25 21:36:26.885, 0, 271.08, 43, 2872, 16051, 31970
2026/09/25 21:36:26.886, 1, 263.21, 48, 2835, 16051, 31460
2026/09/25 21:36:27.136, 0, 271.08, 43, 2872, 16051, 31970
2026/09/25 21:36:27.136, 1, 263.21, 48, 2835, 16051, 31460
2026/09/25 21:36:27.386, 0, 271.08, 43, 2872, 16051, 31970
2026/09/25 21:36:27.386, 1, 263.21, 46, 2835, 16051, 31460
2026/09/25 21:36:27.636, 0, 271.08, 43, 2872, 16051, 31970
2026/09/25 21:36:27.636, 1, 263.21, 46, 2835, 16051, 31460
2026/09/25 21:36:27.886, 0, 276.04, 43, 2872, 16051, 31970
2026/09/25 21:36:27.886, 1, 265.67, 46, 2835, 16051, 31460
2026/09/25 21:36:28.136, 0, 276.04, 43, 2872, 16051, 31970
2026/09/25 21:36:28.137, 1, 265.67, 46, 2835, 16051, 31460
2026/09/25 21:36:28.387, 0, 276.04, 44, 2872, 16051, 31970
2026/09/25 21:36:28.387, 1, 265.67, 48, 2835, 16051, 31460
2026/09/25 21:36:28.637, 0, 276.04, 44, 2872, 16051, 31970
2026/09/25 21:36:28.637, 1, 265.67, 48, 2835, 16051, 31460
2026/09/25 21:36:28.887, 0, 277.06, 44, 2865, 16051, 31970
2026/09/25 21:36:28.887, 1, 266.51, 46, 2835, 16051, 31460
2026/09/25 21:36:29.137, 0, 277.06, 44, 2865, 16051, 31970
2026/09/25 21:36:29.137, 1, 266.51, 46, 2835, 16051, 31460
2026/09/25 21:36:29.388, 0, 277.06, 43, 2865, 16051, 31970
2026/09/25 21:36:29.388, 1, 266.51, 46, 2835, 16051, 31460
2026/09/25 21:36:29.638, 0, 277.06, 43, 2865, 16051, 31970
2026/09/25 21:36:29.638, 1, 266.51, 46, 2835, 16051, 31460
2026/09/25 21:36:29.888, 0, 277.92, 45, 2865, 16051, 31970
2026/09/25 21:36:29.888, 1, 266.95, 47, 2835, 16051, 31460
2026/09/25 21:36:30.138, 0, 277.92, 45, 2865, 16051, 31970
2026/09/25 21:36:30.138, 1, 266.95, 47, 2835, 16051, 31460
2026/09/25 21:36:30.388, 0, 277.92, 47, 2865, 16051, 31970
2026/09/25 21:36:30.389, 1, 266.95, 48, 2835, 16051, 31460
2026/09/25 21:36:30.639, 0, 277.92, 47, 2865, 16051, 31970
2026/09/25 21:36:30.639, 1, 266.95, 48, 2835, 16051, 31460
2026/09/25 21:36:30.889, 0, 278.65, 43, 2865, 16051, 31970
2026/09/25 21:36:30.889, 1, 266.74, 46, 2827, 16051, 31460
2026/09/25 21:36:31.139, 0, 278.65, 43, 2865, 16051, 31970
2026/09/25 21:36:31.139, 1, 266.74, 46, 2827, 16051, 31460
2026/09/25 21:36:31.389, 0, 278.65, 44, 2865, 16051, 31970
2026/09/25 21:36:31.389, 1, 266.74, 47, 2827, 16051, 31460
2026/09/25 21:36:31.639, 0, 278.65, 44, 2865, 16051, 31970
2026/09/25 21:36:31.640, 1, 266.74, 47, 2827, 16051, 31460
2026/09/25 21:36:31.890, 0, 278.95, 44, 2872, 16051, 31970
2026/09/25 21:36:31.890, 1, 269.45, 47, 2835, 16051, 31460
2026/09/25 21:36:32.140, 0, 278.95, 44, 2872, 16051, 31970
2026/09/25 21:36:32.140, 1, 269.45, 47, 2835, 16051, 31460
2026/09/25 21:36:32.390, 0, 278.95, 48, 2872, 16051, 31970
2026/09/25 21:36:32.390, 1, 269.45, 46, 2835, 16051, 31460
2026/09/25 21:36:32.640, 0, 278.95, 48, 2872, 16051, 31970
2026/09/25 21:36:32.640, 1, 269.45, 46, 2835, 16051, 31460
2026/09/25 21:36:32.891, 0, 246.30, 43, 2872, 16051, 31970
2026/09/25 21:36:32.891, 1, 239.76, 47, 2827, 16051, 31460
2026/09/25 21:36:33.141, 0, 246.30, 43, 2872, 16051, 31970
2026/09/25 21:36:33.141, 1, 239.76, 47, 2827, 16051, 31460
2026/09/25 21:36:33.391, 0, 246.30, 42, 2872, 16051, 31970
2026/09/25 21:36:33.391, 1, 239.76, 46, 2827, 16051, 31460
2026/09/25 21:36:33.641, 0, 246.30, 42, 2872, 16051, 31970
2026/09/25 21:36:33.641, 1, 239.76, 46, 2827, 16051, 31460
2026/09/25 21:36:33.891, 0, 272.52, 43, 2872, 16051, 31970
2026/09/25 21:36:33.891, 1, 264.24, 46, 2835, 16051, 31460
2026/09/25 21:36:34.142, 0, 272.52, 43, 2872, 16051, 31970
2026/09/25 21:36:34.142, 1, 264.24, 46, 2835, 16051, 31460
2026/09/25 21:36:34.392, 0, 272.52, 45, 2872, 16051, 31970
2026/09/25 21:36:34.392, 1, 264.24, 47, 2835, 16051, 31460
2026/09/25 21:36:34.642, 0, 272.52, 45, 2872, 16051, 31970
2026/09/25 21:36:34.642, 1, 264.24, 47, 2835, 16051, 31460
2026/09/25 21:36:34.892, 0, 276.10, 43, 2865, 16051, 31970
2026/09/25 21:36:34.892, 1, 265.61, 47, 2827, 16051, 31460
2026/09/25 21:36:35.142, 0, 276.10, 43, 2865, 16051, 31970
2026/09/25 21:36:35.142, 1, 265.61, 47, 2827, 16051, 31460
2026/09/25 21:36:35.393, 0, 276.10, 44, 2865, 16051, 31970
2026/09/25 21:36:35.393, 1, 265.61, 48, 2827, 16051, 31460
2026/09/25 21:36:35.643, 0, 276.10, 44, 2865, 16051, 31970
2026/09/25 21:36:35.643, 1, 265.61, 48, 2827, 16051, 31460
2026/09/25 21:36:35.893, 0, 279.32, 43, 2872, 16051, 31970
2026/09/25 21:36:35.893, 1, 267.60, 47, 2835, 16051, 31460
2026/09/25 21:36:36.143, 0, 279.32, 43, 2872, 16051, 31970
2026/09/25 21:36:36.143, 1, 267.60, 47, 2835, 16051, 31460
2026/09/25 21:36:36.393, 0, 279.32, 43, 2872, 16051, 31970
2026/09/25 21:36:36.394, 1, 267.60, 46, 2835, 16051, 31460
2026/09/25 21:36:36.644, 0, 279.32, 43, 2872, 16051, 31970
2026/09/25 21:36:36.644, 1, 267.60, 46, 2835, 16051, 31460
2026/09/25 21:36:36.894, 0, 278.69, 44, 2865, 16051, 31970
2026/09/25 21:36:36.894, 1, 267.90, 47, 2835, 16051, 31460
2026/09/25 21:36:37.144, 0, 278.69, 44, 2865, 16051, 31970
2026/09/25 21:36:37.144, 1, 267.90, 47, 2835, 16051, 31460
2026/09/25 21:36:37.394, 0, 278.69, 44, 2865, 16051, 31970
2026/09/25 21:36:37.394, 1, 267.90, 48, 2835, 16051, 31460
2026/09/25 21:36:37.644, 0, 278.69, 44, 2865, 16051, 31970
2026/09/25 21:36:37.645, 1, 267.90, 48, 2835, 16051, 31460
2026/09/25 21:36:37.895, 0, 281.74, 44, 2865, 16051, 31970
2026/09/25 21:36:37.895, 1, 271.46, 45, 2835, 16051, 31460
2026/09/25 21:36:38.145, 0, 281.74, 44, 2865, 16051, 31970
2026/09/25 21:36:38.145, 1, 271.46, 45, 2835, 16051, 31460
2026/09/25 21:36:38.395, 0, 281.74, 42, 2865, 16051, 31970
2026/09/25 21:36:38.395, 1, 271.46, 47, 2835, 16051, 31460
2026/09/25 21:36:38.645, 0, 281.74, 42, 2865, 16051, 31970
2026/09/25 21:36:38.645, 1, 271.46, 47, 2835, 16051, 31460
2026/09/25 21:36:38.895, 0, 260.29, 43, 2880, 16051, 31970
2026/09/25 21:36:38.896, 1, 256.46, 49, 2842, 16051, 31460
2026/09/25 21:36:39.146, 0, 260.29, 43, 2880, 16051, 31970
2026/09/25 21:36:39.146, 1, 256.46, 49, 2842, 16051, 31460
2026/09/25 21:36:39.396, 0, 260.29, 44, 2880, 16051, 31970
2026/09/25 21:36:39.396, 1, 256.46, 47, 2842, 16051, 31460
2026/09/25 21:36:39.646, 0, 260.29, 44, 2880, 16051, 31970
2026/09/25 21:36:39.646, 1, 256.46, 47, 2842, 16051, 31460
2026/09/25 21:36:39.896, 0, 250.02, 42, 2872, 16051, 31970
2026/09/25 21:36:39.896, 1, 241.47, 47, 2835, 16051, 31460
2026/09/25 21:36:40.147, 0, 250.02, 42, 2872, 16051, 31970
2026/09/25 21:36:40.147, 1, 241.47, 47, 2835, 16051, 31460
2026/09/25 21:36:40.397, 0, 250.02, 44, 2872, 16051, 31970
2026/09/25 21:36:40.397, 1, 241.47, 50, 2835, 16051, 31460
2026/09/25 21:36:40.647, 0, 250.02, 44, 2872, 16051, 31970
2026/09/25 21:36:40.647, 1, 241.47, 50, 2835, 16051, 31460
2026/09/25 21:36:40.897, 0, 275.68, 45, 2872, 16051, 31970
2026/09/25 21:36:40.897, 1, 267.17, 48, 2827, 16051, 31460
2026/09/25 21:36:41.147, 0, 275.68, 45, 2872, 16051, 31970
2026/09/25 21:36:41.147, 1, 267.17, 48, 2827, 16051, 31460
2026/09/25 21:36:41.398, 0, 275.68, 43, 2872, 16051, 31970
2026/09/25 21:36:41.398, 1, 267.17, 46, 2827, 16051, 31460
2026/09/25 21:36:41.648, 0, 275.68, 43, 2872, 16051, 31970
2026/09/25 21:36:41.648, 1, 267.17, 46, 2827, 16051, 31460
2026/09/25 21:36:41.898, 0, 278.05, 43, 2865, 16051, 31970
2026/09/25 21:36:41.898, 1, 268.49, 47, 2827, 16051, 31460
2026/09/25 21:36:42.148, 0, 278.05, 43, 2865, 16051, 31970
2026/09/25 21:36:42.148, 1, 268.49, 47, 2827, 16051, 31460
2026/09/25 21:36:42.398, 0, 278.05, 45, 2865, 16051, 31970
2026/09/25 21:36:42.398, 1, 268.49, 46, 2827, 16051, 31460
2026/09/25 21:36:42.648, 0, 278.05, 45, 2865, 16051, 31970
2026/09/25 21:36:42.649, 1, 268.49, 46, 2827, 16051, 31460
2026/09/25 21:36:42.899, 0, 276.30, 44, 2865, 16051, 31970
2026/09/25 21:36:42.899, 1, 266.21, 47, 2827, 16051, 31460
2026/09/25 21:36:43.149, 0, 276.30, 44, 2865, 16051, 31970
2026/09/25 21:36:43.149, 1, 266.21, 47, 2827, 16051, 31460
2026/09/25 21:36:43.399, 0, 276.30, 45, 2865, 16051, 31970
2026/09/25 21:36:43.399, 1, 266.21, 47, 2827, 16051, 31460
2026/09/25 21:36:43.649, 0, 276.30, 45, 2865, 16051, 31970
2026/09/25 21:36:43.649, 1, 266.21, 47, 2827, 16051, 31460
2026/09/25 21:36:43.899, 0, 277.38, 44, 2872, 16051, 31970
2026/09/25 21:36:43.900, 1, 265.84, 47, 2835, 16051, 31460
2026/09/25 21:36:44.150, 0, 277.38, 44, 2872, 16051, 31970
2026/09/25 21:36:44.150, 1, 265.84, 47, 2835, 16051, 31460
2026/09/25 21:36:44.400, 0, 277.38, 45, 2872, 16051, 31970
2026/09/25 21:36:44.400, 1, 265.84, 47, 2835, 16051, 31460
2026/09/25 21:36:44.650, 0, 277.38, 45, 2872, 16051, 31970
2026/09/25 21:36:44.650, 1, 265.84, 47, 2835, 16051, 31460
2026/09/25 21:36:44.900, 0, 277.06, 44, 2865, 16051, 31970
2026/09/25 21:36:44.900, 1, 267.87, 48, 2827, 16051, 31460
2026/09/25 21:36:45.150, 0, 277.06, 44, 2865, 16051, 31970
2026/09/25 21:36:45.151, 1, 267.87, 48, 2827, 16051, 31460
2026/09/25 21:36:45.401, 0, 277.06, 45, 2865, 16051, 31970
2026/09/25 21:36:45.401, 1, 267.87, 46, 2827, 16051, 31460
2026/09/25 21:36:45.651, 0, 277.06, 45, 2865, 16051, 31970
2026/09/25 21:36:45.651, 1, 267.87, 46, 2827, 16051, 31460
2026/09/25 21:36:45.901, 0, 264.36, 52, 2887, 16051, 31970
2026/09/25 21:36:45.901, 1, 250.96, 35, 2857, 16051, 31460
2026/09/25 21:36:46.151, 0, 264.36, 52, 2887, 16051, 31970
2026/09/25 21:36:46.152, 1, 250.96, 35, 2857, 16051, 31460
2026/09/25 21:36:46.402, 0, 264.36, 48, 2887, 16051, 31970
2026/09/25 21:36:46.402, 1, 250.96, 45, 2857, 16051, 31460
2026/09/25 21:36:46.652, 0, 264.36, 48, 2887, 16051, 31970
2026/09/25 21:36:46.652, 1, 250.96, 45, 2857, 16051, 31460
2026/09/25 21:36:46.902, 0, 232.60, 40, 2872, 16051, 31970
2026/09/25 21:36:46.902, 1, 219.32, 45, 2827, 16051, 31460
2026/09/25 21:36:47.152, 0, 232.60, 40, 2872, 16051, 31970
2026/09/25 21:36:47.152, 1, 219.32, 45, 2827, 16051, 31460
2026/09/25 21:36:47.403, 0, 232.60, 46, 2872, 16051, 31970
2026/09/25 21:36:47.403, 1, 219.32, 49, 2827, 16051, 31460
2026/09/25 21:36:47.653, 0, 232.60, 46, 2872, 16051, 31970
2026/09/25 21:36:47.653, 1, 219.32, 49, 2827, 16051, 31460
2026/09/25 21:36:47.903, 0, 273.86, 47, 2865, 16051, 31970
2026/09/25 21:36:47.903, 1, 264.02, 49, 2827, 16051, 31460
2026/09/25 21:36:48.153, 0, 273.86, 47, 2865, 16051, 31970
2026/09/25 21:36:48.153, 1, 264.02, 49, 2827, 16051, 31460
2026/09/25 21:36:48.403, 0, 273.86, 46, 2865, 16051, 31970
2026/09/25 21:36:48.404, 1, 264.02, 48, 2827, 16051, 31460
2026/09/25 21:36:48.654, 0, 273.86, 46, 2865, 16051, 31970
2026/09/25 21:36:48.654, 1, 264.02, 48, 2827, 16051, 31460
2026/09/25 21:36:48.904, 0, 276.67, 41, 2865, 16051, 31970
2026/09/25 21:36:48.904, 1, 264.47, 45, 2827, 16051, 31460
2026/09/25 21:36:49.154, 0, 276.67, 41, 2865, 16051, 31970
2026/09/25 21:36:49.154, 1, 264.47, 45, 2827, 16051, 31460
2026/09/25 21:36:49.404, 0, 276.67, 44, 2865, 16051, 31970
2026/09/25 21:36:49.404, 1, 264.47, 46, 2827, 16051, 31460
2026/09/25 21:36:49.655, 0, 276.67, 44, 2865, 16051, 31970
2026/09/25 21:36:49.655, 1, 264.47, 46, 2827, 16051, 31460
2026/09/25 21:36:49.905, 0, 278.49, 41, 2865, 16051, 31970
2026/09/25 21:36:49.905, 1, 266.74, 45, 2827, 16051, 31460
2026/09/25 21:36:50.155, 0, 278.49, 41, 2865, 16051, 31970
2026/09/25 21:36:50.155, 1, 266.74, 45, 2827, 16051, 31460
2026/09/25 21:36:50.405, 0, 278.49, 41, 2865, 16051, 31970
2026/09/25 21:36:50.405, 1, 266.74, 44, 2827, 16051, 31460
2026/09/25 21:36:50.655, 0, 278.49, 41, 2865, 16051, 31970
2026/09/25 21:36:50.656, 1, 266.74, 44, 2827, 16051, 31460
2026/09/25 21:36:50.906, 0, 281.74, 41, 2865, 16051, 31970
2026/09/25 21:36:50.906, 1, 266.32, 45, 2827, 16051, 31460
2026/09/25 21:36:51.156, 0, 281.74, 41, 2865, 16051, 31970
2026/09/25 21:36:51.156, 1, 266.32, 45, 2827, 16051, 31460
2026/09/25 21:36:51.406, 0, 281.74, 41, 2865, 16051, 31970
2026/09/25 21:36:51.406, 1, 266.32, 44, 2827, 16051, 31460
2026/09/25 21:36:51.656, 0, 281.74, 41, 2865, 16051, 31970
2026/09/25 21:36:51.656, 1, 266.32, 44, 2827, 16051, 31460
2026/09/25 21:36:51.906, 0, 282.59, 46, 2865, 16051, 31970
2026/09/25 21:36:51.907, 1, 266.86, 48, 2827, 16051, 31460
2026/09/25 21:36:52.157, 0, 282.59, 46, 2865, 16051, 31970
2026/09/25 21:36:52.157, 1, 266.86, 48, 2827, 16051, 31460
2026/09/25 21:36:52.407, 0, 282.59, 41, 2865, 16051, 31970
2026/09/25 21:36:52.407, 1, 266.86, 44, 2827, 16051, 31460
2026/09/25 21:36:52.657, 0, 282.59, 41, 2865, 16051, 31970
2026/09/25 21:36:52.657, 1, 266.86, 44, 2827, 16051, 31460
2026/09/25 21:36:52.907, 0, 283.50, 47, 2865, 16051, 31970
2026/09/25 21:36:52.908, 1, 267.79, 49, 2827, 16051, 31460
2026/09/25 21:36:53.158, 0, 283.50, 47, 2865, 16051, 31970
2026/09/25 21:36:53.158, 1, 267.79, 49, 2827, 16051, 31460
2026/09/25 21:36:53.408, 0, 283.50, 40, 2865, 16051, 31970
2026/09/25 21:36:53.408, 1, 267.79, 43, 2827, 16051, 31460
2026/09/25 21:36:53.658, 0, 283.50, 40, 2865, 16051, 31970
2026/09/25 21:36:53.658, 1, 267.79, 43, 2827, 16051, 31460
2026/09/25 21:36:53.908, 0, 279.36, 40, 2872, 16051, 31970
2026/09/25 21:36:53.908, 1, 265.03, 46, 2835, 16051, 31460
2026/09/25 21:36:54.158, 0, 279.36, 40, 2872, 16051, 31970
2026/09/25 21:36:54.159, 1, 265.03, 46, 2835, 16051, 31460
2026/09/25 21:36:54.409, 0, 279.36, 38, 2872, 16051, 31970
2026/09/25 21:36:54.409, 1, 265.03, 32, 2835, 16051, 31460
2026/09/25 21:36:54.659, 0, 279.36, 38, 2872, 16051, 31970
2026/09/25 21:36:54.659, 1, 265.03, 32, 2835, 16051, 31460
2026/09/25 21:36:54.909, 0, 242.15, 43, 2872, 16051, 31970
2026/09/25 21:36:54.909, 1, 234.42, 47, 2827, 16051, 31460
2026/09/25 21:36:55.159, 0, 242.15, 43, 2872, 16051, 31970
2026/09/25 21:36:55.159, 1, 234.42, 47, 2827, 16051, 31460
2026/09/25 21:36:55.410, 0, 242.15, 40, 2872, 16051, 31970
2026/09/25 21:36:55.410, 1, 234.42, 44, 2827, 16051, 31460
2026/09/25 21:36:55.660, 0, 242.15, 40, 2872, 16051, 31970
2026/09/25 21:36:55.660, 1, 234.42, 44, 2827, 16051, 31460
2026/09/25 21:36:55.910, 0, 275.37, 47, 2865, 16051, 31970
2026/09/25 21:36:55.910, 1, 265.16, 49, 2827, 16051, 31460
2026/09/25 21:36:56.160, 0, 275.37, 47, 2865, 16051, 31970
2026/09/25 21:36:56.160, 1, 265.16, 49, 2827, 16051, 31460
2026/09/25 21:36:56.410, 0, 275.37, 43, 2865, 16051, 31970
2026/09/25 21:36:56.410, 1, 265.16, 45, 2827, 16051, 31460
2026/09/25 21:36:56.660, 0, 275.37, 43, 2865, 16051, 31970
2026/09/25 21:36:56.660, 1, 265.16, 45, 2827, 16051, 31460
2026/09/25 21:36:56.911, 0, 281.55, 42, 2865, 16051, 31970
2026/09/25 21:36:56.911, 1, 268.57, 45, 2827, 16051, 31460
2026/09/25 21:36:57.161, 0, 281.55, 42, 2865, 16051, 31970
2026/09/25 21:36:57.161, 1, 268.57, 45, 2827, 16051, 31460
2026/09/25 21:36:57.411, 0, 281.55, 43, 2865, 16051, 31970
2026/09/25 21:36:57.411, 1, 268.57, 46, 2827, 16051, 31460
2026/09/25 21:36:57.661, 0, 281.55, 43, 2865, 16051, 31970
2026/09/25 21:36:57.661, 1, 268.57, 46, 2827, 16051, 31460
2026/09/25 21:36:57.911, 0, 283.65, 41, 2865, 16051, 31970
2026/09/25 21:36:57.911, 1, 268.54, 44, 2827, 16051, 31460
2026/09/25 21:36:58.162, 0, 283.65, 41, 2865, 16051, 31970
2026/09/25 21:36:58.162, 1, 268.54, 44, 2827, 16051, 31460
2026/09/25 21:36:58.412, 0, 283.65, 40, 2865, 16051, 31970
2026/09/25 21:36:58.412, 1, 268.54, 43, 2827, 16051, 31460
2026/09/25 21:36:58.662, 0, 283.65, 40, 2865, 16051, 31970
2026/09/25 21:36:58.662, 1, 268.54, 43, 2827, 16051, 31460
2026/09/25 21:36:58.912, 0, 284.02, 41, 2857, 16051, 31970
2026/09/25 21:36:58.912, 1, 269.47, 44, 2827, 16051, 31460
2026/09/25 21:36:59.162, 0, 284.02, 41, 2857, 16051, 31970
2026/09/25 21:36:59.162, 1, 269.47, 44, 2827, 16051, 31460
2026/09/25 21:36:59.413, 0, 284.02, 41, 2857, 16051, 31970
2026/09/25 21:36:59.413, 1, 269.47, 43, 2827, 16051, 31460
2026/09/25 21:36:59.663, 0, 284.02, 41, 2857, 16051, 31970
2026/09/25 21:36:59.663, 1, 269.47, 43, 2827, 16051, 31460
2026/09/25 21:36:59.913, 0, 284.92, 44, 2857, 16051, 31970
2026/09/25 21:36:59.913, 1, 271.85, 47, 2820, 16051, 31460
2026/09/25 21:37:00.163, 0, 284.92, 44, 2857, 16051, 31970
2026/09/25 21:37:00.163, 1, 271.85, 47, 2820, 16051, 31460
2026/09/25 21:37:00.413, 0, 284.92, 43, 2857, 16051, 31970
2026/09/25 21:37:00.413, 1, 271.85, 46, 2820, 16051, 31460
2026/09/25 21:37:00.663, 0, 284.92, 43, 2857, 16051, 31970
2026/09/25 21:37:00.663, 1, 271.85, 46, 2820, 16051, 31460
2026/09/25 21:37:00.913, 0, 282.97, 40, 2872, 16051, 31970
2026/09/25 21:37:00.913, 1, 269.22, 43, 2835, 16051, 31460
2026/09/25 21:37:01.164, 0, 282.97, 40, 2872, 16051, 31970
2026/09/25 21:37:01.164, 1, 269.22, 43, 2835, 16051, 31460
2026/09/25 21:37:01.414, 0, 282.97, 41, 2872, 16051, 31970
2026/09/25 21:37:01.414, 1, 269.22, 44, 2835, 16051, 31460
2026/09/25 21:37:01.664, 0, 282.97, 41, 2872, 16051, 31970
2026/09/25 21:37:01.664, 1, 269.22, 44, 2835, 16051, 31460
2026/09/25 21:37:01.914, 0, 271.92, 48, 2887, 16051, 31970
2026/09/25 21:37:01.914, 1, 258.28, 43, 2857, 16051, 31460
2026/09/25 21:37:02.164, 0, 271.92, 48, 2887, 16051, 31970
2026/09/25 21:37:02.164, 1, 258.28, 43, 2857, 16051, 31460
2026/09/25 21:37:02.414, 0, 271.92, 45, 2887, 16051, 31970
2026/09/25 21:37:02.414, 1, 258.28, 49, 2857, 16051, 31460
2026/09/25 21:37:02.664, 0, 271.92, 45, 2887, 16051, 31970
2026/09/25 21:37:02.664, 1, 258.28, 49, 2857, 16051, 31460
2026/09/25 21:37:02.915, 0, 255.82, 42, 2865, 16051, 31970
2026/09/25 21:37:02.915, 1, 250.98, 45, 2827, 16051, 31460
2026/09/25 21:37:03.165, 0, 255.82, 42, 2865, 16051, 31970
2026/09/25 21:37:03.165, 1, 250.98, 45, 2827, 16051, 31460
2026/09/25 21:37:03.415, 0, 255.82, 42, 2865, 16051, 31970
2026/09/25 21:37:03.415, 1, 250.98, 46, 2827, 16051, 31460
2026/09/25 21:37:03.665, 0, 255.82, 42, 2865, 16051, 31970
2026/09/25 21:37:03.665, 1, 250.98, 46, 2827, 16051, 31460
2026/09/25 21:37:03.915, 0, 278.17, 46, 2865, 16051, 31970
2026/09/25 21:37:03.915, 1, 267.45, 48, 2827, 16051, 31460
2026/09/25 21:37:04.166, 0, 278.17, 46, 2865, 16051, 31970
2026/09/25 21:37:04.166, 1, 267.45, 48, 2827, 16051, 31460
2026/09/25 21:37:04.416, 0, 278.17, 40, 2865, 16051, 31970
2026/09/25 21:37:04.416, 1, 267.45, 43, 2827, 16051, 31460
2026/09/25 21:37:04.666, 0, 278.17, 40, 2865, 16051, 31970
2026/09/25 21:37:04.666, 1, 267.45, 43, 2827, 16051, 31460
2026/09/25 21:37:04.916, 0, 282.77, 41, 2865, 16051, 31970
2026/09/25 21:37:04.916, 1, 268.81, 43, 2827, 16051, 31460
2026/09/25 21:37:05.166, 0, 282.77, 41, 2865, 16051, 31970
2026/09/25 21:37:05.166, 1, 268.81, 43, 2827, 16051, 31460
2026/09/25 21:37:05.416, 0, 282.77, 43, 2865, 16051, 31970
2026/09/25 21:37:05.417, 1, 268.81, 47, 2827, 16051, 31460
2026/09/25 21:37:05.667, 0, 282.77, 43, 2865, 16051, 31970
2026/09/25 21:37:05.667, 1, 268.81, 47, 2827, 16051, 31460
2026/09/25 21:37:05.917, 0, 283.64, 41, 2865, 16051, 31970
2026/09/25 21:37:05.917, 1, 271.03, 44, 2820, 16051, 31460
2026/09/25 21:37:06.167, 0, 283.64, 41, 2865, 16051, 31970
2026/09/25 21:37:06.167, 1, 271.03, 44, 2820, 16051, 31460
2026/09/25 21:37:06.417, 0, 283.64, 40, 2865, 16051, 31970
2026/09/25 21:37:06.417, 1, 271.03, 43, 2820, 16051, 31460
2026/09/25 21:37:06.667, 0, 283.64, 40, 2865, 16051, 31970
2026/09/25 21:37:06.668, 1, 271.03, 43, 2820, 16051, 31460
2026/09/25 21:37:06.918, 0, 280.35, 41, 2872, 16051, 31970
2026/09/25 21:37:06.918, 1, 264.75, 45, 2827, 16051, 31460
2026/09/25 21:37:07.168, 0, 280.35, 41, 2872, 16051, 31970
2026/09/25 21:37:07.168, 1, 264.75, 45, 2827, 16051, 31460
2026/09/25 21:37:07.418, 0, 280.35, 46, 2872, 16051, 31970
2026/09/25 21:37:07.418, 1, 264.75, 49, 2827, 16051, 31460
2026/09/25 21:37:07.668, 0, 280.35, 46, 2872, 16051, 31970
2026/09/25 21:37:07.668, 1, 264.75, 49, 2827, 16051, 31460
2026/09/25 21:37:07.918, 0, 284.57, 42, 2865, 16051, 31970
2026/09/25 21:37:07.919, 1, 270.53, 45, 2827, 16051, 31460
2026/09/25 21:37:08.169, 0, 284.57, 42, 2865, 16051, 31970
2026/09/25 21:37:08.169, 1, 270.53, 45, 2827, 16051, 31460
2026/09/25 21:37:08.419, 0, 284.57, 43, 2865, 16051, 31970
2026/09/25 21:37:08.419, 1, 270.53, 46, 2827, 16051, 31460
2026/09/25 21:37:08.669, 0, 284.57, 43, 2865, 16051, 31970
2026/09/25 21:37:08.669, 1, 270.53, 46, 2827, 16051, 31460
2026/09/25 21:37:08.919, 0, 284.18, 44, 2865, 16051, 31970
2026/09/25 21:37:08.920, 1, 270.60, 46, 2827, 16051, 31460
2026/09/25 21:37:09.170, 0, 284.18, 44, 2865, 16051, 31970
2026/09/25 21:37:09.170, 1, 270.60, 46, 2827, 16051, 31460
2026/09/25 21:37:09.420, 0, 284.18, 48, 2865, 16051, 31970
2026/09/25 21:37:09.420, 1, 270.60, 43, 2827, 16051, 31460
2026/09/25 21:37:09.671, 0, 284.18, 48, 2865, 16051, 31970
2026/09/25 21:37:09.671, 1, 270.60, 43, 2827, 16051, 31460
2026/09/25 21:37:09.921, 0, 247.99, 40, 2880, 16051, 31970
2026/09/25 21:37:09.921, 1, 236.64, 44, 2835, 16051, 31460
2026/09/25 21:37:10.171, 0, 247.99, 40, 2880, 16051, 31970
2026/09/25 21:37:10.171, 1, 236.64, 44, 2835, 16051, 31460
2026/09/25 21:37:10.421, 0, 247.99, 39, 2880, 16051, 31970
2026/09/25 21:37:10.421, 1, 236.64, 42, 2835, 16051, 31460
2026/09/25 21:37:10.671, 0, 247.99, 39, 2880, 16051, 31970
2026/09/25 21:37:10.672, 1, 236.64, 42, 2835, 16051, 31460
2026/09/25 21:37:10.922, 0, 278.74, 47, 2865, 16051, 31970
2026/09/25 21:37:10.922, 1, 268.47, 50, 2827, 16051, 31460
2026/09/25 21:37:11.172, 0, 278.74, 47, 2865, 16051, 31970
2026/09/25 21:37:11.172, 1, 268.47, 50, 2827, 16051, 31460
2026/09/25 21:37:11.422, 0, 278.74, 45, 2865, 16051, 31970
2026/09/25 21:37:11.422, 1, 268.47, 46, 2827, 16051, 31460
2026/09/25 21:37:11.672, 0, 278.74, 45, 2865, 16051, 31970
2026/09/25 21:37:11.672, 1, 268.47, 46, 2827, 16051, 31460
2026/09/25 21:37:11.922, 0, 280.26, 47, 2865, 16051, 31970
2026/09/25 21:37:11.923, 1, 267.20, 50, 2827, 16051, 31460
2026/09/25 21:37:12.173, 0, 280.26, 47, 2865, 16051, 31970
2026/09/25 21:37:12.173, 1, 267.20, 50, 2827, 16051, 31460
2026/09/25 21:37:12.423, 0, 280.26, 47, 2865, 16051, 31970
2026/09/25 21:37:12.423, 1, 267.20, 50, 2827, 16051, 31460
2026/09/25 21:37:12.673, 0, 280.26, 47, 2865, 16051, 31970
2026/09/25 21:37:12.673, 1, 267.20, 50, 2827, 16051, 31460
2026/09/25 21:37:12.923, 0, 281.87, 41, 2865, 16051, 31970
2026/09/25 21:37:12.923, 1, 271.22, 43, 2827, 16051, 31460
2026/09/25 21:37:13.173, 0, 281.87, 41, 2865, 16051, 31970
2026/09/25 21:37:13.174, 1, 271.22, 43, 2827, 16051, 31460
2026/09/25 21:37:13.424, 0, 281.87, 40, 2865, 16051, 31970
2026/09/25 21:37:13.424, 1, 271.22, 43, 2827, 16051, 31460
2026/09/25 21:37:13.674, 0, 281.87, 40, 2865, 16051, 31970
2026/09/25 21:37:13.674, 1, 271.22, 43, 2827, 16051, 31460
2026/09/25 21:37:13.924, 0, 283.92, 41, 2865, 16051, 31970
2026/09/25 21:37:13.924, 1, 270.99, 43, 2827, 16051, 31460
2026/09/25 21:37:14.174, 0, 283.92, 41, 2865, 16051, 31970
2026/09/25 21:37:14.174, 1, 270.99, 43, 2827, 16051, 31460
2026/09/25 21:37:14.425, 0, 283.92, 42, 2865, 16051, 31970
2026/09/25 21:37:14.425, 1, 270.99, 45, 2827, 16051, 31460
2026/09/25 21:37:14.675, 0, 283.92, 42, 2865, 16051, 31970
2026/09/25 21:37:14.675, 1, 270.99, 45, 2827, 16051, 31460
2026/09/25 21:37:14.925, 0, 284.43, 45, 2865, 16051, 31970
2026/09/25 21:37:14.925, 1, 270.30, 48, 2827, 16051, 31460
2026/09/25 21:37:15.175, 0, 284.43, 45, 2865, 16051, 31970
2026/09/25 21:37:15.175, 1, 270.30, 48, 2827, 16051, 31460
2026/09/25 21:37:15.425, 0, 284.43, 45, 2865, 16051, 31970
2026/09/25 21:37:15.426, 1, 270.30, 48, 2827, 16051, 31460
2026/09/25 21:37:15.676, 0, 284.43, 45, 2865, 16051, 31970
2026/09/25 21:37:15.676, 1, 270.30, 48, 2827, 16051, 31460
2026/09/25 21:37:15.926, 0, 285.77, 48, 2865, 16051, 31970
2026/09/25 21:37:15.926, 1, 270.95, 49, 2827, 16051, 31460
2026/09/25 21:37:16.176, 0, 285.77, 48, 2865, 16051, 31970
2026/09/25 21:37:16.176, 1, 270.95, 49, 2827, 16051, 31460
2026/09/25 21:37:16.426, 0, 285.77, 47, 2865, 16051, 31970
2026/09/25 21:37:16.426, 1, 270.95, 49, 2827, 16051, 31460
2026/09/25 21:37:16.676, 0, 285.77, 47, 2865, 16051, 31970
2026/09/25 21:37:16.677, 1, 270.95, 49, 2827, 16051, 31460
2026/09/25 21:37:16.927, 0, 278.81, 42, 2880, 16051, 31970
2026/09/25 21:37:16.927, 1, 264.57, 34, 2842, 16051, 31460
2026/09/25 21:37:17.177, 0, 278.81, 42, 2880, 16051, 31970
2026/09/25 21:37:17.177, 1, 264.57, 34, 2842, 16051, 31460
2026/09/25 21:37:17.427, 0, 278.81, 45, 2880, 16051, 31970
2026/09/25 21:37:17.427, 1, 264.57, 52, 2842, 16051, 31460
2026/09/25 21:37:17.677, 0, 278.81, 45, 2880, 16051, 31970
2026/09/25 21:37:17.678, 1, 264.57, 52, 2842, 16051, 31460
2026/09/25 21:37:17.928, 0, 222.65, 47, 2895, 16051, 31970
2026/09/25 21:37:17.928, 1, 202.89, 51, 2857, 16051, 31460
2026/09/25 21:37:18.178, 0, 222.65, 47, 2895, 16051, 31970
2026/09/25 21:37:18.178, 1, 202.89, 51, 2857, 16051, 31460
2026/09/25 21:37:18.428, 0, 222.65, 45, 2895, 16051, 31970
2026/09/25 21:37:18.428, 1, 202.89, 47, 2857, 16051, 31460
2026/09/25 21:37:18.678, 0, 222.65, 45, 2895, 16051, 31970
2026/09/25 21:37:18.678, 1, 202.89, 47, 2857, 16051, 31460
2026/09/25 21:37:18.928, 0, 272.68, 46, 2865, 16051, 31970
2026/09/25 21:37:18.929, 1, 260.32, 48, 2827, 16051, 31460
2026/09/25 21:37:19.179, 0, 272.68, 46, 2865, 16051, 31970
2026/09/25 21:37:19.179, 1, 260.32, 48, 2827, 16051, 31460
2026/09/25 21:37:19.429, 0, 272.68, 43, 2865, 16051, 31970
2026/09/25 21:37:19.429, 1, 260.32, 44, 2827, 16051, 31460
2026/09/25 21:37:19.679, 0, 272.68, 43, 2865, 16051, 31970
2026/09/25 21:37:19.679, 1, 260.32, 44, 2827, 16051, 31460
2026/09/25 21:37:19.929, 0, 279.12, 43, 2865, 16051, 31970
2026/09/25 21:37:19.929, 1, 262.59, 44, 2827, 16051, 31460
2026/09/25 21:37:20.179, 0, 279.12, 43, 2865, 16051, 31970
2026/09/25 21:37:20.180, 1, 262.59, 44, 2827, 16051, 31460
2026/09/25 21:37:20.430, 0, 279.12, 46, 2865, 16051, 31970
2026/09/25 21:37:20.430, 1, 262.59, 48, 2827, 16051, 31460
2026/09/25 21:37:20.680, 0, 279.12, 46, 2865, 16051, 31970
2026/09/25 21:37:20.680, 1, 262.59, 48, 2827, 16051, 31460
2026/09/25 21:37:20.930, 0, 283.50, 47, 2865, 16051, 31970
2026/09/25 21:37:20.930, 1, 264.63, 47, 2827, 16051, 31460
2026/09/25 21:37:21.180, 0, 283.50, 47, 2865, 16051, 31970
2026/09/25 21:37:21.180, 1, 264.63, 47, 2827, 16051, 31460
2026/09/25 21:37:21.430, 0, 283.50, 41, 2865, 16051, 31970
2026/09/25 21:37:21.431, 1, 264.63, 43, 2827, 16051, 31460
2026/09/25 21:37:21.681, 0, 283.50, 41, 2865, 16051, 31970
2026/09/25 21:37:21.681, 1, 264.63, 43, 2827, 16051, 31460
2026/09/25 21:37:21.931, 0, 282.00, 43, 2865, 16051, 31970
2026/09/25 21:37:21.931, 1, 265.12, 45, 2827, 16051, 31460
2026/09/25 21:37:22.181, 0, 282.00, 43, 2865, 16051, 31970
2026/09/25 21:37:22.181, 1, 265.12, 45, 2827, 16051, 31460
2026/09/25 21:37:22.431, 0, 282.00, 46, 2865, 16051, 31970
2026/09/25 21:37:22.431, 1, 265.12, 48, 2827, 16051, 31460
2026/09/25 21:37:22.681, 0, 282.00, 46, 2865, 16051, 31970
2026/09/25 21:37:22.682, 1, 265.12, 48, 2827, 16051, 31460
2026/09/25 21:37:22.932, 0, 286.98, 44, 2857, 16051, 31970
2026/09/25 21:37:22.932, 1, 269.79, 47, 2827, 16051, 31460
2026/09/25 21:37:23.182, 0, 286.98, 44, 2857, 16051, 31970
2026/09/25 21:37:23.182, 1, 269.79, 47, 2827, 16051, 31460
2026/09/25 21:37:23.432, 0, 286.98, 41, 2857, 16051, 31970
2026/09/25 21:37:23.432, 1, 269.79, 42, 2827, 16051, 31460
2026/09/25 21:37:23.682, 0, 286.98, 41, 2857, 16051, 31970
2026/09/25 21:37:23.683, 1, 269.79, 42, 2827, 16051, 31460
2026/09/25 21:37:23.933, 0, 282.99, 42, 2865, 16051, 31970
2026/09/25 21:37:23.933, 1, 265.66, 44, 2827, 16051, 31460
2026/09/25 21:37:24.183, 0, 282.99, 42, 2865, 16051, 31970
2026/09/25 21:37:24.183, 1, 265.66, 44, 2827, 16051, 31460
2026/09/25 21:37:24.433, 0, 282.99, 42, 2865, 16051, 31970
2026/09/25 21:37:24.433, 1, 265.66, 43, 2827, 16051, 31460
2026/09/25 21:37:24.683, 0, 282.99, 42, 2865, 16051, 31970
2026/09/25 21:37:24.683, 1, 265.66, 43, 2827, 16051, 31460
2026/09/25 21:37:24.933, 0, 286.04, 46, 2865, 16051, 31970
2026/09/25 21:37:24.934, 1, 265.73, 48, 2827, 16051, 31460
2026/09/25 21:37:25.184, 0, 286.04, 46, 2865, 16051, 31970
2026/09/25 21:37:25.184, 1, 265.73, 48, 2827, 16051, 31460
2026/09/25 21:37:25.434, 0, 286.04, 42, 2865, 16051, 31970
2026/09/25 21:37:25.434, 1, 265.73, 43, 2827, 16051, 31460
2026/09/25 21:37:25.684, 0, 286.04, 42, 2865, 16051, 31970
2026/09/25 21:37:25.684, 1, 265.73, 43, 2827, 16051, 31460
2026/09/25 21:37:25.934, 0, 281.58, 45, 2865, 16051, 31970
2026/09/25 21:37:25.934, 1, 262.48, 47, 2827, 16051, 31460
2026/09/25 21:37:26.185, 0, 281.58, 45, 2865, 16051, 31970
2026/09/25 21:37:26.185, 1, 262.48, 47, 2827, 16051, 31460
2026/09/25 21:37:26.435, 0, 281.58, 34, 2865, 16051, 31970
2026/09/25 21:37:26.435, 1, 262.48, 32, 2827, 16051, 31460
2026/09/25 21:37:26.685, 0, 281.58, 34, 2865, 16051, 31970
2026/09/25 21:37:26.685, 1, 262.48, 32, 2827, 16051, 31460
2026/09/25 21:37:26.935, 0, 239.17, 45, 2880, 16051, 31970
2026/09/25 21:37:26.935, 1, 226.30, 47, 2835, 16051, 31460
2026/09/25 21:37:27.185, 0, 239.17, 45, 2880, 16051, 31970
2026/09/25 21:37:27.185, 1, 226.30, 47, 2835, 16051, 31460
2026/09/25 21:37:27.435, 0, 239.17, 41, 2880, 16051, 31970
2026/09/25 21:37:27.436, 1, 226.30, 45, 2835, 16051, 31460
2026/09/25 21:37:27.686, 0, 239.17, 41, 2880, 16051, 31970
2026/09/25 21:37:27.686, 1, 226.30, 45, 2835, 16051, 31460
2026/09/25 21:37:27.936, 0, 280.19, 47, 2872, 16051, 31970
2026/09/25 21:37:27.936, 1, 265.65, 47, 2835, 16051, 31460
2026/09/25 21:37:28.186, 0, 280.19, 47, 2872, 16051, 31970
2026/09/25 21:37:28.186, 1, 265.65, 47, 2835, 16051, 31460
2026/09/25 21:37:28.436, 0, 280.19, 45, 2872, 16051, 31970
2026/09/25 21:37:28.436, 1, 265.65, 46, 2835, 16051, 31460
2026/09/25 21:37:28.686, 0, 280.19, 45, 2872, 16051, 31970
2026/09/25 21:37:28.686, 1, 265.65, 46, 2835, 16051, 31460
2026/09/25 21:37:28.936, 0, 279.59, 46, 2865, 16051, 31970
2026/09/25 21:37:28.937, 1, 262.57, 47, 2827, 16051, 31460
2026/09/25 21:37:29.187, 0, 279.59, 46, 2865, 16051, 31970
2026/09/25 21:37:29.187, 1, 262.57, 47, 2827, 16051, 31460
2026/09/25 21:37:29.437, 0, 279.59, 47, 2865, 16051, 31970
2026/09/25 21:37:29.437, 1, 262.57, 48, 2827, 16051, 31460
2026/09/25 21:37:29.687, 0, 279.59, 47, 2865, 16051, 31970
2026/09/25 21:37:29.687, 1, 262.57, 48, 2827, 16051, 31460
2026/09/25 21:37:29.937, 0, 282.51, 43, 2865, 16051, 31970
2026/09/25 21:37:29.937, 1, 264.82, 45, 2827, 16051, 31460
2026/09/25 21:37:30.187, 0, 282.51, 43, 2865, 16051, 31970
2026/09/25 21:37:30.188, 1, 264.82, 45, 2827, 16051, 31460
2026/09/25 21:37:30.438, 0, 282.51, 44, 2865, 16051, 31970
2026/09/25 21:37:30.438, 1, 264.82, 45, 2827, 16051, 31460
2026/09/25 21:37:30.688, 0, 282.51, 44, 2865, 16051, 31970
2026/09/25 21:37:30.688, 1, 264.82, 45, 2827, 16051, 31460
2026/09/25 21:37:30.938, 0, 282.52, 47, 2865, 16051, 31970
2026/09/25 21:37:30.938, 1, 264.68, 49, 2827, 16051, 31460
2026/09/25 21:37:31.188, 0, 282.52, 47, 2865, 16051, 31970
2026/09/25 21:37:31.188, 1, 264.68, 49, 2827, 16051, 31460
2026/09/25 21:37:31.438, 0, 282.52, 44, 2865, 16051, 31970
2026/09/25 21:37:31.439, 1, 264.68, 44, 2827, 16051, 31460
2026/09/25 21:37:31.689, 0, 282.52, 44, 2865, 16051, 31970
2026/09/25 21:37:31.689, 1, 264.68, 44, 2827, 16051, 31460
2026/09/25 21:37:31.939, 0, 285.60, 44, 2857, 16051, 31970
2026/09/25 21:37:31.939, 1, 269.17, 46, 2827, 16051, 31460
2026/09/25 21:37:32.189, 0, 285.60, 44, 2857, 16051, 31970
2026/09/25 21:37:32.189, 1, 269.17, 46, 2827, 16051, 31460
2026/09/25 21:37:32.439, 0, 285.60, 43, 2857, 16051, 31970
2026/09/25 21:37:32.439, 1, 269.17, 44, 2827, 16051, 31460
2026/09/25 21:37:32.689, 0, 285.60, 43, 2857, 16051, 31970
2026/09/25 21:37:32.690, 1, 269.17, 44, 2827, 16051, 31460
2026/09/25 21:37:32.940, 0, 283.49, 47, 2865, 16051, 31970
2026/09/25 21:37:32.940, 1, 266.09, 48, 2827, 16051, 31460
2026/09/25 21:37:33.190, 0, 283.49, 47, 2865, 16051, 31970
2026/09/25 21:37:33.190, 1, 266.09, 48, 2827, 16051, 31460
2026/09/25 21:37:33.440, 0, 283.49, 40, 2865, 16051, 31970
2026/09/25 21:37:33.440, 1, 266.09, 42, 2827, 16051, 31460
2026/09/25 21:37:33.690, 0, 283.49, 40, 2865, 16051, 31970
2026/09/25 21:37:33.690, 1, 266.09, 42, 2827, 16051, 31460
2026/09/25 21:37:33.941, 0, 288.68, 47, 2865, 16051, 31970
2026/09/25 21:37:33.941, 1, 267.66, 46, 2827, 16051, 31460
2026/09/25 21:37:34.191, 0, 288.68, 47, 2865, 16051, 31970
2026/09/25 21:37:34.191, 1, 267.66, 46, 2827, 16051, 31460
2026/09/25 21:37:34.441, 0, 288.68, 46, 2865, 16051, 31970
2026/09/25 21:37:34.441, 1, 267.66, 48, 2827, 16051, 31460
2026/09/25 21:37:34.691, 0, 288.68, 46, 2865, 16051, 31970
2026/09/25 21:37:34.691, 1, 267.66, 48, 2827, 16051, 31460
2026/09/25 21:37:34.941, 0, 274.14, 51, 2887, 16051, 31970
2026/09/25 21:37:34.942, 1, 249.81, 28, 2857, 16051, 31460
2026/09/25 21:37:35.192, 0, 274.14, 51, 2887, 16051, 31970
2026/09/25 21:37:35.193, 1, 249.81, 28, 2857, 16051, 31460
2026/09/25 21:37:35.443, 0, 274.14, 31, 2887, 16051, 31970
2026/09/25 21:37:35.443, 1, 249.81, 59, 2857, 16051, 31460
2026/09/25 21:37:35.693, 0, 274.14, 31, 2887, 16051, 31970
2026/09/25 21:37:35.693, 1, 249.81, 59, 2857, 16051, 31460
2026/09/25 21:37:35.943, 0, 244.20, 45, 2872, 16051, 31970
2026/09/25 21:37:35.943, 1, 231.69, 48, 2827, 16051, 31460
2026/09/25 21:37:36.193, 0, 244.20, 45, 2872, 16051, 31970
2026/09/25 21:37:36.193, 1, 231.69, 48, 2827, 16051, 31460
2026/09/25 21:37:36.443, 0, 244.20, 39, 2872, 16051, 31970
2026/09/25 21:37:36.444, 1, 231.69, 43, 2827, 16051, 31460
2026/09/25 21:37:36.694, 0, 244.20, 39, 2872, 16051, 31970
2026/09/25 21:37:36.694, 1, 231.69, 43, 2827, 16051, 31460
2026/09/25 21:37:36.944, 0, 275.33, 40, 2872, 16051, 31970
2026/09/25 21:37:36.944, 1, 258.12, 43, 2835, 16051, 31460
2026/09/25 21:37:37.194, 0, 275.33, 40, 2872, 16051, 31970
2026/09/25 21:37:37.194, 1, 258.12, 43, 2835, 16051, 31460
2026/09/25 21:37:37.444, 0, 275.33, 42, 2872, 16051, 31970
2026/09/25 21:37:37.444, 1, 258.12, 43, 2835, 16051, 31460
2026/09/25 21:37:37.695, 0, 275.33, 42, 2865, 16051, 31970
2026/09/25 21:37:37.695, 1, 258.12, 43, 2835, 16051, 31460
2026/09/25 21:37:37.945, 0, 272.67, 40, 2865, 16051, 31970
2026/09/25 21:37:37.945, 1, 254.43, 41, 2827, 16051, 31460
2026/09/25 21:37:38.195, 0, 272.67, 39, 2865, 16051, 31970
2026/09/25 21:37:38.195, 1, 254.43, 41, 2827, 16051, 31460
2026/09/25 21:37:38.445, 0, 272.67, 39, 2865, 16051, 31970
2026/09/25 21:37:38.445, 1, 254.43, 40, 2827, 16051, 31460
2026/09/25 21:37:38.695, 0, 272.06, 40, 2865, 16051, 31970
2026/09/25 21:37:38.696, 1, 254.43, 40, 2827, 16051, 31460
2026/09/25 21:37:38.946, 0, 272.06, 40, 2865, 16051, 31970
2026/09/25 21:37:38.946, 1, 256.64, 42, 2827, 16051, 31460
2026/09/25 21:37:39.196, 0, 272.06, 46, 2865, 16051, 31970
2026/09/25 21:37:39.196, 1, 256.64, 42, 2827, 16051, 31460
2026/09/25 21:37:39.446, 0, 272.06, 46, 2865, 16051, 31970
2026/09/25 21:37:39.446, 1, 256.64, 46, 2827, 16051, 31460
2026/09/25 21:37:39.696, 0, 279.79, 41, 2865, 16051, 31970
2026/09/25 21:37:39.696, 1, 256.64, 46, 2827, 16051, 31460
2026/09/25 21:37:39.946, 0, 279.79, 41, 2865, 16051, 31970
2026/09/25 21:37:39.946, 1, 261.92, 41, 2827, 16051, 31460
2026/09/25 21:37:40.197, 0, 279.79, 47, 2865, 16051, 31970
2026/09/25 21:37:40.197, 1, 261.92, 41, 2827, 16051, 31460
2026/09/25 21:37:40.447, 0, 279.79, 47, 2865, 16051, 31970
2026/09/25 21:37:40.447, 1, 261.92, 48, 2827, 16051, 31460
2026/09/25 21:37:40.697, 0, 279.91, 46, 2857, 16051, 31970
2026/09/25 21:37:40.697, 1, 261.92, 48, 2827, 16051, 31460
2026/09/25 21:37:40.947, 0, 279.91, 46, 2857, 16051, 31970
2026/09/25 21:37:40.947, 1, 261.28, 48, 2827, 16051, 31460
2026/09/25 21:37:41.197, 0, 279.91, 44, 2857, 16051, 31970
2026/09/25 21:37:41.197, 1, 261.28, 48, 2827, 16051, 31460
2026/09/25 21:37:41.448, 0, 279.91, 44, 2857, 16051, 31970
2026/09/25 21:37:41.448, 1, 261.28, 45, 2827, 16051, 31460
2026/09/25 21:37:41.698, 0, 282.54, 43, 2865, 16051, 31970
2026/09/25 21:37:41.698, 1, 261.28, 45, 2827, 16051, 31460
2026/09/25 21:37:41.948, 0, 282.54, 43, 2865, 16051, 31970
2026/09/25 21:37:41.948, 1, 266.20, 46, 2835, 16051, 31460
2026/09/25 21:37:42.198, 0, 282.54, 45, 2865, 16051, 31970
2026/09/25 21:37:42.198, 1, 266.20, 46, 2835, 16051, 31460
2026/09/25 21:37:42.448, 0, 282.54, 45, 2865, 16051, 31970
2026/09/25 21:37:42.448, 1, 266.20, 47, 2835, 16051, 31460
2026/09/25 21:37:42.698, 0, 284.35, 45, 2865, 16051, 31970
2026/09/25 21:37:42.699, 1, 266.20, 47, 2835, 16051, 31460
2026/09/25 21:37:42.949, 0, 284.35, 45, 2865, 16051, 31970
2026/09/25 21:37:42.949, 1, 265.19, 46, 2827, 16051, 31460
2026/09/25 21:37:43.199, 0, 284.35, 42, 2865, 16051, 31970
2026/09/25 21:37:43.199, 1, 265.19, 46, 2827, 16051, 31460
2026/09/25 21:37:43.449, 0, 284.35, 42, 2865, 16051, 31970
2026/09/25 21:37:43.449, 1, 265.19, 43, 2827, 16051, 31460
2026/09/25 21:37:43.699, 0, 269.77, 48, 2887, 16051, 31970
2026/09/25 21:37:43.699, 1, 265.19, 43, 2827, 16051, 31460
2026/09/25 21:37:43.949, 0, 269.77, 48, 2887, 16051, 31970
2026/09/25 21:37:43.950, 1, 248.45, 43, 2857, 16051, 31460
2026/09/25 21:37:44.200, 0, 269.77, 37, 2887, 16051, 31970
2026/09/25 21:37:44.200, 1, 248.45, 43, 2857, 16051, 31460
2026/09/25 21:37:44.450, 0, 269.77, 37, 2887, 16051, 31970
2026/09/25 21:37:44.450, 1, 248.45, 65, 2857, 16051, 31460
2026/09/25 21:37:44.700, 0, 252.30, 44, 2865, 16051, 31970
2026/09/25 21:37:44.700, 1, 248.45, 65, 2857, 16051, 31460
2026/09/25 21:37:44.950, 0, 252.30, 44, 2865, 16051, 31970
2026/09/25 21:37:44.950, 1, 237.83, 46, 2827, 16051, 31460
2026/09/25 21:37:45.200, 0, 252.30, 42, 2865, 16051, 31970
2026/09/25 21:37:45.201, 1, 237.83, 46, 2827, 16051, 31460
2026/09/25 21:37:45.451, 0, 252.30, 42, 2865, 16051, 31970
2026/09/25 21:37:45.451, 1, 237.83, 44, 2827, 16051, 31460
2026/09/25 21:37:45.701, 0, 279.57, 46, 2865, 16051, 31970
2026/09/25 21:37:45.701, 1, 237.83, 44, 2827, 16051, 31460
2026/09/25 21:37:45.951, 0, 279.57, 46, 2865, 16051, 31970
2026/09/25 21:37:45.951, 1, 262.39, 48, 2827, 16051, 31460
2026/09/25 21:37:46.201, 0, 279.57, 46, 2865, 16051, 31970
2026/09/25 21:37:46.201, 1, 262.39, 48, 2827, 16051, 31460
2026/09/25 21:37:46.451, 0, 279.57, 46, 2865, 16051, 31970
2026/09/25 21:37:46.451, 1, 262.39, 48, 2827, 16051, 31460
2026/09/25 21:37:46.702, 0, 280.86, 47, 2865, 16051, 31970
2026/09/25 21:37:46.702, 1, 262.39, 48, 2827, 16051, 31460
2026/09/25 21:37:46.952, 0, 280.86, 47, 2865, 16051, 31970
2026/09/25 21:37:46.952, 1, 263.60, 49, 2827, 16051, 31460
2026/09/25 21:37:47.202, 0, 280.86, 44, 2865, 16051, 31970
2026/09/25 21:37:47.202, 1, 263.60, 49, 2827, 16051, 31460
2026/09/25 21:37:47.452, 0, 280.86, 44, 2865, 16051, 31970
2026/09/25 21:37:47.452, 1, 263.60, 48, 2827, 16051, 31460
2026/09/25 21:37:47.702, 0, 283.83, 40, 2865, 16051, 31970
2026/09/25 21:37:47.703, 1, 263.60, 48, 2827, 16051, 31460
2026/09/25 21:37:47.953, 0, 283.83, 40, 2865, 16051, 31970
2026/09/25 21:37:47.953, 1, 265.79, 43, 2827, 16051, 31460
2026/09/25 21:37:48.203, 0, 283.83, 43, 2865, 16051, 31970
2026/09/25 21:37:48.203, 1, 265.79, 43, 2827, 16051, 31460
2026/09/25 21:37:48.454, 0, 283.83, 43, 2865, 16051, 31970
2026/09/25 21:37:48.454, 1, 265.79, 44, 2827, 16051, 31460
2026/09/25 21:37:48.704, 0, 283.24, 45, 2865, 16051, 31970
2026/09/25 21:37:48.704, 1, 266.27, 44, 2827, 16051, 31460
2026/09/25 21:37:48.954, 0, 283.24, 45, 2865, 16051, 31970
2026/09/25 21:37:48.955, 1, 266.27, 48, 2827, 16051, 31460
2026/09/25 21:37:49.206, 0, 283.24, 45, 2865, 16051, 31970
2026/09/25 21:37:49.206, 1, 266.27, 46, 2827, 16051, 31460
2026/09/25 21:37:49.456, 0, 283.24, 45, 2865, 16051, 31970
2026/09/25 21:37:49.456, 1, 266.27, 46, 2827, 16051, 31460
2026/09/25 21:37:49.706, 0, 284.67, 46, 2865, 16051, 31970
2026/09/25 21:37:49.707, 1, 267.82, 49, 2827, 16051, 31460
2026/09/25 21:37:49.957, 0, 284.67, 46, 2865, 16051, 31970
2026/09/25 21:37:49.957, 1, 267.82, 49, 2827, 16051, 31460
2026/09/25 21:37:50.208, 0, 284.67, 42, 2865, 16051, 31970
2026/09/25 21:37:50.208, 1, 267.82, 42, 2827, 16051, 31460
2026/09/25 21:37:50.458, 0, 284.67, 42, 2865, 16051, 31970
2026/09/25 21:37:50.458, 1, 267.82, 42, 2827, 16051, 31460
2026/09/25 21:37:50.708, 0, 285.14, 46, 2865, 16051, 31970
2026/09/25 21:37:50.708, 1, 266.61, 46, 2827, 16051, 31460
2026/09/25 21:37:50.958, 0, 285.14, 46, 2865, 16051, 31970
2026/09/25 21:37:50.958, 1, 266.61, 46, 2827, 16051, 31460
2026/09/25 21:37:51.208, 0, 285.14, 44, 2865, 16051, 31970
2026/09/25 21:37:51.209, 1, 266.61, 46, 2827, 16051, 31460
2026/09/25 21:37:51.459, 0, 285.14, 44, 2865, 16051, 31970
2026/09/25 21:37:51.459, 1, 266.61, 46, 2827, 16051, 31460
2026/09/25 21:37:51.709, 0, 283.66, 41, 2865, 16051, 31970
2026/09/25 21:37:51.709, 1, 264.58, 44, 2835, 16051, 31460
2026/09/25 21:37:51.959, 0, 283.66, 41, 2865, 16051, 31970
2026/09/25 21:37:51.960, 1, 264.58, 44, 2835, 16051, 31460
2026/09/25 21:37:52.211, 0, 283.66, 42, 2865, 16051, 31970
2026/09/25 21:37:52.211, 1, 264.58, 47, 2835, 16051, 31460
2026/09/25 21:37:52.461, 0, 283.66, 42, 2865, 16051, 31970
2026/09/25 21:37:52.461, 1, 264.58, 47, 2835, 16051, 31460
2026/09/25 21:37:52.711, 0, 249.47, 45, 2895, 16051, 31970
2026/09/25 21:37:52.711, 1, 228.62, 41, 2857, 16051, 31460
2026/09/25 21:37:52.961, 0, 249.47, 45, 2895, 16051, 31970
2026/09/25 21:37:52.962, 1, 228.62, 41, 2857, 16051, 31460
2026/09/25 21:37:53.212, 0, 221.01, 48, 2895, 16051, 31970
2026/09/25 21:37:53.212, 1, 200.63, 50, 2857, 16051, 31460
2026/09/25 21:37:53.462, 0, 221.01, 48, 2895, 16051, 31970
2026/09/25 21:37:53.462, 1, 200.63, 50, 2857, 16051, 31460
2026/09/25 21:37:53.712, 0, 221.01, 43, 2895, 16051, 31970
2026/09/25 21:37:53.712, 1, 200.63, 48, 2857, 16051, 31460
2026/09/25 21:37:53.962, 0, 221.01, 43, 2895, 16051, 31970
2026/09/25 21:37:53.963, 1, 200.63, 48, 2857, 16051, 31460
2026/09/25 21:37:54.213, 0, 221.01, 40, 2895, 16051, 31970
2026/09/25 21:37:54.213, 1, 200.63, 44, 2857, 16051, 31460
2026/09/25 21:37:54.463, 0, 221.01, 40, 2895, 16051, 31970
2026/09/25 21:37:54.463, 1, 200.63, 44, 2857, 16051, 31460
2026/09/25 21:37:54.714, 0, 278.10, 42, 2857, 16051, 31970
2026/09/25 21:37:54.714, 1, 272.70, 44, 2827, 16051, 31460
2026/09/25 21:37:54.964, 0, 278.10, 42, 2857, 16051, 31970
2026/09/25 21:37:54.964, 1, 272.70, 44, 2827, 16051, 31460
2026/09/25 21:37:55.215, 0, 278.10, 41, 2857, 16051, 31970
2026/09/25 21:37:55.215, 1, 272.70, 42, 2827, 16051, 31460
2026/09/25 21:37:55.465, 0, 278.10, 41, 2857, 16051, 31970
2026/09/25 21:37:55.465, 1, 272.70, 42, 2827, 16051, 31460
2026/09/25 21:37:55.715, 0, 278.14, 43, 2865, 16051, 31970
2026/09/25 21:37:55.715, 1, 267.98, 44, 2827, 16051, 31460
2026/09/25 21:37:55.965, 0, 278.14, 43, 2865, 16051, 31970
2026/09/25 21:37:55.966, 1, 267.98, 44, 2827, 16051, 31460
2026/09/25 21:37:56.216, 0, 278.14, 43, 2865, 16051, 31970
2026/09/25 21:37:56.216, 1, 267.98, 47, 2827, 16051, 31460
2026/09/25 21:37:56.466, 0, 278.14, 43, 2865, 16051, 31970
2026/09/25 21:37:56.466, 1, 267.98, 47, 2827, 16051, 31460
2026/09/25 21:37:56.716, 0, 277.18, 43, 2865, 16051, 31970
2026/09/25 21:37:56.716, 1, 266.34, 45, 2827, 16051, 31460
2026/09/25 21:37:56.966, 0, 277.18, 43, 2865, 16051, 31970
2026/09/25 21:37:56.966, 1, 266.34, 45, 2827, 16051, 31460
2026/09/25 21:37:57.216, 0, 277.18, 44, 2865, 16051, 31970
2026/09/25 21:37:57.217, 1, 266.34, 44, 2827, 16051, 31460
2026/09/25 21:37:57.467, 0, 277.18, 44, 2865, 16051, 31970
2026/09/25 21:37:57.467, 1, 266.34, 44, 2827, 16051, 31460
2026/09/25 21:37:57.717, 0, 277.67, 41, 2857, 16051, 31970
2026/09/25 21:37:57.717, 1, 266.02, 45, 2827, 16051, 31460
2026/09/25 21:37:57.967, 0, 277.67, 41, 2857, 16051, 31970
2026/09/25 21:37:57.968, 1, 266.02, 45, 2827, 16051, 31460
2026/09/25 21:37:58.218, 0, 277.67, 43, 2857, 16051, 31970
2026/09/25 21:37:58.218, 1, 266.02, 45, 2827, 16051, 31460
2026/09/25 21:37:58.468, 0, 277.67, 43, 2857, 16051, 31970
2026/09/25 21:37:58.468, 1, 266.02, 45, 2827, 16051, 31460
2026/09/25 21:37:58.718, 0, 278.54, 41, 2857, 16051, 31970
2026/09/25 21:37:58.719, 1, 267.41, 43, 2820, 16051, 31460
2026/09/25 21:37:58.969, 0, 278.54, 41, 2857, 16051, 31970
2026/09/25 21:37:58.969, 1, 267.41, 43, 2820, 16051, 31460
2026/09/25 21:37:59.219, 0, 278.54, 42, 2857, 16051, 31970
2026/09/25 21:37:59.219, 1, 267.41, 47, 2820, 16051, 31460
2026/09/25 21:37:59.470, 0, 278.54, 42, 2857, 16051, 31970
2026/09/25 21:37:59.470, 1, 267.41, 47, 2820, 16051, 31460
2026/09/25 21:37:59.720, 0, 281.48, 43, 2857, 16051, 31970
2026/09/25 21:37:59.720, 1, 268.14, 44, 2827, 16051, 31460
2026/09/25 21:37:59.970, 0, 281.48, 43, 2857, 16051, 31970
2026/09/25 21:37:59.970, 1, 268.14, 44, 2827, 16051, 31460
2026/09/25 21:38:00.220, 0, 281.48, 44, 2857, 16051, 31970
2026/09/25 21:38:00.220, 1, 268.14, 45, 2827, 16051, 31460
2026/09/25 21:38:00.470, 0, 281.48, 44, 2857, 16051, 31970
2026/09/25 21:38:00.470, 1, 268.14, 45, 2827, 16051, 31460
2026/09/25 21:38:00.721, 0, 281.24, 41, 2857, 16051, 31970
2026/09/25 21:38:00.721, 1, 268.21, 43, 2820, 16051, 31460
2026/09/25 21:38:00.971, 0, 281.24, 41, 2857, 16051, 31970
2026/09/25 21:38:00.971, 1, 268.21, 43, 2820, 16051, 31460
2026/09/25 21:38:01.221, 0, 281.24, 44, 2857, 16051, 31970
2026/09/25 21:38:01.221, 1, 268.21, 45, 2820, 16051, 31460
2026/09/25 21:38:01.472, 0, 281.24, 44, 2857, 16051, 31970
2026/09/25 21:38:01.472, 1, 268.21, 45, 2820, 16051, 31460
2026/09/25 21:38:01.722, 0, 284.73, 42, 2857, 16051, 31970
2026/09/25 21:38:01.722, 1, 269.01, 45, 2827, 16051, 31460
2026/09/25 21:38:01.972, 0, 284.73, 42, 2857, 16051, 31970
2026/09/25 21:38:01.972, 1, 269.01, 45, 2827, 16051, 31460
2026/09/25 21:38:02.222, 0, 284.73, 42, 2857, 16051, 31970
2026/09/25 21:38:02.223, 1, 269.01, 44, 2827, 16051, 31460
2026/09/25 21:38:02.473, 0, 284.73, 42, 2857, 16051, 31970
2026/09/25 21:38:02.473, 1, 269.01, 44, 2827, 16051, 31460
2026/09/25 21:38:02.723, 0, 280.80, 40, 2865, 16051, 31970
2026/09/25 21:38:02.723, 1, 265.56, 45, 2835, 16051, 31460
2026/09/25 21:38:02.973, 0, 280.80, 40, 2865, 16051, 31970
2026/09/25 21:38:02.973, 1, 265.56, 45, 2835, 16051, 31460
2026/09/25 21:38:03.223, 0, 254.09, 49, 2895, 16051, 31970
2026/09/25 21:38:03.223, 1, 233.81, 46, 2857, 16051, 31460
2026/09/25 21:38:03.474, 0, 254.09, 49, 2895, 16051, 31970
2026/09/25 21:38:03.474, 1, 233.81, 46, 2857, 16051, 31460
2026/09/25 21:38:03.724, 0, 254.09, 44, 2895, 16051, 31970
2026/09/25 21:38:03.724, 1, 233.81, 48, 2857, 16051, 31460
2026/09/25 21:38:03.974, 0, 254.09, 44, 2895, 16051, 31970
2026/09/25 21:38:03.974, 1, 233.81, 48, 2857, 16051, 31460
2026/09/25 21:38:04.224, 0, 254.09, 43, 2895, 16051, 31970
2026/09/25 21:38:04.224, 1, 233.81, 46, 2857, 16051, 31460
2026/09/25 21:38:04.474, 0, 254.09, 43, 2895, 16051, 31970
2026/09/25 21:38:04.474, 1, 233.81, 46, 2857, 16051, 31460
2026/09/25 21:38:04.725, 0, 281.43, 42, 2865, 16051, 31970
2026/09/25 21:38:04.725, 1, 272.92, 46, 2827, 16051, 31460
2026/09/25 21:38:04.975, 0, 281.43, 42, 2865, 16051, 31970
2026/09/25 21:38:04.975, 1, 272.92, 46, 2827, 16051, 31460
2026/09/25 21:38:05.226, 0, 281.43, 44, 2865, 16051, 31970
2026/09/25 21:38:05.226, 1, 272.92, 46, 2827, 16051, 31460
2026/09/25 21:38:05.476, 0, 281.43, 44, 2865, 16051, 31970
2026/09/25 21:38:05.476, 1, 272.92, 46, 2827, 16051, 31460
2026/09/25 21:38:05.726, 0, 281.35, 43, 2865, 16051, 31970
2026/09/25 21:38:05.726, 1, 269.23, 44, 2827, 16051, 31460
2026/09/25 21:38:05.976, 0, 281.35, 43, 2865, 16051, 31970
2026/09/25 21:38:05.976, 1, 269.23, 44, 2827, 16051, 31460
2026/09/25 21:38:06.227, 0, 281.35, 43, 2865, 16051, 31970
2026/09/25 21:38:06.227, 1, 269.23, 44, 2827, 16051, 31460
2026/09/25 21:38:06.477, 0, 281.35, 43, 2865, 16051, 31970
2026/09/25 21:38:06.477, 1, 269.23, 44, 2827, 16051, 31460
2026/09/25 21:38:06.727, 0, 281.14, 45, 2850, 16051, 31970
2026/09/25 21:38:06.727, 1, 269.86, 47, 2820, 16051, 31460
2026/09/25 21:38:06.977, 0, 281.14, 45, 2850, 16051, 31970
2026/09/25 21:38:06.977, 1, 269.86, 47, 2820, 16051, 31460
2026/09/25 21:38:07.227, 0, 281.14, 42, 2850, 16051, 31970
2026/09/25 21:38:07.227, 1, 269.86, 45, 2820, 16051, 31460
2026/09/25 21:38:07.477, 0, 281.14, 42, 2850, 16051, 31970
2026/09/25 21:38:07.478, 1, 269.86, 45, 2820, 16051, 31460
2026/09/25 21:38:07.728, 0, 281.38, 45, 2850, 16051, 31970
2026/09/25 21:38:07.728, 1, 270.93, 47, 2820, 16051, 31460
2026/09/25 21:38:07.978, 0, 281.38, 45, 2850, 16051, 31970
2026/09/25 21:38:07.978, 1, 270.93, 47, 2820, 16051, 31460
2026/09/25 21:38:08.228, 0, 281.38, 43, 2850, 16051, 31970
2026/09/25 21:38:08.228, 1, 270.93, 45, 2820, 16051, 31460
2026/09/25 21:38:08.478, 0, 281.38, 43, 2850, 16051, 31970
2026/09/25 21:38:08.478, 1, 270.93, 45, 2820, 16051, 31460
2026/09/25 21:38:08.728, 0, 283.90, 44, 2850, 16051, 31970
2026/09/25 21:38:08.729, 1, 272.01, 46, 2820, 16051, 31460
2026/09/25 21:38:08.979, 0, 283.90, 44, 2850, 16051, 31970
2026/09/25 21:38:08.979, 1, 272.01, 46, 2820, 16051, 31460
2026/09/25 21:38:09.229, 0, 283.90, 44, 2850, 16051, 31970
2026/09/25 21:38:09.229, 1, 272.01, 46, 2820, 16051, 31460
2026/09/25 21:38:09.479, 0, 283.90, 44, 2850, 16051, 31970
2026/09/25 21:38:09.479, 1, 272.01, 46, 2820, 16051, 31460
2026/09/25 21:38:09.729, 0, 284.24, 44, 2857, 16051, 31970
2026/09/25 21:38:09.729, 1, 269.58, 45, 2827, 16051, 31460
2026/09/25 21:38:09.979, 0, 284.24, 44, 2857, 16051, 31970
2026/09/25 21:38:09.981, 1, 269.58, 45, 2827, 16051, 31460
2026/09/25 21:38:10.232, 0, 284.24, 45, 2857, 16051, 31970
2026/09/25 21:38:10.232, 1, 269.58, 47, 2827, 16051, 31460
2026/09/25 21:38:10.482, 0, 284.24, 45, 2857, 16051, 31970
2026/09/25 21:38:10.482, 1, 269.58, 47, 2827, 16051, 31460
2026/09/25 21:38:10.733, 0, 284.31, 42, 2857, 16051, 31970
2026/09/25 21:38:10.733, 1, 271.70, 45, 2820, 16051, 31460
2026/09/25 21:38:10.983, 0, 284.31, 42, 2857, 16051, 31970
2026/09/25 21:38:10.983, 1, 271.70, 45, 2820, 16051, 31460
2026/09/25 21:38:11.234, 0, 284.31, 44, 2857, 16051, 31970
2026/09/25 21:38:11.234, 1, 271.70, 44, 2820, 16051, 31460
2026/09/25 21:38:11.484, 0, 284.31, 44, 2857, 16051, 31970
2026/09/25 21:38:11.484, 1, 271.70, 44, 2820, 16051, 31460
2026/09/25 21:38:11.734, 0, 287.13, 45, 2850, 16051, 31970
2026/09/25 21:38:11.734, 1, 272.36, 46, 2820, 16051, 31460
2026/09/25 21:38:11.984, 0, 287.13, 45, 2850, 16051, 31970
2026/09/25 21:38:11.984, 1, 272.36, 46, 2820, 16051, 31460
2026/09/25 21:38:12.234, 0, 287.13, 40, 2850, 16051, 31970
2026/09/25 21:38:12.234, 1, 272.36, 42, 2820, 16051, 31460
2026/09/25 21:38:12.484, 0, 287.13, 40, 2850, 16051, 31970
2026/09/25 21:38:12.485, 1, 272.36, 42, 2820, 16051, 31460
2026/09/25 21:38:12.735, 0, 273.67, 50, 2895, 16051, 31970
2026/09/25 21:38:12.735, 1, 248.35, 45, 2857, 16051, 31460
2026/09/25 21:38:12.985, 0, 273.67, 50, 2895, 16051, 31970
2026/09/25 21:38:12.985, 1, 248.35, 45, 2857, 16051, 31460
2026/09/25 21:38:13.235, 0, 247.69, 55, 2895, 16051, 31970
2026/09/25 21:38:13.235, 1, 218.40, 36, 2857, 16051, 31460
2026/09/25 21:38:13.485, 0, 247.69, 55, 2895, 16051, 31970
2026/09/25 21:38:13.485, 1, 218.40, 36, 2857, 16051, 31460
2026/09/25 21:38:13.735, 0, 247.69, 42, 2895, 16051, 31970
2026/09/25 21:38:13.736, 1, 218.40, 45, 2857, 16051, 31460
2026/09/25 21:38:13.986, 0, 247.69, 42, 2895, 16051, 31970
2026/09/25 21:38:13.986, 1, 218.40, 45, 2857, 16051, 31460
2026/09/25 21:38:14.236, 0, 247.69, 47, 2895, 16051, 31970
2026/09/25 21:38:14.236, 1, 218.40, 49, 2857, 16051, 31460
2026/09/25 21:38:14.486, 0, 247.69, 47, 2895, 16051, 31970
2026/09/25 21:38:14.486, 1, 218.40, 49, 2857, 16051, 31460
2026/09/25 21:38:14.736, 0, 279.70, 43, 2857, 16051, 31970
2026/09/25 21:38:14.736, 1, 270.16, 46, 2827, 16051, 31460
2026/09/25 21:38:14.986, 0, 279.70, 43, 2857, 16051, 31970
2026/09/25 21:38:14.988, 1, 270.16, 46, 2827, 16051, 31460
2026/09/25 21:38:15.238, 0, 279.70, 46, 2857, 16051, 31970
2026/09/25 21:38:15.238, 1, 270.16, 48, 2827, 16051, 31460
2026/09/25 21:38:15.488, 0, 279.70, 46, 2857, 16051, 31970
2026/09/25 21:38:15.488, 1, 270.16, 48, 2827, 16051, 31460
2026/09/25 21:38:15.738, 0, 280.85, 43, 2857, 16051, 31970
2026/09/25 21:38:15.738, 1, 270.32, 46, 2827, 16051, 31460
2026/09/25 21:38:15.988, 0, 280.85, 43, 2857, 16051, 31970
2026/09/25 21:38:15.988, 1, 270.32, 46, 2827, 16051, 31460
2026/09/25 21:38:16.238, 0, 280.85, 44, 2857, 16051, 31970
2026/09/25 21:38:16.238, 1, 270.32, 46, 2827, 16051, 31460
2026/09/25 21:38:16.489, 0, 280.85, 44, 2857, 16051, 31970
2026/09/25 21:38:16.489, 1, 270.32, 46, 2827, 16051, 31460
2026/09/25 21:38:16.739, 0, 281.70, 44, 2857, 16051, 31970
2026/09/25 21:38:16.739, 1, 270.34, 46, 2827, 16051, 31460
2026/09/25 21:38:16.989, 0, 281.70, 44, 2857, 16051, 31970
2026/09/25 21:38:16.990, 1, 270.34, 46, 2827, 16051, 31460
2026/09/25 21:38:17.241, 0, 281.70, 44, 2857, 16051, 31970
2026/09/25 21:38:17.242, 1, 270.34, 46, 2827, 16051, 31460
2026/09/25 21:38:17.492, 0, 281.70, 44, 2857, 16051, 31970
2026/09/25 21:38:17.492, 1, 270.34, 46, 2827, 16051, 31460
2026/09/25 21:38:17.742, 0, 282.26, 45, 2857, 16051, 31970
2026/09/25 21:38:17.742, 1, 270.80, 47, 2820, 16051, 31460
2026/09/25 21:38:17.992, 0, 282.26, 45, 2857, 16051, 31970
2026/09/25 21:38:17.993, 1, 270.80, 47, 2820, 16051, 31460
2026/09/25 21:38:18.244, 0, 282.26, 44, 2857, 16051, 31970
2026/09/25 21:38:18.244, 1, 270.80, 45, 2820, 16051, 31460
2026/09/25 21:38:18.494, 0, 282.26, 44, 2857, 16051, 31970
2026/09/25 21:38:18.494, 1, 270.80, 45, 2820, 16051, 31460
2026/09/25 21:38:18.744, 0, 282.48, 42, 2857, 16051, 31970
2026/09/25 21:38:18.744, 1, 269.41, 44, 2820, 16051, 31460
2026/09/25 21:38:18.994, 0, 282.48, 42, 2857, 16051, 31970
2026/09/25 21:38:18.994, 1, 269.41, 44, 2820, 16051, 31460
2026/09/25 21:38:19.244, 0, 282.48, 44, 2857, 16051, 31970
2026/09/25 21:38:19.244, 1, 269.41, 45, 2820, 16051, 31460
2026/09/25 21:38:19.495, 0, 282.48, 44, 2857, 16051, 31970
2026/09/25 21:38:19.495, 1, 269.41, 45, 2820, 16051, 31460
2026/09/25 21:38:19.745, 0, 283.35, 45, 2850, 16051, 31970
2026/09/25 21:38:19.745, 1, 269.79, 46, 2827, 16051, 31460
2026/09/25 21:38:19.995, 0, 283.35, 45, 2850, 16051, 31970
2026/09/25 21:38:19.995, 1, 269.79, 46, 2827, 16051, 31460
2026/09/25 21:38:20.246, 0, 283.35, 42, 2850, 16051, 31970
2026/09/25 21:38:20.246, 1, 269.79, 47, 2827, 16051, 31460
2026/09/25 21:38:20.496, 0, 283.35, 42, 2850, 16051, 31970
2026/09/25 21:38:20.496, 1, 269.79, 47, 2827, 16051, 31460
2026/09/25 21:38:20.746, 0, 286.11, 43, 2857, 16051, 31970
2026/09/25 21:38:20.746, 1, 273.84, 44, 2820, 16051, 31460
2026/09/25 21:38:20.997, 0, 286.11, 43, 2857, 16051, 31970
2026/09/25 21:38:20.997, 1, 273.84, 44, 2820, 16051, 31460
2026/09/25 21:38:21.247, 0, 286.11, 44, 2857, 16051, 31970
2026/09/25 21:38:21.247, 1, 273.84, 48, 2820, 16051, 31460
2026/09/25 21:38:21.497, 0, 286.11, 44, 2857, 16051, 31970
2026/09/25 21:38:21.497, 1, 273.84, 48, 2820, 16051, 31460
2026/09/25 21:38:21.747, 0, 287.01, 43, 2865, 16051, 31970
2026/09/25 21:38:21.747, 1, 273.75, 45, 2820, 16051, 31460
2026/09/25 21:38:21.998, 0, 287.01, 43, 2865, 16051, 31970
2026/09/25 21:38:21.998, 1, 273.75, 45, 2820, 16051, 31460
2026/09/25 21:38:22.248, 0, 287.01, 41, 2865, 16051, 31970
2026/09/25 21:38:22.248, 1, 273.75, 47, 2820, 16051, 31460
2026/09/25 21:38:22.498, 0, 287.01, 41, 2865, 16051, 31970
2026/09/25 21:38:22.498, 1, 273.75, 47, 2820, 16051, 31460
2026/09/25 21:38:22.748, 0, 250.47, 47, 2895, 16051, 31970
2026/09/25 21:38:22.748, 1, 228.92, 51, 2857, 16051, 31460
2026/09/25 21:38:22.998, 0, 250.47, 47, 2895, 16051, 31970
2026/09/25 21:38:22.998, 1, 228.92, 51, 2857, 16051, 31460
2026/09/25 21:38:23.248, 0, 250.47, 41, 2895, 16051, 31970
2026/09/25 21:38:23.249, 1, 228.92, 45, 2857, 16051, 31460
2026/09/25 21:38:23.499, 0, 250.47, 41, 2895, 16051, 31970
2026/09/25 21:38:23.499, 1, 228.92, 45, 2857, 16051, 31460
2026/09/25 21:38:23.749, 0, 260.96, 42, 2857, 16051, 31970
2026/09/25 21:38:23.749, 1, 256.72, 46, 2820, 16051, 31460
2026/09/25 21:38:23.999, 0, 260.96, 42, 2857, 16051, 31970
2026/09/25 21:38:23.999, 1, 256.72, 46, 2820, 16051, 31460
2026/09/25 21:38:24.249, 0, 260.96, 47, 2857, 16051, 31970
2026/09/25 21:38:24.249, 1, 256.72, 49, 2820, 16051, 31460
2026/09/25 21:38:24.499, 0, 260.96, 47, 2857, 16051, 31970
2026/09/25 21:38:24.500, 1, 256.72, 49, 2820, 16051, 31460
2026/09/25 21:38:24.750, 0, 280.32, 44, 2865, 16051, 31970
2026/09/25 21:38:24.750, 1, 270.24, 47, 2827, 16051, 31460
2026/09/25 21:38:25.000, 0, 280.32, 44, 2865, 16051, 31970
2026/09/25 21:38:25.000, 1, 270.24, 47, 2827, 16051, 31460
2026/09/25 21:38:25.250, 0, 280.32, 42, 2865, 16051, 31970
2026/09/25 21:38:25.250, 1, 270.24, 45, 2827, 16051, 31460
2026/09/25 21:38:25.500, 0, 280.32, 42, 2865, 16051, 31970
2026/09/25 21:38:25.500, 1, 270.24, 45, 2827, 16051, 31460
2026/09/25 21:38:25.750, 0, 281.40, 44, 2865, 16051, 31970
2026/09/25 21:38:25.751, 1, 267.80, 44, 2827, 16051, 31460
2026/09/25 21:38:26.001, 0, 281.40, 44, 2865, 16051, 31970
2026/09/25 21:38:26.001, 1, 267.80, 44, 2827, 16051, 31460
2026/09/25 21:38:26.251, 0, 281.40, 45, 2865, 16051, 31970
2026/09/25 21:38:26.251, 1, 267.80, 46, 2827, 16051, 31460
2026/09/25 21:38:26.501, 0, 281.40, 45, 2865, 16051, 31970
2026/09/25 21:38:26.501, 1, 267.80, 46, 2827, 16051, 31460
2026/09/25 21:38:26.751, 0, 282.96, 44, 2850, 16051, 31970
2026/09/25 21:38:26.751, 1, 269.64, 46, 2820, 16051, 31460
2026/09/25 21:38:27.001, 0, 282.96, 44, 2850, 16051, 31970
2026/09/25 21:38:27.002, 1, 269.64, 46, 2820, 16051, 31460
2026/09/25 21:38:27.252, 0, 282.96, 44, 2850, 16051, 31970
2026/09/25 21:38:27.252, 1, 269.64, 48, 2820, 16051, 31460
2026/09/25 21:38:27.502, 0, 282.96, 44, 2850, 16051, 31970
2026/09/25 21:38:27.502, 1, 269.64, 48, 2820, 16051, 31460
2026/09/25 21:38:27.752, 0, 276.77, 44, 2857, 16051, 31970
2026/09/25 21:38:27.752, 1, 264.66, 46, 2827, 16051, 31460
2026/09/25 21:38:28.002, 0, 276.77, 44, 2857, 16051, 31970
2026/09/25 21:38:28.002, 1, 264.66, 46, 2827, 16051, 31460
2026/09/25 21:38:28.252, 0, 276.77, 44, 2857, 16051, 31970
2026/09/25 21:38:28.252, 1, 264.66, 47, 2827, 16051, 31460
2026/09/25 21:38:28.503, 0, 276.77, 44, 2857, 16051, 31970
2026/09/25 21:38:28.503, 1, 264.66, 47, 2827, 16051, 31460
2026/09/25 21:38:28.753, 0, 281.14, 43, 2857, 16051, 31970
2026/09/25 21:38:28.753, 1, 268.81, 45, 2827, 16051, 31460
2026/09/25 21:38:29.003, 0, 281.14, 43, 2857, 16051, 31970
2026/09/25 21:38:29.003, 1, 268.81, 45, 2827, 16051, 31460
2026/09/25 21:38:29.253, 0, 281.14, 35, 2857, 16051, 31970
2026/09/25 21:38:29.253, 1, 268.81, 46, 2827, 16051, 31460
2026/09/25 21:38:29.503, 0, 281.14, 35, 2857, 16051, 31970
2026/09/25 21:38:29.503, 1, 268.81, 46, 2827, 16051, 31460
2026/09/25 21:38:29.754, 0, 279.40, 44, 2857, 16051, 31970
2026/09/25 21:38:29.754, 1, 264.21, 46, 2827, 16051, 31460
2026/09/25 21:38:30.004, 0, 279.40, 44, 2857, 16051, 31970
2026/09/25 21:38:30.004, 1, 264.21, 46, 2827, 16051, 31460
2026/09/25 21:38:30.254, 0, 279.40, 43, 2857, 16051, 31970
2026/09/25 21:38:30.254, 1, 264.21, 46, 2827, 16051, 31460
2026/09/25 21:38:30.504, 0, 279.40, 43, 2857, 16051, 31970
2026/09/25 21:38:30.504, 1, 264.21, 46, 2827, 16051, 31460
2026/09/25 21:38:30.754, 0, 280.34, 43, 2857, 16051, 31970
2026/09/25 21:38:30.755, 1, 266.79, 44, 2820, 16051, 31460
2026/09/25 21:38:31.005, 0, 280.34, 43, 2857, 16051, 31970
2026/09/25 21:38:31.005, 1, 266.79, 44, 2820, 16051, 31460
2026/09/25 21:38:31.255, 0, 280.34, 44, 2857, 16051, 31970
2026/09/25 21:38:31.255, 1, 266.79, 46, 2820, 16051, 31460
2026/09/25 21:38:31.505, 0, 280.34, 44, 2857, 16051, 31970
2026/09/25 21:38:31.505, 1, 266.79, 46, 2820, 16051, 31460
2026/09/25 21:38:31.755, 0, 283.52, 43, 2865, 16051, 31970
2026/09/25 21:38:31.755, 1, 268.47, 46, 2827, 16051, 31460
2026/09/25 21:38:32.005, 0, 283.52, 43, 2865, 16051, 31970
2026/09/25 21:38:32.006, 1, 268.47, 46, 2827, 16051, 31460
2026/09/25 21:38:32.256, 0, 283.52, 42, 2865, 16051, 31970
2026/09/25 21:38:32.256, 1, 268.47, 39, 2827, 16051, 31460
2026/09/25 21:38:32.506, 0, 283.52, 42, 2865, 16051, 31970
2026/09/25 21:38:32.506, 1, 268.47, 39, 2827, 16051, 31460
2026/09/25 21:38:32.756, 0, 240.27, 44, 2895, 16051, 31970
2026/09/25 21:38:32.756, 1, 219.82, 51, 2857, 16051, 31460
2026/09/25 21:38:33.006, 0, 240.27, 44, 2895, 16051, 31970
2026/09/25 21:38:33.006, 1, 219.82, 51, 2857, 16051, 31460
2026/09/25 21:38:33.256, 0, 221.86, 36, 2895, 16051, 31970
2026/09/25 21:38:33.257, 1, 202.69, 51, 2857, 16051, 31460
2026/09/25 21:38:33.507, 0, 221.86, 36, 2895, 16051, 31970
2026/09/25 21:38:33.507, 1, 202.69, 51, 2857, 16051, 31460
2026/09/25 21:38:33.757, 0, 221.86, 41, 2895, 16051, 31970
2026/09/25 21:38:33.757, 1, 202.69, 44, 2857, 16051, 31460
2026/09/25 21:38:34.007, 0, 221.86, 41, 2895, 16051, 31970
2026/09/25 21:38:34.007, 1, 202.69, 44, 2857, 16051, 31460
2026/09/25 21:38:34.257, 0, 221.86, 43, 2895, 16051, 31970
2026/09/25 21:38:34.258, 1, 202.69, 47, 2857, 16051, 31460
2026/09/25 21:38:34.508, 0, 221.86, 43, 2895, 16051, 31970
2026/09/25 21:38:34.508, 1, 202.69, 47, 2857, 16051, 31460
2026/09/25 21:38:34.758, 0, 279.90, 44, 2857, 16051, 31970
2026/09/25 21:38:34.758, 1, 270.81, 45, 2827, 16051, 31460
2026/09/25 21:38:35.008, 0, 279.90, 44, 2857, 16051, 31970
2026/09/25 21:38:35.008, 1, 270.81, 45, 2827, 16051, 31460
2026/09/25 21:38:35.258, 0, 279.90, 42, 2857, 16051, 31970
2026/09/25 21:38:35.258, 1, 270.81, 47, 2827, 16051, 31460
2026/09/25 21:38:35.508, 0, 279.90, 42, 2857, 16051, 31970
2026/09/25 21:38:35.509, 1, 270.81, 47, 2827, 16051, 31460
2026/09/25 21:38:35.759, 0, 286.50, 42, 2865, 16051, 31970
2026/09/25 21:38:35.759, 1, 272.48, 44, 2827, 16051, 31460
2026/09/25 21:38:36.009, 0, 286.50, 42, 2865, 16051, 31970
2026/09/25 21:38:36.009, 1, 272.48, 44, 2827, 16051, 31460
2026/09/25 21:38:36.259, 0, 286.50, 41, 2865, 16051, 31970
2026/09/25 21:38:36.259, 1, 272.48, 47, 2827, 16051, 31460
2026/09/25 21:38:36.509, 0, 286.50, 41, 2865, 16051, 31970
2026/09/25 21:38:36.509, 1, 272.48, 47, 2827, 16051, 31460
2026/09/25 21:38:36.759, 0, 286.49, 41, 2857, 16051, 31970
2026/09/25 21:38:36.759, 1, 272.90, 41, 2820, 16051, 31460
2026/09/25 21:38:37.010, 0, 286.49, 41, 2857, 16051, 31970
2026/09/25 21:38:37.010, 1, 272.90, 41, 2820, 16051, 31460
2026/09/25 21:38:37.260, 0, 286.49, 46, 2857, 16051, 31970
2026/09/25 21:38:37.260, 1, 272.90, 39, 2820, 16051, 31460
2026/09/25 21:38:37.510, 0, 286.49, 46, 2857, 16051, 31970
2026/09/25 21:38:37.510, 1, 272.90, 39, 2820, 16051, 31460
2026/09/25 21:38:37.760, 0, 282.34, 41, 2857, 16051, 31970
2026/09/25 21:38:37.760, 1, 268.22, 39, 2827, 16051, 31460
2026/09/25 21:38:38.011, 0, 282.34, 41, 2857, 16051, 31970
2026/09/25 21:38:38.011, 1, 268.22, 39, 2827, 16051, 31460
2026/09/25 21:38:38.261, 0, 282.34, 39, 2857, 16051, 31970
2026/09/25 21:38:38.261, 1, 268.22, 45, 2827, 16051, 31460
2026/09/25 21:38:38.511, 0, 282.34, 39, 2857, 16051, 31970
2026/09/25 21:38:38.511, 1, 268.22, 45, 2827, 16051, 31460
2026/09/25 21:38:38.761, 0, 283.27, 40, 2857, 16051, 31970
2026/09/25 21:38:38.761, 1, 268.82, 42, 2820, 16051, 31460
2026/09/25 21:38:39.011, 0, 283.27, 40, 2857, 16051, 31970
2026/09/25 21:38:39.011, 1, 268.82, 42, 2820, 16051, 31460
2026/09/25 21:38:39.261, 0, 283.27, 44, 2857, 16051, 31970
2026/09/25 21:38:39.262, 1, 268.82, 43, 2820, 16051, 31460
2026/09/25 21:38:39.512, 0, 283.27, 44, 2857, 16051, 31970
2026/09/25 21:38:39.512, 1, 268.82, 43, 2820, 16051, 31460
2026/09/25 21:38:39.762, 0, 282.08, 42, 2857, 16051, 31970
2026/09/25 21:38:39.762, 1, 266.35, 47, 2820, 16051, 31460
2026/09/25 21:38:40.012, 0, 282.08, 42, 2857, 16051, 31970
2026/09/25 21:38:40.012, 1, 266.35, 47, 2820, 16051, 31460
2026/09/25 21:38:40.262, 0, 282.08, 43, 2857, 16051, 31970
2026/09/25 21:38:40.262, 1, 266.35, 42, 2820, 16051, 31460
2026/09/25 21:38:40.512, 0, 282.08, 43, 2857, 16051, 31970
2026/09/25 21:38:40.512, 1, 266.35, 42, 2820, 16051, 31460
2026/09/25 21:38:40.763, 0, 281.71, 39, 2857, 16051, 31970
2026/09/25 21:38:40.763, 1, 266.80, 39, 2827, 16051, 31460
2026/09/25 21:38:41.013, 0, 281.71, 39, 2857, 16051, 31970
2026/09/25 21:38:41.013, 1, 266.80, 39, 2827, 16051, 31460
2026/09/25 21:38:41.263, 0, 281.71, 37, 2857, 16051, 31970
2026/09/25 21:38:41.263, 1, 266.80, 40, 2827, 16051, 31460
2026/09/25 21:38:41.513, 0, 281.71, 37, 2857, 16051, 31970
2026/09/25 21:38:41.513, 1, 266.80, 40, 2827, 16051, 31460
2026/09/25 21:38:41.763, 0, 285.11, 42, 2857, 16051, 31970
2026/09/25 21:38:41.764, 1, 266.99, 47, 2827, 16051, 31460
2026/09/25 21:38:42.014, 0, 285.11, 42, 2857, 16051, 31970
2026/09/25 21:38:42.014, 1, 266.99, 47, 2827, 16051, 31460
2026/09/25 21:38:42.264, 0, 285.11, 42, 2857, 16051, 31970
2026/09/25 21:38:42.264, 1, 266.99, 45, 2827, 16051, 31460
2026/09/25 21:38:42.514, 0, 285.11, 42, 2857, 16051, 31970
2026/09/25 21:38:42.514, 1, 266.99, 45, 2827, 16051, 31460
2026/09/25 21:38:42.764, 0, 283.52, 47, 2857, 16051, 31970
2026/09/25 21:38:42.764, 1, 264.18, 45, 2827, 16051, 31460
2026/09/25 21:38:43.014, 0, 283.52, 47, 2857, 16051, 31970
2026/09/25 21:38:43.014, 1, 264.18, 45, 2827, 16051, 31460
2026/09/25 21:38:43.265, 0, 283.52, 43, 2857, 16051, 31970
2026/09/25 21:38:43.265, 1, 264.18, 45, 2827, 16051, 31460
2026/09/25 21:38:43.515, 0, 283.52, 43, 2857, 16051, 31970
2026/09/25 21:38:43.515, 1, 264.18, 45, 2827, 16051, 31460
2026/09/25 21:38:43.765, 0, 261.78, 54, 2895, 16051, 31970
2026/09/25 21:38:43.765, 1, 238.67, 35, 2857, 16051, 31460
2026/09/25 21:38:44.015, 0, 261.78, 54, 2895, 16051, 31970
2026/09/25 21:38:44.015, 1, 238.67, 35, 2857, 16051, 31460
2026/09/25 21:38:44.265, 0, 238.03, 56, 2895, 16051, 31970
2026/09/25 21:38:44.266, 1, 216.01, 40, 2857, 16051, 31460
2026/09/25 21:38:44.516, 0, 238.03, 56, 2895, 16051, 31970
2026/09/25 21:38:44.516, 1, 216.01, 40, 2857, 16051, 31460
2026/09/25 21:38:44.766, 0, 238.03, 44, 2895, 16051, 31970
2026/09/25 21:38:44.766, 1, 216.01, 44, 2857, 16051, 31460
2026/09/25 21:38:45.016, 0, 238.03, 44, 2895, 16051, 31970
2026/09/25 21:38:45.016, 1, 216.01, 44, 2857, 16051, 31460
2026/09/25 21:38:45.266, 0, 238.03, 43, 2895, 16051, 31970
2026/09/25 21:38:45.266, 1, 216.01, 46, 2857, 16051, 31460
2026/09/25 21:38:45.516, 0, 238.03, 43, 2895, 16051, 31970
2026/09/25 21:38:45.516, 1, 216.01, 46, 2857, 16051, 31460
2026/09/25 21:38:45.767, 0, 283.55, 43, 2865, 16051, 31970
2026/09/25 21:38:45.767, 1, 272.79, 45, 2827, 16051, 31460
2026/09/25 21:38:46.017, 0, 283.55, 43, 2865, 16051, 31970
2026/09/25 21:38:46.017, 1, 272.79, 45, 2827, 16051, 31460
2026/09/25 21:38:46.267, 0, 283.55, 42, 2865, 16051, 31970
2026/09/25 21:38:46.267, 1, 272.79, 45, 2827, 16051, 31460
2026/09/25 21:38:46.517, 0, 283.55, 42, 2865, 16051, 31970
2026/09/25 21:38:46.517, 1, 272.79, 45, 2827, 16051, 31460
2026/09/25 21:38:46.767, 0, 286.05, 45, 2857, 16051, 31970
2026/09/25 21:38:46.767, 1, 269.87, 45, 2820, 16051, 31460
2026/09/25 21:38:47.017, 0, 286.05, 45, 2857, 16051, 31970
2026/09/25 21:38:47.018, 1, 269.87, 45, 2820, 16051, 31460
2026/09/25 21:38:47.268, 0, 286.05, 44, 2857, 16051, 31970
2026/09/25 21:38:47.268, 1, 269.87, 44, 2820, 16051, 31460
2026/09/25 21:38:47.518, 0, 286.05, 44, 2857, 16051, 31970
2026/09/25 21:38:47.518, 1, 269.87, 44, 2820, 16051, 31460
2026/09/25 21:38:47.768, 0, 288.43, 47, 2857, 16051, 31970
2026/09/25 21:38:47.768, 1, 270.84, 46, 2827, 16051, 31460
2026/09/25 21:38:48.018, 0, 288.43, 47, 2857, 16051, 31970
2026/09/25 21:38:48.018, 1, 270.84, 46, 2827, 16051, 31460
2026/09/25 21:38:48.268, 0, 288.43, 44, 2857, 16051, 31970
2026/09/25 21:38:48.269, 1, 270.84, 48, 2827, 16051, 31460
2026/09/25 21:38:48.519, 0, 288.43, 44, 2857, 16051, 31970
2026/09/25 21:38:48.519, 1, 270.84, 48, 2827, 16051, 31460
2026/09/25 21:38:48.769, 0, 287.19, 41, 2857, 16051, 31970
2026/09/25 21:38:48.769, 1, 270.02, 41, 2820, 16051, 31460
2026/09/25 21:38:49.019, 0, 287.19, 41, 2857, 16051, 31970
2026/09/25 21:38:49.019, 1, 270.02, 41, 2820, 16051, 31460
2026/09/25 21:38:49.269, 0, 287.19, 42, 2857, 16051, 31970
2026/09/25 21:38:49.269, 1, 270.02, 41, 2820, 16051, 31460
2026/09/25 21:38:49.519, 0, 287.19, 42, 2857, 16051, 31970
2026/09/25 21:38:49.519, 1, 270.02, 41, 2820, 16051, 31460
2026/09/25 21:38:49.770, 0, 289.62, 43, 2857, 16051, 31970
2026/09/25 21:38:49.770, 1, 272.71, 41, 2820, 16051, 31460
2026/09/25 21:38:50.020, 0, 289.62, 43, 2857, 16051, 31970
2026/09/25 21:38:50.020, 1, 272.71, 41, 2820, 16051, 31460
2026/09/25 21:38:50.270, 0, 289.62, 43, 2857, 16051, 31970
2026/09/25 21:38:50.270, 1, 272.71, 41, 2820, 16051, 31460
2026/09/25 21:38:50.520, 0, 289.62, 43, 2857, 16051, 31970
2026/09/25 21:38:50.520, 1, 272.71, 41, 2820, 16051, 31460
2026/09/25 21:38:50.770, 0, 286.43, 40, 2857, 16051, 31970
2026/09/25 21:38:50.771, 1, 269.84, 41, 2827, 16051, 31460
2026/09/25 21:38:51.021, 0, 286.43, 40, 2857, 16051, 31970
2026/09/25 21:38:51.021, 1, 269.84, 41, 2827, 16051, 31460
2026/09/25 21:38:51.271, 0, 286.43, 42, 2857, 16051, 31970
2026/09/25 21:38:51.271, 1, 269.84, 47, 2827, 16051, 31460
2026/09/25 21:38:51.521, 0, 286.43, 42, 2857, 16051, 31970
2026/09/25 21:38:51.521, 1, 269.84, 47, 2827, 16051, 31460
2026/09/25 21:38:51.771, 0, 289.20, 42, 2857, 16051, 31970
2026/09/25 21:38:51.771, 1, 271.83, 42, 2827, 16051, 31460
2026/09/25 21:38:52.021, 0, 289.20, 42, 2857, 16051, 31970
2026/09/25 21:38:52.022, 1, 271.83, 42, 2827, 16051, 31460
2026/09/25 21:38:52.272, 0, 289.20, 48, 2857, 16051, 31970
2026/09/25 21:38:52.272, 1, 271.83, 45, 2827, 16051, 31460
2026/09/25 21:38:52.522, 0, 289.20, 48, 2857, 16051, 31970
2026/09/25 21:38:52.522, 1, 271.83, 45, 2827, 16051, 31460
2026/09/25 21:38:52.772, 0, 291.59, 41, 2857, 16051, 31970
2026/09/25 21:38:52.772, 1, 273.02, 46, 2827, 16051, 31460
2026/09/25 21:38:53.022, 0, 291.59, 41, 2857, 16051, 31970
2026/09/25 21:38:53.022, 1, 273.02, 46, 2827, 16051, 31460
2026/09/25 21:38:53.272, 0, 291.59, 41, 2857, 16051, 31970
2026/09/25 21:38:53.273, 1, 273.02, 42, 2827, 16051, 31460
2026/09/25 21:38:53.523, 0, 291.59, 41, 2857, 16051, 31970
2026/09/25 21:38:53.523, 1, 273.02, 42, 2827, 16051, 31460
2026/09/25 21:38:53.773, 0, 288.05, 41, 2865, 16051, 31970
2026/09/25 21:38:53.773, 1, 269.96, 43, 2827, 16051, 31460
2026/09/25 21:38:54.023, 0, 288.05, 41, 2865, 16051, 31970
2026/09/25 21:38:54.023, 1, 269.96, 43, 2827, 16051, 31460
2026/09/25 21:38:54.273, 0, 258.53, 34, 2895, 16051, 31970
2026/09/25 21:38:54.274, 1, 238.58, 39, 2857, 16051, 31460
2026/09/25 21:38:54.524, 0, 258.53, 34, 2895, 16051, 31970
2026/09/25 21:38:54.524, 1, 238.58, 39, 2857, 16051, 31460
2026/09/25 21:38:54.774, 0, 258.53, 27, 2895, 16051, 31970
2026/09/25 21:38:54.774, 1, 238.58, 57, 2857, 16051, 31460
2026/09/25 21:38:55.024, 0, 258.53, 27, 2895, 16051, 31970
2026/09/25 21:38:55.024, 1, 238.58, 57, 2857, 16051, 31460
2026/09/25 21:38:55.274, 0, 258.53, 40, 2895, 16051, 31970
2026/09/25 21:38:55.274, 1, 238.58, 43, 2857, 16051, 31460
2026/09/25 21:38:55.525, 0, 258.53, 40, 2895, 16051, 31970
2026/09/25 21:38:55.525, 1, 238.58, 43, 2857, 16051, 31460
2026/09/25 21:38:55.775, 0, 277.22, 44, 2865, 16051, 31970
2026/09/25 21:38:55.775, 1, 274.22, 45, 2827, 16051, 31460
2026/09/25 21:38:56.025, 0, 277.22, 44, 2865, 16051, 31970
2026/09/25 21:38:56.025, 1, 274.22, 45, 2827, 16051, 31460
2026/09/25 21:38:56.275, 0, 277.22, 44, 2865, 16051, 31970
2026/09/25 21:38:56.275, 1, 274.22, 44, 2827, 16051, 31460
2026/09/25 21:38:56.525, 0, 277.22, 44, 2865, 16051, 31970
2026/09/25 21:38:56.525, 1, 274.22, 44, 2827, 16051, 31460
2026/09/25 21:38:56.776, 0, 286.27, 46, 2850, 16051, 31970
2026/09/25 21:38:56.776, 1, 271.76, 46, 2827, 16051, 31460
2026/09/25 21:38:57.026, 0, 286.27, 46, 2850, 16051, 31970
2026/09/25 21:38:57.026, 1, 271.76, 46, 2827, 16051, 31460
2026/09/25 21:38:57.276, 0, 286.27, 45, 2850, 16051, 31970
2026/09/25 21:38:57.276, 1, 271.76, 46, 2827, 16051, 31460
2026/09/25 21:38:57.526, 0, 286.27, 45, 2850, 16051, 31970
2026/09/25 21:38:57.526, 1, 271.76, 46, 2827, 16051, 31460
2026/09/25 21:38:57.776, 0, 285.76, 43, 2857, 16051, 31970
2026/09/25 21:38:57.777, 1, 271.80, 43, 2820, 16051, 31460
2026/09/25 21:38:58.027, 0, 285.76, 43, 2857, 16051, 31970
2026/09/25 21:38:58.027, 1, 271.80, 43, 2820, 16051, 31460
2026/09/25 21:38:58.277, 0, 285.76, 47, 2857, 16051, 31970
2026/09/25 21:38:58.277, 1, 271.80, 48, 2820, 16051, 31460
2026/09/25 21:38:58.527, 0, 285.76, 47, 2857, 16051, 31970
2026/09/25 21:38:58.527, 1, 271.80, 48, 2820, 16051, 31460
2026/09/25 21:38:58.777, 0, 286.50, 43, 2857, 16051, 31970
2026/09/25 21:38:58.777, 1, 272.70, 49, 2820, 16051, 31460
2026/09/25 21:38:59.027, 0, 286.50, 43, 2857, 16051, 31970
2026/09/25 21:38:59.028, 1, 272.70, 49, 2820, 16051, 31460
2026/09/25 21:38:59.278, 0, 286.50, 41, 2857, 16051, 31970
2026/09/25 21:38:59.278, 1, 272.70, 46, 2820, 16051, 31460
2026/09/25 21:38:59.528, 0, 286.50, 41, 2857, 16051, 31970
2026/09/25 21:38:59.528, 1, 272.70, 46, 2820, 16051, 31460
2026/09/25 21:38:59.778, 0, 287.85, 43, 2850, 16051, 31970
2026/09/25 21:38:59.778, 1, 271.36, 41, 2820, 16051, 31460
2026/09/25 21:39:00.028, 0, 287.85, 43, 2850, 16051, 31970
2026/09/25 21:39:00.028, 1, 271.36, 41, 2820, 16051, 31460
2026/09/25 21:39:00.278, 0, 287.85, 39, 2850, 16051, 31970
2026/09/25 21:39:00.279, 1, 271.36, 44, 2820, 16051, 31460
2026/09/25 21:39:00.529, 0, 287.85, 39, 2850, 16051, 31970
2026/09/25 21:39:00.529, 1, 271.36, 44, 2820, 16051, 31460
2026/09/25 21:39:00.779, 0, 291.32, 44, 2857, 16051, 31970
2026/09/25 21:39:00.779, 1, 272.65, 49, 2820, 16051, 31460
2026/09/25 21:39:01.029, 0, 291.32, 44, 2857, 16051, 31970
2026/09/25 21:39:01.029, 1, 272.65, 49, 2820, 16051, 31460
2026/09/25 21:39:01.279, 0, 291.32, 44, 2857, 16051, 31970
2026/09/25 21:39:01.279, 1, 272.65, 49, 2820, 16051, 31460
2026/09/25 21:39:01.530, 0, 291.32, 44, 2857, 16051, 31970
2026/09/25 21:39:01.530, 1, 272.65, 49, 2820, 16051, 31460
2026/09/25 21:39:01.780, 0, 289.62, 43, 2857, 16051, 31970
2026/09/25 21:39:01.780, 1, 270.81, 42, 2827, 16051, 31460
2026/09/25 21:39:02.030, 0, 289.62, 43, 2857, 16051, 31970
2026/09/25 21:39:02.030, 1, 270.81, 42, 2827, 16051, 31460
2026/09/25 21:39:02.280, 0, 289.62, 45, 2857, 16051, 31970
2026/09/25 21:39:02.280, 1, 270.81, 43, 2827, 16051, 31460
2026/09/25 21:39:02.530, 0, 289.62, 45, 2857, 16051, 31970
2026/09/25 21:39:02.530, 1, 270.81, 43, 2827, 16051, 31460
2026/09/25 21:39:02.780, 0, 290.96, 47, 2857, 16051, 31970
2026/09/25 21:39:02.781, 1, 271.93, 46, 2827, 16051, 31460
2026/09/25 21:39:03.031, 0, 290.96, 47, 2857, 16051, 31970
2026/09/25 21:39:03.031, 1, 271.93, 46, 2827, 16051, 31460
2026/09/25 21:39:03.281, 0, 290.96, 41, 2857, 16051, 31970
2026/09/25 21:39:03.281, 1, 271.93, 43, 2827, 16051, 31460
2026/09/25 21:39:03.531, 0, 290.96, 41, 2857, 16051, 31970
2026/09/25 21:39:03.531, 1, 271.93, 43, 2827, 16051, 31460
2026/09/25 21:39:03.781, 0, 287.66, 45, 2857, 16051, 31970
2026/09/25 21:39:03.781, 1, 269.90, 45, 2827, 16051, 31460
2026/09/25 21:39:04.031, 0, 287.66, 45, 2857, 16051, 31970
2026/09/25 21:39:04.031, 1, 269.90, 45, 2827, 16051, 31460
2026/09/25 21:39:04.282, 0, 287.66, 40, 2857, 16051, 31970
2026/09/25 21:39:04.282, 1, 269.90, 46, 2827, 16051, 31460
2026/09/25 21:39:04.532, 0, 287.66, 40, 2857, 16051, 31970
2026/09/25 21:39:04.532, 1, 269.90, 46, 2827, 16051, 31460
2026/09/25 21:39:04.782, 0, 250.95, 35, 2895, 16051, 31970
2026/09/25 21:39:04.782, 1, 232.47, 51, 2857, 16051, 31460
2026/09/25 21:39:05.032, 0, 250.95, 35, 2895, 16051, 31970
2026/09/25 21:39:05.032, 1, 232.47, 51, 2857, 16051, 31460
2026/09/25 21:39:05.282, 0, 250.95, 41, 2895, 16051, 31970
2026/09/25 21:39:05.282, 1, 232.47, 46, 2857, 16051, 31460
2026/09/25 21:39:05.532, 0, 250.95, 41, 2895, 16051, 31970
2026/09/25 21:39:05.533, 1, 232.47, 46, 2857, 16051, 31460
2026/09/25 21:39:05.783, 0, 261.85, 44, 2850, 16051, 31970
2026/09/25 21:39:05.783, 1, 251.51, 46, 2820, 16051, 31460
2026/09/25 21:39:06.033, 0, 261.85, 44, 2850, 16051, 31970
2026/09/25 21:39:06.033, 1, 251.51, 46, 2820, 16051, 31460
2026/09/25 21:39:06.283, 0, 261.85, 43, 2850, 16051, 31970
2026/09/25 21:39:06.283, 1, 251.51, 45, 2820, 16051, 31460
2026/09/25 21:39:06.533, 0, 261.85, 43, 2850, 16051, 31970
2026/09/25 21:39:06.533, 1, 251.51, 45, 2820, 16051, 31460
2026/09/25 21:39:06.783, 0, 284.79, 44, 2865, 16051, 31970
2026/09/25 21:39:06.784, 1, 271.32, 45, 2827, 16051, 31460
2026/09/25 21:39:07.034, 0, 284.79, 44, 2865, 16051, 31970
2026/09/25 21:39:07.034, 1, 271.32, 45, 2827, 16051, 31460
2026/09/25 21:39:07.284, 0, 284.79, 43, 2865, 16051, 31970
2026/09/25 21:39:07.284, 1, 271.32, 44, 2827, 16051, 31460
2026/09/25 21:39:07.534, 0, 284.79, 43, 2865, 16051, 31970
2026/09/25 21:39:07.534, 1, 271.32, 44, 2827, 16051, 31460
2026/09/25 21:39:07.784, 0, 285.46, 45, 2850, 16051, 31970
2026/09/25 21:39:07.784, 1, 271.61, 44, 2820, 16051, 31460
2026/09/25 21:39:08.034, 0, 285.46, 45, 2850, 16051, 31970
2026/09/25 21:39:08.035, 1, 271.61, 44, 2820, 16051, 31460
2026/09/25 21:39:08.285, 0, 285.46, 41, 2850, 16051, 31970
2026/09/25 21:39:08.285, 1, 271.61, 47, 2820, 16051, 31460
2026/09/25 21:39:08.535, 0, 285.46, 41, 2850, 16051, 31970
2026/09/25 21:39:08.535, 1, 271.61, 47, 2820, 16051, 31460
2026/09/25 21:39:08.785, 0, 287.93, 47, 2857, 16051, 31970
2026/09/25 21:39:08.785, 1, 271.39, 45, 2827, 16051, 31460
2026/09/25 21:39:09.035, 0, 287.93, 47, 2857, 16051, 31970
2026/09/25 21:39:09.035, 1, 271.39, 45, 2827, 16051, 31460
2026/09/25 21:39:09.285, 0, 287.93, 44, 2857, 16051, 31970
2026/09/25 21:39:09.286, 1, 271.39, 41, 2827, 16051, 31460
2026/09/25 21:39:09.536, 0, 287.93, 44, 2857, 16051, 31970
2026/09/25 21:39:09.536, 1, 271.39, 41, 2827, 16051, 31460
2026/09/25 21:39:09.786, 0, 284.71, 43, 2857, 16051, 31970
2026/09/25 21:39:09.786, 1, 269.66, 47, 2827, 16051, 31460
2026/09/25 21:39:10.036, 0, 284.71, 43, 2857, 16051, 31970
2026/09/25 21:39:10.036, 1, 269.66, 47, 2827, 16051, 31460
2026/09/25 21:39:10.286, 0, 284.71, 39, 2857, 16051, 31970
2026/09/25 21:39:10.286, 1, 269.66, 41, 2827, 16051, 31460
2026/09/25 21:39:10.537, 0, 284.71, 39, 2857, 16051, 31970
2026/09/25 21:39:10.537, 1, 269.66, 41, 2827, 16051, 31460
2026/09/25 21:39:10.787, 0, 279.76, 41, 2857, 16051, 31970
2026/09/25 21:39:10.787, 1, 265.20, 40, 2820, 16051, 31460
2026/09/25 21:39:11.037, 0, 279.76, 41, 2857, 16051, 31970
2026/09/25 21:39:11.037, 1, 265.20, 40, 2820, 16051, 31460
2026/09/25 21:39:11.287, 0, 279.76, 42, 2857, 16051, 31970
2026/09/25 21:39:11.287, 1, 265.20, 41, 2820, 16051, 31460
2026/09/25 21:39:11.537, 0, 279.76, 42, 2857, 16051, 31970
2026/09/25 21:39:11.537, 1, 265.20, 41, 2820, 16051, 31460
2026/09/25 21:39:11.787, 0, 283.39, 46, 2857, 16051, 31970
2026/09/25 21:39:11.788, 1, 268.01, 44, 2827, 16051, 31460
2026/09/25 21:39:12.038, 0, 283.39, 46, 2857, 16051, 31970
2026/09/25 21:39:12.038, 1, 268.01, 44, 2827, 16051, 31460
2026/09/25 21:39:12.288, 0, 283.39, 43, 2857, 16051, 31970
2026/09/25 21:39:12.288, 1, 268.01, 48, 2827, 16051, 31460
2026/09/25 21:39:12.538, 0, 283.39, 43, 2857, 16051, 31970
2026/09/25 21:39:12.538, 1, 268.01, 48, 2827, 16051, 31460
2026/09/25 21:39:12.788, 0, 284.96, 39, 2857, 16051, 31970
2026/09/25 21:39:12.788, 1, 270.12, 41, 2820, 16051, 31460
2026/09/25 21:39:13.038, 0, 284.96, 39, 2857, 16051, 31970
2026/09/25 21:39:13.039, 1, 270.12, 41, 2820, 16051, 31460
2026/09/25 21:39:13.289, 0, 284.96, 47, 2857, 16051, 31970
2026/09/25 21:39:13.289, 1, 270.12, 47, 2820, 16051, 31460
2026/09/25 21:39:13.539, 0, 284.96, 47, 2857, 16051, 31970
2026/09/25 21:39:13.539, 1, 270.12, 47, 2820, 16051, 31460
2026/09/25 21:39:13.789, 0, 286.66, 42, 2857, 16051, 31970
2026/09/25 21:39:13.789, 1, 271.25, 40, 2827, 16051, 31460
2026/09/25 21:39:14.039, 0, 286.66, 42, 2857, 16051, 31970
2026/09/25 21:39:14.039, 1, 271.25, 40, 2827, 16051, 31460
2026/09/25 21:39:14.289, 0, 286.66, 44, 2857, 16051, 31970
2026/09/25 21:39:14.290, 1, 271.25, 48, 2827, 16051, 31460
2026/09/25 21:39:14.540, 0, 286.66, 44, 2857, 16051, 31970
2026/09/25 21:39:14.540, 1, 271.25, 48, 2827, 16051, 31460
2026/09/25 21:39:14.790, 0, 282.63, 41, 2865, 16051, 31970
2026/09/25 21:39:14.790, 1, 265.68, 45, 2827, 16051, 31460
2026/09/25 21:39:15.040, 0, 282.63, 41, 2865, 16051, 31970
2026/09/25 21:39:15.040, 1, 265.68, 45, 2827, 16051, 31460
2026/09/25 21:39:15.290, 0, 256.73, 43, 2895, 16051, 31970
2026/09/25 21:39:15.290, 1, 234.86, 41, 2857, 16051, 31460
2026/09/25 21:39:15.541, 0, 256.73, 43, 2895, 16051, 31970
2026/09/25 21:39:15.541, 1, 234.86, 41, 2857, 16051, 31462
2026/09/25 21:39:15.791, 0, 256.73, 43, 2895, 16051, 31970
2026/09/25 21:39:15.791, 1, 234.86, 14, 2857, 16051, 31462
2026/09/25 21:39:16.041, 0, 256.73, 43, 2895, 16051, 31970
2026/09/25 21:39:16.041, 1, 234.86, 14, 2857, 16051, 31462
2026/09/25 21:39:16.291, 0, 225.65, 55, 2895, 16051, 31970
2026/09/25 21:39:16.291, 1, 200.91, 41, 2857, 16051, 31462
2026/09/25 21:39:16.541, 0, 225.65, 55, 2895, 16051, 31970
2026/09/25 21:39:16.542, 1, 200.91, 41, 2857, 16051, 31462
2026/09/25 21:39:16.792, 0, 225.65, 40, 2895, 16051, 31970
2026/09/25 21:39:16.792, 1, 200.91, 42, 2857, 16051, 31462
2026/09/25 21:39:17.042, 0, 225.65, 40, 2895, 16051, 31970
2026/09/25 21:39:17.042, 1, 200.91, 42, 2857, 16051, 31462
2026/09/25 21:39:17.292, 0, 225.65, 42, 2895, 16051, 31970
2026/09/25 21:39:17.292, 1, 200.91, 50, 2857, 16051, 31462
2026/09/25 21:39:17.542, 0, 225.65, 42, 2895, 16051, 31970
2026/09/25 21:39:17.542, 1, 200.91, 50, 2857, 16051, 31462
2026/09/25 21:39:17.792, 0, 282.53, 41, 2865, 16051, 31970
2026/09/25 21:39:17.792, 1, 275.75, 44, 2827, 16051, 31462
2026/09/25 21:39:18.043, 0, 282.53, 41, 2865, 16051, 31970
2026/09/25 21:39:18.043, 1, 275.75, 44, 2827, 16051, 31462
2026/09/25 21:39:18.293, 0, 282.53, 47, 2865, 16051, 31970
2026/09/25 21:39:18.293, 1, 275.75, 47, 2827, 16051, 31462
2026/09/25 21:39:18.543, 0, 282.53, 47, 2865, 16051, 31970
2026/09/25 21:39:18.543, 1, 275.75, 47, 2827, 16051, 31462
2026/09/25 21:39:18.793, 0, 289.54, 45, 2857, 16051, 31970
2026/09/25 21:39:18.793, 1, 272.80, 42, 2820, 16051, 31462
2026/09/25 21:39:19.043, 0, 289.54, 45, 2857, 16051, 31970
2026/09/25 21:39:19.044, 1, 272.80, 42, 2820, 16051, 31462
2026/09/25 21:39:19.294, 0, 289.54, 41, 2857, 16051, 31970
2026/09/25 21:39:19.294, 1, 272.80, 48, 2820, 16051, 31462
2026/09/25 21:39:19.544, 0, 289.54, 41, 2857, 16051, 31970
2026/09/25 21:39:19.544, 1, 272.80, 48, 2820, 16051, 31462
2026/09/25 21:39:19.794, 0, 290.57, 41, 2857, 16051, 31970
2026/09/25 21:39:19.794, 1, 274.41, 43, 2820, 16051, 31462
2026/09/25 21:39:20.044, 0, 290.57, 41, 2857, 16051, 31970
2026/09/25 21:39:20.044, 1, 274.41, 43, 2820, 16051, 31462
2026/09/25 21:39:20.294, 0, 290.57, 40, 2857, 16051, 31970
2026/09/25 21:39:20.295, 1, 274.41, 45, 2820, 16051, 31462
2026/09/25 21:39:20.545, 0, 290.57, 40, 2857, 16051, 31970
2026/09/25 21:39:20.545, 1, 274.41, 45, 2820, 16051, 31462
2026/09/25 21:39:20.795, 0, 288.60, 40, 2857, 16051, 31970
2026/09/25 21:39:20.795, 1, 272.43, 43, 2827, 16051, 31462
2026/09/25 21:39:21.045, 0, 288.60, 40, 2857, 16051, 31970
2026/09/25 21:39:21.045, 1, 272.43, 43, 2827, 16051, 31462
2026/09/25 21:39:21.295, 0, 288.60, 40, 2857, 16051, 31970
2026/09/25 21:39:21.295, 1, 272.43, 43, 2827, 16051, 31462
2026/09/25 21:39:21.546, 0, 288.60, 40, 2857, 16051, 31970
2026/09/25 21:39:21.546, 1, 272.43, 43, 2827, 16051, 31462
2026/09/25 21:39:21.796, 0, 283.33, 41, 2857, 16051, 31970
2026/09/25 21:39:21.796, 1, 266.89, 41, 2827, 16051, 31462
2026/09/25 21:39:22.046, 0, 283.33, 41, 2857, 16051, 31970
2026/09/25 21:39:22.046, 1, 266.89, 41, 2827, 16051, 31462
2026/09/25 21:39:22.296, 0, 283.33, 40, 2857, 16051, 31970
2026/09/25 21:39:22.296, 1, 266.89, 41, 2827, 16051, 31462
2026/09/25 21:39:22.546, 0, 283.33, 40, 2857, 16051, 31970
2026/09/25 21:39:22.547, 1, 266.89, 41, 2827, 16051, 31462
2026/09/25 21:39:22.797, 0, 288.30, 42, 2850, 16051, 31970
2026/09/25 21:39:22.797, 1, 269.88, 48, 2827, 16051, 31462
2026/09/25 21:39:23.047, 0, 288.30, 42, 2850, 16051, 31970
2026/09/25 21:39:23.047, 1, 269.88, 48, 2827, 16051, 31462
2026/09/25 21:39:23.297, 0, 288.30, 44, 2850, 16051, 31970
2026/09/25 21:39:23.297, 1, 269.88, 44, 2827, 16051, 31462
2026/09/25 21:39:23.547, 0, 288.30, 44, 2850, 16051, 31970
2026/09/25 21:39:23.547, 1, 269.88, 44, 2827, 16051, 31462
2026/09/25 21:39:23.798, 0, 285.60, 45, 2857, 16051, 31970
2026/09/25 21:39:23.798, 1, 272.20, 43, 2820, 16051, 31462
2026/09/25 21:39:24.048, 0, 285.60, 45, 2857, 16051, 31970
2026/09/25 21:39:24.048, 1, 272.20, 43, 2820, 16051, 31462
2026/09/25 21:39:24.298, 0, 285.60, 48, 2857, 16051, 31970
2026/09/25 21:39:24.298, 1, 272.20, 43, 2820, 16051, 31462
2026/09/25 21:39:24.548, 0, 285.60, 48, 2857, 16051, 31970
2026/09/25 21:39:24.548, 1, 272.20, 43, 2820, 16051, 31462
2026/09/25 21:39:24.798, 0, 292.75, 44, 2850, 16051, 31970
2026/09/25 21:39:24.798, 1, 269.58, 49, 2827, 16051, 31462
2026/09/25 21:39:25.049, 0, 292.75, 44, 2850, 16051, 31970
2026/09/25 21:39:25.049, 1, 269.58, 49, 2827, 16051, 31462
2026/09/25 21:39:25.299, 0, 292.75, 46, 2850, 16051, 31970
2026/09/25 21:39:25.299, 1, 269.58, 46, 2827, 16051, 31462
2026/09/25 21:39:25.549, 0, 292.75, 46, 2850, 16051, 31970
2026/09/25 21:39:25.549, 1, 269.58, 46, 2827, 16051, 31462
2026/09/25 21:39:25.799, 0, 289.93, 40, 2850, 16051, 31970
2026/09/25 21:39:25.799, 1, 268.64, 46, 2827, 16051, 31462
2026/09/25 21:39:26.049, 0, 289.93, 40, 2850, 16051, 31970
2026/09/25 21:39:26.049, 1, 268.64, 46, 2827, 16051, 31462
2026/09/25 21:39:26.299, 0, 289.93, 43, 2850, 16051, 31970
2026/09/25 21:39:26.300, 1, 268.64, 41, 2827, 16051, 31462
2026/09/25 21:39:26.550, 0, 289.93, 43, 2850, 16051, 31970
2026/09/25 21:39:26.550, 1, 268.64, 41, 2827, 16051, 31462
2026/09/25 21:39:26.800, 0, 287.82, 43, 2857, 16051, 31970
2026/09/25 21:39:26.800, 1, 270.70, 43, 2827, 16051, 31462
2026/09/25 21:39:27.050, 0, 287.82, 43, 2857, 16051, 31970
2026/09/25 21:39:27.050, 1, 270.70, 43, 2827, 16051, 31462
2026/09/25 21:39:27.300, 0, 255.88, 50, 2895, 16051, 31970
2026/09/25 21:39:27.300, 1, 239.43, 50, 2857, 16051, 31462
2026/09/25 21:39:27.550, 0, 255.88, 50, 2895, 16051, 31970
2026/09/25 21:39:27.551, 1, 239.43, 50, 2857, 16051, 31462
2026/09/25 21:39:27.801, 0, 224.88, 49, 2895, 16051, 31970
2026/09/25 21:39:27.801, 1, 209.05, 52, 2857, 16051, 31462
2026/09/25 21:39:28.052, 0, 224.88, 49, 2895, 16051, 31970
2026/09/25 21:39:28.052, 1, 209.05, 52, 2857, 16051, 31462
2026/09/25 21:39:28.302, 0, 224.88, 49, 2895, 16051, 31970
2026/09/25 21:39:28.302, 1, 209.05, 52, 2857, 16051, 31462
2026/09/25 21:39:28.552, 0, 224.88, 49, 2895, 16051, 31970
2026/09/25 21:39:28.552, 1, 209.05, 52, 2857, 16051, 31462
2026/09/25 21:39:28.802, 0, 279.28, 46, 2857, 16051, 31970
2026/09/25 21:39:28.802, 1, 265.41, 48, 2820, 16051, 31462
2026/09/25 21:39:29.053, 0, 279.28, 46, 2857, 16051, 31970
2026/09/25 21:39:29.053, 1, 265.41, 48, 2820, 16051, 31462
2026/09/25 21:39:29.304, 0, 279.28, 40, 2857, 16051, 31970
2026/09/25 21:39:29.304, 1, 265.41, 48, 2820, 16051, 31462
2026/09/25 21:39:29.554, 0, 279.28, 40, 2857, 16051, 31970
2026/09/25 21:39:29.554, 1, 265.41, 48, 2820, 16051, 31462
2026/09/25 21:39:29.804, 0, 287.33, 43, 2857, 16051, 31970
2026/09/25 21:39:29.804, 1, 272.93, 42, 2820, 16051, 31462
2026/09/25 21:39:30.054, 0, 287.33, 43, 2857, 16051, 31970
2026/09/25 21:39:30.054, 1, 272.93, 42, 2820, 16051, 31462
2026/09/25 21:39:30.305, 0, 287.33, 39, 2857, 16051, 31970
2026/09/25 21:39:30.305, 1, 272.93, 44, 2820, 16051, 31462
2026/09/25 21:39:30.555, 0, 287.33, 39, 2857, 16051, 31970
2026/09/25 21:39:30.555, 1, 272.93, 44, 2820, 16051, 31462
2026/09/25 21:39:30.805, 0, 289.01, 48, 2857, 16051, 31970
2026/09/25 21:39:30.805, 1, 271.87, 44, 2827, 16051, 31462
2026/09/25 21:39:31.055, 0, 289.01, 48, 2857, 16051, 31970
2026/09/25 21:39:31.055, 1, 271.87, 44, 2827, 16051, 31462
2026/09/25 21:39:31.306, 0, 289.01, 42, 2857, 16051, 31970
2026/09/25 21:39:31.306, 1, 271.87, 49, 2827, 16051, 31462
2026/09/25 21:39:31.556, 0, 289.01, 42, 2857, 16051, 31970
2026/09/25 21:39:31.556, 1, 271.87, 49, 2827, 16051, 31462
2026/09/25 21:39:31.807, 0, 291.28, 40, 2857, 16051, 31970
2026/09/25 21:39:31.807, 1, 272.43, 46, 2827, 16051, 31462
2026/09/25 21:39:32.057, 0, 291.28, 40, 2857, 16051, 31970
2026/09/25 21:39:32.057, 1, 272.43, 46, 2827, 16051, 31462
2026/09/25 21:39:32.308, 0, 291.28, 45, 2857, 16051, 31970
2026/09/25 21:39:32.308, 1, 272.43, 47, 2827, 16051, 31462
2026/09/25 21:39:32.558, 0, 291.28, 45, 2857, 16051, 31970
2026/09/25 21:39:32.558, 1, 272.43, 47, 2827, 16051, 31462
2026/09/25 21:39:32.808, 0, 289.92, 48, 2850, 16051, 31970
2026/09/25 21:39:32.808, 1, 271.58, 47, 2820, 16051, 31462
2026/09/25 21:39:33.058, 0, 289.92, 48, 2850, 16051, 31970
2026/09/25 21:39:33.059, 1, 271.58, 47, 2820, 16051, 31462
2026/09/25 21:39:33.309, 0, 289.92, 44, 2850, 16051, 31970
2026/09/25 21:39:33.309, 1, 271.58, 41, 2820, 16051, 31462
2026/09/25 21:39:33.559, 0, 289.92, 44, 2850, 16051, 31970
2026/09/25 21:39:33.559, 1, 271.58, 41, 2820, 16051, 31462
2026/09/25 21:39:33.810, 0, 292.14, 44, 2857, 16051, 31970
2026/09/25 21:39:33.810, 1, 273.31, 42, 2820, 16051, 31462
2026/09/25 21:39:34.060, 0, 292.14, 44, 2857, 16051, 31970
2026/09/25 21:39:34.060, 1, 273.31, 42, 2820, 16051, 31462
2026/09/25 21:39:34.310, 0, 292.14, 42, 2857, 16051, 31970
2026/09/25 21:39:34.310, 1, 273.31, 47, 2820, 16051, 31462
2026/09/25 21:39:34.560, 0, 292.14, 42, 2857, 16051, 31970
2026/09/25 21:39:34.560, 1, 273.31, 47, 2820, 16051, 31462
2026/09/25 21:39:34.810, 0, 290.72, 47, 2857, 16051, 31970
2026/09/25 21:39:34.811, 1, 274.88, 43, 2820, 16051, 31462
2026/09/25 21:39:35.061, 0, 290.72, 47, 2857, 16051, 31970
2026/09/25 21:39:35.061, 1, 274.88, 43, 2820, 16051, 31462
2026/09/25 21:39:35.311, 0, 290.72, 48, 2857, 16051, 31970
2026/09/25 21:39:35.311, 1, 274.88, 44, 2820, 16051, 31462
2026/09/25 21:39:35.561, 0, 290.72, 48, 2857, 16051, 31970
2026/09/25 21:39:35.561, 1, 274.88, 44, 2820, 16051, 31462
2026/09/25 21:39:35.811, 0, 294.93, 41, 2857, 16051, 31970
2026/09/25 21:39:35.811, 1, 273.54, 45, 2820, 16051, 31462
2026/09/25 21:39:36.061, 0, 294.93, 41, 2857, 16051, 31970
2026/09/25 21:39:36.061, 1, 273.54, 45, 2820, 16051, 31462
2026/09/25 21:39:36.312, 0, 294.93, 47, 2857, 16051, 31970
2026/09/25 21:39:36.312, 1, 273.54, 42, 2820, 16051, 31462
2026/09/25 21:39:36.563, 0, 294.93, 47, 2857, 16051, 31970
2026/09/25 21:39:36.563, 1, 273.54, 42, 2820, 16051, 31462
2026/09/25 21:39:36.813, 0, 289.69, 43, 2857, 16051, 31970
2026/09/25 21:39:36.813, 1, 274.05, 41, 2820, 16051, 31462
2026/09/25 21:39:37.063, 0, 289.69, 43, 2857, 16051, 31970
2026/09/25 21:39:37.063, 1, 274.05, 41, 2820, 16051, 31462
2026/09/25 21:39:37.313, 0, 289.69, 41, 2857, 16051, 31970
2026/09/25 21:39:37.313, 1, 274.05, 47, 2820, 16051, 31462
2026/09/25 21:39:37.563, 0, 289.69, 41, 2857, 16051, 31970
2026/09/25 21:39:37.564, 1, 274.05, 47, 2820, 16051, 31462
2026/09/25 21:39:37.814, 0, 290.18, 38, 2857, 16051, 31970
2026/09/25 21:39:37.814, 1, 273.01, 43, 2820, 16051, 31462
2026/09/25 21:39:38.064, 0, 290.18, 38, 2857, 16051, 31970
2026/09/25 21:39:38.064, 1, 273.01, 43, 2820, 16051, 31462
2026/09/25 21:39:38.314, 0, 270.52, 41, 2895, 16051, 31970
2026/09/25 21:39:38.314, 1, 249.84, 49, 2857, 16051, 31462
2026/09/25 21:39:38.564, 0, 270.52, 41, 2895, 16051, 31970
2026/09/25 21:39:38.564, 1, 249.84, 49, 2857, 16051, 31462
2026/09/25 21:39:38.815, 0, 241.91, 36, 2895, 16051, 31970
2026/09/25 21:39:38.815, 1, 215.85, 51, 2857, 16051, 31462
2026/09/25 21:39:39.065, 0, 241.91, 36, 2895, 16051, 31970
2026/09/25 21:39:39.065, 1, 215.85, 51, 2857, 16051, 31462
2026/09/25 21:39:39.315, 0, 241.91, 36, 2895, 16051, 31970
2026/09/25 21:39:39.315, 1, 215.85, 51, 2857, 16051, 31462
2026/09/25 21:39:39.565, 0, 241.91, 36, 2895, 16051, 31970
2026/09/25 21:39:39.565, 1, 215.85, 51, 2857, 16051, 31462
2026/09/25 21:39:39.815, 0, 273.71, 39, 2857, 16051, 31970
2026/09/25 21:39:39.816, 1, 262.60, 47, 2820, 16051, 31462
2026/09/25 21:39:40.066, 0, 273.71, 39, 2857, 16051, 31970
2026/09/25 21:39:40.066, 1, 262.60, 47, 2820, 16051, 31462
2026/09/25 21:39:40.316, 0, 273.71, 43, 2857, 16051, 31970
2026/09/25 21:39:40.316, 1, 262.60, 41, 2820, 16051, 31462
2026/09/25 21:39:40.566, 0, 273.71, 43, 2857, 16051, 31970
2026/09/25 21:39:40.566, 1, 262.60, 41, 2820, 16051, 31462
2026/09/25 21:39:40.816, 0, 285.91, 47, 2857, 16051, 31970
2026/09/25 21:39:40.816, 1, 269.74, 44, 2827, 16051, 31462
2026/09/25 21:39:41.066, 0, 285.91, 47, 2857, 16051, 31970
2026/09/25 21:39:41.067, 1, 269.74, 44, 2827, 16051, 31462
2026/09/25 21:39:41.317, 0, 285.91, 44, 2857, 16051, 31970
2026/09/25 21:39:41.317, 1, 269.74, 42, 2827, 16051, 31462
2026/09/25 21:39:41.567, 0, 285.91, 44, 2857, 16051, 31970
2026/09/25 21:39:41.567, 1, 269.74, 42, 2827, 16051, 31462
2026/09/25 21:39:41.817, 0, 291.37, 41, 2857, 16051, 31970
2026/09/25 21:39:41.817, 1, 272.03, 47, 2827, 16051, 31462
2026/09/25 21:39:42.067, 0, 291.37, 41, 2857, 16051, 31970
2026/09/25 21:39:42.067, 1, 272.03, 47, 2827, 16051, 31462
2026/09/25 21:39:42.318, 0, 291.37, 43, 2857, 16051, 31970
2026/09/25 21:39:42.318, 1, 272.03, 49, 2827, 16051, 31462
2026/09/25 21:39:42.568, 0, 291.37, 43, 2857, 16051, 31970
2026/09/25 21:39:42.568, 1, 272.03, 49, 2827, 16051, 31462
2026/09/25 21:39:42.818, 0, 286.21, 48, 2857, 16051, 31970
2026/09/25 21:39:42.818, 1, 267.73, 40, 2827, 16051, 31462
2026/09/25 21:39:43.068, 0, 286.21, 48, 2857, 16051, 31970
2026/09/25 21:39:43.068, 1, 267.73, 40, 2827, 16051, 31462
2026/09/25 21:39:43.318, 0, 286.21, 39, 2857, 16051, 31970
2026/09/25 21:39:43.319, 1, 267.73, 44, 2827, 16051, 31462
2026/09/25 21:39:43.569, 0, 286.21, 39, 2857, 16051, 31970
2026/09/25 21:39:43.569, 1, 267.73, 44, 2827, 16051, 31462
2026/09/25 21:39:43.819, 0, 284.75, 40, 2857, 16051, 31970
2026/09/25 21:39:43.819, 1, 267.54, 42, 2820, 16051, 31462
2026/09/25 21:39:44.069, 0, 284.75, 40, 2857, 16051, 31970
2026/09/25 21:39:44.069, 1, 267.54, 42, 2820, 16051, 31462
2026/09/25 21:39:44.319, 0, 284.75, 46, 2857, 16051, 31970
2026/09/25 21:39:44.319, 1, 267.54, 42, 2820, 16051, 31462
2026/09/25 21:39:44.569, 0, 284.75, 46, 2857, 16051, 31970
2026/09/25 21:39:44.570, 1, 267.54, 42, 2820, 16051, 31462
2026/09/25 21:39:44.820, 0, 286.25, 41, 2857, 16051, 31970
2026/09/25 21:39:44.820, 1, 267.33, 42, 2820, 16051, 31462
2026/09/25 21:39:45.070, 0, 286.25, 41, 2857, 16051, 31970
2026/09/25 21:39:45.070, 1, 267.33, 42, 2820, 16051, 31462
2026/09/25 21:39:45.320, 0, 286.25, 40, 2857, 16051, 31970
2026/09/25 21:39:45.320, 1, 267.33, 43, 2820, 16051, 31462
2026/09/25 21:39:45.570, 0, 286.25, 40, 2857, 16051, 31970
2026/09/25 21:39:45.570, 1, 267.33, 43, 2820, 16051, 31462
2026/09/25 21:39:45.820, 0, 289.05, 48, 2857, 16051, 31970
2026/09/25 21:39:45.821, 1, 269.14, 46, 2820, 16051, 31462
2026/09/25 21:39:46.071, 0, 289.05, 48, 2857, 16051, 31970
2026/09/25 21:39:46.071, 1, 269.14, 46, 2820, 16051, 31462
2026/09/25 21:39:46.321, 0, 289.05, 46, 2857, 16051, 31970
2026/09/25 21:39:46.321, 1, 269.14, 46, 2820, 16051, 31462
2026/09/25 21:39:46.571, 0, 289.05, 46, 2857, 16051, 31970
2026/09/25 21:39:46.571, 1, 269.14, 46, 2820, 16051, 31462
2026/09/25 21:39:46.821, 0, 290.18, 47, 2850, 16051, 31970
2026/09/25 21:39:46.821, 1, 270.60, 48, 2820, 16051, 31462
2026/09/25 21:39:47.072, 0, 290.18, 47, 2850, 16051, 31970
2026/09/25 21:39:47.072, 1, 270.60, 48, 2820, 16051, 31462
2026/09/25 21:39:47.322, 0, 290.18, 37, 2850, 16051, 31970
2026/09/25 21:39:47.322, 1, 270.60, 41, 2820, 16051, 31462
2026/09/25 21:39:47.572, 0, 290.18, 37, 2850, 16051, 31970
2026/09/25 21:39:47.572, 1, 270.60, 41, 2820, 16051, 31462
2026/09/25 21:39:47.822, 0, 285.47, 42, 2857, 16051, 31970
2026/09/25 21:39:47.822, 1, 268.40, 48, 2827, 16051, 31462
2026/09/25 21:39:48.072, 0, 285.47, 42, 2857, 16051, 31970
2026/09/25 21:39:48.073, 1, 268.40, 48, 2827, 16051, 31462
2026/09/25 21:39:48.323, 0, 285.47, 44, 2857, 16051, 31970
2026/09/25 21:39:48.323, 1, 268.40, 42, 2827, 16051, 31462
2026/09/25 21:39:48.573, 0, 285.47, 44, 2857, 16051, 31970
2026/09/25 21:39:48.573, 1, 268.40, 42, 2827, 16051, 31462
2026/09/25 21:39:48.823, 0, 285.50, 43, 2857, 16051, 31970
2026/09/25 21:39:48.823, 1, 268.95, 45, 2827, 16051, 31462
2026/09/25 21:39:49.073, 0, 285.50, 43, 2857, 16051, 31970
2026/09/25 21:39:49.074, 1, 268.95, 45, 2827, 16051, 31462
2026/09/25 21:39:49.324, 0, 285.50, 37, 2857, 16051, 31970
2026/09/25 21:39:49.325, 1, 268.95, 5, 2827, 16051, 31462
2026/09/25 21:39:49.575, 0, 285.50, 37, 2857, 16051, 31970
2026/09/25 21:39:49.575, 1, 268.95, 5, 2827, 16051, 31462
2026/09/25 21:39:49.825, 0, 242.20, 46, 2895, 16051, 31970
2026/09/25 21:39:49.825, 1, 224.48, 50, 2857, 16051, 31462
2026/09/25 21:39:50.075, 0, 242.20, 46, 2895, 16051, 31970
2026/09/25 21:39:50.075, 1, 224.48, 50, 2857, 16051, 31462
2026/09/25 21:39:50.325, 0, 242.20, 42, 2895, 16051, 31970
2026/09/25 21:39:50.325, 1, 224.48, 47, 2857, 16051, 31462
2026/09/25 21:39:50.575, 0, 242.20, 42, 2895, 16051, 31970
2026/09/25 21:39:50.576, 1, 224.48, 47, 2857, 16051, 31462
2026/09/25 21:39:50.826, 0, 261.09, 46, 2857, 16051, 31970
2026/09/25 21:39:50.826, 1, 249.27, 44, 2820, 16051, 31462
2026/09/25 21:39:51.076, 0, 261.09, 46, 2857, 16051, 31970
2026/09/25 21:39:51.076, 1, 249.27, 44, 2820, 16051, 31462
2026/09/25 21:39:51.326, 0, 261.09, 45, 2857, 16051, 31970
2026/09/25 21:39:51.326, 1, 249.27, 46, 2820, 16051, 31462
2026/09/25 21:39:51.576, 0, 261.09, 45, 2857, 16051, 31970
2026/09/25 21:39:51.576, 1, 249.27, 46, 2820, 16051, 31462
2026/09/25 21:39:51.827, 0, 288.35, 43, 2857, 16051, 31970
2026/09/25 21:39:51.827, 1, 274.92, 48, 2827, 16051, 31462
2026/09/25 21:39:52.077, 0, 288.35, 43, 2857, 16051, 31970
2026/09/25 21:39:52.077, 1, 274.92, 48, 2827, 16051, 31462
2026/09/25 21:39:52.327, 0, 288.35, 41, 2857, 16051, 31970
2026/09/25 21:39:52.327, 1, 274.92, 46, 2827, 16051, 31462
2026/09/25 21:39:52.577, 0, 288.35, 41, 2857, 16051, 31970
2026/09/25 21:39:52.577, 1, 274.92, 46, 2827, 16051, 31462
2026/09/25 21:39:52.827, 0, 286.19, 45, 2857, 16051, 31970
2026/09/25 21:39:52.827, 1, 271.79, 42, 2820, 16051, 31462
2026/09/25 21:39:53.077, 0, 286.19, 45, 2857, 16051, 31970
2026/09/25 21:39:53.077, 1, 271.79, 42, 2820, 16051, 31462
2026/09/25 21:39:53.328, 0, 286.19, 46, 2857, 16051, 31970
2026/09/25 21:39:53.328, 1, 271.79, 41, 2820, 16051, 31462
2026/09/25 21:39:53.578, 0, 286.19, 46, 2857, 16051, 31970
2026/09/25 21:39:53.578, 1, 271.79, 41, 2820, 16051, 31462
2026/09/25 21:39:53.828, 0, 283.19, 40, 2857, 16051, 31970
2026/09/25 21:39:53.828, 1, 267.55, 43, 2827, 16051, 31462
2026/09/25 21:39:54.078, 0, 283.19, 40, 2857, 16051, 31970
2026/09/25 21:39:54.078, 1, 267.55, 43, 2827, 16051, 31462
2026/09/25 21:39:54.328, 0, 283.19, 39, 2857, 16051, 31970
2026/09/25 21:39:54.328, 1, 267.55, 40, 2827, 16051, 31462
2026/09/25 21:39:54.579, 0, 283.19, 39, 2857, 16051, 31970
2026/09/25 21:39:54.579, 1, 267.55, 40, 2827, 16051, 31462
2026/09/25 21:39:54.829, 0, 283.18, 40, 2865, 16051, 31970
2026/09/25 21:39:54.829, 1, 266.53, 43, 2827, 16051, 31462
2026/09/25 21:39:55.079, 0, 283.18, 40, 2865, 16051, 31970
2026/09/25 21:39:55.079, 1, 266.53, 43, 2827, 16051, 31462
2026/09/25 21:39:55.329, 0, 283.18, 40, 2865, 16051, 31970
2026/09/25 21:39:55.329, 1, 266.53, 40, 2827, 16051, 31462
2026/09/25 21:39:55.579, 0, 283.18, 40, 2865, 16051, 31970
2026/09/25 21:39:55.580, 1, 266.53, 40, 2827, 16051, 31462
2026/09/25 21:39:55.830, 0, 289.44, 44, 2857, 16051, 31970
2026/09/25 21:39:55.830, 1, 268.97, 49, 2827, 16051, 31462
2026/09/25 21:39:56.080, 0, 289.44, 44, 2857, 16051, 31970
2026/09/25 21:39:56.080, 1, 268.97, 49, 2827, 16051, 31462
2026/09/25 21:39:56.330, 0, 289.44, 40, 2857, 16051, 31970
2026/09/25 21:39:56.330, 1, 268.97, 42, 2827, 16051, 31462
2026/09/25 21:39:56.580, 0, 289.44, 40, 2857, 16051, 31970
2026/09/25 21:39:56.580, 1, 268.97, 42, 2827, 16051, 31462
2026/09/25 21:39:56.830, 0, 287.66, 39, 2857, 16051, 31970
2026/09/25 21:39:56.830, 1, 268.24, 42, 2827, 16051, 31462
2026/09/25 21:39:57.081, 0, 287.66, 39, 2857, 16051, 31970
2026/09/25 21:39:57.081, 1, 268.24, 42, 2827, 16051, 31462
2026/09/25 21:39:57.331, 0, 287.66, 45, 2857, 16051, 31970
2026/09/25 21:39:57.331, 1, 268.24, 41, 2827, 16051, 31462
2026/09/25 21:39:57.581, 0, 287.66, 45, 2857, 16051, 31970
2026/09/25 21:39:57.581, 1, 268.24, 41, 2827, 16051, 31462
2026/09/25 21:39:57.831, 0, 289.28, 40, 2857, 16051, 31970
2026/09/25 21:39:57.831, 1, 270.72, 43, 2827, 16051, 31462
2026/09/25 21:39:58.081, 0, 289.28, 40, 2857, 16051, 31970
2026/09/25 21:39:58.082, 1, 270.72, 43, 2827, 16051, 31462
2026/09/25 21:39:58.332, 0, 289.28, 47, 2857, 16051, 31970
2026/09/25 21:39:58.332, 1, 270.72, 41, 2827, 16051, 31462
2026/09/25 21:39:58.582, 0, 289.28, 47, 2857, 16051, 31970
2026/09/25 21:39:58.582, 1, 270.72, 41, 2827, 16051, 31462
2026/09/25 21:39:58.832, 0, 285.82, 47, 2857, 16051, 31970
2026/09/25 21:39:58.832, 1, 266.29, 42, 2820, 16051, 31462
2026/09/25 21:39:59.082, 0, 285.82, 47, 2857, 16051, 31970
2026/09/25 21:39:59.082, 1, 266.29, 42, 2820, 16051, 31462
2026/09/25 21:39:59.333, 0, 285.82, 41, 2857, 16051, 31970
2026/09/25 21:39:59.333, 1, 266.29, 41, 2820, 16051, 31462
2026/09/25 21:39:59.583, 0, 285.82, 41, 2857, 16051, 31970
2026/09/25 21:39:59.583, 1, 266.29, 41, 2820, 16051, 31462
2026/09/25 21:39:59.833, 0, 287.19, 41, 2857, 16051, 31970
2026/09/25 21:39:59.833, 1, 266.33, 43, 2827, 16051, 31462
2026/09/25 21:40:00.083, 0, 287.19, 41, 2857, 16051, 31970
2026/09/25 21:40:00.083, 1, 266.33, 43, 2827, 16051, 31462
2026/09/25 21:40:00.333, 0, 287.19, 43, 2857, 16051, 31970
2026/09/25 21:40:00.333, 1, 266.33, 48, 2827, 16051, 31462
