2026/09/25 21:21:21.559, 0, 70.03, 0, 2430, 16051, 31056
2026/09/25 21:21:21.562, 1, 61.85, 0, 2400, 16051, 30612
2026/09/25 21:21:21.816, 0, 70.03, 0, 2430, 16051, 31056
2026/09/25 21:21:21.816, 1, 61.85, 0, 2400, 16051, 30612
2026/09/25 21:21:22.066, 0, 70.03, 0, 2430, 16051, 31056
2026/09/25 21:21:22.066, 1, 61.85, 0, 2400, 16051, 30612
2026/09/25 21:21:22.316, 0, 132.32, 43, 2805, 16051, 31056
2026/09/25 21:21:22.316, 1, 127.36, 50, 2677, 16051, 30612
2026/09/25 21:21:22.566, 0, 132.32, 43, 2805, 16051, 31056
2026/09/25 21:21:22.566, 1, 127.36, 50, 2677, 16051, 30612
2026/09/25 21:21:22.816, 0, 132.32, 42, 2805, 16051, 31056
2026/09/25 21:21:22.816, 1, 127.36, 46, 2677, 16051, 30612
2026/09/25 21:21:23.066, 0, 132.32, 42, 2805, 16051, 31056
2026/09/25 21:21:23.066, 1, 127.36, 46, 2677, 16051, 30612
2026/09/25 21:21:23.317, 0, 222.43, 39, 2887, 16051, 31056
2026/09/25 21:21:23.317, 1, 223.69, 45, 2857, 16051, 30612
2026/09/25 21:21:23.567, 0, 222.43, 39, 2887, 16051, 31056
2026/09/25 21:21:23.567, 1, 223.69, 45, 2857, 16051, 30612
2026/09/25 21:21:23.817, 0, 222.43, 41, 2887, 16051, 31056
2026/09/25 21:21:23.817, 1, 223.69, 48, 2857, 16051, 30612
2026/09/25 21:21:24.067, 0, 222.43, 41, 2887, 16051, 31056
2026/09/25 21:21:24.067, 1, 223.69, 48, 2857, 16051, 30612
2026/09/25 21:21:24.317, 0, 226.18, 37, 2887, 16051, 31056
2026/09/25 21:21:24.317, 1, 225.83, 43, 2857, 16051, 30612
2026/09/25 21:21:24.567, 0, 226.18, 37, 2887, 16051, 31056
2026/09/25 21:21:24.567, 1, 225.83, 43, 2857, 16051, 30612
2026/09/25 21:21:24.817, 0, 226.18, 43, 2887, 16051, 31056
2026/09/25 21:21:24.818, 1, 225.83, 47, 2857, 16051, 30612
2026/09/25 21:21:25.068, 0, 226.18, 43, 2887, 16051, 31056
2026/09/25 21:21:25.068, 1, 225.83, 47, 2857, 16051, 30612
2026/09/25 21:21:25.318, 0, 225.29, 42, 2887, 16051, 31056
2026/09/25 21:21:25.318, 1, 226.41, 48, 2850, 16051, 30612
2026/09/25 21:21:25.568, 0, 225.29, 42, 2887, 16051, 31056
2026/09/25 21:21:25.568, 1, 226.41, 48, 2850, 16051, 30612
2026/09/25 21:21:25.818, 0, 225.29, 42, 2887, 16051, 31056
2026/09/25 21:21:25.818, 1, 226.41, 46, 2850, 16051, 30612
2026/09/25 21:21:26.068, 0, 225.29, 42, 2887, 16051, 31056
2026/09/25 21:21:26.069, 1, 226.41, 46, 2850, 16051, 30612
2026/09/25 21:21:26.319, 0, 222.43, 42, 2887, 16051, 31056
2026/09/25 21:21:26.319, 1, 223.82, 47, 2857, 16051, 30612
2026/09/25 21:21:26.569, 0, 222.43, 42, 2887, 16051, 31056
2026/09/25 21:21:26.569, 1, 223.82, 47, 2857, 16051, 30612
2026/09/25 21:21:26.819, 0, 222.43, 42, 2887, 16051, 31056
2026/09/25 21:21:26.819, 1, 223.82, 49, 2857, 16051, 30612
2026/09/25 21:21:27.069, 0, 222.43, 42, 2887, 16051, 31056
2026/09/25 21:21:27.069, 1, 223.82, 49, 2857, 16051, 30612
2026/09/25 21:21:27.319, 0, 222.00, 42, 2887, 16051, 31056
2026/09/25 21:21:27.319, 1, 222.62, 47, 2850, 16051, 30612
2026/09/25 21:21:27.570, 0, 222.00, 42, 2887, 16051, 31056
2026/09/25 21:21:27.570, 1, 222.62, 47, 2850, 16051, 30612
2026/09/25 21:21:27.820, 0, 222.00, 42, 2887, 16051, 31056
2026/09/25 21:21:27.820, 1, 222.62, 47, 2850, 16051, 30612
2026/09/25 21:21:28.070, 0, 222.00, 42, 2887, 16051, 31056
2026/09/25 21:21:28.070, 1, 222.62, 47, 2850, 16051, 30612
2026/09/25 21:21:28.320, 0, 228.55, 41, 2887, 16051, 31056
2026/09/25 21:21:28.320, 1, 231.38, 48, 2850, 16051, 30612
2026/09/25 21:21:28.570, 0, 228.55, 41, 2887, 16051, 31056
2026/09/25 21:21:28.570, 1, 231.38, 48, 2850, 16051, 30612
2026/09/25 21:21:28.820, 0, 228.55, 44, 2887, 16051, 31056
2026/09/25 21:21:28.821, 1, 231.38, 50, 2850, 16051, 30612
2026/09/25 21:21:29.071, 0, 228.55, 44, 2887, 16051, 31056
2026/09/25 21:21:29.071, 1, 231.38, 50, 2850, 16051, 30612
2026/09/25 21:21:29.321, 0, 229.72, 43, 2887, 16051, 31056
2026/09/25 21:21:29.321, 1, 232.09, 49, 2850, 16051, 30612
2026/09/25 21:21:29.571, 0, 229.72, 43, 2887, 16051, 31056
2026/09/25 21:21:29.571, 1, 232.09, 49, 2850, 16051, 30612
2026/09/25 21:21:29.821, 0, 229.72, 44, 2887, 16051, 31056
2026/09/25 21:21:29.821, 1, 232.09, 50, 2850, 16051, 30612
2026/09/25 21:21:30.071, 0, 229.72, 44, 2887, 16051, 31056
2026/09/25 21:21:30.072, 1, 232.09, 50, 2850, 16051, 30612
2026/09/25 21:21:30.322, 0, 230.23, 41, 2887, 16051, 31056
2026/09/25 21:21:30.322, 1, 232.47, 47, 2842, 16051, 30612
2026/09/25 21:21:30.572, 0, 230.23, 41, 2887, 16051, 31056
2026/09/25 21:21:30.572, 1, 232.47, 47, 2842, 16051, 30612
2026/09/25 21:21:30.822, 0, 230.23, 44, 2887, 16051, 31056
2026/09/25 21:21:30.822, 1, 232.47, 50, 2842, 16051, 30612
2026/09/25 21:21:31.072, 0, 230.23, 44, 2887, 16051, 31056
2026/09/25 21:21:31.072, 1, 232.47, 50, 2842, 16051, 30612
2026/09/25 21:21:31.322, 0, 225.54, 41, 2895, 16051, 31056
2026/09/25 21:21:31.322, 1, 224.92, 49, 2850, 16051, 30612
2026/09/25 21:21:31.572, 0, 225.54, 41, 2895, 16051, 31056
2026/09/25 21:21:31.572, 1, 224.92, 49, 2850, 16051, 30612
2026/09/25 21:21:31.823, 0, 225.54, 45, 2895, 16051, 31056
2026/09/25 21:21:31.823, 1, 224.92, 51, 2850, 16051, 30612
2026/09/25 21:21:32.073, 0, 225.54, 45, 2895, 16051, 31056
2026/09/25 21:21:32.073, 1, 224.92, 51, 2850, 16051, 30612
2026/09/25 21:21:32.323, 0, 230.83, 43, 2887, 16051, 31056
2026/09/25 21:21:32.323, 1, 235.07, 50, 2842, 16051, 30612
2026/09/25 21:21:32.573, 0, 230.83, 43, 2887, 16051, 31056
2026/09/25 21:21:32.573, 1, 235.07, 50, 2842, 16051, 30612
2026/09/25 21:21:32.823, 0, 230.83, 42, 2887, 16051, 31056
2026/09/25 21:21:32.823, 1, 235.07, 48, 2842, 16051, 30612
2026/09/25 21:21:33.073, 0, 230.83, 42, 2887, 16051, 31056
2026/09/25 21:21:33.073, 1, 235.07, 48, 2842, 16051, 30612
2026/09/25 21:21:33.323, 0, 229.09, 41, 2887, 16051, 31056
2026/09/25 21:21:33.324, 1, 231.62, 48, 2842, 16051, 30612
2026/09/25 21:21:33.574, 0, 229.09, 41, 2887, 16051, 31056
2026/09/25 21:21:33.574, 1, 231.62, 48, 2842, 16051, 30612
2026/09/25 21:21:33.824, 0, 229.09, 45, 2887, 16051, 31056
2026/09/25 21:21:33.824, 1, 231.62, 50, 2842, 16051, 30612
2026/09/25 21:21:34.074, 0, 229.09, 45, 2887, 16051, 31056
2026/09/25 21:21:34.074, 1, 231.62, 50, 2842, 16051, 30612
2026/09/25 21:21:34.324, 0, 230.55, 42, 2887, 16051, 31056
2026/09/25 21:21:34.324, 1, 233.12, 49, 2842, 16051, 30612
2026/09/25 21:21:34.574, 0, 230.55, 42, 2887, 16051, 31056
2026/09/25 21:21:34.574, 1, 233.12, 49, 2842, 16051, 30612
2026/09/25 21:21:34.824, 0, 230.55, 42, 2887, 16051, 31056
2026/09/25 21:21:34.825, 1, 233.12, 49, 2842, 16051, 30612
2026/09/25 21:21:35.075, 0, 230.55, 42, 2887, 16051, 31056
2026/09/25 21:21:35.075, 1, 233.12, 49, 2842, 16051, 30612
2026/09/25 21:21:35.325, 0, 229.45, 43, 2887, 16051, 31056
2026/09/25 21:21:35.325, 1, 233.28, 49, 2842, 16051, 30612
2026/09/25 21:21:35.575, 0, 229.45, 43, 2887, 16051, 31056
2026/09/25 21:21:35.575, 1, 233.28, 49, 2842, 16051, 30612
2026/09/25 21:21:35.825, 0, 229.45, 42, 2887, 16051, 31056
2026/09/25 21:21:35.825, 1, 233.28, 51, 2842, 16051, 30612
2026/09/25 21:21:36.075, 0, 229.45, 42, 2887, 16051, 31056
2026/09/25 21:21:36.075, 1, 233.28, 51, 2842, 16051, 30612
2026/09/25 21:21:36.325, 0, 227.83, 42, 2887, 16051, 31056
2026/09/25 21:21:36.326, 1, 228.73, 48, 2842, 16051, 30612
2026/09/25 21:21:36.576, 0, 227.83, 42, 2887, 16051, 31056
2026/09/25 21:21:36.576, 1, 228.73, 48, 2842, 16051, 30612
2026/09/25 21:21:36.826, 0, 227.83, 42, 2887, 16051, 31056
2026/09/25 21:21:36.826, 1, 228.73, 49, 2842, 16051, 30612
2026/09/25 21:21:37.076, 0, 227.83, 42, 2887, 16051, 31056
2026/09/25 21:21:37.076, 1, 228.73, 49, 2842, 16051, 30612
2026/09/25 21:21:37.326, 0, 229.35, 43, 2887, 16051, 31056
2026/09/25 21:21:37.326, 1, 233.32, 50, 2842, 16051, 30612
2026/09/25 21:21:37.576, 0, 229.35, 43, 2887, 16051, 31056
2026/09/25 21:21:37.576, 1, 233.32, 50, 2842, 16051, 30612
2026/09/25 21:21:37.826, 0, 229.35, 44, 2887, 16051, 31056
2026/09/25 21:21:37.826, 1, 233.32, 50, 2842, 16051, 30612
2026/09/25 21:21:38.077, 0, 229.35, 44, 2887, 16051, 31056
2026/09/25 21:21:38.077, 1, 233.32, 50, 2842, 16051, 30612
2026/09/25 21:21:38.327, 0, 229.32, 42, 2887, 16051, 31056
2026/09/25 21:21:38.327, 1, 232.76, 48, 2842, 16051, 30612
2026/09/25 21:21:38.577, 0, 229.32, 42, 2887, 16051, 31056
2026/09/25 21:21:38.577, 1, 232.76, 48, 2842, 16051, 30612
2026/09/25 21:21:38.827, 0, 229.32, 44, 2887, 16051, 31056
2026/09/25 21:21:38.827, 1, 232.76, 51, 2842, 16051, 30612
2026/09/25 21:21:39.077, 0, 229.32, 44, 2887, 16051, 31056
2026/09/25 21:21:39.077, 1, 232.76, 51, 2842, 16051, 30612
2026/09/25 21:21:39.327, 0, 230.43, 42, 2887, 16051, 31056
2026/09/25 21:21:39.328, 1, 233.84, 48, 2842, 16051, 30612
2026/09/25 21:21:39.578, 0, 230.43, 42, 2887, 16051, 31056
2026/09/25 21:21:39.578, 1, 233.84, 48, 2842, 16051, 30612
2026/09/25 21:21:39.828, 0, 230.43, 43, 2887, 16051, 31056
2026/09/25 21:21:39.828, 1, 233.84, 51, 2842, 16051, 30612
2026/09/25 21:21:40.078, 0, 230.43, 43, 2887, 16051, 31062
2026/09/25 21:21:40.078, 1, 233.84, 51, 2842, 16051, 30616
2026/09/25 21:21:40.328, 0, 223.41, 54, 2902, 16051, 31062
2026/09/25 21:21:40.328, 1, 211.94, 38, 2857, 16051, 30616
2026/09/25 21:21:40.578, 0, 223.41, 54, 2902, 16051, 31062
2026/09/25 21:21:40.579, 1, 211.94, 38, 2857, 16051, 30616
2026/09/25 21:21:40.829, 0, 223.41, 42, 2902, 16051, 31062
2026/09/25 21:21:40.829, 1, 211.94, 49, 2857, 16051, 30616
2026/09/25 21:21:41.079, 0, 223.41, 42, 2902, 16051, 31062
2026/09/25 21:21:41.079, 1, 211.94, 49, 2857, 16051, 30616
2026/09/25 21:21:41.329, 0, 236.87, 43, 2880, 16051, 31062
2026/09/25 21:21:41.329, 1, 239.46, 45, 2835, 16051, 30616
2026/09/25 21:21:41.579, 0, 236.87, 43, 2880, 16051, 31062
2026/09/25 21:21:41.579, 1, 239.46, 45, 2835, 16051, 30616
2026/09/25 21:21:41.829, 0, 236.87, 42, 2880, 16051, 31062
2026/09/25 21:21:41.829, 1, 239.46, 48, 2835, 16051, 30616
2026/09/25 21:21:42.080, 0, 236.87, 42, 2880, 16051, 31062
2026/09/25 21:21:42.080, 1, 239.46, 48, 2835, 16051, 30616
2026/09/25 21:21:42.330, 0, 247.01, 42, 2880, 16051, 31062
2026/09/25 21:21:42.330, 1, 244.15, 46, 2835, 16051, 30616
2026/09/25 21:21:42.580, 0, 247.01, 42, 2880, 16051, 31062
2026/09/25 21:21:42.580, 1, 244.15, 46, 2835, 16051, 30616
2026/09/25 21:21:42.830, 0, 247.01, 42, 2880, 16051, 31062
2026/09/25 21:21:42.830, 1, 244.15, 47, 2835, 16051, 30616
2026/09/25 21:21:43.080, 0, 247.01, 42, 2880, 16051, 31062
2026/09/25 21:21:43.080, 1, 244.15, 47, 2835, 16051, 30616
2026/09/25 21:21:43.330, 0, 248.45, 42, 2880, 16051, 31062
2026/09/25 21:21:43.331, 1, 241.82, 45, 2835, 16051, 30616
2026/09/25 21:21:43.581, 0, 248.45, 42, 2880, 16051, 31062
2026/09/25 21:21:43.581, 1, 241.82, 45, 2835, 16051, 30616
2026/09/25 21:21:43.831, 0, 248.45, 43, 2880, 16051, 31062
2026/09/25 21:21:43.831, 1, 241.82, 47, 2835, 16051, 30616
2026/09/25 21:21:44.081, 0, 248.45, 43, 2880, 16051, 31062
2026/09/25 21:21:44.081, 1, 241.82, 47, 2835, 16051, 30616
2026/09/25 21:21:44.331, 0, 251.74, 41, 2872, 16051, 31062
2026/09/25 21:21:44.331, 1, 245.29, 48, 2835, 16051, 30616
2026/09/25 21:21:44.581, 0, 251.74, 41, 2872, 16051, 31062
2026/09/25 21:21:44.581, 1, 245.29, 48, 2835, 16051, 30616
2026/09/25 21:21:44.832, 0, 251.74, 43, 2872, 16051, 31062
2026/09/25 21:21:44.832, 1, 245.29, 44, 2835, 16051, 30616
2026/09/25 21:21:45.082, 0, 251.74, 43, 2872, 16051, 31062
2026/09/25 21:21:45.082, 1, 245.29, 44, 2835, 16051, 30616
2026/09/25 21:21:45.332, 0, 248.14, 41, 2880, 16051, 31062
2026/09/25 21:21:45.332, 1, 242.51, 48, 2842, 16051, 30616
2026/09/25 21:21:45.582, 0, 248.14, 41, 2880, 16051, 31062
2026/09/25 21:21:45.582, 1, 242.51, 48, 2842, 16051, 30616
2026/09/25 21:21:45.832, 0, 248.14, 42, 2880, 16051, 31062
2026/09/25 21:21:45.832, 1, 242.51, 42, 2842, 16051, 30616
2026/09/25 21:21:46.083, 0, 248.14, 42, 2880, 16051, 31062
2026/09/25 21:21:46.083, 1, 242.51, 42, 2842, 16051, 30616
2026/09/25 21:21:46.333, 0, 236.19, 46, 2880, 16051, 31062
2026/09/25 21:21:46.333, 1, 229.91, 48, 2857, 16051, 30616
2026/09/25 21:21:46.583, 0, 236.19, 46, 2880, 16051, 31062
2026/09/25 21:21:46.583, 1, 229.91, 48, 2857, 16051, 30616
2026/09/25 21:21:46.833, 0, 236.19, 42, 2880, 16051, 31062
2026/09/25 21:21:46.833, 1, 229.91, 50, 2857, 16051, 30616
2026/09/25 21:21:47.083, 0, 236.19, 42, 2880, 16051, 31062
2026/09/25 21:21:47.084, 1, 229.91, 50, 2857, 16051, 30616
2026/09/25 21:21:47.334, 0, 254.46, 44, 2872, 16051, 31062
2026/09/25 21:21:47.334, 1, 252.88, 49, 2835, 16051, 30616
2026/09/25 21:21:47.584, 0, 254.46, 44, 2872, 16051, 31062
2026/09/25 21:21:47.584, 1, 252.88, 49, 2835, 16051, 30616
2026/09/25 21:21:47.834, 0, 254.46, 42, 2872, 16051, 31062
2026/09/25 21:21:47.834, 1, 252.88, 46, 2835, 16051, 30616
2026/09/25 21:21:48.084, 0, 254.46, 42, 2872, 16051, 31062
2026/09/25 21:21:48.084, 1, 252.88, 46, 2835, 16051, 30616
2026/09/25 21:21:48.334, 0, 251.69, 43, 2872, 16051, 31062
2026/09/25 21:21:48.334, 1, 248.58, 46, 2835, 16051, 30616
2026/09/25 21:21:48.585, 0, 251.69, 43, 2872, 16051, 31062
2026/09/25 21:21:48.585, 1, 248.58, 46, 2835, 16051, 30616
2026/09/25 21:21:48.835, 0, 251.69, 42, 2872, 16051, 31062
2026/09/25 21:21:48.835, 1, 248.58, 49, 2835, 16051, 30616
2026/09/25 21:21:49.085, 0, 251.69, 42, 2872, 16051, 31062
2026/09/25 21:21:49.085, 1, 248.58, 49, 2835, 16051, 30616
2026/09/25 21:21:49.335, 0, 255.96, 42, 2872, 16051, 31062
2026/09/25 21:21:49.335, 1, 250.11, 51, 2835, 16051, 30616
2026/09/25 21:21:49.585, 0, 255.96, 42, 2872, 16051, 31062
2026/09/25 21:21:49.585, 1, 250.11, 51, 2835, 16051, 30616
2026/09/25 21:21:49.835, 0, 255.96, 42, 2872, 16051, 31062
2026/09/25 21:21:49.835, 1, 250.11, 50, 2835, 16051, 30616
2026/09/25 21:21:50.086, 0, 255.96, 42, 2872, 16051, 31062
2026/09/25 21:21:50.086, 1, 250.11, 50, 2835, 16051, 30616
2026/09/25 21:21:50.336, 0, 257.18, 43, 2872, 16051, 31062
2026/09/25 21:21:50.336, 1, 252.38, 48, 2835, 16051, 30616
2026/09/25 21:21:50.586, 0, 257.18, 43, 2872, 16051, 31062
2026/09/25 21:21:50.586, 1, 252.38, 48, 2835, 16051, 30616
2026/09/25 21:21:50.836, 0, 257.18, 46, 2872, 16051, 31062
2026/09/25 21:21:50.836, 1, 252.38, 46, 2835, 16051, 30616
2026/09/25 21:21:51.086, 0, 257.18, 46, 2872, 16051, 31062
2026/09/25 21:21:51.086, 1, 252.38, 46, 2835, 16051, 30616
2026/09/25 21:21:51.336, 0, 247.21, 51, 2895, 16051, 31062
2026/09/25 21:21:51.337, 1, 238.92, 43, 2842, 16051, 30616
2026/09/25 21:21:51.587, 0, 247.21, 51, 2895, 16051, 31062
2026/09/25 21:21:51.587, 1, 238.92, 43, 2842, 16051, 30616
2026/09/25 21:21:51.837, 0, 247.21, 42, 2895, 16051, 31062
2026/09/25 21:21:51.837, 1, 238.92, 49, 2842, 16051, 30616
2026/09/25 21:21:52.087, 0, 247.21, 42, 2895, 16051, 31062
2026/09/25 21:21:52.087, 1, 238.92, 49, 2842, 16051, 30616
2026/09/25 21:21:52.337, 0, 245.93, 42, 2872, 16051, 31062
2026/09/25 21:21:52.337, 1, 245.35, 51, 2835, 16051, 30616
2026/09/25 21:21:52.587, 0, 245.93, 42, 2872, 16051, 31062
2026/09/25 21:21:52.588, 1, 245.35, 51, 2835, 16051, 30616
2026/09/25 21:21:52.838, 0, 245.93, 45, 2872, 16051, 31062
2026/09/25 21:21:52.838, 1, 245.35, 48, 2835, 16051, 30616
2026/09/25 21:21:53.088, 0, 245.93, 45, 2872, 16051, 31062
2026/09/25 21:21:53.088, 1, 245.35, 48, 2835, 16051, 30616
2026/09/25 21:21:53.338, 0, 254.38, 44, 2880, 16051, 31062
2026/09/25 21:21:53.338, 1, 251.70, 50, 2842, 16051, 30616
2026/09/25 21:21:53.588, 0, 254.38, 44, 2880, 16051, 31062
2026/09/25 21:21:53.588, 1, 251.70, 50, 2842, 16051, 30616
2026/09/25 21:21:53.838, 0, 254.38, 43, 2880, 16051, 31062
2026/09/25 21:21:53.838, 1, 251.70, 50, 2842, 16051, 30616
2026/09/25 21:21:54.088, 0, 254.38, 43, 2880, 16051, 31062
2026/09/25 21:21:54.088, 1, 251.70, 50, 2842, 16051, 30616
2026/09/25 21:21:54.339, 0, 256.08, 47, 2872, 16051, 31062
2026/09/25 21:21:54.339, 1, 252.52, 46, 2835, 16051, 30616
2026/09/25 21:21:54.589, 0, 256.08, 47, 2872, 16051, 31062
2026/09/25 21:21:54.589, 1, 252.52, 46, 2835, 16051, 30616
2026/09/25 21:21:54.839, 0, 256.08, 46, 2872, 16051, 31062
2026/09/25 21:21:54.839, 1, 252.52, 46, 2835, 16051, 30616
2026/09/25 21:21:55.089, 0, 256.08, 46, 2872, 16051, 31062
2026/09/25 21:21:55.089, 1, 252.52, 46, 2835, 16051, 30616
2026/09/25 21:21:55.339, 0, 259.62, 46, 2872, 16051, 31062
2026/09/25 21:21:55.339, 1, 256.88, 47, 2835, 16051, 30616
2026/09/25 21:21:55.589, 0, 259.62, 46, 2872, 16051, 31062
2026/09/25 21:21:55.589, 1, 256.88, 47, 2835, 16051, 30616
2026/09/25 21:21:55.839, 0, 259.62, 44, 2872, 16051, 31062
2026/09/25 21:21:55.839, 1, 256.88, 46, 2835, 16051, 30616
2026/09/25 21:21:56.090, 0, 259.62, 44, 2872, 16051, 31062
2026/09/25 21:21:56.090, 1, 256.88, 46, 2835, 16051, 30616
2026/09/25 21:21:56.340, 0, 254.30, 42, 2880, 16051, 31062
2026/09/25 21:21:56.340, 1, 250.55, 49, 2835, 16051, 30616
2026/09/25 21:21:56.590, 0, 254.30, 42, 2880, 16051, 31062
2026/09/25 21:21:56.590, 1, 250.55, 49, 2835, 16051, 30616
2026/09/25 21:21:56.840, 0, 254.30, 35, 2880, 16051, 31062
2026/09/25 21:21:56.840, 1, 250.55, 66, 2835, 16051, 30616
2026/09/25 21:21:57.090, 0, 254.30, 35, 2880, 16051, 31062
2026/09/25 21:21:57.090, 1, 250.55, 66, 2835, 16051, 30616
2026/09/25 21:21:57.340, 0, 240.67, 46, 2872, 16051, 31062
2026/09/25 21:21:57.341, 1, 237.08, 47, 2835, 16051, 30616
2026/09/25 21:21:57.591, 0, 240.67, 46, 2872, 16051, 31062
2026/09/25 21:21:57.591, 1, 237.08, 47, 2835, 16051, 30616
2026/09/25 21:21:57.841, 0, 240.67, 42, 2872, 16051, 31062
2026/09/25 21:21:57.841, 1, 237.08, 47, 2835, 16051, 30616
2026/09/25 21:21:58.091, 0, 240.67, 42, 2872, 16051, 31062
2026/09/25 21:21:58.091, 1, 237.08, 47, 2835, 16051, 30616
2026/09/25 21:21:58.341, 0, 256.01, 44, 2880, 16051, 31062
2026/09/25 21:21:58.341, 1, 253.87, 48, 2835, 16051, 30616
2026/09/25 21:21:58.591, 0, 256.01, 44, 2880, 16051, 31062
2026/09/25 21:21:58.591, 1, 253.87, 48, 2835, 16051, 30616
2026/09/25 21:21:58.842, 0, 256.01, 41, 2880, 16051, 31062
2026/09/25 21:21:58.842, 1, 253.87, 46, 2835, 16051, 30616
2026/09/25 21:21:59.092, 0, 256.01, 41, 2880, 16051, 31062
2026/09/25 21:21:59.092, 1, 253.87, 46, 2835, 16051, 30616
2026/09/25 21:21:59.342, 0, 254.02, 45, 2880, 16051, 31062
2026/09/25 21:21:59.342, 1, 249.45, 48, 2835, 16051, 30616
2026/09/25 21:21:59.592, 0, 254.02, 45, 2880, 16051, 31062
2026/09/25 21:21:59.592, 1, 249.45, 48, 2835, 16051, 30616
2026/09/25 21:21:59.842, 0, 254.02, 41, 2880, 16051, 31062
2026/09/25 21:21:59.842, 1, 249.45, 47, 2835, 16051, 30616
2026/09/25 21:22:00.093, 0, 254.02, 41, 2880, 16051, 31062
2026/09/25 21:22:00.093, 1, 249.45, 47, 2835, 16051, 30616
2026/09/25 21:22:00.343, 0, 256.82, 42, 2872, 16051, 31062
2026/09/25 21:22:00.343, 1, 253.87, 51, 2835, 16051, 30616
2026/09/25 21:22:00.593, 0, 256.82, 42, 2872, 16051, 31062
2026/09/25 21:22:00.593, 1, 253.87, 51, 2835, 16051, 30616
2026/09/25 21:22:00.843, 0, 256.82, 42, 2872, 16051, 31062
2026/09/25 21:22:00.843, 1, 253.87, 46, 2835, 16051, 30616
2026/09/25 21:22:01.094, 0, 256.82, 42, 2872, 16051, 31062
2026/09/25 21:22:01.094, 1, 253.87, 46, 2835, 16051, 30616
2026/09/25 21:22:01.344, 0, 253.96, 44, 2872, 16051, 31062
2026/09/25 21:22:01.344, 1, 251.14, 49, 2835, 16051, 30616
2026/09/25 21:22:01.594, 0, 253.96, 44, 2872, 16051, 31062
2026/09/25 21:22:01.594, 1, 251.14, 49, 2835, 16051, 30616
2026/09/25 21:22:01.844, 0, 253.96, 42, 2872, 16051, 31066
2026/09/25 21:22:01.844, 1, 251.14, 51, 2835, 16051, 30618
2026/09/25 21:22:02.094, 0, 253.96, 42, 2872, 16051, 31078
2026/09/25 21:22:02.095, 1, 251.14, 51, 2835, 16051, 30630
2026/09/25 21:22:02.345, 0, 234.23, 18, 2895, 16051, 31078
2026/09/25 21:22:02.345, 1, 222.66, 29, 2857, 16051, 30630
2026/09/25 21:22:02.595, 0, 234.23, 18, 2895, 16051, 31078
2026/09/25 21:22:02.595, 1, 222.66, 29, 2857, 16051, 30632
2026/09/25 21:22:02.845, 0, 234.23, 35, 2895, 16051, 31078
2026/09/25 21:22:02.845, 1, 222.66, 43, 2857, 16051, 30632
2026/09/25 21:22:03.095, 0, 234.23, 35, 2895, 16051, 31078
2026/09/25 21:22:03.095, 1, 222.66, 43, 2857, 16051, 30632
2026/09/25 21:22:03.345, 0, 240.26, 45, 2865, 16051, 31078
2026/09/25 21:22:03.345, 1, 237.59, 46, 2827, 16051, 30632
2026/09/25 21:22:03.595, 0, 240.26, 45, 2865, 16051, 31078
2026/09/25 21:22:03.596, 1, 237.59, 46, 2827, 16051, 30632
2026/09/25 21:22:03.846, 0, 240.26, 40, 2865, 16051, 31078
2026/09/25 21:22:03.846, 1, 237.59, 45, 2827, 16051, 30632
2026/09/25 21:22:04.096, 0, 240.26, 40, 2865, 16051, 31078
2026/09/25 21:22:04.096, 1, 237.59, 45, 2827, 16051, 30632
2026/09/25 21:22:04.346, 0, 257.26, 42, 2872, 16051, 31078
2026/09/25 21:22:04.346, 1, 249.80, 44, 2835, 16051, 30632
2026/09/25 21:22:04.596, 0, 257.26, 42, 2872, 16051, 31658
2026/09/25 21:22:04.596, 1, 249.80, 44, 2835, 16051, 30632
2026/09/25 21:22:04.846, 0, 225.84, 79, 2872, 16051, 31746
2026/09/25 21:22:04.846, 1, 177.85, 0, 2865, 16051, 31092
2026/09/25 21:22:05.097, 0, 225.84, 79, 2872, 16051, 31746
2026/09/25 21:22:05.097, 1, 177.85, 0, 2865, 16051, 31212
2026/09/25 21:22:05.347, 0, 285.36, 64, 2872, 16051, 31786
2026/09/25 21:22:05.347, 1, 232.76, 7, 2805, 16051, 31212
2026/09/25 21:22:05.597, 0, 285.36, 64, 2872, 16051, 31786
2026/09/25 21:22:05.597, 1, 232.76, 7, 2805, 16051, 31212
2026/09/25 21:22:05.847, 0, 384.03, 33, 2880, 16051, 31786
2026/09/25 21:22:05.847, 1, 367.10, 35, 2812, 16051, 31212
2026/09/25 21:22:06.097, 0, 384.03, 33, 2880, 16051, 31786
2026/09/25 21:22:06.097, 1, 367.10, 35, 2812, 16051, 31212
2026/09/25 21:22:06.347, 0, 384.03, 3, 2880, 16051, 31786
2026/09/25 21:22:06.347, 1, 367.10, 66, 2812, 16051, 31212
2026/09/25 21:22:06.597, 0, 384.03, 3, 2880, 16051, 31786
2026/09/25 21:22:06.597, 1, 367.10, 66, 2812, 16051, 31212
2026/09/25 21:22:06.847, 0, 385.94, 0, 2872, 16051, 31786
2026/09/25 21:22:06.847, 1, 364.00, 99, 2827, 16051, 31212
2026/09/25 21:22:07.098, 0, 385.94, 0, 2872, 16051, 31786
2026/09/25 21:22:07.098, 1, 364.00, 99, 2827, 16051, 31212
2026/09/25 21:22:07.348, 0, 413.29, 0, 2857, 16051, 31786
2026/09/25 21:22:07.348, 1, 360.17, 100, 2842, 16051, 31212
2026/09/25 21:22:07.598, 0, 413.29, 0, 2857, 16051, 31786
2026/09/25 21:22:07.598, 1, 360.17, 100, 2842, 16051, 31212
2026/09/25 21:22:07.848, 0, 414.63, 41, 2842, 16051, 31786
2026/09/25 21:22:07.848, 1, 359.54, 85, 2842, 16051, 31212
2026/09/25 21:22:08.098, 0, 414.63, 41, 2842, 16051, 31786
2026/09/25 21:22:08.098, 1, 359.54, 85, 2842, 16051, 31212
2026/09/25 21:22:08.348, 0, 390.13, 87, 2827, 16051, 31786
2026/09/25 21:22:08.348, 1, 340.70, 80, 2835, 16051, 31212
2026/09/25 21:22:08.598, 0, 390.13, 87, 2827, 16051, 31786
2026/09/25 21:22:08.599, 1, 340.70, 80, 2835, 16051, 31212
2026/09/25 21:22:08.849, 0, 395.83, 100, 2812, 16051, 31786
2026/09/25 21:22:08.849, 1, 347.78, 78, 2820, 16051, 31212
2026/09/25 21:22:09.099, 0, 395.83, 100, 2812, 16051, 31786
2026/09/25 21:22:09.099, 1, 347.78, 78, 2820, 16051, 31212
2026/09/25 21:22:09.349, 0, 393.91, 100, 2820, 16051, 31786
2026/09/25 21:22:09.349, 1, 359.90, 100, 2805, 16051, 31212
2026/09/25 21:22:09.599, 0, 393.91, 100, 2820, 16051, 31786
2026/09/25 21:22:09.599, 1, 359.90, 100, 2805, 16051, 31212
2026/09/25 21:22:09.849, 0, 393.91, 100, 2820, 16051, 31786
2026/09/25 21:22:09.849, 1, 359.90, 73, 2805, 16051, 31212
2026/09/25 21:22:10.099, 0, 393.91, 100, 2820, 16051, 31786
2026/09/25 21:22:10.099, 1, 359.90, 73, 2805, 16051, 31212
2026/09/25 21:22:10.349, 0, 372.42, 100, 2835, 16051, 31786
2026/09/25 21:22:10.350, 1, 335.99, 21, 2782, 16051, 31212
2026/09/25 21:22:10.600, 0, 372.42, 100, 2835, 16051, 31786
2026/09/25 21:22:10.600, 1, 335.99, 21, 2782, 16051, 31212
2026/09/25 21:22:10.850, 0, 373.24, 100, 2857, 16051, 31786
2026/09/25 21:22:10.850, 1, 357.91, 0, 2782, 16051, 31212
2026/09/25 21:22:11.100, 0, 373.24, 100, 2857, 16051, 31786
2026/09/25 21:22:11.100, 1, 357.91, 0, 2782, 16051, 31212
2026/09/25 21:22:11.350, 0, 373.91, 75, 2872, 16051, 31786
2026/09/25 21:22:11.350, 1, 378.83, 1, 2790, 16051, 31212
2026/09/25 21:22:11.600, 0, 373.91, 75, 2872, 16051, 31786
2026/09/25 21:22:11.600, 1, 378.83, 1, 2790, 16051, 31212
2026/09/25 21:22:11.850, 0, 389.57, 24, 2887, 16051, 31786
2026/09/25 21:22:11.850, 1, 382.15, 35, 2812, 16051, 31212
2026/09/25 21:22:12.101, 0, 389.57, 24, 2887, 16051, 31786
2026/09/25 21:22:12.101, 1, 382.15, 35, 2812, 16051, 31212
2026/09/25 21:22:12.351, 0, 390.68, 0, 2880, 16051, 31786
2026/09/25 21:22:12.351, 1, 356.77, 81, 2820, 16051, 31212
2026/09/25 21:22:12.601, 0, 390.68, 0, 2880, 16051, 31786
2026/09/25 21:22:12.601, 1, 356.77, 81, 2820, 16051, 31212
2026/09/25 21:22:12.851, 0, 413.93, 0, 2865, 16051, 31786
2026/09/25 21:22:12.851, 1, 353.80, 100, 2842, 16051, 31212
2026/09/25 21:22:13.101, 0, 413.93, 0, 2865, 16051, 31786
2026/09/25 21:22:13.101, 1, 353.80, 100, 2842, 16051, 31212
2026/09/25 21:22:13.351, 0, 413.93, 45, 2865, 16051, 31786
2026/09/25 21:22:13.351, 1, 353.80, 81, 2842, 16051, 31212
2026/09/25 21:22:13.601, 0, 413.93, 45, 2865, 16051, 31786
2026/09/25 21:22:13.602, 1, 353.80, 81, 2842, 16051, 31212
2026/09/25 21:22:13.852, 0, 411.54, 100, 2820, 16051, 31786
2026/09/25 21:22:13.852, 1, 330.06, 78, 2835, 16051, 31212
2026/09/25 21:22:14.102, 0, 411.54, 100, 2820, 16051, 31786
2026/09/25 21:22:14.102, 1, 330.06, 78, 2835, 16051, 31212
2026/09/25 21:22:14.352, 0, 379.42, 100, 2820, 16051, 31786
2026/09/25 21:22:14.352, 1, 337.57, 100, 2805, 16051, 31212
2026/09/25 21:22:14.602, 0, 379.42, 100, 2820, 16051, 31786
2026/09/25 21:22:14.602, 1, 337.57, 100, 2805, 16051, 31212
2026/09/25 21:22:14.852, 0, 385.25, 100, 2827, 16051, 31786
2026/09/25 21:22:14.852, 1, 343.30, 72, 2797, 16051, 31212
2026/09/25 21:22:15.102, 0, 385.25, 100, 2827, 16051, 31786
2026/09/25 21:22:15.102, 1, 343.30, 72, 2797, 16051, 31212
2026/09/25 21:22:15.352, 0, 385.74, 100, 2842, 16051, 31786
2026/09/25 21:22:15.353, 1, 335.28, 16, 2782, 16051, 31212
2026/09/25 21:22:15.603, 0, 385.74, 100, 2842, 16051, 31786
2026/09/25 21:22:15.603, 1, 335.28, 16, 2782, 16051, 31212
2026/09/25 21:22:15.853, 0, 384.73, 100, 2857, 16051, 31786
2026/09/25 21:22:15.853, 1, 359.93, 0, 2782, 16051, 31212
2026/09/25 21:22:16.103, 0, 384.73, 100, 2857, 16051, 31786
2026/09/25 21:22:16.104, 1, 359.93, 0, 2782, 16051, 31212
2026/09/25 21:22:16.354, 0, 384.73, 53, 2857, 16051, 31786
2026/09/25 21:22:16.354, 1, 359.93, 7, 2782, 16051, 31212
2026/09/25 21:22:16.604, 0, 384.73, 53, 2857, 16051, 31786
2026/09/25 21:22:16.604, 1, 359.93, 7, 2782, 16051, 31212
2026/09/25 21:22:16.854, 0, 389.93, 5, 2887, 16051, 31786
2026/09/25 21:22:16.854, 1, 361.57, 64, 2812, 16051, 31212
2026/09/25 21:22:17.104, 0, 389.93, 5, 2887, 16051, 31786
2026/09/25 21:22:17.104, 1, 361.57, 64, 2812, 16051, 31212
2026/09/25 21:22:17.355, 0, 391.93, 0, 2872, 16051, 31786
2026/09/25 21:22:17.355, 1, 376.84, 100, 2827, 16051, 31212
2026/09/25 21:22:17.605, 0, 391.93, 0, 2872, 16051, 31786
2026/09/25 21:22:17.605, 1, 376.84, 100, 2827, 16051, 31212
2026/09/25 21:22:17.855, 0, 421.45, 27, 2850, 16051, 31786
2026/09/25 21:22:17.855, 1, 350.07, 99, 2850, 16051, 31212
2026/09/25 21:22:18.105, 0, 421.45, 27, 2850, 16051, 31786
2026/09/25 21:22:18.105, 1, 350.07, 99, 2850, 16051, 31212
2026/09/25 21:22:18.355, 0, 418.38, 100, 2827, 16051, 31786
2026/09/25 21:22:18.355, 1, 326.54, 79, 2842, 16051, 31212
2026/09/25 21:22:18.605, 0, 418.38, 100, 2827, 16051, 31786
2026/09/25 21:22:18.605, 1, 326.54, 79, 2842, 16051, 31212
2026/09/25 21:22:18.855, 0, 376.08, 100, 2820, 16051, 31786
2026/09/25 21:22:18.855, 1, 349.13, 100, 2812, 16051, 31212
2026/09/25 21:22:19.105, 0, 376.08, 100, 2820, 16051, 31786
2026/09/25 21:22:19.105, 1, 349.13, 100, 2812, 16051, 31212
2026/09/25 21:22:19.356, 0, 381.60, 100, 2827, 16051, 31786
2026/09/25 21:22:19.356, 1, 351.39, 66, 2797, 16051, 31212
2026/09/25 21:22:19.606, 0, 381.60, 100, 2827, 16051, 31786
2026/09/25 21:22:19.606, 1, 351.39, 66, 2797, 16051, 31212
2026/09/25 21:22:19.856, 0, 381.60, 100, 2827, 16051, 31786
2026/09/25 21:22:19.856, 1, 351.39, 0, 2797, 16051, 31212
2026/09/25 21:22:20.106, 0, 381.60, 100, 2827, 16051, 31786
2026/09/25 21:22:20.106, 1, 351.39, 0, 2797, 16051, 31212
2026/09/25 21:22:20.356, 0, 381.17, 90, 2865, 16051, 31786
2026/09/25 21:22:20.356, 1, 366.05, 0, 2782, 16051, 31212
2026/09/25 21:22:20.606, 0, 381.17, 90, 2865, 16051, 31786
2026/09/25 21:22:20.606, 1, 366.05, 0, 2782, 16051, 31212
2026/09/25 21:22:20.856, 0, 381.00, 25, 2887, 16051, 31786
2026/09/25 21:22:20.856, 1, 363.92, 34, 2805, 16051, 31212
2026/09/25 21:22:21.106, 0, 381.00, 25, 2887, 16051, 31786
2026/09/25 21:22:21.107, 1, 363.92, 34, 2805, 16051, 31212
2026/09/25 21:22:21.357, 0, 388.64, 0, 2865, 16051, 31786
2026/09/25 21:22:21.357, 1, 386.36, 99, 2827, 16051, 31212
2026/09/25 21:22:21.607, 0, 388.64, 0, 2865, 16051, 31786
2026/09/25 21:22:21.607, 1, 386.36, 99, 2827, 16051, 31212
2026/09/25 21:22:21.857, 0, 420.48, 19, 2857, 16051, 31786
2026/09/25 21:22:21.857, 1, 355.81, 100, 2842, 16051, 31212
2026/09/25 21:22:22.107, 0, 420.48, 19, 2857, 16051, 31786
2026/09/25 21:22:22.107, 1, 355.81, 100, 2842, 16051, 31212
2026/09/25 21:22:22.357, 0, 427.87, 89, 2835, 16051, 31786
2026/09/25 21:22:22.357, 1, 330.85, 81, 2842, 16051, 31212
2026/09/25 21:22:22.607, 0, 427.87, 89, 2835, 16051, 31786
2026/09/25 21:22:22.607, 1, 330.85, 81, 2842, 16051, 31212
2026/09/25 21:22:22.857, 0, 377.87, 100, 2820, 16051, 31786
2026/09/25 21:22:22.857, 1, 339.88, 100, 2812, 16051, 31212
2026/09/25 21:22:23.107, 0, 377.87, 100, 2820, 16051, 31786
2026/09/25 21:22:23.108, 1, 339.88, 100, 2812, 16051, 31212
2026/09/25 21:22:23.358, 0, 377.87, 100, 2820, 16051, 31786
2026/09/25 21:22:23.358, 1, 339.88, 77, 2812, 16051, 31212
2026/09/25 21:22:23.608, 0, 377.87, 100, 2820, 16051, 31786
2026/09/25 21:22:23.608, 1, 339.88, 77, 2812, 16051, 31212
2026/09/25 21:22:23.858, 0, 366.23, 100, 2835, 16051, 31786
2026/09/25 21:22:23.858, 1, 333.66, 9, 2782, 16051, 31212
2026/09/25 21:22:24.108, 0, 366.23, 100, 2835, 16051, 31786
2026/09/25 21:22:24.108, 1, 333.66, 9, 2782, 16051, 31212
2026/09/25 21:22:24.358, 0, 373.62, 84, 2865, 16051, 31786
2026/09/25 21:22:24.358, 1, 362.35, 0, 2782, 16051, 31212
2026/09/25 21:22:24.608, 0, 373.62, 84, 2865, 16051, 31786
2026/09/25 21:22:24.608, 1, 362.35, 0, 2782, 16051, 31212
2026/09/25 21:22:24.858, 0, 340.07, 23, 2865, 16051, 31804
2026/09/25 21:22:24.858, 1, 334.58, 93, 2812, 16051, 31226
2026/09/25 21:22:25.109, 0, 340.07, 23, 2865, 16051, 31804
2026/09/25 21:22:25.109, 1, 334.58, 93, 2812, 16051, 31226
2026/09/25 21:22:25.359, 0, 340.07, 23, 2865, 16051, 31804
2026/09/25 21:22:25.359, 1, 334.58, 93, 2812, 16051, 31226
2026/09/25 21:22:25.609, 0, 340.07, 23, 2865, 16051, 31804
2026/09/25 21:22:25.609, 1, 334.58, 93, 2812, 16051, 31226
2026/09/25 21:22:25.859, 0, 256.21, 42, 2865, 16051, 31804
2026/09/25 21:22:25.859, 1, 255.74, 45, 2827, 16051, 31226
2026/09/25 21:22:26.109, 0, 256.21, 42, 2865, 16051, 31804
2026/09/25 21:22:26.109, 1, 255.74, 45, 2827, 16051, 31226
2026/09/25 21:22:26.359, 0, 256.21, 41, 2865, 16051, 31804
2026/09/25 21:22:26.359, 1, 255.74, 45, 2827, 16051, 31226
2026/09/25 21:22:26.609, 0, 256.21, 41, 2865, 16051, 31804
2026/09/25 21:22:26.609, 1, 255.74, 45, 2827, 16051, 31226
2026/09/25 21:22:26.859, 0, 277.23, 44, 2857, 16051, 31804
2026/09/25 21:22:26.860, 1, 268.93, 46, 2827, 16051, 31226
2026/09/25 21:22:27.110, 0, 277.23, 44, 2857, 16051, 31804
2026/09/25 21:22:27.110, 1, 268.93, 46, 2827, 16051, 31226
2026/09/25 21:22:27.360, 0, 277.23, 41, 2857, 16051, 31804
2026/09/25 21:22:27.360, 1, 268.93, 45, 2827, 16051, 31226
2026/09/25 21:22:27.610, 0, 277.23, 41, 2857, 16051, 31804
2026/09/25 21:22:27.611, 1, 268.93, 45, 2827, 16051, 31226
2026/09/25 21:22:27.861, 0, 279.48, 42, 2865, 16051, 31804
2026/09/25 21:22:27.861, 1, 269.67, 45, 2827, 16051, 31226
2026/09/25 21:22:28.111, 0, 279.48, 42, 2865, 16051, 31804
2026/09/25 21:22:28.111, 1, 269.67, 45, 2827, 16051, 31226
2026/09/25 21:22:28.361, 0, 279.48, 42, 2865, 16051, 31804
2026/09/25 21:22:28.362, 1, 269.67, 45, 2827, 16051, 31226
2026/09/25 21:22:28.612, 0, 279.48, 42, 2865, 16051, 31804
2026/09/25 21:22:28.612, 1, 269.67, 45, 2827, 16051, 31226
2026/09/25 21:22:28.862, 0, 279.47, 42, 2857, 16051, 31804
2026/09/25 21:22:28.862, 1, 269.79, 45, 2827, 16051, 31226
2026/09/25 21:22:29.112, 0, 279.47, 42, 2857, 16051, 31804
2026/09/25 21:22:29.112, 1, 269.79, 45, 2827, 16051, 31226
2026/09/25 21:22:29.362, 0, 279.47, 41, 2857, 16051, 31804
2026/09/25 21:22:29.362, 1, 269.79, 45, 2827, 16051, 31226
2026/09/25 21:22:29.612, 0, 279.47, 41, 2857, 16051, 31874
2026/09/25 21:22:29.613, 1, 269.79, 45, 2827, 16051, 31296
2026/09/25 21:22:29.863, 0, 252.41, 34, 2880, 16051, 31874
2026/09/25 21:22:29.863, 1, 248.71, 32, 2835, 16051, 31298
2026/09/25 21:22:30.113, 0, 252.41, 34, 2880, 16051, 31874
2026/09/25 21:22:30.113, 1, 248.71, 32, 2835, 16051, 31298
2026/09/25 21:22:30.363, 0, 228.12, 13, 2887, 16051, 31874
2026/09/25 21:22:30.363, 1, 216.36, 6, 2857, 16051, 31298
2026/09/25 21:22:30.613, 0, 228.12, 13, 2887, 16051, 31874
2026/09/25 21:22:30.613, 1, 216.36, 6, 2857, 16051, 31300
2026/09/25 21:22:30.864, 0, 228.12, 58, 2887, 16051, 31874
2026/09/25 21:22:30.864, 1, 216.36, 46, 2857, 16051, 31300
2026/09/25 21:22:31.114, 0, 228.12, 58, 2887, 16051, 31874
2026/09/25 21:22:31.114, 1, 216.36, 46, 2857, 16051, 31300
2026/09/25 21:22:31.364, 0, 228.12, 41, 2887, 16051, 31874
2026/09/25 21:22:31.364, 1, 216.36, 45, 2857, 16051, 31300
2026/09/25 21:22:31.614, 0, 228.12, 41, 2887, 16051, 31874
2026/09/25 21:22:31.615, 1, 216.36, 45, 2857, 16051, 31300
2026/09/25 21:22:31.865, 0, 267.00, 41, 2865, 16051, 31874
2026/09/25 21:22:31.865, 1, 262.19, 45, 2827, 16051, 31300
2026/09/25 21:22:32.115, 0, 267.00, 41, 2865, 16051, 31874
2026/09/25 21:22:32.115, 1, 262.19, 45, 2827, 16051, 31300
2026/09/25 21:22:32.365, 0, 267.00, 40, 2865, 16051, 31874
2026/09/25 21:22:32.365, 1, 262.19, 44, 2827, 16051, 31300
2026/09/25 21:22:32.616, 0, 267.00, 40, 2865, 16051, 31874
2026/09/25 21:22:32.616, 1, 262.19, 44, 2827, 16051, 31300
2026/09/25 21:22:32.866, 0, 261.01, 43, 2865, 16051, 31874
2026/09/25 21:22:32.866, 1, 255.25, 46, 2835, 16051, 31300
2026/09/25 21:22:33.116, 0, 261.01, 43, 2865, 16051, 31874
2026/09/25 21:22:33.116, 1, 255.25, 46, 2835, 16051, 31300
2026/09/25 21:22:33.366, 0, 261.01, 42, 2865, 16051, 31874
2026/09/25 21:22:33.366, 1, 255.25, 46, 2835, 16051, 31300
2026/09/25 21:22:33.616, 0, 261.01, 42, 2865, 16051, 31874
2026/09/25 21:22:33.616, 1, 255.25, 46, 2835, 16051, 31300
2026/09/25 21:22:33.866, 0, 267.82, 42, 2865, 16051, 31874
2026/09/25 21:22:33.867, 1, 260.55, 46, 2835, 16051, 31300
2026/09/25 21:22:34.117, 0, 267.82, 42, 2865, 16051, 31874
2026/09/25 21:22:34.117, 1, 260.55, 46, 2835, 16051, 31300
2026/09/25 21:22:34.367, 0, 267.82, 43, 2865, 16051, 31874
2026/09/25 21:22:34.367, 1, 260.55, 47, 2835, 16051, 31300
2026/09/25 21:22:34.617, 0, 267.82, 43, 2865, 16051, 31874
2026/09/25 21:22:34.617, 1, 260.55, 47, 2835, 16051, 31300
2026/09/25 21:22:34.867, 0, 269.89, 43, 2865, 16051, 31874
2026/09/25 21:22:34.867, 1, 260.85, 46, 2835, 16051, 31300
2026/09/25 21:22:35.118, 0, 269.89, 43, 2865, 16051, 31874
2026/09/25 21:22:35.118, 1, 260.85, 46, 2835, 16051, 31300
2026/09/25 21:22:35.368, 0, 269.89, 40, 2865, 16051, 31874
2026/09/25 21:22:35.368, 1, 260.85, 44, 2835, 16051, 31300
2026/09/25 21:22:35.618, 0, 269.89, 40, 2865, 16051, 31874
2026/09/25 21:22:35.618, 1, 260.85, 44, 2835, 16051, 31300
2026/09/25 21:22:35.868, 0, 268.17, 41, 2865, 16051, 31874
2026/09/25 21:22:35.868, 1, 258.97, 45, 2827, 16051, 31300
2026/09/25 21:22:36.118, 0, 268.17, 41, 2865, 16051, 31874
2026/09/25 21:22:36.118, 1, 258.97, 45, 2827, 16051, 31300
2026/09/25 21:22:36.369, 0, 268.17, 40, 2865, 16051, 31874
2026/09/25 21:22:36.369, 1, 258.97, 45, 2827, 16051, 31300
2026/09/25 21:22:36.619, 0, 268.17, 40, 2865, 16051, 31874
2026/09/25 21:22:36.619, 1, 258.97, 45, 2827, 16051, 31300
2026/09/25 21:22:36.869, 0, 267.06, 43, 2865, 16051, 31874
2026/09/25 21:22:36.869, 1, 259.30, 46, 2835, 16051, 31300
2026/09/25 21:22:37.119, 0, 267.06, 43, 2865, 16051, 31874
2026/09/25 21:22:37.119, 1, 259.30, 46, 2835, 16051, 31300
2026/09/25 21:22:37.369, 0, 254.79, 50, 2880, 16051, 31874
2026/09/25 21:22:37.370, 1, 241.07, 43, 2835, 16051, 31300
2026/09/25 21:22:37.620, 0, 254.79, 50, 2880, 16051, 31874
2026/09/25 21:22:37.620, 1, 241.07, 43, 2835, 16051, 31300
2026/09/25 21:22:37.870, 0, 254.79, 43, 2880, 16051, 31874
2026/09/25 21:22:37.870, 1, 241.07, 47, 2835, 16051, 31300
2026/09/25 21:22:38.120, 0, 254.79, 43, 2880, 16051, 31874
2026/09/25 21:22:38.120, 1, 241.07, 47, 2835, 16051, 31300
2026/09/25 21:22:38.370, 0, 254.79, 42, 2880, 16051, 31874
2026/09/25 21:22:38.370, 1, 241.07, 46, 2835, 16051, 31300
2026/09/25 21:22:38.620, 0, 254.79, 42, 2880, 16051, 31874
2026/09/25 21:22:38.621, 1, 241.07, 46, 2835, 16051, 31300
2026/09/25 21:22:38.871, 0, 266.08, 43, 2865, 16051, 31874
2026/09/25 21:22:38.871, 1, 259.60, 46, 2835, 16051, 31300
2026/09/25 21:22:39.121, 0, 266.08, 43, 2865, 16051, 31874
2026/09/25 21:22:39.121, 1, 259.60, 46, 2835, 16051, 31300
2026/09/25 21:22:39.371, 0, 266.08, 42, 2865, 16051, 31874
2026/09/25 21:22:39.371, 1, 259.60, 47, 2835, 16051, 31300
2026/09/25 21:22:39.621, 0, 266.08, 42, 2865, 16051, 31874
2026/09/25 21:22:39.621, 1, 259.60, 47, 2835, 16051, 31300
2026/09/25 21:22:39.871, 0, 268.02, 44, 2865, 16051, 31874
2026/09/25 21:22:39.872, 1, 259.90, 46, 2835, 16051, 31300
2026/09/25 21:22:40.122, 0, 268.02, 44, 2865, 16051, 31874
2026/09/25 21:22:40.122, 1, 259.90, 46, 2835, 16051, 31300
2026/09/25 21:22:40.372, 0, 268.02, 39, 2865, 16051, 31874
2026/09/25 21:22:40.372, 1, 259.90, 45, 2835, 16051, 31300
2026/09/25 21:22:40.622, 0, 268.02, 39, 2865, 16051, 31874
2026/09/25 21:22:40.622, 1, 259.90, 45, 2835, 16051, 31300
2026/09/25 21:22:40.872, 0, 267.23, 44, 2865, 16051, 31874
2026/09/25 21:22:40.873, 1, 258.51, 46, 2835, 16051, 31300
2026/09/25 21:22:41.123, 0, 267.23, 44, 2865, 16051, 31874
2026/09/25 21:22:41.123, 1, 258.51, 46, 2835, 16051, 31300
2026/09/25 21:22:41.373, 0, 267.23, 41, 2865, 16051, 31874
2026/09/25 21:22:41.373, 1, 258.51, 45, 2835, 16051, 31300
2026/09/25 21:22:41.623, 0, 267.23, 41, 2865, 16051, 31874
2026/09/25 21:22:41.623, 1, 258.51, 45, 2835, 16051, 31300
2026/09/25 21:22:41.873, 0, 266.41, 42, 2865, 16051, 31874
2026/09/25 21:22:41.873, 1, 258.27, 46, 2835, 16051, 31300
2026/09/25 21:22:42.124, 0, 266.41, 42, 2865, 16051, 31874
2026/09/25 21:22:42.124, 1, 258.27, 46, 2835, 16051, 31300
2026/09/25 21:22:42.374, 0, 266.41, 40, 2865, 16051, 31874
2026/09/25 21:22:42.374, 1, 258.27, 44, 2835, 16051, 31300
2026/09/25 21:22:42.624, 0, 266.41, 40, 2865, 16051, 31874
2026/09/25 21:22:42.624, 1, 258.27, 44, 2835, 16051, 31300
2026/09/25 21:22:42.874, 0, 266.06, 39, 2865, 16051, 31874
2026/09/25 21:22:42.874, 1, 255.99, 43, 2835, 16051, 31300
2026/09/25 21:22:43.124, 0, 266.06, 39, 2865, 16051, 31874
2026/09/25 21:22:43.124, 1, 255.99, 43, 2835, 16051, 31300
2026/09/25 21:22:43.375, 0, 266.06, 42, 2865, 16051, 31874
2026/09/25 21:22:43.375, 1, 255.99, 47, 2835, 16051, 31300
2026/09/25 21:22:43.625, 0, 266.06, 42, 2865, 16051, 31874
2026/09/25 21:22:43.625, 1, 255.99, 47, 2835, 16051, 31300
2026/09/25 21:22:43.875, 0, 271.92, 44, 2865, 16051, 31874
2026/09/25 21:22:43.875, 1, 263.81, 46, 2827, 16051, 31300
2026/09/25 21:22:44.125, 0, 271.92, 44, 2865, 16051, 31874
2026/09/25 21:22:44.125, 1, 263.81, 46, 2827, 16051, 31300
2026/09/25 21:22:44.375, 0, 271.92, 48, 2865, 16051, 31874
2026/09/25 21:22:44.375, 1, 263.81, 16, 2827, 16051, 31300
2026/09/25 21:22:44.626, 0, 271.92, 48, 2865, 16051, 31874
2026/09/25 21:22:44.626, 1, 263.81, 16, 2827, 16051, 31300
2026/09/25 21:22:44.876, 0, 238.22, 43, 2872, 16051, 31874
2026/09/25 21:22:44.876, 1, 230.77, 46, 2857, 16051, 31300
2026/09/25 21:22:45.126, 0, 238.22, 43, 2872, 16051, 31874
2026/09/25 21:22:45.126, 1, 230.77, 46, 2857, 16051, 31300
2026/09/25 21:22:45.376, 0, 238.22, 43, 2872, 16051, 31874
2026/09/25 21:22:45.376, 1, 230.77, 48, 2857, 16051, 31300
2026/09/25 21:22:45.627, 0, 238.22, 43, 2872, 16051, 31874
2026/09/25 21:22:45.627, 1, 230.77, 48, 2857, 16051, 31300
2026/09/25 21:22:45.877, 0, 266.65, 43, 2865, 16051, 31874
2026/09/25 21:22:45.877, 1, 260.56, 46, 2827, 16051, 31300
2026/09/25 21:22:46.127, 0, 266.65, 43, 2865, 16051, 31874
2026/09/25 21:22:46.127, 1, 260.56, 46, 2827, 16051, 31300
2026/09/25 21:22:46.377, 0, 266.65, 42, 2865, 16051, 31874
2026/09/25 21:22:46.377, 1, 260.56, 47, 2827, 16051, 31300
2026/09/25 21:22:46.627, 0, 266.65, 42, 2865, 16051, 31874
2026/09/25 21:22:46.628, 1, 260.56, 47, 2827, 16051, 31300
2026/09/25 21:22:46.878, 0, 269.27, 44, 2865, 16051, 31874
2026/09/25 21:22:46.878, 1, 259.69, 48, 2835, 16051, 31300
2026/09/25 21:22:47.128, 0, 269.27, 44, 2865, 16051, 31874
2026/09/25 21:22:47.128, 1, 259.69, 48, 2835, 16051, 31300
2026/09/25 21:22:47.378, 0, 269.27, 42, 2865, 16051, 31874
2026/09/25 21:22:47.378, 1, 259.69, 47, 2835, 16051, 31300
2026/09/25 21:22:47.628, 0, 269.27, 42, 2865, 16051, 31874
2026/09/25 21:22:47.628, 1, 259.69, 47, 2835, 16051, 31300
2026/09/25 21:22:47.878, 0, 273.83, 42, 2865, 16051, 31874
2026/09/25 21:22:47.879, 1, 262.83, 47, 2827, 16051, 31300
2026/09/25 21:22:48.129, 0, 273.83, 42, 2865, 16051, 31874
2026/09/25 21:22:48.129, 1, 262.83, 47, 2827, 16051, 31300
2026/09/25 21:22:48.379, 0, 273.83, 41, 2865, 16051, 31874
2026/09/25 21:22:48.379, 1, 262.83, 44, 2827, 16051, 31300
2026/09/25 21:22:48.629, 0, 273.83, 41, 2865, 16051, 31874
2026/09/25 21:22:48.629, 1, 262.83, 44, 2827, 16051, 31300
2026/09/25 21:22:48.879, 0, 271.88, 44, 2865, 16051, 31874
2026/09/25 21:22:48.879, 1, 263.03, 47, 2827, 16051, 31300
2026/09/25 21:22:49.129, 0, 271.88, 44, 2865, 16051, 31874
2026/09/25 21:22:49.129, 1, 263.03, 47, 2827, 16051, 31300
2026/09/25 21:22:49.380, 0, 271.88, 40, 2865, 16051, 31874
2026/09/25 21:22:49.380, 1, 263.03, 44, 2827, 16051, 31300
2026/09/25 21:22:49.630, 0, 271.88, 40, 2865, 16051, 31874
2026/09/25 21:22:49.630, 1, 263.03, 44, 2827, 16051, 31300
2026/09/25 21:22:49.880, 0, 276.38, 44, 2865, 16051, 31874
2026/09/25 21:22:49.880, 1, 266.48, 47, 2827, 16051, 31300
2026/09/25 21:22:50.130, 0, 276.38, 44, 2865, 16051, 31874
2026/09/25 21:22:50.130, 1, 266.48, 47, 2827, 16051, 31300
2026/09/25 21:22:50.380, 0, 276.38, 40, 2865, 16051, 31874
2026/09/25 21:22:50.380, 1, 266.48, 44, 2827, 16051, 31300
2026/09/25 21:22:50.630, 0, 276.38, 40, 2865, 16051, 31874
2026/09/25 21:22:50.631, 1, 266.48, 44, 2827, 16051, 31300
2026/09/25 21:22:50.881, 0, 256.94, 41, 2872, 16051, 31874
2026/09/25 21:22:50.881, 1, 252.02, 47, 2835, 16051, 31300
2026/09/25 21:22:51.131, 0, 256.94, 41, 2872, 16051, 31876
2026/09/25 21:22:51.131, 1, 252.02, 47, 2835, 16051, 31302
2026/09/25 21:22:51.381, 0, 242.38, 46, 2887, 16051, 31876
2026/09/25 21:22:51.381, 1, 229.64, 41, 2850, 16051, 31304
2026/09/25 21:22:51.631, 0, 242.38, 46, 2887, 16051, 31876
2026/09/25 21:22:51.631, 1, 229.64, 41, 2850, 16051, 31304
2026/09/25 21:22:51.882, 0, 242.38, 54, 2887, 16051, 31876
2026/09/25 21:22:51.882, 1, 229.64, 38, 2850, 16051, 31304
2026/09/25 21:22:52.132, 0, 242.38, 54, 2887, 16051, 31876
2026/09/25 21:22:52.132, 1, 229.64, 38, 2850, 16051, 31304
2026/09/25 21:22:52.382, 0, 242.38, 39, 2887, 16051, 31876
2026/09/25 21:22:52.382, 1, 229.64, 43, 2850, 16051, 31304
2026/09/25 21:22:52.632, 0, 242.38, 39, 2887, 16051, 31876
2026/09/25 21:22:52.632, 1, 229.64, 43, 2850, 16051, 31304
2026/09/25 21:22:52.882, 0, 256.54, 46, 2865, 16051, 31876
2026/09/25 21:22:52.882, 1, 254.10, 48, 2827, 16051, 31304
2026/09/25 21:22:53.133, 0, 256.54, 46, 2865, 16051, 31876
2026/09/25 21:22:53.133, 1, 254.10, 48, 2827, 16051, 31304
2026/09/25 21:22:53.383, 0, 256.54, 36, 2865, 16051, 31876
2026/09/25 21:22:53.383, 1, 254.10, 41, 2827, 16051, 31304
2026/09/25 21:22:53.633, 0, 256.54, 36, 2865, 16051, 31876
2026/09/25 21:22:53.633, 1, 254.10, 41, 2827, 16051, 31304
2026/09/25 21:22:53.883, 0, 271.37, 44, 2865, 16051, 31876
2026/09/25 21:22:53.883, 1, 260.06, 47, 2827, 16051, 31304
2026/09/25 21:22:54.133, 0, 271.37, 44, 2865, 16051, 31876
2026/09/25 21:22:54.133, 1, 260.06, 47, 2827, 16051, 31304
2026/09/25 21:22:54.383, 0, 271.37, 43, 2865, 16051, 31876
2026/09/25 21:22:54.384, 1, 260.06, 46, 2827, 16051, 31304
2026/09/25 21:22:54.634, 0, 271.37, 43, 2865, 16051, 31876
2026/09/25 21:22:54.634, 1, 260.06, 46, 2827, 16051, 31304
2026/09/25 21:22:54.884, 0, 275.94, 41, 2865, 16051, 31876
2026/09/25 21:22:54.884, 1, 261.45, 44, 2827, 16051, 31304
2026/09/25 21:22:55.134, 0, 275.94, 41, 2865, 16051, 31876
2026/09/25 21:22:55.134, 1, 261.45, 44, 2827, 16051, 31304
2026/09/25 21:22:55.384, 0, 275.94, 40, 2865, 16051, 31876
2026/09/25 21:22:55.384, 1, 261.45, 44, 2827, 16051, 31304
2026/09/25 21:22:55.634, 0, 275.94, 40, 2865, 16051, 31876
2026/09/25 21:22:55.634, 1, 261.45, 44, 2827, 16051, 31304
2026/09/25 21:22:55.884, 0, 273.87, 45, 2865, 16051, 31876
2026/09/25 21:22:55.885, 1, 261.99, 47, 2827, 16051, 31304
2026/09/25 21:22:56.135, 0, 273.87, 45, 2865, 16051, 31876
2026/09/25 21:22:56.135, 1, 261.99, 47, 2827, 16051, 31304
2026/09/25 21:22:56.385, 0, 273.87, 40, 2865, 16051, 31876
2026/09/25 21:22:56.385, 1, 261.99, 43, 2827, 16051, 31304
2026/09/25 21:22:56.635, 0, 273.87, 40, 2865, 16051, 31876
2026/09/25 21:22:56.635, 1, 261.99, 43, 2827, 16051, 31304
2026/09/25 21:22:56.885, 0, 277.48, 45, 2857, 16051, 31876
2026/09/25 21:22:56.885, 1, 263.77, 47, 2827, 16051, 31304
2026/09/25 21:22:57.135, 0, 277.48, 45, 2857, 16051, 31876
2026/09/25 21:22:57.135, 1, 263.77, 47, 2827, 16051, 31304
2026/09/25 21:22:57.386, 0, 277.48, 43, 2857, 16051, 31876
2026/09/25 21:22:57.386, 1, 263.77, 46, 2827, 16051, 31304
2026/09/25 21:22:57.636, 0, 277.48, 43, 2857, 16051, 31876
2026/09/25 21:22:57.636, 1, 263.77, 46, 2827, 16051, 31304
2026/09/25 21:22:57.886, 0, 275.93, 43, 2865, 16051, 31876
2026/09/25 21:22:57.886, 1, 261.87, 46, 2827, 16051, 31304
2026/09/25 21:22:58.136, 0, 275.93, 43, 2865, 16051, 31876
2026/09/25 21:22:58.136, 1, 261.87, 46, 2827, 16051, 31304
2026/09/25 21:22:58.386, 0, 275.93, 40, 2865, 16051, 31876
2026/09/25 21:22:58.386, 1, 261.87, 44, 2827, 16051, 31304
2026/09/25 21:22:58.636, 0, 275.93, 40, 2865, 16051, 31876
2026/09/25 21:22:58.636, 1, 261.87, 44, 2827, 16051, 31304
2026/09/25 21:22:58.887, 0, 275.89, 46, 2857, 16051, 31876
2026/09/25 21:22:58.887, 1, 261.27, 48, 2827, 16051, 31304
2026/09/25 21:22:59.137, 0, 275.89, 46, 2857, 16051, 31876
2026/09/25 21:22:59.137, 1, 261.27, 48, 2827, 16051, 31304
2026/09/25 21:22:59.387, 0, 275.89, 47, 2857, 16051, 31876
2026/09/25 21:22:59.387, 1, 261.27, 15, 2827, 16051, 31304
2026/09/25 21:22:59.637, 0, 275.89, 47, 2857, 16051, 31876
2026/09/25 21:22:59.637, 1, 261.27, 15, 2827, 16051, 31304
2026/09/25 21:22:59.887, 0, 245.17, 39, 2880, 16051, 31876
2026/09/25 21:22:59.887, 1, 233.19, 45, 2857, 16051, 31304
2026/09/25 21:23:00.138, 0, 245.17, 39, 2880, 16051, 31876
2026/09/25 21:23:00.138, 1, 233.19, 45, 2857, 16051, 31304
2026/09/25 21:23:00.388, 0, 245.17, 42, 2880, 16051, 31876
2026/09/25 21:23:00.388, 1, 233.19, 45, 2857, 16051, 31304
2026/09/25 21:23:00.638, 0, 245.17, 42, 2880, 16051, 31876
2026/09/25 21:23:00.638, 1, 233.19, 45, 2857, 16051, 31304
2026/09/25 21:23:00.888, 0, 272.28, 40, 2865, 16051, 31876
2026/09/25 21:23:00.888, 1, 261.80, 44, 2827, 16051, 31304
2026/09/25 21:23:01.138, 0, 272.28, 40, 2865, 16051, 31876
2026/09/25 21:23:01.138, 1, 261.80, 44, 2827, 16051, 31304
2026/09/25 21:23:01.388, 0, 272.28, 40, 2865, 16051, 31876
2026/09/25 21:23:01.389, 1, 261.80, 43, 2827, 16051, 31304
2026/09/25 21:23:01.639, 0, 272.28, 40, 2865, 16051, 31876
2026/09/25 21:23:01.639, 1, 261.80, 43, 2827, 16051, 31304
2026/09/25 21:23:01.889, 0, 270.70, 42, 2865, 16051, 31876
2026/09/25 21:23:01.889, 1, 257.07, 45, 2835, 16051, 31304
2026/09/25 21:23:02.139, 0, 270.70, 42, 2865, 16051, 31876
2026/09/25 21:23:02.139, 1, 257.07, 45, 2835, 16051, 31304
2026/09/25 21:23:02.389, 0, 270.70, 41, 2865, 16051, 31876
2026/09/25 21:23:02.389, 1, 257.07, 43, 2835, 16051, 31304
2026/09/25 21:23:02.639, 0, 270.70, 41, 2865, 16051, 31876
2026/09/25 21:23:02.639, 1, 257.07, 43, 2835, 16051, 31304
2026/09/25 21:23:02.890, 0, 275.14, 42, 2857, 16051, 31876
2026/09/25 21:23:02.890, 1, 259.39, 47, 2827, 16051, 31304
2026/09/25 21:23:03.140, 0, 275.14, 42, 2857, 16051, 31876
2026/09/25 21:23:03.140, 1, 259.39, 47, 2827, 16051, 31304
2026/09/25 21:23:03.390, 0, 275.14, 44, 2857, 16051, 31876
2026/09/25 21:23:03.390, 1, 259.39, 46, 2827, 16051, 31304
2026/09/25 21:23:03.640, 0, 275.14, 44, 2857, 16051, 31876
2026/09/25 21:23:03.640, 1, 259.39, 46, 2827, 16051, 31304
2026/09/25 21:23:03.890, 0, 279.01, 43, 2857, 16051, 31876
2026/09/25 21:23:03.890, 1, 264.00, 46, 2827, 16051, 31304
2026/09/25 21:23:04.141, 0, 279.01, 43, 2857, 16051, 31876
2026/09/25 21:23:04.141, 1, 264.00, 46, 2827, 16051, 31304
2026/09/25 21:23:04.391, 0, 279.01, 38, 2857, 16051, 31876
2026/09/25 21:23:04.391, 1, 264.00, 42, 2827, 16051, 31304
2026/09/25 21:23:04.641, 0, 279.01, 38, 2857, 16051, 31876
2026/09/25 21:23:04.641, 1, 264.00, 42, 2827, 16051, 31304
2026/09/25 21:23:04.891, 0, 274.42, 41, 2865, 16051, 31876
2026/09/25 21:23:04.891, 1, 259.90, 43, 2827, 16051, 31304
2026/09/25 21:23:05.141, 0, 274.42, 41, 2865, 16051, 31876
2026/09/25 21:23:05.141, 1, 259.90, 43, 2827, 16051, 31304
2026/09/25 21:23:05.391, 0, 274.42, 44, 2865, 16051, 31876
2026/09/25 21:23:05.392, 1, 259.90, 47, 2827, 16051, 31304
2026/09/25 21:23:05.642, 0, 274.42, 44, 2865, 16051, 31876
2026/09/25 21:23:05.642, 1, 259.90, 47, 2827, 16051, 31304
2026/09/25 21:23:05.892, 0, 278.10, 41, 2865, 16051, 31876
2026/09/25 21:23:05.892, 1, 263.92, 44, 2827, 16051, 31304
2026/09/25 21:23:06.142, 0, 278.10, 41, 2865, 16051, 31876
2026/09/25 21:23:06.142, 1, 263.92, 44, 2827, 16051, 31304
2026/09/25 21:23:06.392, 0, 278.10, 41, 2865, 16051, 31876
2026/09/25 21:23:06.392, 1, 263.92, 45, 2827, 16051, 31304
2026/09/25 21:23:06.642, 0, 278.10, 41, 2865, 16051, 31876
2026/09/25 21:23:06.642, 1, 263.92, 45, 2827, 16051, 31304
2026/09/25 21:23:06.893, 0, 273.08, 42, 2872, 16051, 31876
2026/09/25 21:23:06.893, 1, 259.66, 45, 2827, 16051, 31304
2026/09/25 21:23:07.143, 0, 273.08, 42, 2872, 16051, 31876
2026/09/25 21:23:07.143, 1, 259.66, 45, 2827, 16051, 31304
2026/09/25 21:23:07.393, 0, 248.51, 48, 2895, 16051, 31876
2026/09/25 21:23:07.393, 1, 229.42, 52, 2857, 16051, 31304
2026/09/25 21:23:07.643, 0, 248.51, 48, 2895, 16051, 31876
2026/09/25 21:23:07.643, 1, 229.42, 52, 2857, 16051, 31304
2026/09/25 21:23:07.893, 0, 248.51, 44, 2895, 16051, 31876
2026/09/25 21:23:07.893, 1, 229.42, 48, 2857, 16051, 31304
2026/09/25 21:23:08.144, 0, 248.51, 44, 2895, 16051, 31876
2026/09/25 21:23:08.144, 1, 229.42, 48, 2857, 16051, 31304
2026/09/25 21:23:08.394, 0, 248.51, 44, 2895, 16051, 31876
2026/09/25 21:23:08.394, 1, 229.42, 49, 2857, 16051, 31304
2026/09/25 21:23:08.644, 0, 248.51, 44, 2895, 16051, 31876
2026/09/25 21:23:08.644, 1, 229.42, 49, 2857, 16051, 31304
2026/09/25 21:23:08.894, 0, 271.66, 40, 2865, 16051, 31876
2026/09/25 21:23:08.894, 1, 259.65, 43, 2827, 16051, 31304
2026/09/25 21:23:09.144, 0, 271.66, 40, 2865, 16051, 31876
2026/09/25 21:23:09.144, 1, 259.65, 43, 2827, 16051, 31304
2026/09/25 21:23:09.394, 0, 271.66, 44, 2865, 16051, 31876
2026/09/25 21:23:09.394, 1, 259.65, 47, 2827, 16051, 31304
2026/09/25 21:23:09.645, 0, 271.66, 44, 2865, 16051, 31876
2026/09/25 21:23:09.645, 1, 259.65, 47, 2827, 16051, 31304
2026/09/25 21:23:09.895, 0, 276.29, 40, 2865, 16051, 31876
2026/09/25 21:23:09.895, 1, 261.35, 42, 2827, 16051, 31304
2026/09/25 21:23:10.145, 0, 276.29, 40, 2865, 16051, 31876
2026/09/25 21:23:10.145, 1, 261.35, 42, 2827, 16051, 31304
2026/09/25 21:23:10.395, 0, 276.29, 42, 2865, 16051, 31876
2026/09/25 21:23:10.395, 1, 261.35, 45, 2827, 16051, 31304
2026/09/25 21:23:10.645, 0, 276.29, 42, 2865, 16051, 31876
2026/09/25 21:23:10.645, 1, 261.35, 45, 2827, 16051, 31304
2026/09/25 21:23:10.895, 0, 271.42, 47, 2865, 16051, 31876
2026/09/25 21:23:10.896, 1, 256.91, 42, 2827, 16051, 31304
2026/09/25 21:23:11.146, 0, 271.42, 47, 2865, 16051, 31876
2026/09/25 21:23:11.146, 1, 256.91, 42, 2827, 16051, 31304
2026/09/25 21:23:11.396, 0, 271.42, 46, 2865, 16051, 31876
2026/09/25 21:23:11.396, 1, 256.91, 48, 2827, 16051, 31304
2026/09/25 21:23:11.646, 0, 271.42, 46, 2865, 16051, 31876
2026/09/25 21:23:11.646, 1, 256.91, 48, 2827, 16051, 31304
2026/09/25 21:23:11.896, 0, 273.55, 41, 2865, 16051, 31876
2026/09/25 21:23:11.896, 1, 258.49, 43, 2827, 16051, 31304
2026/09/25 21:23:12.146, 0, 273.55, 41, 2865, 16051, 31876
2026/09/25 21:23:12.146, 1, 258.49, 43, 2827, 16051, 31304
2026/09/25 21:23:12.397, 0, 273.55, 40, 2865, 16051, 31876
2026/09/25 21:23:12.397, 1, 258.49, 44, 2827, 16051, 31304
2026/09/25 21:23:12.647, 0, 273.55, 40, 2865, 16051, 31876
2026/09/25 21:23:12.647, 1, 258.49, 44, 2827, 16051, 31304
2026/09/25 21:23:12.897, 0, 279.86, 41, 2865, 16051, 31876
2026/09/25 21:23:12.897, 1, 265.38, 44, 2827, 16051, 31304
2026/09/25 21:23:13.147, 0, 279.86, 41, 2865, 16051, 31876
2026/09/25 21:23:13.147, 1, 265.38, 44, 2827, 16051, 31304
2026/09/25 21:23:13.397, 0, 279.86, 40, 2865, 16051, 31876
2026/09/25 21:23:13.397, 1, 265.38, 43, 2827, 16051, 31304
2026/09/25 21:23:13.647, 0, 279.86, 40, 2865, 16051, 31876
2026/09/25 21:23:13.648, 1, 265.38, 43, 2827, 16051, 31304
2026/09/25 21:23:13.898, 0, 274.22, 47, 2857, 16051, 31876
2026/09/25 21:23:13.898, 1, 257.86, 50, 2827, 16051, 31304
2026/09/25 21:23:14.148, 0, 274.22, 47, 2857, 16051, 31876
2026/09/25 21:23:14.148, 1, 257.86, 50, 2827, 16051, 31304
2026/09/25 21:23:14.398, 0, 274.22, 44, 2857, 16051, 31876
2026/09/25 21:23:14.398, 1, 257.86, 48, 2827, 16051, 31304
2026/09/25 21:23:14.648, 0, 274.22, 44, 2857, 16051, 31876
2026/09/25 21:23:14.648, 1, 257.86, 48, 2827, 16051, 31304
2026/09/25 21:23:14.898, 0, 259.29, 39, 2895, 16051, 31876
2026/09/25 21:23:14.898, 1, 240.59, 49, 2842, 16051, 31304
2026/09/25 21:23:15.149, 0, 259.29, 39, 2895, 16051, 31876
2026/09/25 21:23:15.149, 1, 240.59, 49, 2842, 16051, 31304
2026/09/25 21:23:15.399, 0, 259.29, 45, 2895, 16051, 31876
2026/09/25 21:23:15.399, 1, 240.59, 49, 2842, 16051, 31304
2026/09/25 21:23:15.649, 0, 259.29, 45, 2895, 16051, 31876
2026/09/25 21:23:15.649, 1, 240.59, 49, 2842, 16051, 31304
2026/09/25 21:23:15.899, 0, 260.94, 47, 2865, 16051, 31876
2026/09/25 21:23:15.899, 1, 251.66, 50, 2827, 16051, 31304
2026/09/25 21:23:16.149, 0, 260.94, 47, 2865, 16051, 31876
2026/09/25 21:23:16.149, 1, 251.66, 50, 2827, 16051, 31304
2026/09/25 21:23:16.399, 0, 260.94, 41, 2865, 16051, 31876
2026/09/25 21:23:16.399, 1, 251.66, 47, 2827, 16051, 31304
2026/09/25 21:23:16.650, 0, 260.94, 41, 2865, 16051, 31876
2026/09/25 21:23:16.650, 1, 251.66, 47, 2827, 16051, 31304
2026/09/25 21:23:16.900, 0, 274.73, 43, 2865, 16051, 31876
2026/09/25 21:23:16.900, 1, 260.92, 47, 2827, 16051, 31304
2026/09/25 21:23:17.150, 0, 274.73, 43, 2865, 16051, 31876
2026/09/25 21:23:17.150, 1, 260.92, 47, 2827, 16051, 31304
2026/09/25 21:23:17.400, 0, 274.73, 45, 2865, 16051, 31876
2026/09/25 21:23:17.400, 1, 260.92, 48, 2827, 16051, 31304
2026/09/25 21:23:17.650, 0, 274.73, 45, 2865, 16051, 31876
2026/09/25 21:23:17.650, 1, 260.92, 48, 2827, 16051, 31304
2026/09/25 21:23:17.900, 0, 280.65, 41, 2865, 16051, 31876
2026/09/25 21:23:17.900, 1, 263.65, 45, 2827, 16051, 31304
2026/09/25 21:23:18.150, 0, 280.65, 41, 2865, 16051, 31876
2026/09/25 21:23:18.150, 1, 263.65, 45, 2827, 16051, 31304
2026/09/25 21:23:18.401, 0, 280.65, 44, 2865, 16051, 31876
2026/09/25 21:23:18.401, 1, 263.65, 47, 2827, 16051, 31304
2026/09/25 21:23:18.651, 0, 280.65, 44, 2865, 16051, 31876
2026/09/25 21:23:18.651, 1, 263.65, 47, 2827, 16051, 31304
2026/09/25 21:23:18.901, 0, 280.66, 43, 2865, 16051, 31876
2026/09/25 21:23:18.901, 1, 265.17, 46, 2827, 16051, 31304
2026/09/25 21:23:19.151, 0, 280.66, 43, 2865, 16051, 31876
2026/09/25 21:23:19.151, 1, 265.17, 46, 2827, 16051, 31304
2026/09/25 21:23:19.401, 0, 280.66, 45, 2865, 16051, 31876
2026/09/25 21:23:19.401, 1, 265.17, 48, 2827, 16051, 31304
2026/09/25 21:23:19.651, 0, 280.66, 45, 2865, 16051, 31876
2026/09/25 21:23:19.651, 1, 265.17, 48, 2827, 16051, 31304
2026/09/25 21:23:19.902, 0, 275.95, 41, 2865, 16051, 31876
2026/09/25 21:23:19.902, 1, 260.89, 44, 2835, 16051, 31304
2026/09/25 21:23:20.152, 0, 275.95, 41, 2865, 16051, 31876
2026/09/25 21:23:20.152, 1, 260.89, 44, 2835, 16051, 31304
2026/09/25 21:23:20.402, 0, 275.95, 42, 2865, 16051, 31876
2026/09/25 21:23:20.402, 1, 260.89, 45, 2835, 16051, 31304
2026/09/25 21:23:20.652, 0, 275.95, 42, 2865, 16051, 31876
2026/09/25 21:23:20.652, 1, 260.89, 45, 2835, 16051, 31304
2026/09/25 21:23:20.902, 0, 281.95, 40, 2865, 16051, 31876
2026/09/25 21:23:20.902, 1, 265.65, 44, 2827, 16051, 31304
2026/09/25 21:23:21.152, 0, 281.95, 40, 2865, 16051, 31876
2026/09/25 21:23:21.153, 1, 265.65, 44, 2827, 16051, 31304
2026/09/25 21:23:21.403, 0, 281.95, 40, 2865, 16051, 31876
2026/09/25 21:23:21.403, 1, 265.65, 44, 2827, 16051, 31304
2026/09/25 21:23:21.653, 0, 281.95, 40, 2865, 16051, 31876
2026/09/25 21:23:21.653, 1, 265.65, 44, 2827, 16051, 31304
2026/09/25 21:23:21.903, 0, 281.93, 41, 2857, 16051, 31876
2026/09/25 21:23:21.903, 1, 265.43, 44, 2827, 16051, 31304
2026/09/25 21:23:22.153, 0, 281.93, 41, 2857, 16051, 31876
2026/09/25 21:23:22.153, 1, 265.43, 44, 2827, 16051, 31304
2026/09/25 21:23:22.403, 0, 263.16, 43, 2895, 16051, 31876
2026/09/25 21:23:22.404, 1, 242.60, 41, 2857, 16051, 31304
2026/09/25 21:23:22.654, 0, 263.16, 43, 2895, 16051, 31876
2026/09/25 21:23:22.654, 1, 242.60, 41, 2857, 16051, 31304
2026/09/25 21:23:22.904, 0, 263.16, 44, 2895, 16051, 31876
2026/09/25 21:23:22.904, 1, 242.60, 49, 2857, 16051, 31304
2026/09/25 21:23:23.154, 0, 263.16, 44, 2895, 16051, 31886
2026/09/25 21:23:23.154, 1, 242.60, 49, 2857, 16051, 31312
2026/09/25 21:23:23.404, 0, 263.16, 37, 2895, 16051, 31886
2026/09/25 21:23:23.404, 1, 242.60, 41, 2857, 16051, 31312
2026/09/25 21:23:23.654, 0, 263.16, 37, 2895, 16051, 31886
2026/09/25 21:23:23.654, 1, 242.60, 41, 2857, 16051, 31312
2026/09/25 21:23:23.904, 0, 246.88, 39, 2865, 16051, 31886
2026/09/25 21:23:23.905, 1, 234.21, 42, 2827, 16051, 31312
2026/09/25 21:23:24.155, 0, 246.88, 39, 2865, 16051, 31886
2026/09/25 21:23:24.155, 1, 234.21, 42, 2827, 16051, 31312
2026/09/25 21:23:24.405, 0, 246.88, 38, 2865, 16051, 31886
2026/09/25 21:23:24.405, 1, 234.21, 40, 2827, 16051, 31312
2026/09/25 21:23:24.655, 0, 246.88, 38, 2865, 16051, 31886
2026/09/25 21:23:24.655, 1, 234.21, 40, 2827, 16051, 31312
2026/09/25 21:23:24.905, 0, 269.00, 46, 2865, 16051, 31886
2026/09/25 21:23:24.905, 1, 250.91, 48, 2827, 16051, 31312
2026/09/25 21:23:25.155, 0, 269.00, 46, 2865, 16051, 31886
2026/09/25 21:23:25.155, 1, 250.91, 48, 2827, 16051, 31312
2026/09/25 21:23:25.406, 0, 269.00, 46, 2865, 16051, 31886
2026/09/25 21:23:25.406, 1, 250.91, 48, 2827, 16051, 31312
2026/09/25 21:23:25.656, 0, 269.00, 46, 2865, 16051, 31886
2026/09/25 21:23:25.656, 1, 250.91, 48, 2827, 16051, 31312
2026/09/25 21:23:25.906, 0, 276.68, 40, 2865, 16051, 31886
2026/09/25 21:23:25.906, 1, 257.31, 42, 2827, 16051, 31312
2026/09/25 21:23:26.156, 0, 276.68, 40, 2865, 16051, 31886
2026/09/25 21:23:26.156, 1, 257.31, 42, 2827, 16051, 31312
2026/09/25 21:23:26.406, 0, 276.68, 46, 2865, 16051, 31886
2026/09/25 21:23:26.406, 1, 257.31, 48, 2827, 16051, 31312
2026/09/25 21:23:26.656, 0, 276.68, 46, 2865, 16051, 31886
2026/09/25 21:23:26.656, 1, 257.31, 48, 2827, 16051, 31312
2026/09/25 21:23:26.906, 0, 277.78, 44, 2865, 16051, 31886
2026/09/25 21:23:26.906, 1, 258.64, 44, 2827, 16051, 31312
2026/09/25 21:23:27.157, 0, 277.78, 44, 2865, 16051, 31886
2026/09/25 21:23:27.157, 1, 258.64, 44, 2827, 16051, 31312
2026/09/25 21:23:27.407, 0, 277.78, 40, 2865, 16051, 31886
2026/09/25 21:23:27.407, 1, 258.64, 41, 2827, 16051, 31312
2026/09/25 21:23:27.657, 0, 277.78, 40, 2865, 16051, 31886
2026/09/25 21:23:27.657, 1, 258.64, 41, 2827, 16051, 31312
2026/09/25 21:23:27.907, 0, 279.60, 41, 2857, 16051, 31886
2026/09/25 21:23:27.907, 1, 259.03, 42, 2827, 16051, 31312
2026/09/25 21:23:28.157, 0, 279.60, 41, 2857, 16051, 31886
2026/09/25 21:23:28.157, 1, 259.03, 42, 2827, 16051, 31312
2026/09/25 21:23:28.407, 0, 279.60, 39, 2857, 16051, 31886
2026/09/25 21:23:28.408, 1, 259.03, 41, 2827, 16051, 31312
2026/09/25 21:23:28.658, 0, 279.60, 39, 2857, 16051, 31886
2026/09/25 21:23:28.658, 1, 259.03, 41, 2827, 16051, 31312
2026/09/25 21:23:28.908, 0, 278.13, 41, 2865, 16051, 31886
2026/09/25 21:23:28.908, 1, 260.09, 43, 2827, 16051, 31312
2026/09/25 21:23:29.158, 0, 278.13, 41, 2865, 16051, 31886
2026/09/25 21:23:29.158, 1, 260.09, 43, 2827, 16051, 31312
2026/09/25 21:23:29.408, 0, 278.13, 40, 2865, 16051, 31886
2026/09/25 21:23:29.408, 1, 260.09, 42, 2827, 16051, 31312
2026/09/25 21:23:29.658, 0, 278.13, 40, 2865, 16051, 31886
2026/09/25 21:23:29.658, 1, 260.09, 42, 2827, 16051, 31312
2026/09/25 21:23:29.908, 0, 277.21, 41, 2865, 16051, 31886
2026/09/25 21:23:29.909, 1, 256.42, 42, 2827, 16051, 31312
2026/09/25 21:23:30.159, 0, 277.21, 41, 2865, 16051, 31886
2026/09/25 21:23:30.159, 1, 256.42, 42, 2827, 16051, 31312
2026/09/25 21:23:30.409, 0, 277.21, 40, 2865, 16051, 31886
2026/09/25 21:23:30.409, 1, 256.42, 42, 2827, 16051, 31312
2026/09/25 21:23:30.659, 0, 277.21, 40, 2865, 16051, 31886
2026/09/25 21:23:30.659, 1, 256.42, 42, 2827, 16051, 31312
2026/09/25 21:23:30.909, 0, 277.34, 46, 2865, 16051, 31886
2026/09/25 21:23:30.909, 1, 255.47, 48, 2835, 16051, 31312
2026/09/25 21:23:31.159, 0, 277.34, 46, 2865, 16051, 31886
2026/09/25 21:23:31.159, 1, 255.47, 48, 2835, 16051, 31312
2026/09/25 21:23:31.409, 0, 277.34, 43, 2865, 16051, 31886
2026/09/25 21:23:31.410, 1, 255.47, 48, 2835, 16051, 31312
2026/09/25 21:23:31.660, 0, 277.34, 43, 2865, 16051, 31886
2026/09/25 21:23:31.660, 1, 255.47, 48, 2835, 16051, 31314
2026/09/25 21:23:31.910, 0, 253.80, 38, 2895, 16051, 31886
2026/09/25 21:23:31.910, 1, 227.07, 31, 2857, 16051, 31314
2026/09/25 21:23:32.160, 0, 253.80, 38, 2895, 16051, 31886
2026/09/25 21:23:32.160, 1, 227.07, 31, 2857, 16051, 31314
2026/09/25 21:23:32.410, 0, 253.80, 41, 2895, 16051, 31886
2026/09/25 21:23:32.410, 1, 227.07, 45, 2857, 16051, 31314
2026/09/25 21:23:32.660, 0, 253.80, 41, 2895, 16051, 31886
2026/09/25 21:23:32.660, 1, 227.07, 45, 2857, 16051, 31314
2026/09/25 21:23:32.910, 0, 256.45, 40, 2865, 16051, 31886
2026/09/25 21:23:32.911, 1, 255.72, 44, 2827, 16051, 31314
2026/09/25 21:23:33.161, 0, 256.45, 40, 2865, 16051, 31886
2026/09/25 21:23:33.161, 1, 255.72, 44, 2827, 16051, 31314
2026/09/25 21:23:33.411, 0, 256.45, 46, 2865, 16051, 31886
2026/09/25 21:23:33.411, 1, 255.72, 48, 2827, 16051, 31314
2026/09/25 21:23:33.661, 0, 256.45, 46, 2865, 16051, 31886
2026/09/25 21:23:33.661, 1, 255.72, 48, 2827, 16051, 31314
2026/09/25 21:23:33.911, 0, 277.51, 47, 2865, 16051, 31886
2026/09/25 21:23:33.911, 1, 258.54, 49, 2827, 16051, 31314
2026/09/25 21:23:34.161, 0, 277.51, 47, 2865, 16051, 31886
2026/09/25 21:23:34.162, 1, 258.54, 49, 2827, 16051, 31314
2026/09/25 21:23:34.412, 0, 277.51, 39, 2865, 16051, 31886
2026/09/25 21:23:34.412, 1, 258.54, 41, 2827, 16051, 31314
2026/09/25 21:23:34.662, 0, 277.51, 39, 2865, 16051, 31886
2026/09/25 21:23:34.662, 1, 258.54, 41, 2827, 16051, 31314
2026/09/25 21:23:34.912, 0, 274.23, 44, 2865, 16051, 31886
2026/09/25 21:23:34.912, 1, 254.68, 46, 2827, 16051, 31314
2026/09/25 21:23:35.162, 0, 274.23, 44, 2865, 16051, 31886
2026/09/25 21:23:35.162, 1, 254.68, 46, 2827, 16051, 31314
2026/09/25 21:23:35.412, 0, 274.23, 44, 2865, 16051, 31886
2026/09/25 21:23:35.412, 1, 254.68, 47, 2827, 16051, 31314
2026/09/25 21:23:35.662, 0, 274.23, 44, 2865, 16051, 31886
2026/09/25 21:23:35.662, 1, 254.68, 47, 2827, 16051, 31314
2026/09/25 21:23:35.912, 0, 274.94, 40, 2865, 16051, 31886
2026/09/25 21:23:35.912, 1, 255.58, 42, 2827, 16051, 31314
2026/09/25 21:23:36.163, 0, 274.94, 40, 2865, 16051, 31886
2026/09/25 21:23:36.163, 1, 255.58, 42, 2827, 16051, 31314
2026/09/25 21:23:36.413, 0, 274.94, 40, 2865, 16051, 31886
2026/09/25 21:23:36.413, 1, 255.58, 43, 2827, 16051, 31314
2026/09/25 21:23:36.663, 0, 274.94, 40, 2865, 16051, 31886
2026/09/25 21:23:36.663, 1, 255.58, 43, 2827, 16051, 31314
2026/09/25 21:23:36.913, 0, 279.95, 41, 2865, 16051, 31886
2026/09/25 21:23:36.913, 1, 260.16, 43, 2827, 16051, 31314
2026/09/25 21:23:37.163, 0, 279.95, 41, 2865, 16051, 31886
2026/09/25 21:23:37.163, 1, 260.16, 43, 2827, 16051, 31314
2026/09/25 21:23:37.413, 0, 279.95, 43, 2865, 16051, 31886
2026/09/25 21:23:37.413, 1, 260.16, 45, 2827, 16051, 31314
2026/09/25 21:23:37.663, 0, 279.95, 43, 2865, 16051, 31886
2026/09/25 21:23:37.664, 1, 260.16, 45, 2827, 16051, 31314
2026/09/25 21:23:37.914, 0, 280.82, 42, 2865, 16051, 31886
2026/09/25 21:23:37.914, 1, 261.88, 44, 2827, 16051, 31314
2026/09/25 21:23:38.164, 0, 280.82, 42, 2865, 16051, 31886
2026/09/25 21:23:38.164, 1, 261.88, 44, 2827, 16051, 31314
2026/09/25 21:23:38.414, 0, 280.82, 40, 2865, 16051, 31886
2026/09/25 21:23:38.414, 1, 261.88, 42, 2827, 16051, 31314
2026/09/25 21:23:38.664, 0, 280.82, 40, 2865, 16051, 31886
2026/09/25 21:23:38.664, 1, 261.88, 42, 2827, 16051, 31314
2026/09/25 21:23:38.914, 0, 278.24, 41, 2865, 16051, 31886
2026/09/25 21:23:38.914, 1, 261.73, 43, 2827, 16051, 31314
2026/09/25 21:23:39.164, 0, 278.24, 41, 2865, 16051, 31886
2026/09/25 21:23:39.165, 1, 261.73, 43, 2827, 16051, 31314
2026/09/25 21:23:39.415, 0, 278.24, 43, 2865, 16051, 31886
2026/09/25 21:23:39.415, 1, 261.73, 45, 2827, 16051, 31314
2026/09/25 21:23:39.665, 0, 278.24, 43, 2865, 16051, 31886
2026/09/25 21:23:39.665, 1, 261.73, 45, 2827, 16051, 31314
2026/09/25 21:23:39.915, 0, 277.14, 41, 2865, 16051, 31886
2026/09/25 21:23:39.915, 1, 258.98, 47, 2827, 16051, 31314
2026/09/25 21:23:40.165, 0, 277.14, 41, 2865, 16051, 31886
2026/09/25 21:23:40.165, 1, 258.98, 47, 2827, 16051, 31314
2026/09/25 21:23:40.415, 0, 277.14, 55, 2865, 16051, 31886
2026/09/25 21:23:40.415, 1, 258.98, 30, 2827, 16051, 31314
2026/09/25 21:23:40.666, 0, 277.14, 55, 2865, 16051, 31886
2026/09/25 21:23:40.666, 1, 258.98, 30, 2827, 16051, 31314
2026/09/25 21:23:40.916, 0, 238.00, 41, 2887, 16051, 31886
2026/09/25 21:23:40.916, 1, 221.91, 66, 2850, 16051, 31314
2026/09/25 21:23:41.166, 0, 238.00, 41, 2887, 16051, 31886
2026/09/25 21:23:41.166, 1, 221.91, 66, 2850, 16051, 31314
2026/09/25 21:23:41.416, 0, 238.00, 41, 2887, 16051, 31886
2026/09/25 21:23:41.416, 1, 221.91, 44, 2850, 16051, 31314
2026/09/25 21:23:41.666, 0, 238.00, 41, 2887, 16051, 31886
2026/09/25 21:23:41.666, 1, 221.91, 44, 2850, 16051, 31314
2026/09/25 21:23:41.916, 0, 270.64, 40, 2865, 16051, 31886
2026/09/25 21:23:41.917, 1, 259.93, 43, 2835, 16051, 31314
2026/09/25 21:23:42.167, 0, 270.64, 40, 2865, 16051, 31886
2026/09/25 21:23:42.167, 1, 259.93, 43, 2835, 16051, 31314
2026/09/25 21:23:42.417, 0, 270.64, 40, 2865, 16051, 31886
2026/09/25 21:23:42.417, 1, 259.93, 43, 2835, 16051, 31314
2026/09/25 21:23:42.667, 0, 270.64, 40, 2865, 16051, 31886
2026/09/25 21:23:42.667, 1, 259.93, 43, 2835, 16051, 31314
2026/09/25 21:23:42.917, 0, 277.71, 43, 2865, 16051, 31886
2026/09/25 21:23:42.917, 1, 258.47, 46, 2827, 16051, 31314
2026/09/25 21:23:43.167, 0, 277.71, 43, 2865, 16051, 31886
2026/09/25 21:23:43.168, 1, 258.47, 46, 2827, 16051, 31314
2026/09/25 21:23:43.418, 0, 277.71, 40, 2865, 16051, 31886
2026/09/25 21:23:43.418, 1, 258.47, 43, 2827, 16051, 31314
2026/09/25 21:23:43.668, 0, 277.71, 40, 2865, 16051, 31886
2026/09/25 21:23:43.668, 1, 258.47, 43, 2827, 16051, 31314
2026/09/25 21:23:43.918, 0, 280.26, 43, 2865, 16051, 31886
2026/09/25 21:23:43.918, 1, 258.79, 45, 2827, 16051, 31314
2026/09/25 21:23:44.168, 0, 280.26, 43, 2865, 16051, 31886
2026/09/25 21:23:44.168, 1, 258.79, 45, 2827, 16051, 31314
2026/09/25 21:23:44.418, 0, 280.26, 43, 2865, 16051, 31886
2026/09/25 21:23:44.418, 1, 258.79, 45, 2827, 16051, 31314
2026/09/25 21:23:44.669, 0, 280.26, 43, 2865, 16051, 31886
2026/09/25 21:23:44.669, 1, 258.79, 45, 2827, 16051, 31314
2026/09/25 21:23:44.919, 0, 280.92, 43, 2865, 16051, 31886
2026/09/25 21:23:44.919, 1, 262.70, 44, 2827, 16051, 31314
2026/09/25 21:23:45.169, 0, 280.92, 43, 2865, 16051, 31886
2026/09/25 21:23:45.169, 1, 262.70, 44, 2827, 16051, 31314
2026/09/25 21:23:45.419, 0, 280.92, 47, 2865, 16051, 31886
2026/09/25 21:23:45.419, 1, 262.70, 48, 2827, 16051, 31314
2026/09/25 21:23:45.669, 0, 280.92, 47, 2865, 16051, 31886
2026/09/25 21:23:45.669, 1, 262.70, 48, 2827, 16051, 31314
2026/09/25 21:23:45.919, 0, 284.70, 42, 2857, 16051, 31886
2026/09/25 21:23:45.919, 1, 264.81, 44, 2820, 16051, 31314
2026/09/25 21:23:46.169, 0, 284.70, 42, 2857, 16051, 31886
2026/09/25 21:23:46.170, 1, 264.81, 44, 2820, 16051, 31314
2026/09/25 21:23:46.420, 0, 284.70, 40, 2857, 16051, 31886
2026/09/25 21:23:46.420, 1, 264.81, 42, 2820, 16051, 31314
2026/09/25 21:23:46.670, 0, 284.70, 40, 2857, 16051, 31886
2026/09/25 21:23:46.670, 1, 264.81, 42, 2820, 16051, 31314
2026/09/25 21:23:46.920, 0, 286.12, 44, 2857, 16051, 31886
2026/09/25 21:23:46.920, 1, 268.02, 47, 2827, 16051, 31314
2026/09/25 21:23:47.170, 0, 286.12, 44, 2857, 16051, 31886
2026/09/25 21:23:47.170, 1, 268.02, 47, 2827, 16051, 31314
2026/09/25 21:23:47.420, 0, 286.12, 44, 2857, 16051, 31886
2026/09/25 21:23:47.420, 1, 268.02, 45, 2827, 16051, 31314
2026/09/25 21:23:47.670, 0, 286.12, 44, 2857, 16051, 31886
2026/09/25 21:23:47.670, 1, 268.02, 45, 2827, 16051, 31314
2026/09/25 21:23:47.921, 0, 288.08, 41, 2857, 16051, 31886
2026/09/25 21:23:47.921, 1, 267.78, 43, 2827, 16051, 31314
2026/09/25 21:23:48.171, 0, 288.08, 41, 2857, 16051, 31886
2026/09/25 21:23:48.171, 1, 267.78, 43, 2827, 16051, 31314
2026/09/25 21:23:48.421, 0, 288.08, 41, 2857, 16051, 31886
2026/09/25 21:23:48.421, 1, 267.78, 43, 2827, 16051, 31314
2026/09/25 21:23:48.671, 0, 288.08, 41, 2857, 16051, 31886
2026/09/25 21:23:48.671, 1, 267.78, 43, 2827, 16051, 31314
2026/09/25 21:23:48.921, 0, 276.07, 41, 2872, 16051, 31886
2026/09/25 21:23:48.921, 1, 261.95, 47, 2842, 16051, 31314
2026/09/25 21:23:49.171, 0, 276.07, 41, 2872, 16051, 31886
2026/09/25 21:23:49.172, 1, 261.95, 47, 2842, 16051, 31314
2026/09/25 21:23:49.422, 0, 244.59, 49, 2895, 16051, 31886
2026/09/25 21:23:49.422, 1, 231.71, 51, 2857, 16051, 31314
2026/09/25 21:23:49.672, 0, 244.59, 49, 2895, 16051, 31886
2026/09/25 21:23:49.672, 1, 231.71, 51, 2857, 16051, 31314
2026/09/25 21:23:49.922, 0, 244.59, 46, 2895, 16051, 31886
2026/09/25 21:23:49.922, 1, 231.71, 48, 2857, 16051, 31314
2026/09/25 21:23:50.172, 0, 244.59, 45, 2895, 16051, 31886
2026/09/25 21:23:50.172, 1, 231.71, 48, 2857, 16051, 31314
2026/09/25 21:23:50.422, 0, 244.59, 45, 2895, 16051, 31886
2026/09/25 21:23:50.422, 1, 231.71, 41, 2857, 16051, 31314
2026/09/25 21:23:50.673, 0, 271.33, 42, 2865, 16051, 31886
2026/09/25 21:23:50.673, 1, 231.71, 41, 2857, 16051, 31314
2026/09/25 21:23:50.923, 0, 271.33, 42, 2865, 16051, 31886
2026/09/25 21:23:50.923, 1, 253.76, 42, 2835, 16051, 31314
2026/09/25 21:23:51.173, 0, 271.33, 39, 2865, 16051, 31886
2026/09/25 21:23:51.173, 1, 253.76, 42, 2835, 16051, 31314
2026/09/25 21:23:51.423, 0, 271.33, 39, 2865, 16051, 31886
2026/09/25 21:23:51.423, 1, 253.76, 41, 2835, 16051, 31314
2026/09/25 21:23:51.673, 0, 273.29, 45, 2865, 16051, 31886
2026/09/25 21:23:51.673, 1, 253.76, 41, 2835, 16051, 31314
2026/09/25 21:23:51.923, 0, 273.29, 45, 2865, 16051, 31886
2026/09/25 21:23:51.924, 1, 252.53, 47, 2827, 16051, 31314
2026/09/25 21:23:52.174, 0, 273.29, 39, 2865, 16051, 31886
2026/09/25 21:23:52.174, 1, 252.53, 47, 2827, 16051, 31314
2026/09/25 21:23:52.424, 0, 273.29, 39, 2865, 16051, 31886
2026/09/25 21:23:52.424, 1, 252.53, 41, 2827, 16051, 31314
2026/09/25 21:23:52.674, 0, 275.61, 45, 2865, 16051, 31886
2026/09/25 21:23:52.674, 1, 252.53, 41, 2827, 16051, 31314
2026/09/25 21:23:52.924, 0, 275.61, 45, 2865, 16051, 31886
2026/09/25 21:23:52.924, 1, 254.59, 46, 2827, 16051, 31314
2026/09/25 21:23:53.174, 0, 275.61, 41, 2865, 16051, 31886
2026/09/25 21:23:53.174, 1, 254.59, 46, 2827, 16051, 31314
2026/09/25 21:23:53.424, 0, 275.61, 41, 2865, 16051, 31886
2026/09/25 21:23:53.424, 1, 254.59, 42, 2827, 16051, 31314
2026/09/25 21:23:53.675, 0, 278.16, 40, 2865, 16051, 31886
2026/09/25 21:23:53.675, 1, 254.59, 42, 2827, 16051, 31314
2026/09/25 21:23:53.925, 0, 278.16, 40, 2865, 16051, 31886
2026/09/25 21:23:53.925, 1, 258.62, 42, 2827, 16051, 31314
2026/09/25 21:23:54.175, 0, 278.16, 45, 2865, 16051, 31886
2026/09/25 21:23:54.175, 1, 258.62, 42, 2827, 16051, 31314
2026/09/25 21:23:54.425, 0, 278.16, 45, 2865, 16051, 31886
2026/09/25 21:23:54.425, 1, 258.62, 46, 2827, 16051, 31314
2026/09/25 21:23:54.675, 0, 277.32, 47, 2865, 16051, 31886
2026/09/25 21:23:54.675, 1, 258.62, 46, 2827, 16051, 31314
2026/09/25 21:23:54.925, 0, 277.32, 47, 2865, 16051, 31886
2026/09/25 21:23:54.925, 1, 257.59, 47, 2827, 16051, 31314
2026/09/25 21:23:55.176, 0, 277.32, 40, 2865, 16051, 31886
2026/09/25 21:23:55.176, 1, 257.59, 47, 2827, 16051, 31314
2026/09/25 21:23:55.426, 0, 277.32, 40, 2865, 16051, 31886
2026/09/25 21:23:55.426, 1, 257.59, 43, 2827, 16051, 31314
2026/09/25 21:23:55.676, 0, 281.81, 40, 2865, 16051, 31886
2026/09/25 21:23:55.676, 1, 257.59, 43, 2827, 16051, 31314
2026/09/25 21:23:55.926, 0, 281.81, 40, 2865, 16051, 31886
2026/09/25 21:23:55.926, 1, 261.00, 41, 2827, 16051, 31314
2026/09/25 21:23:56.176, 0, 281.81, 45, 2865, 16051, 31886
2026/09/25 21:23:56.176, 1, 261.00, 41, 2827, 16051, 31314
2026/09/25 21:23:56.426, 0, 281.81, 45, 2865, 16051, 31886
2026/09/25 21:23:56.426, 1, 261.00, 47, 2827, 16051, 31314
2026/09/25 21:23:56.676, 0, 280.23, 46, 2865, 16051, 31886
2026/09/25 21:23:56.677, 1, 261.00, 47, 2827, 16051, 31314
2026/09/25 21:23:56.927, 0, 280.23, 46, 2865, 16051, 31886
2026/09/25 21:23:56.927, 1, 257.72, 48, 2827, 16051, 31314
2026/09/25 21:23:57.177, 0, 280.23, 47, 2865, 16051, 31886
2026/09/25 21:23:57.177, 1, 257.72, 48, 2827, 16051, 31314
2026/09/25 21:23:57.427, 0, 280.23, 47, 2865, 16051, 31886
2026/09/25 21:23:57.427, 1, 257.72, 48, 2827, 16051, 31314
2026/09/25 21:23:57.677, 0, 262.57, 38, 2895, 16051, 31888
2026/09/25 21:23:57.677, 1, 241.56, 40, 2857, 16051, 31316
2026/09/25 21:23:57.928, 0, 262.57, 38, 2895, 16051, 31888
2026/09/25 21:23:57.928, 1, 241.56, 40, 2857, 16051, 31318
2026/09/25 21:23:58.178, 0, 262.57, 48, 2895, 16051, 31888
2026/09/25 21:23:58.178, 1, 241.56, 19, 2857, 16051, 31318
2026/09/25 21:23:58.428, 0, 262.57, 48, 2895, 16051, 31888
2026/09/25 21:23:58.428, 1, 241.56, 19, 2857, 16051, 31318
2026/09/25 21:23:58.678, 0, 223.18, 53, 2895, 16051, 31888
2026/09/25 21:23:58.678, 1, 199.70, 44, 2857, 16051, 31318
2026/09/25 21:23:58.928, 0, 223.18, 53, 2895, 16051, 31906
2026/09/25 21:23:58.929, 1, 199.70, 44, 2857, 16051, 31330
2026/09/25 21:23:59.179, 0, 223.18, 41, 2895, 16051, 31906
2026/09/25 21:23:59.179, 1, 199.70, 46, 2857, 16051, 31330
2026/09/25 21:23:59.429, 0, 223.18, 41, 2895, 16051, 31906
2026/09/25 21:23:59.429, 1, 199.70, 46, 2857, 16051, 31330
2026/09/25 21:23:59.679, 0, 263.52, 39, 2857, 16051, 31906
2026/09/25 21:23:59.679, 1, 253.10, 45, 2820, 16051, 31330
2026/09/25 21:23:59.929, 0, 263.52, 39, 2857, 16051, 31906
2026/09/25 21:23:59.929, 1, 253.10, 45, 2820, 16051, 31330
2026/09/25 21:24:00.179, 0, 263.52, 44, 2857, 16051, 31906
2026/09/25 21:24:00.179, 1, 253.10, 47, 2820, 16051, 31330
2026/09/25 21:24:00.429, 0, 263.52, 44, 2857, 16051, 31906
2026/09/25 21:24:00.430, 1, 253.10, 47, 2820, 16051, 31330
2026/09/25 21:24:00.680, 0, 276.26, 43, 2857, 16051, 31906
2026/09/25 21:24:00.680, 1, 262.47, 45, 2820, 16051, 31330
2026/09/25 21:24:00.930, 0, 276.26, 43, 2857, 16051, 31906
2026/09/25 21:24:00.930, 1, 262.47, 45, 2820, 16051, 31330
2026/09/25 21:24:01.180, 0, 276.26, 43, 2857, 16051, 31906
2026/09/25 21:24:01.180, 1, 262.47, 45, 2820, 16051, 31330
2026/09/25 21:24:01.430, 0, 276.26, 43, 2857, 16051, 31906
2026/09/25 21:24:01.430, 1, 262.47, 45, 2820, 16051, 31330
2026/09/25 21:24:01.680, 0, 277.07, 44, 2857, 16051, 31906
2026/09/25 21:24:01.680, 1, 262.43, 46, 2827, 16051, 31330
2026/09/25 21:24:01.930, 0, 277.07, 44, 2857, 16051, 31906
2026/09/25 21:24:01.930, 1, 262.43, 46, 2827, 16051, 31330
2026/09/25 21:24:02.181, 0, 277.07, 42, 2857, 16051, 31906
2026/09/25 21:24:02.181, 1, 262.43, 45, 2827, 16051, 31330
2026/09/25 21:24:02.431, 0, 277.07, 42, 2857, 16051, 31906
2026/09/25 21:24:02.431, 1, 262.43, 45, 2827, 16051, 31330
2026/09/25 21:24:02.681, 0, 275.24, 42, 2857, 16051, 31906
2026/09/25 21:24:02.681, 1, 261.29, 45, 2827, 16051, 31330
2026/09/25 21:24:02.931, 0, 275.24, 42, 2857, 16051, 31906
2026/09/25 21:24:02.931, 1, 261.29, 45, 2827, 16051, 31330
2026/09/25 21:24:03.181, 0, 275.24, 44, 2857, 16051, 31906
2026/09/25 21:24:03.181, 1, 261.29, 44, 2827, 16051, 31330
2026/09/25 21:24:03.431, 0, 275.24, 44, 2857, 16051, 31906
2026/09/25 21:24:03.431, 1, 261.29, 44, 2827, 16051, 31330
2026/09/25 21:24:03.682, 0, 279.89, 45, 2857, 16051, 31906
2026/09/25 21:24:03.682, 1, 265.34, 46, 2820, 16051, 31330
2026/09/25 21:24:03.932, 0, 279.89, 45, 2857, 16051, 31906
2026/09/25 21:24:03.932, 1, 265.34, 46, 2820, 16051, 31330
2026/09/25 21:24:04.182, 0, 279.89, 44, 2857, 16051, 31906
2026/09/25 21:24:04.182, 1, 265.34, 44, 2820, 16051, 31330
2026/09/25 21:24:04.432, 0, 279.89, 44, 2857, 16051, 31906
2026/09/25 21:24:04.432, 1, 265.34, 44, 2820, 16051, 31330
2026/09/25 21:24:04.682, 0, 280.20, 45, 2857, 16051, 31906
2026/09/25 21:24:04.682, 1, 263.03, 45, 2827, 16051, 31330
2026/09/25 21:24:04.932, 0, 280.20, 45, 2857, 16051, 31906
2026/09/25 21:24:04.932, 1, 263.03, 45, 2827, 16051, 31330
2026/09/25 21:24:05.183, 0, 280.20, 43, 2857, 16051, 31906
2026/09/25 21:24:05.183, 1, 263.03, 45, 2827, 16051, 31330
2026/09/25 21:24:05.433, 0, 280.20, 43, 2857, 16051, 31906
2026/09/25 21:24:05.433, 1, 263.03, 45, 2827, 16051, 31330
2026/09/25 21:24:05.683, 0, 279.28, 45, 2857, 16051, 31906
2026/09/25 21:24:05.683, 1, 261.90, 43, 2820, 16051, 31330
2026/09/25 21:24:05.933, 0, 279.28, 45, 2857, 16051, 31906
2026/09/25 21:24:05.933, 1, 261.90, 43, 2820, 16051, 31330
2026/09/25 21:24:06.183, 0, 279.28, 39, 2857, 16051, 31906
2026/09/25 21:24:06.183, 1, 261.90, 42, 2820, 16051, 31330
2026/09/25 21:24:06.433, 0, 279.28, 39, 2857, 16051, 31906
2026/09/25 21:24:06.434, 1, 261.90, 42, 2820, 16051, 31330
2026/09/25 21:24:06.684, 0, 282.45, 43, 2857, 16051, 31906
2026/09/25 21:24:06.684, 1, 268.08, 47, 2820, 16051, 31330
2026/09/25 21:24:06.934, 0, 282.45, 43, 2857, 16051, 31906
2026/09/25 21:24:06.934, 1, 268.08, 47, 2820, 16051, 31330
2026/09/25 21:24:07.184, 0, 282.45, 45, 2857, 16051, 31906
2026/09/25 21:24:07.184, 1, 268.08, 43, 2820, 16051, 31330
2026/09/25 21:24:07.434, 0, 282.45, 45, 2857, 16051, 31906
2026/09/25 21:24:07.434, 1, 268.08, 43, 2820, 16051, 31330
2026/09/25 21:24:07.684, 0, 279.15, 46, 2865, 16051, 31906
2026/09/25 21:24:07.684, 1, 261.91, 48, 2827, 16051, 31330
2026/09/25 21:24:07.934, 0, 279.15, 46, 2865, 16051, 31906
2026/09/25 21:24:07.934, 1, 261.91, 48, 2827, 16051, 31330
2026/09/25 21:24:08.184, 0, 260.08, 51, 2895, 16051, 31906
2026/09/25 21:24:08.184, 1, 234.96, 43, 2857, 16051, 31330
2026/09/25 21:24:08.435, 0, 260.08, 51, 2895, 16051, 31906
2026/09/25 21:24:08.435, 1, 234.96, 43, 2857, 16051, 31330
2026/09/25 21:24:08.685, 0, 260.08, 27, 2895, 16051, 31906
2026/09/25 21:24:08.685, 1, 234.96, 52, 2857, 16051, 31332
2026/09/25 21:24:08.935, 0, 260.08, 27, 2895, 16051, 31906
2026/09/25 21:24:08.935, 1, 234.96, 52, 2857, 16051, 31332
2026/09/25 21:24:09.185, 0, 260.08, 41, 2895, 16051, 31906
2026/09/25 21:24:09.185, 1, 234.96, 45, 2857, 16051, 31332
2026/09/25 21:24:09.435, 0, 260.08, 41, 2895, 16051, 31906
2026/09/25 21:24:09.435, 1, 234.96, 45, 2857, 16051, 31332
2026/09/25 21:24:09.685, 0, 269.45, 45, 2865, 16051, 31906
2026/09/25 21:24:09.685, 1, 267.57, 47, 2827, 16051, 31332
2026/09/25 21:24:09.936, 0, 269.45, 45, 2865, 16051, 31906
2026/09/25 21:24:09.936, 1, 267.57, 47, 2827, 16051, 31332
2026/09/25 21:24:10.186, 0, 269.45, 44, 2865, 16051, 31906
2026/09/25 21:24:10.186, 1, 267.57, 47, 2827, 16051, 31332
2026/09/25 21:24:10.436, 0, 269.45, 44, 2865, 16051, 31906
2026/09/25 21:24:10.436, 1, 267.57, 47, 2827, 16051, 31332
2026/09/25 21:24:10.686, 0, 278.53, 42, 2857, 16051, 31906
2026/09/25 21:24:10.686, 1, 264.60, 45, 2827, 16051, 31332
2026/09/25 21:24:10.936, 0, 278.53, 42, 2857, 16051, 31906
2026/09/25 21:24:10.936, 1, 264.60, 45, 2827, 16051, 31332
2026/09/25 21:24:11.186, 0, 278.53, 44, 2857, 16051, 31906
2026/09/25 21:24:11.186, 1, 264.60, 45, 2827, 16051, 31332
2026/09/25 21:24:11.436, 0, 278.53, 44, 2857, 16051, 31906
2026/09/25 21:24:11.437, 1, 264.60, 45, 2827, 16051, 31332
2026/09/25 21:24:11.687, 0, 271.97, 42, 2857, 16051, 31906
2026/09/25 21:24:11.687, 1, 259.22, 41, 2827, 16051, 31332
2026/09/25 21:24:11.937, 0, 271.97, 42, 2857, 16051, 31906
2026/09/25 21:24:11.937, 1, 259.22, 41, 2827, 16051, 31332
2026/09/25 21:24:12.187, 0, 271.97, 40, 2857, 16051, 31906
2026/09/25 21:24:12.187, 1, 259.22, 43, 2827, 16051, 31332
2026/09/25 21:24:12.437, 0, 271.97, 40, 2857, 16051, 31906
2026/09/25 21:24:12.437, 1, 259.22, 43, 2827, 16051, 31332
2026/09/25 21:24:12.687, 0, 275.83, 36, 2857, 16051, 31906
2026/09/25 21:24:12.687, 1, 263.83, 40, 2827, 16051, 31332
2026/09/25 21:24:12.937, 0, 275.83, 36, 2857, 16051, 31906
2026/09/25 21:24:12.937, 1, 263.83, 40, 2827, 16051, 31332
2026/09/25 21:24:13.188, 0, 275.83, 43, 2857, 16051, 31906
2026/09/25 21:24:13.188, 1, 263.83, 44, 2827, 16051, 31332
2026/09/25 21:24:13.438, 0, 275.83, 43, 2857, 16051, 31906
2026/09/25 21:24:13.438, 1, 263.83, 44, 2827, 16051, 31332
2026/09/25 21:24:13.688, 0, 274.11, 44, 2850, 16051, 31906
2026/09/25 21:24:13.688, 1, 257.64, 43, 2827, 16051, 31332
2026/09/25 21:24:13.938, 0, 274.11, 44, 2850, 16051, 31906
2026/09/25 21:24:13.938, 1, 257.64, 43, 2827, 16051, 31332
2026/09/25 21:24:14.188, 0, 274.11, 42, 2850, 16051, 31906
2026/09/25 21:24:14.188, 1, 257.64, 47, 2827, 16051, 31332
2026/09/25 21:24:14.438, 0, 274.11, 42, 2850, 16051, 31906
2026/09/25 21:24:14.438, 1, 257.64, 47, 2827, 16051, 31332
2026/09/25 21:24:14.688, 0, 280.32, 42, 2857, 16051, 31906
2026/09/25 21:24:14.689, 1, 263.52, 44, 2827, 16051, 31332
2026/09/25 21:24:14.939, 0, 280.32, 42, 2857, 16051, 31906
2026/09/25 21:24:14.939, 1, 263.52, 44, 2827, 16051, 31332
2026/09/25 21:24:15.189, 0, 280.32, 44, 2857, 16051, 31906
2026/09/25 21:24:15.189, 1, 263.52, 45, 2827, 16051, 31332
2026/09/25 21:24:15.439, 0, 280.32, 44, 2857, 16051, 31906
2026/09/25 21:24:15.439, 1, 263.52, 45, 2827, 16051, 31332
2026/09/25 21:24:15.689, 0, 280.93, 45, 2857, 16051, 31906
2026/09/25 21:24:15.689, 1, 263.02, 47, 2820, 16051, 31332
2026/09/25 21:24:15.939, 0, 280.93, 45, 2857, 16051, 31906
2026/09/25 21:24:15.939, 1, 263.02, 47, 2820, 16051, 31332
2026/09/25 21:24:16.189, 0, 280.93, 42, 2857, 16051, 31906
2026/09/25 21:24:16.190, 1, 263.02, 42, 2820, 16051, 31332
2026/09/25 21:24:16.440, 0, 280.93, 42, 2857, 16051, 31906
2026/09/25 21:24:16.440, 1, 263.02, 42, 2820, 16051, 31332
2026/09/25 21:24:16.690, 0, 280.51, 41, 2857, 16051, 31906
2026/09/25 21:24:16.690, 1, 266.39, 43, 2820, 16051, 31332
2026/09/25 21:24:16.940, 0, 280.51, 41, 2857, 16051, 31906
2026/09/25 21:24:16.940, 1, 266.39, 43, 2820, 16051, 31332
2026/09/25 21:24:17.190, 0, 280.51, 40, 2857, 16051, 31906
2026/09/25 21:24:17.190, 1, 266.39, 44, 2820, 16051, 31332
2026/09/25 21:24:17.440, 0, 280.51, 40, 2857, 16051, 31906
2026/09/25 21:24:17.440, 1, 266.39, 44, 2820, 16051, 31332
2026/09/25 21:24:17.690, 0, 278.36, 42, 2872, 16051, 31906
2026/09/25 21:24:17.691, 1, 260.35, 47, 2835, 16051, 31332
2026/09/25 21:24:17.941, 0, 278.36, 42, 2872, 16051, 31906
2026/09/25 21:24:17.941, 1, 260.35, 47, 2835, 16051, 31332
2026/09/25 21:24:18.191, 0, 250.76, 52, 2895, 16051, 31906
2026/09/25 21:24:18.191, 1, 228.06, 45, 2857, 16051, 31332
2026/09/25 21:24:18.441, 0, 250.76, 52, 2895, 16051, 31906
2026/09/25 21:24:18.441, 1, 228.06, 45, 2857, 16051, 31332
2026/09/25 21:24:18.691, 0, 250.76, 42, 2895, 16051, 31906
2026/09/25 21:24:18.691, 1, 228.06, 46, 2857, 16051, 31332
2026/09/25 21:24:18.941, 0, 250.76, 42, 2895, 16051, 31906
2026/09/25 21:24:18.941, 1, 228.06, 46, 2857, 16051, 31332
2026/09/25 21:24:19.192, 0, 250.76, 42, 2895, 16051, 31906
2026/09/25 21:24:19.192, 1, 228.06, 46, 2857, 16051, 31332
2026/09/25 21:24:19.442, 0, 250.76, 42, 2895, 16051, 31906
2026/09/25 21:24:19.442, 1, 228.06, 46, 2857, 16051, 31332
2026/09/25 21:24:19.692, 0, 280.98, 44, 2857, 16051, 31906
2026/09/25 21:24:19.692, 1, 269.11, 46, 2827, 16051, 31332
2026/09/25 21:24:19.942, 0, 280.98, 44, 2857, 16051, 31906
2026/09/25 21:24:19.942, 1, 269.11, 46, 2827, 16051, 31332
2026/09/25 21:24:20.192, 0, 280.98, 42, 2857, 16051, 31906
2026/09/25 21:24:20.192, 1, 269.11, 45, 2827, 16051, 31332
2026/09/25 21:24:20.442, 0, 280.98, 42, 2857, 16051, 31906
2026/09/25 21:24:20.442, 1, 269.11, 45, 2827, 16051, 31332
2026/09/25 21:24:20.693, 0, 280.44, 42, 2857, 16051, 31906
2026/09/25 21:24:20.693, 1, 264.77, 45, 2827, 16051, 31332
2026/09/25 21:24:20.943, 0, 280.44, 42, 2857, 16051, 31906
2026/09/25 21:24:20.943, 1, 264.77, 45, 2827, 16051, 31332
2026/09/25 21:24:21.193, 0, 280.44, 46, 2857, 16051, 31906
2026/09/25 21:24:21.193, 1, 264.77, 46, 2827, 16051, 31332
2026/09/25 21:24:21.443, 0, 280.44, 46, 2857, 16051, 31906
2026/09/25 21:24:21.443, 1, 264.77, 46, 2827, 16051, 31332
2026/09/25 21:24:21.693, 0, 281.24, 44, 2857, 16051, 31906
2026/09/25 21:24:21.693, 1, 266.31, 47, 2820, 16051, 31332
2026/09/25 21:24:21.943, 0, 281.24, 44, 2857, 16051, 31906
2026/09/25 21:24:21.943, 1, 266.31, 47, 2820, 16051, 31332
2026/09/25 21:24:22.194, 0, 281.24, 42, 2857, 16051, 31906
2026/09/25 21:24:22.194, 1, 266.31, 45, 2820, 16051, 31332
2026/09/25 21:24:22.444, 0, 281.24, 42, 2857, 16051, 31906
2026/09/25 21:24:22.444, 1, 266.31, 45, 2820, 16051, 31332
2026/09/25 21:24:22.694, 0, 283.31, 44, 2857, 16051, 31906
2026/09/25 21:24:22.694, 1, 266.86, 47, 2820, 16051, 31332
2026/09/25 21:24:22.944, 0, 283.31, 44, 2857, 16051, 31906
2026/09/25 21:24:22.944, 1, 266.86, 47, 2820, 16051, 31332
2026/09/25 21:24:23.194, 0, 283.31, 44, 2857, 16051, 31906
2026/09/25 21:24:23.194, 1, 266.86, 46, 2820, 16051, 31332
2026/09/25 21:24:23.444, 0, 283.31, 44, 2857, 16051, 31906
2026/09/25 21:24:23.445, 1, 266.86, 46, 2820, 16051, 31332
2026/09/25 21:24:23.695, 0, 283.11, 44, 2857, 16051, 31906
2026/09/25 21:24:23.695, 1, 265.67, 46, 2827, 16051, 31332
2026/09/25 21:24:23.945, 0, 283.11, 44, 2857, 16051, 31906
2026/09/25 21:24:23.945, 1, 265.67, 46, 2827, 16051, 31332
2026/09/25 21:24:24.195, 0, 283.11, 42, 2857, 16051, 31906
2026/09/25 21:24:24.195, 1, 265.67, 45, 2827, 16051, 31332
2026/09/25 21:24:24.445, 0, 283.11, 42, 2857, 16051, 31906
2026/09/25 21:24:24.445, 1, 265.67, 45, 2827, 16051, 31332
2026/09/25 21:24:24.695, 0, 282.89, 42, 2857, 16051, 31906
2026/09/25 21:24:24.695, 1, 265.92, 44, 2827, 16051, 31332
2026/09/25 21:24:24.946, 0, 282.89, 42, 2857, 16051, 31906
2026/09/25 21:24:24.946, 1, 265.92, 44, 2827, 16051, 31332
2026/09/25 21:24:25.196, 0, 282.89, 41, 2857, 16051, 31906
2026/09/25 21:24:25.196, 1, 265.92, 45, 2827, 16051, 31332
2026/09/25 21:24:25.446, 0, 282.89, 41, 2857, 16051, 31906
2026/09/25 21:24:25.446, 1, 265.92, 45, 2827, 16051, 31332
2026/09/25 21:24:25.696, 0, 285.07, 40, 2857, 16051, 31906
2026/09/25 21:24:25.696, 1, 268.71, 44, 2820, 16051, 31332
2026/09/25 21:24:25.946, 0, 285.07, 40, 2857, 16051, 31906
2026/09/25 21:24:25.946, 1, 268.71, 44, 2820, 16051, 31332
2026/09/25 21:24:26.196, 0, 285.07, 41, 2857, 16051, 31906
2026/09/25 21:24:26.196, 1, 268.71, 41, 2820, 16051, 31332
2026/09/25 21:24:26.446, 0, 285.07, 41, 2857, 16051, 31906
2026/09/25 21:24:26.446, 1, 268.71, 41, 2820, 16051, 31332
2026/09/25 21:24:26.697, 0, 287.43, 45, 2857, 16051, 31906
2026/09/25 21:24:26.697, 1, 270.13, 45, 2820, 16051, 31332
2026/09/25 21:24:26.947, 0, 287.43, 45, 2857, 16051, 31906
2026/09/25 21:24:26.947, 1, 270.13, 45, 2820, 16051, 31332
2026/09/25 21:24:27.197, 0, 287.43, 41, 2857, 16051, 31906
2026/09/25 21:24:27.197, 1, 270.13, 44, 2820, 16051, 31332
2026/09/25 21:24:27.447, 0, 287.43, 41, 2857, 16051, 31906
2026/09/25 21:24:27.447, 1, 270.13, 44, 2820, 16051, 31332
2026/09/25 21:24:27.697, 0, 264.20, 54, 2895, 16051, 31906
2026/09/25 21:24:27.697, 1, 235.99, 36, 2857, 16051, 31332
2026/09/25 21:24:27.947, 0, 264.20, 54, 2895, 16051, 31906
2026/09/25 21:24:27.948, 1, 235.99, 36, 2857, 16051, 31332
2026/09/25 21:24:28.198, 0, 264.20, 39, 2895, 16051, 31906
2026/09/25 21:24:28.198, 1, 235.99, 44, 2857, 16051, 31332
2026/09/25 21:24:28.448, 0, 264.20, 39, 2895, 16051, 31906
2026/09/25 21:24:28.448, 1, 235.99, 44, 2857, 16051, 31332
2026/09/25 21:24:28.698, 0, 251.29, 42, 2857, 16051, 31906
2026/09/25 21:24:28.698, 1, 239.44, 46, 2820, 16051, 31332
2026/09/25 21:24:28.948, 0, 251.29, 42, 2857, 16051, 31906
2026/09/25 21:24:28.948, 1, 239.44, 46, 2820, 16051, 31332
2026/09/25 21:24:29.198, 0, 251.29, 45, 2857, 16051, 31906
2026/09/25 21:24:29.198, 1, 239.44, 48, 2820, 16051, 31332
2026/09/25 21:24:29.448, 0, 251.29, 45, 2857, 16051, 31906
2026/09/25 21:24:29.449, 1, 239.44, 48, 2820, 16051, 31332
2026/09/25 21:24:29.699, 0, 279.12, 43, 2857, 16051, 31906
2026/09/25 21:24:29.699, 1, 265.89, 46, 2827, 16051, 31332
2026/09/25 21:24:29.949, 0, 279.12, 43, 2857, 16051, 31906
2026/09/25 21:24:29.949, 1, 265.89, 46, 2827, 16051, 31332
2026/09/25 21:24:30.199, 0, 279.12, 45, 2857, 16051, 31906
2026/09/25 21:24:30.199, 1, 265.89, 47, 2827, 16051, 31332
2026/09/25 21:24:30.449, 0, 279.12, 45, 2857, 16051, 31906
2026/09/25 21:24:30.449, 1, 265.89, 47, 2827, 16051, 31332
2026/09/25 21:24:30.699, 0, 280.71, 43, 2857, 16051, 31906
2026/09/25 21:24:30.699, 1, 266.13, 45, 2827, 16051, 31332
2026/09/25 21:24:30.949, 0, 280.71, 43, 2857, 16051, 31906
2026/09/25 21:24:30.949, 1, 266.13, 45, 2827, 16051, 31332
2026/09/25 21:24:31.200, 0, 280.71, 43, 2857, 16051, 31906
2026/09/25 21:24:31.200, 1, 266.13, 46, 2827, 16051, 31332
2026/09/25 21:24:31.450, 0, 280.71, 43, 2857, 16051, 31906
2026/09/25 21:24:31.450, 1, 266.13, 46, 2827, 16051, 31332
2026/09/25 21:24:31.700, 0, 281.37, 44, 2857, 16051, 31906
2026/09/25 21:24:31.700, 1, 267.37, 46, 2820, 16051, 31332
2026/09/25 21:24:31.950, 0, 281.37, 44, 2857, 16051, 31906
2026/09/25 21:24:31.950, 1, 267.37, 46, 2820, 16051, 31332
2026/09/25 21:24:32.200, 0, 281.37, 44, 2857, 16051, 31906
2026/09/25 21:24:32.200, 1, 267.37, 44, 2820, 16051, 31332
2026/09/25 21:24:32.450, 0, 281.37, 44, 2857, 16051, 31906
2026/09/25 21:24:32.450, 1, 267.37, 44, 2820, 16051, 31332
2026/09/25 21:24:32.701, 0, 281.78, 44, 2857, 16051, 31906
2026/09/25 21:24:32.701, 1, 267.95, 45, 2820, 16051, 31332
2026/09/25 21:24:32.951, 0, 281.78, 44, 2857, 16051, 31906
2026/09/25 21:24:32.951, 1, 267.95, 45, 2820, 16051, 31332
2026/09/25 21:24:33.201, 0, 281.78, 44, 2857, 16051, 31906
2026/09/25 21:24:33.201, 1, 267.95, 45, 2820, 16051, 31332
2026/09/25 21:24:33.451, 0, 281.78, 44, 2857, 16051, 31906
2026/09/25 21:24:33.451, 1, 267.95, 45, 2820, 16051, 31332
2026/09/25 21:24:33.701, 0, 284.89, 44, 2857, 16051, 31906
2026/09/25 21:24:33.701, 1, 268.26, 46, 2820, 16051, 31332
2026/09/25 21:24:33.951, 0, 284.89, 44, 2857, 16051, 31906
2026/09/25 21:24:33.951, 1, 268.26, 46, 2820, 16051, 31332
2026/09/25 21:24:34.202, 0, 284.89, 43, 2857, 16051, 31906
2026/09/25 21:24:34.202, 1, 268.26, 45, 2820, 16051, 31332
2026/09/25 21:24:34.452, 0, 284.89, 43, 2857, 16051, 31906
2026/09/25 21:24:34.452, 1, 268.26, 45, 2820, 16051, 31332
2026/09/25 21:24:34.702, 0, 283.63, 45, 2857, 16051, 31906
2026/09/25 21:24:34.702, 1, 267.27, 46, 2820, 16051, 31332
2026/09/25 21:24:34.952, 0, 283.63, 45, 2857, 16051, 31906
2026/09/25 21:24:34.952, 1, 267.27, 46, 2820, 16051, 31332
2026/09/25 21:24:35.202, 0, 283.63, 41, 2857, 16051, 31906
2026/09/25 21:24:35.202, 1, 267.27, 47, 2820, 16051, 31332
2026/09/25 21:24:35.452, 0, 283.63, 41, 2857, 16051, 31906
2026/09/25 21:24:35.452, 1, 267.27, 47, 2820, 16051, 31332
2026/09/25 21:24:35.703, 0, 285.37, 43, 2857, 16051, 31906
2026/09/25 21:24:35.703, 1, 269.62, 45, 2820, 16051, 31332
2026/09/25 21:24:35.953, 0, 285.37, 43, 2857, 16051, 31906
2026/09/25 21:24:35.953, 1, 269.62, 45, 2820, 16051, 31332
2026/09/25 21:24:36.203, 0, 285.37, 45, 2857, 16051, 31906
2026/09/25 21:24:36.203, 1, 269.62, 45, 2820, 16051, 31332
2026/09/25 21:24:36.453, 0, 285.37, 45, 2857, 16051, 31906
2026/09/25 21:24:36.453, 1, 269.62, 45, 2820, 16051, 31332
2026/09/25 21:24:36.703, 0, 286.04, 45, 2865, 16051, 31906
2026/09/25 21:24:36.703, 1, 267.92, 47, 2827, 16051, 31332
2026/09/25 21:24:36.953, 0, 286.04, 45, 2865, 16051, 31906
2026/09/25 21:24:36.954, 1, 267.92, 47, 2827, 16051, 31332
2026/09/25 21:24:37.204, 0, 269.07, 43, 2887, 16051, 31906
2026/09/25 21:24:37.204, 1, 249.64, 49, 2857, 16051, 31334
2026/09/25 21:24:37.454, 0, 269.07, 43, 2887, 16051, 31906
2026/09/25 21:24:37.454, 1, 249.64, 49, 2857, 16051, 31334
2026/09/25 21:24:37.704, 0, 240.95, 45, 2895, 16051, 31906
2026/09/25 21:24:37.704, 1, 214.82, 34, 2857, 16051, 31336
2026/09/25 21:24:37.955, 0, 240.95, 45, 2895, 16051, 31906
2026/09/25 21:24:37.955, 1, 214.82, 34, 2857, 16051, 31336
2026/09/25 21:24:38.205, 0, 240.95, 54, 2895, 16051, 31906
2026/09/25 21:24:38.205, 1, 214.82, 42, 2857, 16051, 31336
2026/09/25 21:24:38.455, 0, 240.95, 54, 2895, 16051, 31906
2026/09/25 21:24:38.455, 1, 214.82, 42, 2857, 16051, 31336
2026/09/25 21:24:38.705, 0, 240.95, 39, 2895, 16051, 31920
2026/09/25 21:24:38.705, 1, 214.82, 46, 2857, 16051, 31346
2026/09/25 21:24:38.955, 0, 240.95, 39, 2895, 16051, 31920
2026/09/25 21:24:38.956, 1, 214.82, 46, 2857, 16051, 31346
2026/09/25 21:24:39.206, 0, 240.95, 44, 2895, 16051, 31920
2026/09/25 21:24:39.206, 1, 214.82, 47, 2857, 16051, 31346
2026/09/25 21:24:39.456, 0, 240.95, 44, 2895, 16051, 31920
2026/09/25 21:24:39.456, 1, 214.82, 47, 2857, 16051, 31346
2026/09/25 21:24:39.706, 0, 281.52, 43, 2857, 16051, 31920
2026/09/25 21:24:39.706, 1, 269.35, 45, 2827, 16051, 31346
2026/09/25 21:24:39.956, 0, 281.52, 43, 2857, 16051, 31920
2026/09/25 21:24:39.956, 1, 269.35, 45, 2827, 16051, 31346
2026/09/25 21:24:40.206, 0, 281.52, 43, 2857, 16051, 31920
2026/09/25 21:24:40.206, 1, 269.35, 47, 2827, 16051, 31346
2026/09/25 21:24:40.456, 0, 281.52, 43, 2857, 16051, 31920
2026/09/25 21:24:40.456, 1, 269.35, 47, 2827, 16051, 31346
2026/09/25 21:24:40.707, 0, 277.93, 44, 2857, 16051, 31920
2026/09/25 21:24:40.707, 1, 262.36, 46, 2827, 16051, 31346
2026/09/25 21:24:40.957, 0, 277.93, 44, 2857, 16051, 31920
2026/09/25 21:24:40.957, 1, 262.36, 46, 2827, 16051, 31346
2026/09/25 21:24:41.207, 0, 277.93, 45, 2857, 16051, 31920
2026/09/25 21:24:41.207, 1, 262.36, 46, 2827, 16051, 31346
2026/09/25 21:24:41.457, 0, 277.93, 45, 2857, 16051, 31920
2026/09/25 21:24:41.457, 1, 262.36, 46, 2827, 16051, 31346
2026/09/25 21:24:41.707, 0, 280.54, 43, 2865, 16051, 31920
2026/09/25 21:24:41.707, 1, 263.44, 47, 2827, 16051, 31346
2026/09/25 21:24:41.957, 0, 280.54, 43, 2865, 16051, 31920
2026/09/25 21:24:41.957, 1, 263.44, 47, 2827, 16051, 31346
2026/09/25 21:24:42.208, 0, 280.54, 39, 2865, 16051, 31920
2026/09/25 21:24:42.208, 1, 263.44, 42, 2827, 16051, 31346
2026/09/25 21:24:42.458, 0, 280.54, 39, 2865, 16051, 31920
2026/09/25 21:24:42.458, 1, 263.44, 42, 2827, 16051, 31346
2026/09/25 21:24:42.708, 0, 280.43, 39, 2857, 16051, 31920
2026/09/25 21:24:42.708, 1, 265.32, 45, 2820, 16051, 31346
2026/09/25 21:24:42.958, 0, 280.43, 39, 2857, 16051, 31920
2026/09/25 21:24:42.958, 1, 265.32, 45, 2820, 16051, 31346
2026/09/25 21:24:43.208, 0, 280.43, 39, 2857, 16051, 31920
2026/09/25 21:24:43.208, 1, 265.32, 42, 2820, 16051, 31346
2026/09/25 21:24:43.458, 0, 280.43, 39, 2857, 16051, 31920
2026/09/25 21:24:43.459, 1, 265.32, 42, 2820, 16051, 31346
2026/09/25 21:24:43.709, 0, 287.27, 39, 2857, 16051, 31920
2026/09/25 21:24:43.709, 1, 267.94, 47, 2820, 16051, 31346
2026/09/25 21:24:43.959, 0, 287.27, 39, 2857, 16051, 31920
2026/09/25 21:24:43.959, 1, 267.94, 47, 2820, 16051, 31346
2026/09/25 21:24:44.209, 0, 287.27, 45, 2857, 16051, 31920
2026/09/25 21:24:44.209, 1, 267.94, 48, 2820, 16051, 31346
2026/09/25 21:24:44.459, 0, 287.27, 45, 2857, 16051, 31920
2026/09/25 21:24:44.459, 1, 267.94, 48, 2820, 16051, 31346
2026/09/25 21:24:44.709, 0, 285.13, 39, 2857, 16051, 31920
2026/09/25 21:24:44.709, 1, 268.18, 45, 2820, 16051, 31346
2026/09/25 21:24:44.960, 0, 285.13, 39, 2857, 16051, 31920
2026/09/25 21:24:44.960, 1, 268.18, 45, 2820, 16051, 31346
2026/09/25 21:24:45.210, 0, 285.13, 46, 2857, 16051, 31920
2026/09/25 21:24:45.210, 1, 268.18, 48, 2820, 16051, 31346
2026/09/25 21:24:45.460, 0, 285.13, 46, 2857, 16051, 31920
2026/09/25 21:24:45.460, 1, 268.18, 48, 2820, 16051, 31346
2026/09/25 21:24:45.710, 0, 286.31, 46, 2857, 16051, 31920
2026/09/25 21:24:45.710, 1, 264.25, 45, 2827, 16051, 31346
2026/09/25 21:24:45.960, 0, 286.31, 46, 2857, 16051, 31920
2026/09/25 21:24:45.960, 1, 264.25, 45, 2827, 16051, 31346
2026/09/25 21:24:46.210, 0, 286.31, 47, 2857, 16051, 31920
2026/09/25 21:24:46.211, 1, 264.25, 44, 2827, 16051, 31346
2026/09/25 21:24:46.461, 0, 286.31, 47, 2857, 16051, 31920
2026/09/25 21:24:46.461, 1, 264.25, 44, 2827, 16051, 31346
2026/09/25 21:24:46.711, 0, 285.23, 39, 2857, 16051, 31920
2026/09/25 21:24:46.711, 1, 266.20, 47, 2820, 16051, 31346
2026/09/25 21:24:46.961, 0, 285.23, 39, 2857, 16051, 31920
2026/09/25 21:24:46.961, 1, 266.20, 47, 2820, 16051, 31346
2026/09/25 21:24:47.211, 0, 285.23, 47, 2857, 16051, 31920
2026/09/25 21:24:47.211, 1, 266.20, 46, 2820, 16051, 31346
2026/09/25 21:24:47.461, 0, 285.23, 47, 2857, 16051, 31920
2026/09/25 21:24:47.461, 1, 266.20, 46, 2820, 16051, 31346
2026/09/25 21:24:47.712, 0, 285.49, 41, 2857, 16051, 31920
2026/09/25 21:24:47.712, 1, 268.51, 41, 2820, 16051, 31346
2026/09/25 21:24:47.962, 0, 285.49, 41, 2857, 16051, 31920
2026/09/25 21:24:47.962, 1, 268.51, 41, 2820, 16051, 31346
2026/09/25 21:24:48.212, 0, 285.49, 39, 2857, 16051, 31920
2026/09/25 21:24:48.212, 1, 268.51, 41, 2820, 16051, 31346
2026/09/25 21:24:48.462, 0, 285.49, 39, 2857, 16051, 31920
2026/09/25 21:24:48.462, 1, 268.51, 41, 2820, 16051, 31346
2026/09/25 21:24:48.712, 0, 261.00, 42, 2895, 16051, 31920
2026/09/25 21:24:48.712, 1, 232.50, 32, 2857, 16051, 31346
2026/09/25 21:24:48.963, 0, 261.00, 42, 2895, 16051, 31920
2026/09/25 21:24:48.963, 1, 232.50, 32, 2857, 16051, 31346
2026/09/25 21:24:49.213, 0, 236.24, 55, 2895, 16051, 31920
2026/09/25 21:24:49.213, 1, 208.93, 32, 2857, 16051, 31348
2026/09/25 21:24:49.463, 0, 236.24, 55, 2895, 16051, 31920
2026/09/25 21:24:49.463, 1, 208.93, 32, 2857, 16051, 31348
2026/09/25 21:24:49.713, 0, 236.24, 45, 2895, 16051, 31920
2026/09/25 21:24:49.713, 1, 208.93, 48, 2857, 16051, 31348
2026/09/25 21:24:49.963, 0, 236.24, 45, 2895, 16051, 31920
2026/09/25 21:24:49.963, 1, 208.93, 48, 2857, 16051, 31348
2026/09/25 21:24:50.213, 0, 236.24, 43, 2895, 16051, 31920
2026/09/25 21:24:50.214, 1, 208.93, 45, 2857, 16051, 31348
2026/09/25 21:24:50.464, 0, 236.24, 43, 2895, 16051, 31920
2026/09/25 21:24:50.464, 1, 208.93, 45, 2857, 16051, 31348
2026/09/25 21:24:50.714, 0, 280.00, 43, 2857, 16051, 31920
2026/09/25 21:24:50.714, 1, 266.73, 45, 2827, 16051, 31348
2026/09/25 21:24:50.964, 0, 280.00, 43, 2857, 16051, 31920
2026/09/25 21:24:50.964, 1, 266.73, 45, 2827, 16051, 31348
2026/09/25 21:24:51.214, 0, 280.00, 44, 2857, 16051, 31920
2026/09/25 21:24:51.214, 1, 266.73, 47, 2827, 16051, 31348
2026/09/25 21:24:51.464, 0, 280.00, 44, 2857, 16051, 31920
2026/09/25 21:24:51.465, 1, 266.73, 47, 2827, 16051, 31348
2026/09/25 21:24:51.715, 0, 285.95, 43, 2857, 16051, 31920
2026/09/25 21:24:51.715, 1, 268.99, 48, 2820, 16051, 31348
2026/09/25 21:24:51.965, 0, 285.95, 43, 2857, 16051, 31920
2026/09/25 21:24:51.965, 1, 268.99, 48, 2820, 16051, 31348
2026/09/25 21:24:52.215, 0, 285.95, 45, 2857, 16051, 31920
2026/09/25 21:24:52.215, 1, 268.99, 45, 2820, 16051, 31348
2026/09/25 21:24:52.465, 0, 285.95, 45, 2857, 16051, 31920
2026/09/25 21:24:52.465, 1, 268.99, 45, 2820, 16051, 31348
2026/09/25 21:24:52.715, 0, 284.91, 43, 2857, 16051, 31920
2026/09/25 21:24:52.715, 1, 267.72, 48, 2820, 16051, 31348
2026/09/25 21:24:52.966, 0, 284.91, 43, 2857, 16051, 31920
2026/09/25 21:24:52.966, 1, 267.72, 48, 2820, 16051, 31348
2026/09/25 21:24:53.216, 0, 284.91, 43, 2857, 16051, 31920
2026/09/25 21:24:53.216, 1, 267.72, 49, 2820, 16051, 31348
2026/09/25 21:24:53.466, 0, 284.91, 43, 2857, 16051, 31920
2026/09/25 21:24:53.466, 1, 267.72, 49, 2820, 16051, 31348
2026/09/25 21:24:53.716, 0, 281.96, 46, 2850, 16051, 31920
2026/09/25 21:24:53.716, 1, 262.93, 47, 2827, 16051, 31348
2026/09/25 21:24:53.966, 0, 281.96, 46, 2850, 16051, 31920
2026/09/25 21:24:53.966, 1, 262.93, 47, 2827, 16051, 31348
2026/09/25 21:24:54.216, 0, 281.96, 38, 2850, 16051, 31920
2026/09/25 21:24:54.216, 1, 262.93, 41, 2827, 16051, 31348
2026/09/25 21:24:54.467, 0, 281.96, 38, 2850, 16051, 31920
2026/09/25 21:24:54.467, 1, 262.93, 41, 2827, 16051, 31348
2026/09/25 21:24:54.717, 0, 281.74, 45, 2857, 16051, 31920
2026/09/25 21:24:54.717, 1, 263.36, 43, 2820, 16051, 31348
2026/09/25 21:24:54.967, 0, 281.74, 45, 2857, 16051, 31920
2026/09/25 21:24:54.967, 1, 263.36, 43, 2820, 16051, 31348
2026/09/25 21:24:55.217, 0, 281.74, 38, 2857, 16051, 31920
2026/09/25 21:24:55.217, 1, 263.36, 40, 2820, 16051, 31348
2026/09/25 21:24:55.467, 0, 281.74, 38, 2857, 16051, 31920
2026/09/25 21:24:55.467, 1, 263.36, 40, 2820, 16051, 31348
2026/09/25 21:24:55.717, 0, 278.15, 40, 2857, 16051, 31920
2026/09/25 21:24:55.718, 1, 260.53, 46, 2827, 16051, 31348
2026/09/25 21:24:55.968, 0, 278.15, 40, 2857, 16051, 31920
2026/09/25 21:24:55.968, 1, 260.53, 46, 2827, 16051, 31348
2026/09/25 21:24:56.218, 0, 278.15, 47, 2857, 16051, 31920
2026/09/25 21:24:56.218, 1, 260.53, 43, 2827, 16051, 31348
2026/09/25 21:24:56.468, 0, 278.15, 47, 2857, 16051, 31920
2026/09/25 21:24:56.468, 1, 260.53, 43, 2827, 16051, 31348
2026/09/25 21:24:56.718, 0, 281.85, 39, 2857, 16051, 31920
2026/09/25 21:24:56.718, 1, 262.33, 48, 2827, 16051, 31348
2026/09/25 21:24:56.968, 0, 281.85, 39, 2857, 16051, 31920
2026/09/25 21:24:56.968, 1, 262.33, 48, 2827, 16051, 31348
2026/09/25 21:24:57.218, 0, 281.85, 40, 2857, 16051, 31920
2026/09/25 21:24:57.219, 1, 262.33, 41, 2827, 16051, 31348
2026/09/25 21:24:57.469, 0, 281.85, 40, 2857, 16051, 31920
2026/09/25 21:24:57.469, 1, 262.33, 41, 2827, 16051, 31348
2026/09/25 21:24:57.719, 0, 282.07, 43, 2857, 16051, 31920
2026/09/25 21:24:57.719, 1, 264.80, 41, 2827, 16051, 31348
2026/09/25 21:24:57.969, 0, 282.07, 43, 2857, 16051, 31920
2026/09/25 21:24:57.969, 1, 264.80, 41, 2827, 16051, 31348
2026/09/25 21:24:58.219, 0, 282.07, 38, 2857, 16051, 31920
2026/09/25 21:24:58.219, 1, 264.80, 42, 2827, 16051, 31348
2026/09/25 21:24:58.469, 0, 282.07, 38, 2857, 16051, 31920
2026/09/25 21:24:58.469, 1, 264.80, 42, 2827, 16051, 31348
2026/09/25 21:24:58.720, 0, 284.74, 44, 2865, 16051, 31920
2026/09/25 21:24:58.720, 1, 264.61, 45, 2827, 16051, 31348
2026/09/25 21:24:58.970, 0, 284.74, 44, 2865, 16051, 31920
2026/09/25 21:24:58.970, 1, 264.61, 45, 2827, 16051, 31348
2026/09/25 21:24:59.220, 0, 272.17, 48, 2887, 16051, 31920
2026/09/25 21:24:59.220, 1, 248.21, 45, 2857, 16051, 31348
2026/09/25 21:24:59.470, 0, 272.17, 48, 2887, 16051, 31920
2026/09/25 21:24:59.470, 1, 248.21, 45, 2857, 16051, 31348
2026/09/25 21:24:59.720, 0, 235.31, 49, 2895, 16051, 31920
2026/09/25 21:24:59.720, 1, 220.24, 51, 2857, 16051, 31348
2026/09/25 21:24:59.971, 0, 235.31, 49, 2895, 16051, 31920
2026/09/25 21:24:59.971, 1, 220.24, 51, 2857, 16051, 31348
2026/09/25 21:25:00.221, 0, 235.31, 49, 2895, 16051, 31920
2026/09/25 21:25:00.221, 1, 220.24, 51, 2857, 16051, 31348
2026/09/25 21:25:00.471, 0, 235.31, 49, 2895, 16051, 31920
2026/09/25 21:25:00.471, 1, 220.24, 51, 2857, 16051, 31348
2026/09/25 21:25:00.721, 0, 269.36, 42, 2857, 16051, 31920
2026/09/25 21:25:00.721, 1, 264.29, 44, 2820, 16051, 31348
2026/09/25 21:25:00.971, 0, 269.36, 42, 2857, 16051, 31920
2026/09/25 21:25:00.971, 1, 264.29, 44, 2820, 16051, 31348
2026/09/25 21:25:01.221, 0, 269.36, 44, 2857, 16051, 31920
2026/09/25 21:25:01.221, 1, 264.29, 45, 2820, 16051, 31348
2026/09/25 21:25:01.472, 0, 269.36, 44, 2857, 16051, 31920
2026/09/25 21:25:01.472, 1, 264.29, 45, 2820, 16051, 31348
2026/09/25 21:25:01.722, 0, 282.04, 36, 2865, 16051, 31920
2026/09/25 21:25:01.722, 1, 266.90, 42, 2827, 16051, 31348
2026/09/25 21:25:01.972, 0, 282.04, 36, 2865, 16051, 31920
2026/09/25 21:25:01.972, 1, 266.90, 42, 2827, 16051, 31348
2026/09/25 21:25:02.222, 0, 282.04, 42, 2865, 16051, 31920
2026/09/25 21:25:02.222, 1, 266.90, 44, 2827, 16051, 31348
2026/09/25 21:25:02.472, 0, 282.04, 42, 2865, 16051, 31920
2026/09/25 21:25:02.472, 1, 266.90, 44, 2827, 16051, 31348
2026/09/25 21:25:02.722, 0, 283.98, 38, 2865, 16051, 31920
2026/09/25 21:25:02.722, 1, 268.28, 40, 2827, 16051, 31348
2026/09/25 21:25:02.973, 0, 283.98, 38, 2865, 16051, 31920
2026/09/25 21:25:02.973, 1, 268.28, 40, 2827, 16051, 31348
2026/09/25 21:25:03.223, 0, 283.98, 40, 2865, 16051, 31920
2026/09/25 21:25:03.223, 1, 268.28, 43, 2827, 16051, 31348
2026/09/25 21:25:03.473, 0, 283.98, 40, 2865, 16051, 31920
2026/09/25 21:25:03.473, 1, 268.28, 43, 2827, 16051, 31348
2026/09/25 21:25:03.723, 0, 277.60, 42, 2865, 16051, 31920
2026/09/25 21:25:03.723, 1, 263.79, 41, 2820, 16051, 31348
2026/09/25 21:25:03.973, 0, 277.60, 42, 2865, 16051, 31920
2026/09/25 21:25:03.973, 1, 263.79, 41, 2820, 16051, 31348
2026/09/25 21:25:04.223, 0, 277.60, 39, 2865, 16051, 31920
2026/09/25 21:25:04.224, 1, 263.79, 42, 2820, 16051, 31348
2026/09/25 21:25:04.474, 0, 277.60, 39, 2865, 16051, 31920
2026/09/25 21:25:04.474, 1, 263.79, 42, 2820, 16051, 31348
2026/09/25 21:25:04.724, 0, 285.67, 45, 2857, 16051, 31920
2026/09/25 21:25:04.724, 1, 266.88, 44, 2820, 16051, 31348
2026/09/25 21:25:04.974, 0, 285.67, 45, 2857, 16051, 31920
2026/09/25 21:25:04.974, 1, 266.88, 44, 2820, 16051, 31348
2026/09/25 21:25:05.224, 0, 285.67, 38, 2857, 16051, 31920
2026/09/25 21:25:05.224, 1, 266.88, 48, 2820, 16051, 31348
2026/09/25 21:25:05.474, 0, 285.67, 38, 2857, 16051, 31920
2026/09/25 21:25:05.474, 1, 266.88, 48, 2820, 16051, 31348
2026/09/25 21:25:05.725, 0, 279.64, 46, 2857, 16051, 31920
2026/09/25 21:25:05.725, 1, 264.28, 43, 2820, 16051, 31348
2026/09/25 21:25:05.975, 0, 279.64, 46, 2857, 16051, 31920
2026/09/25 21:25:05.975, 1, 264.28, 43, 2820, 16051, 31348
2026/09/25 21:25:06.225, 0, 279.64, 42, 2857, 16051, 31920
2026/09/25 21:25:06.225, 1, 264.28, 48, 2820, 16051, 31348
2026/09/25 21:25:06.475, 0, 279.64, 42, 2857, 16051, 31920
2026/09/25 21:25:06.475, 1, 264.28, 48, 2820, 16051, 31348
2026/09/25 21:25:06.725, 0, 283.66, 43, 2857, 16051, 31920
2026/09/25 21:25:06.725, 1, 266.18, 41, 2820, 16051, 31348
2026/09/25 21:25:06.975, 0, 283.66, 43, 2857, 16051, 31920
2026/09/25 21:25:06.976, 1, 266.18, 41, 2820, 16051, 31348
2026/09/25 21:25:07.226, 0, 283.66, 39, 2857, 16051, 31920
2026/09/25 21:25:07.226, 1, 266.18, 41, 2820, 16051, 31348
2026/09/25 21:25:07.476, 0, 283.66, 39, 2857, 16051, 31920
2026/09/25 21:25:07.476, 1, 266.18, 41, 2820, 16051, 31348
2026/09/25 21:25:07.726, 0, 283.97, 38, 2857, 16051, 31920
2026/09/25 21:25:07.726, 1, 266.02, 45, 2820, 16051, 31348
2026/09/25 21:25:07.976, 0, 283.97, 38, 2857, 16051, 31920
2026/09/25 21:25:07.976, 1, 266.02, 45, 2820, 16051, 31348
2026/09/25 21:25:08.226, 0, 283.97, 41, 2857, 16051, 31920
2026/09/25 21:25:08.226, 1, 266.02, 39, 2820, 16051, 31348
2026/09/25 21:25:08.476, 0, 283.97, 41, 2857, 16051, 31920
2026/09/25 21:25:08.477, 1, 266.02, 39, 2820, 16051, 31348
2026/09/25 21:25:08.727, 0, 277.18, 40, 2865, 16051, 31920
2026/09/25 21:25:08.727, 1, 258.47, 42, 2827, 16051, 31348
2026/09/25 21:25:08.977, 0, 277.18, 40, 2865, 16051, 31920
2026/09/25 21:25:08.977, 1, 258.47, 42, 2827, 16051, 31348
2026/09/25 21:25:09.227, 0, 277.18, 42, 2865, 16051, 31920
2026/09/25 21:25:09.227, 1, 258.47, 44, 2827, 16051, 31348
2026/09/25 21:25:09.477, 0, 277.18, 42, 2865, 16051, 31920
2026/09/25 21:25:09.477, 1, 258.47, 44, 2827, 16051, 31348
2026/09/25 21:25:09.727, 0, 269.08, 48, 2895, 16051, 31920
2026/09/25 21:25:09.727, 1, 245.82, 45, 2857, 16051, 31348
2026/09/25 21:25:09.978, 0, 269.08, 48, 2895, 16051, 31920
2026/09/25 21:25:09.978, 1, 245.82, 45, 2857, 16051, 31348
2026/09/25 21:25:10.228, 0, 236.11, 48, 2895, 16051, 31920
2026/09/25 21:25:10.228, 1, 215.71, 51, 2857, 16051, 31348
2026/09/25 21:25:10.478, 0, 236.11, 48, 2895, 16051, 31920
2026/09/25 21:25:10.478, 1, 215.71, 51, 2857, 16051, 31348
2026/09/25 21:25:10.728, 0, 236.11, 44, 2895, 16051, 31920
2026/09/25 21:25:10.728, 1, 215.71, 49, 2857, 16051, 31348
2026/09/25 21:25:10.978, 0, 236.11, 44, 2895, 16051, 31920
2026/09/25 21:25:10.978, 1, 215.71, 49, 2857, 16051, 31348
2026/09/25 21:25:11.228, 0, 236.11, 44, 2895, 16051, 31920
2026/09/25 21:25:11.229, 1, 215.71, 46, 2857, 16051, 31348
2026/09/25 21:25:11.479, 0, 236.11, 44, 2895, 16051, 31920
2026/09/25 21:25:11.479, 1, 215.71, 46, 2857, 16051, 31348
2026/09/25 21:25:11.729, 0, 282.75, 45, 2857, 16051, 31920
2026/09/25 21:25:11.729, 1, 269.66, 45, 2827, 16051, 31348
2026/09/25 21:25:11.979, 0, 282.75, 45, 2857, 16051, 31920
2026/09/25 21:25:11.979, 1, 269.66, 45, 2827, 16051, 31348
2026/09/25 21:25:12.229, 0, 282.75, 42, 2857, 16051, 31920
2026/09/25 21:25:12.229, 1, 269.66, 48, 2827, 16051, 31348
2026/09/25 21:25:12.479, 0, 282.75, 42, 2857, 16051, 31920
2026/09/25 21:25:12.479, 1, 269.66, 48, 2827, 16051, 31348
2026/09/25 21:25:12.729, 0, 284.67, 43, 2857, 16051, 31920
2026/09/25 21:25:12.730, 1, 270.04, 44, 2827, 16051, 31348
2026/09/25 21:25:12.980, 0, 284.67, 43, 2857, 16051, 31920
2026/09/25 21:25:12.980, 1, 270.04, 44, 2827, 16051, 31348
2026/09/25 21:25:13.230, 0, 284.67, 45, 2857, 16051, 31920
2026/09/25 21:25:13.230, 1, 270.04, 45, 2827, 16051, 31348
2026/09/25 21:25:13.480, 0, 284.67, 45, 2857, 16051, 31920
2026/09/25 21:25:13.480, 1, 270.04, 45, 2827, 16051, 31348
2026/09/25 21:25:13.730, 0, 286.61, 42, 2857, 16051, 31920
2026/09/25 21:25:13.730, 1, 271.56, 48, 2820, 16051, 31348
2026/09/25 21:25:13.980, 0, 286.61, 42, 2857, 16051, 31920
2026/09/25 21:25:13.980, 1, 271.56, 48, 2820, 16051, 31348
2026/09/25 21:25:14.230, 0, 286.61, 46, 2857, 16051, 31920
2026/09/25 21:25:14.231, 1, 271.56, 44, 2820, 16051, 31348
2026/09/25 21:25:14.481, 0, 286.61, 46, 2857, 16051, 31920
2026/09/25 21:25:14.481, 1, 271.56, 44, 2820, 16051, 31348
2026/09/25 21:25:14.731, 0, 287.56, 40, 2857, 16051, 31920
2026/09/25 21:25:14.731, 1, 270.06, 47, 2820, 16051, 31348
2026/09/25 21:25:14.981, 0, 287.56, 40, 2857, 16051, 31920
2026/09/25 21:25:14.981, 1, 270.06, 47, 2820, 16051, 31348
2026/09/25 21:25:15.231, 0, 287.56, 43, 2857, 16051, 31920
2026/09/25 21:25:15.231, 1, 270.06, 41, 2820, 16051, 31348
2026/09/25 21:25:15.481, 0, 287.56, 43, 2857, 16051, 31920
2026/09/25 21:25:15.481, 1, 270.06, 41, 2820, 16051, 31348
2026/09/25 21:25:15.731, 0, 288.59, 46, 2857, 16051, 31920
2026/09/25 21:25:15.732, 1, 270.53, 43, 2820, 16051, 31348
2026/09/25 21:25:15.982, 0, 288.59, 46, 2857, 16051, 31920
2026/09/25 21:25:15.982, 1, 270.53, 43, 2820, 16051, 31348
2026/09/25 21:25:16.232, 0, 288.59, 44, 2857, 16051, 31920
2026/09/25 21:25:16.232, 1, 270.53, 49, 2820, 16051, 31348
2026/09/25 21:25:16.482, 0, 288.59, 44, 2857, 16051, 31920
2026/09/25 21:25:16.482, 1, 270.53, 49, 2820, 16051, 31348
2026/09/25 21:25:16.732, 0, 288.09, 43, 2865, 16051, 31920
2026/09/25 21:25:16.732, 1, 270.81, 48, 2820, 16051, 31348
2026/09/25 21:25:16.982, 0, 288.09, 43, 2865, 16051, 31920
2026/09/25 21:25:16.982, 1, 270.81, 48, 2820, 16051, 31348
2026/09/25 21:25:17.232, 0, 288.09, 41, 2865, 16051, 31920
2026/09/25 21:25:17.233, 1, 270.81, 47, 2820, 16051, 31348
2026/09/25 21:25:17.483, 0, 288.09, 41, 2865, 16051, 31920
2026/09/25 21:25:17.483, 1, 270.81, 47, 2820, 16051, 31348
2026/09/25 21:25:17.733, 0, 289.31, 42, 2857, 16051, 31920
2026/09/25 21:25:17.733, 1, 269.72, 41, 2820, 16051, 31348
2026/09/25 21:25:17.983, 0, 289.31, 42, 2857, 16051, 31920
2026/09/25 21:25:17.983, 1, 269.72, 41, 2820, 16051, 31348
2026/09/25 21:25:18.233, 0, 289.31, 46, 2857, 16051, 31920
2026/09/25 21:25:18.233, 1, 269.72, 43, 2820, 16051, 31348
2026/09/25 21:25:18.483, 0, 289.31, 46, 2857, 16051, 31920
2026/09/25 21:25:18.483, 1, 269.72, 43, 2820, 16051, 31348
2026/09/25 21:25:18.734, 0, 289.66, 44, 2857, 16051, 31920
2026/09/25 21:25:18.734, 1, 269.85, 48, 2820, 16051, 31348
2026/09/25 21:25:18.984, 0, 289.66, 44, 2857, 16051, 31920
2026/09/25 21:25:18.984, 1, 269.85, 48, 2820, 16051, 31348
2026/09/25 21:25:19.234, 0, 289.66, 44, 2857, 16051, 31920
2026/09/25 21:25:19.234, 1, 269.85, 41, 2820, 16051, 31348
2026/09/25 21:25:19.484, 0, 289.66, 44, 2857, 16051, 31920
2026/09/25 21:25:19.484, 1, 269.85, 41, 2820, 16051, 31348
2026/09/25 21:25:19.734, 0, 286.19, 45, 2865, 16051, 31920
2026/09/25 21:25:19.734, 1, 266.55, 48, 2827, 16051, 31348
2026/09/25 21:25:19.984, 0, 286.19, 45, 2865, 16051, 31922
2026/09/25 21:25:19.984, 1, 266.55, 48, 2827, 16051, 31348
2026/09/25 21:25:20.234, 0, 259.21, 44, 2895, 16051, 31922
2026/09/25 21:25:20.235, 1, 236.68, 40, 2857, 16051, 31350
2026/09/25 21:25:20.485, 0, 259.21, 44, 2895, 16051, 31922
2026/09/25 21:25:20.485, 1, 236.68, 40, 2857, 16051, 31350
2026/09/25 21:25:20.735, 0, 259.21, 41, 2895, 16051, 31922
2026/09/25 21:25:20.735, 1, 236.68, 46, 2857, 16051, 31350
2026/09/25 21:25:20.985, 0, 259.21, 41, 2895, 16051, 31922
2026/09/25 21:25:20.985, 1, 236.68, 46, 2857, 16051, 31350
2026/09/25 21:25:21.235, 0, 220.13, 35, 2895, 16051, 31922
2026/09/25 21:25:21.235, 1, 198.20, 32, 2857, 16051, 31350
2026/09/25 21:25:21.486, 0, 220.13, 35, 2895, 16051, 31922
2026/09/25 21:25:21.486, 1, 198.20, 32, 2857, 16051, 31350
2026/09/25 21:25:21.736, 0, 220.13, 23, 2895, 16051, 31938
2026/09/25 21:25:21.736, 1, 198.20, 47, 2857, 16051, 31362
2026/09/25 21:25:21.986, 0, 220.13, 23, 2895, 16051, 31938
2026/09/25 21:25:21.986, 1, 198.20, 47, 2857, 16051, 31362
2026/09/25 21:25:22.236, 0, 220.13, 38, 2895, 16051, 31938
2026/09/25 21:25:22.236, 1, 198.20, 47, 2857, 16051, 31362
2026/09/25 21:25:22.486, 0, 220.13, 38, 2895, 16051, 31938
2026/09/25 21:25:22.486, 1, 198.20, 47, 2857, 16051, 31362
2026/09/25 21:25:22.736, 0, 276.80, 45, 2865, 16051, 31938
2026/09/25 21:25:22.737, 1, 272.93, 47, 2827, 16051, 31362
2026/09/25 21:25:22.987, 0, 276.80, 45, 2865, 16051, 31938
2026/09/25 21:25:22.987, 1, 272.93, 47, 2827, 16051, 31362
2026/09/25 21:25:23.237, 0, 276.80, 43, 2865, 16051, 31938
2026/09/25 21:25:23.237, 1, 272.93, 41, 2827, 16051, 31362
2026/09/25 21:25:23.487, 0, 276.80, 43, 2865, 16051, 31938
2026/09/25 21:25:23.487, 1, 272.93, 41, 2827, 16051, 31362
2026/09/25 21:25:23.737, 0, 280.04, 46, 2857, 16051, 31938
2026/09/25 21:25:23.737, 1, 262.30, 49, 2827, 16051, 31362
2026/09/25 21:25:23.987, 0, 280.04, 46, 2857, 16051, 31938
2026/09/25 21:25:23.987, 1, 262.30, 49, 2827, 16051, 31362
2026/09/25 21:25:24.238, 0, 280.04, 40, 2857, 16051, 31938
2026/09/25 21:25:24.238, 1, 262.30, 41, 2827, 16051, 31362
2026/09/25 21:25:24.488, 0, 280.04, 40, 2857, 16051, 31938
2026/09/25 21:25:24.488, 1, 262.30, 41, 2827, 16051, 31362
2026/09/25 21:25:24.738, 0, 280.30, 40, 2857, 16051, 31938
2026/09/25 21:25:24.738, 1, 263.57, 42, 2827, 16051, 31362
2026/09/25 21:25:24.988, 0, 280.30, 40, 2857, 16051, 31938
2026/09/25 21:25:24.988, 1, 263.57, 42, 2827, 16051, 31362
2026/09/25 21:25:25.238, 0, 280.30, 48, 2857, 16051, 31938
2026/09/25 21:25:25.238, 1, 263.57, 43, 2827, 16051, 31362
2026/09/25 21:25:25.488, 0, 280.30, 48, 2857, 16051, 31938
2026/09/25 21:25:25.489, 1, 263.57, 43, 2827, 16051, 31362
2026/09/25 21:25:25.739, 0, 283.30, 47, 2857, 16051, 31938
2026/09/25 21:25:25.739, 1, 264.40, 43, 2820, 16051, 31362
2026/09/25 21:25:25.989, 0, 283.30, 47, 2857, 16051, 31938
2026/09/25 21:25:25.989, 1, 264.40, 43, 2820, 16051, 31362
2026/09/25 21:25:26.239, 0, 283.30, 40, 2857, 16051, 31938
2026/09/25 21:25:26.239, 1, 264.40, 43, 2820, 16051, 31362
2026/09/25 21:25:26.489, 0, 283.30, 40, 2857, 16051, 31938
2026/09/25 21:25:26.489, 1, 264.40, 43, 2820, 16051, 31362
2026/09/25 21:25:26.739, 0, 285.31, 46, 2857, 16051, 31938
2026/09/25 21:25:26.739, 1, 265.87, 43, 2820, 16051, 31362
2026/09/25 21:25:26.990, 0, 285.31, 46, 2857, 16051, 31938
2026/09/25 21:25:26.990, 1, 265.87, 43, 2820, 16051, 31362
2026/09/25 21:25:27.240, 0, 285.31, 40, 2857, 16051, 31938
2026/09/25 21:25:27.240, 1, 265.87, 43, 2820, 16051, 31362
2026/09/25 21:25:27.490, 0, 285.31, 40, 2857, 16051, 31938
2026/09/25 21:25:27.490, 1, 265.87, 43, 2820, 16051, 31362
2026/09/25 21:25:27.740, 0, 288.33, 46, 2857, 16051, 31938
2026/09/25 21:25:27.740, 1, 266.57, 47, 2827, 16051, 31362
2026/09/25 21:25:27.990, 0, 288.33, 46, 2857, 16051, 31938
2026/09/25 21:25:27.990, 1, 266.57, 47, 2827, 16051, 31362
2026/09/25 21:25:28.240, 0, 288.33, 40, 2857, 16051, 31938
2026/09/25 21:25:28.240, 1, 266.57, 44, 2827, 16051, 31362
2026/09/25 21:25:28.491, 0, 288.33, 40, 2857, 16051, 31938
2026/09/25 21:25:28.491, 1, 266.57, 44, 2827, 16051, 31362
2026/09/25 21:25:28.741, 0, 288.03, 42, 2857, 16051, 31938
2026/09/25 21:25:28.741, 1, 269.24, 44, 2820, 16051, 31362
2026/09/25 21:25:28.991, 0, 288.03, 42, 2857, 16051, 31938
2026/09/25 21:25:28.991, 1, 269.24, 44, 2820, 16051, 31362
2026/09/25 21:25:29.241, 0, 288.03, 43, 2857, 16051, 31938
2026/09/25 21:25:29.241, 1, 269.24, 42, 2820, 16051, 31362
2026/09/25 21:25:29.491, 0, 288.03, 43, 2857, 16051, 31938
2026/09/25 21:25:29.491, 1, 269.24, 42, 2820, 16051, 31362
2026/09/25 21:25:29.741, 0, 288.33, 43, 2857, 16051, 31938
2026/09/25 21:25:29.741, 1, 269.62, 42, 2820, 16051, 31362
2026/09/25 21:25:29.992, 0, 288.33, 43, 2857, 16051, 31938
2026/09/25 21:25:29.992, 1, 269.62, 42, 2820, 16051, 31362
2026/09/25 21:25:30.242, 0, 288.33, 45, 2857, 16051, 31938
2026/09/25 21:25:30.242, 1, 269.62, 42, 2820, 16051, 31362
2026/09/25 21:25:30.492, 0, 288.33, 45, 2857, 16051, 31938
2026/09/25 21:25:30.492, 1, 269.62, 42, 2820, 16051, 31362
2026/09/25 21:25:30.742, 0, 286.85, 45, 2857, 16051, 31938
2026/09/25 21:25:30.742, 1, 267.23, 44, 2820, 16051, 31362
2026/09/25 21:25:30.992, 0, 286.85, 45, 2857, 16051, 31938
2026/09/25 21:25:30.992, 1, 267.23, 44, 2820, 16051, 31362
2026/09/25 21:25:31.242, 0, 286.85, 45, 2857, 16051, 31938
2026/09/25 21:25:31.243, 1, 267.23, 46, 2820, 16051, 31362
2026/09/25 21:25:31.493, 0, 286.85, 45, 2857, 16051, 31938
2026/09/25 21:25:31.493, 1, 267.23, 46, 2820, 16051, 31362
2026/09/25 21:25:31.743, 0, 288.45, 46, 2857, 16051, 31938
2026/09/25 21:25:31.743, 1, 268.46, 46, 2827, 16051, 31362
2026/09/25 21:25:31.993, 0, 288.45, 46, 2857, 16051, 31938
2026/09/25 21:25:31.993, 1, 268.46, 46, 2827, 16051, 31362
2026/09/25 21:25:32.243, 0, 266.69, 48, 2895, 16051, 31938
2026/09/25 21:25:32.243, 1, 246.67, 43, 2857, 16051, 31362
2026/09/25 21:25:32.493, 0, 266.69, 48, 2895, 16051, 31938
2026/09/25 21:25:32.493, 1, 246.67, 43, 2857, 16051, 31362
2026/09/25 21:25:32.744, 0, 237.59, 34, 2895, 16051, 31938
2026/09/25 21:25:32.744, 1, 215.66, 43, 2857, 16051, 31364
2026/09/25 21:25:32.994, 0, 237.59, 34, 2895, 16051, 31938
2026/09/25 21:25:32.994, 1, 215.66, 43, 2857, 16051, 31364
2026/09/25 21:25:33.244, 0, 237.59, 34, 2895, 16051, 31938
2026/09/25 21:25:33.244, 1, 215.66, 43, 2857, 16051, 31364
2026/09/25 21:25:33.494, 0, 237.59, 34, 2895, 16051, 31938
2026/09/25 21:25:33.494, 1, 215.66, 43, 2857, 16051, 31364
2026/09/25 21:25:33.744, 0, 272.23, 39, 2857, 16051, 31938
2026/09/25 21:25:33.744, 1, 262.06, 45, 2820, 16051, 31364
2026/09/25 21:25:33.995, 0, 272.23, 39, 2857, 16051, 31938
2026/09/25 21:25:33.995, 1, 262.06, 45, 2820, 16051, 31364
2026/09/25 21:25:34.245, 0, 272.23, 46, 2857, 16051, 31938
2026/09/25 21:25:34.245, 1, 262.06, 47, 2820, 16051, 31364
2026/09/25 21:25:34.495, 0, 272.23, 46, 2857, 16051, 31938
2026/09/25 21:25:34.495, 1, 262.06, 47, 2820, 16051, 31364
2026/09/25 21:25:34.745, 0, 282.93, 42, 2857, 16051, 31938
2026/09/25 21:25:34.745, 1, 263.17, 43, 2827, 16051, 31364
2026/09/25 21:25:34.995, 0, 282.93, 42, 2857, 16051, 31938
2026/09/25 21:25:34.995, 1, 263.17, 43, 2827, 16051, 31364
2026/09/25 21:25:35.245, 0, 282.93, 41, 2857, 16051, 31938
2026/09/25 21:25:35.245, 1, 263.17, 42, 2827, 16051, 31364
2026/09/25 21:25:35.496, 0, 282.93, 41, 2857, 16051, 31938
2026/09/25 21:25:35.496, 1, 263.17, 42, 2827, 16051, 31364
2026/09/25 21:25:35.746, 0, 282.66, 46, 2857, 16051, 31938
2026/09/25 21:25:35.746, 1, 263.99, 50, 2827, 16051, 31364
2026/09/25 21:25:35.996, 0, 282.66, 46, 2857, 16051, 31938
2026/09/25 21:25:35.996, 1, 263.99, 50, 2827, 16051, 31364
2026/09/25 21:25:36.246, 0, 282.66, 43, 2857, 16051, 31938
2026/09/25 21:25:36.246, 1, 263.99, 49, 2827, 16051, 31364
2026/09/25 21:25:36.496, 0, 282.66, 43, 2857, 16051, 31938
2026/09/25 21:25:36.496, 1, 263.99, 49, 2827, 16051, 31364
2026/09/25 21:25:36.746, 0, 283.53, 48, 2850, 16051, 31938
2026/09/25 21:25:36.746, 1, 264.42, 47, 2827, 16051, 31364
2026/09/25 21:25:36.996, 0, 283.53, 48, 2850, 16051, 31938
2026/09/25 21:25:36.997, 1, 264.42, 47, 2827, 16051, 31364
2026/09/25 21:25:37.247, 0, 283.53, 40, 2850, 16051, 31938
2026/09/25 21:25:37.247, 1, 264.42, 46, 2827, 16051, 31364
2026/09/25 21:25:37.497, 0, 283.53, 40, 2850, 16051, 31938
2026/09/25 21:25:37.497, 1, 264.42, 46, 2827, 16051, 31364
2026/09/25 21:25:37.747, 0, 286.98, 43, 2857, 16051, 31938
2026/09/25 21:25:37.747, 1, 266.26, 49, 2827, 16051, 31364
2026/09/25 21:25:37.997, 0, 286.98, 43, 2857, 16051, 31938
2026/09/25 21:25:37.997, 1, 266.26, 49, 2827, 16051, 31364
2026/09/25 21:25:38.248, 0, 286.98, 40, 2857, 16051, 31938
2026/09/25 21:25:38.248, 1, 266.26, 45, 2827, 16051, 31364
2026/09/25 21:25:38.498, 0, 286.98, 40, 2857, 16051, 31938
2026/09/25 21:25:38.498, 1, 266.26, 45, 2827, 16051, 31364
2026/09/25 21:25:38.748, 0, 285.77, 42, 2857, 16051, 31938
2026/09/25 21:25:38.748, 1, 265.52, 41, 2827, 16051, 31364
2026/09/25 21:25:38.998, 0, 285.77, 42, 2857, 16051, 31938
2026/09/25 21:25:38.998, 1, 265.52, 41, 2827, 16051, 31364
2026/09/25 21:25:39.248, 0, 285.77, 47, 2857, 16051, 31938
2026/09/25 21:25:39.248, 1, 265.52, 42, 2827, 16051, 31364
2026/09/25 21:25:39.498, 0, 285.77, 47, 2857, 16051, 31938
2026/09/25 21:25:39.498, 1, 265.52, 42, 2827, 16051, 31364
2026/09/25 21:25:39.749, 0, 288.51, 41, 2857, 16051, 31938
2026/09/25 21:25:39.749, 1, 271.43, 47, 2827, 16051, 31364
2026/09/25 21:25:39.999, 0, 288.51, 41, 2857, 16051, 31938
2026/09/25 21:25:39.999, 1, 271.43, 47, 2827, 16051, 31364
2026/09/25 21:25:40.249, 0, 288.51, 41, 2857, 16051, 31938
2026/09/25 21:25:40.249, 1, 271.43, 42, 2827, 16051, 31364
2026/09/25 21:25:40.499, 0, 288.51, 41, 2857, 16051, 31938
2026/09/25 21:25:40.499, 1, 271.43, 42, 2827, 16051, 31364
2026/09/25 21:25:40.749, 0, 289.91, 42, 2857, 16051, 31938
2026/09/25 21:25:40.749, 1, 270.03, 48, 2827, 16051, 31364
2026/09/25 21:25:40.999, 0, 289.91, 42, 2857, 16051, 31938
2026/09/25 21:25:41.000, 1, 270.03, 48, 2827, 16051, 31364
2026/09/25 21:25:41.250, 0, 289.91, 40, 2857, 16051, 31938
2026/09/25 21:25:41.250, 1, 270.03, 43, 2827, 16051, 31364
2026/09/25 21:25:41.500, 0, 289.91, 40, 2857, 16051, 31938
2026/09/25 21:25:41.500, 1, 270.03, 43, 2827, 16051, 31364
2026/09/25 21:25:41.750, 0, 288.23, 47, 2857, 16051, 31938
2026/09/25 21:25:41.750, 1, 267.41, 45, 2827, 16051, 31364
2026/09/25 21:25:42.000, 0, 288.23, 47, 2857, 16051, 31938
2026/09/25 21:25:42.000, 1, 267.41, 45, 2827, 16051, 31364
2026/09/25 21:25:42.250, 0, 288.23, 41, 2857, 16051, 31938
2026/09/25 21:25:42.251, 1, 267.41, 46, 2827, 16051, 31364
2026/09/25 21:25:42.501, 0, 288.23, 41, 2857, 16051, 31938
2026/09/25 21:25:42.501, 1, 267.41, 46, 2827, 16051, 31364
2026/09/25 21:25:42.751, 0, 289.58, 42, 2857, 16051, 31938
2026/09/25 21:25:42.751, 1, 265.90, 47, 2827, 16051, 31364
2026/09/25 21:25:43.001, 0, 289.58, 42, 2857, 16051, 31938
2026/09/25 21:25:43.001, 1, 265.90, 47, 2827, 16051, 31364
2026/09/25 21:25:43.251, 0, 289.58, 40, 2857, 16051, 31938
2026/09/25 21:25:43.251, 1, 265.90, 47, 2827, 16051, 31364
2026/09/25 21:25:43.501, 0, 289.58, 40, 2857, 16051, 31938
2026/09/25 21:25:43.502, 1, 265.90, 47, 2827, 16051, 31364
2026/09/25 21:25:43.752, 0, 260.52, 51, 2895, 16051, 31938
2026/09/25 21:25:43.752, 1, 232.89, 31, 2857, 16051, 31364
2026/09/25 21:25:44.002, 0, 260.52, 51, 2895, 16051, 31938
2026/09/25 21:25:44.002, 1, 232.89, 31, 2857, 16051, 31364
2026/09/25 21:25:44.252, 0, 232.86, 56, 2895, 16051, 31938
2026/09/25 21:25:44.252, 1, 203.71, 33, 2857, 16051, 31364
2026/09/25 21:25:44.502, 0, 232.86, 56, 2895, 16051, 31938
2026/09/25 21:25:44.502, 1, 203.71, 33, 2857, 16051, 31364
2026/09/25 21:25:44.753, 0, 232.86, 44, 2895, 16051, 31938
2026/09/25 21:25:44.753, 1, 203.71, 41, 2857, 16051, 31364
2026/09/25 21:25:45.003, 0, 232.86, 44, 2895, 16051, 31938
2026/09/25 21:25:45.003, 1, 203.71, 41, 2857, 16051, 31364
2026/09/25 21:25:45.253, 0, 232.86, 39, 2895, 16051, 31938
2026/09/25 21:25:45.253, 1, 203.71, 46, 2857, 16051, 31364
2026/09/25 21:25:45.503, 0, 232.86, 39, 2895, 16051, 31938
2026/09/25 21:25:45.503, 1, 203.71, 46, 2857, 16051, 31364
2026/09/25 21:25:45.753, 0, 288.06, 47, 2857, 16051, 31938
2026/09/25 21:25:45.753, 1, 270.60, 46, 2827, 16051, 31364
2026/09/25 21:25:46.003, 0, 288.06, 47, 2857, 16051, 31938
2026/09/25 21:25:46.003, 1, 270.60, 46, 2827, 16051, 31364
2026/09/25 21:25:46.253, 0, 288.06, 46, 2857, 16051, 31938
2026/09/25 21:25:46.254, 1, 270.60, 48, 2827, 16051, 31364
2026/09/25 21:25:46.504, 0, 288.06, 46, 2857, 16051, 31938
2026/09/25 21:25:46.504, 1, 270.60, 48, 2827, 16051, 31364
2026/09/25 21:25:46.754, 0, 287.50, 48, 2857, 16051, 31938
2026/09/25 21:25:46.754, 1, 269.79, 44, 2820, 16051, 31364
2026/09/25 21:25:47.004, 0, 287.50, 48, 2857, 16051, 31938
2026/09/25 21:25:47.004, 1, 269.79, 44, 2820, 16051, 31364
2026/09/25 21:25:47.254, 0, 287.50, 43, 2857, 16051, 31938
2026/09/25 21:25:47.254, 1, 269.79, 49, 2820, 16051, 31364
2026/09/25 21:25:47.504, 0, 287.50, 43, 2857, 16051, 31938
2026/09/25 21:25:47.504, 1, 269.79, 49, 2820, 16051, 31364
2026/09/25 21:25:47.754, 0, 288.18, 40, 2857, 16051, 31938
2026/09/25 21:25:47.755, 1, 270.68, 43, 2820, 16051, 31364
2026/09/25 21:25:48.005, 0, 288.18, 40, 2857, 16051, 31938
2026/09/25 21:25:48.005, 1, 270.68, 43, 2820, 16051, 31364
2026/09/25 21:25:48.255, 0, 288.18, 45, 2857, 16051, 31938
2026/09/25 21:25:48.255, 1, 270.68, 41, 2820, 16051, 31364
2026/09/25 21:25:48.505, 0, 288.18, 45, 2857, 16051, 31938
2026/09/25 21:25:48.505, 1, 270.68, 41, 2820, 16051, 31364
2026/09/25 21:25:48.755, 0, 288.61, 45, 2857, 16051, 31938
2026/09/25 21:25:48.755, 1, 270.74, 41, 2820, 16051, 31364
2026/09/25 21:25:49.005, 0, 288.61, 45, 2857, 16051, 31938
2026/09/25 21:25:49.005, 1, 270.74, 41, 2820, 16051, 31364
2026/09/25 21:25:49.255, 0, 288.61, 37, 2857, 16051, 31938
2026/09/25 21:25:49.256, 1, 270.74, 43, 2820, 16051, 31364
2026/09/25 21:25:49.506, 0, 288.61, 37, 2857, 16051, 31938
2026/09/25 21:25:49.506, 1, 270.74, 43, 2820, 16051, 31364
2026/09/25 21:25:49.756, 0, 284.19, 46, 2857, 16051, 31938
2026/09/25 21:25:49.756, 1, 263.45, 42, 2827, 16051, 31364
2026/09/25 21:25:50.006, 0, 284.19, 46, 2857, 16051, 31938
2026/09/25 21:25:50.006, 1, 263.45, 42, 2827, 16051, 31364
2026/09/25 21:25:50.256, 0, 284.19, 40, 2857, 16051, 31938
2026/09/25 21:25:50.256, 1, 263.45, 40, 2827, 16051, 31364
2026/09/25 21:25:50.506, 0, 284.19, 40, 2857, 16051, 31938
2026/09/25 21:25:50.506, 1, 263.45, 40, 2827, 16051, 31364
2026/09/25 21:25:50.756, 0, 286.29, 41, 2857, 16051, 31938
2026/09/25 21:25:50.757, 1, 265.99, 44, 2827, 16051, 31364
2026/09/25 21:25:51.007, 0, 286.29, 41, 2857, 16051, 31938
2026/09/25 21:25:51.007, 1, 265.99, 44, 2827, 16051, 31364
2026/09/25 21:25:51.257, 0, 286.29, 41, 2857, 16051, 31938
2026/09/25 21:25:51.257, 1, 265.99, 43, 2827, 16051, 31364
2026/09/25 21:25:51.507, 0, 286.29, 41, 2857, 16051, 31938
2026/09/25 21:25:51.507, 1, 265.99, 43, 2827, 16051, 31364
2026/09/25 21:25:51.757, 0, 287.86, 41, 2857, 16051, 31938
2026/09/25 21:25:51.757, 1, 268.46, 41, 2827, 16051, 31364
2026/09/25 21:25:52.007, 0, 287.86, 41, 2857, 16051, 31938
2026/09/25 21:25:52.007, 1, 268.46, 41, 2827, 16051, 31364
2026/09/25 21:25:52.258, 0, 287.86, 41, 2857, 16051, 31938
2026/09/25 21:25:52.258, 1, 268.46, 38, 2827, 16051, 31364
2026/09/25 21:25:52.508, 0, 287.86, 41, 2857, 16051, 31938
2026/09/25 21:25:52.508, 1, 268.46, 38, 2827, 16051, 31364
2026/09/25 21:25:52.758, 0, 285.74, 41, 2857, 16051, 31938
2026/09/25 21:25:52.758, 1, 263.84, 39, 2827, 16051, 31364
2026/09/25 21:25:53.008, 0, 285.74, 41, 2857, 16051, 31938
2026/09/25 21:25:53.008, 1, 263.84, 39, 2827, 16051, 31364
2026/09/25 21:25:53.258, 0, 285.74, 39, 2857, 16051, 31938
2026/09/25 21:25:53.258, 1, 263.84, 41, 2827, 16051, 31364
2026/09/25 21:25:53.508, 0, 285.74, 39, 2857, 16051, 31938
2026/09/25 21:25:53.508, 1, 263.84, 41, 2827, 16051, 31364
2026/09/25 21:25:53.759, 0, 279.87, 45, 2857, 16051, 31938
2026/09/25 21:25:53.759, 1, 265.32, 43, 2820, 16051, 31364
2026/09/25 21:25:54.009, 0, 279.87, 45, 2857, 16051, 31938
2026/09/25 21:25:54.009, 1, 265.32, 43, 2820, 16051, 31364
2026/09/25 21:25:54.259, 0, 279.87, 47, 2857, 16051, 31938
2026/09/25 21:25:54.259, 1, 265.32, 47, 2820, 16051, 31364
2026/09/25 21:25:54.509, 0, 279.87, 47, 2857, 16051, 31938
2026/09/25 21:25:54.509, 1, 265.32, 47, 2820, 16051, 31364
2026/09/25 21:25:54.759, 0, 272.58, 50, 2887, 16051, 31938
2026/09/25 21:25:54.759, 1, 246.46, 45, 2857, 16051, 31364
2026/09/25 21:25:55.010, 0, 272.58, 50, 2887, 16051, 31938
2026/09/25 21:25:55.010, 1, 246.46, 45, 2857, 16051, 31364
2026/09/25 21:25:55.260, 0, 244.65, 53, 2895, 16051, 31938
2026/09/25 21:25:55.260, 1, 221.40, 30, 2857, 16051, 31364
2026/09/25 21:25:55.510, 0, 244.65, 53, 2895, 16051, 31938
2026/09/25 21:25:55.510, 1, 221.40, 30, 2857, 16051, 31364
2026/09/25 21:25:55.760, 0, 244.65, 45, 2895, 16051, 31938
2026/09/25 21:25:55.760, 1, 221.40, 44, 2857, 16051, 31364
2026/09/25 21:25:56.010, 0, 244.65, 45, 2895, 16051, 31938
2026/09/25 21:25:56.010, 1, 221.40, 44, 2857, 16051, 31364
2026/09/25 21:25:56.260, 0, 244.65, 40, 2895, 16051, 31938
2026/09/25 21:25:56.261, 1, 221.40, 48, 2857, 16051, 31364
2026/09/25 21:25:56.511, 0, 244.65, 40, 2895, 16051, 31938
2026/09/25 21:25:56.511, 1, 221.40, 48, 2857, 16051, 31364
2026/09/25 21:25:56.761, 0, 284.35, 43, 2865, 16051, 31938
2026/09/25 21:25:56.761, 1, 273.83, 41, 2827, 16051, 31364
2026/09/25 21:25:57.011, 0, 284.35, 43, 2865, 16051, 31938
2026/09/25 21:25:57.011, 1, 273.83, 41, 2827, 16051, 31364
2026/09/25 21:25:57.261, 0, 284.35, 47, 2865, 16051, 31938
2026/09/25 21:25:57.261, 1, 273.83, 46, 2827, 16051, 31364
2026/09/25 21:25:57.511, 0, 284.35, 47, 2865, 16051, 31938
2026/09/25 21:25:57.511, 1, 273.83, 46, 2827, 16051, 31364
2026/09/25 21:25:57.761, 0, 287.74, 48, 2857, 16051, 31938
2026/09/25 21:25:57.761, 1, 270.36, 46, 2827, 16051, 31364
2026/09/25 21:25:58.012, 0, 287.74, 48, 2857, 16051, 31938
2026/09/25 21:25:58.012, 1, 270.36, 46, 2827, 16051, 31364
2026/09/25 21:25:58.262, 0, 287.74, 41, 2857, 16051, 31938
2026/09/25 21:25:58.262, 1, 270.36, 42, 2827, 16051, 31364
2026/09/25 21:25:58.512, 0, 287.74, 41, 2857, 16051, 31938
2026/09/25 21:25:58.512, 1, 270.36, 42, 2827, 16051, 31364
2026/09/25 21:25:58.762, 0, 290.41, 47, 2857, 16051, 31938
2026/09/25 21:25:58.762, 1, 271.56, 46, 2820, 16051, 31364
2026/09/25 21:25:59.012, 0, 290.41, 47, 2857, 16051, 31938
2026/09/25 21:25:59.012, 1, 271.56, 46, 2820, 16051, 31364
2026/09/25 21:25:59.262, 0, 290.41, 46, 2857, 16051, 31938
2026/09/25 21:25:59.263, 1, 271.56, 47, 2820, 16051, 31364
2026/09/25 21:25:59.513, 0, 290.41, 46, 2857, 16051, 31938
2026/09/25 21:25:59.513, 1, 271.56, 47, 2820, 16051, 31364
2026/09/25 21:25:59.763, 0, 289.49, 46, 2857, 16051, 31938
2026/09/25 21:25:59.763, 1, 269.77, 48, 2820, 16051, 31364
2026/09/25 21:26:00.013, 0, 289.49, 46, 2857, 16051, 31938
2026/09/25 21:26:00.013, 1, 269.77, 48, 2820, 16051, 31364
2026/09/25 21:26:00.263, 0, 289.49, 43, 2857, 16051, 31938
2026/09/25 21:26:00.263, 1, 269.77, 48, 2820, 16051, 31364
2026/09/25 21:26:00.513, 0, 289.49, 43, 2857, 16051, 31938
2026/09/25 21:26:00.513, 1, 269.77, 48, 2820, 16051, 31364
2026/09/25 21:26:00.764, 0, 288.62, 47, 2857, 16051, 31938
2026/09/25 21:26:00.764, 1, 272.45, 42, 2820, 16051, 31364
2026/09/25 21:26:01.014, 0, 288.62, 47, 2857, 16051, 31938
2026/09/25 21:26:01.014, 1, 272.45, 42, 2820, 16051, 31364
2026/09/25 21:26:01.264, 0, 288.62, 41, 2857, 16051, 31938
2026/09/25 21:26:01.264, 1, 272.45, 42, 2820, 16051, 31364
2026/09/25 21:26:01.514, 0, 288.62, 41, 2857, 16051, 31938
2026/09/25 21:26:01.514, 1, 272.45, 42, 2820, 16051, 31364
2026/09/25 21:26:01.764, 0, 291.89, 41, 2857, 16051, 31938
2026/09/25 21:26:01.764, 1, 271.28, 46, 2820, 16051, 31364
2026/09/25 21:26:02.015, 0, 291.89, 41, 2857, 16051, 31938
2026/09/25 21:26:02.015, 1, 271.28, 46, 2820, 16051, 31364
2026/09/25 21:26:02.265, 0, 291.89, 44, 2857, 16051, 31938
2026/09/25 21:26:02.265, 1, 271.28, 48, 2820, 16051, 31364
2026/09/25 21:26:02.515, 0, 291.89, 44, 2857, 16051, 31938
2026/09/25 21:26:02.515, 1, 271.28, 48, 2820, 16051, 31364
2026/09/25 21:26:02.765, 0, 292.36, 42, 2857, 16051, 31938
2026/09/25 21:26:02.765, 1, 276.40, 46, 2820, 16051, 31364
2026/09/25 21:26:03.015, 0, 292.36, 42, 2857, 16051, 31938
2026/09/25 21:26:03.015, 1, 276.40, 46, 2820, 16051, 31364
2026/09/25 21:26:03.265, 0, 292.36, 43, 2857, 16051, 31938
2026/09/25 21:26:03.265, 1, 276.40, 48, 2820, 16051, 31364
2026/09/25 21:26:03.515, 0, 292.36, 43, 2857, 16051, 31938
2026/09/25 21:26:03.516, 1, 276.40, 48, 2820, 16051, 31364
2026/09/25 21:26:03.766, 0, 293.21, 42, 2857, 16051, 31938
2026/09/25 21:26:03.766, 1, 272.80, 43, 2820, 16051, 31364
2026/09/25 21:26:04.016, 0, 293.21, 42, 2857, 16051, 31938
2026/09/25 21:26:04.016, 1, 272.80, 43, 2820, 16051, 31364
2026/09/25 21:26:04.266, 0, 293.21, 40, 2857, 16051, 31938
2026/09/25 21:26:04.266, 1, 272.80, 46, 2820, 16051, 31364
2026/09/25 21:26:04.516, 0, 293.21, 40, 2857, 16051, 31938
2026/09/25 21:26:04.516, 1, 272.80, 46, 2820, 16051, 31364
2026/09/25 21:26:04.766, 0, 291.44, 47, 2857, 16051, 31938
2026/09/25 21:26:04.766, 1, 270.67, 47, 2820, 16051, 31364
2026/09/25 21:26:05.016, 0, 291.44, 47, 2857, 16051, 31938
2026/09/25 21:26:05.017, 1, 270.67, 47, 2820, 16051, 31364
2026/09/25 21:26:05.267, 0, 291.44, 47, 2857, 16051, 31938
2026/09/25 21:26:05.267, 1, 270.67, 46, 2820, 16051, 31364
2026/09/25 21:26:05.517, 0, 291.44, 47, 2857, 16051, 31938
2026/09/25 21:26:05.517, 1, 270.67, 46, 2820, 16051, 31364
2026/09/25 21:26:05.767, 0, 275.36, 30, 2880, 16051, 31938
2026/09/25 21:26:05.767, 1, 250.54, 8, 2850, 16051, 31366
2026/09/25 21:26:06.017, 0, 275.36, 30, 2880, 16051, 31938
2026/09/25 21:26:06.017, 1, 250.54, 8, 2850, 16051, 31366
2026/09/25 21:26:06.267, 0, 275.36, 39, 2880, 16051, 31938
2026/09/25 21:26:06.267, 1, 250.54, 46, 2850, 16051, 31366
2026/09/25 21:26:06.518, 0, 275.36, 39, 2880, 16051, 31938
2026/09/25 21:26:06.518, 1, 250.54, 46, 2850, 16051, 31366
2026/09/25 21:26:06.768, 0, 225.46, 39, 2880, 16051, 31938
2026/09/25 21:26:06.768, 1, 221.71, 48, 2842, 16051, 31366
2026/09/25 21:26:07.018, 0, 225.46, 39, 2880, 16051, 31938
2026/09/25 21:26:07.018, 1, 221.71, 48, 2842, 16051, 31366
2026/09/25 21:26:07.268, 0, 225.46, 40, 2880, 16051, 31938
2026/09/25 21:26:07.268, 1, 221.71, 47, 2842, 16051, 31366
2026/09/25 21:26:07.518, 0, 225.46, 40, 2880, 16051, 31938
2026/09/25 21:26:07.518, 1, 221.71, 47, 2842, 16051, 31366
2026/09/25 21:26:07.768, 0, 234.18, 39, 2880, 16051, 31938
2026/09/25 21:26:07.768, 1, 238.61, 45, 2850, 16051, 31366
2026/09/25 21:26:08.019, 0, 234.18, 39, 2880, 16051, 31938
2026/09/25 21:26:08.019, 1, 238.61, 45, 2850, 16051, 31366
2026/09/25 21:26:08.269, 0, 234.18, 40, 2880, 16051, 31938
2026/09/25 21:26:08.269, 1, 238.61, 46, 2850, 16051, 31366
2026/09/25 21:26:08.519, 0, 234.18, 40, 2880, 16051, 31938
2026/09/25 21:26:08.519, 1, 238.61, 46, 2850, 16051, 31366
2026/09/25 21:26:08.769, 0, 231.69, 41, 2880, 16051, 31938
2026/09/25 21:26:08.769, 1, 237.46, 46, 2850, 16051, 31366
2026/09/25 21:26:09.019, 0, 231.69, 41, 2880, 16051, 31938
2026/09/25 21:26:09.019, 1, 237.46, 46, 2850, 16051, 31366
2026/09/25 21:26:09.269, 0, 231.69, 40, 2880, 16051, 31938
2026/09/25 21:26:09.269, 1, 237.46, 45, 2850, 16051, 31366
2026/09/25 21:26:09.519, 0, 231.69, 40, 2880, 16051, 31938
2026/09/25 21:26:09.519, 1, 237.46, 45, 2850, 16051, 31366
2026/09/25 21:26:09.770, 0, 236.42, 42, 2880, 16051, 31938
2026/09/25 21:26:09.770, 1, 239.30, 46, 2842, 16051, 31366
2026/09/25 21:26:10.020, 0, 236.42, 42, 2880, 16051, 31938
2026/09/25 21:26:10.020, 1, 239.30, 46, 2842, 16051, 31366
2026/09/25 21:26:10.270, 0, 236.42, 45, 2880, 16051, 31938
2026/09/25 21:26:10.270, 1, 239.30, 49, 2842, 16051, 31366
2026/09/25 21:26:10.520, 0, 236.42, 45, 2880, 16051, 31938
2026/09/25 21:26:10.520, 1, 239.30, 49, 2842, 16051, 31366
2026/09/25 21:26:10.770, 0, 232.81, 42, 2880, 16051, 31938
2026/09/25 21:26:10.770, 1, 236.00, 48, 2842, 16051, 31366
2026/09/25 21:26:11.020, 0, 232.81, 42, 2880, 16051, 31938
2026/09/25 21:26:11.020, 1, 236.00, 48, 2842, 16051, 31366
2026/09/25 21:26:11.270, 0, 232.81, 42, 2880, 16051, 31938
2026/09/25 21:26:11.271, 1, 236.00, 49, 2842, 16051, 31366
2026/09/25 21:26:11.521, 0, 232.81, 42, 2880, 16051, 31938
2026/09/25 21:26:11.521, 1, 236.00, 49, 2842, 16051, 31366
2026/09/25 21:26:11.771, 0, 238.76, 41, 2880, 16051, 31938
2026/09/25 21:26:11.771, 1, 243.79, 48, 2842, 16051, 31366
2026/09/25 21:26:12.021, 0, 238.76, 41, 2880, 16051, 31938
2026/09/25 21:26:12.021, 1, 243.79, 48, 2842, 16051, 31366
2026/09/25 21:26:12.271, 0, 238.76, 42, 2880, 16051, 31938
2026/09/25 21:26:12.271, 1, 243.79, 50, 2842, 16051, 31366
2026/09/25 21:26:12.521, 0, 238.76, 42, 2880, 16051, 31938
2026/09/25 21:26:12.521, 1, 243.79, 50, 2842, 16051, 31366
2026/09/25 21:26:12.771, 0, 236.09, 41, 2880, 16051, 31938
2026/09/25 21:26:12.771, 1, 241.99, 47, 2842, 16051, 31366
2026/09/25 21:26:13.022, 0, 236.09, 41, 2880, 16051, 31938
2026/09/25 21:26:13.022, 1, 241.99, 47, 2842, 16051, 31366
2026/09/25 21:26:13.272, 0, 236.09, 42, 2880, 16051, 31938
2026/09/25 21:26:13.272, 1, 241.99, 49, 2842, 16051, 31366
2026/09/25 21:26:13.522, 0, 236.09, 42, 2880, 16051, 31938
2026/09/25 21:26:13.522, 1, 241.99, 49, 2842, 16051, 31366
2026/09/25 21:26:13.772, 0, 240.14, 42, 2880, 16051, 31938
2026/09/25 21:26:13.772, 1, 243.56, 47, 2850, 16051, 31366
2026/09/25 21:26:14.022, 0, 240.14, 42, 2880, 16051, 31938
2026/09/25 21:26:14.022, 1, 243.56, 47, 2850, 16051, 31366
2026/09/25 21:26:14.272, 0, 240.14, 41, 2880, 16051, 31938
2026/09/25 21:26:14.272, 1, 243.56, 48, 2850, 16051, 31366
2026/09/25 21:26:14.522, 0, 240.14, 41, 2880, 16051, 31938
2026/09/25 21:26:14.523, 1, 243.56, 48, 2850, 16051, 31366
2026/09/25 21:26:14.773, 0, 235.12, 41, 2880, 16051, 31938
2026/09/25 21:26:14.773, 1, 239.61, 47, 2842, 16051, 31366
2026/09/25 21:26:15.023, 0, 235.12, 41, 2880, 16051, 31938
2026/09/25 21:26:15.023, 1, 239.61, 47, 2842, 16051, 31366
2026/09/25 21:26:15.273, 0, 235.12, 42, 2880, 16051, 31938
2026/09/25 21:26:15.273, 1, 239.61, 49, 2842, 16051, 31366
2026/09/25 21:26:15.523, 0, 235.12, 42, 2880, 16051, 31938
2026/09/25 21:26:15.523, 1, 239.61, 49, 2842, 16051, 31366
2026/09/25 21:26:15.773, 0, 237.73, 44, 2880, 16051, 31938
2026/09/25 21:26:15.773, 1, 242.70, 50, 2842, 16051, 31366
2026/09/25 21:26:16.023, 0, 237.73, 44, 2880, 16051, 31938
2026/09/25 21:26:16.023, 1, 242.70, 50, 2842, 16051, 31366
2026/09/25 21:26:16.274, 0, 237.73, 40, 2880, 16051, 31938
2026/09/25 21:26:16.274, 1, 242.70, 48, 2842, 16051, 31366
2026/09/25 21:26:16.524, 0, 237.73, 40, 2880, 16051, 31938
2026/09/25 21:26:16.524, 1, 242.70, 48, 2842, 16051, 31366
2026/09/25 21:26:16.774, 0, 236.12, 40, 2880, 16051, 31938
2026/09/25 21:26:16.774, 1, 242.20, 46, 2850, 16051, 31366
2026/09/25 21:26:17.024, 0, 236.12, 40, 2880, 16051, 31938
2026/09/25 21:26:17.024, 1, 242.20, 46, 2850, 16051, 31366
2026/09/25 21:26:17.274, 0, 236.12, 43, 2880, 16051, 31938
2026/09/25 21:26:17.274, 1, 242.20, 50, 2850, 16051, 31366
2026/09/25 21:26:17.524, 0, 236.12, 43, 2880, 16051, 31938
2026/09/25 21:26:17.524, 1, 242.20, 50, 2850, 16051, 31366
2026/09/25 21:26:17.774, 0, 238.90, 43, 2880, 16051, 31938
2026/09/25 21:26:17.775, 1, 243.03, 50, 2842, 16051, 31366
2026/09/25 21:26:18.025, 0, 238.90, 43, 2880, 16051, 31938
2026/09/25 21:26:18.025, 1, 243.03, 50, 2842, 16051, 31366
2026/09/25 21:26:18.275, 0, 238.90, 40, 2880, 16051, 31938
2026/09/25 21:26:18.275, 1, 243.03, 47, 2842, 16051, 31366
2026/09/25 21:26:18.525, 0, 238.90, 40, 2880, 16051, 31938
2026/09/25 21:26:18.525, 1, 243.03, 47, 2842, 16051, 31366
2026/09/25 21:26:18.775, 0, 234.63, 42, 2887, 16051, 31938
2026/09/25 21:26:18.775, 1, 238.64, 48, 2850, 16051, 31366
2026/09/25 21:26:19.025, 0, 234.63, 42, 2887, 16051, 31938
2026/09/25 21:26:19.025, 1, 238.64, 48, 2850, 16051, 31366
2026/09/25 21:26:19.276, 0, 234.63, 40, 2887, 16051, 31938
2026/09/25 21:26:19.276, 1, 238.64, 46, 2850, 16051, 31366
2026/09/25 21:26:19.526, 0, 234.63, 40, 2887, 16051, 31938
2026/09/25 21:26:19.526, 1, 238.64, 46, 2850, 16051, 31366
2026/09/25 21:26:19.776, 0, 237.07, 41, 2880, 16051, 31938
2026/09/25 21:26:19.776, 1, 243.18, 47, 2842, 16051, 31366
2026/09/25 21:26:20.026, 0, 237.07, 41, 2880, 16051, 31938
2026/09/25 21:26:20.026, 1, 243.18, 47, 2842, 16051, 31366
2026/09/25 21:26:20.276, 0, 237.07, 43, 2880, 16051, 31938
2026/09/25 21:26:20.276, 1, 243.18, 50, 2842, 16051, 31366
2026/09/25 21:26:20.526, 0, 237.07, 43, 2880, 16051, 31938
2026/09/25 21:26:20.526, 1, 243.18, 50, 2842, 16051, 31366
2026/09/25 21:26:20.777, 0, 237.30, 42, 2880, 16051, 31938
2026/09/25 21:26:20.777, 1, 243.09, 49, 2842, 16051, 31366
2026/09/25 21:26:21.027, 0, 237.30, 42, 2880, 16051, 31938
2026/09/25 21:26:21.027, 1, 243.09, 49, 2842, 16051, 31366
2026/09/25 21:26:21.277, 0, 237.30, 43, 2880, 16051, 31938
2026/09/25 21:26:21.277, 1, 243.09, 49, 2842, 16051, 31366
2026/09/25 21:26:21.527, 0, 237.30, 43, 2880, 16051, 31938
2026/09/25 21:26:21.527, 1, 243.09, 49, 2842, 16051, 31366
2026/09/25 21:26:21.777, 0, 238.33, 45, 2880, 16051, 31938
2026/09/25 21:26:21.777, 1, 242.97, 50, 2842, 16051, 31366
2026/09/25 21:26:22.027, 0, 238.33, 45, 2880, 16051, 31938
2026/09/25 21:26:22.028, 1, 242.97, 50, 2842, 16051, 31366
2026/09/25 21:26:22.278, 0, 238.33, 43, 2880, 16051, 31938
2026/09/25 21:26:22.278, 1, 242.97, 49, 2842, 16051, 31366
2026/09/25 21:26:22.528, 0, 238.33, 43, 2880, 16051, 31938
2026/09/25 21:26:22.528, 1, 242.97, 49, 2842, 16051, 31366
2026/09/25 21:26:22.778, 0, 238.70, 45, 2887, 16051, 31938
2026/09/25 21:26:22.778, 1, 236.82, 34, 2850, 16051, 31366
2026/09/25 21:26:23.028, 0, 238.70, 45, 2887, 16051, 31938
2026/09/25 21:26:23.028, 1, 236.82, 34, 2850, 16051, 31366
2026/09/25 21:26:23.278, 0, 238.70, 35, 2887, 16051, 31938
2026/09/25 21:26:23.278, 1, 236.82, 43, 2850, 16051, 31366
2026/09/25 21:26:23.529, 0, 238.70, 35, 2887, 16051, 31938
2026/09/25 21:26:23.529, 1, 236.82, 43, 2850, 16051, 31366
2026/09/25 21:26:23.779, 0, 233.39, 40, 2872, 16051, 31938
2026/09/25 21:26:23.779, 1, 225.25, 45, 2835, 16051, 31366
2026/09/25 21:26:24.029, 0, 233.39, 40, 2872, 16051, 31938
2026/09/25 21:26:24.029, 1, 225.25, 45, 2835, 16051, 31366
2026/09/25 21:26:24.279, 0, 233.39, 41, 2872, 16051, 31938
2026/09/25 21:26:24.279, 1, 225.25, 45, 2835, 16051, 31366
2026/09/25 21:26:24.529, 0, 233.39, 41, 2872, 16051, 31938
2026/09/25 21:26:24.529, 1, 225.25, 45, 2835, 16051, 31366
2026/09/25 21:26:24.779, 0, 253.98, 41, 2872, 16051, 31938
2026/09/25 21:26:24.780, 1, 248.76, 45, 2835, 16051, 31366
2026/09/25 21:26:25.030, 0, 253.98, 41, 2872, 16051, 31938
2026/09/25 21:26:25.030, 1, 248.76, 45, 2835, 16051, 31366
2026/09/25 21:26:25.280, 0, 253.98, 40, 2872, 16051, 31938
2026/09/25 21:26:25.280, 1, 248.76, 44, 2835, 16051, 31366
2026/09/25 21:26:25.530, 0, 253.98, 40, 2872, 16051, 31938
2026/09/25 21:26:25.530, 1, 248.76, 44, 2835, 16051, 31366
2026/09/25 21:26:25.780, 0, 256.89, 41, 2872, 16051, 31938
2026/09/25 21:26:25.780, 1, 251.24, 45, 2842, 16051, 31366
2026/09/25 21:26:26.030, 0, 256.89, 41, 2872, 16051, 31938
2026/09/25 21:26:26.030, 1, 251.24, 45, 2842, 16051, 31366
2026/09/25 21:26:26.280, 0, 256.89, 40, 2872, 16051, 31938
2026/09/25 21:26:26.281, 1, 251.24, 45, 2842, 16051, 31366
2026/09/25 21:26:26.531, 0, 256.89, 40, 2872, 16051, 31938
2026/09/25 21:26:26.531, 1, 251.24, 45, 2842, 16051, 31366
2026/09/25 21:26:26.781, 0, 257.91, 42, 2872, 16051, 31938
2026/09/25 21:26:26.781, 1, 252.59, 46, 2835, 16051, 31366
2026/09/25 21:26:27.031, 0, 257.91, 42, 2872, 16051, 31938
2026/09/25 21:26:27.031, 1, 252.59, 46, 2835, 16051, 31366
2026/09/25 21:26:27.281, 0, 257.91, 41, 2872, 16051, 31938
2026/09/25 21:26:27.281, 1, 252.59, 43, 2835, 16051, 31366
2026/09/25 21:26:27.531, 0, 257.91, 41, 2872, 16051, 31938
2026/09/25 21:26:27.531, 1, 252.59, 43, 2835, 16051, 31366
2026/09/25 21:26:27.782, 0, 258.27, 42, 2872, 16051, 31938
2026/09/25 21:26:27.782, 1, 253.25, 45, 2835, 16051, 31366
2026/09/25 21:26:28.032, 0, 258.27, 42, 2872, 16051, 31938
2026/09/25 21:26:28.032, 1, 253.25, 45, 2835, 16051, 31366
2026/09/25 21:26:28.282, 0, 251.14, 46, 2895, 16051, 31938
2026/09/25 21:26:28.282, 1, 241.49, 58, 2857, 16051, 31366
2026/09/25 21:26:28.532, 0, 251.14, 46, 2895, 16051, 31938
2026/09/25 21:26:28.532, 1, 241.49, 58, 2857, 16051, 31366
2026/09/25 21:26:28.782, 0, 251.14, 43, 2895, 16051, 31938
2026/09/25 21:26:28.782, 1, 241.49, 46, 2857, 16051, 31366
2026/09/25 21:26:29.032, 0, 251.14, 43, 2895, 16051, 31938
2026/09/25 21:26:29.032, 1, 241.49, 46, 2857, 16051, 31366
2026/09/25 21:26:29.283, 0, 251.14, 41, 2895, 16051, 31938
2026/09/25 21:26:29.283, 1, 241.49, 49, 2857, 16051, 31366
2026/09/25 21:26:29.533, 0, 251.14, 41, 2895, 16051, 31938
2026/09/25 21:26:29.533, 1, 241.49, 49, 2857, 16051, 31366
2026/09/25 21:26:29.783, 0, 260.38, 42, 2872, 16051, 31938
2026/09/25 21:26:29.783, 1, 254.51, 49, 2835, 16051, 31366
2026/09/25 21:26:30.033, 0, 260.38, 42, 2872, 16051, 31938
2026/09/25 21:26:30.033, 1, 254.51, 49, 2835, 16051, 31366
2026/09/25 21:26:30.283, 0, 260.38, 42, 2872, 16051, 31938
2026/09/25 21:26:30.283, 1, 254.51, 47, 2835, 16051, 31366
2026/09/25 21:26:30.533, 0, 260.38, 42, 2872, 16051, 31938
2026/09/25 21:26:30.533, 1, 254.51, 47, 2835, 16051, 31366
2026/09/25 21:26:30.784, 0, 261.58, 44, 2872, 16051, 31938
2026/09/25 21:26:30.784, 1, 257.36, 47, 2835, 16051, 31366
2026/09/25 21:26:31.034, 0, 261.58, 44, 2872, 16051, 31938
2026/09/25 21:26:31.034, 1, 257.36, 47, 2835, 16051, 31366
2026/09/25 21:26:31.284, 0, 261.58, 43, 2872, 16051, 31938
2026/09/25 21:26:31.284, 1, 257.36, 47, 2835, 16051, 31366
2026/09/25 21:26:31.534, 0, 261.58, 43, 2872, 16051, 31938
2026/09/25 21:26:31.534, 1, 257.36, 47, 2835, 16051, 31366
2026/09/25 21:26:31.784, 0, 262.12, 45, 2872, 16051, 31938
2026/09/25 21:26:31.784, 1, 259.38, 46, 2835, 16051, 31366
2026/09/25 21:26:32.034, 0, 262.12, 45, 2872, 16051, 31938
2026/09/25 21:26:32.035, 1, 259.38, 46, 2835, 16051, 31366
2026/09/25 21:26:32.285, 0, 262.12, 42, 2872, 16051, 31938
2026/09/25 21:26:32.285, 1, 259.38, 46, 2835, 16051, 31366
2026/09/25 21:26:32.535, 0, 262.12, 42, 2872, 16051, 31938
2026/09/25 21:26:32.535, 1, 259.38, 46, 2835, 16051, 31366
2026/09/25 21:26:32.785, 0, 263.99, 41, 2872, 16051, 31938
2026/09/25 21:26:32.785, 1, 258.73, 50, 2835, 16051, 31366
2026/09/25 21:26:33.035, 0, 263.99, 41, 2872, 16051, 31938
2026/09/25 21:26:33.035, 1, 258.73, 50, 2835, 16051, 31366
2026/09/25 21:26:33.285, 0, 263.99, 35, 2872, 16051, 31938
2026/09/25 21:26:33.286, 1, 258.73, 64, 2835, 16051, 31366
2026/09/25 21:26:33.536, 0, 263.99, 35, 2872, 16051, 31938
2026/09/25 21:26:33.536, 1, 258.73, 64, 2835, 16051, 31366
2026/09/25 21:26:33.786, 0, 248.96, 45, 2872, 16051, 31938
2026/09/25 21:26:33.786, 1, 244.04, 46, 2835, 16051, 31366
2026/09/25 21:26:34.036, 0, 248.96, 45, 2872, 16051, 31938
2026/09/25 21:26:34.036, 1, 244.04, 46, 2835, 16051, 31366
2026/09/25 21:26:34.286, 0, 248.96, 43, 2872, 16051, 31938
2026/09/25 21:26:34.286, 1, 244.04, 46, 2835, 16051, 31366
2026/09/25 21:26:34.536, 0, 248.96, 43, 2872, 16051, 31938
2026/09/25 21:26:34.536, 1, 244.04, 46, 2835, 16051, 31366
2026/09/25 21:26:34.786, 0, 257.62, 44, 2872, 16051, 31938
2026/09/25 21:26:34.786, 1, 253.93, 45, 2835, 16051, 31366
2026/09/25 21:26:35.037, 0, 257.62, 44, 2872, 16051, 31938
2026/09/25 21:26:35.037, 1, 253.93, 45, 2835, 16051, 31366
2026/09/25 21:26:35.287, 0, 257.62, 43, 2872, 16051, 31938
2026/09/25 21:26:35.287, 1, 253.93, 46, 2835, 16051, 31366
2026/09/25 21:26:35.537, 0, 257.62, 43, 2872, 16051, 31938
2026/09/25 21:26:35.537, 1, 253.93, 46, 2835, 16051, 31366
2026/09/25 21:26:35.787, 0, 261.49, 43, 2872, 16051, 31938
2026/09/25 21:26:35.787, 1, 256.39, 47, 2835, 16051, 31366
2026/09/25 21:26:36.037, 0, 261.49, 43, 2872, 16051, 31938
2026/09/25 21:26:36.037, 1, 256.39, 47, 2835, 16051, 31366
2026/09/25 21:26:36.287, 0, 261.49, 40, 2872, 16051, 31938
2026/09/25 21:26:36.287, 1, 256.39, 49, 2835, 16051, 31366
2026/09/25 21:26:36.537, 0, 261.49, 40, 2872, 16051, 31938
2026/09/25 21:26:36.537, 1, 256.39, 49, 2835, 16051, 31366
2026/09/25 21:26:36.788, 0, 262.80, 42, 2872, 16051, 31938
2026/09/25 21:26:36.788, 1, 258.08, 49, 2835, 16051, 31366
2026/09/25 21:26:37.038, 0, 262.80, 42, 2872, 16051, 31938
2026/09/25 21:26:37.038, 1, 258.08, 49, 2835, 16051, 31366
2026/09/25 21:26:37.288, 0, 262.80, 41, 2872, 16051, 31938
2026/09/25 21:26:37.288, 1, 258.08, 46, 2835, 16051, 31366
2026/09/25 21:26:37.538, 0, 262.80, 41, 2872, 16051, 31938
2026/09/25 21:26:37.538, 1, 258.08, 46, 2835, 16051, 31366
2026/09/25 21:26:37.788, 0, 264.24, 42, 2872, 16051, 31938
2026/09/25 21:26:37.788, 1, 258.09, 48, 2835, 16051, 31366
2026/09/25 21:26:38.038, 0, 264.24, 42, 2872, 16051, 31938
2026/09/25 21:26:38.038, 1, 258.09, 48, 2835, 16051, 31366
2026/09/25 21:26:38.288, 0, 264.24, 27, 2872, 16051, 31938
2026/09/25 21:26:38.289, 1, 258.09, 58, 2835, 16051, 31366
2026/09/25 21:26:38.539, 0, 264.24, 27, 2872, 16051, 31938
2026/09/25 21:26:38.539, 1, 258.09, 58, 2835, 16051, 31366
2026/09/25 21:26:38.789, 0, 246.07, 44, 2872, 16051, 31938
2026/09/25 21:26:38.789, 1, 243.33, 46, 2835, 16051, 31366
2026/09/25 21:26:39.039, 0, 246.07, 44, 2872, 16051, 31938
2026/09/25 21:26:39.039, 1, 243.33, 46, 2835, 16051, 31366
2026/09/25 21:26:39.289, 0, 246.07, 43, 2872, 16051, 31938
2026/09/25 21:26:39.289, 1, 243.33, 46, 2835, 16051, 31366
2026/09/25 21:26:39.539, 0, 246.07, 43, 2872, 16051, 31938
2026/09/25 21:26:39.539, 1, 243.33, 46, 2835, 16051, 31366
2026/09/25 21:26:39.789, 0, 259.46, 44, 2872, 16051, 31938
2026/09/25 21:26:39.789, 1, 254.63, 46, 2835, 16051, 31366
2026/09/25 21:26:40.040, 0, 259.46, 44, 2872, 16051, 31938
2026/09/25 21:26:40.040, 1, 254.63, 46, 2835, 16051, 31366
2026/09/25 21:26:40.290, 0, 259.46, 42, 2872, 16051, 31938
2026/09/25 21:26:40.290, 1, 254.63, 46, 2835, 16051, 31366
2026/09/25 21:26:40.540, 0, 259.46, 42, 2872, 16051, 31938
2026/09/25 21:26:40.540, 1, 254.63, 46, 2835, 16051, 31366
2026/09/25 21:26:40.790, 0, 261.75, 42, 2872, 16051, 31938
2026/09/25 21:26:40.790, 1, 256.30, 48, 2835, 16051, 31366
2026/09/25 21:26:41.040, 0, 261.75, 42, 2872, 16051, 31938
2026/09/25 21:26:41.040, 1, 256.30, 48, 2835, 16051, 31366
2026/09/25 21:26:41.290, 0, 261.75, 40, 2872, 16051, 31938
2026/09/25 21:26:41.290, 1, 256.30, 48, 2835, 16051, 31366
2026/09/25 21:26:41.541, 0, 261.75, 40, 2872, 16051, 31938
2026/09/25 21:26:41.541, 1, 256.30, 48, 2835, 16051, 31366
2026/09/25 21:26:41.791, 0, 263.47, 42, 2872, 16051, 31938
2026/09/25 21:26:41.791, 1, 259.09, 48, 2835, 16051, 31366
2026/09/25 21:26:42.041, 0, 263.47, 42, 2872, 16051, 31938
2026/09/25 21:26:42.041, 1, 259.09, 48, 2835, 16051, 31366
2026/09/25 21:26:42.291, 0, 263.47, 41, 2872, 16051, 31938
2026/09/25 21:26:42.291, 1, 259.09, 46, 2835, 16051, 31366
2026/09/25 21:26:42.541, 0, 263.47, 41, 2872, 16051, 31938
2026/09/25 21:26:42.541, 1, 259.09, 46, 2835, 16051, 31366
2026/09/25 21:26:42.791, 0, 262.36, 43, 2872, 16051, 31938
2026/09/25 21:26:42.792, 1, 258.70, 48, 2835, 16051, 31366
2026/09/25 21:26:43.042, 0, 262.36, 43, 2872, 16051, 31938
2026/09/25 21:26:43.042, 1, 258.70, 48, 2835, 16051, 31366
2026/09/25 21:26:43.292, 0, 262.36, 43, 2872, 16051, 31938
2026/09/25 21:26:43.292, 1, 258.70, 46, 2835, 16051, 31366
2026/09/25 21:26:43.542, 0, 262.36, 43, 2872, 16051, 31938
2026/09/25 21:26:43.542, 1, 258.70, 46, 2835, 16051, 31366
2026/09/25 21:26:43.792, 0, 237.99, 43, 2887, 16051, 31938
2026/09/25 21:26:43.792, 1, 220.73, 49, 2842, 16051, 31366
2026/09/25 21:26:44.042, 0, 237.99, 43, 2887, 16051, 31938
2026/09/25 21:26:44.043, 1, 220.73, 49, 2842, 16051, 31366
2026/09/25 21:26:44.293, 0, 237.99, 42, 2887, 16051, 31938
2026/09/25 21:26:44.293, 1, 220.73, 45, 2842, 16051, 31366
2026/09/25 21:26:44.543, 0, 237.99, 42, 2887, 16051, 31938
2026/09/25 21:26:44.543, 1, 220.73, 45, 2842, 16051, 31366
2026/09/25 21:26:44.793, 0, 261.21, 42, 2872, 16051, 31938
2026/09/25 21:26:44.793, 1, 253.61, 46, 2835, 16051, 31366
2026/09/25 21:26:45.043, 0, 261.21, 42, 2872, 16051, 31938
2026/09/25 21:26:45.043, 1, 253.61, 46, 2835, 16051, 31366
2026/09/25 21:26:45.293, 0, 261.21, 42, 2872, 16051, 31938
2026/09/25 21:26:45.293, 1, 253.61, 45, 2835, 16051, 31366
2026/09/25 21:26:45.543, 0, 261.21, 42, 2872, 16051, 31938
2026/09/25 21:26:45.544, 1, 253.61, 45, 2835, 16051, 31366
2026/09/25 21:26:45.794, 0, 269.12, 43, 2872, 16051, 31938
2026/09/25 21:26:45.794, 1, 256.22, 46, 2835, 16051, 31366
2026/09/25 21:26:46.044, 0, 269.12, 43, 2872, 16051, 31938
2026/09/25 21:26:46.044, 1, 256.22, 46, 2835, 16051, 31366
2026/09/25 21:26:46.294, 0, 269.12, 42, 2872, 16051, 31938
2026/09/25 21:26:46.294, 1, 256.22, 43, 2835, 16051, 31366
2026/09/25 21:26:46.544, 0, 269.12, 42, 2872, 16051, 31938
2026/09/25 21:26:46.544, 1, 256.22, 43, 2835, 16051, 31366
2026/09/25 21:26:46.794, 0, 268.90, 44, 2872, 16051, 31938
2026/09/25 21:26:46.794, 1, 258.65, 47, 2835, 16051, 31366
2026/09/25 21:26:47.045, 0, 268.90, 44, 2872, 16051, 31938
2026/09/25 21:26:47.045, 1, 258.65, 47, 2835, 16051, 31366
2026/09/25 21:26:47.295, 0, 268.90, 42, 2872, 16051, 31938
2026/09/25 21:26:47.295, 1, 258.65, 46, 2835, 16051, 31366
2026/09/25 21:26:47.545, 0, 268.90, 42, 2872, 16051, 31938
2026/09/25 21:26:47.545, 1, 258.65, 46, 2835, 16051, 31366
2026/09/25 21:26:47.795, 0, 271.14, 43, 2872, 16051, 31938
2026/09/25 21:26:47.795, 1, 261.09, 46, 2835, 16051, 31366
2026/09/25 21:26:48.045, 0, 271.14, 43, 2872, 16051, 31938
2026/09/25 21:26:48.045, 1, 261.09, 46, 2835, 16051, 31366
2026/09/25 21:26:48.295, 0, 271.14, 43, 2872, 16051, 31938
2026/09/25 21:26:48.295, 1, 261.09, 47, 2835, 16051, 31366
2026/09/25 21:26:48.545, 0, 271.14, 43, 2872, 16051, 31938
2026/09/25 21:26:48.546, 1, 261.09, 47, 2835, 16051, 31366
2026/09/25 21:26:48.796, 0, 273.62, 43, 2865, 16051, 31938
2026/09/25 21:26:48.796, 1, 263.48, 47, 2827, 16051, 31366
2026/09/25 21:26:49.046, 0, 273.62, 43, 2865, 16051, 31938
2026/09/25 21:26:49.046, 1, 263.48, 47, 2827, 16051, 31366
2026/09/25 21:26:49.296, 0, 273.62, 40, 2865, 16051, 31938
2026/09/25 21:26:49.296, 1, 263.48, 45, 2827, 16051, 31366
2026/09/25 21:26:49.546, 0, 273.62, 40, 2865, 16051, 31938
2026/09/25 21:26:49.546, 1, 263.48, 45, 2827, 16051, 31366
2026/09/25 21:26:49.796, 0, 274.33, 44, 2872, 16051, 31938
2026/09/25 21:26:49.796, 1, 262.85, 46, 2835, 16051, 31366
2026/09/25 21:26:50.046, 0, 274.33, 44, 2872, 16051, 31938
2026/09/25 21:26:50.047, 1, 262.85, 46, 2835, 16051, 31366
2026/09/25 21:26:50.297, 0, 259.83, 40, 2895, 16051, 31938
2026/09/25 21:26:50.297, 1, 240.40, 35, 2857, 16051, 31366
2026/09/25 21:26:50.547, 0, 259.83, 40, 2895, 16051, 31938
2026/09/25 21:26:50.547, 1, 240.40, 35, 2857, 16051, 31366
2026/09/25 21:26:50.797, 0, 259.83, 42, 2895, 16051, 31938
2026/09/25 21:26:50.797, 1, 240.40, 46, 2857, 16051, 31366
2026/09/25 21:26:51.047, 0, 259.83, 42, 2895, 16051, 31938
2026/09/25 21:26:51.047, 1, 240.40, 46, 2857, 16051, 31366
2026/09/25 21:26:51.297, 0, 259.83, 42, 2895, 16051, 31938
2026/09/25 21:26:51.297, 1, 240.40, 46, 2857, 16051, 31366
2026/09/25 21:26:51.548, 0, 259.83, 42, 2895, 16051, 31938
2026/09/25 21:26:51.548, 1, 240.40, 46, 2857, 16051, 31366
2026/09/25 21:26:51.798, 0, 272.60, 43, 2872, 16051, 31938
2026/09/25 21:26:51.798, 1, 261.95, 47, 2835, 16051, 31366
2026/09/25 21:26:52.048, 0, 272.60, 43, 2872, 16051, 31938
2026/09/25 21:26:52.048, 1, 261.95, 47, 2835, 16051, 31366
2026/09/25 21:26:52.298, 0, 272.60, 42, 2872, 16051, 31938
2026/09/25 21:26:52.298, 1, 261.95, 45, 2835, 16051, 31366
2026/09/25 21:26:52.548, 0, 272.60, 42, 2872, 16051, 31938
2026/09/25 21:26:52.548, 1, 261.95, 45, 2835, 16051, 31366
2026/09/25 21:26:52.798, 0, 274.28, 43, 2865, 16051, 31938
2026/09/25 21:26:52.798, 1, 263.15, 46, 2827, 16051, 31366
2026/09/25 21:26:53.049, 0, 274.28, 43, 2865, 16051, 31938
2026/09/25 21:26:53.049, 1, 263.15, 46, 2827, 16051, 31366
2026/09/25 21:26:53.299, 0, 274.28, 44, 2865, 16051, 31938
2026/09/25 21:26:53.299, 1, 263.15, 46, 2827, 16051, 31366
2026/09/25 21:26:53.549, 0, 274.28, 44, 2865, 16051, 31938
2026/09/25 21:26:53.549, 1, 263.15, 46, 2827, 16051, 31366
2026/09/25 21:26:53.799, 0, 275.73, 43, 2865, 16051, 31938
2026/09/25 21:26:53.799, 1, 264.36, 48, 2835, 16051, 31366
2026/09/25 21:26:54.049, 0, 275.73, 43, 2865, 16051, 31938
2026/09/25 21:26:54.049, 1, 264.36, 48, 2835, 16051, 31366
2026/09/25 21:26:54.299, 0, 275.73, 43, 2865, 16051, 31938
2026/09/25 21:26:54.300, 1, 264.36, 46, 2835, 16051, 31366
2026/09/25 21:26:54.550, 0, 275.73, 43, 2865, 16051, 31938
2026/09/25 21:26:54.550, 1, 264.36, 46, 2835, 16051, 31366
2026/09/25 21:26:54.800, 0, 277.12, 43, 2865, 16051, 31938
2026/09/25 21:26:54.800, 1, 266.88, 46, 2827, 16051, 31366
2026/09/25 21:26:55.050, 0, 277.12, 43, 2865, 16051, 31938
2026/09/25 21:26:55.050, 1, 266.88, 46, 2827, 16051, 31366
2026/09/25 21:26:55.300, 0, 277.12, 43, 2865, 16051, 31938
2026/09/25 21:26:55.300, 1, 266.88, 47, 2827, 16051, 31366
2026/09/25 21:26:55.550, 0, 277.12, 43, 2865, 16051, 31938
2026/09/25 21:26:55.550, 1, 266.88, 47, 2827, 16051, 31366
2026/09/25 21:26:55.800, 0, 276.94, 44, 2865, 16051, 31938
2026/09/25 21:26:55.800, 1, 266.94, 47, 2827, 16051, 31366
2026/09/25 21:26:56.050, 0, 276.94, 44, 2865, 16051, 31938
2026/09/25 21:26:56.050, 1, 266.94, 47, 2827, 16051, 31366
2026/09/25 21:26:56.301, 0, 276.94, 43, 2865, 16051, 31938
2026/09/25 21:26:56.301, 1, 266.94, 47, 2827, 16051, 31366
2026/09/25 21:26:56.551, 0, 276.94, 43, 2865, 16051, 31938
2026/09/25 21:26:56.551, 1, 266.94, 47, 2827, 16051, 31366
2026/09/25 21:26:56.801, 0, 262.60, 39, 2895, 16051, 31938
2026/09/25 21:26:56.801, 1, 247.77, 46, 2857, 16051, 31366
2026/09/25 21:26:57.051, 0, 262.60, 39, 2895, 16051, 31938
2026/09/25 21:26:57.051, 1, 247.77, 46, 2857, 16051, 31366
2026/09/25 21:26:57.301, 0, 262.60, 45, 2895, 16051, 31938
2026/09/25 21:26:57.301, 1, 247.77, 48, 2857, 16051, 31366
2026/09/25 21:26:57.551, 0, 262.60, 45, 2895, 16051, 31938
2026/09/25 21:26:57.552, 1, 247.77, 48, 2857, 16051, 31366
2026/09/25 21:26:57.802, 0, 264.46, 44, 2872, 16051, 31938
2026/09/25 21:26:57.802, 1, 259.96, 48, 2827, 16051, 31366
2026/09/25 21:26:58.052, 0, 264.46, 44, 2872, 16051, 31938
2026/09/25 21:26:58.052, 1, 259.96, 48, 2827, 16051, 31366
2026/09/25 21:26:58.302, 0, 264.46, 42, 2872, 16051, 31938
2026/09/25 21:26:58.302, 1, 259.96, 46, 2827, 16051, 31366
2026/09/25 21:26:58.552, 0, 264.46, 42, 2872, 16051, 31938
2026/09/25 21:26:58.552, 1, 259.96, 46, 2827, 16051, 31366
2026/09/25 21:26:58.802, 0, 272.98, 43, 2872, 16051, 31938
2026/09/25 21:26:58.802, 1, 260.80, 48, 2835, 16051, 31366
2026/09/25 21:26:59.052, 0, 272.98, 43, 2872, 16051, 31938
2026/09/25 21:26:59.053, 1, 260.80, 48, 2835, 16051, 31366
2026/09/25 21:26:59.303, 0, 272.98, 42, 2872, 16051, 31938
2026/09/25 21:26:59.303, 1, 260.80, 46, 2835, 16051, 31366
2026/09/25 21:26:59.553, 0, 272.98, 42, 2872, 16051, 31938
2026/09/25 21:26:59.553, 1, 260.80, 46, 2835, 16051, 31366
2026/09/25 21:26:59.803, 0, 273.26, 44, 2872, 16051, 31938
2026/09/25 21:26:59.803, 1, 261.46, 47, 2835, 16051, 31366
2026/09/25 21:27:00.053, 0, 273.26, 44, 2872, 16051, 31938
2026/09/25 21:27:00.053, 1, 261.46, 47, 2835, 16051, 31366
2026/09/25 21:27:00.303, 0, 273.26, 42, 2872, 16051, 31938
2026/09/25 21:27:00.303, 1, 261.46, 49, 2835, 16051, 31366
2026/09/25 21:27:00.553, 0, 273.26, 42, 2872, 16051, 31938
2026/09/25 21:27:00.553, 1, 261.46, 49, 2835, 16051, 31366
2026/09/25 21:27:00.804, 0, 277.35, 43, 2865, 16051, 31938
2026/09/25 21:27:00.804, 1, 265.96, 47, 2827, 16051, 31366
2026/09/25 21:27:01.054, 0, 277.35, 43, 2865, 16051, 31938
2026/09/25 21:27:01.054, 1, 265.96, 47, 2827, 16051, 31366
2026/09/25 21:27:01.304, 0, 277.35, 41, 2865, 16051, 31938
2026/09/25 21:27:01.304, 1, 265.96, 46, 2827, 16051, 31366
2026/09/25 21:27:01.554, 0, 277.35, 41, 2865, 16051, 31938
2026/09/25 21:27:01.554, 1, 265.96, 46, 2827, 16051, 31366
2026/09/25 21:27:01.804, 0, 276.90, 43, 2865, 16051, 31938
2026/09/25 21:27:01.804, 1, 265.89, 48, 2835, 16051, 31366
2026/09/25 21:27:02.054, 0, 276.90, 43, 2865, 16051, 31938
2026/09/25 21:27:02.054, 1, 265.89, 48, 2835, 16051, 31366
2026/09/25 21:27:02.304, 0, 276.90, 44, 2865, 16051, 31938
2026/09/25 21:27:02.305, 1, 265.89, 47, 2835, 16051, 31366
2026/09/25 21:27:02.555, 0, 276.90, 44, 2865, 16051, 31938
2026/09/25 21:27:02.555, 1, 265.89, 47, 2835, 16051, 31366
2026/09/25 21:27:02.805, 0, 281.43, 44, 2865, 16051, 31938
2026/09/25 21:27:02.805, 1, 269.03, 47, 2835, 16051, 31366
2026/09/25 21:27:03.055, 0, 281.43, 44, 2865, 16051, 31938
2026/09/25 21:27:03.055, 1, 269.03, 47, 2835, 16051, 31366
2026/09/25 21:27:03.305, 0, 267.10, 45, 2895, 16051, 31938
2026/09/25 21:27:03.305, 1, 251.38, 46, 2857, 16051, 31366
2026/09/25 21:27:03.555, 0, 267.10, 45, 2895, 16051, 31938
2026/09/25 21:27:03.555, 1, 251.38, 46, 2857, 16051, 31366
2026/09/25 21:27:03.806, 0, 267.10, 46, 2895, 16051, 31938
2026/09/25 21:27:03.806, 1, 251.38, 48, 2857, 16051, 31366
2026/09/25 21:27:04.056, 0, 267.10, 46, 2895, 16051, 31938
2026/09/25 21:27:04.056, 1, 251.38, 48, 2857, 16051, 31366
2026/09/25 21:27:04.306, 0, 267.10, 43, 2895, 16051, 31938
2026/09/25 21:27:04.306, 1, 251.38, 46, 2857, 16051, 31366
2026/09/25 21:27:04.556, 0, 267.10, 43, 2895, 16051, 31938
2026/09/25 21:27:04.556, 1, 251.38, 46, 2857, 16051, 31366
2026/09/25 21:27:04.806, 0, 271.64, 44, 2865, 16051, 31938
2026/09/25 21:27:04.806, 1, 261.73, 47, 2827, 16051, 31366
2026/09/25 21:27:05.056, 0, 271.64, 44, 2865, 16051, 31938
2026/09/25 21:27:05.056, 1, 261.73, 47, 2827, 16051, 31366
2026/09/25 21:27:05.306, 0, 271.64, 42, 2865, 16051, 31938
2026/09/25 21:27:05.307, 1, 261.73, 46, 2827, 16051, 31366
2026/09/25 21:27:05.557, 0, 271.64, 42, 2865, 16051, 31938
2026/09/25 21:27:05.557, 1, 261.73, 46, 2827, 16051, 31366
2026/09/25 21:27:05.807, 0, 274.74, 44, 2865, 16051, 31938
2026/09/25 21:27:05.807, 1, 263.08, 47, 2827, 16051, 31366
2026/09/25 21:27:06.057, 0, 274.74, 44, 2865, 16051, 31938
2026/09/25 21:27:06.057, 1, 263.08, 47, 2827, 16051, 31366
2026/09/25 21:27:06.307, 0, 274.74, 44, 2865, 16051, 31938
2026/09/25 21:27:06.307, 1, 263.08, 46, 2827, 16051, 31366
2026/09/25 21:27:06.557, 0, 274.74, 44, 2865, 16051, 31938
2026/09/25 21:27:06.557, 1, 263.08, 46, 2827, 16051, 31366
2026/09/25 21:27:06.807, 0, 275.75, 43, 2865, 16051, 31938
2026/09/25 21:27:06.808, 1, 264.69, 47, 2827, 16051, 31366
2026/09/25 21:27:07.058, 0, 275.75, 43, 2865, 16051, 31938
2026/09/25 21:27:07.058, 1, 264.69, 47, 2827, 16051, 31366
2026/09/25 21:27:07.308, 0, 275.75, 43, 2865, 16051, 31938
2026/09/25 21:27:07.308, 1, 264.69, 47, 2827, 16051, 31366
2026/09/25 21:27:07.558, 0, 275.75, 43, 2865, 16051, 31938
2026/09/25 21:27:07.558, 1, 264.69, 47, 2827, 16051, 31366
2026/09/25 21:27:07.808, 0, 277.54, 43, 2865, 16051, 31938
2026/09/25 21:27:07.808, 1, 266.54, 47, 2835, 16051, 31366
2026/09/25 21:27:08.058, 0, 277.54, 43, 2865, 16051, 31938
2026/09/25 21:27:08.058, 1, 266.54, 47, 2835, 16051, 31366
2026/09/25 21:27:08.308, 0, 277.54, 43, 2865, 16051, 31938
2026/09/25 21:27:08.309, 1, 266.54, 47, 2835, 16051, 31366
2026/09/25 21:27:08.559, 0, 277.54, 43, 2865, 16051, 31938
2026/09/25 21:27:08.559, 1, 266.54, 47, 2835, 16051, 31366
2026/09/25 21:27:08.809, 0, 278.42, 44, 2865, 16051, 31938
2026/09/25 21:27:08.809, 1, 267.84, 47, 2827, 16051, 31366
2026/09/25 21:27:09.059, 0, 278.42, 44, 2865, 16051, 31938
2026/09/25 21:27:09.059, 1, 267.84, 47, 2827, 16051, 31366
2026/09/25 21:27:09.309, 0, 278.42, 43, 2865, 16051, 31938
2026/09/25 21:27:09.309, 1, 267.84, 47, 2827, 16051, 31366
2026/09/25 21:27:09.559, 0, 278.42, 43, 2865, 16051, 31938
2026/09/25 21:27:09.560, 1, 267.84, 47, 2827, 16051, 31366
2026/09/25 21:27:09.810, 0, 268.33, 39, 2887, 16051, 31938
2026/09/25 21:27:09.810, 1, 253.85, 43, 2857, 16051, 31366
2026/09/25 21:27:10.060, 0, 268.33, 39, 2887, 16051, 31938
2026/09/25 21:27:10.060, 1, 253.85, 43, 2857, 16051, 31366
2026/09/25 21:27:10.310, 0, 238.70, 41, 2895, 16051, 31938
2026/09/25 21:27:10.310, 1, 218.47, 36, 2857, 16051, 31366
2026/09/25 21:27:10.560, 0, 238.70, 41, 2895, 16051, 31938
2026/09/25 21:27:10.560, 1, 218.47, 36, 2857, 16051, 31366
2026/09/25 21:27:10.811, 0, 238.70, 39, 2895, 16051, 31938
2026/09/25 21:27:10.811, 1, 218.47, 44, 2857, 16051, 31366
2026/09/25 21:27:11.061, 0, 238.70, 39, 2895, 16051, 31938
2026/09/25 21:27:11.061, 1, 218.47, 44, 2857, 16051, 31366
2026/09/25 21:27:11.311, 0, 238.70, 39, 2895, 16051, 31938
2026/09/25 21:27:11.311, 1, 218.47, 43, 2857, 16051, 31366
2026/09/25 21:27:11.561, 0, 238.70, 39, 2895, 16051, 31938
2026/09/25 21:27:11.561, 1, 218.47, 43, 2857, 16051, 31366
2026/09/25 21:27:11.811, 0, 274.63, 42, 2865, 16051, 31938
2026/09/25 21:27:11.811, 1, 261.49, 45, 2835, 16051, 31366
2026/09/25 21:27:12.061, 0, 274.63, 42, 2865, 16051, 31938
2026/09/25 21:27:12.061, 1, 261.49, 45, 2835, 16051, 31366
2026/09/25 21:27:12.312, 0, 274.63, 40, 2865, 16051, 31938
2026/09/25 21:27:12.312, 1, 261.49, 43, 2835, 16051, 31366
2026/09/25 21:27:12.562, 0, 274.63, 40, 2865, 16051, 31938
2026/09/25 21:27:12.562, 1, 261.49, 43, 2835, 16051, 31366
2026/09/25 21:27:12.812, 0, 276.27, 41, 2865, 16051, 31938
2026/09/25 21:27:12.812, 1, 261.11, 44, 2827, 16051, 31366
2026/09/25 21:27:13.062, 0, 276.27, 41, 2865, 16051, 31938
2026/09/25 21:27:13.062, 1, 261.11, 44, 2827, 16051, 31366
2026/09/25 21:27:13.312, 0, 276.27, 44, 2865, 16051, 31938
2026/09/25 21:27:13.312, 1, 261.11, 47, 2827, 16051, 31366
2026/09/25 21:27:13.562, 0, 276.27, 44, 2865, 16051, 31938
2026/09/25 21:27:13.562, 1, 261.11, 47, 2827, 16051, 31366
2026/09/25 21:27:13.813, 0, 277.02, 41, 2865, 16051, 31938
2026/09/25 21:27:13.813, 1, 263.08, 44, 2827, 16051, 31366
2026/09/25 21:27:14.063, 0, 277.02, 41, 2865, 16051, 31938
2026/09/25 21:27:14.063, 1, 263.08, 44, 2827, 16051, 31366
2026/09/25 21:27:14.313, 0, 277.02, 45, 2865, 16051, 31938
2026/09/25 21:27:14.313, 1, 263.08, 47, 2827, 16051, 31366
2026/09/25 21:27:14.563, 0, 277.02, 45, 2865, 16051, 31938
2026/09/25 21:27:14.563, 1, 263.08, 47, 2827, 16051, 31366
2026/09/25 21:27:14.813, 0, 279.06, 41, 2865, 16051, 31938
2026/09/25 21:27:14.813, 1, 261.57, 43, 2827, 16051, 31366
2026/09/25 21:27:15.063, 0, 279.06, 41, 2865, 16051, 31938
2026/09/25 21:27:15.063, 1, 261.57, 43, 2827, 16051, 31366
2026/09/25 21:27:15.314, 0, 279.06, 44, 2865, 16051, 31938
2026/09/25 21:27:15.314, 1, 261.57, 47, 2827, 16051, 31366
2026/09/25 21:27:15.564, 0, 279.06, 44, 2865, 16051, 31938
2026/09/25 21:27:15.564, 1, 261.57, 47, 2827, 16051, 31366
2026/09/25 21:27:15.814, 0, 280.54, 43, 2865, 16051, 31938
2026/09/25 21:27:15.814, 1, 267.79, 46, 2827, 16051, 31366
2026/09/25 21:27:16.064, 0, 280.54, 43, 2865, 16051, 31938
2026/09/25 21:27:16.064, 1, 267.79, 46, 2827, 16051, 31366
2026/09/25 21:27:16.314, 0, 280.54, 43, 2865, 16051, 31938
2026/09/25 21:27:16.314, 1, 267.79, 44, 2827, 16051, 31366
2026/09/25 21:27:16.564, 0, 280.54, 43, 2865, 16051, 31938
2026/09/25 21:27:16.565, 1, 267.79, 44, 2827, 16051, 31366
2026/09/25 21:27:16.815, 0, 279.83, 46, 2865, 16051, 31938
2026/09/25 21:27:16.815, 1, 263.20, 48, 2827, 16051, 31366
2026/09/25 21:27:17.065, 0, 279.83, 46, 2865, 16051, 31938
2026/09/25 21:27:17.065, 1, 263.20, 48, 2827, 16051, 31366
2026/09/25 21:27:17.315, 0, 279.83, 42, 2865, 16051, 31938
2026/09/25 21:27:17.315, 1, 263.20, 44, 2827, 16051, 31366
2026/09/25 21:27:17.565, 0, 279.83, 42, 2865, 16051, 31938
2026/09/25 21:27:17.565, 1, 263.20, 44, 2827, 16051, 31366
2026/09/25 21:27:17.815, 0, 274.01, 41, 2872, 16051, 31938
2026/09/25 21:27:17.816, 1, 261.58, 46, 2835, 16051, 31366
2026/09/25 21:27:18.066, 0, 274.01, 41, 2872, 16051, 31938
2026/09/25 21:27:18.066, 1, 261.58, 46, 2835, 16051, 31366
2026/09/25 21:27:18.316, 0, 245.95, 45, 2895, 16051, 31938
2026/09/25 21:27:18.316, 1, 231.75, 57, 2850, 16051, 31366
2026/09/25 21:27:18.566, 0, 245.95, 45, 2895, 16051, 31938
2026/09/25 21:27:18.566, 1, 231.75, 57, 2850, 16051, 31366
2026/09/25 21:27:18.816, 0, 245.95, 41, 2895, 16051, 31938
2026/09/25 21:27:18.816, 1, 231.75, 44, 2850, 16051, 31366
2026/09/25 21:27:19.066, 0, 245.95, 41, 2895, 16051, 31938
2026/09/25 21:27:19.066, 1, 231.75, 44, 2850, 16051, 31366
2026/09/25 21:27:19.316, 0, 245.95, 47, 2895, 16051, 31938
2026/09/25 21:27:19.317, 1, 231.75, 48, 2850, 16051, 31366
2026/09/25 21:27:19.567, 0, 245.95, 47, 2895, 16051, 31938
2026/09/25 21:27:19.567, 1, 231.75, 48, 2850, 16051, 31366
2026/09/25 21:27:19.817, 0, 275.72, 45, 2865, 16051, 31938
2026/09/25 21:27:19.817, 1, 261.71, 48, 2827, 16051, 31366
2026/09/25 21:27:20.067, 0, 275.72, 45, 2865, 16051, 31938
2026/09/25 21:27:20.067, 1, 261.71, 48, 2827, 16051, 31366
2026/09/25 21:27:20.317, 0, 275.72, 42, 2865, 16051, 31938
2026/09/25 21:27:20.317, 1, 261.71, 43, 2827, 16051, 31366
2026/09/25 21:27:20.567, 0, 275.72, 42, 2865, 16051, 31938
2026/09/25 21:27:20.567, 1, 261.71, 43, 2827, 16051, 31366
2026/09/25 21:27:20.818, 0, 278.08, 42, 2865, 16051, 31938
2026/09/25 21:27:20.818, 1, 263.70, 44, 2827, 16051, 31366
2026/09/25 21:27:21.068, 0, 278.08, 42, 2865, 16051, 31938
2026/09/25 21:27:21.068, 1, 263.70, 44, 2827, 16051, 31366
2026/09/25 21:27:21.318, 0, 278.08, 40, 2865, 16051, 31938
2026/09/25 21:27:21.318, 1, 263.70, 43, 2827, 16051, 31366
2026/09/25 21:27:21.568, 0, 278.08, 40, 2865, 16051, 31938
2026/09/25 21:27:21.568, 1, 263.70, 43, 2827, 16051, 31366
2026/09/25 21:27:21.818, 0, 277.92, 43, 2865, 16051, 31938
2026/09/25 21:27:21.818, 1, 265.42, 46, 2827, 16051, 31366
2026/09/25 21:27:22.068, 0, 277.92, 43, 2865, 16051, 31938
2026/09/25 21:27:22.068, 1, 265.42, 46, 2827, 16051, 31366
2026/09/25 21:27:22.319, 0, 277.92, 41, 2865, 16051, 31938
2026/09/25 21:27:22.319, 1, 265.42, 44, 2827, 16051, 31366
2026/09/25 21:27:22.569, 0, 277.92, 41, 2865, 16051, 31938
2026/09/25 21:27:22.569, 1, 265.42, 44, 2827, 16051, 31366
2026/09/25 21:27:22.819, 0, 282.54, 41, 2865, 16051, 31938
2026/09/25 21:27:22.819, 1, 266.72, 43, 2827, 16051, 31366
2026/09/25 21:27:23.069, 0, 282.54, 41, 2865, 16051, 31938
2026/09/25 21:27:23.069, 1, 266.72, 43, 2827, 16051, 31366
2026/09/25 21:27:23.319, 0, 282.54, 41, 2865, 16051, 31938
2026/09/25 21:27:23.319, 1, 266.72, 44, 2827, 16051, 31366
2026/09/25 21:27:23.569, 0, 282.54, 41, 2865, 16051, 31938
2026/09/25 21:27:23.570, 1, 266.72, 44, 2827, 16051, 31366
2026/09/25 21:27:23.820, 0, 278.53, 48, 2865, 16051, 31938
2026/09/25 21:27:23.820, 1, 264.09, 49, 2827, 16051, 31366
2026/09/25 21:27:24.070, 0, 278.53, 48, 2865, 16051, 31938
2026/09/25 21:27:24.070, 1, 264.09, 49, 2827, 16051, 31366
2026/09/25 21:27:24.320, 0, 278.53, 41, 2865, 16051, 31938
2026/09/25 21:27:24.320, 1, 264.09, 44, 2827, 16051, 31366
2026/09/25 21:27:24.570, 0, 278.53, 41, 2865, 16051, 31938
2026/09/25 21:27:24.570, 1, 264.09, 44, 2827, 16051, 31366
2026/09/25 21:27:24.820, 0, 283.24, 41, 2865, 16051, 31938
2026/09/25 21:27:24.821, 1, 268.72, 44, 2827, 16051, 31366
2026/09/25 21:27:25.071, 0, 283.24, 41, 2865, 16051, 31938
2026/09/25 21:27:25.071, 1, 268.72, 44, 2827, 16051, 31366
2026/09/25 21:27:25.321, 0, 283.24, 37, 2865, 16051, 31938
2026/09/25 21:27:25.321, 1, 268.72, 40, 2827, 16051, 31366
2026/09/25 21:27:25.571, 0, 283.24, 37, 2865, 16051, 31938
2026/09/25 21:27:25.571, 1, 268.72, 40, 2827, 16051, 31366
2026/09/25 21:27:25.821, 0, 267.81, 46, 2895, 16051, 31938
2026/09/25 21:27:25.821, 1, 251.31, 46, 2857, 16051, 31366
2026/09/25 21:27:26.071, 0, 267.81, 46, 2895, 16051, 31938
2026/09/25 21:27:26.071, 1, 251.31, 46, 2857, 16051, 31366
2026/09/25 21:27:26.322, 0, 267.81, 37, 2895, 16051, 31938
2026/09/25 21:27:26.322, 1, 251.31, 43, 2857, 16051, 31366
2026/09/25 21:27:26.572, 0, 267.81, 37, 2895, 16051, 31938
2026/09/25 21:27:26.572, 1, 251.31, 43, 2857, 16051, 31366
2026/09/25 21:27:26.822, 0, 257.56, 42, 2872, 16051, 31938
2026/09/25 21:27:26.822, 1, 250.39, 45, 2827, 16051, 31366
2026/09/25 21:27:27.072, 0, 257.56, 42, 2872, 16051, 31938
2026/09/25 21:27:27.072, 1, 250.39, 45, 2827, 16051, 31366
2026/09/25 21:27:27.322, 0, 257.56, 40, 2872, 16051, 31938
2026/09/25 21:27:27.322, 1, 250.39, 43, 2827, 16051, 31366
2026/09/25 21:27:27.572, 0, 257.56, 40, 2872, 16051, 31938
2026/09/25 21:27:27.572, 1, 250.39, 43, 2827, 16051, 31366
2026/09/25 21:27:27.822, 0, 280.07, 47, 2865, 16051, 31938
2026/09/25 21:27:27.823, 1, 265.17, 50, 2827, 16051, 31366
2026/09/25 21:27:28.073, 0, 280.07, 47, 2865, 16051, 31938
2026/09/25 21:27:28.073, 1, 265.17, 50, 2827, 16051, 31366
2026/09/25 21:27:28.323, 0, 280.07, 40, 2865, 16051, 31938
2026/09/25 21:27:28.323, 1, 265.17, 43, 2827, 16051, 31366
2026/09/25 21:27:28.573, 0, 280.07, 40, 2865, 16051, 31938
2026/09/25 21:27:28.573, 1, 265.17, 43, 2827, 16051, 31366
2026/09/25 21:27:28.823, 0, 280.08, 43, 2865, 16051, 31938
2026/09/25 21:27:28.823, 1, 266.63, 46, 2827, 16051, 31366
2026/09/25 21:27:29.073, 0, 280.08, 43, 2865, 16051, 31938
2026/09/25 21:27:29.073, 1, 266.63, 46, 2827, 16051, 31366
2026/09/25 21:27:29.324, 0, 280.08, 46, 2865, 16051, 31938
2026/09/25 21:27:29.324, 1, 266.63, 49, 2827, 16051, 31366
2026/09/25 21:27:29.574, 0, 280.08, 46, 2865, 16051, 31938
2026/09/25 21:27:29.574, 1, 266.63, 49, 2827, 16051, 31366
2026/09/25 21:27:29.824, 0, 284.77, 44, 2865, 16051, 31938
2026/09/25 21:27:29.824, 1, 268.39, 47, 2827, 16051, 31366
2026/09/25 21:27:30.074, 0, 284.77, 44, 2865, 16051, 31938
2026/09/25 21:27:30.074, 1, 268.39, 47, 2827, 16051, 31366
2026/09/25 21:27:30.324, 0, 284.77, 40, 2865, 16051, 31938
2026/09/25 21:27:30.324, 1, 268.39, 44, 2827, 16051, 31366
2026/09/25 21:27:30.574, 0, 284.77, 40, 2865, 16051, 31938
2026/09/25 21:27:30.574, 1, 268.39, 44, 2827, 16051, 31366
2026/09/25 21:27:30.825, 0, 284.86, 42, 2865, 16051, 31938
2026/09/25 21:27:30.825, 1, 270.02, 45, 2827, 16051, 31366
2026/09/25 21:27:31.075, 0, 284.86, 42, 2865, 16051, 31938
2026/09/25 21:27:31.075, 1, 270.02, 45, 2827, 16051, 31366
2026/09/25 21:27:31.325, 0, 284.86, 42, 2865, 16051, 31938
2026/09/25 21:27:31.325, 1, 270.02, 44, 2827, 16051, 31366
2026/09/25 21:27:31.575, 0, 284.86, 42, 2865, 16051, 31938
2026/09/25 21:27:31.575, 1, 270.02, 44, 2827, 16051, 31366
2026/09/25 21:27:31.825, 0, 284.37, 41, 2865, 16051, 31938
2026/09/25 21:27:31.825, 1, 270.75, 43, 2827, 16051, 31366
2026/09/25 21:27:32.075, 0, 284.37, 41, 2865, 16051, 31938
2026/09/25 21:27:32.075, 1, 270.75, 43, 2827, 16051, 31366
2026/09/25 21:27:32.326, 0, 284.37, 42, 2865, 16051, 31938
2026/09/25 21:27:32.326, 1, 270.75, 46, 2827, 16051, 31366
2026/09/25 21:27:32.576, 0, 284.37, 42, 2865, 16051, 31938
2026/09/25 21:27:32.576, 1, 270.75, 46, 2827, 16051, 31366
2026/09/25 21:27:32.826, 0, 286.24, 43, 2865, 16051, 31938
2026/09/25 21:27:32.826, 1, 271.35, 45, 2827, 16051, 31366
2026/09/25 21:27:33.076, 0, 286.24, 43, 2865, 16051, 31938
2026/09/25 21:27:33.076, 1, 271.35, 45, 2827, 16051, 31366
2026/09/25 21:27:33.326, 0, 286.24, 39, 2865, 16051, 31938
2026/09/25 21:27:33.327, 1, 271.35, 19, 2827, 16051, 31366
2026/09/25 21:27:33.577, 0, 286.24, 39, 2865, 16051, 31938
2026/09/25 21:27:33.577, 1, 271.35, 19, 2827, 16051, 31366
2026/09/25 21:27:33.827, 0, 246.63, 40, 2887, 16051, 31938
2026/09/25 21:27:33.827, 1, 236.52, 43, 2842, 16051, 31366
2026/09/25 21:27:34.077, 0, 246.63, 40, 2887, 16051, 31938
2026/09/25 21:27:34.077, 1, 236.52, 43, 2842, 16051, 31366
2026/09/25 21:27:34.327, 0, 246.63, 39, 2887, 16051, 31938
2026/09/25 21:27:34.327, 1, 236.52, 42, 2842, 16051, 31366
2026/09/25 21:27:34.577, 0, 246.63, 39, 2887, 16051, 31938
2026/09/25 21:27:34.578, 1, 236.52, 42, 2842, 16051, 31366
2026/09/25 21:27:34.828, 0, 269.39, 45, 2865, 16051, 31938
2026/09/25 21:27:34.828, 1, 258.55, 47, 2827, 16051, 31366
2026/09/25 21:27:35.078, 0, 269.39, 45, 2865, 16051, 31938
2026/09/25 21:27:35.078, 1, 258.55, 47, 2827, 16051, 31366
2026/09/25 21:27:35.328, 0, 269.39, 42, 2865, 16051, 31938
2026/09/25 21:27:35.328, 1, 258.55, 44, 2827, 16051, 31366
2026/09/25 21:27:35.578, 0, 269.39, 42, 2865, 16051, 31938
2026/09/25 21:27:35.578, 1, 258.55, 44, 2827, 16051, 31366
2026/09/25 21:27:35.828, 0, 272.08, 39, 2872, 16051, 31938
2026/09/25 21:27:35.828, 1, 256.65, 42, 2827, 16051, 31366
2026/09/25 21:27:36.079, 0, 272.08, 39, 2872, 16051, 31938
2026/09/25 21:27:36.079, 1, 256.65, 42, 2827, 16051, 31366
2026/09/25 21:27:36.329, 0, 272.08, 45, 2872, 16051, 31938
2026/09/25 21:27:36.329, 1, 256.65, 46, 2827, 16051, 31366
2026/09/25 21:27:36.579, 0, 272.08, 45, 2872, 16051, 31938
2026/09/25 21:27:36.579, 1, 256.65, 46, 2827, 16051, 31366
2026/09/25 21:27:36.829, 0, 279.34, 40, 2865, 16051, 31938
2026/09/25 21:27:36.829, 1, 262.80, 42, 2827, 16051, 31366
2026/09/25 21:27:37.079, 0, 279.34, 40, 2865, 16051, 31938
2026/09/25 21:27:37.079, 1, 262.80, 42, 2827, 16051, 31366
2026/09/25 21:27:37.329, 0, 279.34, 41, 2865, 16051, 31938
2026/09/25 21:27:37.330, 1, 262.80, 45, 2827, 16051, 31366
2026/09/25 21:27:37.580, 0, 279.34, 41, 2865, 16051, 31938
2026/09/25 21:27:37.580, 1, 262.80, 45, 2827, 16051, 31366
2026/09/25 21:27:37.830, 0, 282.41, 42, 2865, 16051, 31938
2026/09/25 21:27:37.830, 1, 266.88, 44, 2827, 16051, 31366
2026/09/25 21:27:38.080, 0, 282.41, 42, 2865, 16051, 31938
2026/09/25 21:27:38.080, 1, 266.88, 44, 2827, 16051, 31366
2026/09/25 21:27:38.330, 0, 282.41, 42, 2865, 16051, 31938
2026/09/25 21:27:38.330, 1, 266.88, 44, 2827, 16051, 31366
2026/09/25 21:27:38.580, 0, 282.41, 42, 2865, 16051, 31938
2026/09/25 21:27:38.580, 1, 266.88, 44, 2827, 16051, 31366
2026/09/25 21:27:38.831, 0, 282.57, 42, 2865, 16051, 31938
2026/09/25 21:27:38.831, 1, 268.07, 44, 2827, 16051, 31366
2026/09/25 21:27:39.081, 0, 282.57, 42, 2865, 16051, 31938
2026/09/25 21:27:39.081, 1, 268.07, 44, 2827, 16051, 31366
2026/09/25 21:27:39.331, 0, 282.57, 46, 2865, 16051, 31938
2026/09/25 21:27:39.331, 1, 268.07, 48, 2827, 16051, 31366
2026/09/25 21:27:39.581, 0, 282.57, 46, 2865, 16051, 31938
2026/09/25 21:27:39.581, 1, 268.07, 48, 2827, 16051, 31366
2026/09/25 21:27:39.831, 0, 282.73, 41, 2865, 16051, 31938
2026/09/25 21:27:39.831, 1, 266.99, 45, 2827, 16051, 31366
2026/09/25 21:27:40.081, 0, 282.73, 41, 2865, 16051, 31938
2026/09/25 21:27:40.082, 1, 266.99, 45, 2827, 16051, 31366
2026/09/25 21:27:40.332, 0, 282.73, 43, 2865, 16051, 31938
2026/09/25 21:27:40.332, 1, 266.99, 45, 2827, 16051, 31366
2026/09/25 21:27:40.582, 0, 282.73, 43, 2865, 16051, 31938
2026/09/25 21:27:40.582, 1, 266.99, 45, 2827, 16051, 31366
2026/09/25 21:27:40.832, 0, 282.26, 45, 2865, 16051, 31938
2026/09/25 21:27:40.832, 1, 270.36, 47, 2827, 16051, 31366
2026/09/25 21:27:41.082, 0, 282.26, 45, 2865, 16051, 31938
2026/09/25 21:27:41.082, 1, 270.36, 47, 2827, 16051, 31366
2026/09/25 21:27:41.332, 0, 264.61, 43, 2895, 16051, 31938
2026/09/25 21:27:41.333, 1, 246.84, 40, 2857, 16051, 31366
2026/09/25 21:27:41.583, 0, 264.61, 43, 2895, 16051, 31938
2026/09/25 21:27:41.583, 1, 246.84, 40, 2857, 16051, 31366
2026/09/25 21:27:41.833, 0, 264.61, 37, 2895, 16051, 31938
2026/09/25 21:27:41.833, 1, 246.84, 44, 2857, 16051, 31366
2026/09/25 21:27:42.083, 0, 264.61, 37, 2895, 16051, 31938
2026/09/25 21:27:42.083, 1, 246.84, 44, 2857, 16051, 31366
2026/09/25 21:27:42.333, 0, 264.61, 42, 2895, 16051, 31938
2026/09/25 21:27:42.333, 1, 246.84, 42, 2857, 16051, 31366
2026/09/25 21:27:42.583, 0, 264.61, 42, 2895, 16051, 31938
2026/09/25 21:27:42.583, 1, 246.84, 42, 2857, 16051, 31366
2026/09/25 21:27:42.834, 0, 258.17, 41, 2872, 16051, 31938
2026/09/25 21:27:42.834, 1, 246.52, 43, 2835, 16051, 31366
2026/09/25 21:27:43.084, 0, 258.17, 41, 2872, 16051, 31938
2026/09/25 21:27:43.084, 1, 246.52, 43, 2835, 16051, 31366
2026/09/25 21:27:43.334, 0, 258.17, 39, 2872, 16051, 31938
2026/09/25 21:27:43.334, 1, 246.52, 44, 2835, 16051, 31366
2026/09/25 21:27:43.584, 0, 258.17, 39, 2872, 16051, 31938
2026/09/25 21:27:43.584, 1, 246.52, 44, 2835, 16051, 31366
2026/09/25 21:27:43.834, 0, 273.39, 42, 2865, 16051, 31938
2026/09/25 21:27:43.834, 1, 254.87, 43, 2827, 16051, 31366
2026/09/25 21:27:44.084, 0, 273.39, 42, 2865, 16051, 31938
2026/09/25 21:27:44.085, 1, 254.87, 43, 2827, 16051, 31366
2026/09/25 21:27:44.335, 0, 273.39, 43, 2865, 16051, 31938
2026/09/25 21:27:44.335, 1, 254.87, 45, 2827, 16051, 31366
2026/09/25 21:27:44.585, 0, 273.39, 43, 2865, 16051, 31938
2026/09/25 21:27:44.585, 1, 254.87, 45, 2827, 16051, 31366
2026/09/25 21:27:44.835, 0, 276.67, 44, 2865, 16051, 31938
2026/09/25 21:27:44.835, 1, 258.60, 44, 2835, 16051, 31366
2026/09/25 21:27:45.085, 0, 276.67, 44, 2865, 16051, 31938
2026/09/25 21:27:45.085, 1, 258.60, 44, 2835, 16051, 31366
2026/09/25 21:27:45.335, 0, 276.67, 42, 2865, 16051, 31938
2026/09/25 21:27:45.335, 1, 258.60, 44, 2835, 16051, 31366
2026/09/25 21:27:45.586, 0, 276.67, 42, 2865, 16051, 31938
2026/09/25 21:27:45.586, 1, 258.60, 44, 2835, 16051, 31366
2026/09/25 21:27:45.836, 0, 278.80, 46, 2865, 16051, 31938
2026/09/25 21:27:45.836, 1, 257.62, 48, 2827, 16051, 31366
2026/09/25 21:27:46.086, 0, 278.80, 46, 2865, 16051, 31938
2026/09/25 21:27:46.086, 1, 257.62, 48, 2827, 16051, 31366
2026/09/25 21:27:46.336, 0, 278.80, 44, 2865, 16051, 31938
2026/09/25 21:27:46.336, 1, 257.62, 46, 2827, 16051, 31366
2026/09/25 21:27:46.586, 0, 278.80, 44, 2865, 16051, 31938
2026/09/25 21:27:46.586, 1, 257.62, 46, 2827, 16051, 31366
2026/09/25 21:27:46.836, 0, 282.16, 41, 2865, 16051, 31938
2026/09/25 21:27:46.836, 1, 266.76, 42, 2827, 16051, 31366
2026/09/25 21:27:47.086, 0, 282.16, 41, 2865, 16051, 31938
2026/09/25 21:27:47.087, 1, 266.76, 42, 2827, 16051, 31366
2026/09/25 21:27:47.337, 0, 282.16, 39, 2865, 16051, 31938
2026/09/25 21:27:47.337, 1, 266.76, 42, 2827, 16051, 31366
2026/09/25 21:27:47.587, 0, 282.16, 39, 2865, 16051, 31938
2026/09/25 21:27:47.587, 1, 266.76, 42, 2827, 16051, 31366
2026/09/25 21:27:47.837, 0, 277.72, 39, 2865, 16051, 31938
2026/09/25 21:27:47.837, 1, 261.36, 42, 2835, 16051, 31366
2026/09/25 21:27:48.087, 0, 277.72, 39, 2865, 16051, 31938
2026/09/25 21:27:48.087, 1, 261.36, 42, 2835, 16051, 31366
2026/09/25 21:27:48.337, 0, 277.72, 40, 2865, 16051, 31938
2026/09/25 21:27:48.337, 1, 261.36, 41, 2835, 16051, 31366
2026/09/25 21:27:48.587, 0, 277.72, 40, 2865, 16051, 31938
2026/09/25 21:27:48.588, 1, 261.36, 41, 2835, 16051, 31366
2026/09/25 21:27:48.838, 0, 281.16, 44, 2865, 16051, 31938
2026/09/25 21:27:48.838, 1, 262.25, 46, 2827, 16051, 31366
2026/09/25 21:27:49.088, 0, 281.16, 44, 2865, 16051, 31938
2026/09/25 21:27:49.088, 1, 262.25, 46, 2827, 16051, 31366
2026/09/25 21:27:49.338, 0, 281.16, 40, 2865, 16051, 31938
2026/09/25 21:27:49.338, 1, 262.25, 42, 2827, 16051, 31366
2026/09/25 21:27:49.588, 0, 281.16, 40, 2865, 16051, 31938
2026/09/25 21:27:49.588, 1, 262.25, 42, 2827, 16051, 31366
2026/09/25 21:27:49.838, 0, 285.24, 46, 2865, 16051, 31938
2026/09/25 21:27:49.838, 1, 265.74, 47, 2827, 16051, 31366
2026/09/25 21:27:50.088, 0, 285.24, 46, 2865, 16051, 31938
2026/09/25 21:27:50.089, 1, 265.74, 47, 2827, 16051, 31366
2026/09/25 21:27:50.339, 0, 285.24, 38, 2865, 16051, 31938
2026/09/25 21:27:50.339, 1, 265.74, 45, 2827, 16051, 31366
2026/09/25 21:27:50.589, 0, 285.24, 38, 2865, 16051, 31938
2026/09/25 21:27:50.589, 1, 265.74, 45, 2827, 16051, 31366
2026/09/25 21:27:50.839, 0, 251.06, 36, 2895, 16051, 31938
2026/09/25 21:27:50.839, 1, 230.09, 41, 2857, 16051, 31366
2026/09/25 21:27:51.089, 0, 251.06, 36, 2895, 16051, 31938
2026/09/25 21:27:51.089, 1, 230.09, 41, 2857, 16051, 31366
2026/09/25 21:27:51.339, 0, 251.06, 44, 2895, 16051, 31938
2026/09/25 21:27:51.340, 1, 230.09, 47, 2857, 16051, 31366
2026/09/25 21:27:51.590, 0, 251.06, 44, 2895, 16051, 31938
2026/09/25 21:27:51.590, 1, 230.09, 47, 2857, 16051, 31366
2026/09/25 21:27:51.840, 0, 257.40, 46, 2872, 16051, 31938
2026/09/25 21:27:51.840, 1, 250.02, 48, 2827, 16051, 31366
2026/09/25 21:27:52.090, 0, 257.40, 46, 2872, 16051, 31938
2026/09/25 21:27:52.090, 1, 250.02, 48, 2827, 16051, 31366
2026/09/25 21:27:52.340, 0, 257.40, 41, 2872, 16051, 31938
2026/09/25 21:27:52.340, 1, 250.02, 44, 2827, 16051, 31366
2026/09/25 21:27:52.590, 0, 257.40, 41, 2872, 16051, 31938
2026/09/25 21:27:52.590, 1, 250.02, 44, 2827, 16051, 31366
2026/09/25 21:27:52.840, 0, 272.27, 42, 2865, 16051, 31938
2026/09/25 21:27:52.840, 1, 254.63, 43, 2827, 16051, 31366
2026/09/25 21:27:53.091, 0, 272.27, 42, 2865, 16051, 31938
2026/09/25 21:27:53.091, 1, 254.63, 43, 2827, 16051, 31366
2026/09/25 21:27:53.341, 0, 272.27, 42, 2865, 16051, 31938
2026/09/25 21:27:53.341, 1, 254.63, 42, 2827, 16051, 31366
2026/09/25 21:27:53.591, 0, 272.27, 42, 2865, 16051, 31938
2026/09/25 21:27:53.591, 1, 254.63, 42, 2827, 16051, 31366
2026/09/25 21:27:53.841, 0, 277.17, 42, 2872, 16051, 31938
2026/09/25 21:27:53.841, 1, 257.23, 43, 2827, 16051, 31366
2026/09/25 21:27:54.091, 0, 277.17, 42, 2872, 16051, 31938
2026/09/25 21:27:54.091, 1, 257.23, 43, 2827, 16051, 31366
2026/09/25 21:27:54.341, 0, 277.17, 46, 2872, 16051, 31938
2026/09/25 21:27:54.341, 1, 257.23, 47, 2827, 16051, 31366
2026/09/25 21:27:54.592, 0, 277.17, 46, 2872, 16051, 31938
2026/09/25 21:27:54.592, 1, 257.23, 47, 2827, 16051, 31366
2026/09/25 21:27:54.842, 0, 277.21, 45, 2865, 16051, 31938
2026/09/25 21:27:54.842, 1, 257.22, 47, 2835, 16051, 31366
2026/09/25 21:27:55.092, 0, 277.21, 45, 2865, 16051, 31938
2026/09/25 21:27:55.092, 1, 257.22, 47, 2835, 16051, 31366
2026/09/25 21:27:55.342, 0, 277.21, 41, 2865, 16051, 31938
2026/09/25 21:27:55.342, 1, 257.22, 42, 2835, 16051, 31366
2026/09/25 21:27:55.592, 0, 277.21, 41, 2865, 16051, 31938
2026/09/25 21:27:55.592, 1, 257.22, 42, 2835, 16051, 31366
2026/09/25 21:27:55.843, 0, 282.67, 43, 2865, 16051, 31938
2026/09/25 21:27:55.843, 1, 265.50, 45, 2827, 16051, 31366
2026/09/25 21:27:56.093, 0, 282.67, 43, 2865, 16051, 31938
2026/09/25 21:27:56.093, 1, 265.50, 45, 2827, 16051, 31366
2026/09/25 21:27:56.343, 0, 282.67, 45, 2865, 16051, 31938
2026/09/25 21:27:56.343, 1, 265.50, 48, 2827, 16051, 31366
2026/09/25 21:27:56.593, 0, 282.67, 45, 2865, 16051, 31938
2026/09/25 21:27:56.593, 1, 265.50, 48, 2827, 16051, 31366
2026/09/25 21:27:56.843, 0, 278.86, 43, 2865, 16051, 31938
2026/09/25 21:27:56.843, 1, 260.81, 45, 2827, 16051, 31366
2026/09/25 21:27:57.093, 0, 278.86, 43, 2865, 16051, 31938
2026/09/25 21:27:57.093, 1, 260.81, 45, 2827, 16051, 31366
2026/09/25 21:27:57.343, 0, 278.86, 41, 2865, 16051, 31938
2026/09/25 21:27:57.344, 1, 260.81, 43, 2827, 16051, 31366
2026/09/25 21:27:57.594, 0, 278.86, 41, 2865, 16051, 31938
2026/09/25 21:27:57.594, 1, 260.81, 43, 2827, 16051, 31366
2026/09/25 21:27:57.844, 0, 282.83, 45, 2865, 16051, 31938
2026/09/25 21:27:57.844, 1, 264.48, 48, 2827, 16051, 31366
2026/09/25 21:27:58.094, 0, 282.83, 45, 2865, 16051, 31938
2026/09/25 21:27:58.094, 1, 264.48, 48, 2827, 16051, 31366
2026/09/25 21:27:58.344, 0, 282.83, 40, 2865, 16051, 31938
2026/09/25 21:27:58.344, 1, 264.48, 42, 2827, 16051, 31366
2026/09/25 21:27:58.594, 0, 282.83, 40, 2865, 16051, 31938
2026/09/25 21:27:58.594, 1, 264.48, 42, 2827, 16051, 31366
2026/09/25 21:27:58.844, 0, 284.23, 41, 2865, 16051, 31938
2026/09/25 21:27:58.845, 1, 264.91, 41, 2827, 16051, 31366
2026/09/25 21:27:59.095, 0, 284.23, 41, 2865, 16051, 31938
2026/09/25 21:27:59.095, 1, 264.91, 41, 2827, 16051, 31366
2026/09/25 21:27:59.346, 0, 284.23, 41, 2865, 16051, 31938
2026/09/25 21:27:59.346, 1, 264.91, 47, 2827, 16051, 31366
2026/09/25 21:27:59.596, 0, 284.23, 41, 2865, 16051, 31938
2026/09/25 21:27:59.596, 1, 264.91, 47, 2827, 16051, 31366
2026/09/25 21:27:59.846, 0, 250.77, 44, 2895, 16051, 31938
2026/09/25 21:27:59.847, 1, 233.60, 48, 2857, 16051, 31366
2026/09/25 21:28:00.097, 0, 250.77, 44, 2895, 16051, 31938
2026/09/25 21:28:00.097, 1, 233.60, 48, 2857, 16051, 31366
2026/09/25 21:28:00.347, 0, 250.77, 43, 2895, 16051, 31938
2026/09/25 21:28:00.347, 1, 233.60, 46, 2857, 16051, 31366
2026/09/25 21:28:00.597, 0, 250.77, 43, 2895, 16051, 31938
2026/09/25 21:28:00.597, 1, 233.60, 46, 2857, 16051, 31366
2026/09/25 21:28:00.847, 0, 265.94, 39, 2865, 16051, 31938
2026/09/25 21:28:00.847, 1, 255.10, 41, 2827, 16051, 31366
2026/09/25 21:28:01.097, 0, 265.94, 39, 2865, 16051, 31938
2026/09/25 21:28:01.098, 1, 255.10, 41, 2827, 16051, 31366
2026/09/25 21:28:01.348, 0, 265.94, 44, 2865, 16051, 31938
2026/09/25 21:28:01.348, 1, 255.10, 44, 2827, 16051, 31366
2026/09/25 21:28:01.598, 0, 265.94, 44, 2865, 16051, 31938
2026/09/25 21:28:01.598, 1, 255.10, 44, 2827, 16051, 31366
2026/09/25 21:28:01.848, 0, 272.56, 39, 2872, 16051, 31938
2026/09/25 21:28:01.848, 1, 256.00, 41, 2835, 16051, 31366
2026/09/25 21:28:02.098, 0, 272.56, 39, 2872, 16051, 31938
2026/09/25 21:28:02.098, 1, 256.00, 41, 2835, 16051, 31366
2026/09/25 21:28:02.348, 0, 272.56, 45, 2872, 16051, 31938
2026/09/25 21:28:02.348, 1, 256.00, 48, 2835, 16051, 31366
2026/09/25 21:28:02.598, 0, 272.56, 45, 2872, 16051, 31938
2026/09/25 21:28:02.599, 1, 256.00, 48, 2835, 16051, 31366
2026/09/25 21:28:02.849, 0, 272.14, 39, 2865, 16051, 31938
2026/09/25 21:28:02.849, 1, 254.58, 42, 2835, 16051, 31366
2026/09/25 21:28:03.099, 0, 272.14, 39, 2865, 16051, 31938
2026/09/25 21:28:03.099, 1, 254.58, 42, 2835, 16051, 31366
2026/09/25 21:28:03.349, 0, 272.14, 43, 2865, 16051, 31938
2026/09/25 21:28:03.349, 1, 254.58, 45, 2835, 16051, 31366
2026/09/25 21:28:03.599, 0, 272.14, 43, 2865, 16051, 31938
2026/09/25 21:28:03.599, 1, 254.58, 45, 2835, 16051, 31366
2026/09/25 21:28:03.849, 0, 277.93, 47, 2865, 16051, 31938
2026/09/25 21:28:03.849, 1, 257.98, 48, 2827, 16051, 31366
2026/09/25 21:28:04.099, 0, 277.93, 47, 2865, 16051, 31938
2026/09/25 21:28:04.100, 1, 257.98, 48, 2827, 16051, 31366
2026/09/25 21:28:04.350, 0, 277.93, 45, 2865, 16051, 31938
2026/09/25 21:28:04.350, 1, 257.98, 47, 2827, 16051, 31366
2026/09/25 21:28:04.600, 0, 277.93, 45, 2865, 16051, 31938
2026/09/25 21:28:04.600, 1, 257.98, 47, 2827, 16051, 31366
2026/09/25 21:28:04.850, 0, 281.95, 40, 2865, 16051, 31938
2026/09/25 21:28:04.850, 1, 264.50, 42, 2827, 16051, 31366
2026/09/25 21:28:05.100, 0, 281.95, 40, 2865, 16051, 31938
2026/09/25 21:28:05.100, 1, 264.50, 42, 2827, 16051, 31366
2026/09/25 21:28:05.350, 0, 281.95, 39, 2865, 16051, 31938
2026/09/25 21:28:05.350, 1, 264.50, 41, 2827, 16051, 31366
2026/09/25 21:28:05.601, 0, 281.95, 39, 2865, 16051, 31938
2026/09/25 21:28:05.601, 1, 264.50, 41, 2827, 16051, 31366
2026/09/25 21:28:05.851, 0, 281.01, 45, 2865, 16051, 31938
2026/09/25 21:28:05.851, 1, 262.22, 46, 2827, 16051, 31366
2026/09/25 21:28:06.101, 0, 281.01, 45, 2865, 16051, 31938
2026/09/25 21:28:06.101, 1, 262.22, 46, 2827, 16051, 31366
2026/09/25 21:28:06.351, 0, 281.01, 42, 2865, 16051, 31938
2026/09/25 21:28:06.351, 1, 262.22, 43, 2827, 16051, 31366
2026/09/25 21:28:06.601, 0, 281.01, 42, 2865, 16051, 31938
2026/09/25 21:28:06.601, 1, 262.22, 43, 2827, 16051, 31366
2026/09/25 21:28:06.851, 0, 283.69, 41, 2865, 16051, 31938
2026/09/25 21:28:06.851, 1, 265.93, 42, 2827, 16051, 31366
2026/09/25 21:28:07.102, 0, 283.69, 41, 2865, 16051, 31938
2026/09/25 21:28:07.102, 1, 265.93, 42, 2827, 16051, 31366
2026/09/25 21:28:07.352, 0, 283.69, 40, 2865, 16051, 31938
2026/09/25 21:28:07.352, 1, 265.93, 43, 2827, 16051, 31366
2026/09/25 21:28:07.602, 0, 283.69, 40, 2865, 16051, 31938
2026/09/25 21:28:07.602, 1, 265.93, 43, 2827, 16051, 31366
2026/09/25 21:28:07.852, 0, 284.08, 41, 2865, 16051, 31938
2026/09/25 21:28:07.852, 1, 265.92, 43, 2827, 16051, 31366
2026/09/25 21:28:08.102, 0, 284.08, 41, 2865, 16051, 31938
2026/09/25 21:28:08.102, 1, 265.92, 43, 2827, 16051, 31366
2026/09/25 21:28:08.353, 0, 269.81, 48, 2895, 16051, 31938
2026/09/25 21:28:08.353, 1, 246.21, 48, 2857, 16051, 31366
2026/09/25 21:28:08.603, 0, 269.81, 48, 2895, 16051, 31938
2026/09/25 21:28:08.603, 1, 246.21, 48, 2857, 16051, 31366
2026/09/25 21:28:08.853, 0, 269.81, 44, 2895, 16051, 31938
2026/09/25 21:28:08.853, 1, 246.21, 45, 2857, 16051, 31366
2026/09/25 21:28:09.103, 0, 269.81, 44, 2895, 16051, 31938
2026/09/25 21:28:09.103, 1, 246.21, 45, 2857, 16051, 31366
2026/09/25 21:28:09.353, 0, 269.81, 44, 2895, 16051, 31938
2026/09/25 21:28:09.353, 1, 246.21, 47, 2857, 16051, 31366
2026/09/25 21:28:09.604, 0, 269.81, 44, 2895, 16051, 31938
2026/09/25 21:28:09.604, 1, 246.21, 47, 2857, 16051, 31366
2026/09/25 21:28:09.854, 0, 273.79, 45, 2872, 16051, 31938
2026/09/25 21:28:09.854, 1, 260.33, 45, 2835, 16051, 31366
2026/09/25 21:28:10.104, 0, 273.79, 45, 2872, 16051, 31938
2026/09/25 21:28:10.104, 1, 260.33, 45, 2835, 16051, 31366
2026/09/25 21:28:10.354, 0, 273.79, 41, 2872, 16051, 31938
2026/09/25 21:28:10.354, 1, 260.33, 44, 2835, 16051, 31366
2026/09/25 21:28:10.604, 0, 273.79, 41, 2872, 16051, 31938
2026/09/25 21:28:10.604, 1, 260.33, 44, 2835, 16051, 31366
2026/09/25 21:28:10.854, 0, 277.07, 42, 2865, 16051, 31938
2026/09/25 21:28:10.854, 1, 259.16, 45, 2827, 16051, 31366
2026/09/25 21:28:11.104, 0, 277.07, 42, 2865, 16051, 31938
2026/09/25 21:28:11.105, 1, 259.16, 45, 2827, 16051, 31366
2026/09/25 21:28:11.355, 0, 277.07, 47, 2865, 16051, 31938
2026/09/25 21:28:11.355, 1, 259.16, 48, 2827, 16051, 31366
2026/09/25 21:28:11.605, 0, 277.07, 47, 2865, 16051, 31938
2026/09/25 21:28:11.605, 1, 259.16, 48, 2827, 16051, 31366
2026/09/25 21:28:11.855, 0, 279.63, 44, 2865, 16051, 31938
2026/09/25 21:28:11.855, 1, 260.10, 45, 2827, 16051, 31366
2026/09/25 21:28:12.105, 0, 279.63, 44, 2865, 16051, 31938
2026/09/25 21:28:12.105, 1, 260.10, 45, 2827, 16051, 31366
2026/09/25 21:28:12.355, 0, 279.63, 46, 2865, 16051, 31938
2026/09/25 21:28:12.355, 1, 260.10, 49, 2827, 16051, 31366
2026/09/25 21:28:12.605, 0, 279.63, 46, 2865, 16051, 31938
2026/09/25 21:28:12.606, 1, 260.10, 49, 2827, 16051, 31366
2026/09/25 21:28:12.856, 0, 283.09, 44, 2865, 16051, 31938
2026/09/25 21:28:12.856, 1, 266.57, 45, 2827, 16051, 31366
2026/09/25 21:28:13.106, 0, 283.09, 44, 2865, 16051, 31938
2026/09/25 21:28:13.106, 1, 266.57, 45, 2827, 16051, 31366
2026/09/25 21:28:13.356, 0, 283.09, 40, 2865, 16051, 31938
2026/09/25 21:28:13.356, 1, 266.57, 43, 2827, 16051, 31366
2026/09/25 21:28:13.606, 0, 283.09, 40, 2865, 16051, 31938
2026/09/25 21:28:13.606, 1, 266.57, 43, 2827, 16051, 31366
2026/09/25 21:28:13.856, 0, 285.90, 48, 2865, 16051, 31938
2026/09/25 21:28:13.856, 1, 266.26, 48, 2827, 16051, 31366
2026/09/25 21:28:14.106, 0, 285.90, 48, 2865, 16051, 31938
2026/09/25 21:28:14.107, 1, 266.26, 48, 2827, 16051, 31366
2026/09/25 21:28:14.357, 0, 285.90, 40, 2865, 16051, 31938
2026/09/25 21:28:14.357, 1, 266.26, 42, 2827, 16051, 31366
2026/09/25 21:28:14.607, 0, 285.90, 40, 2865, 16051, 31938
2026/09/25 21:28:14.607, 1, 266.26, 42, 2827, 16051, 31366
2026/09/25 21:28:14.857, 0, 279.94, 48, 2865, 16051, 31938
2026/09/25 21:28:14.857, 1, 261.89, 48, 2827, 16051, 31366
2026/09/25 21:28:15.107, 0, 279.94, 48, 2865, 16051, 31938
2026/09/25 21:28:15.107, 1, 261.89, 48, 2827, 16051, 31366
2026/09/25 21:28:15.357, 0, 279.94, 46, 2865, 16051, 31938
2026/09/25 21:28:15.357, 1, 261.89, 47, 2827, 16051, 31366
2026/09/25 21:28:15.608, 0, 279.94, 46, 2865, 16051, 31938
2026/09/25 21:28:15.608, 1, 261.89, 47, 2827, 16051, 31366
2026/09/25 21:28:15.858, 0, 289.02, 46, 2865, 16051, 31938
2026/09/25 21:28:15.858, 1, 269.24, 47, 2827, 16051, 31366
2026/09/25 21:28:16.108, 0, 289.02, 46, 2865, 16051, 31938
2026/09/25 21:28:16.108, 1, 269.24, 47, 2827, 16051, 31366
2026/09/25 21:28:16.358, 0, 289.02, 40, 2865, 16051, 31938
2026/09/25 21:28:16.358, 1, 269.24, 42, 2827, 16051, 31366
2026/09/25 21:28:16.608, 0, 289.02, 40, 2865, 16051, 31938
2026/09/25 21:28:16.608, 1, 269.24, 42, 2827, 16051, 31366
2026/09/25 21:28:16.858, 0, 279.88, 42, 2880, 16051, 31938
2026/09/25 21:28:16.858, 1, 264.92, 47, 2842, 16051, 31366
2026/09/25 21:28:17.109, 0, 279.88, 42, 2880, 16051, 31938
2026/09/25 21:28:17.109, 1, 264.92, 47, 2842, 16051, 31366
2026/09/25 21:28:17.359, 0, 251.19, 45, 2895, 16051, 31938
2026/09/25 21:28:17.359, 1, 233.34, 40, 2857, 16051, 31366
2026/09/25 21:28:17.609, 0, 251.19, 45, 2895, 16051, 31938
2026/09/25 21:28:17.609, 1, 233.34, 40, 2857, 16051, 31366
2026/09/25 21:28:17.859, 0, 251.19, 37, 2895, 16051, 31938
2026/09/25 21:28:17.859, 1, 233.34, 47, 2857, 16051, 31366
2026/09/25 21:28:18.109, 0, 251.19, 37, 2895, 16051, 31938
2026/09/25 21:28:18.110, 1, 233.34, 47, 2857, 16051, 31366
2026/09/25 21:28:18.360, 0, 251.19, 39, 2895, 16051, 31938
2026/09/25 21:28:18.360, 1, 233.34, 44, 2857, 16051, 31366
2026/09/25 21:28:18.610, 0, 251.19, 39, 2895, 16051, 31938
2026/09/25 21:28:18.610, 1, 233.34, 44, 2857, 16051, 31366
2026/09/25 21:28:18.860, 0, 255.54, 42, 2857, 16051, 31938
2026/09/25 21:28:18.860, 1, 250.75, 44, 2827, 16051, 31366
2026/09/25 21:28:19.110, 0, 255.54, 42, 2857, 16051, 31938
2026/09/25 21:28:19.110, 1, 250.75, 44, 2827, 16051, 31366
2026/09/25 21:28:19.360, 0, 255.54, 43, 2857, 16051, 31938
2026/09/25 21:28:19.360, 1, 250.75, 43, 2827, 16051, 31366
2026/09/25 21:28:19.610, 0, 255.54, 43, 2857, 16051, 31938
2026/09/25 21:28:19.610, 1, 250.75, 43, 2827, 16051, 31366
2026/09/25 21:28:19.861, 0, 274.82, 44, 2865, 16051, 31938
2026/09/25 21:28:19.861, 1, 264.98, 46, 2827, 16051, 31366
2026/09/25 21:28:20.111, 0, 274.82, 44, 2865, 16051, 31938
2026/09/25 21:28:20.111, 1, 264.98, 46, 2827, 16051, 31366
2026/09/25 21:28:20.361, 0, 274.82, 42, 2865, 16051, 31938
2026/09/25 21:28:20.361, 1, 264.98, 44, 2827, 16051, 31366
2026/09/25 21:28:20.611, 0, 274.82, 42, 2865, 16051, 31938
2026/09/25 21:28:20.611, 1, 264.98, 44, 2827, 16051, 31366
2026/09/25 21:28:20.861, 0, 279.91, 44, 2857, 16051, 31938
2026/09/25 21:28:20.861, 1, 266.97, 45, 2827, 16051, 31366
2026/09/25 21:28:21.112, 0, 279.91, 44, 2857, 16051, 31938
2026/09/25 21:28:21.112, 1, 266.97, 45, 2827, 16051, 31366
2026/09/25 21:28:21.362, 0, 279.91, 43, 2857, 16051, 31938
2026/09/25 21:28:21.362, 1, 266.97, 46, 2827, 16051, 31366
2026/09/25 21:28:21.612, 0, 279.91, 43, 2857, 16051, 31938
2026/09/25 21:28:21.612, 1, 266.97, 46, 2827, 16051, 31366
2026/09/25 21:28:21.862, 0, 277.39, 44, 2857, 16051, 31938
2026/09/25 21:28:21.862, 1, 263.84, 45, 2827, 16051, 31366
2026/09/25 21:28:22.112, 0, 277.39, 44, 2857, 16051, 31938
2026/09/25 21:28:22.112, 1, 263.84, 45, 2827, 16051, 31366
2026/09/25 21:28:22.362, 0, 277.39, 42, 2857, 16051, 31938
2026/09/25 21:28:22.362, 1, 263.84, 44, 2827, 16051, 31366
2026/09/25 21:28:22.612, 0, 277.39, 42, 2857, 16051, 31938
2026/09/25 21:28:22.613, 1, 263.84, 44, 2827, 16051, 31366
2026/09/25 21:28:22.863, 0, 280.85, 45, 2857, 16051, 31938
2026/09/25 21:28:22.863, 1, 266.32, 46, 2820, 16051, 31366
2026/09/25 21:28:23.113, 0, 280.85, 45, 2857, 16051, 31938
2026/09/25 21:28:23.113, 1, 266.32, 46, 2820, 16051, 31366
2026/09/25 21:28:23.363, 0, 280.85, 39, 2857, 16051, 31938
2026/09/25 21:28:23.363, 1, 266.32, 43, 2820, 16051, 31366
2026/09/25 21:28:23.613, 0, 280.85, 39, 2857, 16051, 31938
2026/09/25 21:28:23.613, 1, 266.32, 43, 2820, 16051, 31366
2026/09/25 21:28:23.863, 0, 278.68, 44, 2857, 16051, 31938
2026/09/25 21:28:23.864, 1, 265.86, 44, 2827, 16051, 31366
2026/09/25 21:28:24.114, 0, 278.68, 44, 2857, 16051, 31938
2026/09/25 21:28:24.114, 1, 265.86, 44, 2827, 16051, 31366
2026/09/25 21:28:24.364, 0, 278.68, 43, 2857, 16051, 31938
2026/09/25 21:28:24.364, 1, 265.86, 45, 2827, 16051, 31366
2026/09/25 21:28:24.614, 0, 278.68, 43, 2857, 16051, 31938
2026/09/25 21:28:24.614, 1, 265.86, 45, 2827, 16051, 31366
2026/09/25 21:28:24.864, 0, 282.23, 45, 2857, 16051, 31938
2026/09/25 21:28:24.864, 1, 268.98, 47, 2820, 16051, 31366
2026/09/25 21:28:25.114, 0, 282.23, 45, 2857, 16051, 31938
2026/09/25 21:28:25.114, 1, 268.98, 47, 2820, 16051, 31366
2026/09/25 21:28:25.365, 0, 282.23, 41, 2857, 16051, 31938
2026/09/25 21:28:25.365, 1, 268.98, 44, 2820, 16051, 31366
2026/09/25 21:28:25.615, 0, 282.23, 41, 2857, 16051, 31938
2026/09/25 21:28:25.615, 1, 268.98, 44, 2820, 16051, 31366
2026/09/25 21:28:25.865, 0, 282.42, 41, 2857, 16051, 31938
2026/09/25 21:28:25.865, 1, 268.54, 42, 2827, 16051, 31366
2026/09/25 21:28:26.115, 0, 282.42, 41, 2857, 16051, 31938
2026/09/25 21:28:26.115, 1, 268.54, 42, 2827, 16051, 31366
2026/09/25 21:28:26.365, 0, 282.42, 43, 2857, 16051, 31938
2026/09/25 21:28:26.365, 1, 268.54, 44, 2827, 16051, 31366
2026/09/25 21:28:26.615, 0, 282.42, 43, 2857, 16051, 31938
2026/09/25 21:28:26.615, 1, 268.54, 44, 2827, 16051, 31366
2026/09/25 21:28:26.866, 0, 283.22, 42, 2865, 16051, 31938
2026/09/25 21:28:26.866, 1, 268.26, 44, 2827, 16051, 31366
2026/09/25 21:28:27.116, 0, 283.22, 42, 2865, 16051, 31938
2026/09/25 21:28:27.116, 1, 268.26, 44, 2827, 16051, 31366
2026/09/25 21:28:27.367, 0, 283.22, 40, 2865, 16051, 31938
2026/09/25 21:28:27.367, 1, 268.26, 44, 2827, 16051, 31366
2026/09/25 21:28:27.617, 0, 283.22, 40, 2865, 16051, 31938
2026/09/25 21:28:27.617, 1, 268.26, 44, 2827, 16051, 31366
2026/09/25 21:28:27.867, 0, 251.69, 37, 2895, 16051, 31938
2026/09/25 21:28:27.867, 1, 228.08, 40, 2857, 16051, 31366
2026/09/25 21:28:28.117, 0, 251.69, 37, 2895, 16051, 31938
2026/09/25 21:28:28.118, 1, 228.08, 40, 2857, 16051, 31366
2026/09/25 21:28:28.368, 0, 251.69, 45, 2895, 16051, 31938
2026/09/25 21:28:28.368, 1, 228.08, 48, 2857, 16051, 31366
2026/09/25 21:28:28.618, 0, 251.69, 45, 2895, 16051, 31938
2026/09/25 21:28:28.618, 1, 228.08, 48, 2857, 16051, 31366
2026/09/25 21:28:28.868, 0, 267.67, 42, 2865, 16051, 31938
2026/09/25 21:28:28.868, 1, 262.91, 45, 2827, 16051, 31366
2026/09/25 21:28:29.118, 0, 267.67, 42, 2865, 16051, 31938
2026/09/25 21:28:29.118, 1, 262.91, 45, 2827, 16051, 31366
2026/09/25 21:28:29.368, 0, 267.67, 45, 2865, 16051, 31938
2026/09/25 21:28:29.368, 1, 262.91, 47, 2827, 16051, 31366
2026/09/25 21:28:29.619, 0, 267.67, 45, 2865, 16051, 31938
2026/09/25 21:28:29.619, 1, 262.91, 47, 2827, 16051, 31366
2026/09/25 21:28:29.869, 0, 277.82, 43, 2857, 16051, 31938
2026/09/25 21:28:29.869, 1, 266.07, 46, 2820, 16051, 31366
2026/09/25 21:28:30.119, 0, 277.82, 43, 2857, 16051, 31938
2026/09/25 21:28:30.119, 1, 266.07, 46, 2820, 16051, 31366
2026/09/25 21:28:30.369, 0, 277.82, 41, 2857, 16051, 31938
2026/09/25 21:28:30.369, 1, 266.07, 43, 2820, 16051, 31366
2026/09/25 21:28:30.619, 0, 277.82, 41, 2857, 16051, 31938
2026/09/25 21:28:30.619, 1, 266.07, 43, 2820, 16051, 31366
2026/09/25 21:28:30.870, 0, 275.51, 36, 2865, 16051, 31938
2026/09/25 21:28:30.870, 1, 264.43, 37, 2827, 16051, 31366
2026/09/25 21:28:31.120, 0, 275.51, 36, 2865, 16051, 31938
2026/09/25 21:28:31.120, 1, 264.43, 37, 2827, 16051, 31366
2026/09/25 21:28:31.370, 0, 275.51, 42, 2865, 16051, 31938
2026/09/25 21:28:31.370, 1, 264.43, 44, 2827, 16051, 31366
2026/09/25 21:28:31.620, 0, 275.51, 42, 2865, 16051, 31938
2026/09/25 21:28:31.620, 1, 264.43, 44, 2827, 16051, 31366
2026/09/25 21:28:31.870, 0, 278.65, 43, 2857, 16051, 31938
2026/09/25 21:28:31.870, 1, 264.14, 46, 2827, 16051, 31366
2026/09/25 21:28:32.120, 0, 278.65, 43, 2857, 16051, 31938
2026/09/25 21:28:32.121, 1, 264.14, 46, 2827, 16051, 31366
2026/09/25 21:28:32.371, 0, 278.65, 43, 2857, 16051, 31938
2026/09/25 21:28:32.371, 1, 264.14, 45, 2827, 16051, 31366
2026/09/25 21:28:32.621, 0, 278.65, 43, 2857, 16051, 31938
2026/09/25 21:28:32.621, 1, 264.14, 45, 2827, 16051, 31366
2026/09/25 21:28:32.871, 0, 281.39, 44, 2857, 16051, 31938
2026/09/25 21:28:32.871, 1, 268.14, 45, 2827, 16051, 31366
2026/09/25 21:28:33.121, 0, 281.39, 44, 2857, 16051, 31938
2026/09/25 21:28:33.121, 1, 268.14, 45, 2827, 16051, 31366
2026/09/25 21:28:33.371, 0, 281.39, 41, 2857, 16051, 31938
2026/09/25 21:28:33.371, 1, 268.14, 43, 2827, 16051, 31366
2026/09/25 21:28:33.621, 0, 281.39, 41, 2857, 16051, 31938
2026/09/25 21:28:33.622, 1, 268.14, 43, 2827, 16051, 31366
2026/09/25 21:28:33.872, 0, 281.62, 43, 2857, 16051, 31938
2026/09/25 21:28:33.872, 1, 269.17, 43, 2820, 16051, 31366
2026/09/25 21:28:34.122, 0, 281.62, 43, 2857, 16051, 31938
2026/09/25 21:28:34.122, 1, 269.17, 43, 2820, 16051, 31366
2026/09/25 21:28:34.372, 0, 281.62, 42, 2857, 16051, 31938
2026/09/25 21:28:34.372, 1, 269.17, 44, 2820, 16051, 31366
2026/09/25 21:28:34.622, 0, 281.62, 42, 2857, 16051, 31938
2026/09/25 21:28:34.622, 1, 269.17, 44, 2820, 16051, 31366
2026/09/25 21:28:34.872, 0, 283.61, 39, 2857, 16051, 31938
2026/09/25 21:28:34.872, 1, 270.62, 44, 2820, 16051, 31366
2026/09/25 21:28:35.122, 0, 283.61, 39, 2857, 16051, 31938
2026/09/25 21:28:35.123, 1, 270.62, 44, 2820, 16051, 31366
2026/09/25 21:28:35.373, 0, 283.61, 43, 2857, 16051, 31938
2026/09/25 21:28:35.373, 1, 270.62, 46, 2820, 16051, 31366
2026/09/25 21:28:35.623, 0, 283.61, 43, 2857, 16051, 31938
2026/09/25 21:28:35.623, 1, 270.62, 46, 2820, 16051, 31366
2026/09/25 21:28:35.873, 0, 285.14, 45, 2857, 16051, 31938
2026/09/25 21:28:35.873, 1, 270.96, 47, 2820, 16051, 31366
2026/09/25 21:28:36.123, 0, 285.14, 45, 2857, 16051, 31938
2026/09/25 21:28:36.123, 1, 270.96, 47, 2820, 16051, 31366
2026/09/25 21:28:36.373, 0, 285.14, 41, 2857, 16051, 31938
2026/09/25 21:28:36.373, 1, 270.96, 46, 2820, 16051, 31366
2026/09/25 21:28:36.623, 0, 285.14, 41, 2857, 16051, 31938
2026/09/25 21:28:36.624, 1, 270.96, 46, 2820, 16051, 31366
2026/09/25 21:28:36.874, 0, 280.61, 43, 2865, 16051, 31938
2026/09/25 21:28:36.874, 1, 268.00, 46, 2827, 16051, 31366
2026/09/25 21:28:37.124, 0, 280.61, 43, 2865, 16051, 31938
2026/09/25 21:28:37.124, 1, 268.00, 46, 2827, 16051, 31366
2026/09/25 21:28:37.374, 0, 263.12, 53, 2895, 16051, 31938
2026/09/25 21:28:37.374, 1, 244.24, 47, 2857, 16051, 31366
2026/09/25 21:28:37.624, 0, 263.12, 53, 2895, 16051, 31938
2026/09/25 21:28:37.624, 1, 244.24, 47, 2857, 16051, 31366
2026/09/25 21:28:37.874, 0, 263.12, 38, 2895, 16051, 31938
2026/09/25 21:28:37.875, 1, 244.24, 43, 2857, 16051, 31366
2026/09/25 21:28:38.125, 0, 263.12, 38, 2895, 16051, 31938
2026/09/25 21:28:38.125, 1, 244.24, 43, 2857, 16051, 31366
2026/09/25 21:28:38.375, 0, 263.12, 46, 2895, 16051, 31938
2026/09/25 21:28:38.375, 1, 244.24, 48, 2857, 16051, 31366
2026/09/25 21:28:38.625, 0, 263.12, 46, 2895, 16051, 31938
2026/09/25 21:28:38.625, 1, 244.24, 48, 2857, 16051, 31366
2026/09/25 21:28:38.875, 0, 273.06, 42, 2865, 16051, 31938
2026/09/25 21:28:38.875, 1, 267.34, 43, 2827, 16051, 31366
2026/09/25 21:28:39.125, 0, 273.06, 42, 2865, 16051, 31938
2026/09/25 21:28:39.125, 1, 267.34, 43, 2827, 16051, 31366
2026/09/25 21:28:39.375, 0, 273.06, 42, 2865, 16051, 31938
2026/09/25 21:28:39.376, 1, 267.34, 45, 2827, 16051, 31366
2026/09/25 21:28:39.626, 0, 273.06, 42, 2865, 16051, 31938
2026/09/25 21:28:39.626, 1, 267.34, 45, 2827, 16051, 31366
2026/09/25 21:28:39.876, 0, 278.25, 43, 2865, 16051, 31938
2026/09/25 21:28:39.876, 1, 267.06, 44, 2827, 16051, 31366
2026/09/25 21:28:40.126, 0, 278.25, 43, 2865, 16051, 31938
2026/09/25 21:28:40.126, 1, 267.06, 44, 2827, 16051, 31366
2026/09/25 21:28:40.376, 0, 278.25, 44, 2865, 16051, 31938
2026/09/25 21:28:40.376, 1, 267.06, 45, 2827, 16051, 31366
2026/09/25 21:28:40.626, 0, 278.25, 44, 2865, 16051, 31938
2026/09/25 21:28:40.626, 1, 267.06, 45, 2827, 16051, 31366
2026/09/25 21:28:40.876, 0, 278.62, 43, 2857, 16051, 31938
2026/09/25 21:28:40.877, 1, 266.20, 46, 2827, 16051, 31366
2026/09/25 21:28:41.127, 0, 278.62, 43, 2857, 16051, 31938
2026/09/25 21:28:41.127, 1, 266.20, 46, 2827, 16051, 31366
2026/09/25 21:28:41.377, 0, 278.62, 44, 2857, 16051, 31938
2026/09/25 21:28:41.377, 1, 266.20, 45, 2827, 16051, 31366
2026/09/25 21:28:41.627, 0, 278.62, 44, 2857, 16051, 31938
2026/09/25 21:28:41.627, 1, 266.20, 45, 2827, 16051, 31366
2026/09/25 21:28:41.877, 0, 280.00, 45, 2857, 16051, 31938
2026/09/25 21:28:41.877, 1, 267.16, 47, 2820, 16051, 31366
2026/09/25 21:28:42.127, 0, 280.00, 45, 2857, 16051, 31938
2026/09/25 21:28:42.128, 1, 267.16, 47, 2820, 16051, 31366
2026/09/25 21:28:42.378, 0, 280.00, 42, 2857, 16051, 31938
2026/09/25 21:28:42.378, 1, 267.16, 44, 2820, 16051, 31366
2026/09/25 21:28:42.628, 0, 280.00, 42, 2857, 16051, 31938
2026/09/25 21:28:42.628, 1, 267.16, 44, 2820, 16051, 31366
2026/09/25 21:28:42.878, 0, 279.62, 43, 2865, 16051, 31938
2026/09/25 21:28:42.878, 1, 268.38, 46, 2820, 16051, 31366
2026/09/25 21:28:43.128, 0, 279.62, 43, 2865, 16051, 31938
2026/09/25 21:28:43.128, 1, 268.38, 46, 2820, 16051, 31366
2026/09/25 21:28:43.378, 0, 279.62, 41, 2865, 16051, 31938
2026/09/25 21:28:43.379, 1, 268.38, 42, 2820, 16051, 31366
2026/09/25 21:28:43.629, 0, 279.62, 41, 2865, 16051, 31938
2026/09/25 21:28:43.629, 1, 268.38, 42, 2820, 16051, 31366
2026/09/25 21:28:43.879, 0, 282.35, 44, 2865, 16051, 31938
2026/09/25 21:28:43.879, 1, 268.90, 45, 2827, 16051, 31366
2026/09/25 21:28:44.129, 0, 282.35, 44, 2865, 16051, 31938
2026/09/25 21:28:44.129, 1, 268.90, 45, 2827, 16051, 31366
2026/09/25 21:28:44.379, 0, 282.35, 44, 2865, 16051, 31938
2026/09/25 21:28:44.379, 1, 268.90, 46, 2827, 16051, 31366
2026/09/25 21:28:44.629, 0, 282.35, 44, 2865, 16051, 31938
2026/09/25 21:28:44.629, 1, 268.90, 46, 2827, 16051, 31366
2026/09/25 21:28:44.879, 0, 282.62, 46, 2857, 16051, 31938
2026/09/25 21:28:44.879, 1, 269.30, 46, 2820, 16051, 31366
2026/09/25 21:28:45.130, 0, 282.62, 46, 2857, 16051, 31938
2026/09/25 21:28:45.130, 1, 269.30, 46, 2820, 16051, 31366
2026/09/25 21:28:45.380, 0, 282.62, 43, 2857, 16051, 31938
2026/09/25 21:28:45.380, 1, 269.30, 45, 2820, 16051, 31366
2026/09/25 21:28:45.630, 0, 282.62, 43, 2857, 16051, 31938
2026/09/25 21:28:45.630, 1, 269.30, 45, 2820, 16051, 31366
2026/09/25 21:28:45.880, 0, 282.21, 39, 2857, 16051, 31938
2026/09/25 21:28:45.880, 1, 268.70, 44, 2827, 16051, 31366
2026/09/25 21:28:46.130, 0, 282.21, 39, 2857, 16051, 31938
2026/09/25 21:28:46.130, 1, 268.70, 44, 2827, 16051, 31366
2026/09/25 21:28:46.380, 0, 282.21, 40, 2857, 16051, 31938
2026/09/25 21:28:46.380, 1, 268.70, 44, 2827, 16051, 31366
2026/09/25 21:28:46.631, 0, 282.21, 40, 2857, 16051, 31938
2026/09/25 21:28:46.631, 1, 268.70, 44, 2827, 16051, 31366
2026/09/25 21:28:46.881, 0, 274.17, 50, 2887, 16051, 31938
2026/09/25 21:28:46.881, 1, 257.88, 40, 2850, 16051, 31366
2026/09/25 21:28:47.131, 0, 274.17, 50, 2887, 16051, 31938
2026/09/25 21:28:47.131, 1, 257.88, 40, 2850, 16051, 31366
2026/09/25 21:28:47.381, 0, 242.87, 37, 2895, 16051, 31938
2026/09/25 21:28:47.381, 1, 221.24, 36, 2857, 16051, 31366
2026/09/25 21:28:47.631, 0, 242.87, 37, 2895, 16051, 31938
2026/09/25 21:28:47.631, 1, 221.24, 36, 2857, 16051, 31366
2026/09/25 21:28:47.882, 0, 242.87, 44, 2895, 16051, 31938
2026/09/25 21:28:47.882, 1, 221.24, 48, 2857, 16051, 31366
2026/09/25 21:28:48.132, 0, 242.87, 44, 2895, 16051, 31938
2026/09/25 21:28:48.132, 1, 221.24, 48, 2857, 16051, 31366
2026/09/25 21:28:48.382, 0, 242.87, 42, 2895, 16051, 31938
2026/09/25 21:28:48.382, 1, 221.24, 46, 2857, 16051, 31366
2026/09/25 21:28:48.632, 0, 242.87, 42, 2895, 16051, 31938
2026/09/25 21:28:48.632, 1, 221.24, 46, 2857, 16051, 31366
2026/09/25 21:28:48.882, 0, 279.61, 42, 2865, 16051, 31938
2026/09/25 21:28:48.882, 1, 270.17, 45, 2827, 16051, 31366
2026/09/25 21:28:49.132, 0, 279.61, 42, 2865, 16051, 31938
2026/09/25 21:28:49.132, 1, 270.17, 45, 2827, 16051, 31366
2026/09/25 21:28:49.382, 0, 279.61, 43, 2865, 16051, 31938
2026/09/25 21:28:49.383, 1, 270.17, 45, 2827, 16051, 31366
2026/09/25 21:28:49.633, 0, 279.61, 43, 2865, 16051, 31938
2026/09/25 21:28:49.633, 1, 270.17, 45, 2827, 16051, 31366
2026/09/25 21:28:49.883, 0, 280.55, 43, 2857, 16051, 31938
2026/09/25 21:28:49.883, 1, 269.92, 45, 2827, 16051, 31366
2026/09/25 21:28:50.133, 0, 280.55, 43, 2857, 16051, 31938
2026/09/25 21:28:50.133, 1, 269.92, 45, 2827, 16051, 31366
2026/09/25 21:28:50.383, 0, 280.55, 42, 2857, 16051, 31938
2026/09/25 21:28:50.383, 1, 269.92, 44, 2827, 16051, 31366
2026/09/25 21:28:50.633, 0, 280.55, 42, 2857, 16051, 31938
2026/09/25 21:28:50.633, 1, 269.92, 44, 2827, 16051, 31366
2026/09/25 21:28:50.883, 0, 282.05, 44, 2857, 16051, 31938
2026/09/25 21:28:50.884, 1, 269.80, 45, 2827, 16051, 31366
2026/09/25 21:28:51.134, 0, 282.05, 44, 2857, 16051, 31938
2026/09/25 21:28:51.134, 1, 269.80, 45, 2827, 16051, 31366
2026/09/25 21:28:51.384, 0, 282.05, 42, 2857, 16051, 31938
2026/09/25 21:28:51.384, 1, 269.80, 43, 2827, 16051, 31366
2026/09/25 21:28:51.634, 0, 282.05, 42, 2857, 16051, 31938
2026/09/25 21:28:51.634, 1, 269.80, 43, 2827, 16051, 31366
2026/09/25 21:28:51.884, 0, 280.88, 42, 2857, 16051, 31938
2026/09/25 21:28:51.884, 1, 269.04, 45, 2827, 16051, 31366
2026/09/25 21:28:52.134, 0, 280.88, 42, 2857, 16051, 31938
2026/09/25 21:28:52.135, 1, 269.04, 45, 2827, 16051, 31366
2026/09/25 21:28:52.385, 0, 280.88, 44, 2857, 16051, 31938
2026/09/25 21:28:52.385, 1, 269.04, 46, 2827, 16051, 31366
2026/09/25 21:28:52.635, 0, 280.88, 44, 2857, 16051, 31938
2026/09/25 21:28:52.635, 1, 269.04, 46, 2827, 16051, 31366
2026/09/25 21:28:52.885, 0, 283.69, 44, 2857, 16051, 31938
2026/09/25 21:28:52.885, 1, 271.42, 46, 2820, 16051, 31366
2026/09/25 21:28:53.135, 0, 283.69, 44, 2857, 16051, 31938
2026/09/25 21:28:53.135, 1, 271.42, 46, 2820, 16051, 31366
2026/09/25 21:28:53.385, 0, 283.69, 43, 2857, 16051, 31938
2026/09/25 21:28:53.385, 1, 271.42, 46, 2820, 16051, 31366
2026/09/25 21:28:53.636, 0, 283.69, 43, 2857, 16051, 31938
2026/09/25 21:28:53.636, 1, 271.42, 46, 2820, 16051, 31366
2026/09/25 21:28:53.886, 0, 285.59, 44, 2857, 16051, 31938
2026/09/25 21:28:53.886, 1, 273.55, 45, 2827, 16051, 31366
2026/09/25 21:28:54.136, 0, 285.59, 44, 2857, 16051, 31938
2026/09/25 21:28:54.137, 1, 273.55, 45, 2827, 16051, 31366
2026/09/25 21:28:54.387, 0, 285.59, 45, 2857, 16051, 31938
2026/09/25 21:28:54.387, 1, 273.55, 45, 2827, 16051, 31366
2026/09/25 21:28:54.637, 0, 285.59, 45, 2857, 16051, 31938
2026/09/25 21:28:54.637, 1, 273.55, 45, 2827, 16051, 31366
2026/09/25 21:28:54.887, 0, 284.94, 44, 2850, 16051, 31938
2026/09/25 21:28:54.887, 1, 270.27, 45, 2827, 16051, 31366
2026/09/25 21:28:55.138, 0, 284.94, 44, 2850, 16051, 31938
2026/09/25 21:28:55.138, 1, 270.27, 45, 2827, 16051, 31366
2026/09/25 21:28:55.388, 0, 284.94, 45, 2850, 16051, 31938
2026/09/25 21:28:55.388, 1, 270.27, 47, 2827, 16051, 31366
2026/09/25 21:28:55.638, 0, 284.94, 45, 2850, 16051, 31938
2026/09/25 21:28:55.638, 1, 270.27, 47, 2827, 16051, 31366
2026/09/25 21:28:55.888, 0, 287.13, 41, 2865, 16051, 31938
2026/09/25 21:28:55.888, 1, 269.65, 40, 2827, 16051, 31366
2026/09/25 21:28:56.138, 0, 287.13, 41, 2865, 16051, 31938
2026/09/25 21:28:56.138, 1, 269.65, 40, 2827, 16051, 31366
2026/09/25 21:28:56.388, 0, 287.13, 48, 2865, 16051, 31938
2026/09/25 21:28:56.388, 1, 269.65, 27, 2827, 16051, 31366
2026/09/25 21:28:56.639, 0, 287.13, 48, 2865, 16051, 31938
2026/09/25 21:28:56.639, 1, 269.65, 27, 2827, 16051, 31366
2026/09/25 21:28:56.889, 0, 249.00, 44, 2895, 16051, 31938
2026/09/25 21:28:56.889, 1, 228.19, 41, 2857, 16051, 31366
2026/09/25 21:28:57.139, 0, 249.00, 44, 2895, 16051, 31938
2026/09/25 21:28:57.139, 1, 228.19, 41, 2857, 16051, 31366
2026/09/25 21:28:57.389, 0, 222.27, 49, 2895, 16051, 31938
2026/09/25 21:28:57.389, 1, 206.16, 47, 2857, 16051, 31366
2026/09/25 21:28:57.639, 0, 222.27, 49, 2895, 16051, 31938
2026/09/25 21:28:57.640, 1, 206.16, 47, 2857, 16051, 31366
2026/09/25 21:28:57.890, 0, 222.27, 32, 2895, 16051, 31938
2026/09/25 21:28:57.890, 1, 206.16, 59, 2857, 16051, 31366
2026/09/25 21:28:58.140, 0, 222.27, 32, 2895, 16051, 31938
2026/09/25 21:28:58.140, 1, 206.16, 59, 2857, 16051, 31366
2026/09/25 21:28:58.390, 0, 222.27, 41, 2895, 16051, 31938
2026/09/25 21:28:58.390, 1, 206.16, 45, 2857, 16051, 31366
2026/09/25 21:28:58.640, 0, 222.27, 41, 2895, 16051, 31938
2026/09/25 21:28:58.640, 1, 206.16, 45, 2857, 16051, 31366
2026/09/25 21:28:58.890, 0, 273.28, 44, 2865, 16051, 31938
2026/09/25 21:28:58.891, 1, 271.99, 48, 2820, 16051, 31366
2026/09/25 21:28:59.141, 0, 273.28, 44, 2865, 16051, 31938
2026/09/25 21:28:59.141, 1, 271.99, 48, 2820, 16051, 31366
2026/09/25 21:28:59.391, 0, 273.28, 44, 2865, 16051, 31938
2026/09/25 21:28:59.391, 1, 271.99, 47, 2820, 16051, 31366
2026/09/25 21:28:59.641, 0, 273.28, 44, 2865, 16051, 31938
2026/09/25 21:28:59.641, 1, 271.99, 47, 2820, 16051, 31366
2026/09/25 21:28:59.891, 0, 282.14, 46, 2857, 16051, 31938
2026/09/25 21:28:59.891, 1, 267.66, 47, 2827, 16051, 31366
2026/09/25 21:29:00.141, 0, 282.14, 46, 2857, 16051, 31938
2026/09/25 21:29:00.141, 1, 267.66, 47, 2827, 16051, 31366
2026/09/25 21:29:00.391, 0, 282.14, 40, 2857, 16051, 31938
2026/09/25 21:29:00.391, 1, 267.66, 40, 2827, 16051, 31366
2026/09/25 21:29:00.641, 0, 282.14, 40, 2857, 16051, 31938
2026/09/25 21:29:00.642, 1, 267.66, 40, 2827, 16051, 31366
2026/09/25 21:29:00.892, 0, 279.95, 44, 2865, 16051, 31938
2026/09/25 21:29:00.892, 1, 264.42, 48, 2827, 16051, 31366
2026/09/25 21:29:01.142, 0, 279.95, 44, 2865, 16051, 31938
2026/09/25 21:29:01.142, 1, 264.42, 48, 2827, 16051, 31366
2026/09/25 21:29:01.392, 0, 279.95, 40, 2865, 16051, 31938
2026/09/25 21:29:01.392, 1, 264.42, 42, 2827, 16051, 31366
2026/09/25 21:29:01.642, 0, 279.95, 40, 2865, 16051, 31938
2026/09/25 21:29:01.642, 1, 264.42, 42, 2827, 16051, 31366
2026/09/25 21:29:01.892, 0, 279.68, 41, 2857, 16051, 31938
2026/09/25 21:29:01.892, 1, 266.40, 42, 2827, 16051, 31366
2026/09/25 21:29:02.142, 0, 279.68, 41, 2857, 16051, 31938
2026/09/25 21:29:02.142, 1, 266.40, 42, 2827, 16051, 31366
2026/09/25 21:29:02.392, 0, 279.68, 45, 2857, 16051, 31938
2026/09/25 21:29:02.392, 1, 266.40, 42, 2827, 16051, 31366
2026/09/25 21:29:02.643, 0, 279.68, 45, 2857, 16051, 31938
2026/09/25 21:29:02.643, 1, 266.40, 42, 2827, 16051, 31366
2026/09/25 21:29:02.893, 0, 285.02, 45, 2857, 16051, 31938
2026/09/25 21:29:02.893, 1, 270.97, 42, 2820, 16051, 31366
2026/09/25 21:29:03.143, 0, 285.02, 45, 2857, 16051, 31938
2026/09/25 21:29:03.143, 1, 270.97, 42, 2820, 16051, 31366
2026/09/25 21:29:03.393, 0, 285.02, 46, 2857, 16051, 31938
2026/09/25 21:29:03.393, 1, 270.97, 46, 2820, 16051, 31366
2026/09/25 21:29:03.643, 0, 285.02, 46, 2857, 16051, 31938
2026/09/25 21:29:03.643, 1, 270.97, 46, 2820, 16051, 31366
2026/09/25 21:29:03.893, 0, 285.65, 44, 2857, 16051, 31938
2026/09/25 21:29:03.893, 1, 270.30, 48, 2820, 16051, 31366
2026/09/25 21:29:04.143, 0, 285.65, 44, 2857, 16051, 31938
2026/09/25 21:29:04.143, 1, 270.30, 48, 2820, 16051, 31366
2026/09/25 21:29:04.393, 0, 285.65, 43, 2857, 16051, 31938
2026/09/25 21:29:04.394, 1, 270.30, 40, 2820, 16051, 31366
2026/09/25 21:29:04.644, 0, 285.65, 43, 2857, 16051, 31938
2026/09/25 21:29:04.644, 1, 270.30, 40, 2820, 16051, 31366
2026/09/25 21:29:04.894, 0, 286.64, 45, 2857, 16051, 31938
2026/09/25 21:29:04.894, 1, 270.75, 48, 2820, 16051, 31366
2026/09/25 21:29:05.144, 0, 286.64, 45, 2857, 16051, 31938
2026/09/25 21:29:05.144, 1, 270.75, 48, 2820, 16051, 31366
2026/09/25 21:29:05.394, 0, 286.64, 43, 2857, 16051, 31938
2026/09/25 21:29:05.394, 1, 270.75, 41, 2820, 16051, 31366
2026/09/25 21:29:05.644, 0, 286.64, 43, 2857, 16051, 31938
2026/09/25 21:29:05.644, 1, 270.75, 41, 2820, 16051, 31366
2026/09/25 21:29:05.894, 0, 285.85, 41, 2857, 16051, 31938
2026/09/25 21:29:05.894, 1, 271.14, 41, 2820, 16051, 31366
2026/09/25 21:29:06.144, 0, 285.85, 41, 2857, 16051, 31938
2026/09/25 21:29:06.144, 1, 271.14, 41, 2820, 16051, 31366
2026/09/25 21:29:06.395, 0, 285.85, 45, 2857, 16051, 31938
2026/09/25 21:29:06.395, 1, 271.14, 41, 2820, 16051, 31366
2026/09/25 21:29:06.645, 0, 285.85, 45, 2857, 16051, 31938
2026/09/25 21:29:06.645, 1, 271.14, 41, 2820, 16051, 31366
2026/09/25 21:29:06.895, 0, 288.64, 45, 2857, 16051, 31938
2026/09/25 21:29:06.895, 1, 273.19, 41, 2820, 16051, 31366
2026/09/25 21:29:07.145, 0, 288.64, 45, 2857, 16051, 31938
2026/09/25 21:29:07.146, 1, 273.19, 41, 2820, 16051, 31366
2026/09/25 21:29:07.397, 0, 288.64, 43, 2857, 16051, 31938
2026/09/25 21:29:07.397, 1, 273.19, 46, 2820, 16051, 31366
2026/09/25 21:29:07.647, 0, 288.64, 43, 2857, 16051, 31938
2026/09/25 21:29:07.647, 1, 273.19, 46, 2820, 16051, 31366
2026/09/25 21:29:07.897, 0, 257.42, 36, 2895, 16051, 31938
2026/09/25 21:29:07.897, 1, 236.12, 45, 2857, 16051, 31366
2026/09/25 21:29:08.147, 0, 257.42, 36, 2895, 16051, 31938
2026/09/25 21:29:08.147, 1, 236.12, 45, 2857, 16051, 31366
2026/09/25 21:29:08.398, 0, 257.42, 41, 2895, 16051, 31938
2026/09/25 21:29:08.398, 1, 236.12, 46, 2857, 16051, 31366
2026/09/25 21:29:08.648, 0, 257.42, 41, 2895, 16051, 31938
2026/09/25 21:29:08.648, 1, 236.12, 46, 2857, 16051, 31366
2026/09/25 21:29:08.899, 0, 264.84, 43, 2865, 16051, 31938
2026/09/25 21:29:08.899, 1, 252.72, 47, 2827, 16051, 31366
2026/09/25 21:29:09.149, 0, 264.84, 43, 2865, 16051, 31938
2026/09/25 21:29:09.149, 1, 252.72, 47, 2827, 16051, 31366
2026/09/25 21:29:09.399, 0, 264.84, 39, 2865, 16051, 31938
2026/09/25 21:29:09.399, 1, 252.72, 43, 2827, 16051, 31366
2026/09/25 21:29:09.649, 0, 264.84, 39, 2865, 16051, 31938
2026/09/25 21:29:09.649, 1, 252.72, 43, 2827, 16051, 31366
2026/09/25 21:29:09.899, 0, 286.14, 45, 2857, 16051, 31938
2026/09/25 21:29:09.899, 1, 271.67, 47, 2820, 16051, 31366
2026/09/25 21:29:10.149, 0, 286.14, 45, 2857, 16051, 31938
2026/09/25 21:29:10.150, 1, 271.67, 47, 2820, 16051, 31366
2026/09/25 21:29:10.401, 0, 286.14, 43, 2857, 16051, 31938
2026/09/25 21:29:10.401, 1, 271.67, 43, 2820, 16051, 31366
2026/09/25 21:29:10.651, 0, 286.14, 43, 2857, 16051, 31938
2026/09/25 21:29:10.651, 1, 271.67, 43, 2820, 16051, 31366
2026/09/25 21:29:10.901, 0, 286.18, 42, 2857, 16051, 31938
2026/09/25 21:29:10.901, 1, 272.62, 42, 2820, 16051, 31366
2026/09/25 21:29:11.151, 0, 286.18, 42, 2857, 16051, 31938
2026/09/25 21:29:11.151, 1, 272.62, 42, 2820, 16051, 31366
2026/09/25 21:29:11.402, 0, 286.18, 42, 2857, 16051, 31938
2026/09/25 21:29:11.402, 1, 272.62, 45, 2820, 16051, 31366
2026/09/25 21:29:11.652, 0, 286.18, 42, 2857, 16051, 31938
2026/09/25 21:29:11.652, 1, 272.62, 45, 2820, 16051, 31366
2026/09/25 21:29:11.902, 0, 287.01, 48, 2857, 16051, 31938
2026/09/25 21:29:11.902, 1, 269.61, 46, 2820, 16051, 31366
2026/09/25 21:29:12.152, 0, 287.01, 48, 2857, 16051, 31938
2026/09/25 21:29:12.152, 1, 269.61, 46, 2820, 16051, 31366
2026/09/25 21:29:12.402, 0, 287.01, 40, 2857, 16051, 31938
2026/09/25 21:29:12.402, 1, 269.61, 46, 2820, 16051, 31366
2026/09/25 21:29:12.652, 0, 287.01, 40, 2857, 16051, 31938
2026/09/25 21:29:12.652, 1, 269.61, 46, 2820, 16051, 31366
2026/09/25 21:29:12.902, 0, 282.30, 41, 2857, 16051, 31938
2026/09/25 21:29:12.902, 1, 268.81, 44, 2820, 16051, 31366
2026/09/25 21:29:13.153, 0, 282.30, 41, 2857, 16051, 31938
2026/09/25 21:29:13.153, 1, 268.81, 44, 2820, 16051, 31366
2026/09/25 21:29:13.403, 0, 282.30, 42, 2857, 16051, 31938
2026/09/25 21:29:13.403, 1, 268.81, 40, 2820, 16051, 31366
2026/09/25 21:29:13.653, 0, 282.30, 42, 2857, 16051, 31938
2026/09/25 21:29:13.653, 1, 268.81, 40, 2820, 16051, 31366
2026/09/25 21:29:13.903, 0, 278.91, 40, 2850, 16051, 31938
2026/09/25 21:29:13.903, 1, 265.33, 44, 2827, 16051, 31366
2026/09/25 21:29:14.153, 0, 278.91, 40, 2850, 16051, 31938
2026/09/25 21:29:14.153, 1, 265.33, 44, 2827, 16051, 31366
2026/09/25 21:29:14.404, 0, 278.91, 42, 2850, 16051, 31938
2026/09/25 21:29:14.404, 1, 265.33, 48, 2827, 16051, 31366
2026/09/25 21:29:14.654, 0, 278.91, 42, 2850, 16051, 31938
2026/09/25 21:29:14.654, 1, 265.33, 48, 2827, 16051, 31366
2026/09/25 21:29:14.904, 0, 286.49, 47, 2857, 16051, 31938
2026/09/25 21:29:14.904, 1, 270.48, 48, 2820, 16051, 31366
2026/09/25 21:29:15.154, 0, 286.49, 47, 2857, 16051, 31938
2026/09/25 21:29:15.154, 1, 270.48, 48, 2820, 16051, 31366
2026/09/25 21:29:15.404, 0, 286.49, 40, 2857, 16051, 31938
2026/09/25 21:29:15.404, 1, 270.48, 39, 2820, 16051, 31366
2026/09/25 21:29:15.654, 0, 286.49, 40, 2857, 16051, 31938
2026/09/25 21:29:15.655, 1, 270.48, 39, 2820, 16051, 31366
2026/09/25 21:29:15.905, 0, 285.75, 38, 2857, 16051, 31938
2026/09/25 21:29:15.905, 1, 271.00, 42, 2820, 16051, 31366
2026/09/25 21:29:16.155, 0, 285.75, 38, 2857, 16051, 31938
2026/09/25 21:29:16.155, 1, 271.00, 42, 2820, 16051, 31366
2026/09/25 21:29:16.405, 0, 285.75, 47, 2857, 16051, 31938
2026/09/25 21:29:16.405, 1, 271.00, 43, 2820, 16051, 31366
2026/09/25 21:29:16.655, 0, 285.75, 47, 2857, 16051, 31938
2026/09/25 21:29:16.655, 1, 271.00, 43, 2820, 16051, 31366
2026/09/25 21:29:16.905, 0, 285.28, 46, 2857, 16051, 31938
2026/09/25 21:29:16.905, 1, 271.01, 47, 2820, 16051, 31366
2026/09/25 21:29:17.155, 0, 285.28, 46, 2857, 16051, 31938
2026/09/25 21:29:17.156, 1, 271.01, 47, 2820, 16051, 31366
2026/09/25 21:29:17.406, 0, 285.28, 43, 2857, 16051, 31938
2026/09/25 21:29:17.406, 1, 271.01, 43, 2820, 16051, 31366
2026/09/25 21:29:17.656, 0, 285.28, 43, 2857, 16051, 31938
2026/09/25 21:29:17.656, 1, 271.01, 43, 2820, 16051, 31366
2026/09/25 21:29:17.906, 0, 274.23, 46, 2895, 16051, 31938
2026/09/25 21:29:17.907, 1, 256.50, 43, 2857, 16051, 31366
2026/09/25 21:29:18.157, 0, 274.23, 46, 2895, 16051, 31938
2026/09/25 21:29:18.157, 1, 256.50, 43, 2857, 16051, 31366
2026/09/25 21:29:18.407, 0, 242.08, 39, 2895, 16051, 31938
2026/09/25 21:29:18.407, 1, 225.75, 49, 2857, 16051, 31366
2026/09/25 21:29:18.657, 0, 242.08, 39, 2895, 16051, 31938
2026/09/25 21:29:18.657, 1, 225.75, 49, 2857, 16051, 31366
2026/09/25 21:29:18.907, 0, 242.08, 41, 2895, 16051, 31938
2026/09/25 21:29:18.907, 1, 225.75, 45, 2857, 16051, 31366
2026/09/25 21:29:19.157, 0, 242.08, 41, 2895, 16051, 31938
2026/09/25 21:29:19.158, 1, 225.75, 45, 2857, 16051, 31366
2026/09/25 21:29:19.408, 0, 242.08, 43, 2895, 16051, 31938
2026/09/25 21:29:19.409, 1, 225.75, 46, 2857, 16051, 31366
2026/09/25 21:29:19.659, 0, 242.08, 43, 2895, 16051, 31938
2026/09/25 21:29:19.659, 1, 225.75, 46, 2857, 16051, 31366
2026/09/25 21:29:19.909, 0, 284.57, 43, 2865, 16051, 31938
2026/09/25 21:29:19.909, 1, 271.65, 45, 2827, 16051, 31366
2026/09/25 21:29:20.159, 0, 284.57, 43, 2865, 16051, 31938
2026/09/25 21:29:20.159, 1, 271.65, 45, 2827, 16051, 31366
2026/09/25 21:29:20.409, 0, 284.57, 44, 2865, 16051, 31938
2026/09/25 21:29:20.409, 1, 271.65, 43, 2827, 16051, 31366
2026/09/25 21:29:20.659, 0, 284.57, 44, 2865, 16051, 31938
2026/09/25 21:29:20.659, 1, 271.65, 43, 2827, 16051, 31366
2026/09/25 21:29:20.909, 0, 286.49, 45, 2857, 16051, 31938
2026/09/25 21:29:20.910, 1, 271.23, 46, 2827, 16051, 31366
2026/09/25 21:29:21.160, 0, 286.49, 45, 2857, 16051, 31938
2026/09/25 21:29:21.161, 1, 271.23, 46, 2827, 16051, 31366
2026/09/25 21:29:21.411, 0, 286.49, 43, 2857, 16051, 31938
2026/09/25 21:29:21.411, 1, 271.23, 42, 2827, 16051, 31366
2026/09/25 21:29:21.661, 0, 286.49, 43, 2857, 16051, 31938
2026/09/25 21:29:21.661, 1, 271.23, 42, 2827, 16051, 31366
2026/09/25 21:29:21.911, 0, 288.38, 46, 2857, 16051, 31938
2026/09/25 21:29:21.911, 1, 271.59, 45, 2827, 16051, 31366
2026/09/25 21:29:22.161, 0, 288.38, 46, 2857, 16051, 31938
2026/09/25 21:29:22.162, 1, 271.59, 45, 2827, 16051, 31366
2026/09/25 21:29:22.412, 0, 288.38, 47, 2857, 16051, 31938
2026/09/25 21:29:22.412, 1, 271.59, 47, 2827, 16051, 31366
2026/09/25 21:29:22.662, 0, 288.38, 47, 2857, 16051, 31938
2026/09/25 21:29:22.662, 1, 271.59, 47, 2827, 16051, 31366
2026/09/25 21:29:22.912, 0, 287.58, 40, 2857, 16051, 31938
2026/09/25 21:29:22.912, 1, 274.87, 48, 2820, 16051, 31366
2026/09/25 21:29:23.162, 0, 287.58, 40, 2857, 16051, 31938
2026/09/25 21:29:23.163, 1, 274.87, 48, 2820, 16051, 31366
2026/09/25 21:29:23.413, 0, 287.58, 43, 2857, 16051, 31938
2026/09/25 21:29:23.413, 1, 274.87, 48, 2820, 16051, 31366
2026/09/25 21:29:23.664, 0, 287.58, 43, 2857, 16051, 31938
2026/09/25 21:29:23.664, 1, 274.87, 48, 2820, 16051, 31366
2026/09/25 21:29:23.914, 0, 286.79, 42, 2857, 16051, 31938
2026/09/25 21:29:23.914, 1, 272.11, 48, 2820, 16051, 31366
2026/09/25 21:29:24.164, 0, 286.79, 42, 2857, 16051, 31938
2026/09/25 21:29:24.166, 1, 272.11, 48, 2820, 16051, 31366
2026/09/25 21:29:24.417, 0, 286.79, 40, 2857, 16051, 31938
2026/09/25 21:29:24.417, 1, 272.11, 42, 2820, 16051, 31366
2026/09/25 21:29:24.667, 0, 286.79, 40, 2857, 16051, 31938
2026/09/25 21:29:24.667, 1, 272.11, 42, 2820, 16051, 31366
2026/09/25 21:29:24.917, 0, 288.91, 40, 2857, 16051, 31938
2026/09/25 21:29:24.917, 1, 272.72, 43, 2820, 16051, 31366
2026/09/25 21:29:25.167, 0, 288.91, 40, 2857, 16051, 31938
2026/09/25 21:29:25.168, 1, 272.72, 43, 2820, 16051, 31366
2026/09/25 21:29:25.419, 0, 288.91, 39, 2857, 16051, 31938
2026/09/25 21:29:25.419, 1, 272.72, 45, 2820, 16051, 31366
2026/09/25 21:29:25.669, 0, 288.91, 39, 2857, 16051, 31938
2026/09/25 21:29:25.669, 1, 272.72, 45, 2820, 16051, 31366
2026/09/25 21:29:25.920, 0, 289.50, 42, 2857, 16051, 31938
2026/09/25 21:29:25.920, 1, 273.29, 42, 2820, 16051, 31366
2026/09/25 21:29:26.170, 0, 289.50, 42, 2857, 16051, 31938
2026/09/25 21:29:26.170, 1, 273.29, 42, 2820, 16051, 31366
2026/09/25 21:29:26.420, 0, 289.50, 40, 2857, 16051, 31938
2026/09/25 21:29:26.420, 1, 273.29, 43, 2820, 16051, 31366
2026/09/25 21:29:26.670, 0, 289.50, 40, 2857, 16051, 31938
2026/09/25 21:29:26.670, 1, 273.29, 43, 2820, 16051, 31366
2026/09/25 21:29:26.920, 0, 290.03, 47, 2857, 16051, 31938
2026/09/25 21:29:26.920, 1, 274.75, 45, 2820, 16051, 31366
2026/09/25 21:29:27.171, 0, 290.03, 47, 2857, 16051, 31938
2026/09/25 21:29:27.171, 1, 274.75, 45, 2820, 16051, 31366
2026/09/25 21:29:27.421, 0, 290.03, 39, 2857, 16051, 31938
2026/09/25 21:29:27.421, 1, 274.75, 42, 2820, 16051, 31366
2026/09/25 21:29:27.671, 0, 290.03, 39, 2857, 16051, 31938
2026/09/25 21:29:27.671, 1, 274.75, 42, 2820, 16051, 31366
2026/09/25 21:29:27.921, 0, 284.63, 33, 2872, 16051, 31938
2026/09/25 21:29:27.921, 1, 267.40, 26, 2842, 16051, 31366
2026/09/25 21:29:28.171, 0, 284.63, 33, 2872, 16051, 31938
2026/09/25 21:29:28.171, 1, 267.40, 26, 2842, 16051, 31366
2026/09/25 21:29:28.421, 0, 257.79, 52, 2895, 16051, 31938
2026/09/25 21:29:28.422, 1, 235.70, 37, 2857, 16051, 31366
2026/09/25 21:29:28.672, 0, 257.79, 52, 2895, 16051, 31938
2026/09/25 21:29:28.672, 1, 235.70, 37, 2857, 16051, 31366
2026/09/25 21:29:28.922, 0, 257.79, 41, 2895, 16051, 31938
2026/09/25 21:29:28.922, 1, 235.70, 45, 2857, 16051, 31366
2026/09/25 21:29:29.172, 0, 257.79, 41, 2895, 16051, 31938
2026/09/25 21:29:29.172, 1, 235.70, 45, 2857, 16051, 31366
2026/09/25 21:29:29.422, 0, 257.79, 40, 2895, 16051, 31938
2026/09/25 21:29:29.422, 1, 235.70, 45, 2857, 16051, 31366
2026/09/25 21:29:29.672, 0, 257.79, 40, 2895, 16051, 31938
2026/09/25 21:29:29.672, 1, 235.70, 45, 2857, 16051, 31366
2026/09/25 21:29:29.922, 0, 284.15, 44, 2865, 16051, 31938
2026/09/25 21:29:29.923, 1, 271.36, 46, 2827, 16051, 31366
2026/09/25 21:29:30.173, 0, 284.15, 44, 2865, 16051, 31938
2026/09/25 21:29:30.173, 1, 271.36, 46, 2827, 16051, 31366
2026/09/25 21:29:30.424, 0, 284.15, 45, 2865, 16051, 31938
2026/09/25 21:29:30.424, 1, 271.36, 45, 2827, 16051, 31366
2026/09/25 21:29:30.675, 0, 284.15, 45, 2865, 16051, 31938
2026/09/25 21:29:30.675, 1, 271.36, 45, 2827, 16051, 31366
2026/09/25 21:29:30.925, 0, 284.07, 45, 2857, 16051, 31938
2026/09/25 21:29:30.925, 1, 268.84, 45, 2820, 16051, 31366
2026/09/25 21:29:31.175, 0, 284.07, 45, 2857, 16051, 31938
2026/09/25 21:29:31.175, 1, 268.84, 45, 2820, 16051, 31366
2026/09/25 21:29:31.425, 0, 284.07, 44, 2857, 16051, 31938
2026/09/25 21:29:31.425, 1, 268.84, 44, 2820, 16051, 31366
2026/09/25 21:29:31.675, 0, 284.07, 44, 2857, 16051, 31938
2026/09/25 21:29:31.675, 1, 268.84, 44, 2820, 16051, 31366
2026/09/25 21:29:31.925, 0, 287.24, 41, 2857, 16051, 31938
2026/09/25 21:29:31.925, 1, 273.78, 47, 2820, 16051, 31366
2026/09/25 21:29:32.175, 0, 287.24, 41, 2857, 16051, 31938
2026/09/25 21:29:32.176, 1, 273.78, 47, 2820, 16051, 31366
2026/09/25 21:29:32.426, 0, 287.24, 46, 2857, 16051, 31938
2026/09/25 21:29:32.426, 1, 273.78, 43, 2820, 16051, 31366
2026/09/25 21:29:32.676, 0, 287.24, 46, 2857, 16051, 31938
2026/09/25 21:29:32.676, 1, 273.78, 43, 2820, 16051, 31366
2026/09/25 21:29:32.926, 0, 285.81, 42, 2857, 16051, 31938
2026/09/25 21:29:32.926, 1, 271.24, 40, 2827, 16051, 31366
2026/09/25 21:29:33.176, 0, 285.81, 42, 2857, 16051, 31938
2026/09/25 21:29:33.176, 1, 271.24, 40, 2827, 16051, 31366
2026/09/25 21:29:33.427, 0, 285.81, 44, 2857, 16051, 31938
2026/09/25 21:29:33.427, 1, 271.24, 49, 2827, 16051, 31366
2026/09/25 21:29:33.677, 0, 285.81, 44, 2857, 16051, 31938
2026/09/25 21:29:33.677, 1, 271.24, 49, 2827, 16051, 31366
2026/09/25 21:29:33.927, 0, 285.52, 41, 2857, 16051, 31938
2026/09/25 21:29:33.927, 1, 272.62, 47, 2827, 16051, 31366
2026/09/25 21:29:34.177, 0, 285.52, 41, 2857, 16051, 31938
2026/09/25 21:29:34.178, 1, 272.62, 47, 2827, 16051, 31366
2026/09/25 21:29:34.429, 0, 285.52, 48, 2857, 16051, 31938
2026/09/25 21:29:34.429, 1, 272.62, 45, 2827, 16051, 31366
2026/09/25 21:29:34.679, 0, 285.52, 48, 2857, 16051, 31938
2026/09/25 21:29:34.680, 1, 272.62, 45, 2827, 16051, 31366
2026/09/25 21:29:34.930, 0, 284.05, 42, 2857, 16051, 31938
2026/09/25 21:29:34.930, 1, 270.04, 41, 2820, 16051, 31366
2026/09/25 21:29:35.180, 0, 284.05, 42, 2857, 16051, 31938
2026/09/25 21:29:35.180, 1, 270.04, 41, 2820, 16051, 31366
2026/09/25 21:29:35.430, 0, 284.05, 47, 2857, 16051, 31938
2026/09/25 21:29:35.430, 1, 270.04, 46, 2820, 16051, 31366
2026/09/25 21:29:35.680, 0, 284.05, 47, 2857, 16051, 31938
2026/09/25 21:29:35.680, 1, 270.04, 46, 2820, 16051, 31366
2026/09/25 21:29:35.930, 0, 284.78, 47, 2857, 16051, 31938
2026/09/25 21:29:35.930, 1, 268.99, 45, 2827, 16051, 31366
2026/09/25 21:29:36.180, 0, 284.78, 47, 2857, 16051, 31938
2026/09/25 21:29:36.181, 1, 268.99, 45, 2827, 16051, 31366
2026/09/25 21:29:36.431, 0, 284.78, 46, 2857, 16051, 31938
2026/09/25 21:29:36.431, 1, 268.99, 43, 2827, 16051, 31366
2026/09/25 21:29:36.681, 0, 284.78, 46, 2857, 16051, 31938
2026/09/25 21:29:36.681, 1, 268.99, 43, 2827, 16051, 31366
2026/09/25 21:29:36.931, 0, 288.68, 39, 2857, 16051, 31938
2026/09/25 21:29:36.931, 1, 274.87, 43, 2820, 16051, 31366
2026/09/25 21:29:37.181, 0, 288.68, 39, 2857, 16051, 31938
2026/09/25 21:29:37.181, 1, 274.87, 43, 2820, 16051, 31366
2026/09/25 21:29:37.431, 0, 288.68, 43, 2857, 16051, 31938
2026/09/25 21:29:37.431, 1, 274.87, 49, 2820, 16051, 31366
2026/09/25 21:29:37.681, 0, 288.68, 43, 2857, 16051, 31938
2026/09/25 21:29:37.682, 1, 274.87, 49, 2820, 16051, 31366
2026/09/25 21:29:37.932, 0, 288.62, 48, 2857, 16051, 31938
2026/09/25 21:29:37.932, 1, 272.88, 47, 2827, 16051, 31366
2026/09/25 21:29:38.182, 0, 288.62, 48, 2857, 16051, 31938
2026/09/25 21:29:38.182, 1, 272.88, 47, 2827, 16051, 31366
2026/09/25 21:29:38.432, 0, 267.24, 43, 2895, 16051, 31938
2026/09/25 21:29:38.432, 1, 249.39, 40, 2857, 16051, 31366
2026/09/25 21:29:38.682, 0, 267.24, 43, 2895, 16051, 31938
2026/09/25 21:29:38.682, 1, 249.39, 40, 2857, 16051, 31366
2026/09/25 21:29:38.932, 0, 234.59, 45, 2895, 16051, 31938
2026/09/25 21:29:38.933, 1, 219.52, 41, 2857, 16051, 31366
2026/09/25 21:29:39.183, 0, 234.59, 45, 2895, 16051, 31938
2026/09/25 21:29:39.183, 1, 219.52, 41, 2857, 16051, 31366
2026/09/25 21:29:39.433, 0, 234.59, 41, 2895, 16051, 31938
2026/09/25 21:29:39.433, 1, 219.52, 34, 2857, 16051, 31366
2026/09/25 21:29:39.683, 0, 234.59, 41, 2895, 16051, 31938
2026/09/25 21:29:39.683, 1, 219.52, 34, 2857, 16051, 31366
2026/09/25 21:29:39.933, 0, 228.98, 54, 2895, 16051, 31938
2026/09/25 21:29:39.933, 1, 206.24, 41, 2857, 16051, 31366
2026/09/25 21:29:40.183, 0, 228.98, 54, 2895, 16051, 31938
2026/09/25 21:29:40.184, 1, 206.24, 41, 2857, 16051, 31366
2026/09/25 21:29:40.434, 0, 228.98, 54, 2895, 16051, 31938
2026/09/25 21:29:40.434, 1, 206.24, 41, 2857, 16051, 31366
2026/09/25 21:29:40.684, 0, 228.98, 54, 2895, 16051, 31938
2026/09/25 21:29:40.684, 1, 206.24, 41, 2857, 16051, 31366
2026/09/25 21:29:40.934, 0, 277.73, 41, 2857, 16051, 31938
2026/09/25 21:29:40.934, 1, 266.83, 42, 2820, 16051, 31366
2026/09/25 21:29:41.184, 0, 277.73, 41, 2857, 16051, 31938
2026/09/25 21:29:41.184, 1, 266.83, 42, 2820, 16051, 31366
2026/09/25 21:29:41.435, 0, 277.73, 40, 2857, 16051, 31938
2026/09/25 21:29:41.435, 1, 266.83, 41, 2820, 16051, 31366
2026/09/25 21:29:41.685, 0, 277.73, 40, 2857, 16051, 31938
2026/09/25 21:29:41.685, 1, 266.83, 41, 2820, 16051, 31366
2026/09/25 21:29:41.935, 0, 287.52, 46, 2857, 16051, 31938
2026/09/25 21:29:41.935, 1, 272.67, 43, 2820, 16051, 31366
2026/09/25 21:29:42.185, 0, 287.52, 46, 2857, 16051, 31938
2026/09/25 21:29:42.185, 1, 272.67, 43, 2820, 16051, 31366
2026/09/25 21:29:42.436, 0, 287.52, 45, 2857, 16051, 31938
2026/09/25 21:29:42.436, 1, 272.67, 41, 2820, 16051, 31366
2026/09/25 21:29:42.686, 0, 287.52, 45, 2857, 16051, 31938
2026/09/25 21:29:42.686, 1, 272.67, 41, 2820, 16051, 31366
2026/09/25 21:29:42.936, 0, 286.33, 43, 2857, 16051, 31938
2026/09/25 21:29:42.936, 1, 269.99, 42, 2820, 16051, 31366
2026/09/25 21:29:43.186, 0, 286.33, 43, 2857, 16051, 31938
2026/09/25 21:29:43.187, 1, 269.99, 42, 2820, 16051, 31366
2026/09/25 21:29:43.437, 0, 286.33, 47, 2857, 16051, 31938
2026/09/25 21:29:43.437, 1, 269.99, 43, 2820, 16051, 31366
2026/09/25 21:29:43.687, 0, 286.33, 47, 2857, 16051, 31938
2026/09/25 21:29:43.687, 1, 269.99, 43, 2820, 16051, 31366
2026/09/25 21:29:43.937, 0, 282.41, 48, 2850, 16051, 31938
2026/09/25 21:29:43.937, 1, 267.41, 45, 2827, 16051, 31366
2026/09/25 21:29:44.187, 0, 282.41, 48, 2850, 16051, 31938
2026/09/25 21:29:44.187, 1, 267.41, 45, 2827, 16051, 31366
2026/09/25 21:29:44.437, 0, 282.41, 47, 2850, 16051, 31938
2026/09/25 21:29:44.437, 1, 267.41, 44, 2827, 16051, 31366
2026/09/25 21:29:44.688, 0, 282.41, 47, 2850, 16051, 31938
2026/09/25 21:29:44.688, 1, 267.41, 44, 2827, 16051, 31366
2026/09/25 21:29:44.938, 0, 289.57, 45, 2857, 16051, 31938
2026/09/25 21:29:44.938, 1, 273.08, 42, 2820, 16051, 31366
2026/09/25 21:29:45.188, 0, 289.57, 45, 2857, 16051, 31938
2026/09/25 21:29:45.188, 1, 273.08, 42, 2820, 16051, 31366
2026/09/25 21:29:45.438, 0, 289.57, 39, 2857, 16051, 31938
2026/09/25 21:29:45.438, 1, 273.08, 46, 2820, 16051, 31366
2026/09/25 21:29:45.688, 0, 289.57, 39, 2857, 16051, 31938
2026/09/25 21:29:45.688, 1, 273.08, 46, 2820, 16051, 31366
2026/09/25 21:29:45.938, 0, 289.93, 44, 2857, 16051, 31938
2026/09/25 21:29:45.938, 1, 269.92, 49, 2827, 16051, 31366
2026/09/25 21:29:46.189, 0, 289.93, 44, 2857, 16051, 31938
2026/09/25 21:29:46.189, 1, 269.92, 49, 2827, 16051, 31366
2026/09/25 21:29:46.439, 0, 289.93, 40, 2857, 16051, 31938
2026/09/25 21:29:46.439, 1, 269.92, 43, 2827, 16051, 31366
2026/09/25 21:29:46.689, 0, 289.93, 40, 2857, 16051, 31938
2026/09/25 21:29:46.690, 1, 269.92, 43, 2827, 16051, 31366
2026/09/25 21:29:46.940, 0, 287.84, 47, 2857, 16051, 31938
2026/09/25 21:29:46.940, 1, 272.20, 42, 2820, 16051, 31366
2026/09/25 21:29:47.190, 0, 287.84, 47, 2857, 16051, 31938
2026/09/25 21:29:47.190, 1, 272.20, 42, 2820, 16051, 31366
2026/09/25 21:29:47.440, 0, 287.84, 42, 2857, 16051, 31938
2026/09/25 21:29:47.440, 1, 272.20, 46, 2820, 16051, 31366
2026/09/25 21:29:47.690, 0, 287.84, 42, 2857, 16051, 31938
2026/09/25 21:29:47.690, 1, 272.20, 46, 2820, 16051, 31366
2026/09/25 21:29:47.940, 0, 288.60, 43, 2857, 16051, 31938
2026/09/25 21:29:47.940, 1, 269.18, 45, 2827, 16051, 31366
2026/09/25 21:29:48.190, 0, 288.60, 43, 2857, 16051, 31938
2026/09/25 21:29:48.190, 1, 269.18, 45, 2827, 16051, 31366
2026/09/25 21:29:48.441, 0, 288.60, 41, 2857, 16051, 31938
2026/09/25 21:29:48.441, 1, 269.18, 47, 2827, 16051, 31366
2026/09/25 21:29:48.691, 0, 288.60, 41, 2857, 16051, 31938
2026/09/25 21:29:48.691, 1, 269.18, 47, 2827, 16051, 31366
2026/09/25 21:29:48.941, 0, 290.34, 40, 2857, 16051, 31938
2026/09/25 21:29:48.941, 1, 273.65, 48, 2827, 16051, 31366
2026/09/25 21:29:49.191, 0, 290.34, 40, 2857, 16051, 31938
2026/09/25 21:29:49.192, 1, 273.65, 48, 2827, 16051, 31366
2026/09/25 21:29:49.442, 0, 290.34, 41, 2857, 16051, 31938
2026/09/25 21:29:49.442, 1, 273.65, 43, 2827, 16051, 31366
2026/09/25 21:29:49.692, 0, 290.34, 41, 2857, 16051, 31938
2026/09/25 21:29:49.692, 1, 273.65, 43, 2827, 16051, 31366
2026/09/25 21:29:49.942, 0, 288.71, 41, 2857, 16051, 31938
2026/09/25 21:29:49.943, 1, 273.72, 45, 2820, 16051, 31366
2026/09/25 21:29:50.193, 0, 288.71, 41, 2857, 16051, 31938
2026/09/25 21:29:50.193, 1, 273.72, 45, 2820, 16051, 31366
2026/09/25 21:29:50.443, 0, 268.15, 39, 2895, 16051, 31938
2026/09/25 21:29:50.443, 1, 250.23, 43, 2857, 16051, 31366
2026/09/25 21:29:50.693, 0, 268.15, 39, 2895, 16051, 31938
2026/09/25 21:29:50.693, 1, 250.23, 43, 2857, 16051, 31366
2026/09/25 21:29:50.943, 0, 242.60, 51, 2895, 16051, 31938
2026/09/25 21:29:50.943, 1, 215.11, 32, 2857, 16051, 31366
2026/09/25 21:29:51.193, 0, 242.60, 51, 2895, 16051, 31938
2026/09/25 21:29:51.194, 1, 215.11, 32, 2857, 16051, 31366
2026/09/25 21:29:51.444, 0, 242.60, 51, 2895, 16051, 31938
2026/09/25 21:29:51.444, 1, 215.11, 32, 2857, 16051, 31366
2026/09/25 21:29:51.694, 0, 242.60, 51, 2895, 16051, 31938
2026/09/25 21:29:51.694, 1, 215.11, 32, 2857, 16051, 31366
2026/09/25 21:29:51.944, 0, 267.50, 42, 2857, 16051, 31938
2026/09/25 21:29:51.944, 1, 267.02, 47, 2827, 16051, 31366
2026/09/25 21:29:52.194, 0, 267.50, 42, 2857, 16051, 31938
2026/09/25 21:29:52.194, 1, 267.02, 47, 2827, 16051, 31366
2026/09/25 21:29:52.444, 0, 267.50, 42, 2857, 16051, 31938
2026/09/25 21:29:52.444, 1, 267.02, 47, 2827, 16051, 31366
2026/09/25 21:29:52.694, 0, 267.50, 42, 2857, 16051, 31938
2026/09/25 21:29:52.695, 1, 267.02, 47, 2827, 16051, 31366
2026/09/25 21:29:52.945, 0, 287.71, 39, 2857, 16051, 31938
2026/09/25 21:29:52.945, 1, 272.73, 44, 2827, 16051, 31366
2026/09/25 21:29:53.195, 0, 287.71, 39, 2857, 16051, 31938
2026/09/25 21:29:53.195, 1, 272.73, 44, 2827, 16051, 31366
2026/09/25 21:29:53.445, 0, 287.71, 48, 2857, 16051, 31938
2026/09/25 21:29:53.445, 1, 272.73, 46, 2827, 16051, 31366
2026/09/25 21:29:53.695, 0, 287.71, 48, 2857, 16051, 31938
2026/09/25 21:29:53.695, 1, 272.73, 46, 2827, 16051, 31366
2026/09/25 21:29:53.945, 0, 289.81, 40, 2857, 16051, 31938
2026/09/25 21:29:53.946, 1, 273.39, 44, 2820, 16051, 31366
2026/09/25 21:29:54.196, 0, 289.81, 40, 2857, 16051, 31938
2026/09/25 21:29:54.196, 1, 273.39, 44, 2820, 16051, 31366
2026/09/25 21:29:54.446, 0, 289.81, 43, 2857, 16051, 31938
2026/09/25 21:29:54.446, 1, 273.39, 42, 2820, 16051, 31366
2026/09/25 21:29:54.696, 0, 289.81, 43, 2857, 16051, 31938
2026/09/25 21:29:54.696, 1, 273.39, 42, 2820, 16051, 31366
2026/09/25 21:29:54.946, 0, 289.22, 48, 2857, 16051, 31938
2026/09/25 21:29:54.946, 1, 273.56, 43, 2820, 16051, 31366
2026/09/25 21:29:55.196, 0, 289.22, 48, 2857, 16051, 31938
2026/09/25 21:29:55.196, 1, 273.56, 43, 2820, 16051, 31366
2026/09/25 21:29:55.447, 0, 289.22, 43, 2857, 16051, 31938
2026/09/25 21:29:55.447, 1, 273.56, 42, 2820, 16051, 31366
2026/09/25 21:29:55.697, 0, 289.22, 43, 2857, 16051, 31938
2026/09/25 21:29:55.697, 1, 273.56, 42, 2820, 16051, 31366
2026/09/25 21:29:55.947, 0, 290.37, 40, 2857, 16051, 31938
2026/09/25 21:29:55.947, 1, 272.88, 43, 2827, 16051, 31366
2026/09/25 21:29:56.197, 0, 290.37, 40, 2857, 16051, 31938
2026/09/25 21:29:56.197, 1, 272.88, 43, 2827, 16051, 31366
2026/09/25 21:29:56.447, 0, 290.37, 46, 2857, 16051, 31938
2026/09/25 21:29:56.447, 1, 272.88, 49, 2827, 16051, 31366
2026/09/25 21:29:56.697, 0, 290.37, 46, 2857, 16051, 31938
2026/09/25 21:29:56.698, 1, 272.88, 49, 2827, 16051, 31366
2026/09/25 21:29:56.948, 0, 284.19, 44, 2850, 16051, 31938
2026/09/25 21:29:56.948, 1, 267.92, 48, 2827, 16051, 31366
2026/09/25 21:29:57.198, 0, 284.19, 44, 2850, 16051, 31938
2026/09/25 21:29:57.198, 1, 267.92, 48, 2827, 16051, 31366
2026/09/25 21:29:57.448, 0, 284.19, 41, 2850, 16051, 31938
2026/09/25 21:29:57.448, 1, 267.92, 46, 2827, 16051, 31366
2026/09/25 21:29:57.698, 0, 284.19, 41, 2850, 16051, 31938
2026/09/25 21:29:57.698, 1, 267.92, 46, 2827, 16051, 31366
2026/09/25 21:29:57.949, 0, 289.39, 41, 2857, 16051, 31938
2026/09/25 21:29:57.949, 1, 274.41, 43, 2820, 16051, 31366
2026/09/25 21:29:58.199, 0, 289.39, 41, 2857, 16051, 31938
2026/09/25 21:29:58.199, 1, 274.41, 43, 2820, 16051, 31366
2026/09/25 21:29:58.449, 0, 289.39, 42, 2857, 16051, 31938
2026/09/25 21:29:58.449, 1, 274.41, 42, 2820, 16051, 31366
2026/09/25 21:29:58.699, 0, 289.39, 42, 2857, 16051, 31938
2026/09/25 21:29:58.699, 1, 274.41, 42, 2820, 16051, 31366
2026/09/25 21:29:58.949, 0, 285.88, 37, 2857, 16051, 31938
2026/09/25 21:29:58.949, 1, 271.13, 40, 2827, 16051, 31366
2026/09/25 21:29:59.199, 0, 285.88, 37, 2857, 16051, 31938
2026/09/25 21:29:59.200, 1, 271.13, 40, 2827, 16051, 31366
2026/09/25 21:29:59.450, 0, 285.88, 45, 2857, 16051, 31938
2026/09/25 21:29:59.450, 1, 271.13, 42, 2827, 16051, 31366
2026/09/25 21:29:59.700, 0, 285.88, 45, 2857, 16051, 31938
2026/09/25 21:29:59.700, 1, 271.13, 42, 2827, 16051, 31366
2026/09/25 21:29:59.950, 0, 288.46, 44, 2857, 16051, 31938
2026/09/25 21:29:59.950, 1, 271.97, 49, 2827, 16051, 31366
2026/09/25 21:30:00.200, 0, 288.46, 44, 2857, 16051, 31938
2026/09/25 21:30:00.200, 1, 271.97, 49, 2827, 16051, 31366
2026/09/25 21:30:00.450, 0, 288.46, 41, 2857, 16051, 31938
2026/09/25 21:30:00.450, 1, 271.97, 47, 2827, 16051, 31366
2026/09/25 21:30:00.701, 0, 288.46, 41, 2857, 16051, 31938
2026/09/25 21:30:00.701, 1, 271.97, 47, 2827, 16051, 31366
2026/09/25 21:30:00.951, 0, 286.84, 39, 2857, 16051, 31938
2026/09/25 21:30:00.951, 1, 271.48, 42, 2827, 16051, 31366
2026/09/25 21:30:01.201, 0, 286.84, 39, 2857, 16051, 31938
2026/09/25 21:30:01.201, 1, 271.48, 42, 2827, 16051, 31366
2026/09/25 21:30:01.451, 0, 271.00, 45, 2895, 16051, 31938
2026/09/25 21:30:01.451, 1, 255.13, 46, 2857, 16051, 31366
2026/09/25 21:30:01.701, 0, 271.00, 45, 2895, 16051, 31938
2026/09/25 21:30:01.701, 1, 255.13, 46, 2857, 16051, 31366
2026/09/25 21:30:01.951, 0, 238.64, 35, 2895, 16051, 31938
2026/09/25 21:30:01.952, 1, 223.70, 48, 2857, 16051, 31366
2026/09/25 21:30:02.202, 0, 238.64, 35, 2895, 16051, 31938
2026/09/25 21:30:02.202, 1, 223.70, 48, 2857, 16051, 31366
2026/09/25 21:30:02.452, 0, 238.64, 35, 2895, 16051, 31938
2026/09/25 21:30:02.452, 1, 223.70, 48, 2857, 16051, 31366
2026/09/25 21:30:02.702, 0, 238.64, 35, 2895, 16051, 31938
2026/09/25 21:30:02.702, 1, 223.70, 48, 2857, 16051, 31366
2026/09/25 21:30:02.952, 0, 272.42, 46, 2857, 16051, 31938
2026/09/25 21:30:02.952, 1, 262.30, 48, 2827, 16051, 31366
2026/09/25 21:30:03.202, 0, 272.42, 46, 2857, 16051, 31938
2026/09/25 21:30:03.202, 1, 262.30, 48, 2827, 16051, 31366
2026/09/25 21:30:03.453, 0, 272.42, 46, 2857, 16051, 31938
2026/09/25 21:30:03.453, 1, 262.30, 47, 2827, 16051, 31366
2026/09/25 21:30:03.703, 0, 290.02, 44, 2857, 16051, 31938
2026/09/25 21:30:03.703, 1, 262.30, 47, 2827, 16051, 31366
2026/09/25 21:30:03.953, 0, 290.02, 44, 2857, 16051, 31938
2026/09/25 21:30:03.953, 1, 272.35, 50, 2820, 16051, 31366
2026/09/25 21:30:04.203, 0, 290.02, 43, 2857, 16051, 31938
2026/09/25 21:30:04.203, 1, 272.35, 50, 2820, 16051, 31366
2026/09/25 21:30:04.453, 0, 290.02, 43, 2857, 16051, 31938
2026/09/25 21:30:04.453, 1, 272.35, 41, 2820, 16051, 31366
2026/09/25 21:30:04.704, 0, 289.44, 40, 2857, 16051, 31938
2026/09/25 21:30:04.704, 1, 272.35, 41, 2820, 16051, 31366
2026/09/25 21:30:04.954, 0, 289.44, 40, 2857, 16051, 31938
2026/09/25 21:30:04.954, 1, 274.04, 46, 2820, 16051, 31366
2026/09/25 21:30:05.204, 0, 289.44, 39, 2857, 16051, 31938
2026/09/25 21:30:05.204, 1, 274.04, 46, 2820, 16051, 31366
2026/09/25 21:30:05.454, 0, 289.44, 39, 2857, 16051, 31938
2026/09/25 21:30:05.454, 1, 274.04, 43, 2820, 16051, 31366
2026/09/25 21:30:05.704, 0, 289.01, 45, 2857, 16051, 31938
2026/09/25 21:30:05.704, 1, 274.04, 43, 2820, 16051, 31366
2026/09/25 21:30:05.954, 0, 289.01, 45, 2857, 16051, 31938
2026/09/25 21:30:05.955, 1, 273.07, 42, 2820, 16051, 31366
2026/09/25 21:30:06.205, 0, 289.01, 42, 2857, 16051, 31938
2026/09/25 21:30:06.205, 1, 273.07, 42, 2820, 16051, 31366
2026/09/25 21:30:06.455, 0, 289.01, 42, 2857, 16051, 31938
2026/09/25 21:30:06.455, 1, 273.07, 47, 2820, 16051, 31366
2026/09/25 21:30:06.705, 0, 285.54, 38, 2857, 16051, 31938
2026/09/25 21:30:06.705, 1, 273.07, 47, 2820, 16051, 31366
2026/09/25 21:30:06.955, 0, 285.54, 38, 2857, 16051, 31938
2026/09/25 21:30:06.955, 1, 269.26, 40, 2820, 16051, 31366
2026/09/25 21:30:07.205, 0, 285.54, 42, 2857, 16051, 31938
2026/09/25 21:30:07.205, 1, 269.26, 40, 2820, 16051, 31366
2026/09/25 21:30:07.455, 0, 285.54, 42, 2857, 16051, 31938
2026/09/25 21:30:07.456, 1, 269.26, 42, 2820, 16051, 31366
2026/09/25 21:30:07.706, 0, 282.42, 44, 2857, 16051, 31938
2026/09/25 21:30:07.706, 1, 269.26, 42, 2820, 16051, 31366
2026/09/25 21:30:07.956, 0, 282.42, 44, 2857, 16051, 31938
2026/09/25 21:30:07.956, 1, 264.90, 41, 2827, 16051, 31366
2026/09/25 21:30:08.206, 0, 282.42, 40, 2857, 16051, 31938
2026/09/25 21:30:08.206, 1, 264.90, 41, 2827, 16051, 31366
2026/09/25 21:30:08.456, 0, 282.42, 40, 2857, 16051, 31938
2026/09/25 21:30:08.456, 1, 264.90, 47, 2827, 16051, 31366
2026/09/25 21:30:08.706, 0, 281.40, 47, 2850, 16051, 31938
2026/09/25 21:30:08.706, 1, 264.90, 47, 2827, 16051, 31366
2026/09/25 21:30:08.957, 0, 281.40, 47, 2850, 16051, 31938
2026/09/25 21:30:08.957, 1, 263.94, 47, 2827, 16051, 31366
2026/09/25 21:30:09.207, 0, 281.40, 44, 2850, 16051, 31938
2026/09/25 21:30:09.207, 1, 263.94, 41, 2827, 16051, 31366
2026/09/25 21:30:09.457, 0, 281.40, 44, 2850, 16051, 31938
2026/09/25 21:30:09.457, 1, 263.94, 41, 2827, 16051, 31366
2026/09/25 21:30:09.707, 0, 287.82, 46, 2857, 16051, 31938
2026/09/25 21:30:09.707, 1, 270.37, 41, 2827, 16051, 31366
2026/09/25 21:30:09.957, 0, 287.82, 46, 2857, 16051, 31938
2026/09/25 21:30:09.957, 1, 270.37, 42, 2827, 16051, 31366
2026/09/25 21:30:10.207, 0, 287.82, 41, 2857, 16051, 31938
2026/09/25 21:30:10.208, 1, 270.37, 44, 2827, 16051, 31366
2026/09/25 21:30:10.458, 0, 287.82, 41, 2857, 16051, 31938
2026/09/25 21:30:10.458, 1, 270.37, 44, 2827, 16051, 31366
2026/09/25 21:30:10.708, 0, 288.18, 42, 2857, 16051, 31938
2026/09/25 21:30:10.708, 1, 269.73, 47, 2827, 16051, 31366
2026/09/25 21:30:10.958, 0, 288.18, 42, 2857, 16051, 31938
2026/09/25 21:30:10.958, 1, 269.73, 47, 2827, 16051, 31366
2026/09/25 21:30:11.208, 0, 288.18, 46, 2857, 16051, 31938
2026/09/25 21:30:11.208, 1, 269.73, 42, 2827, 16051, 31366
2026/09/25 21:30:11.458, 0, 288.18, 46, 2857, 16051, 31938
2026/09/25 21:30:11.458, 1, 269.73, 42, 2827, 16051, 31366
2026/09/25 21:30:11.708, 0, 289.11, 40, 2857, 16051, 31938
2026/09/25 21:30:11.709, 1, 271.58, 49, 2827, 16051, 31366
2026/09/25 21:30:11.959, 0, 289.11, 40, 2857, 16051, 31938
2026/09/25 21:30:11.959, 1, 271.58, 49, 2827, 16051, 31366
2026/09/25 21:30:12.209, 0, 289.11, 54, 2857, 16051, 31938
2026/09/25 21:30:12.209, 1, 271.58, 35, 2827, 16051, 31366
2026/09/25 21:30:12.459, 0, 289.11, 54, 2857, 16051, 31938
2026/09/25 21:30:12.459, 1, 271.58, 35, 2827, 16051, 31366
2026/09/25 21:30:12.709, 0, 247.39, 36, 2895, 16051, 31938
2026/09/25 21:30:12.709, 1, 222.47, 47, 2857, 16051, 31366
2026/09/25 21:30:12.959, 0, 247.39, 36, 2895, 16051, 31938
2026/09/25 21:30:12.960, 1, 222.47, 47, 2857, 16051, 31366
2026/09/25 21:30:13.210, 0, 247.39, 42, 2895, 16051, 31938
2026/09/25 21:30:13.210, 1, 222.47, 44, 2857, 16051, 31366
2026/09/25 21:30:13.460, 0, 247.39, 42, 2895, 16051, 31938
2026/09/25 21:30:13.460, 1, 222.47, 44, 2857, 16051, 31366
2026/09/25 21:30:13.710, 0, 261.35, 45, 2865, 16051, 31938
2026/09/25 21:30:13.710, 1, 255.20, 47, 2827, 16051, 31366
2026/09/25 21:30:13.960, 0, 261.35, 45, 2865, 16051, 31938
2026/09/25 21:30:13.960, 1, 255.20, 47, 2827, 16051, 31366
2026/09/25 21:30:14.211, 0, 261.35, 47, 2865, 16051, 31938
2026/09/25 21:30:14.211, 1, 255.20, 46, 2827, 16051, 31366
2026/09/25 21:30:14.461, 0, 261.35, 47, 2865, 16051, 31938
2026/09/25 21:30:14.461, 1, 255.20, 46, 2827, 16051, 31366
2026/09/25 21:30:14.711, 0, 289.52, 47, 2857, 16051, 31938
2026/09/25 21:30:14.711, 1, 273.06, 48, 2827, 16051, 31366
2026/09/25 21:30:14.961, 0, 289.52, 47, 2857, 16051, 31938
2026/09/25 21:30:14.961, 1, 273.06, 48, 2827, 16051, 31366
2026/09/25 21:30:15.211, 0, 289.52, 43, 2857, 16051, 31938
2026/09/25 21:30:15.211, 1, 273.06, 41, 2827, 16051, 31366
2026/09/25 21:30:15.461, 0, 289.52, 43, 2857, 16051, 31938
2026/09/25 21:30:15.462, 1, 273.06, 41, 2827, 16051, 31366
2026/09/25 21:30:15.712, 0, 289.71, 40, 2857, 16051, 31938
2026/09/25 21:30:15.712, 1, 274.02, 47, 2820, 16051, 31366
2026/09/25 21:30:15.962, 0, 289.71, 40, 2857, 16051, 31938
2026/09/25 21:30:15.962, 1, 274.02, 47, 2820, 16051, 31366
2026/09/25 21:30:16.212, 0, 289.71, 46, 2857, 16051, 31938
2026/09/25 21:30:16.212, 1, 274.02, 43, 2820, 16051, 31366
2026/09/25 21:30:16.462, 0, 289.71, 46, 2857, 16051, 31938
2026/09/25 21:30:16.462, 1, 274.02, 43, 2820, 16051, 31366
2026/09/25 21:30:16.712, 0, 290.70, 45, 2857, 16051, 31938
2026/09/25 21:30:16.712, 1, 273.16, 49, 2827, 16051, 31366
2026/09/25 21:30:16.962, 0, 290.70, 45, 2857, 16051, 31938
2026/09/25 21:30:16.963, 1, 273.16, 49, 2827, 16051, 31366
2026/09/25 21:30:17.213, 0, 290.70, 45, 2857, 16051, 31938
2026/09/25 21:30:17.213, 1, 273.16, 49, 2827, 16051, 31366
2026/09/25 21:30:17.463, 0, 290.70, 45, 2857, 16051, 31938
2026/09/25 21:30:17.463, 1, 273.16, 49, 2827, 16051, 31366
2026/09/25 21:30:17.713, 0, 291.07, 41, 2857, 16051, 31938
2026/09/25 21:30:17.713, 1, 275.01, 48, 2820, 16051, 31366
2026/09/25 21:30:17.963, 0, 291.07, 41, 2857, 16051, 31938
2026/09/25 21:30:17.963, 1, 275.01, 48, 2820, 16051, 31366
2026/09/25 21:30:18.213, 0, 291.07, 46, 2857, 16051, 31938
2026/09/25 21:30:18.213, 1, 275.01, 49, 2820, 16051, 31366
2026/09/25 21:30:18.464, 0, 291.07, 46, 2857, 16051, 31938
2026/09/25 21:30:18.464, 1, 275.01, 49, 2820, 16051, 31366
2026/09/25 21:30:18.714, 0, 291.66, 46, 2857, 16051, 31938
2026/09/25 21:30:18.714, 1, 272.60, 47, 2827, 16051, 31366
2026/09/25 21:30:18.964, 0, 291.66, 46, 2857, 16051, 31938
2026/09/25 21:30:18.964, 1, 272.60, 47, 2827, 16051, 31366
2026/09/25 21:30:19.214, 0, 291.66, 45, 2857, 16051, 31938
2026/09/25 21:30:19.214, 1, 272.60, 47, 2827, 16051, 31366
2026/09/25 21:30:19.464, 0, 291.66, 45, 2857, 16051, 31938
2026/09/25 21:30:19.464, 1, 272.60, 47, 2827, 16051, 31366
2026/09/25 21:30:19.715, 0, 291.99, 42, 2857, 16051, 31938
2026/09/25 21:30:19.715, 1, 275.40, 43, 2820, 16051, 31366
2026/09/25 21:30:19.965, 0, 291.99, 42, 2857, 16051, 31938
2026/09/25 21:30:19.965, 1, 275.40, 43, 2820, 16051, 31366
2026/09/25 21:30:20.215, 0, 291.99, 40, 2857, 16051, 31938
2026/09/25 21:30:20.215, 1, 275.40, 44, 2820, 16051, 31366
2026/09/25 21:30:20.465, 0, 291.99, 40, 2857, 16051, 31938
2026/09/25 21:30:20.465, 1, 275.40, 44, 2820, 16051, 31366
2026/09/25 21:30:20.715, 0, 291.83, 47, 2857, 16051, 31938
2026/09/25 21:30:20.715, 1, 272.13, 47, 2820, 16051, 31366
2026/09/25 21:30:20.965, 0, 291.83, 47, 2857, 16051, 31938
2026/09/25 21:30:20.965, 1, 272.13, 47, 2820, 16051, 31366
2026/09/25 21:30:21.216, 0, 291.83, 41, 2857, 16051, 31938
2026/09/25 21:30:21.216, 1, 272.13, 47, 2820, 16051, 31366
2026/09/25 21:30:21.466, 0, 291.83, 41, 2857, 16051, 31938
2026/09/25 21:30:21.466, 1, 272.13, 47, 2820, 16051, 31366
2026/09/25 21:30:21.716, 0, 293.27, 47, 2857, 16051, 31938
2026/09/25 21:30:21.716, 1, 274.93, 45, 2820, 16051, 31366
2026/09/25 21:30:21.966, 0, 293.27, 47, 2857, 16051, 31938
2026/09/25 21:30:21.966, 1, 274.93, 45, 2820, 16051, 31366
2026/09/25 21:30:22.216, 0, 293.27, 45, 2857, 16051, 31938
2026/09/25 21:30:22.216, 1, 274.93, 42, 2820, 16051, 31366
2026/09/25 21:30:22.466, 0, 293.27, 45, 2857, 16051, 31938
2026/09/25 21:30:22.466, 1, 274.93, 42, 2820, 16051, 31366
2026/09/25 21:30:22.717, 0, 293.33, 41, 2857, 16051, 31938
2026/09/25 21:30:22.717, 1, 275.55, 44, 2820, 16051, 31366
