2026/09/25 17:31:12.437, 0, 238.54, 42, 2880, 16051, 31154
2026/09/25 17:31:12.441, 1, 234.06, 48, 2842, 16051, 30710
2026/09/25 17:31:12.695, 0, 238.54, 42, 2880, 16051, 31154
2026/09/25 17:31:12.695, 1, 234.06, 48, 2842, 16051, 30710
2026/09/25 17:31:12.945, 0, 238.54, 42, 2880, 16051, 31154
2026/09/25 17:31:12.945, 1, 234.06, 48, 2842, 16051, 30710
2026/09/25 17:31:13.195, 0, 228.41, 41, 2880, 16051, 31154
2026/09/25 17:31:13.195, 1, 225.81, 51, 2842, 16051, 30710
2026/09/25 17:31:13.445, 0, 228.41, 41, 2880, 16051, 31154
2026/09/25 17:31:13.445, 1, 225.81, 51, 2842, 16051, 30710
2026/09/25 17:31:13.695, 0, 227.93, 41, 2880, 16051, 31154
2026/09/25 17:31:13.696, 1, 226.46, 49, 2842, 16051, 30710
2026/09/25 17:31:13.946, 0, 227.93, 41, 2880, 16051, 31154
2026/09/25 17:31:13.946, 1, 226.46, 49, 2842, 16051, 30710
2026/09/25 17:31:14.196, 0, 238.02, 40, 2880, 16051, 31154
2026/09/25 17:31:14.196, 1, 241.16, 47, 2842, 16051, 30710
2026/09/25 17:31:14.446, 0, 238.02, 40, 2880, 16051, 31154
2026/09/25 17:31:14.446, 1, 241.16, 47, 2842, 16051, 30710
2026/09/25 17:31:14.696, 0, 238.42, 41, 2880, 16051, 31154
2026/09/25 17:31:14.696, 1, 241.89, 49, 2842, 16051, 30710
2026/09/25 17:31:14.946, 0, 238.42, 41, 2880, 16051, 31154
2026/09/25 17:31:14.946, 1, 241.89, 49, 2842, 16051, 30710
2026/09/25 17:31:15.196, 0, 239.41, 41, 2880, 16051, 31154
2026/09/25 17:31:15.196, 1, 242.19, 49, 2842, 16051, 30710
2026/09/25 17:31:15.446, 0, 239.41, 41, 2880, 16051, 31154
2026/09/25 17:31:15.446, 1, 242.19, 49, 2842, 16051, 30710
2026/09/25 17:31:15.696, 0, 240.45, 42, 2880, 16051, 31154
2026/09/25 17:31:15.697, 1, 242.35, 47, 2842, 16051, 30710
2026/09/25 17:31:15.947, 0, 240.45, 42, 2880, 16051, 31154
2026/09/25 17:31:15.947, 1, 242.35, 47, 2842, 16051, 30710
2026/09/25 17:31:16.197, 0, 238.97, 41, 2880, 16051, 31154
2026/09/25 17:31:16.197, 1, 242.06, 48, 2850, 16051, 30710
2026/09/25 17:31:16.447, 0, 238.97, 41, 2880, 16051, 31154
2026/09/25 17:31:16.447, 1, 242.06, 48, 2850, 16051, 30710
2026/09/25 17:31:16.697, 0, 237.62, 41, 2880, 16051, 31154
2026/09/25 17:31:16.697, 1, 241.30, 48, 2842, 16051, 30710
2026/09/25 17:31:16.947, 0, 237.62, 41, 2880, 16051, 31154
2026/09/25 17:31:16.947, 1, 241.30, 48, 2842, 16051, 30710
2026/09/25 17:31:17.197, 0, 240.76, 59, 2887, 16051, 31154
2026/09/25 17:31:17.197, 1, 233.14, 22, 2850, 16051, 30710
2026/09/25 17:31:17.447, 0, 240.76, 59, 2887, 16051, 31154
2026/09/25 17:31:17.447, 1, 233.14, 22, 2850, 16051, 30710
2026/09/25 17:31:17.698, 0, 234.60, 41, 2880, 16051, 31154
2026/09/25 17:31:17.698, 1, 234.73, 47, 2842, 16051, 30710
2026/09/25 17:31:17.948, 0, 234.60, 41, 2880, 16051, 31154
2026/09/25 17:31:17.948, 1, 234.73, 47, 2842, 16051, 30710
2026/09/25 17:31:18.198, 0, 235.53, 41, 2880, 16051, 31154
2026/09/25 17:31:18.198, 1, 236.69, 50, 2842, 16051, 30710
2026/09/25 17:31:18.448, 0, 235.53, 41, 2880, 16051, 31154
2026/09/25 17:31:18.448, 1, 236.69, 50, 2842, 16051, 30710
2026/09/25 17:31:18.698, 0, 236.89, 39, 2880, 16051, 31154
2026/09/25 17:31:18.698, 1, 239.88, 46, 2850, 16051, 30710
2026/09/25 17:31:18.948, 0, 236.89, 39, 2880, 16051, 31154
2026/09/25 17:31:18.948, 1, 239.88, 46, 2850, 16051, 30710
2026/09/25 17:31:19.198, 0, 236.65, 41, 2880, 16051, 31154
2026/09/25 17:31:19.198, 1, 238.90, 49, 2842, 16051, 30710
2026/09/25 17:31:19.448, 0, 236.65, 41, 2880, 16051, 31154
2026/09/25 17:31:19.449, 1, 238.90, 49, 2842, 16051, 30710
2026/09/25 17:31:19.699, 0, 239.13, 41, 2880, 16051, 31154
2026/09/25 17:31:19.699, 1, 240.79, 47, 2842, 16051, 30710
2026/09/25 17:31:19.949, 0, 239.13, 41, 2880, 16051, 31154
2026/09/25 17:31:19.949, 1, 240.79, 47, 2842, 16051, 30710
2026/09/25 17:31:20.199, 0, 239.22, 42, 2880, 16051, 31154
2026/09/25 17:31:20.199, 1, 241.60, 49, 2842, 16051, 30710
2026/09/25 17:31:20.449, 0, 239.22, 42, 2880, 16051, 31154
2026/09/25 17:31:20.449, 1, 241.60, 49, 2842, 16051, 30710
2026/09/25 17:31:20.699, 0, 238.43, 40, 2880, 16051, 31154
2026/09/25 17:31:20.699, 1, 241.52, 49, 2842, 16051, 30710
2026/09/25 17:31:20.949, 0, 238.43, 40, 2880, 16051, 31154
2026/09/25 17:31:20.949, 1, 241.52, 49, 2842, 16051, 30710
2026/09/25 17:31:21.199, 0, 237.98, 44, 2880, 16051, 31154
2026/09/25 17:31:21.199, 1, 240.86, 48, 2842, 16051, 30710
2026/09/25 17:31:21.450, 0, 237.98, 44, 2880, 16051, 31154
2026/09/25 17:31:21.450, 1, 240.86, 48, 2842, 16051, 30710
2026/09/25 17:31:21.700, 0, 235.21, 31, 2887, 16051, 31154
2026/09/25 17:31:21.700, 1, 234.47, 60, 2850, 16051, 30710
2026/09/25 17:31:21.950, 0, 235.21, 31, 2887, 16051, 31154
2026/09/25 17:31:21.950, 1, 234.47, 60, 2850, 16051, 30710
2026/09/25 17:31:22.200, 0, 234.45, 41, 2880, 16051, 31154
2026/09/25 17:31:22.200, 1, 235.85, 49, 2842, 16051, 30710
2026/09/25 17:31:22.450, 0, 234.45, 41, 2880, 16051, 31154
2026/09/25 17:31:22.450, 1, 235.85, 49, 2842, 16051, 30710
2026/09/25 17:31:22.700, 0, 238.20, 44, 2880, 16051, 31154
2026/09/25 17:31:22.700, 1, 245.81, 48, 2842, 16051, 30710
2026/09/25 17:31:22.950, 0, 238.20, 44, 2880, 16051, 31154
2026/09/25 17:31:22.950, 1, 245.81, 48, 2842, 16051, 30710
2026/09/25 17:31:23.201, 0, 237.18, 42, 2880, 16051, 31154
2026/09/25 17:31:23.201, 1, 241.13, 51, 2842, 16051, 30710
2026/09/25 17:31:23.451, 0, 237.18, 42, 2880, 16051, 31154
2026/09/25 17:31:23.451, 1, 241.13, 51, 2842, 16051, 30710
2026/09/25 17:31:23.701, 0, 238.54, 41, 2880, 16051, 31154
2026/09/25 17:31:23.701, 1, 241.13, 48, 2842, 16051, 30710
2026/09/25 17:31:23.951, 0, 238.54, 41, 2880, 16051, 31154
2026/09/25 17:31:23.951, 1, 241.13, 48, 2842, 16051, 30710
2026/09/25 17:31:24.201, 0, 240.10, 43, 2880, 16051, 31154
2026/09/25 17:31:24.201, 1, 242.60, 47, 2842, 16051, 30710
2026/09/25 17:31:24.451, 0, 240.10, 43, 2880, 16051, 31154
2026/09/25 17:31:24.451, 1, 242.60, 47, 2842, 16051, 30710
2026/09/25 17:31:24.701, 0, 238.86, 44, 2880, 16051, 31154
2026/09/25 17:31:24.701, 1, 241.65, 49, 2842, 16051, 30710
2026/09/25 17:31:24.951, 0, 238.86, 44, 2880, 16051, 31154
2026/09/25 17:31:24.952, 1, 241.65, 49, 2842, 16051, 30710
2026/09/25 17:31:25.202, 0, 237.72, 43, 2880, 16051, 31154
2026/09/25 17:31:25.202, 1, 240.65, 46, 2850, 16051, 30710
2026/09/25 17:31:25.452, 0, 237.72, 43, 2880, 16051, 31154
2026/09/25 17:31:25.452, 1, 240.65, 46, 2850, 16051, 30710
2026/09/25 17:31:25.702, 0, 238.23, 45, 2880, 16051, 31154
2026/09/25 17:31:25.702, 1, 241.93, 48, 2842, 16051, 30710
2026/09/25 17:31:25.952, 0, 238.23, 45, 2880, 16051, 31154
2026/09/25 17:31:25.952, 1, 241.93, 48, 2842, 16051, 30710
2026/09/25 17:31:26.202, 0, 234.10, 41, 2887, 16051, 31154
2026/09/25 17:31:26.202, 1, 235.11, 48, 2850, 16051, 30710
2026/09/25 17:31:26.452, 0, 234.10, 41, 2887, 16051, 31154
2026/09/25 17:31:26.452, 1, 235.11, 48, 2850, 16051, 30710
2026/09/25 17:31:26.702, 0, 234.10, 43, 2880, 16051, 31154
2026/09/25 17:31:26.702, 1, 235.14, 50, 2842, 16051, 30710
2026/09/25 17:31:26.952, 0, 234.10, 43, 2880, 16051, 31154
2026/09/25 17:31:26.952, 1, 235.14, 50, 2842, 16051, 30710
2026/09/25 17:31:27.203, 0, 239.08, 42, 2880, 16051, 31154
2026/09/25 17:31:27.203, 1, 243.67, 49, 2842, 16051, 30710
2026/09/25 17:31:27.453, 0, 239.08, 42, 2880, 16051, 31154
2026/09/25 17:31:27.453, 1, 243.67, 49, 2842, 16051, 30710
2026/09/25 17:31:27.703, 0, 236.97, 41, 2880, 16051, 31154
2026/09/25 17:31:27.703, 1, 241.83, 46, 2842, 16051, 30710
2026/09/25 17:31:27.953, 0, 236.97, 41, 2880, 16051, 31154
2026/09/25 17:31:27.953, 1, 241.83, 46, 2842, 16051, 30710
2026/09/25 17:31:28.203, 0, 236.34, 44, 2880, 16051, 31154
2026/09/25 17:31:28.203, 1, 240.51, 46, 2842, 16051, 30710
2026/09/25 17:31:28.453, 0, 236.34, 44, 2880, 16051, 31154
2026/09/25 17:31:28.453, 1, 240.51, 46, 2842, 16051, 30710
2026/09/25 17:31:28.703, 0, 237.49, 41, 2880, 16051, 31154
2026/09/25 17:31:28.703, 1, 241.74, 50, 2842, 16051, 30710
2026/09/25 17:31:28.954, 0, 237.49, 41, 2880, 16051, 31154
2026/09/25 17:31:28.954, 1, 241.74, 50, 2842, 16051, 30710
2026/09/25 17:31:29.204, 0, 236.91, 41, 2880, 16051, 31154
2026/09/25 17:31:29.204, 1, 240.82, 47, 2842, 16051, 30710
2026/09/25 17:31:29.454, 0, 236.91, 41, 2880, 16051, 31154
2026/09/25 17:31:29.454, 1, 240.82, 47, 2842, 16051, 30710
2026/09/25 17:31:29.704, 0, 238.20, 44, 2880, 16051, 31154
2026/09/25 17:31:29.704, 1, 241.93, 47, 2842, 16051, 30710
2026/09/25 17:31:29.954, 0, 238.20, 44, 2880, 16051, 31154
2026/09/25 17:31:29.954, 1, 241.93, 47, 2842, 16051, 30710
2026/09/25 17:31:30.205, 0, 238.08, 43, 2880, 16051, 31154
2026/09/25 17:31:30.205, 1, 241.11, 47, 2842, 16051, 30710
2026/09/25 17:31:30.455, 0, 238.08, 43, 2880, 16051, 31154
2026/09/25 17:31:30.455, 1, 241.11, 47, 2842, 16051, 30710
2026/09/25 17:31:30.705, 0, 229.80, 34, 2895, 16051, 31154
2026/09/25 17:31:30.705, 1, 221.72, 61, 2857, 16051, 30710
2026/09/25 17:31:30.955, 0, 229.80, 34, 2895, 16051, 31154
2026/09/25 17:31:30.955, 1, 221.72, 61, 2857, 16051, 30710
2026/09/25 17:31:31.205, 0, 237.12, 37, 2872, 16051, 31154
2026/09/25 17:31:31.205, 1, 226.71, 43, 2835, 16051, 30710
2026/09/25 17:31:31.455, 0, 237.12, 37, 2872, 16051, 31154
2026/09/25 17:31:31.455, 1, 226.71, 43, 2835, 16051, 30710
2026/09/25 17:31:31.705, 0, 250.76, 45, 2872, 16051, 31154
2026/09/25 17:31:31.706, 1, 252.59, 47, 2835, 16051, 30710
2026/09/25 17:31:31.956, 0, 250.76, 45, 2872, 16051, 31154
2026/09/25 17:31:31.956, 1, 252.59, 47, 2835, 16051, 30710
2026/09/25 17:31:32.206, 0, 255.96, 45, 2872, 16051, 31154
2026/09/25 17:31:32.206, 1, 252.15, 47, 2835, 16051, 30710
2026/09/25 17:31:32.456, 0, 255.96, 45, 2872, 16051, 31154
2026/09/25 17:31:32.456, 1, 252.15, 47, 2835, 16051, 30710
2026/09/25 17:31:32.706, 0, 254.53, 40, 2872, 16051, 31154
2026/09/25 17:31:32.706, 1, 250.76, 48, 2842, 16051, 30710
2026/09/25 17:31:32.956, 0, 254.53, 40, 2872, 16051, 31154
2026/09/25 17:31:32.956, 1, 250.76, 48, 2842, 16051, 30710
2026/09/25 17:31:33.206, 0, 258.15, 45, 2872, 16051, 31154
2026/09/25 17:31:33.206, 1, 252.23, 47, 2835, 16051, 30710
2026/09/25 17:31:33.456, 0, 258.15, 45, 2872, 16051, 31154
2026/09/25 17:31:33.456, 1, 252.23, 47, 2835, 16051, 30710
2026/09/25 17:31:33.707, 0, 260.02, 41, 2872, 16051, 31154
2026/09/25 17:31:33.707, 1, 252.84, 45, 2835, 16051, 30710
2026/09/25 17:31:33.957, 0, 260.02, 41, 2872, 16051, 31154
2026/09/25 17:31:33.957, 1, 252.84, 45, 2835, 16051, 30710
2026/09/25 17:31:34.207, 0, 261.25, 44, 2872, 16051, 31154
2026/09/25 17:31:34.207, 1, 254.93, 45, 2835, 16051, 30710
2026/09/25 17:31:34.457, 0, 261.25, 44, 2872, 16051, 31154
2026/09/25 17:31:34.457, 1, 254.93, 45, 2835, 16051, 30710
2026/09/25 17:31:34.707, 0, 260.92, 43, 2872, 16051, 31154
2026/09/25 17:31:34.707, 1, 255.75, 50, 2835, 16051, 30710
2026/09/25 17:31:34.957, 0, 260.92, 43, 2872, 16051, 31154
2026/09/25 17:31:34.957, 1, 255.75, 50, 2835, 16051, 30710
2026/09/25 17:31:35.208, 0, 259.74, 35, 2872, 16051, 31154
2026/09/25 17:31:35.208, 1, 254.78, 40, 2835, 16051, 30710
2026/09/25 17:31:35.458, 0, 259.74, 35, 2872, 16051, 31154
2026/09/25 17:31:35.458, 1, 254.78, 40, 2835, 16051, 30710
2026/09/25 17:31:35.708, 0, 258.07, 39, 2872, 16051, 31154
2026/09/25 17:31:35.708, 1, 251.82, 47, 2842, 16051, 30710
2026/09/25 17:31:35.958, 0, 258.07, 39, 2872, 16051, 31154
2026/09/25 17:31:35.958, 1, 251.82, 47, 2842, 16051, 30710
2026/09/25 17:31:36.208, 0, 244.55, 42, 2887, 16051, 31154
2026/09/25 17:31:36.208, 1, 236.82, 49, 2850, 16051, 30710
2026/09/25 17:31:36.458, 0, 244.55, 42, 2887, 16051, 31154
2026/09/25 17:31:36.458, 1, 236.82, 49, 2850, 16051, 30710
2026/09/25 17:31:36.708, 0, 248.96, 46, 2872, 16051, 31154
2026/09/25 17:31:36.709, 1, 243.31, 48, 2835, 16051, 30710
2026/09/25 17:31:36.959, 0, 248.96, 46, 2872, 16051, 31154
2026/09/25 17:31:36.959, 1, 243.31, 48, 2835, 16051, 30710
2026/09/25 17:31:37.209, 0, 262.12, 45, 2872, 16051, 31154
2026/09/25 17:31:37.209, 1, 258.88, 47, 2835, 16051, 30710
2026/09/25 17:31:37.459, 0, 262.12, 45, 2872, 16051, 31154
2026/09/25 17:31:37.459, 1, 258.88, 47, 2835, 16051, 30710
2026/09/25 17:31:37.709, 0, 261.26, 44, 2872, 16051, 31154
2026/09/25 17:31:37.709, 1, 257.68, 46, 2835, 16051, 30710
2026/09/25 17:31:37.959, 0, 261.26, 44, 2872, 16051, 31154
2026/09/25 17:31:37.960, 1, 257.68, 46, 2835, 16051, 30710
2026/09/25 17:31:38.210, 0, 262.80, 40, 2872, 16051, 31154
2026/09/25 17:31:38.210, 1, 257.09, 48, 2835, 16051, 30710
2026/09/25 17:31:38.460, 0, 262.80, 40, 2872, 16051, 31154
2026/09/25 17:31:38.460, 1, 257.09, 48, 2835, 16051, 30710
2026/09/25 17:31:38.710, 0, 264.96, 43, 2872, 16051, 31154
2026/09/25 17:31:38.710, 1, 258.15, 50, 2835, 16051, 30710
2026/09/25 17:31:38.960, 0, 264.96, 43, 2872, 16051, 31154
2026/09/25 17:31:38.960, 1, 258.15, 50, 2835, 16051, 30710
2026/09/25 17:31:39.210, 0, 267.00, 45, 2865, 16051, 31154
2026/09/25 17:31:39.210, 1, 261.80, 46, 2835, 16051, 30710
2026/09/25 17:31:39.460, 0, 267.00, 45, 2865, 16051, 31154
2026/09/25 17:31:39.461, 1, 261.80, 46, 2835, 16051, 30710
2026/09/25 17:31:39.711, 0, 267.47, 42, 2872, 16051, 31154
2026/09/25 17:31:39.711, 1, 261.87, 48, 2835, 16051, 30710
2026/09/25 17:31:39.961, 0, 267.47, 42, 2872, 16051, 31154
2026/09/25 17:31:39.961, 1, 261.87, 48, 2835, 16051, 30710
2026/09/25 17:31:40.211, 0, 266.46, 45, 2872, 16051, 31154
2026/09/25 17:31:40.211, 1, 261.52, 49, 2835, 16051, 30710
2026/09/25 17:31:40.461, 0, 266.46, 45, 2872, 16051, 31154
2026/09/25 17:31:40.461, 1, 261.52, 49, 2835, 16051, 30710
2026/09/25 17:31:40.711, 0, 264.71, 43, 2872, 16051, 31154
2026/09/25 17:31:40.712, 1, 259.56, 48, 2835, 16051, 30710
2026/09/25 17:31:40.962, 0, 264.71, 43, 2872, 16051, 31154
2026/09/25 17:31:40.962, 1, 259.56, 48, 2835, 16051, 30710
2026/09/25 17:31:41.212, 0, 256.70, 48, 2880, 16051, 31154
2026/09/25 17:31:41.212, 1, 244.91, 31, 2850, 16051, 30710
2026/09/25 17:31:41.462, 0, 256.70, 48, 2880, 16051, 31154
2026/09/25 17:31:41.462, 1, 244.91, 31, 2850, 16051, 30710
2026/09/25 17:31:41.712, 0, 247.75, 45, 2872, 16051, 31154
2026/09/25 17:31:41.712, 1, 241.84, 48, 2835, 16051, 30710
2026/09/25 17:31:41.962, 0, 247.75, 45, 2872, 16051, 31154
2026/09/25 17:31:41.963, 1, 241.84, 48, 2835, 16051, 30710
2026/09/25 17:31:42.213, 0, 255.32, 41, 2872, 16051, 31154
2026/09/25 17:31:42.213, 1, 246.75, 49, 2835, 16051, 30710
2026/09/25 17:31:42.463, 0, 255.32, 41, 2872, 16051, 31154
2026/09/25 17:31:42.463, 1, 246.75, 49, 2835, 16051, 30710
2026/09/25 17:31:42.713, 0, 263.60, 41, 2872, 16051, 31154
2026/09/25 17:31:42.713, 1, 259.97, 48, 2835, 16051, 30710
2026/09/25 17:31:42.963, 0, 263.60, 41, 2872, 16051, 31154
2026/09/25 17:31:42.963, 1, 259.97, 48, 2835, 16051, 30710
2026/09/25 17:31:43.213, 0, 263.09, 45, 2872, 16051, 31154
2026/09/25 17:31:43.213, 1, 258.60, 49, 2835, 16051, 30710
2026/09/25 17:31:43.464, 0, 263.09, 45, 2872, 16051, 31154
2026/09/25 17:31:43.464, 1, 258.60, 49, 2835, 16051, 30710
2026/09/25 17:31:43.714, 0, 263.47, 42, 2872, 16051, 31154
2026/09/25 17:31:43.714, 1, 257.91, 50, 2835, 16051, 30710
2026/09/25 17:31:43.964, 0, 263.47, 42, 2872, 16051, 31154
2026/09/25 17:31:43.964, 1, 257.91, 50, 2835, 16051, 30710
2026/09/25 17:31:44.214, 0, 265.52, 45, 2872, 16051, 31154
2026/09/25 17:31:44.214, 1, 260.56, 46, 2835, 16051, 30710
2026/09/25 17:31:44.464, 0, 265.52, 45, 2872, 16051, 31154
2026/09/25 17:31:44.464, 1, 260.56, 46, 2835, 16051, 30710
2026/09/25 17:31:44.715, 0, 266.10, 43, 2872, 16051, 31154
2026/09/25 17:31:44.715, 1, 261.08, 46, 2835, 16051, 30710
2026/09/25 17:31:44.965, 0, 266.10, 43, 2872, 16051, 31154
2026/09/25 17:31:44.965, 1, 261.08, 46, 2835, 16051, 30710
2026/09/25 17:31:45.215, 0, 265.69, 43, 2872, 16051, 31154
2026/09/25 17:31:45.215, 1, 260.43, 51, 2835, 16051, 30710
2026/09/25 17:31:45.465, 0, 265.69, 43, 2872, 16051, 31154
2026/09/25 17:31:45.465, 1, 260.43, 51, 2835, 16051, 30710
2026/09/25 17:31:45.715, 0, 266.67, 43, 2872, 16051, 31154
2026/09/25 17:31:45.715, 1, 261.68, 46, 2835, 16051, 30710
2026/09/25 17:31:45.965, 0, 266.67, 43, 2872, 16051, 31154
2026/09/25 17:31:45.966, 1, 261.68, 46, 2835, 16051, 30710
2026/09/25 17:31:46.216, 0, 262.45, 39, 2880, 16051, 31154
2026/09/25 17:31:46.216, 1, 256.58, 45, 2842, 16051, 30710
2026/09/25 17:31:46.466, 0, 262.45, 39, 2880, 16051, 31154
2026/09/25 17:31:46.466, 1, 256.58, 45, 2842, 16051, 30710
2026/09/25 17:31:46.716, 0, 247.48, 42, 2887, 16051, 31154
2026/09/25 17:31:46.716, 1, 238.10, 50, 2850, 16051, 30710
2026/09/25 17:31:46.966, 0, 247.48, 42, 2887, 16051, 31154
2026/09/25 17:31:46.966, 1, 238.10, 50, 2850, 16051, 30710
2026/09/25 17:31:47.216, 0, 248.39, 42, 2872, 16051, 31154
2026/09/25 17:31:47.217, 1, 243.26, 47, 2835, 16051, 30710
2026/09/25 17:31:47.467, 0, 248.39, 42, 2872, 16051, 31154
2026/09/25 17:31:47.467, 1, 243.26, 47, 2835, 16051, 30710
2026/09/25 17:31:47.717, 0, 262.11, 40, 2872, 16051, 31154
2026/09/25 17:31:47.717, 1, 258.85, 45, 2835, 16051, 30710
2026/09/25 17:31:47.967, 0, 262.11, 40, 2872, 16051, 31154
2026/09/25 17:31:47.967, 1, 258.85, 45, 2835, 16051, 30710
2026/09/25 17:31:48.217, 0, 262.91, 43, 2872, 16051, 31154
2026/09/25 17:31:48.217, 1, 258.58, 51, 2835, 16051, 30710
2026/09/25 17:31:48.467, 0, 262.91, 43, 2872, 16051, 31154
2026/09/25 17:31:48.467, 1, 258.58, 51, 2835, 16051, 30710
2026/09/25 17:31:48.718, 0, 262.45, 46, 2872, 16051, 31154
2026/09/25 17:31:48.718, 1, 258.14, 47, 2835, 16051, 30710
2026/09/25 17:31:48.968, 0, 262.45, 46, 2872, 16051, 31154
2026/09/25 17:31:48.968, 1, 258.14, 47, 2835, 16051, 30710
2026/09/25 17:31:49.218, 0, 265.76, 44, 2872, 16051, 31154
2026/09/25 17:31:49.218, 1, 259.22, 47, 2835, 16051, 30710
2026/09/25 17:31:49.468, 0, 265.76, 44, 2872, 16051, 31154
2026/09/25 17:31:49.468, 1, 259.22, 47, 2835, 16051, 30710
2026/09/25 17:31:49.718, 0, 268.20, 45, 2865, 16051, 31154
2026/09/25 17:31:49.718, 1, 262.66, 47, 2835, 16051, 30710
2026/09/25 17:31:49.968, 0, 268.20, 45, 2865, 16051, 31154
2026/09/25 17:31:49.968, 1, 262.66, 47, 2835, 16051, 30710
2026/09/25 17:31:50.218, 0, 266.56, 45, 2872, 16051, 31154
2026/09/25 17:31:50.218, 1, 261.73, 49, 2835, 16051, 30710
2026/09/25 17:31:50.469, 0, 266.56, 45, 2872, 16051, 31154
2026/09/25 17:31:50.469, 1, 261.73, 49, 2835, 16051, 30710
2026/09/25 17:31:50.719, 0, 266.85, 41, 2872, 16051, 31154
2026/09/25 17:31:50.719, 1, 262.24, 49, 2835, 16051, 30710
2026/09/25 17:31:50.969, 0, 266.85, 41, 2872, 16051, 31154
2026/09/25 17:31:50.969, 1, 262.24, 49, 2835, 16051, 30710
2026/09/25 17:31:51.219, 0, 265.05, 41, 2872, 16051, 31154
2026/09/25 17:31:51.219, 1, 260.33, 48, 2835, 16051, 30710
2026/09/25 17:31:51.469, 0, 265.05, 41, 2872, 16051, 31154
2026/09/25 17:31:51.469, 1, 260.33, 48, 2835, 16051, 30710
2026/09/25 17:31:51.719, 0, 255.08, 56, 2887, 16051, 31154
2026/09/25 17:31:51.719, 1, 246.60, 34, 2850, 16051, 30710
2026/09/25 17:31:51.970, 0, 255.08, 56, 2887, 16051, 31154
2026/09/25 17:31:51.970, 1, 246.60, 34, 2850, 16051, 30710
2026/09/25 17:31:52.220, 0, 235.98, 53, 2895, 16051, 31154
2026/09/25 17:31:52.220, 1, 218.50, 33, 2857, 16051, 30710
2026/09/25 17:31:52.470, 0, 235.98, 53, 2895, 16051, 31154
2026/09/25 17:31:52.470, 1, 218.50, 33, 2857, 16051, 30710
2026/09/25 17:31:52.720, 0, 245.54, 42, 2865, 16051, 31154
2026/09/25 17:31:52.720, 1, 234.28, 49, 2827, 16051, 30710
2026/09/25 17:31:52.970, 0, 245.54, 42, 2865, 16051, 31154
2026/09/25 17:31:52.970, 1, 234.28, 49, 2827, 16051, 30710
2026/09/25 17:31:53.220, 0, 264.27, 45, 2872, 16051, 31154
2026/09/25 17:31:53.221, 1, 265.65, 48, 2835, 16051, 30710
2026/09/25 17:31:53.471, 0, 264.27, 45, 2872, 16051, 31154
2026/09/25 17:31:53.471, 1, 265.65, 48, 2835, 16051, 30710
2026/09/25 17:31:53.721, 0, 270.86, 43, 2865, 16051, 31154
2026/09/25 17:31:53.721, 1, 262.00, 47, 2827, 16051, 30710
2026/09/25 17:31:53.971, 0, 270.86, 43, 2865, 16051, 31154
2026/09/25 17:31:53.971, 1, 262.00, 47, 2827, 16051, 30710
2026/09/25 17:31:54.221, 0, 271.58, 43, 2872, 16051, 31154
2026/09/25 17:31:54.221, 1, 260.41, 46, 2835, 16051, 30710
2026/09/25 17:31:54.471, 0, 271.58, 43, 2872, 16051, 31154
2026/09/25 17:31:54.472, 1, 260.41, 46, 2835, 16051, 30710
2026/09/25 17:31:54.722, 0, 272.22, 43, 2865, 16051, 31154
2026/09/25 17:31:54.722, 1, 261.72, 49, 2827, 16051, 30710
2026/09/25 17:31:54.972, 0, 272.22, 43, 2865, 16051, 31154
2026/09/25 17:31:54.972, 1, 261.72, 49, 2827, 16051, 30710
2026/09/25 17:31:55.222, 0, 271.84, 42, 2872, 16051, 31154
2026/09/25 17:31:55.222, 1, 262.43, 45, 2835, 16051, 30710
2026/09/25 17:31:55.472, 0, 271.84, 42, 2872, 16051, 31154
2026/09/25 17:31:55.472, 1, 262.43, 45, 2835, 16051, 30710
2026/09/25 17:31:55.722, 0, 275.45, 44, 2865, 16051, 31154
2026/09/25 17:31:55.722, 1, 263.79, 46, 2835, 16051, 30710
2026/09/25 17:31:55.972, 0, 275.45, 44, 2865, 16051, 31154
2026/09/25 17:31:55.973, 1, 263.79, 46, 2835, 16051, 30710
2026/09/25 17:31:56.223, 0, 277.90, 45, 2865, 16051, 31154
2026/09/25 17:31:56.223, 1, 265.73, 47, 2827, 16051, 30710
2026/09/25 17:31:56.473, 0, 277.90, 45, 2865, 16051, 31154
2026/09/25 17:31:56.473, 1, 265.73, 47, 2827, 16051, 30710
2026/09/25 17:31:56.723, 0, 274.39, 43, 2865, 16051, 31154
2026/09/25 17:31:56.723, 1, 263.35, 45, 2835, 16051, 30710
2026/09/25 17:31:56.973, 0, 274.39, 43, 2865, 16051, 31154
2026/09/25 17:31:56.973, 1, 263.35, 45, 2835, 16051, 30710
2026/09/25 17:31:57.223, 0, 275.25, 41, 2865, 16051, 31154
2026/09/25 17:31:57.224, 1, 262.28, 47, 2835, 16051, 30710
2026/09/25 17:31:57.474, 0, 275.25, 41, 2865, 16051, 31154
2026/09/25 17:31:57.474, 1, 262.28, 47, 2835, 16051, 30710
2026/09/25 17:31:57.724, 0, 275.44, 43, 2865, 16051, 31154
2026/09/25 17:31:57.724, 1, 262.10, 47, 2827, 16051, 30710
2026/09/25 17:31:57.974, 0, 275.44, 43, 2865, 16051, 31154
2026/09/25 17:31:57.974, 1, 262.10, 47, 2827, 16051, 30710
2026/09/25 17:31:58.224, 0, 273.41, 43, 2865, 16051, 31154
2026/09/25 17:31:58.224, 1, 261.92, 45, 2835, 16051, 30710
2026/09/25 17:31:58.474, 0, 273.41, 43, 2865, 16051, 31154
2026/09/25 17:31:58.474, 1, 261.92, 45, 2835, 16051, 30710
2026/09/25 17:31:58.725, 0, 271.70, 39, 2872, 16051, 31154
2026/09/25 17:31:58.725, 1, 262.66, 46, 2835, 16051, 30710
2026/09/25 17:31:58.975, 0, 271.70, 39, 2872, 16051, 31154
2026/09/25 17:31:58.975, 1, 262.66, 46, 2835, 16051, 30710
2026/09/25 17:31:59.225, 0, 248.64, 27, 2895, 16051, 31154
2026/09/25 17:31:59.225, 1, 240.83, 67, 2857, 16051, 30710
2026/09/25 17:31:59.475, 0, 248.64, 27, 2895, 16051, 31154
2026/09/25 17:31:59.475, 1, 240.83, 67, 2857, 16051, 30710
2026/09/25 17:31:59.725, 0, 251.71, 42, 2865, 16051, 31154
2026/09/25 17:31:59.725, 1, 241.18, 51, 2827, 16051, 30710
2026/09/25 17:31:59.975, 0, 251.71, 42, 2865, 16051, 31154
2026/09/25 17:31:59.976, 1, 241.18, 51, 2827, 16051, 30710
2026/09/25 17:32:00.226, 0, 265.93, 43, 2872, 16051, 31154
2026/09/25 17:32:00.226, 1, 265.30, 47, 2835, 16051, 30710
2026/09/25 17:32:00.476, 0, 265.93, 43, 2872, 16051, 31154
2026/09/25 17:32:00.476, 1, 265.30, 47, 2835, 16051, 30710
2026/09/25 17:32:00.726, 0, 269.30, 45, 2872, 16051, 31154
2026/09/25 17:32:00.726, 1, 261.50, 50, 2835, 16051, 30710
2026/09/25 17:32:00.976, 0, 269.30, 45, 2872, 16051, 31154
2026/09/25 17:32:00.976, 1, 261.50, 50, 2835, 16051, 30710
2026/09/25 17:32:01.226, 0, 270.71, 42, 2865, 16051, 31154
2026/09/25 17:32:01.226, 1, 259.98, 47, 2835, 16051, 30710
2026/09/25 17:32:01.477, 0, 270.71, 42, 2865, 16051, 31154
2026/09/25 17:32:01.477, 1, 259.98, 47, 2835, 16051, 30710
2026/09/25 17:32:01.727, 0, 274.99, 41, 2865, 16051, 31154
2026/09/25 17:32:01.727, 1, 262.01, 46, 2827, 16051, 30710
2026/09/25 17:32:01.977, 0, 274.99, 41, 2865, 16051, 31154
2026/09/25 17:32:01.977, 1, 262.01, 46, 2827, 16051, 30710
2026/09/25 17:32:02.227, 0, 276.99, 45, 2865, 16051, 31154
2026/09/25 17:32:02.227, 1, 265.98, 46, 2827, 16051, 30710
2026/09/25 17:32:02.477, 0, 276.99, 45, 2865, 16051, 31154
2026/09/25 17:32:02.477, 1, 265.98, 46, 2827, 16051, 30710
2026/09/25 17:32:02.727, 0, 275.00, 44, 2872, 16051, 31154
2026/09/25 17:32:02.728, 1, 262.94, 47, 2835, 16051, 30710
2026/09/25 17:32:02.978, 0, 275.00, 44, 2872, 16051, 31154
2026/09/25 17:32:02.978, 1, 262.94, 47, 2835, 16051, 30710
2026/09/25 17:32:03.228, 0, 275.02, 44, 2865, 16051, 31154
2026/09/25 17:32:03.228, 1, 263.30, 47, 2827, 16051, 30710
2026/09/25 17:32:03.478, 0, 275.02, 44, 2865, 16051, 31154
2026/09/25 17:32:03.478, 1, 263.30, 47, 2827, 16051, 30710
2026/09/25 17:32:03.728, 0, 275.64, 43, 2865, 16051, 31154
2026/09/25 17:32:03.728, 1, 264.45, 47, 2835, 16051, 30710
2026/09/25 17:32:03.978, 0, 275.64, 43, 2865, 16051, 31154
2026/09/25 17:32:03.978, 1, 264.45, 47, 2835, 16051, 30710
2026/09/25 17:32:04.229, 0, 277.47, 43, 2865, 16051, 31154
2026/09/25 17:32:04.229, 1, 266.96, 47, 2827, 16051, 30710
2026/09/25 17:32:04.479, 0, 277.47, 43, 2865, 16051, 31154
2026/09/25 17:32:04.479, 1, 266.96, 47, 2827, 16051, 30710
2026/09/25 17:32:04.729, 0, 277.53, 40, 2872, 16051, 31154
2026/09/25 17:32:04.729, 1, 267.59, 45, 2835, 16051, 30710
2026/09/25 17:32:04.979, 0, 277.53, 40, 2872, 16051, 31154
2026/09/25 17:32:04.979, 1, 267.59, 45, 2835, 16051, 30710
2026/09/25 17:32:05.229, 0, 267.11, 40, 2872, 16051, 31154
2026/09/25 17:32:05.229, 1, 259.85, 47, 2835, 16051, 30710
2026/09/25 17:32:05.479, 0, 267.11, 40, 2872, 16051, 31154
2026/09/25 17:32:05.480, 1, 259.85, 47, 2835, 16051, 30710
2026/09/25 17:32:05.730, 0, 252.06, 49, 2880, 16051, 31154
2026/09/25 17:32:05.730, 1, 243.86, 29, 2850, 16051, 30710
2026/09/25 17:32:05.980, 0, 252.06, 49, 2880, 16051, 31154
2026/09/25 17:32:05.980, 1, 243.86, 29, 2850, 16051, 30710
2026/09/25 17:32:06.230, 0, 243.94, 42, 2880, 16051, 31154
2026/09/25 17:32:06.230, 1, 235.30, 49, 2835, 16051, 30710
2026/09/25 17:32:06.480, 0, 243.94, 42, 2880, 16051, 31154
2026/09/25 17:32:06.480, 1, 235.30, 49, 2835, 16051, 30710
2026/09/25 17:32:06.730, 0, 254.35, 43, 2872, 16051, 31154
2026/09/25 17:32:06.730, 1, 251.68, 48, 2827, 16051, 30710
2026/09/25 17:32:06.981, 0, 254.35, 43, 2872, 16051, 31154
2026/09/25 17:32:06.981, 1, 251.68, 48, 2827, 16051, 30710
2026/09/25 17:32:07.231, 0, 273.90, 45, 2872, 16051, 31154
2026/09/25 17:32:07.231, 1, 267.88, 47, 2835, 16051, 30710
2026/09/25 17:32:07.481, 0, 273.90, 45, 2872, 16051, 31154
2026/09/25 17:32:07.481, 1, 267.88, 47, 2835, 16051, 30710
2026/09/25 17:32:07.731, 0, 275.67, 45, 2865, 16051, 31154
2026/09/25 17:32:07.731, 1, 267.37, 49, 2827, 16051, 30710
2026/09/25 17:32:07.981, 0, 275.67, 45, 2865, 16051, 31154
2026/09/25 17:32:07.981, 1, 267.37, 49, 2827, 16051, 30710
2026/09/25 17:32:08.232, 0, 278.48, 43, 2865, 16051, 31154
2026/09/25 17:32:08.232, 1, 267.32, 48, 2827, 16051, 30710
2026/09/25 17:32:08.482, 0, 278.48, 43, 2865, 16051, 31154
2026/09/25 17:32:08.482, 1, 267.32, 48, 2827, 16051, 30710
2026/09/25 17:32:08.732, 0, 280.64, 43, 2865, 16051, 31154
2026/09/25 17:32:08.732, 1, 268.64, 48, 2827, 16051, 30710
2026/09/25 17:32:08.982, 0, 280.64, 43, 2865, 16051, 31154
2026/09/25 17:32:08.982, 1, 268.64, 48, 2827, 16051, 30710
2026/09/25 17:32:09.232, 0, 279.55, 43, 2865, 16051, 31154
2026/09/25 17:32:09.233, 1, 268.51, 49, 2827, 16051, 30710
2026/09/25 17:32:09.483, 0, 279.55, 43, 2865, 16051, 31154
2026/09/25 17:32:09.483, 1, 268.51, 49, 2827, 16051, 30710
2026/09/25 17:32:09.733, 0, 280.76, 44, 2865, 16051, 31154
2026/09/25 17:32:09.733, 1, 269.74, 48, 2827, 16051, 30710
2026/09/25 17:32:09.983, 0, 280.76, 44, 2865, 16051, 31154
2026/09/25 17:32:09.983, 1, 269.74, 48, 2827, 16051, 30710
2026/09/25 17:32:10.233, 0, 282.20, 48, 2865, 16051, 31154
2026/09/25 17:32:10.233, 1, 271.84, 45, 2827, 16051, 30710
2026/09/25 17:32:10.483, 0, 282.20, 48, 2865, 16051, 31154
2026/09/25 17:32:10.483, 1, 271.84, 45, 2827, 16051, 30710
2026/09/25 17:32:10.734, 0, 282.04, 43, 2865, 16051, 31154
2026/09/25 17:32:10.734, 1, 269.34, 49, 2827, 16051, 30710
2026/09/25 17:32:10.984, 0, 282.04, 43, 2865, 16051, 31154
2026/09/25 17:32:10.984, 1, 269.34, 49, 2827, 16051, 30710
2026/09/25 17:32:11.234, 0, 279.17, 47, 2865, 16051, 31154
2026/09/25 17:32:11.234, 1, 268.15, 48, 2827, 16051, 30710
2026/09/25 17:32:11.484, 0, 279.17, 47, 2865, 16051, 31154
2026/09/25 17:32:11.484, 1, 268.15, 48, 2827, 16051, 30710
2026/09/25 17:32:11.734, 0, 281.66, 46, 2865, 16051, 31154
2026/09/25 17:32:11.734, 1, 272.87, 49, 2827, 16051, 30710
2026/09/25 17:32:11.985, 0, 281.66, 46, 2865, 16051, 31154
2026/09/25 17:32:11.985, 1, 272.87, 49, 2827, 16051, 30710
2026/09/25 17:32:12.235, 0, 282.85, 43, 2865, 16051, 31154
2026/09/25 17:32:12.235, 1, 272.44, 51, 2835, 16051, 30710
2026/09/25 17:32:12.485, 0, 282.85, 43, 2865, 16051, 31154
2026/09/25 17:32:12.485, 1, 272.44, 51, 2835, 16051, 30710
2026/09/25 17:32:12.735, 0, 255.09, 41, 2895, 16051, 31154
2026/09/25 17:32:12.735, 1, 244.56, 51, 2857, 16051, 30710
2026/09/25 17:32:12.985, 0, 255.09, 41, 2895, 16051, 31154
2026/09/25 17:32:12.985, 1, 244.56, 51, 2857, 16051, 30710
2026/09/25 17:32:13.236, 0, 251.18, 43, 2865, 16051, 31154
2026/09/25 17:32:13.236, 1, 245.16, 52, 2827, 16051, 30710
2026/09/25 17:32:13.486, 0, 251.18, 43, 2865, 16051, 31154
2026/09/25 17:32:13.486, 1, 245.16, 52, 2827, 16051, 30710
2026/09/25 17:32:13.736, 0, 274.62, 45, 2865, 16051, 31154
2026/09/25 17:32:13.736, 1, 264.62, 46, 2827, 16051, 30710
2026/09/25 17:32:13.986, 0, 274.62, 45, 2865, 16051, 31154
2026/09/25 17:32:13.986, 1, 264.62, 46, 2827, 16051, 30710
2026/09/25 17:32:14.236, 0, 276.46, 43, 2865, 16051, 31154
2026/09/25 17:32:14.236, 1, 267.05, 48, 2835, 16051, 30710
2026/09/25 17:32:14.486, 0, 276.46, 43, 2865, 16051, 31154
2026/09/25 17:32:14.486, 1, 267.05, 48, 2835, 16051, 30710
2026/09/25 17:32:14.737, 0, 277.82, 44, 2865, 16051, 31154
2026/09/25 17:32:14.737, 1, 267.35, 47, 2835, 16051, 30710
2026/09/25 17:32:14.987, 0, 277.82, 44, 2865, 16051, 31154
2026/09/25 17:32:14.987, 1, 267.35, 47, 2835, 16051, 30710
2026/09/25 17:32:15.237, 0, 280.90, 47, 2865, 16051, 31154
2026/09/25 17:32:15.237, 1, 270.81, 46, 2827, 16051, 30710
2026/09/25 17:32:15.487, 0, 280.90, 47, 2865, 16051, 31154
2026/09/25 17:32:15.487, 1, 270.81, 46, 2827, 16051, 30710
2026/09/25 17:32:15.737, 0, 282.93, 47, 2865, 16051, 31154
2026/09/25 17:32:15.737, 1, 272.71, 47, 2827, 16051, 30710
2026/09/25 17:32:15.987, 0, 282.93, 47, 2865, 16051, 31154
2026/09/25 17:32:15.988, 1, 272.71, 47, 2827, 16051, 30710
2026/09/25 17:32:16.238, 0, 283.06, 43, 2865, 16051, 31154
2026/09/25 17:32:16.238, 1, 271.40, 48, 2827, 16051, 30710
2026/09/25 17:32:16.488, 0, 283.06, 43, 2865, 16051, 31154
2026/09/25 17:32:16.488, 1, 271.40, 48, 2827, 16051, 30710
2026/09/25 17:32:16.738, 0, 282.50, 44, 2865, 16051, 31154
2026/09/25 17:32:16.738, 1, 271.74, 51, 2827, 16051, 30710
2026/09/25 17:32:16.988, 0, 282.50, 44, 2865, 16051, 31154
2026/09/25 17:32:16.988, 1, 271.74, 51, 2827, 16051, 30710
2026/09/25 17:32:17.238, 0, 283.20, 44, 2865, 16051, 31154
2026/09/25 17:32:17.238, 1, 271.65, 47, 2827, 16051, 30710
2026/09/25 17:32:17.488, 0, 283.20, 44, 2865, 16051, 31154
2026/09/25 17:32:17.489, 1, 271.65, 47, 2827, 16051, 30710
2026/09/25 17:32:17.739, 0, 285.60, 46, 2865, 16051, 31154
2026/09/25 17:32:17.739, 1, 273.63, 47, 2827, 16051, 30710
2026/09/25 17:32:17.989, 0, 285.60, 46, 2865, 16051, 31154
2026/09/25 17:32:17.989, 1, 273.63, 47, 2827, 16051, 30710
2026/09/25 17:32:18.239, 0, 280.92, 41, 2872, 16051, 31154
2026/09/25 17:32:18.239, 1, 272.38, 51, 2835, 16051, 30710
2026/09/25 17:32:18.489, 0, 280.92, 41, 2872, 16051, 31154
2026/09/25 17:32:18.489, 1, 272.38, 51, 2835, 16051, 30710
2026/09/25 17:32:18.739, 0, 270.09, 45, 2872, 16051, 31154
2026/09/25 17:32:18.740, 1, 264.87, 49, 2835, 16051, 30710
2026/09/25 17:32:18.990, 0, 270.09, 45, 2872, 16051, 31154
2026/09/25 17:32:18.990, 1, 264.87, 49, 2835, 16051, 30710
2026/09/25 17:32:19.240, 0, 249.79, 45, 2895, 16051, 31154
2026/09/25 17:32:19.240, 1, 242.54, 41, 2857, 16051, 30710
2026/09/25 17:32:19.490, 0, 249.79, 45, 2895, 16051, 31154
2026/09/25 17:32:19.490, 1, 242.54, 41, 2857, 16051, 30710
2026/09/25 17:32:19.740, 0, 230.38, 37, 2895, 16051, 31154
2026/09/25 17:32:19.740, 1, 212.57, 50, 2857, 16051, 30710
2026/09/25 17:32:19.990, 0, 230.38, 37, 2895, 16051, 31154
2026/09/25 17:32:19.991, 1, 212.57, 50, 2857, 16051, 30710
2026/09/25 17:32:20.241, 0, 246.67, 46, 2865, 16051, 31154
2026/09/25 17:32:20.241, 1, 229.81, 45, 2827, 16051, 30710
2026/09/25 17:32:20.491, 0, 246.67, 46, 2865, 16051, 31154
2026/09/25 17:32:20.491, 1, 229.81, 45, 2827, 16051, 30710
2026/09/25 17:32:20.741, 0, 272.12, 46, 2872, 16051, 31154
2026/09/25 17:32:20.741, 1, 263.22, 46, 2835, 16051, 30710
2026/09/25 17:32:20.991, 0, 272.12, 46, 2872, 16051, 31154
2026/09/25 17:32:20.991, 1, 263.22, 46, 2835, 16051, 30710
2026/09/25 17:32:21.241, 0, 279.20, 41, 2865, 16051, 31154
2026/09/25 17:32:21.242, 1, 268.99, 50, 2827, 16051, 30710
2026/09/25 17:32:21.492, 0, 279.20, 41, 2865, 16051, 31154
2026/09/25 17:32:21.492, 1, 268.99, 50, 2827, 16051, 30710
2026/09/25 17:32:21.742, 0, 280.94, 47, 2865, 16051, 31154
2026/09/25 17:32:21.742, 1, 270.46, 45, 2827, 16051, 30710
2026/09/25 17:32:21.992, 0, 280.94, 47, 2865, 16051, 31154
2026/09/25 17:32:21.992, 1, 270.46, 45, 2827, 16051, 30710
2026/09/25 17:32:22.242, 0, 285.67, 48, 2865, 16051, 31154
2026/09/25 17:32:22.242, 1, 270.96, 45, 2827, 16051, 30710
2026/09/25 17:32:22.492, 0, 285.67, 48, 2865, 16051, 31154
2026/09/25 17:32:22.492, 1, 270.96, 45, 2827, 16051, 30710
2026/09/25 17:32:22.743, 0, 285.79, 48, 2865, 16051, 31154
2026/09/25 17:32:22.743, 1, 272.60, 47, 2827, 16051, 30710
2026/09/25 17:32:22.993, 0, 285.79, 48, 2865, 16051, 31154
2026/09/25 17:32:22.993, 1, 272.60, 47, 2827, 16051, 30710
2026/09/25 17:32:23.243, 0, 286.89, 40, 2865, 16051, 31154
2026/09/25 17:32:23.243, 1, 272.91, 49, 2827, 16051, 30710
2026/09/25 17:32:23.493, 0, 286.89, 40, 2865, 16051, 31154
2026/09/25 17:32:23.493, 1, 272.91, 49, 2827, 16051, 30710
2026/09/25 17:32:23.743, 0, 288.53, 46, 2865, 16051, 31154
2026/09/25 17:32:23.743, 1, 273.35, 50, 2827, 16051, 30710
2026/09/25 17:32:23.993, 0, 288.53, 46, 2865, 16051, 31154
2026/09/25 17:32:23.993, 1, 273.35, 50, 2827, 16051, 30710
2026/09/25 17:32:24.244, 0, 290.08, 45, 2865, 16051, 31154
2026/09/25 17:32:24.244, 1, 276.83, 46, 2827, 16051, 30710
2026/09/25 17:32:24.494, 0, 290.08, 45, 2865, 16051, 31154
2026/09/25 17:32:24.494, 1, 276.83, 46, 2827, 16051, 30710
2026/09/25 17:32:24.744, 0, 291.61, 43, 2865, 16051, 31154
2026/09/25 17:32:24.744, 1, 277.72, 48, 2827, 16051, 30710
2026/09/25 17:32:24.994, 0, 291.61, 43, 2865, 16051, 31154
2026/09/25 17:32:24.994, 1, 277.72, 48, 2827, 16051, 30710
2026/09/25 17:32:25.244, 0, 292.45, 44, 2865, 16051, 31154
2026/09/25 17:32:25.244, 1, 276.88, 51, 2827, 16051, 30710
2026/09/25 17:32:25.495, 0, 292.45, 44, 2865, 16051, 31154
2026/09/25 17:32:25.495, 1, 276.88, 51, 2827, 16051, 30710
2026/09/25 17:32:25.745, 0, 290.02, 47, 2865, 16051, 31154
2026/09/25 17:32:25.745, 1, 274.92, 45, 2827, 16051, 30710
2026/09/25 17:32:25.995, 0, 290.02, 47, 2865, 16051, 31154
2026/09/25 17:32:25.995, 1, 274.92, 45, 2827, 16051, 30710
2026/09/25 17:32:26.247, 0, 289.75, 41, 2865, 16051, 31154
2026/09/25 17:32:26.247, 1, 274.33, 50, 2827, 16051, 30710
2026/09/25 17:32:26.497, 0, 289.75, 41, 2865, 16051, 31154
2026/09/25 17:32:26.497, 1, 274.33, 50, 2827, 16051, 30710
2026/09/25 17:32:26.747, 0, 287.34, 43, 2865, 16051, 31154
2026/09/25 17:32:26.747, 1, 272.80, 47, 2827, 16051, 30710
2026/09/25 17:32:26.997, 0, 287.34, 43, 2865, 16051, 31154
2026/09/25 17:32:26.997, 1, 272.80, 47, 2827, 16051, 30710
2026/09/25 17:32:27.247, 0, 269.46, 48, 2895, 16051, 31154
2026/09/25 17:32:27.247, 1, 251.33, 45, 2857, 16051, 30710
2026/09/25 17:32:27.498, 0, 269.46, 48, 2895, 16051, 31154
2026/09/25 17:32:27.498, 1, 251.33, 45, 2857, 16051, 30710
2026/09/25 17:32:27.748, 0, 251.97, 47, 2872, 16051, 31154
2026/09/25 17:32:27.748, 1, 240.76, 48, 2835, 16051, 30710
2026/09/25 17:32:27.998, 0, 251.97, 47, 2872, 16051, 31154
2026/09/25 17:32:27.998, 1, 240.76, 48, 2835, 16051, 30710
2026/09/25 17:32:28.248, 0, 266.38, 47, 2865, 16051, 31154
2026/09/25 17:32:28.248, 1, 257.92, 46, 2827, 16051, 30710
2026/09/25 17:32:28.498, 0, 266.38, 47, 2865, 16051, 31154
2026/09/25 17:32:28.498, 1, 257.92, 46, 2827, 16051, 30710
2026/09/25 17:32:28.748, 0, 283.79, 48, 2865, 16051, 31154
2026/09/25 17:32:28.749, 1, 272.95, 47, 2827, 16051, 30710
2026/09/25 17:32:28.999, 0, 283.79, 48, 2865, 16051, 31154
2026/09/25 17:32:28.999, 1, 272.95, 47, 2827, 16051, 30710
2026/09/25 17:32:29.249, 0, 284.61, 44, 2865, 16051, 31154
2026/09/25 17:32:29.249, 1, 271.31, 50, 2827, 16051, 30710
2026/09/25 17:32:29.499, 0, 284.61, 44, 2865, 16051, 31154
2026/09/25 17:32:29.499, 1, 271.31, 50, 2827, 16051, 30710
2026/09/25 17:32:29.749, 0, 287.64, 43, 2865, 16051, 31154
2026/09/25 17:32:29.749, 1, 272.60, 51, 2827, 16051, 30710
2026/09/25 17:32:29.999, 0, 287.64, 43, 2865, 16051, 31154
2026/09/25 17:32:30.000, 1, 272.60, 51, 2827, 16051, 30710
2026/09/25 17:32:30.250, 0, 288.63, 45, 2865, 16051, 31154
2026/09/25 17:32:30.250, 1, 273.41, 50, 2827, 16051, 30710
2026/09/25 17:32:30.500, 0, 288.63, 45, 2865, 16051, 31154
2026/09/25 17:32:30.500, 1, 273.41, 50, 2827, 16051, 30710
2026/09/25 17:32:30.750, 0, 288.87, 48, 2865, 16051, 31154
2026/09/25 17:32:30.750, 1, 276.15, 45, 2820, 16051, 30710
2026/09/25 17:32:31.000, 0, 288.87, 48, 2865, 16051, 31154
2026/09/25 17:32:31.000, 1, 276.15, 45, 2820, 16051, 30710
2026/09/25 17:32:31.250, 0, 288.56, 48, 2865, 16051, 31154
2026/09/25 17:32:31.250, 1, 275.97, 46, 2827, 16051, 30710
2026/09/25 17:32:31.500, 0, 288.56, 48, 2865, 16051, 31154
2026/09/25 17:32:31.501, 1, 275.97, 46, 2827, 16051, 30710
2026/09/25 17:32:31.751, 0, 288.73, 47, 2865, 16051, 31154
2026/09/25 17:32:31.751, 1, 273.63, 46, 2827, 16051, 30710
2026/09/25 17:32:32.001, 0, 288.73, 47, 2865, 16051, 31154
2026/09/25 17:32:32.001, 1, 273.63, 46, 2827, 16051, 30710
2026/09/25 17:32:32.251, 0, 286.56, 44, 2865, 16051, 31154
2026/09/25 17:32:32.251, 1, 271.61, 51, 2827, 16051, 30710
2026/09/25 17:32:32.501, 0, 286.56, 44, 2865, 16051, 31154
2026/09/25 17:32:32.501, 1, 271.61, 51, 2827, 16051, 30710
2026/09/25 17:32:32.751, 0, 284.76, 45, 2865, 16051, 31154
2026/09/25 17:32:32.751, 1, 272.18, 44, 2827, 16051, 30710
2026/09/25 17:32:33.002, 0, 284.76, 45, 2865, 16051, 31154
2026/09/25 17:32:33.002, 1, 272.18, 44, 2827, 16051, 30710
2026/09/25 17:32:33.252, 0, 285.56, 47, 2865, 16051, 31154
2026/09/25 17:32:33.252, 1, 273.09, 43, 2827, 16051, 30710
2026/09/25 17:32:33.502, 0, 285.56, 47, 2865, 16051, 31154
2026/09/25 17:32:33.502, 1, 273.09, 43, 2827, 16051, 30710
2026/09/25 17:32:33.752, 0, 286.35, 43, 2865, 16051, 31154
2026/09/25 17:32:33.752, 1, 270.97, 48, 2827, 16051, 30710
2026/09/25 17:32:34.002, 0, 286.35, 43, 2865, 16051, 31154
2026/09/25 17:32:34.002, 1, 270.97, 48, 2827, 16051, 30710
2026/09/25 17:32:34.252, 0, 283.26, 41, 2865, 16051, 31154
2026/09/25 17:32:34.253, 1, 270.04, 45, 2835, 16051, 30710
2026/09/25 17:32:34.503, 0, 283.26, 41, 2865, 16051, 31154
2026/09/25 17:32:34.503, 1, 270.04, 45, 2835, 16051, 30710
2026/09/25 17:32:34.753, 0, 257.52, 42, 2895, 16051, 31154
2026/09/25 17:32:34.753, 1, 238.96, 43, 2857, 16051, 30710
2026/09/25 17:32:35.003, 0, 257.52, 42, 2895, 16051, 31154
2026/09/25 17:32:35.003, 1, 238.96, 43, 2857, 16051, 30710
2026/09/25 17:32:35.253, 0, 248.74, 42, 2872, 16051, 31154
2026/09/25 17:32:35.253, 1, 239.87, 51, 2827, 16051, 30710
2026/09/25 17:32:35.503, 0, 248.74, 42, 2872, 16051, 31154
2026/09/25 17:32:35.503, 1, 239.87, 51, 2827, 16051, 30710
2026/09/25 17:32:35.753, 0, 271.80, 46, 2872, 16051, 31154
2026/09/25 17:32:35.753, 1, 267.55, 45, 2835, 16051, 30710
2026/09/25 17:32:36.004, 0, 271.80, 46, 2872, 16051, 31154
2026/09/25 17:32:36.004, 1, 267.55, 45, 2835, 16051, 30710
2026/09/25 17:32:36.254, 0, 284.48, 44, 2865, 16051, 31154
2026/09/25 17:32:36.254, 1, 272.54, 51, 2827, 16051, 30710
2026/09/25 17:32:36.504, 0, 284.48, 44, 2865, 16051, 31154
2026/09/25 17:32:36.504, 1, 272.54, 51, 2827, 16051, 30710
2026/09/25 17:32:36.754, 0, 287.06, 41, 2865, 16051, 31154
2026/09/25 17:32:36.754, 1, 274.45, 46, 2827, 16051, 30710
2026/09/25 17:32:37.004, 0, 287.06, 41, 2865, 16051, 31154
2026/09/25 17:32:37.004, 1, 274.45, 46, 2827, 16051, 30710
2026/09/25 17:32:37.254, 0, 284.50, 40, 2865, 16051, 31154
2026/09/25 17:32:37.254, 1, 269.37, 44, 2827, 16051, 30710
2026/09/25 17:32:37.504, 0, 284.50, 40, 2865, 16051, 31154
2026/09/25 17:32:37.504, 1, 269.37, 44, 2827, 16051, 30710
2026/09/25 17:32:37.754, 0, 277.66, 47, 2865, 16051, 31154
2026/09/25 17:32:37.754, 1, 264.46, 43, 2827, 16051, 30710
2026/09/25 17:32:38.005, 0, 277.66, 47, 2865, 16051, 31154
2026/09/25 17:32:38.005, 1, 264.46, 43, 2827, 16051, 30710
2026/09/25 17:32:38.255, 0, 279.08, 49, 2865, 16051, 31154
2026/09/25 17:32:38.255, 1, 266.74, 45, 2827, 16051, 30710
2026/09/25 17:32:38.505, 0, 279.08, 49, 2865, 16051, 31154
2026/09/25 17:32:38.505, 1, 266.74, 45, 2827, 16051, 30710
2026/09/25 17:32:38.755, 0, 280.75, 41, 2857, 16051, 31154
2026/09/25 17:32:38.755, 1, 267.30, 50, 2827, 16051, 30710
2026/09/25 17:32:39.005, 0, 280.75, 41, 2857, 16051, 31154
2026/09/25 17:32:39.005, 1, 267.30, 50, 2827, 16051, 30710
2026/09/25 17:32:39.255, 0, 281.50, 41, 2865, 16051, 31154
2026/09/25 17:32:39.255, 1, 266.10, 49, 2827, 16051, 30710
2026/09/25 17:32:39.506, 0, 281.50, 41, 2865, 16051, 31154
2026/09/25 17:32:39.506, 1, 266.10, 49, 2827, 16051, 30710
2026/09/25 17:32:39.756, 0, 282.92, 41, 2865, 16051, 31154
2026/09/25 17:32:39.756, 1, 269.65, 41, 2827, 16051, 30710
2026/09/25 17:32:40.006, 0, 282.92, 41, 2865, 16051, 31154
2026/09/25 17:32:40.006, 1, 269.65, 41, 2827, 16051, 30710
2026/09/25 17:32:40.256, 0, 285.13, 46, 2865, 16051, 31154
2026/09/25 17:32:40.256, 1, 272.79, 44, 2827, 16051, 30710
2026/09/25 17:32:40.506, 0, 285.13, 46, 2865, 16051, 31154
2026/09/25 17:32:40.507, 1, 272.79, 44, 2827, 16051, 30710
2026/09/25 17:32:40.757, 0, 283.30, 45, 2865, 16051, 31154
2026/09/25 17:32:40.757, 1, 270.03, 50, 2827, 16051, 30710
2026/09/25 17:32:41.007, 0, 283.30, 45, 2865, 16051, 31154
2026/09/25 17:32:41.007, 1, 270.03, 50, 2827, 16051, 30710
2026/09/25 17:32:41.257, 0, 280.34, 44, 2865, 16051, 31154
2026/09/25 17:32:41.257, 1, 265.05, 48, 2827, 16051, 30710
2026/09/25 17:32:41.507, 0, 280.34, 44, 2865, 16051, 31154
2026/09/25 17:32:41.507, 1, 265.05, 48, 2827, 16051, 30710
2026/09/25 17:32:41.757, 0, 273.37, 41, 2865, 16051, 31154
2026/09/25 17:32:41.757, 1, 263.00, 47, 2827, 16051, 30710
2026/09/25 17:32:42.007, 0, 273.37, 41, 2865, 16051, 31154
2026/09/25 17:32:42.008, 1, 263.00, 47, 2827, 16051, 30710
2026/09/25 17:32:42.258, 0, 258.96, 37, 2895, 16051, 31154
2026/09/25 17:32:42.258, 1, 247.14, 49, 2857, 16051, 30710
2026/09/25 17:32:42.508, 0, 258.96, 37, 2895, 16051, 31154
2026/09/25 17:32:42.508, 1, 247.14, 49, 2857, 16051, 30710
2026/09/25 17:32:42.758, 0, 253.53, 47, 2872, 16051, 31154
2026/09/25 17:32:42.758, 1, 239.39, 47, 2827, 16051, 30710
2026/09/25 17:32:43.008, 0, 253.53, 47, 2872, 16051, 31154
2026/09/25 17:32:43.008, 1, 239.39, 47, 2827, 16051, 30710
2026/09/25 17:32:43.259, 0, 268.91, 42, 2872, 16051, 31154
2026/09/25 17:32:43.259, 1, 258.39, 47, 2835, 16051, 30710
2026/09/25 17:32:43.509, 0, 268.91, 42, 2872, 16051, 31154
2026/09/25 17:32:43.509, 1, 258.39, 47, 2835, 16051, 30710
2026/09/25 17:32:43.759, 0, 281.72, 48, 2865, 16051, 31154
2026/09/25 17:32:43.759, 1, 271.69, 48, 2827, 16051, 30710
2026/09/25 17:32:44.009, 0, 281.72, 48, 2865, 16051, 31154
2026/09/25 17:32:44.009, 1, 271.69, 48, 2827, 16051, 30710
2026/09/25 17:32:44.259, 0, 283.82, 47, 2865, 16051, 31154
2026/09/25 17:32:44.259, 1, 271.65, 46, 2827, 16051, 30710
2026/09/25 17:32:44.509, 0, 283.82, 47, 2865, 16051, 31154
2026/09/25 17:32:44.510, 1, 271.65, 46, 2827, 16051, 30710
2026/09/25 17:32:44.760, 0, 284.51, 48, 2865, 16051, 31154
2026/09/25 17:32:44.760, 1, 274.04, 46, 2827, 16051, 30710
2026/09/25 17:32:45.010, 0, 284.51, 48, 2865, 16051, 31154
2026/09/25 17:32:45.010, 1, 274.04, 46, 2827, 16051, 30710
2026/09/25 17:32:45.260, 0, 285.58, 44, 2865, 16051, 31154
2026/09/25 17:32:45.260, 1, 273.28, 51, 2827, 16051, 30710
2026/09/25 17:32:45.510, 0, 285.58, 44, 2865, 16051, 31154
2026/09/25 17:32:45.510, 1, 273.28, 51, 2827, 16051, 30710
2026/09/25 17:32:45.760, 0, 287.97, 48, 2865, 16051, 31154
2026/09/25 17:32:45.760, 1, 274.94, 46, 2827, 16051, 30710
2026/09/25 17:32:46.010, 0, 287.97, 48, 2865, 16051, 31154
2026/09/25 17:32:46.011, 1, 274.94, 46, 2827, 16051, 30710
2026/09/25 17:32:46.261, 0, 288.04, 46, 2865, 16051, 31154
2026/09/25 17:32:46.261, 1, 274.75, 44, 2827, 16051, 30710
2026/09/25 17:32:46.511, 0, 288.04, 46, 2865, 16051, 31154
2026/09/25 17:32:46.511, 1, 274.75, 44, 2827, 16051, 30710
2026/09/25 17:32:46.761, 0, 287.94, 44, 2865, 16051, 31154
2026/09/25 17:32:46.761, 1, 275.23, 47, 2827, 16051, 30710
2026/09/25 17:32:47.011, 0, 287.94, 44, 2865, 16051, 31154
2026/09/25 17:32:47.011, 1, 275.23, 47, 2827, 16051, 30710
2026/09/25 17:32:47.261, 0, 292.65, 41, 2865, 16051, 31154
2026/09/25 17:32:47.261, 1, 277.69, 49, 2827, 16051, 30710
2026/09/25 17:32:47.511, 0, 292.65, 41, 2865, 16051, 31154
2026/09/25 17:32:47.512, 1, 277.69, 49, 2827, 16051, 30710
2026/09/25 17:32:47.762, 0, 292.92, 47, 2857, 16051, 31154
2026/09/25 17:32:47.762, 1, 276.82, 48, 2820, 16051, 30710
2026/09/25 17:32:48.012, 0, 292.92, 47, 2857, 16051, 31154
2026/09/25 17:32:48.012, 1, 276.82, 48, 2820, 16051, 30710
2026/09/25 17:32:48.262, 0, 293.32, 46, 2865, 16051, 31154
2026/09/25 17:32:48.262, 1, 278.52, 44, 2827, 16051, 30710
2026/09/25 17:32:48.512, 0, 293.32, 46, 2865, 16051, 31154
2026/09/25 17:32:48.512, 1, 278.52, 44, 2827, 16051, 30710
2026/09/25 17:32:48.762, 0, 291.38, 48, 2865, 16051, 31154
2026/09/25 17:32:48.762, 1, 276.43, 45, 2827, 16051, 30710
2026/09/25 17:32:49.013, 0, 291.38, 48, 2865, 16051, 31154
2026/09/25 17:32:49.013, 1, 276.43, 45, 2827, 16051, 30710
2026/09/25 17:32:49.263, 0, 288.98, 43, 2865, 16051, 31154
2026/09/25 17:32:49.263, 1, 274.08, 45, 2827, 16051, 30710
2026/09/25 17:32:49.513, 0, 288.98, 43, 2865, 16051, 31154
2026/09/25 17:32:49.513, 1, 274.08, 45, 2827, 16051, 30710
2026/09/25 17:32:49.763, 0, 267.37, 38, 2887, 16051, 31154
2026/09/25 17:32:49.763, 1, 255.90, 53, 2857, 16051, 30710
2026/09/25 17:32:50.013, 0, 267.37, 38, 2887, 16051, 31154
2026/09/25 17:32:50.014, 1, 255.90, 53, 2857, 16051, 30710
2026/09/25 17:32:50.264, 0, 234.40, 50, 2895, 16051, 31154
2026/09/25 17:32:50.264, 1, 221.38, 43, 2857, 16051, 30710
2026/09/25 17:32:50.514, 0, 234.40, 50, 2895, 16051, 31154
2026/09/25 17:32:50.514, 1, 221.38, 43, 2857, 16051, 30710
2026/09/25 17:32:50.764, 0, 225.81, 36, 2887, 16051, 31154
2026/09/25 17:32:50.764, 1, 211.82, 56, 2857, 16051, 30710
2026/09/25 17:32:51.014, 0, 225.81, 36, 2887, 16051, 31154
2026/09/25 17:32:51.014, 1, 211.82, 56, 2857, 16051, 30710
2026/09/25 17:32:51.265, 0, 255.12, 45, 2865, 16051, 31154
2026/09/25 17:32:51.265, 1, 247.04, 47, 2827, 16051, 30710
2026/09/25 17:32:51.515, 0, 255.12, 45, 2865, 16051, 31154
2026/09/25 17:32:51.515, 1, 247.04, 47, 2827, 16051, 30710
2026/09/25 17:32:51.765, 0, 278.24, 45, 2865, 16051, 31154
2026/09/25 17:32:51.765, 1, 272.12, 47, 2827, 16051, 30710
2026/09/25 17:32:52.015, 0, 278.24, 45, 2865, 16051, 31154
2026/09/25 17:32:52.015, 1, 272.12, 47, 2827, 16051, 30710
2026/09/25 17:32:52.265, 0, 280.97, 46, 2865, 16051, 31154
2026/09/25 17:32:52.266, 1, 265.89, 46, 2835, 16051, 30710
2026/09/25 17:32:52.516, 0, 280.97, 46, 2865, 16051, 31154
2026/09/25 17:32:52.516, 1, 265.89, 46, 2835, 16051, 30710
2026/09/25 17:32:52.766, 0, 278.32, 43, 2865, 16051, 31154
2026/09/25 17:32:52.766, 1, 262.29, 48, 2827, 16051, 30710
2026/09/25 17:32:53.016, 0, 278.32, 43, 2865, 16051, 31154
2026/09/25 17:32:53.016, 1, 262.29, 48, 2827, 16051, 30710
2026/09/25 17:32:53.266, 0, 278.09, 45, 2865, 16051, 31154
2026/09/25 17:32:53.266, 1, 260.69, 47, 2835, 16051, 30710
2026/09/25 17:32:53.516, 0, 278.09, 45, 2865, 16051, 31154
2026/09/25 17:32:53.516, 1, 260.69, 47, 2835, 16051, 30710
2026/09/25 17:32:53.767, 0, 280.95, 47, 2865, 16051, 31154
2026/09/25 17:32:53.767, 1, 262.49, 42, 2827, 16051, 30710
2026/09/25 17:32:54.017, 0, 280.95, 47, 2865, 16051, 31154
2026/09/25 17:32:54.017, 1, 262.49, 42, 2827, 16051, 30710
2026/09/25 17:32:54.267, 0, 281.56, 46, 2865, 16051, 31154
2026/09/25 17:32:54.267, 1, 265.05, 46, 2827, 16051, 30710
2026/09/25 17:32:54.517, 0, 281.56, 46, 2865, 16051, 31154
2026/09/25 17:32:54.517, 1, 265.05, 46, 2827, 16051, 30710
2026/09/25 17:32:54.767, 0, 282.72, 44, 2865, 16051, 31154
2026/09/25 17:32:54.767, 1, 265.45, 48, 2827, 16051, 30710
2026/09/25 17:32:55.018, 0, 282.72, 44, 2865, 16051, 31154
2026/09/25 17:32:55.018, 1, 265.45, 48, 2827, 16051, 30710
2026/09/25 17:32:55.268, 0, 285.26, 41, 2865, 16051, 31154
2026/09/25 17:32:55.268, 1, 266.40, 49, 2827, 16051, 30710
2026/09/25 17:32:55.518, 0, 285.26, 41, 2865, 16051, 31154
2026/09/25 17:32:55.518, 1, 266.40, 49, 2827, 16051, 30710
2026/09/25 17:32:55.768, 0, 283.55, 42, 2865, 16051, 31154
2026/09/25 17:32:55.768, 1, 266.47, 48, 2820, 16051, 30710
2026/09/25 17:32:56.018, 0, 283.55, 42, 2865, 16051, 31154
2026/09/25 17:32:56.019, 1, 266.47, 48, 2820, 16051, 30710
2026/09/25 17:32:56.269, 0, 283.10, 47, 2865, 16051, 31154
2026/09/25 17:32:56.269, 1, 266.16, 45, 2827, 16051, 30710
2026/09/25 17:32:56.519, 0, 283.10, 47, 2865, 16051, 31154
2026/09/25 17:32:56.519, 1, 266.16, 45, 2827, 16051, 30710
2026/09/25 17:32:56.769, 0, 286.50, 45, 2865, 16051, 31154
2026/09/25 17:32:56.769, 1, 268.36, 42, 2820, 16051, 30710
2026/09/25 17:32:57.019, 0, 286.50, 45, 2865, 16051, 31154
2026/09/25 17:32:57.019, 1, 268.36, 42, 2820, 16051, 30710
2026/09/25 17:32:57.269, 0, 286.05, 42, 2865, 16051, 31154
2026/09/25 17:32:57.269, 1, 267.19, 44, 2827, 16051, 30710
2026/09/25 17:32:57.520, 0, 286.05, 42, 2865, 16051, 31154
2026/09/25 17:32:57.520, 1, 267.19, 44, 2827, 16051, 30710
2026/09/25 17:32:57.770, 0, 285.71, 42, 2865, 16051, 31154
2026/09/25 17:32:57.770, 1, 265.33, 49, 2827, 16051, 30710
2026/09/25 17:32:58.020, 0, 285.71, 42, 2865, 16051, 31154
2026/09/25 17:32:58.020, 1, 265.33, 49, 2827, 16051, 30710
2026/09/25 17:32:58.270, 0, 282.69, 41, 2865, 16051, 31154
2026/09/25 17:32:58.270, 1, 263.73, 46, 2827, 16051, 30710
2026/09/25 17:32:58.520, 0, 282.69, 41, 2865, 16051, 31154
2026/09/25 17:32:58.520, 1, 263.73, 46, 2827, 16051, 30710
2026/09/25 17:32:58.770, 0, 274.39, 35, 2872, 16051, 31154
2026/09/25 17:32:58.771, 1, 257.08, 40, 2835, 16051, 30710
2026/09/25 17:32:59.021, 0, 274.39, 35, 2872, 16051, 31154
2026/09/25 17:32:59.021, 1, 257.08, 40, 2835, 16051, 30710
2026/09/25 17:32:59.271, 0, 249.48, 43, 2895, 16051, 31154
2026/09/25 17:32:59.271, 1, 230.16, 42, 2857, 16051, 30710
2026/09/25 17:32:59.521, 0, 249.48, 43, 2895, 16051, 31154
2026/09/25 17:32:59.521, 1, 230.16, 42, 2857, 16051, 30710
2026/09/25 17:32:59.771, 0, 250.13, 46, 2865, 16051, 31154
2026/09/25 17:32:59.771, 1, 233.33, 46, 2827, 16051, 30710
2026/09/25 17:33:00.022, 0, 250.13, 46, 2865, 16051, 31154
2026/09/25 17:33:00.022, 1, 233.33, 46, 2827, 16051, 30710
2026/09/25 17:33:00.272, 0, 267.30, 39, 2872, 16051, 31154
2026/09/25 17:33:00.272, 1, 265.63, 46, 2827, 16051, 30710
2026/09/25 17:33:00.522, 0, 267.30, 39, 2872, 16051, 31154
2026/09/25 17:33:00.522, 1, 265.63, 46, 2827, 16051, 30710
2026/09/25 17:33:00.772, 0, 280.89, 44, 2865, 16051, 31154
2026/09/25 17:33:00.772, 1, 264.99, 49, 2827, 16051, 30710
2026/09/25 17:33:01.022, 0, 280.89, 44, 2865, 16051, 31154
2026/09/25 17:33:01.022, 1, 264.99, 49, 2827, 16051, 30710
2026/09/25 17:33:01.272, 0, 282.26, 44, 2865, 16051, 31154
2026/09/25 17:33:01.273, 1, 263.87, 48, 2827, 16051, 30710
2026/09/25 17:33:01.523, 0, 282.26, 44, 2865, 16051, 31154
2026/09/25 17:33:01.523, 1, 263.87, 48, 2827, 16051, 30710
2026/09/25 17:33:01.773, 0, 284.11, 45, 2865, 16051, 31154
2026/09/25 17:33:01.773, 1, 265.35, 48, 2827, 16051, 30710
2026/09/25 17:33:02.023, 0, 284.11, 45, 2865, 16051, 31154
2026/09/25 17:33:02.023, 1, 265.35, 48, 2827, 16051, 30710
2026/09/25 17:33:02.273, 0, 287.05, 47, 2865, 16051, 31154
2026/09/25 17:33:02.273, 1, 267.34, 45, 2827, 16051, 30710
2026/09/25 17:33:02.523, 0, 287.05, 47, 2865, 16051, 31154
2026/09/25 17:33:02.523, 1, 267.34, 45, 2827, 16051, 30710
2026/09/25 17:33:02.774, 0, 288.23, 43, 2857, 16051, 31154
2026/09/25 17:33:02.774, 1, 270.20, 49, 2827, 16051, 30710
2026/09/25 17:33:03.024, 0, 288.23, 43, 2857, 16051, 31154
2026/09/25 17:33:03.024, 1, 270.20, 49, 2827, 16051, 30710
2026/09/25 17:33:03.274, 0, 286.98, 41, 2865, 16051, 31154
2026/09/25 17:33:03.274, 1, 269.46, 47, 2827, 16051, 30710
2026/09/25 17:33:03.524, 0, 286.98, 41, 2865, 16051, 31154
2026/09/25 17:33:03.524, 1, 269.46, 47, 2827, 16051, 30710
2026/09/25 17:33:03.774, 0, 287.11, 41, 2865, 16051, 31154
2026/09/25 17:33:03.774, 1, 269.60, 49, 2827, 16051, 30710
2026/09/25 17:33:04.024, 0, 287.11, 41, 2865, 16051, 31154
2026/09/25 17:33:04.024, 1, 269.60, 49, 2827, 16051, 30710
2026/09/25 17:33:04.275, 0, 286.92, 47, 2865, 16051, 31154
2026/09/25 17:33:04.275, 1, 270.07, 44, 2827, 16051, 30710
2026/09/25 17:33:04.525, 0, 286.92, 47, 2865, 16051, 31154
2026/09/25 17:33:04.525, 1, 270.07, 44, 2827, 16051, 30710
2026/09/25 17:33:04.775, 0, 287.49, 47, 2865, 16051, 31154
2026/09/25 17:33:04.775, 1, 268.22, 45, 2827, 16051, 30710
2026/09/25 17:33:05.025, 0, 287.49, 47, 2865, 16051, 31154
2026/09/25 17:33:05.025, 1, 268.22, 45, 2827, 16051, 30710
2026/09/25 17:33:05.275, 0, 291.18, 47, 2857, 16051, 31154
2026/09/25 17:33:05.276, 1, 270.82, 48, 2827, 16051, 30710
2026/09/25 17:33:05.526, 0, 291.18, 47, 2857, 16051, 31154
2026/09/25 17:33:05.526, 1, 270.82, 48, 2827, 16051, 30710
2026/09/25 17:33:05.776, 0, 291.12, 46, 2857, 16051, 31154
2026/09/25 17:33:05.776, 1, 271.09, 48, 2827, 16051, 30710
2026/09/25 17:33:06.026, 0, 291.12, 46, 2857, 16051, 31154
2026/09/25 17:33:06.026, 1, 271.09, 48, 2827, 16051, 30710
2026/09/25 17:33:06.276, 0, 290.01, 43, 2865, 16051, 31154
2026/09/25 17:33:06.276, 1, 268.89, 47, 2827, 16051, 30710
2026/09/25 17:33:06.526, 0, 290.01, 43, 2865, 16051, 31154
2026/09/25 17:33:06.526, 1, 268.89, 47, 2827, 16051, 30710
2026/09/25 17:33:06.776, 0, 286.79, 41, 2865, 16051, 31154
2026/09/25 17:33:06.777, 1, 266.98, 48, 2827, 16051, 30710
2026/09/25 17:33:07.027, 0, 286.79, 41, 2865, 16051, 31154
2026/09/25 17:33:07.027, 1, 266.98, 48, 2827, 16051, 30710
2026/09/25 17:33:07.277, 0, 277.98, 36, 2872, 16051, 31154
2026/09/25 17:33:07.277, 1, 262.02, 31, 2835, 16051, 30710
2026/09/25 17:33:07.527, 0, 277.98, 36, 2872, 16051, 31154
2026/09/25 17:33:07.527, 1, 262.02, 31, 2835, 16051, 30710
2026/09/25 17:33:07.777, 0, 257.60, 54, 2895, 16051, 31154
2026/09/25 17:33:07.777, 1, 226.45, 31, 2857, 16051, 30710
2026/09/25 17:33:08.028, 0, 257.60, 54, 2895, 16051, 31154
2026/09/25 17:33:08.028, 1, 226.45, 31, 2857, 16051, 30710
2026/09/25 17:33:08.278, 0, 248.80, 44, 2865, 16051, 31154
2026/09/25 17:33:08.278, 1, 236.87, 44, 2827, 16051, 30710
2026/09/25 17:33:08.528, 0, 248.80, 44, 2865, 16051, 31154
2026/09/25 17:33:08.528, 1, 236.87, 44, 2827, 16051, 30710
2026/09/25 17:33:08.778, 0, 276.92, 43, 2865, 16051, 31154
2026/09/25 17:33:08.778, 1, 265.96, 48, 2827, 16051, 30710
2026/09/25 17:33:09.028, 0, 276.92, 43, 2865, 16051, 31154
2026/09/25 17:33:09.029, 1, 265.96, 48, 2827, 16051, 30710
2026/09/25 17:33:09.279, 0, 285.28, 45, 2865, 16051, 31154
2026/09/25 17:33:09.279, 1, 267.73, 48, 2827, 16051, 30710
2026/09/25 17:33:09.529, 0, 285.28, 45, 2865, 16051, 31154
2026/09/25 17:33:09.529, 1, 267.73, 48, 2827, 16051, 30710
2026/09/25 17:33:09.779, 0, 282.73, 41, 2865, 16051, 31154
2026/09/25 17:33:09.779, 1, 264.06, 47, 2827, 16051, 30710
2026/09/25 17:33:10.029, 0, 282.73, 41, 2865, 16051, 31154
2026/09/25 17:33:10.029, 1, 264.06, 47, 2827, 16051, 30710
2026/09/25 17:33:10.279, 0, 281.08, 40, 2865, 16051, 31154
2026/09/25 17:33:10.279, 1, 263.30, 42, 2827, 16051, 30710
2026/09/25 17:33:10.530, 0, 281.08, 40, 2865, 16051, 31154
2026/09/25 17:33:10.530, 1, 263.30, 42, 2827, 16051, 30710
2026/09/25 17:33:10.780, 0, 281.76, 43, 2865, 16051, 31154
2026/09/25 17:33:10.780, 1, 261.49, 50, 2827, 16051, 30710
2026/09/25 17:33:11.030, 0, 281.76, 43, 2865, 16051, 31154
2026/09/25 17:33:11.030, 1, 261.49, 50, 2827, 16051, 30710
2026/09/25 17:33:11.280, 0, 279.68, 42, 2865, 16051, 31154
2026/09/25 17:33:11.280, 1, 263.45, 46, 2827, 16051, 30710
2026/09/25 17:33:11.530, 0, 279.68, 42, 2865, 16051, 31154
2026/09/25 17:33:11.530, 1, 263.45, 46, 2827, 16051, 30710
2026/09/25 17:33:11.780, 0, 280.15, 40, 2865, 16051, 31154
2026/09/25 17:33:11.781, 1, 260.55, 43, 2827, 16051, 30710
2026/09/25 17:33:12.031, 0, 280.15, 40, 2865, 16051, 31154
2026/09/25 17:33:12.031, 1, 260.55, 43, 2827, 16051, 30710
2026/09/25 17:33:12.281, 0, 280.05, 42, 2865, 16051, 31154
2026/09/25 17:33:12.281, 1, 263.35, 45, 2827, 16051, 30710
2026/09/25 17:33:12.531, 0, 280.05, 42, 2865, 16051, 31154
2026/09/25 17:33:12.531, 1, 263.35, 45, 2827, 16051, 30710
2026/09/25 17:33:12.781, 0, 282.37, 40, 2865, 16051, 31154
2026/09/25 17:33:12.781, 1, 265.56, 42, 2827, 16051, 30710
2026/09/25 17:33:13.031, 0, 282.37, 40, 2865, 16051, 31154
2026/09/25 17:33:13.031, 1, 265.56, 42, 2827, 16051, 30710
2026/09/25 17:33:13.281, 0, 281.63, 45, 2865, 16051, 31154
2026/09/25 17:33:13.281, 1, 263.64, 47, 2827, 16051, 30710
2026/09/25 17:33:13.532, 0, 281.63, 45, 2865, 16051, 31154
2026/09/25 17:33:13.532, 1, 263.64, 47, 2827, 16051, 30710
2026/09/25 17:33:13.782, 0, 282.29, 40, 2865, 16051, 31154
2026/09/25 17:33:13.782, 1, 264.96, 46, 2827, 16051, 30710
2026/09/25 17:33:14.032, 0, 282.29, 40, 2865, 16051, 31154
2026/09/25 17:33:14.032, 1, 264.96, 46, 2827, 16051, 30710
2026/09/25 17:33:14.282, 0, 282.74, 47, 2865, 16051, 31154
2026/09/25 17:33:14.282, 1, 263.90, 41, 2835, 16051, 30710
2026/09/25 17:33:14.532, 0, 282.74, 47, 2865, 16051, 31154
2026/09/25 17:33:14.532, 1, 263.90, 41, 2835, 16051, 30710
2026/09/25 17:33:14.783, 0, 285.66, 42, 2865, 16051, 31154
2026/09/25 17:33:14.783, 1, 266.40, 46, 2827, 16051, 30710
2026/09/25 17:33:15.033, 0, 285.66, 42, 2865, 16051, 31154
2026/09/25 17:33:15.033, 1, 266.40, 46, 2827, 16051, 30710
2026/09/25 17:33:15.283, 0, 284.04, 43, 2872, 16051, 31154
2026/09/25 17:33:15.283, 1, 264.79, 47, 2835, 16051, 30710
2026/09/25 17:33:15.533, 0, 284.04, 43, 2872, 16051, 31154
2026/09/25 17:33:15.533, 1, 264.79, 47, 2835, 16051, 30710
2026/09/25 17:33:15.783, 0, 278.56, 41, 2865, 16051, 31154
2026/09/25 17:33:15.783, 1, 258.54, 49, 2827, 16051, 30710
2026/09/25 17:33:16.033, 0, 278.56, 41, 2865, 16051, 31154
2026/09/25 17:33:16.034, 1, 258.54, 49, 2827, 16051, 30710
2026/09/25 17:33:16.284, 0, 263.04, 53, 2895, 16051, 31154
2026/09/25 17:33:16.284, 1, 234.37, 32, 2857, 16051, 30710
2026/09/25 17:33:16.534, 0, 263.04, 53, 2895, 16051, 31154
2026/09/25 17:33:16.534, 1, 234.37, 32, 2857, 16051, 30710
2026/09/25 17:33:16.784, 0, 247.22, 46, 2880, 16051, 31154
2026/09/25 17:33:16.784, 1, 230.93, 47, 2835, 16051, 30710
2026/09/25 17:33:17.034, 0, 247.22, 46, 2880, 16051, 31154
2026/09/25 17:33:17.034, 1, 230.93, 47, 2835, 16051, 30710
2026/09/25 17:33:17.284, 0, 264.10, 43, 2865, 16051, 31154
2026/09/25 17:33:17.285, 1, 253.75, 46, 2827, 16051, 30710
2026/09/25 17:33:17.535, 0, 264.10, 43, 2865, 16051, 31154
2026/09/25 17:33:17.535, 1, 253.75, 46, 2827, 16051, 30710
2026/09/25 17:33:17.785, 0, 284.24, 46, 2865, 16051, 31154
2026/09/25 17:33:17.785, 1, 270.82, 43, 2827, 16051, 30710
2026/09/25 17:33:18.035, 0, 284.24, 46, 2865, 16051, 31154
2026/09/25 17:33:18.035, 1, 270.82, 43, 2827, 16051, 30710
2026/09/25 17:33:18.285, 0, 283.25, 47, 2865, 16051, 31154
2026/09/25 17:33:18.285, 1, 266.22, 48, 2827, 16051, 30710
2026/09/25 17:33:18.536, 0, 283.25, 47, 2865, 16051, 31154
2026/09/25 17:33:18.536, 1, 266.22, 48, 2827, 16051, 30710
2026/09/25 17:33:18.786, 0, 283.89, 48, 2865, 16051, 31154
2026/09/25 17:33:18.786, 1, 267.40, 45, 2827, 16051, 30710
2026/09/25 17:33:19.036, 0, 283.89, 48, 2865, 16051, 31154
2026/09/25 17:33:19.036, 1, 267.40, 45, 2827, 16051, 30710
2026/09/25 17:33:19.286, 0, 287.52, 42, 2865, 16051, 31154
2026/09/25 17:33:19.286, 1, 270.06, 47, 2827, 16051, 30710
2026/09/25 17:33:19.536, 0, 287.52, 42, 2865, 16051, 31154
2026/09/25 17:33:19.536, 1, 270.06, 47, 2827, 16051, 30710
2026/09/25 17:33:19.787, 0, 288.61, 48, 2865, 16051, 31154
2026/09/25 17:33:19.787, 1, 269.91, 47, 2827, 16051, 30710
2026/09/25 17:33:20.037, 0, 288.61, 48, 2865, 16051, 31154
2026/09/25 17:33:20.037, 1, 269.91, 47, 2827, 16051, 30710
2026/09/25 17:33:20.287, 0, 288.35, 48, 2865, 16051, 31154
2026/09/25 17:33:20.287, 1, 270.50, 44, 2827, 16051, 30710
2026/09/25 17:33:20.537, 0, 288.35, 48, 2865, 16051, 31154
2026/09/25 17:33:20.537, 1, 270.50, 44, 2827, 16051, 30710
2026/09/25 17:33:20.787, 0, 288.76, 48, 2865, 16051, 31154
2026/09/25 17:33:20.787, 1, 271.23, 45, 2827, 16051, 30710
2026/09/25 17:33:21.038, 0, 288.76, 48, 2865, 16051, 31154
2026/09/25 17:33:21.038, 1, 271.23, 45, 2827, 16051, 30710
2026/09/25 17:33:21.288, 0, 290.02, 44, 2857, 16051, 31154
2026/09/25 17:33:21.288, 1, 272.77, 45, 2827, 16051, 30710
2026/09/25 17:33:21.538, 0, 290.02, 44, 2857, 16051, 31154
2026/09/25 17:33:21.538, 1, 272.77, 45, 2827, 16051, 30710
2026/09/25 17:33:21.788, 0, 286.90, 48, 2865, 16051, 31154
2026/09/25 17:33:21.788, 1, 271.23, 44, 2827, 16051, 30710
2026/09/25 17:33:22.038, 0, 286.90, 48, 2865, 16051, 31154
2026/09/25 17:33:22.038, 1, 271.23, 44, 2827, 16051, 30710
2026/09/25 17:33:22.288, 0, 286.22, 47, 2857, 16051, 31154
2026/09/25 17:33:22.289, 1, 268.55, 43, 2827, 16051, 30710
2026/09/25 17:33:22.539, 0, 286.22, 47, 2857, 16051, 31154
2026/09/25 17:33:22.539, 1, 268.55, 43, 2827, 16051, 30710
2026/09/25 17:33:22.789, 0, 286.43, 47, 2865, 16051, 31154
2026/09/25 17:33:22.789, 1, 268.64, 45, 2827, 16051, 30710
2026/09/25 17:33:23.039, 0, 286.43, 47, 2865, 16051, 31154
2026/09/25 17:33:23.039, 1, 268.64, 45, 2827, 16051, 30710
2026/09/25 17:33:23.289, 0, 289.36, 47, 2865, 16051, 31154
2026/09/25 17:33:23.289, 1, 268.60, 47, 2827, 16051, 30710
2026/09/25 17:33:23.539, 0, 289.36, 47, 2865, 16051, 31154
2026/09/25 17:33:23.539, 1, 268.60, 47, 2827, 16051, 30710
2026/09/25 17:33:23.790, 0, 291.51, 44, 2865, 16051, 31154
2026/09/25 17:33:23.790, 1, 270.79, 46, 2835, 16051, 30710
2026/09/25 17:33:24.040, 0, 291.51, 44, 2865, 16051, 31154
2026/09/25 17:33:24.040, 1, 270.79, 46, 2835, 16051, 30710
2026/09/25 17:33:24.290, 0, 288.24, 47, 2865, 16051, 31154
2026/09/25 17:33:24.290, 1, 268.64, 47, 2827, 16051, 30710
2026/09/25 17:33:24.540, 0, 288.24, 47, 2865, 16051, 31154
2026/09/25 17:33:24.540, 1, 268.64, 47, 2827, 16051, 30710
2026/09/25 17:33:24.790, 0, 263.86, 44, 2895, 16051, 31154
2026/09/25 17:33:24.791, 1, 244.73, 41, 2857, 16051, 30710
2026/09/25 17:33:25.041, 0, 263.86, 44, 2895, 16051, 31154
2026/09/25 17:33:25.041, 1, 244.73, 41, 2857, 16051, 30710
2026/09/25 17:33:25.291, 0, 237.67, 48, 2895, 16051, 31154
2026/09/25 17:33:25.291, 1, 210.92, 45, 2857, 16051, 30710
2026/09/25 17:33:25.541, 0, 237.67, 48, 2895, 16051, 31154
2026/09/25 17:33:25.541, 1, 210.92, 45, 2857, 16051, 30710
2026/09/25 17:33:25.791, 0, 227.19, 56, 2895, 16051, 31154
2026/09/25 17:33:25.791, 1, 200.24, 32, 2857, 16051, 30710
2026/09/25 17:33:26.041, 0, 227.19, 56, 2895, 16051, 31154
2026/09/25 17:33:26.042, 1, 200.24, 32, 2857, 16051, 30710
2026/09/25 17:33:26.292, 0, 248.79, 47, 2857, 16051, 31154
2026/09/25 17:33:26.292, 1, 243.66, 45, 2820, 16051, 30710
2026/09/25 17:33:26.542, 0, 248.79, 47, 2857, 16051, 31154
2026/09/25 17:33:26.542, 1, 243.66, 45, 2820, 16051, 30710
2026/09/25 17:33:26.792, 0, 280.15, 42, 2857, 16051, 31154
2026/09/25 17:33:26.792, 1, 270.60, 51, 2820, 16051, 30710
2026/09/25 17:33:27.042, 0, 280.15, 42, 2857, 16051, 31154
2026/09/25 17:33:27.042, 1, 270.60, 51, 2820, 16051, 30710
2026/09/25 17:33:27.292, 0, 288.51, 42, 2857, 16051, 31154
2026/09/25 17:33:27.292, 1, 277.37, 49, 2820, 16051, 30710
2026/09/25 17:33:27.542, 0, 288.51, 42, 2857, 16051, 31154
2026/09/25 17:33:27.543, 1, 277.37, 49, 2820, 16051, 30710
2026/09/25 17:33:27.793, 0, 286.13, 46, 2865, 16051, 31154
2026/09/25 17:33:27.793, 1, 276.48, 44, 2820, 16051, 30710
2026/09/25 17:33:28.043, 0, 286.13, 46, 2865, 16051, 31154
2026/09/25 17:33:28.043, 1, 276.48, 44, 2820, 16051, 30710
2026/09/25 17:33:28.293, 0, 287.44, 45, 2857, 16051, 31154
2026/09/25 17:33:28.293, 1, 275.22, 48, 2820, 16051, 30710
2026/09/25 17:33:28.543, 0, 287.44, 45, 2857, 16051, 31154
2026/09/25 17:33:28.543, 1, 275.22, 48, 2820, 16051, 30710
2026/09/25 17:33:28.793, 0, 284.93, 43, 2865, 16051, 31154
2026/09/25 17:33:28.794, 1, 272.24, 39, 2820, 16051, 30710
2026/09/25 17:33:29.044, 0, 284.93, 43, 2865, 16051, 31154
2026/09/25 17:33:29.044, 1, 272.24, 39, 2820, 16051, 30710
2026/09/25 17:33:29.294, 0, 284.42, 43, 2857, 16051, 31154
2026/09/25 17:33:29.294, 1, 270.00, 48, 2820, 16051, 30710
2026/09/25 17:33:29.544, 0, 284.42, 43, 2857, 16051, 31154
2026/09/25 17:33:29.544, 1, 270.00, 48, 2820, 16051, 30710
2026/09/25 17:33:29.794, 0, 285.50, 45, 2857, 16051, 31154
2026/09/25 17:33:29.794, 1, 269.57, 46, 2820, 16051, 30710
2026/09/25 17:33:30.044, 0, 285.50, 45, 2857, 16051, 31154
2026/09/25 17:33:30.045, 1, 269.57, 46, 2820, 16051, 30710
2026/09/25 17:33:30.295, 0, 285.52, 45, 2850, 16051, 31154
2026/09/25 17:33:30.295, 1, 274.01, 46, 2820, 16051, 30710
2026/09/25 17:33:30.545, 0, 285.52, 45, 2850, 16051, 31154
2026/09/25 17:33:30.545, 1, 274.01, 46, 2820, 16051, 30710
2026/09/25 17:33:30.795, 0, 283.76, 44, 2857, 16051, 31154
2026/09/25 17:33:30.795, 1, 270.37, 47, 2827, 16051, 30710
2026/09/25 17:33:31.045, 0, 283.76, 44, 2857, 16051, 31154
2026/09/25 17:33:31.045, 1, 270.37, 47, 2827, 16051, 30710
2026/09/25 17:33:31.295, 0, 282.83, 39, 2857, 16051, 31154
2026/09/25 17:33:31.295, 1, 267.28, 47, 2820, 16051, 30710
2026/09/25 17:33:31.546, 0, 282.83, 39, 2857, 16051, 31154
2026/09/25 17:33:31.546, 1, 267.28, 47, 2820, 16051, 30710
2026/09/25 17:33:31.796, 0, 286.01, 44, 2857, 16051, 31154
2026/09/25 17:33:31.796, 1, 269.91, 46, 2820, 16051, 30710
2026/09/25 17:33:32.046, 0, 286.01, 44, 2857, 16051, 31154
2026/09/25 17:33:32.046, 1, 269.91, 46, 2820, 16051, 30710
2026/09/25 17:33:32.296, 0, 285.41, 44, 2857, 16051, 31154
2026/09/25 17:33:32.296, 1, 270.26, 46, 2820, 16051, 30710
2026/09/25 17:33:32.546, 0, 285.41, 44, 2857, 16051, 31154
2026/09/25 17:33:32.546, 1, 270.26, 46, 2820, 16051, 30710
2026/09/25 17:33:32.797, 0, 286.56, 39, 2857, 16051, 31154
2026/09/25 17:33:32.797, 1, 274.43, 47, 2820, 16051, 30710
2026/09/25 17:33:33.047, 0, 286.56, 39, 2857, 16051, 31154
2026/09/25 17:33:33.047, 1, 274.43, 47, 2820, 16051, 30710
2026/09/25 17:33:33.297, 0, 287.53, 40, 2857, 16051, 31154
2026/09/25 17:33:33.297, 1, 275.40, 47, 2820, 16051, 30710
2026/09/25 17:33:33.547, 0, 287.53, 40, 2857, 16051, 31154
2026/09/25 17:33:33.547, 1, 275.40, 47, 2820, 16051, 30710
2026/09/25 17:33:33.797, 0, 287.81, 43, 2850, 16051, 31154
2026/09/25 17:33:33.797, 1, 274.33, 47, 2820, 16051, 30710
2026/09/25 17:33:34.048, 0, 287.81, 43, 2850, 16051, 31154
2026/09/25 17:33:34.048, 1, 274.33, 47, 2820, 16051, 30710
2026/09/25 17:33:34.298, 0, 287.23, 42, 2857, 16051, 31154
2026/09/25 17:33:34.298, 1, 270.54, 48, 2827, 16051, 30710
2026/09/25 17:33:34.548, 0, 287.23, 42, 2857, 16051, 31154
2026/09/25 17:33:34.548, 1, 270.54, 48, 2827, 16051, 30710
2026/09/25 17:33:34.798, 0, 274.84, 58, 2880, 16051, 31154
2026/09/25 17:33:34.798, 1, 251.69, 16, 2842, 16051, 30710
2026/09/25 17:33:35.048, 0, 274.84, 58, 2880, 16051, 31154
2026/09/25 17:33:35.048, 1, 251.69, 16, 2842, 16051, 30710
2026/09/25 17:33:35.299, 0, 243.53, 48, 2895, 16051, 31154
2026/09/25 17:33:35.299, 1, 226.37, 38, 2857, 16051, 30710
2026/09/25 17:33:35.549, 0, 243.53, 48, 2895, 16051, 31154
2026/09/25 17:33:35.549, 1, 226.37, 38, 2857, 16051, 30710
2026/09/25 17:33:35.799, 0, 246.95, 42, 2857, 16051, 31154
2026/09/25 17:33:35.799, 1, 239.16, 49, 2820, 16051, 30710
2026/09/25 17:33:36.049, 0, 246.95, 42, 2857, 16051, 31154
2026/09/25 17:33:36.049, 1, 239.16, 49, 2820, 16051, 30710
2026/09/25 17:33:36.299, 0, 275.43, 46, 2857, 16051, 31154
2026/09/25 17:33:36.300, 1, 270.67, 48, 2820, 16051, 30710
2026/09/25 17:33:36.550, 0, 275.43, 46, 2857, 16051, 31154
2026/09/25 17:33:36.550, 1, 270.67, 48, 2820, 16051, 30710
2026/09/25 17:33:36.800, 0, 286.40, 45, 2857, 16051, 31154
2026/09/25 17:33:36.800, 1, 277.80, 50, 2820, 16051, 30710
2026/09/25 17:33:37.050, 0, 286.40, 45, 2857, 16051, 31154
2026/09/25 17:33:37.050, 1, 277.80, 50, 2820, 16051, 30710
2026/09/25 17:33:37.300, 0, 287.14, 49, 2865, 16051, 31154
2026/09/25 17:33:37.300, 1, 275.63, 44, 2820, 16051, 30710
2026/09/25 17:33:37.550, 0, 287.14, 49, 2865, 16051, 31154
2026/09/25 17:33:37.550, 1, 275.63, 44, 2820, 16051, 30710
2026/09/25 17:33:37.801, 0, 289.05, 43, 2857, 16051, 31154
2026/09/25 17:33:37.801, 1, 274.60, 51, 2820, 16051, 30710
2026/09/25 17:33:38.051, 0, 289.05, 43, 2850, 16051, 31154
2026/09/25 17:33:38.051, 1, 274.60, 51, 2820, 16051, 30710
2026/09/25 17:33:38.301, 0, 286.13, 46, 2850, 16051, 31154
2026/09/25 17:33:38.301, 1, 275.54, 46, 2820, 16051, 30710
2026/09/25 17:33:38.551, 0, 288.29, 44, 2857, 16051, 31154
2026/09/25 17:33:38.551, 1, 275.54, 46, 2820, 16051, 30710
2026/09/25 17:33:38.801, 0, 288.29, 44, 2857, 16051, 31154
2026/09/25 17:33:38.801, 1, 275.49, 48, 2820, 16051, 30710
2026/09/25 17:33:39.051, 0, 286.77, 45, 2865, 16051, 31154
2026/09/25 17:33:39.052, 1, 275.49, 48, 2820, 16051, 30710
2026/09/25 17:33:39.302, 0, 286.77, 45, 2865, 16051, 31154
2026/09/25 17:33:39.302, 1, 273.16, 46, 2820, 16051, 30710
2026/09/25 17:33:39.552, 0, 286.32, 44, 2842, 16051, 31154
2026/09/25 17:33:39.552, 1, 273.16, 46, 2820, 16051, 30710
2026/09/25 17:33:39.802, 0, 286.32, 44, 2842, 16051, 31154
2026/09/25 17:33:39.802, 1, 274.03, 46, 2820, 16051, 30710
2026/09/25 17:33:40.052, 0, 284.75, 44, 2857, 16051, 31154
2026/09/25 17:33:40.052, 1, 274.03, 46, 2820, 16051, 30710
2026/09/25 17:33:40.302, 0, 284.75, 44, 2857, 16051, 31154
2026/09/25 17:33:40.303, 1, 270.09, 47, 2827, 16051, 30710
2026/09/25 17:33:40.553, 0, 283.96, 45, 2857, 16051, 31154
2026/09/25 17:33:40.553, 1, 270.09, 47, 2827, 16051, 30710
2026/09/25 17:33:40.803, 0, 283.96, 45, 2857, 16051, 31154
2026/09/25 17:33:40.803, 1, 269.08, 47, 2820, 16051, 30710
2026/09/25 17:33:41.053, 0, 286.20, 39, 2857, 16051, 31154
2026/09/25 17:33:41.053, 1, 269.08, 47, 2820, 16051, 30710
2026/09/25 17:33:41.303, 0, 286.20, 39, 2857, 16051, 31154
2026/09/25 17:33:41.303, 1, 271.52, 46, 2827, 16051, 30710
2026/09/25 17:33:41.554, 0, 286.37, 45, 2842, 16051, 31154
2026/09/25 17:33:41.554, 1, 271.52, 46, 2827, 16051, 30710
2026/09/25 17:33:41.804, 0, 286.37, 45, 2842, 16051, 31154
2026/09/25 17:33:41.804, 1, 271.18, 43, 2820, 16051, 30710
2026/09/25 17:33:42.054, 0, 286.14, 45, 2857, 16051, 31154
2026/09/25 17:33:42.054, 1, 271.18, 43, 2820, 16051, 30710
2026/09/25 17:33:42.304, 0, 286.14, 45, 2857, 16051, 31154
2026/09/25 17:33:42.304, 1, 273.55, 46, 2812, 16051, 30710
2026/09/25 17:33:42.554, 0, 283.94, 45, 2857, 16051, 31154
2026/09/25 17:33:42.554, 1, 273.55, 46, 2812, 16051, 30710
2026/09/25 17:33:42.804, 0, 283.94, 45, 2857, 16051, 31154
2026/09/25 17:33:42.805, 1, 270.47, 45, 2812, 16051, 30710
2026/09/25 17:33:43.055, 0, 286.18, 41, 2857, 16051, 31154
2026/09/25 17:33:43.055, 1, 270.47, 45, 2812, 16051, 30710
2026/09/25 17:33:43.305, 0, 286.18, 41, 2857, 16051, 31154
2026/09/25 17:33:43.305, 1, 272.75, 46, 2820, 16051, 30710
2026/09/25 17:33:43.555, 0, 289.72, 43, 2857, 16051, 31154
2026/09/25 17:33:43.555, 1, 272.75, 46, 2820, 16051, 30710
2026/09/25 17:33:43.805, 0, 289.72, 43, 2857, 16051, 31154
2026/09/25 17:33:43.805, 1, 275.19, 47, 2820, 16051, 30710
2026/09/25 17:33:44.056, 0, 282.73, 40, 2865, 16051, 31154
2026/09/25 17:33:44.056, 1, 275.19, 47, 2820, 16051, 30710
2026/09/25 17:33:44.306, 0, 282.73, 40, 2865, 16051, 31154
2026/09/25 17:33:44.306, 1, 267.95, 46, 2835, 16051, 30710
2026/09/25 17:33:44.556, 0, 251.86, 37, 2895, 16051, 31154
2026/09/25 17:33:44.556, 1, 267.95, 46, 2835, 16051, 30710
2026/09/25 17:33:44.806, 0, 251.86, 37, 2895, 16051, 31154
2026/09/25 17:33:44.806, 1, 233.96, 47, 2857, 16051, 30710
2026/09/25 17:33:45.056, 0, 243.88, 47, 2865, 16051, 31154
2026/09/25 17:33:45.056, 1, 233.96, 47, 2857, 16051, 30710
2026/09/25 17:33:45.306, 0, 243.88, 47, 2865, 16051, 31154
2026/09/25 17:33:45.307, 1, 229.97, 46, 2827, 16051, 30710
2026/09/25 17:33:45.557, 0, 266.34, 45, 2850, 16051, 31154
2026/09/25 17:33:45.557, 1, 229.97, 46, 2827, 16051, 30710
2026/09/25 17:33:45.807, 0, 266.34, 45, 2850, 16051, 31154
2026/09/25 17:33:45.807, 1, 266.13, 46, 2812, 16051, 30710
2026/09/25 17:33:46.057, 0, 287.41, 42, 2857, 16051, 31154
2026/09/25 17:33:46.057, 1, 275.83, 46, 2827, 16051, 30710
2026/09/25 17:33:46.307, 0, 287.41, 42, 2857, 16051, 31154
2026/09/25 17:33:46.307, 1, 275.83, 45, 2827, 16051, 30710
2026/09/25 17:33:46.557, 0, 284.43, 42, 2857, 16051, 31154
2026/09/25 17:33:46.557, 1, 270.56, 49, 2820, 16051, 30710
2026/09/25 17:33:46.807, 0, 284.43, 42, 2857, 16051, 31154
2026/09/25 17:33:46.808, 1, 270.56, 49, 2820, 16051, 30710
2026/09/25 17:33:47.058, 0, 280.21, 39, 2857, 16051, 31154
2026/09/25 17:33:47.058, 1, 269.92, 41, 2827, 16051, 30710
2026/09/25 17:33:47.308, 0, 280.21, 39, 2857, 16051, 31154
2026/09/25 17:33:47.308, 1, 269.92, 41, 2827, 16051, 30710
2026/09/25 17:33:47.558, 0, 280.90, 42, 2857, 16051, 31154
2026/09/25 17:33:47.558, 1, 267.89, 47, 2820, 16051, 30710
2026/09/25 17:33:47.808, 0, 280.90, 42, 2857, 16051, 31154
2026/09/25 17:33:47.808, 1, 267.89, 47, 2820, 16051, 30710
2026/09/25 17:33:48.059, 0, 279.61, 44, 2857, 16051, 31154
2026/09/25 17:33:48.059, 1, 268.26, 46, 2820, 16051, 30710
2026/09/25 17:33:48.309, 0, 279.61, 44, 2857, 16051, 31154
2026/09/25 17:33:48.309, 1, 268.26, 46, 2820, 16051, 30710
2026/09/25 17:33:48.559, 0, 282.85, 44, 2857, 16051, 31154
2026/09/25 17:33:48.559, 1, 271.41, 47, 2812, 16051, 30710
2026/09/25 17:33:48.809, 0, 282.85, 44, 2857, 16051, 31154
2026/09/25 17:33:48.809, 1, 271.41, 47, 2812, 16051, 30710
2026/09/25 17:33:49.059, 0, 287.00, 43, 2857, 16051, 31154
2026/09/25 17:33:49.059, 1, 273.90, 47, 2820, 16051, 30710
2026/09/25 17:33:49.309, 0, 287.00, 43, 2857, 16051, 31154
2026/09/25 17:33:49.310, 1, 273.90, 47, 2820, 16051, 30710
2026/09/25 17:33:49.560, 0, 287.45, 45, 2850, 16051, 31154
2026/09/25 17:33:49.560, 1, 275.82, 47, 2820, 16051, 30710
2026/09/25 17:33:49.810, 0, 287.45, 45, 2850, 16051, 31154
2026/09/25 17:33:49.810, 1, 275.82, 47, 2820, 16051, 30710
2026/09/25 17:33:50.060, 0, 286.83, 41, 2857, 16051, 31154
2026/09/25 17:33:50.060, 1, 274.02, 46, 2827, 16051, 30710
2026/09/25 17:33:50.310, 0, 286.83, 41, 2857, 16051, 31154
2026/09/25 17:33:50.310, 1, 274.02, 46, 2827, 16051, 30710
2026/09/25 17:33:50.560, 0, 286.79, 45, 2865, 16051, 31154
2026/09/25 17:33:50.561, 1, 272.44, 45, 2812, 16051, 30710
2026/09/25 17:33:50.811, 0, 286.79, 45, 2865, 16051, 31154
2026/09/25 17:33:50.811, 1, 272.44, 45, 2812, 16051, 30710
2026/09/25 17:33:51.061, 0, 286.36, 43, 2857, 16051, 31154
2026/09/25 17:33:51.061, 1, 269.84, 45, 2827, 16051, 30710
2026/09/25 17:33:51.311, 0, 286.36, 43, 2857, 16051, 31154
2026/09/25 17:33:51.311, 1, 269.84, 45, 2827, 16051, 30710
2026/09/25 17:33:51.561, 0, 287.70, 44, 2857, 16051, 31154
2026/09/25 17:33:51.561, 1, 271.73, 46, 2820, 16051, 30710
2026/09/25 17:33:51.811, 0, 287.70, 44, 2857, 16051, 31154
2026/09/25 17:33:51.811, 1, 271.73, 46, 2820, 16051, 30710
2026/09/25 17:33:52.062, 0, 287.44, 45, 2857, 16051, 31154
2026/09/25 17:33:52.062, 1, 271.55, 46, 2820, 16051, 30710
2026/09/25 17:33:52.312, 0, 287.44, 45, 2857, 16051, 31154
2026/09/25 17:33:52.312, 1, 271.55, 46, 2820, 16051, 30710
2026/09/25 17:33:52.562, 0, 284.64, 43, 2857, 16051, 31154
2026/09/25 17:33:52.562, 1, 272.87, 46, 2820, 16051, 30710
2026/09/25 17:33:52.812, 0, 284.64, 43, 2857, 16051, 31154
2026/09/25 17:33:52.812, 1, 272.87, 46, 2820, 16051, 30710
2026/09/25 17:33:53.062, 0, 288.82, 44, 2850, 16051, 31154
2026/09/25 17:33:53.062, 1, 274.78, 47, 2820, 16051, 30710
2026/09/25 17:33:53.312, 0, 288.82, 44, 2850, 16051, 31154
2026/09/25 17:33:53.313, 1, 274.78, 47, 2820, 16051, 30710
2026/09/25 17:33:53.563, 0, 286.51, 46, 2865, 16051, 31154
2026/09/25 17:33:53.563, 1, 269.53, 45, 2827, 16051, 30710
2026/09/25 17:33:53.813, 0, 286.51, 46, 2865, 16051, 31154
2026/09/25 17:33:53.813, 1, 269.53, 45, 2827, 16051, 30710
2026/09/25 17:33:54.063, 0, 259.53, 49, 2895, 16051, 31154
2026/09/25 17:33:54.063, 1, 243.88, 44, 2857, 16051, 30710
2026/09/25 17:33:54.313, 0, 259.53, 49, 2895, 16051, 31154
2026/09/25 17:33:54.313, 1, 243.88, 44, 2857, 16051, 30710
2026/09/25 17:33:54.563, 0, 240.99, 42, 2880, 16051, 31154
2026/09/25 17:33:54.563, 1, 228.37, 51, 2842, 16051, 30710
2026/09/25 17:33:54.814, 0, 240.99, 42, 2880, 16051, 31154
2026/09/25 17:33:54.814, 1, 228.37, 51, 2842, 16051, 30710
2026/09/25 17:33:55.064, 0, 262.66, 45, 2857, 16051, 31154
2026/09/25 17:33:55.064, 1, 248.17, 47, 2820, 16051, 30710
2026/09/25 17:33:55.314, 0, 262.66, 45, 2857, 16051, 31154
2026/09/25 17:33:55.314, 1, 248.17, 47, 2820, 16051, 30710
2026/09/25 17:33:55.564, 0, 283.47, 44, 2865, 16051, 31154
2026/09/25 17:33:55.564, 1, 276.47, 45, 2827, 16051, 30710
2026/09/25 17:33:55.814, 0, 283.47, 44, 2865, 16051, 31154
2026/09/25 17:33:55.814, 1, 276.47, 45, 2827, 16051, 30710
2026/09/25 17:33:56.064, 0, 281.97, 45, 2865, 16051, 31154
2026/09/25 17:33:56.064, 1, 273.01, 44, 2827, 16051, 30710
2026/09/25 17:33:56.315, 0, 281.97, 45, 2865, 16051, 31154
2026/09/25 17:33:56.315, 1, 273.01, 44, 2827, 16051, 30710
2026/09/25 17:33:56.565, 0, 281.64, 45, 2865, 16051, 31154
2026/09/25 17:33:56.565, 1, 271.33, 46, 2827, 16051, 30710
2026/09/25 17:33:56.815, 0, 281.64, 45, 2865, 16051, 31154
2026/09/25 17:33:56.815, 1, 271.33, 46, 2827, 16051, 30710
2026/09/25 17:33:57.065, 0, 283.39, 42, 2857, 16051, 31154
2026/09/25 17:33:57.065, 1, 271.27, 49, 2827, 16051, 30710
2026/09/25 17:33:57.315, 0, 283.39, 42, 2857, 16051, 31154
2026/09/25 17:33:57.315, 1, 271.27, 49, 2827, 16051, 30710
2026/09/25 17:33:57.565, 0, 283.57, 46, 2857, 16051, 31154
2026/09/25 17:33:57.566, 1, 273.12, 45, 2827, 16051, 30710
2026/09/25 17:33:57.816, 0, 283.57, 46, 2857, 16051, 31154
2026/09/25 17:33:57.816, 1, 273.12, 45, 2827, 16051, 30710
2026/09/25 17:33:58.066, 0, 284.38, 40, 2857, 16051, 31154
2026/09/25 17:33:58.066, 1, 276.28, 47, 2820, 16051, 30710
2026/09/25 17:33:58.316, 0, 284.38, 40, 2857, 16051, 31154
2026/09/25 17:33:58.316, 1, 276.28, 47, 2820, 16051, 30710
2026/09/25 17:33:58.566, 0, 283.12, 43, 2857, 16051, 31154
2026/09/25 17:33:58.566, 1, 273.64, 39, 2820, 16051, 30710
2026/09/25 17:33:58.816, 0, 283.12, 43, 2857, 16051, 31154
2026/09/25 17:33:58.816, 1, 273.64, 39, 2820, 16051, 30710
2026/09/25 17:33:59.067, 0, 282.52, 47, 2850, 16051, 31154
2026/09/25 17:33:59.067, 1, 269.90, 46, 2820, 16051, 30710
2026/09/25 17:33:59.317, 0, 282.52, 47, 2850, 16051, 31154
2026/09/25 17:33:59.317, 1, 269.90, 46, 2820, 16051, 30710
2026/09/25 17:33:59.567, 0, 282.01, 44, 2850, 16051, 31154
2026/09/25 17:33:59.567, 1, 270.97, 48, 2827, 16051, 30710
2026/09/25 17:33:59.817, 0, 282.01, 44, 2850, 16051, 31154
2026/09/25 17:33:59.817, 1, 270.97, 48, 2827, 16051, 30710
2026/09/25 17:34:00.067, 0, 281.31, 40, 2857, 16051, 31154
2026/09/25 17:34:00.067, 1, 270.14, 40, 2820, 16051, 30710
2026/09/25 17:34:00.317, 0, 281.31, 40, 2857, 16051, 31154
2026/09/25 17:34:00.317, 1, 270.14, 40, 2820, 16051, 30710
2026/09/25 17:34:00.568, 0, 281.22, 43, 2857, 16051, 31154
2026/09/25 17:34:00.568, 1, 268.59, 45, 2820, 16051, 30710
2026/09/25 17:34:00.818, 0, 281.22, 43, 2857, 16051, 31154
2026/09/25 17:34:00.818, 1, 268.59, 45, 2820, 16051, 30710
2026/09/25 17:34:01.068, 0, 286.88, 38, 2857, 16051, 31154
2026/09/25 17:34:01.068, 1, 271.12, 46, 2820, 16051, 30710
2026/09/25 17:34:01.318, 0, 286.88, 38, 2857, 16051, 31154
2026/09/25 17:34:01.318, 1, 271.12, 46, 2820, 16051, 30710
2026/09/25 17:34:01.568, 0, 287.28, 46, 2850, 16051, 31154
2026/09/25 17:34:01.568, 1, 272.46, 46, 2820, 16051, 30710
2026/09/25 17:34:01.818, 0, 287.28, 46, 2850, 16051, 31154
2026/09/25 17:34:01.819, 1, 272.46, 46, 2820, 16051, 30710
2026/09/25 17:34:02.069, 0, 285.37, 45, 2857, 16051, 31154
2026/09/25 17:34:02.069, 1, 270.64, 46, 2805, 16051, 30710
2026/09/25 17:34:02.319, 0, 285.37, 45, 2857, 16051, 31154
2026/09/25 17:34:02.319, 1, 270.64, 46, 2805, 16051, 30710
2026/09/25 17:34:02.569, 0, 289.10, 45, 2850, 16051, 31154
2026/09/25 17:34:02.569, 1, 274.52, 47, 2827, 16051, 30710
2026/09/25 17:34:02.819, 0, 289.10, 45, 2850, 16051, 31154
2026/09/25 17:34:02.819, 1, 274.52, 47, 2827, 16051, 30710
2026/09/25 17:34:03.069, 0, 288.46, 44, 2865, 16051, 31154
2026/09/25 17:34:03.069, 1, 273.26, 48, 2820, 16051, 30710
2026/09/25 17:34:03.320, 0, 288.46, 44, 2865, 16051, 31154
2026/09/25 17:34:03.320, 1, 273.26, 48, 2820, 16051, 30710
2026/09/25 17:34:03.570, 0, 266.72, 43, 2895, 16051, 31154
2026/09/25 17:34:03.570, 1, 246.71, 41, 2857, 16051, 30710
2026/09/25 17:34:03.820, 0, 266.72, 43, 2895, 16051, 31154
2026/09/25 17:34:03.820, 1, 246.71, 41, 2857, 16051, 30710
2026/09/25 17:34:04.070, 0, 236.45, 44, 2895, 16051, 31154
2026/09/25 17:34:04.070, 1, 218.79, 28, 2857, 16051, 30710
2026/09/25 17:34:04.320, 0, 236.45, 44, 2895, 16051, 31154
2026/09/25 17:34:04.321, 1, 218.79, 28, 2857, 16051, 30710
2026/09/25 17:34:04.571, 0, 227.41, 56, 2895, 16051, 31154
2026/09/25 17:34:04.571, 1, 203.76, 30, 2857, 16051, 30710
2026/09/25 17:34:04.821, 0, 227.41, 56, 2895, 16051, 31154
2026/09/25 17:34:04.821, 1, 203.76, 30, 2857, 16051, 30710
2026/09/25 17:34:05.071, 0, 238.41, 45, 2872, 16051, 31154
2026/09/25 17:34:05.071, 1, 229.25, 48, 2827, 16051, 30710
2026/09/25 17:34:05.321, 0, 238.41, 45, 2872, 16051, 31154
2026/09/25 17:34:05.321, 1, 229.25, 48, 2827, 16051, 30710
2026/09/25 17:34:05.572, 0, 271.90, 45, 2857, 16051, 31154
2026/09/25 17:34:05.572, 1, 267.94, 48, 2820, 16051, 30710
2026/09/25 17:34:05.822, 0, 271.90, 45, 2857, 16051, 31154
2026/09/25 17:34:05.822, 1, 267.94, 48, 2820, 16051, 30710
2026/09/25 17:34:06.072, 0, 291.87, 46, 2857, 16051, 31154
2026/09/25 17:34:06.072, 1, 282.15, 47, 2827, 16051, 30710
2026/09/25 17:34:06.322, 0, 291.87, 46, 2857, 16051, 31154
2026/09/25 17:34:06.322, 1, 282.15, 47, 2827, 16051, 30710
2026/09/25 17:34:06.572, 0, 289.04, 41, 2865, 16051, 31154
2026/09/25 17:34:06.572, 1, 277.94, 44, 2820, 16051, 30710
2026/09/25 17:34:06.822, 0, 289.04, 41, 2865, 16051, 31154
2026/09/25 17:34:06.823, 1, 277.94, 44, 2820, 16051, 30710
2026/09/25 17:34:07.073, 0, 292.03, 45, 2850, 16051, 31154
2026/09/25 17:34:07.073, 1, 274.94, 47, 2820, 16051, 30710
2026/09/25 17:34:07.323, 0, 292.03, 45, 2850, 16051, 31154
2026/09/25 17:34:07.323, 1, 274.94, 47, 2820, 16051, 30710
2026/09/25 17:34:07.573, 0, 293.01, 38, 2857, 16051, 31154
2026/09/25 17:34:07.573, 1, 275.88, 45, 2812, 16051, 30710
2026/09/25 17:34:07.823, 0, 293.01, 38, 2857, 16051, 31154
2026/09/25 17:34:07.823, 1, 275.88, 45, 2812, 16051, 30710
2026/09/25 17:34:08.073, 0, 290.99, 37, 2857, 16051, 31154
2026/09/25 17:34:08.073, 1, 275.88, 45, 2820, 16051, 30710
2026/09/25 17:34:08.324, 0, 290.99, 37, 2857, 16051, 31154
2026/09/25 17:34:08.324, 1, 275.88, 45, 2820, 16051, 30710
2026/09/25 17:34:08.574, 0, 286.86, 44, 2865, 16051, 31154
2026/09/25 17:34:08.574, 1, 272.62, 46, 2820, 16051, 30710
2026/09/25 17:34:08.824, 0, 286.86, 44, 2865, 16051, 31154
2026/09/25 17:34:08.824, 1, 272.62, 46, 2820, 16051, 30710
2026/09/25 17:34:09.074, 0, 286.04, 46, 2857, 16051, 31154
2026/09/25 17:34:09.074, 1, 270.26, 44, 2820, 16051, 30710
2026/09/25 17:34:09.324, 0, 286.04, 46, 2857, 16051, 31154
2026/09/25 17:34:09.324, 1, 270.26, 44, 2820, 16051, 30710
2026/09/25 17:34:09.575, 0, 288.31, 48, 2857, 16051, 31154
2026/09/25 17:34:09.575, 1, 272.83, 44, 2820, 16051, 30710
2026/09/25 17:34:09.825, 0, 288.31, 48, 2857, 16051, 31154
2026/09/25 17:34:09.825, 1, 272.83, 44, 2820, 16051, 30710
2026/09/25 17:34:10.075, 0, 291.71, 46, 2850, 16051, 31154
2026/09/25 17:34:10.075, 1, 272.11, 46, 2820, 16051, 30710
2026/09/25 17:34:10.325, 0, 291.71, 46, 2850, 16051, 31154
2026/09/25 17:34:10.325, 1, 272.11, 46, 2820, 16051, 30710
2026/09/25 17:34:10.575, 0, 290.38, 48, 2857, 16051, 31154
2026/09/25 17:34:10.575, 1, 275.49, 43, 2820, 16051, 30710
2026/09/25 17:34:10.825, 0, 290.38, 48, 2857, 16051, 31154
2026/09/25 17:34:10.826, 1, 275.49, 43, 2820, 16051, 30710
2026/09/25 17:34:11.076, 0, 290.64, 47, 2857, 16051, 31154
2026/09/25 17:34:11.076, 1, 273.62, 44, 2820, 16051, 30710
2026/09/25 17:34:11.326, 0, 290.64, 47, 2857, 16051, 31154
2026/09/25 17:34:11.326, 1, 273.62, 44, 2820, 16051, 30710
2026/09/25 17:34:11.576, 0, 292.10, 45, 2857, 16051, 31154
2026/09/25 17:34:11.576, 1, 273.53, 46, 2820, 16051, 30710
2026/09/25 17:34:11.826, 0, 292.10, 45, 2857, 16051, 31154
2026/09/25 17:34:11.826, 1, 273.53, 46, 2820, 16051, 30710
2026/09/25 17:34:12.076, 0, 288.94, 47, 2857, 16051, 31154
2026/09/25 17:34:12.077, 1, 272.27, 43, 2820, 16051, 30710
2026/09/25 17:34:12.327, 0, 288.94, 47, 2857, 16051, 31154
2026/09/25 17:34:12.327, 1, 272.27, 43, 2820, 16051, 30710
2026/09/25 17:34:12.577, 0, 288.37, 43, 2857, 16051, 31154
2026/09/25 17:34:12.577, 1, 275.11, 44, 2820, 16051, 30710
2026/09/25 17:34:12.827, 0, 288.37, 43, 2857, 16051, 31154
2026/09/25 17:34:12.827, 1, 275.11, 44, 2820, 16051, 30710
2026/09/25 17:34:13.077, 0, 292.79, 47, 2850, 16051, 31154
2026/09/25 17:34:13.077, 1, 274.57, 47, 2820, 16051, 30710
2026/09/25 17:34:13.327, 0, 292.79, 47, 2850, 16051, 31154
2026/09/25 17:34:13.327, 1, 274.57, 47, 2820, 16051, 30710
2026/09/25 17:34:13.577, 0, 294.16, 42, 2850, 16051, 31154
2026/09/25 17:34:13.578, 1, 277.91, 49, 2820, 16051, 30710
2026/09/25 17:34:13.828, 0, 294.16, 42, 2850, 16051, 31154
2026/09/25 17:34:13.828, 1, 277.91, 49, 2820, 16051, 30710
2026/09/25 17:34:14.078, 0, 294.84, 40, 2857, 16051, 31154
2026/09/25 17:34:14.078, 1, 276.60, 45, 2820, 16051, 30710
2026/09/25 17:34:14.328, 0, 294.84, 40, 2857, 16051, 31154
2026/09/25 17:34:14.328, 1, 276.60, 45, 2820, 16051, 30710
2026/09/25 17:34:14.578, 0, 277.03, 48, 2880, 16051, 31154
2026/09/25 17:34:14.578, 1, 259.36, 36, 2842, 16051, 30710
2026/09/25 17:34:14.828, 0, 277.03, 48, 2880, 16051, 31154
2026/09/25 17:34:14.829, 1, 259.36, 36, 2842, 16051, 30710
2026/09/25 17:34:15.079, 0, 246.96, 35, 2895, 16051, 31154
2026/09/25 17:34:15.079, 1, 229.87, 50, 2857, 16051, 30710
2026/09/25 17:34:15.329, 0, 246.96, 35, 2895, 16051, 31154
2026/09/25 17:34:15.329, 1, 229.87, 50, 2857, 16051, 30710
2026/09/25 17:34:15.579, 0, 243.77, 45, 2865, 16051, 31154
2026/09/25 17:34:15.579, 1, 225.43, 46, 2820, 16051, 30710
2026/09/25 17:34:15.829, 0, 243.77, 45, 2865, 16051, 31154
2026/09/25 17:34:15.829, 1, 225.43, 46, 2820, 16051, 30710
2026/09/25 17:34:16.079, 0, 271.58, 45, 2857, 16051, 31154
2026/09/25 17:34:16.080, 1, 264.83, 48, 2820, 16051, 30710
2026/09/25 17:34:16.330, 0, 271.58, 45, 2857, 16051, 31154
2026/09/25 17:34:16.330, 1, 264.83, 48, 2820, 16051, 30710
2026/09/25 17:34:16.580, 0, 293.92, 45, 2857, 16051, 31154
2026/09/25 17:34:16.580, 1, 282.01, 47, 2820, 16051, 30710
2026/09/25 17:34:16.830, 0, 293.92, 45, 2857, 16051, 31154
2026/09/25 17:34:16.830, 1, 282.01, 47, 2820, 16051, 30710
2026/09/25 17:34:17.080, 0, 293.71, 45, 2850, 16051, 31154
2026/09/25 17:34:17.080, 1, 276.15, 47, 2827, 16051, 30710
2026/09/25 17:34:17.330, 0, 293.71, 45, 2850, 16051, 31154
2026/09/25 17:34:17.331, 1, 276.15, 47, 2827, 16051, 30710
2026/09/25 17:34:17.581, 0, 288.79, 41, 2865, 16051, 31154
2026/09/25 17:34:17.581, 1, 276.32, 45, 2827, 16051, 30710
2026/09/25 17:34:17.831, 0, 288.79, 41, 2865, 16051, 31154
2026/09/25 17:34:17.831, 1, 276.32, 45, 2827, 16051, 30710
2026/09/25 17:34:18.081, 0, 287.40, 40, 2857, 16051, 31154
2026/09/25 17:34:18.081, 1, 274.81, 39, 2820, 16051, 30710
2026/09/25 17:34:18.331, 0, 287.40, 40, 2857, 16051, 31154
2026/09/25 17:34:18.331, 1, 274.81, 39, 2820, 16051, 30710
2026/09/25 17:34:18.581, 0, 290.05, 43, 2857, 16051, 31154
2026/09/25 17:34:18.581, 1, 275.05, 49, 2820, 16051, 30710
2026/09/25 17:34:18.831, 0, 290.05, 43, 2857, 16051, 31154
2026/09/25 17:34:18.832, 1, 275.05, 49, 2820, 16051, 30710
2026/09/25 17:34:19.082, 0, 293.09, 40, 2857, 16051, 31154
2026/09/25 17:34:19.082, 1, 276.30, 49, 2820, 16051, 30710
2026/09/25 17:34:19.332, 0, 293.09, 40, 2857, 16051, 31154
2026/09/25 17:34:19.332, 1, 276.30, 49, 2820, 16051, 30710
2026/09/25 17:34:19.582, 0, 291.59, 44, 2857, 16051, 31154
2026/09/25 17:34:19.582, 1, 274.75, 40, 2820, 16051, 30710
2026/09/25 17:34:19.832, 0, 291.59, 44, 2857, 16051, 31154
2026/09/25 17:34:19.832, 1, 274.75, 40, 2820, 16051, 30710
2026/09/25 17:34:20.082, 0, 292.05, 41, 2857, 16051, 31154
2026/09/25 17:34:20.082, 1, 275.16, 49, 2820, 16051, 30710
2026/09/25 17:34:20.332, 0, 292.05, 41, 2857, 16051, 31154
2026/09/25 17:34:20.332, 1, 275.16, 49, 2820, 16051, 30710
2026/09/25 17:34:20.583, 0, 292.03, 47, 2857, 16051, 31154
2026/09/25 17:34:20.583, 1, 273.44, 45, 2820, 16051, 30710
2026/09/25 17:34:20.833, 0, 292.03, 47, 2857, 16051, 31154
2026/09/25 17:34:20.833, 1, 273.44, 45, 2820, 16051, 30710
2026/09/25 17:34:21.083, 0, 284.27, 42, 2857, 16051, 31154
2026/09/25 17:34:21.083, 1, 269.76, 48, 2827, 16051, 30710
2026/09/25 17:34:21.333, 0, 284.27, 42, 2857, 16051, 31154
2026/09/25 17:34:21.333, 1, 269.76, 48, 2827, 16051, 30710
2026/09/25 17:34:21.583, 0, 285.24, 44, 2850, 16051, 31154
2026/09/25 17:34:21.583, 1, 268.97, 45, 2827, 16051, 30710
2026/09/25 17:34:21.833, 0, 285.24, 44, 2850, 16051, 31154
2026/09/25 17:34:21.833, 1, 268.97, 45, 2827, 16051, 30710
2026/09/25 17:34:22.084, 0, 289.85, 43, 2850, 16051, 31154
2026/09/25 17:34:22.084, 1, 272.15, 47, 2820, 16051, 30710
2026/09/25 17:34:22.334, 0, 289.85, 43, 2850, 16051, 31154
2026/09/25 17:34:22.334, 1, 272.15, 47, 2820, 16051, 30710
2026/09/25 17:34:22.584, 0, 290.49, 44, 2850, 16051, 31154
2026/09/25 17:34:22.584, 1, 273.58, 48, 2827, 16051, 30710
2026/09/25 17:34:22.834, 0, 290.49, 44, 2850, 16051, 31154
2026/09/25 17:34:22.834, 1, 273.58, 48, 2827, 16051, 30710
2026/09/25 17:34:23.084, 0, 289.87, 46, 2857, 16051, 31154
2026/09/25 17:34:23.084, 1, 270.93, 47, 2827, 16051, 30710
2026/09/25 17:34:23.334, 0, 289.87, 46, 2857, 16051, 31154
2026/09/25 17:34:23.334, 1, 270.93, 47, 2827, 16051, 30710
2026/09/25 17:34:23.584, 0, 290.66, 41, 2857, 16051, 31154
2026/09/25 17:34:23.585, 1, 271.58, 49, 2827, 16051, 30710
2026/09/25 17:34:23.835, 0, 290.66, 41, 2857, 16051, 31154
2026/09/25 17:34:23.835, 1, 271.58, 49, 2827, 16051, 30710
2026/09/25 17:34:24.085, 0, 289.01, 44, 2857, 16051, 31154
2026/09/25 17:34:24.085, 1, 272.05, 43, 2820, 16051, 30710
2026/09/25 17:34:24.335, 0, 289.01, 44, 2857, 16051, 31154
2026/09/25 17:34:24.335, 1, 272.05, 43, 2820, 16051, 30710
2026/09/25 17:34:24.585, 0, 287.91, 43, 2857, 16051, 31154
2026/09/25 17:34:24.585, 1, 271.90, 44, 2827, 16051, 30710
2026/09/25 17:34:24.835, 0, 287.91, 43, 2857, 16051, 31154
2026/09/25 17:34:24.835, 1, 271.90, 44, 2827, 16051, 30710
2026/09/25 17:34:25.086, 0, 266.94, 36, 2895, 16051, 31154
2026/09/25 17:34:25.086, 1, 246.74, 49, 2857, 16051, 30710
2026/09/25 17:34:25.336, 0, 266.94, 36, 2895, 16051, 31154
2026/09/25 17:34:25.336, 1, 246.74, 49, 2857, 16051, 30710
2026/09/25 17:34:25.586, 0, 238.19, 44, 2887, 16051, 31154
2026/09/25 17:34:25.586, 1, 219.75, 39, 2857, 16051, 30710
2026/09/25 17:34:25.836, 0, 238.19, 44, 2887, 16051, 31154
2026/09/25 17:34:25.836, 1, 219.75, 39, 2857, 16051, 30710
2026/09/25 17:34:26.086, 0, 248.23, 44, 2850, 16051, 31154
2026/09/25 17:34:26.086, 1, 240.29, 46, 2820, 16051, 30710
2026/09/25 17:34:26.337, 0, 248.23, 44, 2850, 16051, 31154
2026/09/25 17:34:26.337, 1, 240.29, 46, 2820, 16051, 30710
2026/09/25 17:34:26.587, 0, 273.97, 40, 2865, 16051, 31154
2026/09/25 17:34:26.587, 1, 279.25, 44, 2820, 16051, 30710
2026/09/25 17:34:26.837, 0, 273.97, 40, 2865, 16051, 31154
2026/09/25 17:34:26.837, 1, 279.25, 44, 2820, 16051, 30710
2026/09/25 17:34:27.087, 0, 290.63, 43, 2857, 16051, 31154
2026/09/25 17:34:27.087, 1, 279.23, 48, 2820, 16051, 30710
2026/09/25 17:34:27.337, 0, 290.63, 43, 2857, 16051, 31154
2026/09/25 17:34:27.337, 1, 279.23, 48, 2820, 16051, 30710
2026/09/25 17:34:27.587, 0, 289.25, 44, 2865, 16051, 31154
2026/09/25 17:34:27.588, 1, 276.01, 47, 2820, 16051, 30710
2026/09/25 17:34:27.838, 0, 289.25, 44, 2865, 16051, 31154
2026/09/25 17:34:27.838, 1, 276.01, 47, 2820, 16051, 30710
2026/09/25 17:34:28.088, 0, 290.50, 44, 2857, 16051, 31154
2026/09/25 17:34:28.088, 1, 278.06, 48, 2820, 16051, 30710
2026/09/25 17:34:28.338, 0, 290.50, 44, 2857, 16051, 31154
2026/09/25 17:34:28.338, 1, 278.06, 48, 2820, 16051, 30710
2026/09/25 17:34:28.588, 0, 294.92, 44, 2842, 16051, 31154
2026/09/25 17:34:28.588, 1, 278.78, 49, 2820, 16051, 30710
2026/09/25 17:34:28.838, 0, 294.92, 44, 2842, 16051, 31154
2026/09/25 17:34:28.839, 1, 278.78, 49, 2820, 16051, 30710
2026/09/25 17:34:29.089, 0, 294.20, 41, 2857, 16051, 31154
2026/09/25 17:34:29.089, 1, 278.27, 48, 2820, 16051, 30710
2026/09/25 17:34:29.339, 0, 294.20, 41, 2857, 16051, 31154
2026/09/25 17:34:29.339, 1, 278.27, 48, 2820, 16051, 30710
2026/09/25 17:34:29.589, 0, 292.85, 45, 2857, 16051, 31154
2026/09/25 17:34:29.589, 1, 278.91, 47, 2820, 16051, 30710
2026/09/25 17:34:29.839, 0, 292.85, 45, 2857, 16051, 31154
2026/09/25 17:34:29.839, 1, 278.91, 47, 2820, 16051, 30710
2026/09/25 17:34:30.089, 0, 294.06, 44, 2857, 16051, 31154
2026/09/25 17:34:30.089, 1, 278.48, 49, 2820, 16051, 30710
2026/09/25 17:34:30.340, 0, 294.06, 44, 2857, 16051, 31154
2026/09/25 17:34:30.340, 1, 278.48, 49, 2820, 16051, 30710
2026/09/25 17:34:30.590, 0, 297.44, 46, 2857, 16051, 31154
2026/09/25 17:34:30.590, 1, 278.08, 48, 2820, 16051, 30710
2026/09/25 17:34:30.840, 0, 297.44, 46, 2857, 16051, 31154
2026/09/25 17:34:30.840, 1, 278.08, 48, 2820, 16051, 30710
2026/09/25 17:34:31.090, 0, 295.67, 46, 2857, 16051, 31154
2026/09/25 17:34:31.090, 1, 278.58, 42, 2820, 16051, 30710
2026/09/25 17:34:31.340, 0, 295.67, 46, 2857, 16051, 31154
2026/09/25 17:34:31.340, 1, 278.58, 42, 2820, 16051, 30710
2026/09/25 17:34:31.590, 0, 295.07, 47, 2850, 16051, 31154
2026/09/25 17:34:31.591, 1, 278.30, 45, 2820, 16051, 30710
2026/09/25 17:34:31.841, 0, 295.07, 47, 2850, 16051, 31154
2026/09/25 17:34:31.841, 1, 278.30, 45, 2820, 16051, 30710
2026/09/25 17:34:32.091, 0, 295.57, 40, 2857, 16051, 31154
2026/09/25 17:34:32.091, 1, 279.58, 45, 2820, 16051, 30710
2026/09/25 17:34:32.341, 0, 295.57, 40, 2857, 16051, 31154
2026/09/25 17:34:32.341, 1, 279.58, 45, 2820, 16051, 30710
2026/09/25 17:34:32.591, 0, 295.39, 47, 2857, 16051, 31154
2026/09/25 17:34:32.591, 1, 276.89, 44, 2827, 16051, 30710
2026/09/25 17:34:32.841, 0, 295.39, 47, 2857, 16051, 31154
2026/09/25 17:34:32.842, 1, 276.89, 44, 2827, 16051, 30710
2026/09/25 17:34:33.092, 0, 294.42, 43, 2857, 16051, 31154
2026/09/25 17:34:33.092, 1, 277.21, 48, 2820, 16051, 30710
2026/09/25 17:34:33.342, 0, 294.42, 43, 2857, 16051, 31154
2026/09/25 17:34:33.342, 1, 277.21, 48, 2820, 16051, 30710
2026/09/25 17:34:33.592, 0, 294.12, 45, 2850, 16051, 31154
2026/09/25 17:34:33.592, 1, 277.35, 48, 2820, 16051, 30710
2026/09/25 17:34:33.842, 0, 294.12, 45, 2850, 16051, 31154
2026/09/25 17:34:33.842, 1, 277.35, 48, 2820, 16051, 30710
2026/09/25 17:34:34.092, 0, 294.88, 41, 2865, 16051, 31154
2026/09/25 17:34:34.092, 1, 277.39, 46, 2827, 16051, 30710
2026/09/25 17:34:34.343, 0, 294.88, 41, 2865, 16051, 31154
2026/09/25 17:34:34.343, 1, 277.39, 46, 2827, 16051, 30710
2026/09/25 17:34:34.593, 0, 294.33, 45, 2857, 16051, 31154
2026/09/25 17:34:34.593, 1, 277.40, 47, 2820, 16051, 30710
2026/09/25 17:34:34.843, 0, 294.33, 45, 2857, 16051, 31154
2026/09/25 17:34:34.843, 1, 277.40, 47, 2820, 16051, 30710
2026/09/25 17:34:35.093, 0, 280.87, 48, 2880, 16051, 31154
2026/09/25 17:34:35.093, 1, 262.64, 32, 2850, 16051, 30710
2026/09/25 17:34:35.343, 0, 280.87, 48, 2880, 16051, 31154
2026/09/25 17:34:35.343, 1, 262.64, 32, 2850, 16051, 30710
2026/09/25 17:34:35.594, 0, 244.86, 36, 2895, 16051, 31154
2026/09/25 17:34:35.594, 1, 233.52, 50, 2857, 16051, 30710
2026/09/25 17:34:35.844, 0, 244.86, 36, 2895, 16051, 31154
2026/09/25 17:34:35.844, 1, 233.52, 50, 2857, 16051, 30710
2026/09/25 17:34:36.094, 0, 243.28, 44, 2865, 16051, 31154
2026/09/25 17:34:36.094, 1, 232.62, 48, 2820, 16051, 30710
2026/09/25 17:34:36.344, 0, 243.28, 44, 2865, 16051, 31154
2026/09/25 17:34:36.344, 1, 232.62, 48, 2820, 16051, 30710
2026/09/25 17:34:36.594, 0, 271.84, 43, 2865, 16051, 31154
2026/09/25 17:34:36.594, 1, 268.78, 47, 2820, 16051, 30710
2026/09/25 17:34:36.845, 0, 271.84, 43, 2865, 16051, 31154
2026/09/25 17:34:36.845, 1, 268.78, 47, 2820, 16051, 30710
2026/09/25 17:34:37.095, 0, 292.40, 44, 2857, 16051, 31154
2026/09/25 17:34:37.095, 1, 282.05, 46, 2820, 16051, 30710
2026/09/25 17:34:37.345, 0, 292.40, 44, 2857, 16051, 31154
2026/09/25 17:34:37.345, 1, 282.05, 46, 2820, 16051, 30710
2026/09/25 17:34:37.595, 0, 293.58, 44, 2850, 16051, 31154
2026/09/25 17:34:37.595, 1, 279.55, 47, 2827, 16051, 30710
2026/09/25 17:34:37.845, 0, 293.58, 44, 2850, 16051, 31154
2026/09/25 17:34:37.845, 1, 279.55, 47, 2827, 16051, 30710
2026/09/25 17:34:38.095, 0, 292.07, 45, 2850, 16051, 31154
2026/09/25 17:34:38.096, 1, 279.22, 47, 2827, 16051, 30710
2026/09/25 17:34:38.346, 0, 292.07, 45, 2850, 16051, 31154
2026/09/25 17:34:38.346, 1, 279.22, 47, 2827, 16051, 30710
2026/09/25 17:34:38.596, 0, 292.30, 45, 2857, 16051, 31154
2026/09/25 17:34:38.596, 1, 276.02, 47, 2812, 16051, 30710
2026/09/25 17:34:38.846, 0, 292.30, 45, 2857, 16051, 31154
2026/09/25 17:34:38.846, 1, 276.02, 47, 2812, 16051, 30710
2026/09/25 17:34:39.096, 0, 291.47, 46, 2850, 16051, 31154
2026/09/25 17:34:39.096, 1, 276.77, 45, 2820, 16051, 30710
2026/09/25 17:34:39.346, 0, 291.47, 46, 2850, 16051, 31154
2026/09/25 17:34:39.346, 1, 276.77, 45, 2820, 16051, 30710
2026/09/25 17:34:39.597, 0, 294.25, 46, 2850, 16051, 31154
2026/09/25 17:34:39.597, 1, 279.68, 48, 2820, 16051, 30710
2026/09/25 17:34:39.847, 0, 294.25, 46, 2850, 16051, 31154
2026/09/25 17:34:39.847, 1, 279.68, 48, 2820, 16051, 30710
2026/09/25 17:34:40.097, 0, 294.81, 42, 2857, 16051, 31154
2026/09/25 17:34:40.097, 1, 280.39, 49, 2820, 16051, 30710
2026/09/25 17:34:40.347, 0, 294.81, 42, 2857, 16051, 31154
2026/09/25 17:34:40.347, 1, 280.39, 49, 2820, 16051, 30710
2026/09/25 17:34:40.597, 0, 297.23, 44, 2857, 16051, 31154
2026/09/25 17:34:40.597, 1, 279.72, 50, 2820, 16051, 30710
2026/09/25 17:34:40.847, 0, 297.23, 44, 2857, 16051, 31154
2026/09/25 17:34:40.848, 1, 279.72, 50, 2820, 16051, 30710
2026/09/25 17:34:41.098, 0, 299.13, 47, 2850, 16051, 31154
2026/09/25 17:34:41.098, 1, 279.58, 48, 2820, 16051, 30710
2026/09/25 17:34:41.348, 0, 299.13, 47, 2850, 16051, 31154
2026/09/25 17:34:41.348, 1, 279.58, 48, 2820, 16051, 30710
2026/09/25 17:34:41.598, 0, 297.98, 46, 2857, 16051, 31154
2026/09/25 17:34:41.598, 1, 279.19, 49, 2820, 16051, 30710
2026/09/25 17:34:41.848, 0, 297.98, 46, 2857, 16051, 31154
2026/09/25 17:34:41.848, 1, 279.19, 49, 2820, 16051, 30710
2026/09/25 17:34:42.098, 0, 295.83, 47, 2850, 16051, 31154
2026/09/25 17:34:42.099, 1, 278.38, 47, 2820, 16051, 30710
2026/09/25 17:34:42.349, 0, 295.83, 47, 2850, 16051, 31154
2026/09/25 17:34:42.349, 1, 278.38, 47, 2820, 16051, 30710
2026/09/25 17:34:42.599, 0, 296.02, 44, 2857, 16051, 31154
2026/09/25 17:34:42.599, 1, 279.79, 48, 2820, 16051, 30710
2026/09/25 17:34:42.849, 0, 296.02, 44, 2857, 16051, 31154
2026/09/25 17:34:42.849, 1, 279.79, 48, 2820, 16051, 30710
2026/09/25 17:34:43.099, 0, 295.82, 43, 2857, 16051, 31154
2026/09/25 17:34:43.099, 1, 277.02, 47, 2820, 16051, 30710
2026/09/25 17:34:43.350, 0, 295.82, 43, 2857, 16051, 31154
2026/09/25 17:34:43.350, 1, 277.02, 47, 2820, 16051, 30710
2026/09/25 17:34:43.600, 0, 295.35, 47, 2850, 16051, 31154
2026/09/25 17:34:43.600, 1, 276.15, 45, 2820, 16051, 30710
2026/09/25 17:34:43.850, 0, 295.35, 47, 2850, 16051, 31154
2026/09/25 17:34:43.850, 1, 276.15, 45, 2820, 16051, 30710
2026/09/25 17:34:44.100, 0, 294.46, 46, 2850, 16051, 31154
2026/09/25 17:34:44.100, 1, 277.06, 46, 2820, 16051, 30710
2026/09/25 17:34:44.350, 0, 294.46, 46, 2850, 16051, 31154
2026/09/25 17:34:44.350, 1, 277.06, 46, 2820, 16051, 30710
2026/09/25 17:34:44.600, 0, 295.57, 45, 2857, 16051, 31154
2026/09/25 17:34:44.601, 1, 278.00, 47, 2812, 16051, 30710
2026/09/25 17:34:44.851, 0, 295.57, 45, 2857, 16051, 31154
2026/09/25 17:34:44.851, 1, 278.00, 47, 2812, 16051, 30710
2026/09/25 17:34:45.101, 0, 287.33, 41, 2865, 16051, 31154
2026/09/25 17:34:45.101, 1, 273.57, 49, 2827, 16051, 30710
2026/09/25 17:34:45.351, 0, 287.33, 41, 2865, 16051, 31154
2026/09/25 17:34:45.351, 1, 273.57, 49, 2827, 16051, 30710
2026/09/25 17:34:45.601, 0, 255.26, 45, 2895, 16051, 31154
2026/09/25 17:34:45.601, 1, 238.32, 41, 2857, 16051, 30710
2026/09/25 17:34:45.851, 0, 255.26, 45, 2895, 16051, 31154
2026/09/25 17:34:45.852, 1, 238.32, 41, 2857, 16051, 30710
2026/09/25 17:34:46.102, 0, 227.30, 48, 2895, 16051, 31154
2026/09/25 17:34:46.102, 1, 197.48, 45, 2857, 16051, 30710
2026/09/25 17:34:46.352, 0, 227.30, 48, 2895, 16051, 31154
2026/09/25 17:34:46.352, 1, 197.48, 45, 2857, 16051, 30710
2026/09/25 17:34:46.602, 0, 227.04, 50, 2895, 16051, 31154
2026/09/25 17:34:46.602, 1, 202.70, 36, 2857, 16051, 30710
2026/09/25 17:34:46.852, 0, 227.04, 50, 2895, 16051, 31154
2026/09/25 17:34:46.852, 1, 202.70, 36, 2857, 16051, 30710
2026/09/25 17:34:47.102, 0, 237.72, 44, 2872, 16051, 31154
2026/09/25 17:34:47.103, 1, 229.13, 44, 2827, 16051, 30710
2026/09/25 17:34:47.353, 0, 237.72, 44, 2872, 16051, 31154
2026/09/25 17:34:47.353, 1, 229.13, 44, 2827, 16051, 30710
2026/09/25 17:34:47.603, 0, 274.78, 42, 2857, 16051, 31154
2026/09/25 17:34:47.603, 1, 268.84, 50, 2820, 16051, 30710
2026/09/25 17:34:47.853, 0, 274.78, 42, 2857, 16051, 31154
2026/09/25 17:34:47.853, 1, 268.84, 50, 2820, 16051, 30710
2026/09/25 17:34:48.103, 0, 294.50, 43, 2857, 16051, 31154
2026/09/25 17:34:48.103, 1, 283.09, 48, 2827, 16051, 30710
2026/09/25 17:34:48.353, 0, 294.50, 43, 2857, 16051, 31154
2026/09/25 17:34:48.353, 1, 283.09, 48, 2827, 16051, 30710
2026/09/25 17:34:48.603, 0, 290.70, 46, 2850, 16051, 31154
2026/09/25 17:34:48.604, 1, 277.47, 43, 2820, 16051, 30710
2026/09/25 17:34:48.854, 0, 290.70, 46, 2850, 16051, 31154
2026/09/25 17:34:48.854, 1, 277.47, 43, 2820, 16051, 30710
2026/09/25 17:34:49.104, 0, 294.23, 46, 2857, 16051, 31154
2026/09/25 17:34:49.104, 1, 277.03, 48, 2820, 16051, 30710
2026/09/25 17:34:49.354, 0, 294.23, 46, 2857, 16051, 31154
2026/09/25 17:34:49.354, 1, 277.03, 48, 2820, 16051, 30710
2026/09/25 17:34:49.604, 0, 296.35, 42, 2850, 16051, 31154
2026/09/25 17:34:49.604, 1, 279.33, 51, 2820, 16051, 30710
2026/09/25 17:34:49.854, 0, 296.35, 42, 2850, 16051, 31154
2026/09/25 17:34:49.854, 1, 279.33, 51, 2820, 16051, 30710
2026/09/25 17:34:50.104, 0, 296.12, 43, 2857, 16051, 31154
2026/09/25 17:34:50.104, 1, 281.59, 47, 2820, 16051, 30710
2026/09/25 17:34:50.354, 0, 296.12, 43, 2857, 16051, 31154
2026/09/25 17:34:50.355, 1, 281.59, 47, 2820, 16051, 30710
2026/09/25 17:34:50.605, 0, 297.27, 42, 2857, 16051, 31154
2026/09/25 17:34:50.605, 1, 280.47, 47, 2820, 16051, 30710
2026/09/25 17:34:50.855, 0, 297.27, 42, 2857, 16051, 31154
2026/09/25 17:34:50.855, 1, 280.47, 47, 2820, 16051, 30710
2026/09/25 17:34:51.105, 0, 296.66, 47, 2850, 16051, 31154
2026/09/25 17:34:51.105, 1, 278.90, 44, 2820, 16051, 30710
2026/09/25 17:34:51.355, 0, 296.66, 47, 2850, 16051, 31154
2026/09/25 17:34:51.355, 1, 278.90, 44, 2820, 16051, 30710
2026/09/25 17:34:51.605, 0, 297.26, 43, 2857, 16051, 31154
2026/09/25 17:34:51.605, 1, 278.30, 47, 2820, 16051, 30710
2026/09/25 17:34:51.856, 0, 297.26, 43, 2857, 16051, 31154
2026/09/25 17:34:51.856, 1, 278.30, 47, 2820, 16051, 30710
2026/09/25 17:34:52.106, 0, 297.49, 50, 2850, 16051, 31154
2026/09/25 17:34:52.106, 1, 277.04, 43, 2820, 16051, 30710
2026/09/25 17:34:52.356, 0, 297.49, 50, 2850, 16051, 31154
2026/09/25 17:34:52.356, 1, 277.04, 43, 2820, 16051, 30710
2026/09/25 17:34:52.606, 0, 297.24, 42, 2857, 16051, 31154
2026/09/25 17:34:52.606, 1, 277.34, 46, 2820, 16051, 30710
2026/09/25 17:34:52.856, 0, 297.24, 42, 2857, 16051, 31154
2026/09/25 17:34:52.857, 1, 277.34, 46, 2820, 16051, 30710
2026/09/25 17:34:53.107, 0, 297.98, 45, 2850, 16051, 31154
2026/09/25 17:34:53.107, 1, 278.59, 42, 2820, 16051, 30710
2026/09/25 17:34:53.357, 0, 297.98, 45, 2850, 16051, 31154
2026/09/25 17:34:53.357, 1, 278.59, 42, 2820, 16051, 30710
2026/09/25 17:34:53.607, 0, 297.13, 47, 2850, 16051, 31154
2026/09/25 17:34:53.607, 1, 281.59, 44, 2820, 16051, 30710
2026/09/25 17:34:53.857, 0, 297.13, 47, 2850, 16051, 31154
2026/09/25 17:34:53.857, 1, 281.59, 44, 2820, 16051, 30710
2026/09/25 17:34:54.108, 0, 299.18, 47, 2850, 16051, 31154
2026/09/25 17:34:54.108, 1, 281.28, 42, 2820, 16051, 30710
2026/09/25 17:34:54.358, 0, 299.18, 47, 2850, 16051, 31154
2026/09/25 17:34:54.358, 1, 281.28, 42, 2820, 16051, 30710
2026/09/25 17:34:54.608, 0, 298.17, 48, 2850, 16051, 31154
2026/09/25 17:34:54.608, 1, 278.00, 42, 2820, 16051, 30710
2026/09/25 17:34:54.858, 0, 298.17, 48, 2850, 16051, 31154
2026/09/25 17:34:54.858, 1, 278.00, 42, 2820, 16051, 30710
2026/09/25 17:34:55.108, 0, 301.39, 44, 2850, 16051, 31154
2026/09/25 17:34:55.108, 1, 277.98, 50, 2820, 16051, 30710
2026/09/25 17:34:55.359, 0, 301.39, 44, 2850, 16051, 31154
2026/09/25 17:34:55.359, 1, 277.98, 50, 2820, 16051, 30710
2026/09/25 17:34:55.609, 0, 298.88, 45, 2857, 16051, 31154
2026/09/25 17:34:55.609, 1, 279.98, 44, 2812, 16051, 30710
2026/09/25 17:34:55.859, 0, 298.88, 45, 2857, 16051, 31154
2026/09/25 17:34:55.859, 1, 279.98, 44, 2812, 16051, 30710
2026/09/25 17:34:56.109, 0, 300.19, 49, 2850, 16051, 31154
2026/09/25 17:34:56.109, 1, 279.00, 45, 2820, 16051, 30710
2026/09/25 17:34:56.359, 0, 300.19, 49, 2850, 16051, 31154
2026/09/25 17:34:56.360, 1, 279.00, 45, 2820, 16051, 30710
2026/09/25 17:34:56.610, 0, 296.19, 43, 2850, 16051, 31154
2026/09/25 17:34:56.610, 1, 277.43, 47, 2820, 16051, 30710
2026/09/25 17:34:56.860, 0, 296.19, 43, 2850, 16051, 31154
2026/09/25 17:34:56.860, 1, 277.43, 47, 2820, 16051, 30710
2026/09/25 17:34:57.110, 0, 268.26, 54, 2895, 16051, 31154
2026/09/25 17:34:57.110, 1, 242.55, 31, 2857, 16051, 30710
2026/09/25 17:34:57.360, 0, 268.26, 54, 2895, 16051, 31154
2026/09/25 17:34:57.361, 1, 242.55, 31, 2857, 16051, 30710
2026/09/25 17:34:57.611, 0, 236.37, 56, 2895, 16051, 31154
2026/09/25 17:34:57.611, 1, 212.24, 24, 2857, 16051, 30710
2026/09/25 17:34:57.861, 0, 236.37, 56, 2895, 16051, 31154
2026/09/25 17:34:57.861, 1, 212.24, 24, 2857, 16051, 30710
2026/09/25 17:34:58.111, 0, 253.57, 46, 2850, 16051, 31154
2026/09/25 17:34:58.111, 1, 247.74, 46, 2820, 16051, 30710
2026/09/25 17:34:58.361, 0, 253.57, 46, 2850, 16051, 31154
2026/09/25 17:34:58.361, 1, 247.74, 46, 2820, 16051, 30710
2026/09/25 17:34:58.612, 0, 284.13, 42, 2857, 16051, 31154
2026/09/25 17:34:58.612, 1, 285.03, 49, 2812, 16051, 30710
2026/09/25 17:34:58.862, 0, 284.13, 42, 2857, 16051, 31154
2026/09/25 17:34:58.862, 1, 285.03, 49, 2812, 16051, 30710
2026/09/25 17:34:59.112, 0, 292.95, 42, 2857, 16051, 31154
2026/09/25 17:34:59.112, 1, 278.27, 48, 2820, 16051, 30710
2026/09/25 17:34:59.362, 0, 292.95, 42, 2857, 16051, 31154
2026/09/25 17:34:59.362, 1, 278.27, 48, 2820, 16051, 30710
2026/09/25 17:34:59.612, 0, 294.90, 46, 2857, 16051, 31154
2026/09/25 17:34:59.612, 1, 275.88, 49, 2820, 16051, 30710
2026/09/25 17:34:59.862, 0, 294.90, 46, 2857, 16051, 31154
2026/09/25 17:34:59.863, 1, 275.88, 49, 2820, 16051, 30710
2026/09/25 17:35:00.113, 0, 296.21, 40, 2850, 16051, 31154
2026/09/25 17:35:00.113, 1, 278.72, 50, 2820, 16051, 30710
2026/09/25 17:35:00.363, 0, 296.21, 40, 2850, 16051, 31154
2026/09/25 17:35:00.363, 1, 278.72, 50, 2820, 16051, 30710
2026/09/25 17:35:00.613, 0, 294.17, 42, 2857, 16051, 31154
2026/09/25 17:35:00.613, 1, 277.12, 49, 2820, 16051, 30710
2026/09/25 17:35:00.863, 0, 294.17, 42, 2857, 16051, 31154
2026/09/25 17:35:00.863, 1, 277.12, 49, 2820, 16051, 30710
2026/09/25 17:35:01.114, 0, 296.89, 40, 2857, 16051, 31154
2026/09/25 17:35:01.114, 1, 277.51, 50, 2820, 16051, 30710
2026/09/25 17:35:01.364, 0, 296.89, 40, 2857, 16051, 31154
2026/09/25 17:35:01.364, 1, 277.51, 50, 2820, 16051, 30710
2026/09/25 17:35:01.614, 0, 298.22, 49, 2850, 16051, 31154
2026/09/25 17:35:01.614, 1, 277.84, 46, 2820, 16051, 30710
2026/09/25 17:35:01.864, 0, 298.22, 49, 2850, 16051, 31154
2026/09/25 17:35:01.864, 1, 277.84, 46, 2820, 16051, 30710
2026/09/25 17:35:02.114, 0, 297.01, 47, 2857, 16051, 31154
2026/09/25 17:35:02.115, 1, 278.52, 43, 2820, 16051, 30710
2026/09/25 17:35:02.365, 0, 297.01, 47, 2857, 16051, 31154
2026/09/25 17:35:02.365, 1, 278.52, 43, 2820, 16051, 30710
2026/09/25 17:35:02.615, 0, 298.73, 46, 2850, 16051, 31154
2026/09/25 17:35:02.615, 1, 276.71, 48, 2820, 16051, 30710
2026/09/25 17:35:02.865, 0, 298.73, 46, 2850, 16051, 31154
2026/09/25 17:35:02.865, 1, 276.71, 48, 2820, 16051, 30710
2026/09/25 17:35:03.115, 0, 297.09, 47, 2850, 16051, 31154
2026/09/25 17:35:03.115, 1, 274.65, 46, 2827, 16051, 30710
2026/09/25 17:35:03.365, 0, 297.09, 47, 2850, 16051, 31154
2026/09/25 17:35:03.366, 1, 274.65, 46, 2827, 16051, 30710
2026/09/25 17:35:03.616, 0, 296.40, 43, 2857, 16051, 31154
2026/09/25 17:35:03.616, 1, 275.96, 46, 2820, 16051, 30710
2026/09/25 17:35:03.866, 0, 296.40, 43, 2857, 16051, 31154
2026/09/25 17:35:03.866, 1, 275.96, 46, 2820, 16051, 30710
2026/09/25 17:35:04.116, 0, 298.12, 46, 2857, 16051, 31154
2026/09/25 17:35:04.116, 1, 277.53, 43, 2812, 16051, 30710
2026/09/25 17:35:04.366, 0, 298.12, 46, 2857, 16051, 31154
2026/09/25 17:35:04.366, 1, 277.53, 43, 2812, 16051, 30710
2026/09/25 17:35:04.616, 0, 298.42, 45, 2850, 16051, 31154
2026/09/25 17:35:04.617, 1, 281.19, 44, 2820, 16051, 30710
2026/09/25 17:35:04.867, 0, 298.42, 45, 2850, 16051, 31154
2026/09/25 17:35:04.867, 1, 281.19, 44, 2820, 16051, 30710
2026/09/25 17:35:05.117, 0, 300.88, 50, 2850, 16051, 31154
2026/09/25 17:35:05.117, 1, 280.31, 42, 2820, 16051, 30710
2026/09/25 17:35:05.367, 0, 300.88, 50, 2850, 16051, 31154
2026/09/25 17:35:05.367, 1, 280.31, 42, 2820, 16051, 30710
2026/09/25 17:35:05.617, 0, 300.31, 48, 2850, 16051, 31154
2026/09/25 17:35:05.617, 1, 280.83, 46, 2820, 16051, 30710
2026/09/25 17:35:05.867, 0, 300.31, 48, 2850, 16051, 31154
2026/09/25 17:35:05.868, 1, 280.83, 46, 2820, 16051, 30710
2026/09/25 17:35:06.118, 0, 299.32, 40, 2857, 16051, 31154
2026/09/25 17:35:06.118, 1, 279.86, 50, 2820, 16051, 30710
2026/09/25 17:35:06.368, 0, 299.32, 40, 2857, 16051, 31154
2026/09/25 17:35:06.368, 1, 279.86, 50, 2820, 16051, 30710
2026/09/25 17:35:06.618, 0, 297.69, 50, 2850, 16051, 31154
2026/09/25 17:35:06.618, 1, 278.78, 43, 2820, 16051, 30710
2026/09/25 17:35:06.868, 0, 297.69, 50, 2850, 16051, 31154
2026/09/25 17:35:06.868, 1, 278.78, 43, 2820, 16051, 30710
2026/09/25 17:35:07.118, 0, 297.96, 44, 2857, 16051, 31154
2026/09/25 17:35:07.119, 1, 281.08, 47, 2820, 16051, 30710
2026/09/25 17:35:07.369, 0, 297.96, 44, 2857, 16051, 31154
2026/09/25 17:35:07.369, 1, 281.08, 47, 2820, 16051, 30710
2026/09/25 17:35:07.619, 0, 284.51, 50, 2880, 16051, 31154
2026/09/25 17:35:07.619, 1, 266.85, 43, 2842, 16051, 30710
2026/09/25 17:35:07.869, 0, 284.51, 50, 2880, 16051, 31154
2026/09/25 17:35:07.869, 1, 266.85, 43, 2842, 16051, 30710
2026/09/25 17:35:08.119, 0, 253.75, 35, 2895, 16051, 31154
2026/09/25 17:35:08.119, 1, 228.10, 50, 2857, 16051, 30710
2026/09/25 17:35:08.370, 0, 253.75, 35, 2895, 16051, 31154
2026/09/25 17:35:08.370, 1, 228.10, 50, 2857, 16051, 30710
2026/09/25 17:35:08.620, 0, 237.44, 43, 2880, 16051, 31154
2026/09/25 17:35:08.620, 1, 220.81, 45, 2835, 16051, 30710
2026/09/25 17:35:08.870, 0, 237.44, 43, 2880, 16051, 31154
2026/09/25 17:35:08.870, 1, 220.81, 45, 2835, 16051, 30710
2026/09/25 17:35:09.120, 0, 264.05, 43, 2857, 16051, 31154
2026/09/25 17:35:09.120, 1, 257.69, 46, 2820, 16051, 30710
2026/09/25 17:35:09.370, 0, 264.05, 43, 2857, 16051, 31154
2026/09/25 17:35:09.370, 1, 257.69, 46, 2820, 16051, 30710
2026/09/25 17:35:09.621, 0, 292.97, 44, 2857, 16051, 31154
2026/09/25 17:35:09.621, 1, 281.16, 47, 2827, 16051, 30710
2026/09/25 17:35:09.871, 0, 292.97, 44, 2857, 16051, 31154
2026/09/25 17:35:09.871, 1, 281.16, 47, 2827, 16051, 30710
2026/09/25 17:35:10.121, 0, 291.19, 46, 2857, 16051, 31154
2026/09/25 17:35:10.121, 1, 277.76, 43, 2820, 16051, 30710
2026/09/25 17:35:10.371, 0, 291.19, 46, 2857, 16051, 31154
2026/09/25 17:35:10.371, 1, 277.76, 43, 2820, 16051, 30710
2026/09/25 17:35:10.621, 0, 292.99, 43, 2857, 16051, 31154
2026/09/25 17:35:10.621, 1, 277.41, 47, 2812, 16051, 30710
2026/09/25 17:35:10.872, 0, 292.99, 43, 2857, 16051, 31154
2026/09/25 17:35:10.872, 1, 277.41, 47, 2812, 16051, 30710
2026/09/25 17:35:11.122, 0, 297.58, 48, 2850, 16051, 31154
2026/09/25 17:35:11.122, 1, 279.30, 44, 2820, 16051, 30710
2026/09/25 17:35:11.372, 0, 297.58, 48, 2850, 16051, 31154
2026/09/25 17:35:11.372, 1, 279.30, 44, 2820, 16051, 30710
2026/09/25 17:35:11.622, 0, 299.69, 46, 2857, 16051, 31154
2026/09/25 17:35:11.622, 1, 277.01, 49, 2820, 16051, 30710
2026/09/25 17:35:11.872, 0, 299.69, 46, 2857, 16051, 31154
2026/09/25 17:35:11.872, 1, 277.01, 49, 2820, 16051, 30710
2026/09/25 17:35:12.123, 0, 298.98, 44, 2850, 16051, 31154
2026/09/25 17:35:12.123, 1, 276.64, 50, 2820, 16051, 30710
2026/09/25 17:35:12.373, 0, 298.98, 44, 2850, 16051, 31154
2026/09/25 17:35:12.373, 1, 276.64, 50, 2820, 16051, 30710
2026/09/25 17:35:12.623, 0, 297.05, 42, 2857, 16051, 31154
2026/09/25 17:35:12.623, 1, 278.62, 45, 2820, 16051, 30710
2026/09/25 17:35:12.873, 0, 297.05, 42, 2857, 16051, 31154
2026/09/25 17:35:12.873, 1, 278.62, 45, 2820, 16051, 30710
2026/09/25 17:35:13.123, 0, 297.44, 43, 2850, 16051, 31154
2026/09/25 17:35:13.123, 1, 277.65, 50, 2820, 16051, 30710
2026/09/25 17:35:13.374, 0, 297.44, 43, 2850, 16051, 31154
2026/09/25 17:35:13.374, 1, 277.65, 50, 2820, 16051, 30710
2026/09/25 17:35:13.624, 0, 299.26, 44, 2850, 16051, 31154
2026/09/25 17:35:13.624, 1, 277.86, 50, 2820, 16051, 30710
2026/09/25 17:35:13.874, 0, 299.26, 44, 2850, 16051, 31154
2026/09/25 17:35:13.874, 1, 277.86, 50, 2820, 16051, 30710
2026/09/25 17:35:14.124, 0, 297.41, 43, 2857, 16051, 31154
2026/09/25 17:35:14.124, 1, 281.25, 44, 2820, 16051, 30710
2026/09/25 17:35:14.374, 0, 297.41, 43, 2857, 16051, 31154
2026/09/25 17:35:14.374, 1, 281.25, 44, 2820, 16051, 30710
2026/09/25 17:35:14.624, 0, 298.77, 49, 2850, 16051, 31154
2026/09/25 17:35:14.625, 1, 277.58, 42, 2820, 16051, 30710
2026/09/25 17:35:14.875, 0, 298.77, 49, 2850, 16051, 31154
2026/09/25 17:35:14.875, 1, 277.58, 42, 2820, 16051, 30710
2026/09/25 17:35:15.125, 0, 298.75, 46, 2850, 16051, 31154
2026/09/25 17:35:15.125, 1, 277.39, 49, 2820, 16051, 30710
2026/09/25 17:35:15.375, 0, 298.75, 46, 2850, 16051, 31154
2026/09/25 17:35:15.375, 1, 277.39, 49, 2820, 16051, 30710
2026/09/25 17:35:15.625, 0, 300.43, 48, 2850, 16051, 31154
2026/09/25 17:35:15.626, 1, 279.44, 46, 2820, 16051, 30710
2026/09/25 17:35:15.876, 0, 300.43, 48, 2850, 16051, 31154
2026/09/25 17:35:15.876, 1, 279.44, 46, 2820, 16051, 30710
2026/09/25 17:35:16.126, 0, 297.42, 45, 2850, 16051, 31154
2026/09/25 17:35:16.126, 1, 277.69, 42, 2820, 16051, 30710
2026/09/25 17:35:16.376, 0, 297.42, 45, 2850, 16051, 31154
2026/09/25 17:35:16.376, 1, 277.69, 42, 2820, 16051, 30710
2026/09/25 17:35:16.626, 0, 298.52, 48, 2850, 16051, 31154
2026/09/25 17:35:16.626, 1, 274.79, 47, 2820, 16051, 30710
2026/09/25 17:35:16.877, 0, 298.52, 48, 2850, 16051, 31154
2026/09/25 17:35:16.877, 1, 274.79, 47, 2820, 16051, 30710
2026/09/25 17:35:17.127, 0, 301.08, 41, 2857, 16051, 31154
2026/09/25 17:35:17.127, 1, 279.43, 48, 2820, 16051, 30710
2026/09/25 17:35:17.377, 0, 301.08, 41, 2857, 16051, 31154
2026/09/25 17:35:17.377, 1, 279.43, 48, 2820, 16051, 30710
2026/09/25 17:35:17.627, 0, 300.60, 46, 2857, 16051, 31154
2026/09/25 17:35:17.627, 1, 279.34, 43, 2820, 16051, 30710
2026/09/25 17:35:17.877, 0, 300.60, 46, 2857, 16051, 31154
2026/09/25 17:35:17.877, 1, 279.34, 43, 2820, 16051, 30710
2026/09/25 17:35:18.128, 0, 302.79, 46, 2850, 16051, 31154
2026/09/25 17:35:18.128, 1, 278.20, 47, 2820, 16051, 30710
2026/09/25 17:35:18.378, 0, 302.79, 46, 2850, 16051, 31154
2026/09/25 17:35:18.378, 1, 278.20, 47, 2820, 16051, 30710
2026/09/25 17:35:18.628, 0, 278.92, 47, 2895, 16051, 31154
2026/09/25 17:35:18.628, 1, 249.40, 35, 2857, 16051, 30710
2026/09/25 17:35:18.878, 0, 278.92, 47, 2895, 16051, 31154
2026/09/25 17:35:18.878, 1, 249.40, 35, 2857, 16051, 30710
2026/09/25 17:35:19.128, 0, 247.65, 55, 2895, 16051, 31154
2026/09/25 17:35:19.128, 1, 213.82, 31, 2857, 16051, 30710
2026/09/25 17:35:19.379, 0, 247.65, 55, 2895, 16051, 31154
2026/09/25 17:35:19.379, 1, 213.82, 31, 2857, 16051, 30710
2026/09/25 17:35:19.629, 0, 245.48, 44, 2857, 16051, 31154
2026/09/25 17:35:19.629, 1, 238.17, 50, 2820, 16051, 30710
2026/09/25 17:35:19.879, 0, 245.48, 44, 2857, 16051, 31154
2026/09/25 17:35:19.879, 1, 238.17, 50, 2820, 16051, 30710
2026/09/25 17:35:20.129, 0, 279.00, 43, 2857, 16051, 31154
2026/09/25 17:35:20.129, 1, 278.42, 47, 2820, 16051, 30710
2026/09/25 17:35:20.379, 0, 279.00, 43, 2857, 16051, 31154
2026/09/25 17:35:20.379, 1, 278.42, 47, 2820, 16051, 30710
2026/09/25 17:35:20.629, 0, 291.82, 43, 2857, 16051, 31154
2026/09/25 17:35:20.630, 1, 281.58, 47, 2820, 16051, 30710
2026/09/25 17:35:20.880, 0, 291.82, 43, 2857, 16051, 31154
2026/09/25 17:35:20.880, 1, 281.58, 47, 2820, 16051, 30710
2026/09/25 17:35:21.130, 0, 294.12, 40, 2857, 16051, 31154
2026/09/25 17:35:21.130, 1, 279.10, 47, 2820, 16051, 30710
2026/09/25 17:35:21.380, 0, 294.12, 40, 2857, 16051, 31154
2026/09/25 17:35:21.380, 1, 279.10, 47, 2820, 16051, 30710
2026/09/25 17:35:21.630, 0, 294.39, 47, 2850, 16051, 31154
2026/09/25 17:35:21.630, 1, 276.89, 41, 2820, 16051, 30710
2026/09/25 17:35:21.880, 0, 294.39, 47, 2850, 16051, 31154
2026/09/25 17:35:21.881, 1, 276.89, 41, 2820, 16051, 30710
2026/09/25 17:35:22.131, 0, 294.85, 47, 2857, 16051, 31154
2026/09/25 17:35:22.131, 1, 276.78, 43, 2820, 16051, 30710
2026/09/25 17:35:22.381, 0, 294.85, 47, 2857, 16051, 31154
2026/09/25 17:35:22.381, 1, 276.78, 43, 2820, 16051, 30710
2026/09/25 17:35:22.631, 0, 298.20, 49, 2850, 16051, 31154
2026/09/25 17:35:22.631, 1, 278.31, 44, 2812, 16051, 30710
2026/09/25 17:35:22.881, 0, 298.20, 49, 2850, 16051, 31154
2026/09/25 17:35:22.881, 1, 278.31, 44, 2812, 16051, 30710
2026/09/25 17:35:23.131, 0, 297.22, 50, 2850, 16051, 31154
2026/09/25 17:35:23.132, 1, 280.09, 43, 2820, 16051, 30710
2026/09/25 17:35:23.382, 0, 297.22, 50, 2850, 16051, 31154
2026/09/25 17:35:23.382, 1, 280.09, 43, 2820, 16051, 30710
2026/09/25 17:35:23.632, 0, 297.25, 40, 2857, 16051, 31154
2026/09/25 17:35:23.632, 1, 278.91, 49, 2820, 16051, 30710
2026/09/25 17:35:23.882, 0, 297.25, 40, 2857, 16051, 31154
2026/09/25 17:35:23.882, 1, 278.91, 49, 2820, 16051, 30710
2026/09/25 17:35:24.132, 0, 297.87, 50, 2850, 16051, 31154
2026/09/25 17:35:24.132, 1, 278.57, 44, 2820, 16051, 30710
2026/09/25 17:35:24.382, 0, 297.87, 50, 2850, 16051, 31154
2026/09/25 17:35:24.383, 1, 278.57, 44, 2820, 16051, 30710
2026/09/25 17:35:24.633, 0, 299.16, 42, 2857, 16051, 31154
2026/09/25 17:35:24.633, 1, 279.39, 48, 2820, 16051, 30710
2026/09/25 17:35:24.883, 0, 299.16, 42, 2857, 16051, 31154
2026/09/25 17:35:24.883, 1, 279.39, 48, 2820, 16051, 30710
2026/09/25 17:35:25.133, 0, 301.51, 45, 2850, 16051, 31154
2026/09/25 17:35:25.133, 1, 277.23, 50, 2820, 16051, 30710
2026/09/25 17:35:25.383, 0, 301.51, 45, 2850, 16051, 31154
2026/09/25 17:35:25.383, 1, 277.23, 50, 2820, 16051, 30710
2026/09/25 17:35:25.633, 0, 300.20, 45, 2850, 16051, 31154
2026/09/25 17:35:25.634, 1, 279.29, 44, 2812, 16051, 30710
2026/09/25 17:35:25.884, 0, 300.20, 45, 2850, 16051, 31154
2026/09/25 17:35:25.884, 1, 279.29, 44, 2812, 16051, 30710
2026/09/25 17:35:26.134, 0, 299.80, 48, 2850, 16051, 31154
2026/09/25 17:35:26.134, 1, 280.67, 42, 2820, 16051, 30710
2026/09/25 17:35:26.384, 0, 299.80, 48, 2850, 16051, 31154
2026/09/25 17:35:26.384, 1, 280.67, 42, 2820, 16051, 30710
2026/09/25 17:35:26.634, 0, 298.70, 46, 2850, 16051, 31154
2026/09/25 17:35:26.634, 1, 282.03, 42, 2820, 16051, 30710
2026/09/25 17:35:26.884, 0, 298.70, 46, 2850, 16051, 31154
2026/09/25 17:35:26.884, 1, 282.03, 42, 2820, 16051, 30710
2026/09/25 17:35:27.134, 0, 299.21, 47, 2850, 16051, 31154
2026/09/25 17:35:27.135, 1, 278.59, 42, 2820, 16051, 30710
2026/09/25 17:35:27.385, 0, 299.21, 47, 2850, 16051, 31154
2026/09/25 17:35:27.385, 1, 278.59, 42, 2820, 16051, 30710
2026/09/25 17:35:27.635, 0, 301.89, 41, 2850, 16051, 31154
2026/09/25 17:35:27.635, 1, 279.48, 50, 2820, 16051, 30710
2026/09/25 17:35:27.885, 0, 301.89, 41, 2850, 16051, 31154
2026/09/25 17:35:27.885, 1, 279.48, 50, 2820, 16051, 30710
2026/09/25 17:35:28.135, 0, 298.14, 49, 2850, 16051, 31154
2026/09/25 17:35:28.135, 1, 278.93, 43, 2820, 16051, 30710
2026/09/25 17:35:28.385, 0, 298.14, 49, 2850, 16051, 31154
2026/09/25 17:35:28.385, 1, 278.93, 43, 2820, 16051, 30710
2026/09/25 17:35:28.636, 0, 299.45, 45, 2850, 16051, 31154
2026/09/25 17:35:28.636, 1, 279.21, 48, 2820, 16051, 30710
2026/09/25 17:35:28.886, 0, 299.45, 45, 2850, 16051, 31154
2026/09/25 17:35:28.886, 1, 279.21, 48, 2820, 16051, 30710
2026/09/25 17:35:29.136, 0, 289.77, 30, 2872, 16051, 31154
2026/09/25 17:35:29.136, 1, 272.77, 36, 2835, 16051, 30710
2026/09/25 17:35:29.386, 0, 289.77, 30, 2872, 16051, 31154
2026/09/25 17:35:29.386, 1, 272.77, 36, 2835, 16051, 30710
2026/09/25 17:35:29.636, 0, 254.49, 44, 2887, 16051, 31154
2026/09/25 17:35:29.636, 1, 242.53, 50, 2842, 16051, 30710
2026/09/25 17:35:29.887, 0, 254.49, 44, 2887, 16051, 31154
2026/09/25 17:35:29.887, 1, 242.53, 50, 2842, 16051, 30710
2026/09/25 17:35:30.137, 0, 230.38, 40, 2880, 16051, 31154
2026/09/25 17:35:30.137, 1, 230.15, 46, 2842, 16051, 30710
2026/09/25 17:35:30.387, 0, 230.38, 40, 2880, 16051, 31154
2026/09/25 17:35:30.387, 1, 230.15, 46, 2842, 16051, 30710
2026/09/25 17:35:30.637, 0, 239.86, 41, 2880, 16051, 31154
2026/09/25 17:35:30.637, 1, 243.73, 49, 2842, 16051, 30710
2026/09/25 17:35:30.887, 0, 239.86, 41, 2880, 16051, 31154
2026/09/25 17:35:30.887, 1, 243.73, 49, 2842, 16051, 30710
2026/09/25 17:35:31.137, 0, 240.20, 39, 2887, 16051, 31154
2026/09/25 17:35:31.138, 1, 243.62, 47, 2842, 16051, 30710
2026/09/25 17:35:31.388, 0, 240.20, 39, 2887, 16051, 31154
2026/09/25 17:35:31.388, 1, 243.62, 47, 2842, 16051, 30710
2026/09/25 17:35:31.638, 0, 237.09, 40, 2880, 16051, 31154
2026/09/25 17:35:31.638, 1, 243.27, 47, 2842, 16051, 30710
2026/09/25 17:35:31.888, 0, 237.09, 40, 2880, 16051, 31154
2026/09/25 17:35:31.888, 1, 243.27, 47, 2842, 16051, 30710
2026/09/25 17:35:32.138, 0, 239.21, 44, 2880, 16051, 31154
2026/09/25 17:35:32.138, 1, 244.18, 50, 2842, 16051, 30710
2026/09/25 17:35:32.388, 0, 239.21, 44, 2880, 16051, 31154
2026/09/25 17:35:32.388, 1, 244.18, 50, 2842, 16051, 30710
2026/09/25 17:35:32.638, 0, 243.89, 42, 2880, 16051, 31154
2026/09/25 17:35:32.638, 1, 245.74, 49, 2842, 16051, 30710
2026/09/25 17:35:32.889, 0, 243.89, 42, 2880, 16051, 31154
2026/09/25 17:35:32.889, 1, 245.74, 49, 2842, 16051, 30710
2026/09/25 17:35:33.139, 0, 243.25, 41, 2880, 16051, 31154
2026/09/25 17:35:33.139, 1, 245.95, 46, 2842, 16051, 30710
2026/09/25 17:35:33.389, 0, 243.25, 41, 2880, 16051, 31154
2026/09/25 17:35:33.389, 1, 245.95, 46, 2842, 16051, 30710
2026/09/25 17:35:33.639, 0, 238.62, 41, 2887, 16051, 31154
2026/09/25 17:35:33.639, 1, 239.51, 48, 2850, 16051, 30710
2026/09/25 17:35:33.889, 0, 238.62, 41, 2887, 16051, 31154
2026/09/25 17:35:33.890, 1, 239.51, 48, 2850, 16051, 30710
2026/09/25 17:35:34.140, 0, 235.11, 42, 2880, 16051, 31154
2026/09/25 17:35:34.140, 1, 239.31, 50, 2842, 16051, 30710
2026/09/25 17:35:34.390, 0, 235.11, 42, 2880, 16051, 31154
2026/09/25 17:35:34.390, 1, 239.31, 50, 2842, 16051, 30710
2026/09/25 17:35:34.640, 0, 236.90, 41, 2880, 16051, 31154
2026/09/25 17:35:34.640, 1, 242.78, 46, 2842, 16051, 30710
2026/09/25 17:35:34.890, 0, 236.90, 41, 2880, 16051, 31154
2026/09/25 17:35:34.890, 1, 242.78, 46, 2842, 16051, 30710
2026/09/25 17:35:35.140, 0, 240.19, 43, 2880, 16051, 31154
2026/09/25 17:35:35.141, 1, 244.45, 47, 2842, 16051, 30710
2026/09/25 17:35:35.391, 0, 240.19, 43, 2880, 16051, 31154
2026/09/25 17:35:35.391, 1, 244.45, 47, 2842, 16051, 30710
2026/09/25 17:35:35.641, 0, 241.05, 38, 2880, 16051, 31154
2026/09/25 17:35:35.641, 1, 246.34, 47, 2842, 16051, 30710
2026/09/25 17:35:35.891, 0, 241.05, 38, 2880, 16051, 31154
2026/09/25 17:35:35.891, 1, 246.34, 47, 2842, 16051, 30710
2026/09/25 17:35:36.141, 0, 238.98, 45, 2880, 16051, 31154
2026/09/25 17:35:36.141, 1, 243.81, 48, 2842, 16051, 30710
2026/09/25 17:35:36.391, 0, 238.98, 45, 2880, 16051, 31154
2026/09/25 17:35:36.391, 1, 243.81, 48, 2842, 16051, 30710
2026/09/25 17:35:36.641, 0, 240.65, 42, 2880, 16051, 31154
2026/09/25 17:35:36.642, 1, 243.66, 50, 2842, 16051, 30710
2026/09/25 17:35:36.892, 0, 240.65, 42, 2880, 16051, 31154
2026/09/25 17:35:36.892, 1, 243.66, 50, 2842, 16051, 30710
2026/09/25 17:35:37.142, 0, 242.32, 40, 2880, 16051, 31154
2026/09/25 17:35:37.142, 1, 245.17, 48, 2842, 16051, 30710
2026/09/25 17:35:37.392, 0, 242.32, 40, 2880, 16051, 31154
2026/09/25 17:35:37.392, 1, 245.17, 48, 2842, 16051, 30710
2026/09/25 17:35:37.642, 0, 243.22, 55, 2880, 16051, 31154
2026/09/25 17:35:37.642, 1, 239.15, 26, 2842, 16051, 30710
2026/09/25 17:35:37.892, 0, 243.22, 55, 2880, 16051, 31154
2026/09/25 17:35:37.892, 1, 239.15, 26, 2842, 16051, 30710
2026/09/25 17:35:38.142, 0, 238.29, 43, 2880, 16051, 31154
2026/09/25 17:35:38.142, 1, 241.20, 49, 2842, 16051, 30710
2026/09/25 17:35:38.393, 0, 238.29, 43, 2880, 16051, 31154
2026/09/25 17:35:38.393, 1, 241.20, 49, 2842, 16051, 30710
2026/09/25 17:35:38.643, 0, 237.98, 44, 2880, 16051, 31154
2026/09/25 17:35:38.643, 1, 241.09, 50, 2842, 16051, 30710
2026/09/25 17:35:38.893, 0, 237.98, 44, 2880, 16051, 31154
2026/09/25 17:35:38.893, 1, 241.09, 50, 2842, 16051, 30710
2026/09/25 17:35:39.143, 0, 241.15, 44, 2880, 16051, 31154
2026/09/25 17:35:39.143, 1, 245.12, 50, 2842, 16051, 30710
2026/09/25 17:35:39.393, 0, 241.15, 44, 2880, 16051, 31154
2026/09/25 17:35:39.393, 1, 245.12, 50, 2842, 16051, 30710
2026/09/25 17:35:39.643, 0, 239.41, 43, 2880, 16051, 31154
2026/09/25 17:35:39.643, 1, 244.91, 49, 2842, 16051, 30710
2026/09/25 17:35:39.893, 0, 239.41, 43, 2880, 16051, 31154
2026/09/25 17:35:39.894, 1, 244.91, 49, 2842, 16051, 30710
2026/09/25 17:35:40.144, 0, 237.43, 40, 2880, 16051, 31154
2026/09/25 17:35:40.144, 1, 243.44, 47, 2842, 16051, 30710
2026/09/25 17:35:40.394, 0, 237.43, 40, 2880, 16051, 31154
2026/09/25 17:35:40.394, 1, 243.44, 47, 2842, 16051, 30710
2026/09/25 17:35:40.644, 0, 238.00, 41, 2880, 16051, 31154
2026/09/25 17:35:40.644, 1, 241.72, 47, 2842, 16051, 30710
2026/09/25 17:35:40.894, 0, 238.00, 41, 2880, 16051, 31154
2026/09/25 17:35:40.894, 1, 241.72, 47, 2842, 16051, 30710
2026/09/25 17:35:41.144, 0, 240.74, 44, 2880, 16051, 31154
2026/09/25 17:35:41.144, 1, 244.04, 48, 2850, 16051, 30710
2026/09/25 17:35:41.394, 0, 240.74, 44, 2880, 16051, 31154
2026/09/25 17:35:41.395, 1, 244.04, 48, 2850, 16051, 30710
2026/09/25 17:35:41.645, 0, 243.24, 45, 2880, 16051, 31154
2026/09/25 17:35:41.645, 1, 246.46, 49, 2842, 16051, 30710
2026/09/25 17:35:41.895, 0, 243.24, 45, 2880, 16051, 31154
2026/09/25 17:35:41.895, 1, 246.46, 49, 2842, 16051, 30710
2026/09/25 17:35:42.145, 0, 238.49, 40, 2880, 16051, 31154
2026/09/25 17:35:42.145, 1, 241.36, 49, 2842, 16051, 30710
2026/09/25 17:35:42.395, 0, 238.49, 40, 2880, 16051, 31154
2026/09/25 17:35:42.395, 1, 241.36, 49, 2842, 16051, 30710
2026/09/25 17:35:42.645, 0, 237.25, 44, 2880, 16051, 31154
2026/09/25 17:35:42.645, 1, 240.10, 47, 2842, 16051, 30710
2026/09/25 17:35:42.896, 0, 237.25, 44, 2880, 16051, 31154
2026/09/25 17:35:42.896, 1, 240.10, 47, 2842, 16051, 30710
2026/09/25 17:35:43.146, 0, 240.00, 42, 2880, 16051, 31154
2026/09/25 17:35:43.146, 1, 244.65, 50, 2842, 16051, 30710
2026/09/25 17:35:43.396, 0, 240.00, 42, 2880, 16051, 31154
2026/09/25 17:35:43.396, 1, 244.65, 50, 2842, 16051, 30710
2026/09/25 17:35:43.646, 0, 240.27, 43, 2880, 16051, 31154
2026/09/25 17:35:43.646, 1, 246.01, 48, 2842, 16051, 30710
2026/09/25 17:35:43.896, 0, 240.27, 43, 2880, 16051, 31154
2026/09/25 17:35:43.896, 1, 246.01, 48, 2842, 16051, 30710
2026/09/25 17:35:44.146, 0, 238.86, 41, 2880, 16051, 31154
2026/09/25 17:35:44.147, 1, 244.93, 50, 2842, 16051, 30710
2026/09/25 17:35:44.397, 0, 238.86, 41, 2880, 16051, 31154
2026/09/25 17:35:44.397, 1, 244.93, 50, 2842, 16051, 30710
2026/09/25 17:35:44.647, 0, 239.87, 41, 2880, 16051, 31154
2026/09/25 17:35:44.647, 1, 244.79, 47, 2842, 16051, 30710
2026/09/25 17:35:44.897, 0, 239.87, 41, 2880, 16051, 31154
2026/09/25 17:35:44.897, 1, 244.79, 47, 2842, 16051, 30710
2026/09/25 17:35:45.147, 0, 240.77, 41, 2880, 16051, 31154
2026/09/25 17:35:45.147, 1, 244.14, 48, 2842, 16051, 30710
2026/09/25 17:35:45.397, 0, 240.77, 41, 2880, 16051, 31154
2026/09/25 17:35:45.397, 1, 244.14, 48, 2842, 16051, 30710
2026/09/25 17:35:45.648, 0, 241.52, 44, 2880, 16051, 31154
2026/09/25 17:35:45.648, 1, 244.54, 50, 2842, 16051, 30710
2026/09/25 17:35:45.898, 0, 241.52, 44, 2880, 16051, 31154
2026/09/25 17:35:45.898, 1, 244.54, 50, 2842, 16051, 30710
2026/09/25 17:35:46.148, 0, 234.74, 25, 2887, 16051, 31154
2026/09/25 17:35:46.148, 1, 233.03, 51, 2857, 16051, 30710
2026/09/25 17:35:46.398, 0, 234.74, 25, 2887, 16051, 31154
2026/09/25 17:35:46.398, 1, 233.03, 51, 2857, 16051, 30710
2026/09/25 17:35:46.648, 0, 232.96, 45, 2880, 16051, 31154
2026/09/25 17:35:46.648, 1, 228.13, 48, 2842, 16051, 30710
2026/09/25 17:35:46.899, 0, 232.96, 45, 2880, 16051, 31154
2026/09/25 17:35:46.899, 1, 228.13, 48, 2842, 16051, 30710
2026/09/25 17:35:47.149, 0, 250.15, 46, 2872, 16051, 31154
2026/09/25 17:35:47.149, 1, 244.01, 48, 2835, 16051, 30710
2026/09/25 17:35:47.399, 0, 250.15, 46, 2872, 16051, 31154
2026/09/25 17:35:47.399, 1, 244.01, 48, 2835, 16051, 30710
2026/09/25 17:35:47.649, 0, 256.77, 40, 2872, 16051, 31154
2026/09/25 17:35:47.649, 1, 253.16, 46, 2842, 16051, 30710
2026/09/25 17:35:47.899, 0, 256.77, 40, 2872, 16051, 31154
2026/09/25 17:35:47.900, 1, 253.16, 46, 2842, 16051, 30710
2026/09/25 17:35:48.150, 0, 258.44, 39, 2872, 16051, 31154
2026/09/25 17:35:48.150, 1, 254.12, 45, 2835, 16051, 30710
2026/09/25 17:35:48.400, 0, 258.44, 39, 2872, 16051, 31154
2026/09/25 17:35:48.400, 1, 254.12, 45, 2835, 16051, 30710
2026/09/25 17:35:48.650, 0, 261.23, 44, 2872, 16051, 31154
2026/09/25 17:35:48.650, 1, 257.21, 48, 2835, 16051, 30710
2026/09/25 17:35:48.900, 0, 261.23, 44, 2872, 16051, 31154
2026/09/25 17:35:48.900, 1, 257.21, 48, 2835, 16051, 30710
2026/09/25 17:35:49.150, 0, 259.17, 42, 2872, 16051, 31154
2026/09/25 17:35:49.150, 1, 254.99, 45, 2835, 16051, 30710
2026/09/25 17:35:49.401, 0, 259.17, 42, 2872, 16051, 31154
2026/09/25 17:35:49.401, 1, 254.99, 45, 2835, 16051, 30710
2026/09/25 17:35:49.651, 0, 260.79, 42, 2872, 16051, 31154
2026/09/25 17:35:49.651, 1, 256.59, 49, 2835, 16051, 30710
2026/09/25 17:35:49.901, 0, 260.79, 42, 2872, 16051, 31154
2026/09/25 17:35:49.901, 1, 256.59, 49, 2835, 16051, 30710
2026/09/25 17:35:50.151, 0, 262.02, 44, 2872, 16051, 31154
2026/09/25 17:35:50.151, 1, 259.62, 46, 2835, 16051, 30710
2026/09/25 17:35:50.401, 0, 262.02, 44, 2872, 16051, 31154
2026/09/25 17:35:50.401, 1, 259.62, 46, 2835, 16051, 30710
2026/09/25 17:35:50.651, 0, 261.54, 42, 2872, 16051, 31154
2026/09/25 17:35:50.652, 1, 257.41, 47, 2835, 16051, 30710
2026/09/25 17:35:50.902, 0, 261.54, 42, 2872, 16051, 31154
2026/09/25 17:35:50.902, 1, 257.41, 47, 2835, 16051, 30710
2026/09/25 17:35:51.152, 0, 262.64, 44, 2865, 16051, 31154
2026/09/25 17:35:51.152, 1, 258.24, 46, 2835, 16051, 30710
2026/09/25 17:35:51.402, 0, 262.64, 44, 2865, 16051, 31154
2026/09/25 17:35:51.402, 1, 258.24, 46, 2835, 16051, 30710
2026/09/25 17:35:51.652, 0, 253.07, 41, 2880, 16051, 31154
2026/09/25 17:35:51.652, 1, 247.00, 51, 2842, 16051, 30710
2026/09/25 17:35:51.902, 0, 253.07, 41, 2880, 16051, 31154
2026/09/25 17:35:51.903, 1, 247.00, 51, 2842, 16051, 30710
2026/09/25 17:35:52.153, 0, 250.02, 45, 2872, 16051, 31154
2026/09/25 17:35:52.153, 1, 245.06, 47, 2835, 16051, 30710
2026/09/25 17:35:52.403, 0, 250.02, 45, 2872, 16051, 31154
2026/09/25 17:35:52.403, 1, 245.06, 47, 2835, 16051, 30710
2026/09/25 17:35:52.653, 0, 261.70, 41, 2872, 16051, 31154
2026/09/25 17:35:52.653, 1, 257.98, 44, 2835, 16051, 30710
2026/09/25 17:35:52.903, 0, 261.70, 41, 2872, 16051, 31154
2026/09/25 17:35:52.903, 1, 257.98, 44, 2835, 16051, 30710
2026/09/25 17:35:53.153, 0, 264.38, 43, 2872, 16051, 31154
2026/09/25 17:35:53.153, 1, 259.14, 50, 2835, 16051, 30710
2026/09/25 17:35:53.403, 0, 264.38, 43, 2872, 16051, 31154
2026/09/25 17:35:53.403, 1, 259.14, 50, 2835, 16051, 30710
2026/09/25 17:35:53.654, 0, 264.69, 41, 2865, 16051, 31154
2026/09/25 17:35:53.654, 1, 259.93, 50, 2835, 16051, 30710
2026/09/25 17:35:53.904, 0, 264.69, 41, 2865, 16051, 31154
2026/09/25 17:35:53.904, 1, 259.93, 50, 2835, 16051, 30710
2026/09/25 17:35:54.154, 0, 265.70, 45, 2872, 16051, 31154
2026/09/25 17:35:54.154, 1, 262.38, 47, 2835, 16051, 30710
2026/09/25 17:35:54.404, 0, 265.70, 45, 2872, 16051, 31154
2026/09/25 17:35:54.404, 1, 262.38, 47, 2835, 16051, 30710
2026/09/25 17:35:54.654, 0, 267.17, 44, 2872, 16051, 31154
2026/09/25 17:35:54.654, 1, 263.88, 50, 2835, 16051, 30710
2026/09/25 17:35:54.904, 0, 267.17, 44, 2872, 16051, 31154
2026/09/25 17:35:54.904, 1, 263.88, 50, 2835, 16051, 30710
2026/09/25 17:35:55.154, 0, 266.64, 45, 2872, 16051, 31154
2026/09/25 17:35:55.155, 1, 264.63, 48, 2835, 16051, 30710
2026/09/25 17:35:55.405, 0, 266.64, 45, 2872, 16051, 31154
2026/09/25 17:35:55.405, 1, 264.63, 48, 2835, 16051, 30710
2026/09/25 17:35:55.655, 0, 271.00, 41, 2865, 16051, 31154
2026/09/25 17:35:55.655, 1, 265.41, 50, 2835, 16051, 30710
2026/09/25 17:35:55.905, 0, 271.00, 41, 2865, 16051, 31154
2026/09/25 17:35:55.905, 1, 265.41, 50, 2835, 16051, 30710
2026/09/25 17:35:56.155, 0, 268.23, 45, 2872, 16051, 31154
2026/09/25 17:35:56.155, 1, 258.08, 31, 2842, 16051, 30710
2026/09/25 17:35:56.405, 0, 268.23, 45, 2872, 16051, 31154
2026/09/25 17:35:56.405, 1, 258.08, 31, 2842, 16051, 30710
2026/09/25 17:35:56.655, 0, 255.79, 42, 2880, 16051, 31154
2026/09/25 17:35:56.655, 1, 250.01, 49, 2842, 16051, 30710
2026/09/25 17:35:56.905, 0, 255.79, 42, 2880, 16051, 31154
2026/09/25 17:35:56.905, 1, 250.01, 49, 2842, 16051, 30710
2026/09/25 17:35:57.155, 0, 253.35, 44, 2872, 16051, 31154
2026/09/25 17:35:57.156, 1, 254.12, 50, 2835, 16051, 30710
2026/09/25 17:35:57.406, 0, 253.35, 44, 2872, 16051, 31154
2026/09/25 17:35:57.406, 1, 254.12, 50, 2835, 16051, 30710
2026/09/25 17:35:57.656, 0, 261.69, 46, 2872, 16051, 31154
2026/09/25 17:35:57.656, 1, 258.56, 47, 2835, 16051, 30710
2026/09/25 17:35:57.906, 0, 261.69, 46, 2872, 16051, 31154
2026/09/25 17:35:57.906, 1, 258.56, 47, 2835, 16051, 30710
2026/09/25 17:35:58.156, 0, 264.84, 40, 2872, 16051, 31154
2026/09/25 17:35:58.156, 1, 259.65, 49, 2835, 16051, 30710
2026/09/25 17:35:58.406, 0, 264.84, 40, 2872, 16051, 31154
2026/09/25 17:35:58.406, 1, 259.65, 49, 2835, 16051, 30710
2026/09/25 17:35:58.656, 0, 266.10, 42, 2872, 16051, 31154
2026/09/25 17:35:58.656, 1, 260.70, 48, 2835, 16051, 30710
2026/09/25 17:35:58.906, 0, 266.10, 42, 2872, 16051, 31154
2026/09/25 17:35:58.906, 1, 260.70, 48, 2835, 16051, 30710
2026/09/25 17:35:59.157, 0, 266.33, 46, 2872, 16051, 31154
2026/09/25 17:35:59.157, 1, 260.57, 49, 2835, 16051, 30710
2026/09/25 17:35:59.407, 0, 266.33, 46, 2872, 16051, 31154
2026/09/25 17:35:59.407, 1, 260.57, 49, 2835, 16051, 30710
2026/09/25 17:35:59.657, 0, 268.29, 43, 2865, 16051, 31154
2026/09/25 17:35:59.657, 1, 263.64, 51, 2835, 16051, 30710
2026/09/25 17:35:59.907, 0, 268.29, 43, 2865, 16051, 31154
2026/09/25 17:35:59.907, 1, 263.64, 51, 2835, 16051, 30710
2026/09/25 17:36:00.157, 0, 268.82, 44, 2872, 16051, 31154
2026/09/25 17:36:00.157, 1, 264.52, 50, 2835, 16051, 30710
2026/09/25 17:36:00.407, 0, 268.82, 44, 2872, 16051, 31154
2026/09/25 17:36:00.407, 1, 264.52, 50, 2835, 16051, 30710
2026/09/25 17:36:00.657, 0, 269.32, 44, 2865, 16051, 31154
2026/09/25 17:36:00.657, 1, 263.69, 51, 2835, 16051, 30710
2026/09/25 17:36:00.908, 0, 269.32, 44, 2865, 16051, 31154
2026/09/25 17:36:00.908, 1, 263.69, 51, 2835, 16051, 30710
2026/09/25 17:36:01.158, 0, 260.14, 49, 2887, 16051, 31154
2026/09/25 17:36:01.158, 1, 252.06, 45, 2850, 16051, 30710
2026/09/25 17:36:01.408, 0, 260.14, 49, 2887, 16051, 31154
2026/09/25 17:36:01.408, 1, 252.06, 45, 2850, 16051, 30710
2026/09/25 17:36:01.658, 0, 251.52, 43, 2872, 16051, 31154
2026/09/25 17:36:01.658, 1, 246.36, 49, 2835, 16051, 30710
2026/09/25 17:36:01.908, 0, 251.52, 43, 2872, 16051, 31154
2026/09/25 17:36:01.908, 1, 246.36, 49, 2835, 16051, 30710
2026/09/25 17:36:02.159, 0, 258.51, 44, 2872, 16051, 31154
2026/09/25 17:36:02.159, 1, 252.38, 46, 2835, 16051, 30710
2026/09/25 17:36:02.409, 0, 258.51, 44, 2872, 16051, 31154
2026/09/25 17:36:02.409, 1, 252.38, 46, 2835, 16051, 30710
2026/09/25 17:36:02.659, 0, 264.96, 45, 2872, 16051, 31154
2026/09/25 17:36:02.659, 1, 259.72, 50, 2835, 16051, 30710
2026/09/25 17:36:02.909, 0, 264.96, 45, 2872, 16051, 31154
2026/09/25 17:36:02.909, 1, 259.72, 50, 2835, 16051, 30710
2026/09/25 17:36:03.159, 0, 265.72, 46, 2865, 16051, 31154
2026/09/25 17:36:03.159, 1, 261.42, 47, 2835, 16051, 30710
2026/09/25 17:36:03.409, 0, 265.72, 46, 2865, 16051, 31154
2026/09/25 17:36:03.409, 1, 261.42, 47, 2835, 16051, 30710
2026/09/25 17:36:03.660, 0, 267.55, 43, 2872, 16051, 31154
2026/09/25 17:36:03.660, 1, 262.40, 46, 2835, 16051, 30710
2026/09/25 17:36:03.910, 0, 267.55, 43, 2872, 16051, 31154
2026/09/25 17:36:03.910, 1, 262.40, 46, 2835, 16051, 30710
2026/09/25 17:36:04.160, 0, 266.63, 42, 2865, 16051, 31154
2026/09/25 17:36:04.160, 1, 262.34, 47, 2835, 16051, 30710
2026/09/25 17:36:04.410, 0, 266.63, 42, 2865, 16051, 31154
2026/09/25 17:36:04.410, 1, 262.34, 47, 2835, 16051, 30710
2026/09/25 17:36:04.660, 0, 267.22, 42, 2872, 16051, 31154
2026/09/25 17:36:04.660, 1, 263.29, 47, 2835, 16051, 30710
2026/09/25 17:36:04.911, 0, 267.22, 42, 2872, 16051, 31154
2026/09/25 17:36:04.911, 1, 263.29, 47, 2835, 16051, 30710
2026/09/25 17:36:05.161, 0, 265.93, 41, 2865, 16051, 31154
2026/09/25 17:36:05.161, 1, 262.31, 46, 2835, 16051, 30710
2026/09/25 17:36:05.411, 0, 265.93, 41, 2865, 16051, 31154
2026/09/25 17:36:05.411, 1, 262.31, 46, 2835, 16051, 30710
2026/09/25 17:36:05.661, 0, 268.66, 42, 2872, 16051, 31154
2026/09/25 17:36:05.661, 1, 264.62, 49, 2835, 16051, 30710
2026/09/25 17:36:05.911, 0, 268.66, 42, 2872, 16051, 31154
2026/09/25 17:36:05.911, 1, 264.62, 49, 2835, 16051, 30710
2026/09/25 17:36:06.161, 0, 253.08, 23, 2895, 16051, 31154
2026/09/25 17:36:06.162, 1, 246.18, 53, 2857, 16051, 30710
2026/09/25 17:36:06.412, 0, 253.08, 23, 2895, 16051, 31154
2026/09/25 17:36:06.412, 1, 246.18, 53, 2857, 16051, 30710
2026/09/25 17:36:06.662, 0, 238.20, 45, 2887, 16051, 31154
2026/09/25 17:36:06.662, 1, 223.83, 50, 2842, 16051, 30710
2026/09/25 17:36:06.912, 0, 238.20, 45, 2887, 16051, 31154
2026/09/25 17:36:06.912, 1, 223.83, 50, 2842, 16051, 30710
2026/09/25 17:36:07.162, 0, 254.04, 36, 2872, 16051, 31154
2026/09/25 17:36:07.162, 1, 240.92, 45, 2835, 16051, 30710
2026/09/25 17:36:07.412, 0, 254.04, 36, 2872, 16051, 31154
2026/09/25 17:36:07.413, 1, 240.92, 45, 2835, 16051, 30710
2026/09/25 17:36:07.663, 0, 268.44, 45, 2865, 16051, 31154
2026/09/25 17:36:07.663, 1, 261.05, 46, 2835, 16051, 30710
2026/09/25 17:36:07.913, 0, 268.44, 45, 2865, 16051, 31154
2026/09/25 17:36:07.913, 1, 261.05, 46, 2835, 16051, 30710
2026/09/25 17:36:08.163, 0, 271.76, 46, 2865, 16051, 31154
2026/09/25 17:36:08.163, 1, 262.29, 46, 2835, 16051, 30710
2026/09/25 17:36:08.413, 0, 271.76, 46, 2865, 16051, 31154
2026/09/25 17:36:08.413, 1, 262.29, 46, 2835, 16051, 30710
2026/09/25 17:36:08.664, 0, 271.86, 43, 2872, 16051, 31154
2026/09/25 17:36:08.664, 1, 259.35, 48, 2835, 16051, 30710
2026/09/25 17:36:08.914, 0, 271.86, 43, 2872, 16051, 31154
2026/09/25 17:36:08.914, 1, 259.35, 48, 2835, 16051, 30710
2026/09/25 17:36:09.164, 0, 272.34, 42, 2872, 16051, 31154
2026/09/25 17:36:09.164, 1, 258.92, 47, 2835, 16051, 30710
2026/09/25 17:36:09.414, 0, 272.34, 42, 2872, 16051, 31154
2026/09/25 17:36:09.414, 1, 258.92, 47, 2835, 16051, 30710
2026/09/25 17:36:09.664, 0, 272.58, 44, 2865, 16051, 31154
2026/09/25 17:36:09.664, 1, 263.07, 48, 2827, 16051, 30710
2026/09/25 17:36:09.914, 0, 272.58, 44, 2865, 16051, 31154
2026/09/25 17:36:09.914, 1, 263.07, 48, 2827, 16051, 30710
2026/09/25 17:36:10.164, 0, 274.71, 43, 2865, 16051, 31154
2026/09/25 17:36:10.164, 1, 264.80, 47, 2835, 16051, 30710
2026/09/25 17:36:10.414, 0, 274.71, 43, 2865, 16051, 31154
2026/09/25 17:36:10.415, 1, 264.80, 47, 2835, 16051, 30710
2026/09/25 17:36:10.665, 0, 275.67, 44, 2865, 16051, 31154
2026/09/25 17:36:10.665, 1, 264.08, 47, 2835, 16051, 30710
2026/09/25 17:36:10.915, 0, 275.67, 44, 2865, 16051, 31154
2026/09/25 17:36:10.915, 1, 264.08, 47, 2835, 16051, 30710
2026/09/25 17:36:11.165, 0, 275.64, 42, 2865, 16051, 31154
2026/09/25 17:36:11.165, 1, 264.49, 47, 2827, 16051, 30710
2026/09/25 17:36:11.415, 0, 275.64, 42, 2865, 16051, 31154
2026/09/25 17:36:11.415, 1, 264.49, 47, 2827, 16051, 30710
2026/09/25 17:36:11.665, 0, 275.40, 43, 2865, 16051, 31154
2026/09/25 17:36:11.665, 1, 265.15, 48, 2827, 16051, 30710
2026/09/25 17:36:11.915, 0, 275.40, 43, 2865, 16051, 31154
2026/09/25 17:36:11.915, 1, 265.15, 48, 2827, 16051, 30710
2026/09/25 17:36:12.165, 0, 277.58, 39, 2865, 16051, 31154
2026/09/25 17:36:12.166, 1, 265.63, 47, 2827, 16051, 30710
2026/09/25 17:36:12.416, 0, 277.58, 39, 2865, 16051, 31154
2026/09/25 17:36:12.416, 1, 265.63, 47, 2827, 16051, 30710
2026/09/25 17:36:12.666, 0, 275.98, 44, 2865, 16051, 31154
2026/09/25 17:36:12.666, 1, 264.35, 47, 2835, 16051, 30710
2026/09/25 17:36:12.916, 0, 275.98, 44, 2865, 16051, 31154
2026/09/25 17:36:12.916, 1, 264.35, 47, 2835, 16051, 30710
2026/09/25 17:36:13.166, 0, 256.40, 45, 2895, 16051, 31154
2026/09/25 17:36:13.166, 1, 243.81, 47, 2850, 16051, 30710
2026/09/25 17:36:13.416, 0, 256.40, 45, 2895, 16051, 31154
2026/09/25 17:36:13.416, 1, 243.81, 47, 2850, 16051, 30710
2026/09/25 17:36:13.666, 0, 250.90, 47, 2865, 16051, 31154
2026/09/25 17:36:13.667, 1, 240.82, 48, 2835, 16051, 30710
2026/09/25 17:36:13.917, 0, 250.90, 47, 2865, 16051, 31154
2026/09/25 17:36:13.917, 1, 240.82, 48, 2835, 16051, 30710
2026/09/25 17:36:14.167, 0, 268.78, 45, 2865, 16051, 31154
2026/09/25 17:36:14.167, 1, 262.48, 49, 2827, 16051, 30710
2026/09/25 17:36:14.417, 0, 268.78, 45, 2865, 16051, 31154
2026/09/25 17:36:14.417, 1, 262.48, 49, 2827, 16051, 30710
2026/09/25 17:36:14.667, 0, 277.46, 46, 2865, 16051, 31154
2026/09/25 17:36:14.667, 1, 265.48, 46, 2835, 16051, 30710
2026/09/25 17:36:14.917, 0, 277.46, 46, 2865, 16051, 31154
2026/09/25 17:36:14.918, 1, 265.48, 46, 2835, 16051, 30710
2026/09/25 17:36:15.168, 0, 276.75, 43, 2865, 16051, 31154
2026/09/25 17:36:15.168, 1, 262.77, 48, 2835, 16051, 30710
2026/09/25 17:36:15.418, 0, 276.75, 43, 2865, 16051, 31154
2026/09/25 17:36:15.418, 1, 262.77, 48, 2835, 16051, 30710
2026/09/25 17:36:15.668, 0, 277.77, 44, 2865, 16051, 31154
2026/09/25 17:36:15.668, 1, 264.23, 51, 2835, 16051, 30710
2026/09/25 17:36:15.918, 0, 277.77, 44, 2865, 16051, 31154
2026/09/25 17:36:15.918, 1, 264.23, 51, 2835, 16051, 30710
2026/09/25 17:36:16.168, 0, 278.47, 43, 2865, 16051, 31154
2026/09/25 17:36:16.168, 1, 265.02, 49, 2827, 16051, 30710
2026/09/25 17:36:16.418, 0, 278.47, 43, 2865, 16051, 31154
2026/09/25 17:36:16.418, 1, 265.02, 49, 2827, 16051, 30710
2026/09/25 17:36:16.668, 0, 279.96, 43, 2865, 16051, 31154
2026/09/25 17:36:16.669, 1, 267.24, 48, 2827, 16051, 30710
2026/09/25 17:36:16.919, 0, 279.96, 43, 2865, 16051, 31154
2026/09/25 17:36:16.919, 1, 267.24, 48, 2827, 16051, 30710
2026/09/25 17:36:17.169, 0, 280.34, 46, 2865, 16051, 31154
2026/09/25 17:36:17.169, 1, 270.01, 49, 2835, 16051, 30710
2026/09/25 17:36:17.419, 0, 280.34, 46, 2865, 16051, 31154
2026/09/25 17:36:17.419, 1, 270.01, 49, 2835, 16051, 30710
2026/09/25 17:36:17.669, 0, 281.89, 44, 2857, 16051, 31154
2026/09/25 17:36:17.669, 1, 269.67, 51, 2827, 16051, 30710
2026/09/25 17:36:17.919, 0, 281.89, 44, 2857, 16051, 31154
2026/09/25 17:36:17.919, 1, 269.67, 51, 2827, 16051, 30710
2026/09/25 17:36:18.170, 0, 283.83, 43, 2865, 16051, 31154
2026/09/25 17:36:18.170, 1, 270.80, 49, 2827, 16051, 30710
2026/09/25 17:36:18.420, 0, 283.83, 43, 2865, 16051, 31154
2026/09/25 17:36:18.420, 1, 270.80, 49, 2827, 16051, 30710
2026/09/25 17:36:18.670, 0, 281.28, 39, 2865, 16051, 31154
2026/09/25 17:36:18.670, 1, 269.19, 42, 2835, 16051, 30710
2026/09/25 17:36:18.920, 0, 281.28, 39, 2865, 16051, 31154
2026/09/25 17:36:18.920, 1, 269.19, 42, 2835, 16051, 30710
2026/09/25 17:36:19.170, 0, 279.00, 45, 2865, 16051, 31154
2026/09/25 17:36:19.170, 1, 268.31, 50, 2835, 16051, 30710
2026/09/25 17:36:19.420, 0, 279.00, 45, 2865, 16051, 31154
2026/09/25 17:36:19.420, 1, 268.31, 50, 2835, 16051, 30710
2026/09/25 17:36:19.671, 0, 257.47, 45, 2887, 16051, 31154
2026/09/25 17:36:19.671, 1, 245.67, 46, 2850, 16051, 30710
2026/09/25 17:36:19.921, 0, 257.47, 45, 2887, 16051, 31154
2026/09/25 17:36:19.921, 1, 245.67, 46, 2850, 16051, 30710
2026/09/25 17:36:20.171, 0, 253.61, 39, 2865, 16051, 31154
2026/09/25 17:36:20.171, 1, 242.45, 46, 2827, 16051, 30710
2026/09/25 17:36:20.421, 0, 253.61, 39, 2865, 16051, 31154
2026/09/25 17:36:20.421, 1, 242.45, 46, 2827, 16051, 30710
2026/09/25 17:36:20.671, 0, 269.03, 45, 2872, 16051, 31154
2026/09/25 17:36:20.671, 1, 259.29, 46, 2835, 16051, 30710
2026/09/25 17:36:20.921, 0, 269.03, 45, 2872, 16051, 31154
2026/09/25 17:36:20.922, 1, 259.29, 46, 2835, 16051, 30710
2026/09/25 17:36:21.172, 0, 269.69, 39, 2865, 16051, 31154
2026/09/25 17:36:21.172, 1, 257.40, 45, 2835, 16051, 30710
2026/09/25 17:36:21.422, 0, 269.69, 39, 2865, 16051, 31154
2026/09/25 17:36:21.422, 1, 257.40, 45, 2835, 16051, 30710
2026/09/25 17:36:21.672, 0, 273.81, 43, 2865, 16051, 31154
2026/09/25 17:36:21.672, 1, 259.72, 48, 2835, 16051, 30710
2026/09/25 17:36:21.922, 0, 273.81, 43, 2865, 16051, 31154
2026/09/25 17:36:21.922, 1, 259.72, 48, 2835, 16051, 30710
2026/09/25 17:36:22.172, 0, 276.41, 46, 2865, 16051, 31154
2026/09/25 17:36:22.173, 1, 262.28, 47, 2835, 16051, 30710
2026/09/25 17:36:22.423, 0, 276.41, 46, 2865, 16051, 31154
2026/09/25 17:36:22.423, 1, 262.28, 47, 2835, 16051, 30710
2026/09/25 17:36:22.673, 0, 276.42, 42, 2865, 16051, 31154
2026/09/25 17:36:22.673, 1, 264.70, 51, 2835, 16051, 30710
2026/09/25 17:36:22.923, 0, 276.42, 42, 2865, 16051, 31154
2026/09/25 17:36:22.923, 1, 264.70, 51, 2835, 16051, 30710
2026/09/25 17:36:23.173, 0, 276.84, 43, 2865, 16051, 31154
2026/09/25 17:36:23.173, 1, 262.70, 47, 2827, 16051, 30710
2026/09/25 17:36:23.423, 0, 276.84, 43, 2865, 16051, 31154
2026/09/25 17:36:23.423, 1, 262.70, 47, 2827, 16051, 30710
2026/09/25 17:36:23.674, 0, 277.42, 44, 2865, 16051, 31154
2026/09/25 17:36:23.674, 1, 265.25, 47, 2827, 16051, 30710
2026/09/25 17:36:23.924, 0, 277.42, 44, 2865, 16051, 31154
2026/09/25 17:36:23.924, 1, 265.25, 47, 2827, 16051, 30710
2026/09/25 17:36:24.174, 0, 278.10, 45, 2865, 16051, 31154
2026/09/25 17:36:24.174, 1, 265.99, 47, 2827, 16051, 30710
2026/09/25 17:36:24.424, 0, 278.10, 45, 2865, 16051, 31154
2026/09/25 17:36:24.424, 1, 265.99, 47, 2827, 16051, 30710
2026/09/25 17:36:24.674, 0, 277.74, 43, 2865, 16051, 31154
2026/09/25 17:36:24.675, 1, 264.07, 47, 2835, 16051, 30710
2026/09/25 17:36:24.925, 0, 277.74, 43, 2865, 16051, 31154
2026/09/25 17:36:24.925, 1, 264.07, 47, 2835, 16051, 30710
2026/09/25 17:36:25.175, 0, 277.70, 43, 2865, 16051, 31154
2026/09/25 17:36:25.175, 1, 262.85, 46, 2827, 16051, 30710
2026/09/25 17:36:25.425, 0, 277.70, 43, 2865, 16051, 31154
2026/09/25 17:36:25.425, 1, 262.85, 46, 2827, 16051, 30710
2026/09/25 17:36:25.675, 0, 273.86, 38, 2872, 16051, 31154
2026/09/25 17:36:25.675, 1, 261.93, 43, 2835, 16051, 30710
2026/09/25 17:36:25.925, 0, 273.86, 38, 2872, 16051, 31154
2026/09/25 17:36:25.925, 1, 261.93, 43, 2835, 16051, 30710
2026/09/25 17:36:26.176, 0, 250.80, 31, 2895, 16051, 31154
2026/09/25 17:36:26.176, 1, 239.08, 60, 2857, 16051, 30710
2026/09/25 17:36:26.426, 0, 250.80, 31, 2895, 16051, 31154
2026/09/25 17:36:26.426, 1, 239.08, 60, 2857, 16051, 30710
2026/09/25 17:36:26.676, 0, 250.53, 45, 2865, 16051, 31154
2026/09/25 17:36:26.676, 1, 239.77, 51, 2835, 16051, 30710
2026/09/25 17:36:26.926, 0, 250.53, 45, 2865, 16051, 31154
2026/09/25 17:36:26.926, 1, 239.77, 51, 2835, 16051, 30710
2026/09/25 17:36:27.176, 0, 272.94, 46, 2865, 16051, 31154
2026/09/25 17:36:27.176, 1, 265.99, 47, 2827, 16051, 30710
2026/09/25 17:36:27.426, 0, 272.94, 46, 2865, 16051, 31154
2026/09/25 17:36:27.427, 1, 265.99, 47, 2827, 16051, 30710
2026/09/25 17:36:27.677, 0, 276.13, 46, 2865, 16051, 31154
2026/09/25 17:36:27.677, 1, 265.44, 47, 2827, 16051, 30710
2026/09/25 17:36:27.927, 0, 276.13, 46, 2865, 16051, 31154
2026/09/25 17:36:27.927, 1, 265.44, 47, 2827, 16051, 30710
2026/09/25 17:36:28.177, 0, 278.21, 42, 2865, 16051, 31154
2026/09/25 17:36:28.177, 1, 263.49, 49, 2835, 16051, 30710
2026/09/25 17:36:28.427, 0, 278.21, 42, 2865, 16051, 31154
2026/09/25 17:36:28.427, 1, 263.49, 49, 2835, 16051, 30710
2026/09/25 17:36:28.677, 0, 278.42, 44, 2865, 16051, 31154
2026/09/25 17:36:28.677, 1, 265.10, 47, 2835, 16051, 30710
2026/09/25 17:36:28.928, 0, 278.42, 44, 2865, 16051, 31154
2026/09/25 17:36:28.928, 1, 265.10, 47, 2835, 16051, 30710
2026/09/25 17:36:29.178, 0, 277.20, 45, 2865, 16051, 31154
2026/09/25 17:36:29.178, 1, 266.97, 48, 2827, 16051, 30710
2026/09/25 17:36:29.428, 0, 277.20, 45, 2865, 16051, 31154
2026/09/25 17:36:29.428, 1, 266.97, 48, 2827, 16051, 30710
2026/09/25 17:36:29.678, 0, 279.74, 46, 2865, 16051, 31154
2026/09/25 17:36:29.678, 1, 268.67, 46, 2827, 16051, 30710
2026/09/25 17:36:29.928, 0, 279.74, 46, 2865, 16051, 31154
2026/09/25 17:36:29.928, 1, 268.67, 46, 2827, 16051, 30710
2026/09/25 17:36:30.178, 0, 281.28, 44, 2865, 16051, 31154
2026/09/25 17:36:30.178, 1, 269.37, 47, 2827, 16051, 30710
2026/09/25 17:36:30.428, 0, 281.28, 44, 2865, 16051, 31154
2026/09/25 17:36:30.429, 1, 269.37, 47, 2827, 16051, 30710
2026/09/25 17:36:30.679, 0, 279.55, 43, 2865, 16051, 31154
2026/09/25 17:36:30.679, 1, 268.24, 49, 2827, 16051, 30710
2026/09/25 17:36:30.929, 0, 279.55, 43, 2865, 16051, 31154
2026/09/25 17:36:30.929, 1, 268.24, 49, 2827, 16051, 30710
2026/09/25 17:36:31.179, 0, 279.02, 44, 2865, 16051, 31154
2026/09/25 17:36:31.179, 1, 268.79, 50, 2835, 16051, 30710
2026/09/25 17:36:31.429, 0, 279.02, 44, 2865, 16051, 31154
2026/09/25 17:36:31.429, 1, 268.79, 50, 2835, 16051, 30710
2026/09/25 17:36:31.679, 0, 282.53, 42, 2865, 16051, 31154
2026/09/25 17:36:31.679, 1, 270.66, 47, 2827, 16051, 30710
2026/09/25 17:36:31.930, 0, 282.53, 42, 2865, 16051, 31154
2026/09/25 17:36:31.930, 1, 270.66, 47, 2827, 16051, 30710
2026/09/25 17:36:32.180, 0, 279.46, 41, 2865, 16051, 31154
2026/09/25 17:36:32.180, 1, 266.74, 46, 2835, 16051, 30710
2026/09/25 17:36:32.430, 0, 279.46, 41, 2865, 16051, 31154
2026/09/25 17:36:32.430, 1, 266.74, 46, 2835, 16051, 30710
2026/09/25 17:36:32.680, 0, 251.37, 21, 2895, 16051, 31154
2026/09/25 17:36:32.680, 1, 237.57, 52, 2850, 16051, 30710
2026/09/25 17:36:32.930, 0, 251.37, 21, 2895, 16051, 31154
2026/09/25 17:36:32.931, 1, 237.57, 52, 2850, 16051, 30710
2026/09/25 17:36:33.181, 0, 228.71, 43, 2887, 16051, 31154
2026/09/25 17:36:33.181, 1, 214.52, 45, 2850, 16051, 30710
2026/09/25 17:36:33.431, 0, 228.71, 43, 2887, 16051, 31154
2026/09/25 17:36:33.431, 1, 214.52, 45, 2850, 16051, 30710
2026/09/25 17:36:33.681, 0, 257.96, 44, 2865, 16051, 31154
2026/09/25 17:36:33.681, 1, 239.80, 50, 2827, 16051, 30710
2026/09/25 17:36:33.931, 0, 257.96, 44, 2865, 16051, 31154
2026/09/25 17:36:33.931, 1, 239.80, 50, 2827, 16051, 30710
2026/09/25 17:36:34.181, 0, 283.62, 41, 2865, 16051, 31154
2026/09/25 17:36:34.181, 1, 269.16, 49, 2827, 16051, 30710
2026/09/25 17:36:34.431, 0, 283.62, 41, 2865, 16051, 31154
2026/09/25 17:36:34.432, 1, 269.16, 49, 2827, 16051, 30710
2026/09/25 17:36:34.682, 0, 286.35, 48, 2865, 16051, 31154
2026/09/25 17:36:34.682, 1, 269.31, 47, 2827, 16051, 30710
2026/09/25 17:36:34.932, 0, 286.35, 48, 2865, 16051, 31154
2026/09/25 17:36:34.932, 1, 269.31, 47, 2827, 16051, 30710
2026/09/25 17:36:35.182, 0, 286.64, 43, 2865, 16051, 31154
2026/09/25 17:36:35.182, 1, 268.89, 51, 2827, 16051, 30710
2026/09/25 17:36:35.432, 0, 286.64, 43, 2865, 16051, 31154
2026/09/25 17:36:35.432, 1, 268.89, 51, 2827, 16051, 30710
2026/09/25 17:36:35.682, 0, 286.69, 46, 2865, 16051, 31154
2026/09/25 17:36:35.682, 1, 270.15, 50, 2827, 16051, 30710
2026/09/25 17:36:35.933, 0, 286.69, 46, 2865, 16051, 31154
2026/09/25 17:36:35.933, 1, 270.15, 50, 2827, 16051, 30710
2026/09/25 17:36:36.183, 0, 286.30, 46, 2857, 16051, 31154
2026/09/25 17:36:36.183, 1, 272.19, 44, 2827, 16051, 30710
2026/09/25 17:36:36.433, 0, 286.30, 46, 2857, 16051, 31154
2026/09/25 17:36:36.433, 1, 272.19, 44, 2827, 16051, 30710
2026/09/25 17:36:36.683, 0, 287.81, 45, 2857, 16051, 31154
2026/09/25 17:36:36.683, 1, 273.00, 49, 2827, 16051, 30710
2026/09/25 17:36:36.933, 0, 287.81, 45, 2857, 16051, 31154
2026/09/25 17:36:36.933, 1, 273.00, 49, 2827, 16051, 30710
2026/09/25 17:36:37.183, 0, 291.51, 44, 2857, 16051, 31154
2026/09/25 17:36:37.184, 1, 274.85, 46, 2827, 16051, 30710
2026/09/25 17:36:37.434, 0, 291.51, 44, 2857, 16051, 31154
2026/09/25 17:36:37.434, 1, 274.85, 46, 2827, 16051, 30710
2026/09/25 17:36:37.684, 0, 290.79, 48, 2857, 16051, 31154
2026/09/25 17:36:37.684, 1, 274.73, 47, 2827, 16051, 30710
2026/09/25 17:36:37.934, 0, 290.79, 48, 2857, 16051, 31154
2026/09/25 17:36:37.934, 1, 274.73, 47, 2827, 16051, 30710
2026/09/25 17:36:38.184, 0, 290.30, 43, 2857, 16051, 31154
2026/09/25 17:36:38.184, 1, 276.41, 48, 2827, 16051, 30710
2026/09/25 17:36:38.434, 0, 290.30, 43, 2857, 16051, 31154
2026/09/25 17:36:38.434, 1, 276.41, 48, 2827, 16051, 30710
2026/09/25 17:36:38.684, 0, 292.79, 41, 2857, 16051, 31154
2026/09/25 17:36:38.684, 1, 274.69, 50, 2827, 16051, 30710
2026/09/25 17:36:38.935, 0, 292.79, 41, 2857, 16051, 31154
2026/09/25 17:36:38.935, 1, 274.69, 50, 2827, 16051, 30710
2026/09/25 17:36:39.185, 0, 291.71, 43, 2857, 16051, 31154
2026/09/25 17:36:39.185, 1, 274.95, 45, 2827, 16051, 30710
2026/09/25 17:36:39.435, 0, 291.71, 43, 2857, 16051, 31154
2026/09/25 17:36:39.435, 1, 274.95, 45, 2827, 16051, 30710
2026/09/25 17:36:39.685, 0, 289.88, 46, 2857, 16051, 31154
2026/09/25 17:36:39.685, 1, 276.89, 45, 2827, 16051, 30710
2026/09/25 17:36:39.935, 0, 289.88, 46, 2857, 16051, 31154
2026/09/25 17:36:39.935, 1, 276.89, 45, 2827, 16051, 30710
2026/09/25 17:36:40.185, 0, 283.56, 54, 2872, 16051, 31154
2026/09/25 17:36:40.186, 1, 262.80, 21, 2842, 16051, 30710
2026/09/25 17:36:40.436, 0, 283.56, 54, 2872, 16051, 31154
2026/09/25 17:36:40.436, 1, 262.80, 21, 2842, 16051, 30710
2026/09/25 17:36:40.686, 0, 254.29, 44, 2887, 16051, 31154
2026/09/25 17:36:40.686, 1, 242.85, 47, 2842, 16051, 30710
2026/09/25 17:36:40.936, 0, 254.29, 44, 2887, 16051, 31154
2026/09/25 17:36:40.936, 1, 242.85, 47, 2842, 16051, 30710
2026/09/25 17:36:41.186, 0, 253.40, 47, 2865, 16051, 31154
2026/09/25 17:36:41.186, 1, 248.56, 47, 2827, 16051, 30710
2026/09/25 17:36:41.436, 0, 253.40, 47, 2865, 16051, 31154
2026/09/25 17:36:41.437, 1, 248.56, 47, 2827, 16051, 30710
2026/09/25 17:36:41.687, 0, 281.87, 47, 2857, 16051, 31154
2026/09/25 17:36:41.687, 1, 267.64, 49, 2827, 16051, 30710
2026/09/25 17:36:41.937, 0, 281.87, 47, 2857, 16051, 31154
2026/09/25 17:36:41.937, 1, 267.64, 49, 2827, 16051, 30710
2026/09/25 17:36:42.187, 0, 284.31, 41, 2865, 16051, 31154
2026/09/25 17:36:42.187, 1, 270.18, 46, 2827, 16051, 30710
2026/09/25 17:36:42.437, 0, 284.31, 41, 2865, 16051, 31154
2026/09/25 17:36:42.437, 1, 270.18, 46, 2827, 16051, 30710
2026/09/25 17:36:42.687, 0, 283.06, 46, 2857, 16051, 31154
2026/09/25 17:36:42.687, 1, 265.89, 50, 2827, 16051, 30710
2026/09/25 17:36:42.937, 0, 283.06, 46, 2857, 16051, 31154
2026/09/25 17:36:42.937, 1, 265.89, 50, 2827, 16051, 30710
2026/09/25 17:36:43.188, 0, 286.54, 44, 2865, 16051, 31154
2026/09/25 17:36:43.188, 1, 268.36, 51, 2827, 16051, 30710
2026/09/25 17:36:43.438, 0, 286.54, 44, 2865, 16051, 31154
2026/09/25 17:36:43.438, 1, 268.36, 51, 2827, 16051, 30710
2026/09/25 17:36:43.688, 0, 286.06, 46, 2857, 16051, 31154
2026/09/25 17:36:43.688, 1, 271.63, 45, 2827, 16051, 30710
2026/09/25 17:36:43.938, 0, 286.06, 46, 2857, 16051, 31154
2026/09/25 17:36:43.938, 1, 271.63, 45, 2827, 16051, 30710
2026/09/25 17:36:44.188, 0, 289.24, 43, 2857, 16051, 31154
2026/09/25 17:36:44.188, 1, 271.91, 52, 2827, 16051, 30710
2026/09/25 17:36:44.439, 0, 289.24, 43, 2857, 16051, 31154
2026/09/25 17:36:44.439, 1, 271.91, 52, 2827, 16051, 30710
2026/09/25 17:36:44.689, 0, 292.31, 49, 2857, 16051, 31154
2026/09/25 17:36:44.689, 1, 274.82, 46, 2827, 16051, 30710
2026/09/25 17:36:44.939, 0, 292.31, 49, 2857, 16051, 31154
2026/09/25 17:36:44.939, 1, 274.82, 46, 2827, 16051, 30710
2026/09/25 17:36:45.189, 0, 293.65, 42, 2857, 16051, 31154
2026/09/25 17:36:45.189, 1, 276.92, 49, 2827, 16051, 30710
2026/09/25 17:36:45.439, 0, 293.65, 42, 2857, 16051, 31154
2026/09/25 17:36:45.439, 1, 276.92, 49, 2827, 16051, 30710
2026/09/25 17:36:45.689, 0, 289.65, 49, 2857, 16051, 31154
2026/09/25 17:36:45.689, 1, 274.22, 45, 2827, 16051, 30710
2026/09/25 17:36:45.939, 0, 289.65, 49, 2857, 16051, 31154
2026/09/25 17:36:45.940, 1, 274.22, 45, 2827, 16051, 30710
2026/09/25 17:36:46.190, 0, 289.99, 45, 2857, 16051, 31154
2026/09/25 17:36:46.190, 1, 273.47, 45, 2827, 16051, 30710
2026/09/25 17:36:46.440, 0, 289.99, 45, 2857, 16051, 31154
2026/09/25 17:36:46.440, 1, 273.47, 45, 2827, 16051, 30710
2026/09/25 17:36:46.690, 0, 290.77, 47, 2857, 16051, 31154
2026/09/25 17:36:46.690, 1, 274.93, 49, 2827, 16051, 30710
2026/09/25 17:36:46.940, 0, 290.77, 47, 2857, 16051, 31154
2026/09/25 17:36:46.940, 1, 274.93, 49, 2827, 16051, 30710
2026/09/25 17:36:47.190, 0, 291.46, 44, 2857, 16051, 31154
2026/09/25 17:36:47.190, 1, 275.76, 50, 2820, 16051, 30710
2026/09/25 17:36:47.440, 0, 291.46, 44, 2857, 16051, 31154
2026/09/25 17:36:47.441, 1, 275.76, 50, 2820, 16051, 30710
2026/09/25 17:36:47.691, 0, 274.89, 51, 2880, 16051, 31154
2026/09/25 17:36:47.691, 1, 264.07, 40, 2850, 16051, 30710
2026/09/25 17:36:47.941, 0, 274.89, 51, 2880, 16051, 31154
2026/09/25 17:36:47.941, 1, 264.07, 40, 2850, 16051, 30710
2026/09/25 17:36:48.191, 0, 255.81, 43, 2880, 16051, 31154
2026/09/25 17:36:48.191, 1, 241.66, 50, 2842, 16051, 30710
2026/09/25 17:36:48.441, 0, 255.81, 43, 2880, 16051, 31154
2026/09/25 17:36:48.442, 1, 241.66, 50, 2842, 16051, 30710
2026/09/25 17:36:48.692, 0, 264.83, 43, 2865, 16051, 31154
2026/09/25 17:36:48.692, 1, 248.87, 51, 2827, 16051, 30710
2026/09/25 17:36:48.942, 0, 264.83, 43, 2865, 16051, 31154
2026/09/25 17:36:48.942, 1, 248.87, 51, 2827, 16051, 30710
2026/09/25 17:36:49.192, 0, 284.66, 41, 2865, 16051, 31154
2026/09/25 17:36:49.192, 1, 270.47, 49, 2827, 16051, 30710
2026/09/25 17:36:49.442, 0, 284.66, 41, 2865, 16051, 31154
2026/09/25 17:36:49.442, 1, 270.47, 49, 2827, 16051, 30710
2026/09/25 17:36:49.693, 0, 286.00, 46, 2857, 16051, 31154
2026/09/25 17:36:49.693, 1, 270.73, 46, 2827, 16051, 30710
2026/09/25 17:36:49.943, 0, 286.00, 46, 2857, 16051, 31154
2026/09/25 17:36:49.943, 1, 270.73, 46, 2827, 16051, 30710
2026/09/25 17:36:50.193, 0, 285.66, 47, 2865, 16051, 31154
2026/09/25 17:36:50.193, 1, 269.48, 43, 2827, 16051, 30710
2026/09/25 17:36:50.443, 0, 285.66, 47, 2865, 16051, 31154
2026/09/25 17:36:50.443, 1, 269.48, 43, 2827, 16051, 30710
2026/09/25 17:36:50.693, 0, 286.39, 41, 2857, 16051, 31154
2026/09/25 17:36:50.693, 1, 270.04, 45, 2827, 16051, 30710
2026/09/25 17:36:50.943, 0, 286.39, 41, 2857, 16051, 31154
2026/09/25 17:36:50.944, 1, 270.04, 45, 2827, 16051, 30710
2026/09/25 17:36:51.194, 0, 286.97, 42, 2865, 16051, 31154
2026/09/25 17:36:51.194, 1, 271.80, 50, 2827, 16051, 30710
2026/09/25 17:36:51.444, 0, 286.97, 42, 2865, 16051, 31154
2026/09/25 17:36:51.444, 1, 271.80, 50, 2827, 16051, 30710
2026/09/25 17:36:51.694, 0, 289.52, 42, 2865, 16051, 31154
2026/09/25 17:36:51.694, 1, 273.14, 48, 2827, 16051, 30710
2026/09/25 17:36:51.944, 0, 289.52, 42, 2865, 16051, 31154
2026/09/25 17:36:51.944, 1, 273.14, 48, 2827, 16051, 30710
2026/09/25 17:36:52.194, 0, 288.69, 45, 2865, 16051, 31154
2026/09/25 17:36:52.194, 1, 272.50, 46, 2827, 16051, 30710
2026/09/25 17:36:52.445, 0, 288.69, 45, 2865, 16051, 31154
2026/09/25 17:36:52.445, 1, 272.50, 46, 2827, 16051, 30710
2026/09/25 17:36:52.695, 0, 289.55, 47, 2857, 16051, 31154
2026/09/25 17:36:52.695, 1, 273.70, 48, 2827, 16051, 30710
2026/09/25 17:36:52.945, 0, 289.55, 47, 2857, 16051, 31154
2026/09/25 17:36:52.945, 1, 273.70, 48, 2827, 16051, 30710
2026/09/25 17:36:53.195, 0, 289.62, 48, 2857, 16051, 31154
2026/09/25 17:36:53.195, 1, 274.55, 46, 2827, 16051, 30710
2026/09/25 17:36:53.445, 0, 289.62, 48, 2857, 16051, 31154
2026/09/25 17:36:53.445, 1, 274.55, 46, 2827, 16051, 30710
2026/09/25 17:36:53.696, 0, 290.52, 47, 2857, 16051, 31154
2026/09/25 17:36:53.696, 1, 275.64, 45, 2827, 16051, 30710
2026/09/25 17:36:53.946, 0, 290.52, 47, 2857, 16051, 31154
2026/09/25 17:36:53.946, 1, 275.64, 45, 2827, 16051, 30710
2026/09/25 17:36:54.196, 0, 293.38, 42, 2857, 16051, 31154
2026/09/25 17:36:54.196, 1, 276.59, 51, 2827, 16051, 30710
2026/09/25 17:36:54.446, 0, 293.38, 42, 2857, 16051, 31154
2026/09/25 17:36:54.446, 1, 276.59, 51, 2827, 16051, 30710
2026/09/25 17:36:54.696, 0, 293.76, 45, 2857, 16051, 31154
2026/09/25 17:36:54.696, 1, 278.97, 45, 2827, 16051, 30710
2026/09/25 17:36:54.946, 0, 293.76, 45, 2857, 16051, 31154
2026/09/25 17:36:54.947, 1, 278.97, 45, 2827, 16051, 30710
2026/09/25 17:36:55.197, 0, 273.23, 45, 2887, 16051, 31154
2026/09/25 17:36:55.197, 1, 255.06, 48, 2850, 16051, 30710
2026/09/25 17:36:55.447, 0, 273.23, 45, 2887, 16051, 31154
2026/09/25 17:36:55.447, 1, 255.06, 48, 2850, 16051, 30710
2026/09/25 17:36:55.697, 0, 252.23, 43, 2880, 16051, 31154
2026/09/25 17:36:55.697, 1, 236.05, 49, 2835, 16051, 30710
2026/09/25 17:36:55.947, 0, 252.23, 43, 2880, 16051, 31154
2026/09/25 17:36:55.947, 1, 236.05, 49, 2835, 16051, 30710
2026/09/25 17:36:56.197, 0, 258.47, 43, 2865, 16051, 31154
2026/09/25 17:36:56.198, 1, 255.18, 47, 2827, 16051, 30710
2026/09/25 17:36:56.448, 0, 258.47, 43, 2865, 16051, 31154
2026/09/25 17:36:56.448, 1, 255.18, 47, 2827, 16051, 30710
2026/09/25 17:36:56.698, 0, 282.47, 42, 2865, 16051, 31154
2026/09/25 17:36:56.698, 1, 270.23, 46, 2827, 16051, 30710
2026/09/25 17:36:56.948, 0, 282.47, 42, 2865, 16051, 31154
2026/09/25 17:36:56.948, 1, 270.23, 46, 2827, 16051, 30710
2026/09/25 17:36:57.198, 0, 285.30, 42, 2865, 16051, 31154
2026/09/25 17:36:57.198, 1, 268.47, 51, 2827, 16051, 30710
2026/09/25 17:36:57.448, 0, 285.30, 42, 2865, 16051, 31154
2026/09/25 17:36:57.448, 1, 268.47, 51, 2827, 16051, 30710
2026/09/25 17:36:57.698, 0, 284.65, 40, 2865, 16051, 31154
2026/09/25 17:36:57.699, 1, 267.86, 49, 2827, 16051, 30710
2026/09/25 17:36:57.949, 0, 284.65, 40, 2865, 16051, 31154
2026/09/25 17:36:57.949, 1, 267.86, 49, 2827, 16051, 30710
2026/09/25 17:36:58.199, 0, 287.22, 42, 2857, 16051, 31154
2026/09/25 17:36:58.199, 1, 270.91, 52, 2827, 16051, 30710
2026/09/25 17:36:58.449, 0, 287.22, 42, 2857, 16051, 31154
2026/09/25 17:36:58.449, 1, 270.91, 52, 2827, 16051, 30710
2026/09/25 17:36:58.699, 0, 288.25, 42, 2865, 16051, 31154
2026/09/25 17:36:58.699, 1, 273.97, 50, 2827, 16051, 30710
2026/09/25 17:36:58.949, 0, 288.25, 42, 2865, 16051, 31154
2026/09/25 17:36:58.949, 1, 273.97, 50, 2827, 16051, 30710
2026/09/25 17:36:59.199, 0, 289.32, 45, 2857, 16051, 31154
2026/09/25 17:36:59.199, 1, 270.73, 50, 2827, 16051, 30710
2026/09/25 17:36:59.450, 0, 289.32, 45, 2857, 16051, 31154
2026/09/25 17:36:59.450, 1, 270.73, 50, 2827, 16051, 30710
2026/09/25 17:36:59.700, 0, 287.31, 47, 2857, 16051, 31154
2026/09/25 17:36:59.700, 1, 270.04, 46, 2827, 16051, 30710
2026/09/25 17:36:59.950, 0, 287.31, 47, 2857, 16051, 31154
2026/09/25 17:36:59.950, 1, 270.04, 46, 2827, 16051, 30710
2026/09/25 17:37:00.200, 0, 288.94, 41, 2857, 16051, 31154
2026/09/25 17:37:00.200, 1, 274.55, 50, 2820, 16051, 30710
2026/09/25 17:37:00.450, 0, 288.94, 41, 2857, 16051, 31154
2026/09/25 17:37:00.450, 1, 274.55, 50, 2820, 16051, 30710
2026/09/25 17:37:00.700, 0, 286.98, 47, 2857, 16051, 31154
2026/09/25 17:37:00.700, 1, 273.98, 43, 2827, 16051, 30710
2026/09/25 17:37:00.951, 0, 286.98, 47, 2857, 16051, 31154
2026/09/25 17:37:00.951, 1, 273.98, 43, 2827, 16051, 30710
2026/09/25 17:37:01.201, 0, 286.22, 48, 2857, 16051, 31154
2026/09/25 17:37:01.201, 1, 270.85, 44, 2827, 16051, 30710
2026/09/25 17:37:01.451, 0, 286.22, 48, 2857, 16051, 31154
2026/09/25 17:37:01.451, 1, 270.85, 44, 2827, 16051, 30710
2026/09/25 17:37:01.701, 0, 286.83, 43, 2857, 16051, 31154
2026/09/25 17:37:01.701, 1, 271.75, 44, 2827, 16051, 30710
2026/09/25 17:37:01.951, 0, 286.83, 43, 2857, 16051, 31154
2026/09/25 17:37:01.951, 1, 271.75, 44, 2827, 16051, 30710
2026/09/25 17:37:02.201, 0, 289.36, 41, 2857, 16051, 31154
2026/09/25 17:37:02.202, 1, 272.27, 49, 2827, 16051, 30710
2026/09/25 17:37:02.452, 0, 289.36, 41, 2857, 16051, 31154
2026/09/25 17:37:02.452, 1, 272.27, 49, 2827, 16051, 30710
2026/09/25 17:37:02.702, 0, 268.85, 38, 2880, 16051, 31154
2026/09/25 17:37:02.702, 1, 253.00, 53, 2850, 16051, 30710
2026/09/25 17:37:02.952, 0, 268.85, 38, 2880, 16051, 31154
2026/09/25 17:37:02.952, 1, 253.00, 53, 2850, 16051, 30710
2026/09/25 17:37:03.202, 0, 243.92, 53, 2895, 16051, 31154
2026/09/25 17:37:03.202, 1, 214.78, 40, 2857, 16051, 30710
2026/09/25 17:37:03.452, 0, 243.92, 53, 2895, 16051, 31154
2026/09/25 17:37:03.452, 1, 214.78, 40, 2857, 16051, 30710
2026/09/25 17:37:03.703, 0, 229.96, 44, 2887, 16051, 31154
2026/09/25 17:37:03.703, 1, 211.00, 47, 2850, 16051, 30710
2026/09/25 17:37:03.953, 0, 229.96, 44, 2887, 16051, 31154
2026/09/25 17:37:03.953, 1, 211.00, 47, 2850, 16051, 30710
2026/09/25 17:37:04.203, 0, 253.13, 45, 2865, 16051, 31154
2026/09/25 17:37:04.203, 1, 238.13, 45, 2827, 16051, 30710
2026/09/25 17:37:04.453, 0, 253.13, 45, 2865, 16051, 31154
2026/09/25 17:37:04.453, 1, 238.13, 45, 2827, 16051, 30710
2026/09/25 17:37:04.703, 0, 276.99, 40, 2865, 16051, 31154
2026/09/25 17:37:04.703, 1, 260.82, 41, 2835, 16051, 30710
2026/09/25 17:37:04.953, 0, 276.99, 40, 2865, 16051, 31154
2026/09/25 17:37:04.954, 1, 260.82, 41, 2835, 16051, 30710
2026/09/25 17:37:05.204, 0, 278.12, 39, 2865, 16051, 31154
2026/09/25 17:37:05.204, 1, 257.91, 43, 2827, 16051, 30710
2026/09/25 17:37:05.454, 0, 278.12, 39, 2865, 16051, 31154
2026/09/25 17:37:05.454, 1, 257.91, 43, 2827, 16051, 30710
2026/09/25 17:37:05.704, 0, 278.33, 40, 2865, 16051, 31154
2026/09/25 17:37:05.704, 1, 258.12, 42, 2827, 16051, 30710
2026/09/25 17:37:05.954, 0, 278.33, 40, 2865, 16051, 31154
2026/09/25 17:37:05.954, 1, 258.12, 42, 2827, 16051, 30710
2026/09/25 17:37:06.204, 0, 278.25, 39, 2865, 16051, 31154
2026/09/25 17:37:06.205, 1, 255.31, 45, 2835, 16051, 30710
2026/09/25 17:37:06.455, 0, 278.25, 39, 2865, 16051, 31154
2026/09/25 17:37:06.455, 1, 255.31, 45, 2835, 16051, 30710
2026/09/25 17:37:06.705, 0, 277.07, 47, 2865, 16051, 31154
2026/09/25 17:37:06.705, 1, 254.84, 45, 2827, 16051, 30710
2026/09/25 17:37:06.955, 0, 277.07, 47, 2865, 16051, 31154
2026/09/25 17:37:06.955, 1, 254.84, 45, 2827, 16051, 30710
2026/09/25 17:37:07.205, 0, 282.14, 44, 2857, 16051, 31154
2026/09/25 17:37:07.205, 1, 261.05, 45, 2827, 16051, 30710
2026/09/25 17:37:07.455, 0, 282.14, 44, 2857, 16051, 31154
2026/09/25 17:37:07.456, 1, 261.05, 45, 2827, 16051, 30710
2026/09/25 17:37:07.706, 0, 283.14, 45, 2857, 16051, 31154
2026/09/25 17:37:07.706, 1, 264.11, 43, 2827, 16051, 30710
2026/09/25 17:37:07.956, 0, 283.14, 45, 2857, 16051, 31154
2026/09/25 17:37:07.956, 1, 264.11, 43, 2827, 16051, 30710
2026/09/25 17:37:08.206, 0, 285.61, 46, 2865, 16051, 31154
2026/09/25 17:37:08.206, 1, 266.80, 45, 2827, 16051, 30710
2026/09/25 17:37:08.456, 0, 285.61, 46, 2865, 16051, 31154
2026/09/25 17:37:08.456, 1, 266.80, 45, 2827, 16051, 30710
2026/09/25 17:37:08.706, 0, 287.00, 44, 2865, 16051, 31154
2026/09/25 17:37:08.707, 1, 264.91, 48, 2827, 16051, 30710
2026/09/25 17:37:08.957, 0, 287.00, 44, 2865, 16051, 31154
2026/09/25 17:37:08.957, 1, 264.91, 48, 2827, 16051, 30710
2026/09/25 17:37:09.207, 0, 281.71, 44, 2865, 16051, 31154
2026/09/25 17:37:09.207, 1, 262.03, 43, 2827, 16051, 30710
2026/09/25 17:37:09.457, 0, 281.71, 44, 2865, 16051, 31154
2026/09/25 17:37:09.457, 1, 262.03, 43, 2827, 16051, 30710
2026/09/25 17:37:09.707, 0, 280.18, 46, 2865, 16051, 31154
2026/09/25 17:37:09.707, 1, 259.78, 45, 2827, 16051, 30710
2026/09/25 17:37:09.957, 0, 280.18, 46, 2865, 16051, 31154
2026/09/25 17:37:09.957, 1, 259.78, 45, 2827, 16051, 30710
2026/09/25 17:37:10.208, 0, 283.36, 46, 2857, 16051, 31154
2026/09/25 17:37:10.208, 1, 263.57, 42, 2827, 16051, 30710
2026/09/25 17:37:10.458, 0, 283.36, 46, 2857, 16051, 31154
2026/09/25 17:37:10.458, 1, 263.57, 42, 2827, 16051, 30710
2026/09/25 17:37:10.708, 0, 288.19, 46, 2850, 16051, 31154
2026/09/25 17:37:10.708, 1, 267.98, 43, 2827, 16051, 30710
2026/09/25 17:37:10.958, 0, 288.19, 46, 2850, 16051, 31154
2026/09/25 17:37:10.958, 1, 267.98, 43, 2827, 16051, 30710
2026/09/25 17:37:11.208, 0, 288.15, 43, 2865, 16051, 31154
2026/09/25 17:37:11.208, 1, 264.35, 48, 2827, 16051, 30710
2026/09/25 17:37:11.458, 0, 288.15, 43, 2865, 16051, 31154
2026/09/25 17:37:11.459, 1, 264.35, 48, 2827, 16051, 30710
2026/09/25 17:37:11.709, 0, 277.61, 39, 2872, 16051, 31154
2026/09/25 17:37:11.709, 1, 260.98, 43, 2835, 16051, 30710
2026/09/25 17:37:11.959, 0, 277.61, 39, 2872, 16051, 31154
2026/09/25 17:37:11.959, 1, 260.98, 43, 2835, 16051, 30710
2026/09/25 17:37:12.209, 0, 251.98, 42, 2895, 16051, 31154
2026/09/25 17:37:12.209, 1, 232.41, 42, 2857, 16051, 30710
2026/09/25 17:37:12.459, 0, 251.98, 42, 2895, 16051, 31154
2026/09/25 17:37:12.459, 1, 232.41, 42, 2857, 16051, 30710
2026/09/25 17:37:12.709, 0, 242.22, 43, 2872, 16051, 31154
2026/09/25 17:37:12.710, 1, 225.37, 48, 2835, 16051, 30710
2026/09/25 17:37:12.960, 0, 242.22, 43, 2872, 16051, 31154
2026/09/25 17:37:12.960, 1, 225.37, 48, 2835, 16051, 30710
2026/09/25 17:37:13.210, 0, 261.56, 39, 2865, 16051, 31154
2026/09/25 17:37:13.210, 1, 253.83, 43, 2827, 16051, 30710
2026/09/25 17:37:13.460, 0, 261.56, 39, 2865, 16051, 31154
2026/09/25 17:37:13.460, 1, 253.83, 43, 2827, 16051, 30710
2026/09/25 17:37:13.710, 0, 285.07, 46, 2865, 16051, 31154
2026/09/25 17:37:13.710, 1, 263.21, 48, 2827, 16051, 30710
2026/09/25 17:37:13.960, 0, 285.07, 46, 2865, 16051, 31154
2026/09/25 17:37:13.960, 1, 263.21, 48, 2827, 16051, 30710
2026/09/25 17:37:14.210, 0, 282.65, 38, 2865, 16051, 31154
2026/09/25 17:37:14.210, 1, 261.93, 45, 2835, 16051, 30710
2026/09/25 17:37:14.460, 0, 282.65, 38, 2865, 16051, 31154
2026/09/25 17:37:14.460, 1, 261.93, 45, 2835, 16051, 30710
2026/09/25 17:37:14.711, 0, 281.27, 48, 2865, 16051, 31154
2026/09/25 17:37:14.711, 1, 258.58, 46, 2835, 16051, 30710
2026/09/25 17:37:14.961, 0, 281.27, 48, 2865, 16051, 31154
2026/09/25 17:37:14.961, 1, 258.58, 46, 2835, 16051, 30710
2026/09/25 17:37:15.211, 0, 280.76, 41, 2865, 16051, 31154
2026/09/25 17:37:15.211, 1, 258.86, 49, 2827, 16051, 30710
2026/09/25 17:37:15.461, 0, 280.76, 41, 2865, 16051, 31154
2026/09/25 17:37:15.461, 1, 258.86, 49, 2827, 16051, 30710
2026/09/25 17:37:15.711, 0, 278.90, 42, 2865, 16051, 31154
2026/09/25 17:37:15.711, 1, 257.06, 48, 2835, 16051, 30710
2026/09/25 17:37:15.961, 0, 278.90, 42, 2865, 16051, 31154
2026/09/25 17:37:15.961, 1, 257.06, 48, 2835, 16051, 30710
2026/09/25 17:37:16.212, 0, 278.89, 40, 2865, 16051, 31154
2026/09/25 17:37:16.212, 1, 257.85, 43, 2827, 16051, 30710
2026/09/25 17:37:16.462, 0, 278.89, 40, 2865, 16051, 31154
2026/09/25 17:37:16.462, 1, 257.85, 43, 2827, 16051, 30710
2026/09/25 17:37:16.712, 0, 282.05, 42, 2857, 16051, 31154
2026/09/25 17:37:16.712, 1, 263.08, 43, 2827, 16051, 30710
2026/09/25 17:37:16.962, 0, 282.05, 42, 2857, 16051, 31154
2026/09/25 17:37:16.962, 1, 263.08, 43, 2827, 16051, 30710
2026/09/25 17:37:17.212, 0, 283.71, 40, 2865, 16051, 31154
2026/09/25 17:37:17.212, 1, 264.31, 42, 2827, 16051, 30710
2026/09/25 17:37:17.462, 0, 283.71, 40, 2865, 16051, 31154
2026/09/25 17:37:17.462, 1, 264.31, 42, 2827, 16051, 30710
2026/09/25 17:37:17.712, 0, 283.42, 45, 2865, 16051, 31154
2026/09/25 17:37:17.713, 1, 262.09, 48, 2827, 16051, 30710
2026/09/25 17:37:17.963, 0, 283.42, 45, 2865, 16051, 31154
2026/09/25 17:37:17.963, 1, 262.09, 48, 2827, 16051, 30710
2026/09/25 17:37:18.213, 0, 280.89, 46, 2857, 16051, 31154
2026/09/25 17:37:18.213, 1, 261.14, 44, 2827, 16051, 30710
2026/09/25 17:37:18.463, 0, 280.89, 46, 2857, 16051, 31154
2026/09/25 17:37:18.463, 1, 261.14, 44, 2827, 16051, 30710
2026/09/25 17:37:18.713, 0, 282.77, 39, 2865, 16051, 31154
2026/09/25 17:37:18.713, 1, 264.67, 41, 2827, 16051, 30710
2026/09/25 17:37:18.963, 0, 282.77, 39, 2865, 16051, 31154
2026/09/25 17:37:18.963, 1, 264.67, 41, 2827, 16051, 30710
2026/09/25 17:37:19.213, 0, 285.89, 41, 2857, 16051, 31154
2026/09/25 17:37:19.213, 1, 264.13, 42, 2827, 16051, 30710
2026/09/25 17:37:19.463, 0, 285.89, 41, 2857, 16051, 31154
2026/09/25 17:37:19.464, 1, 264.13, 42, 2827, 16051, 30710
2026/09/25 17:37:19.714, 0, 286.56, 46, 2857, 16051, 31154
2026/09/25 17:37:19.714, 1, 263.76, 48, 2827, 16051, 30710
2026/09/25 17:37:19.964, 0, 286.56, 46, 2857, 16051, 31154
2026/09/25 17:37:19.964, 1, 263.76, 48, 2827, 16051, 30710
2026/09/25 17:37:20.214, 0, 286.76, 41, 2857, 16051, 31154
2026/09/25 17:37:20.214, 1, 265.51, 49, 2827, 16051, 30710
2026/09/25 17:37:20.464, 0, 286.76, 41, 2857, 16051, 31154
2026/09/25 17:37:20.464, 1, 265.51, 49, 2827, 16051, 30710
2026/09/25 17:37:20.714, 0, 269.11, 45, 2887, 16051, 31154
2026/09/25 17:37:20.714, 1, 245.07, 47, 2857, 16051, 30710
2026/09/25 17:37:20.965, 0, 269.11, 45, 2887, 16051, 31154
2026/09/25 17:37:20.965, 1, 245.07, 47, 2857, 16051, 30710
2026/09/25 17:37:21.215, 0, 247.58, 45, 2887, 16051, 31154
2026/09/25 17:37:21.215, 1, 230.93, 48, 2850, 16051, 30710
2026/09/25 17:37:21.465, 0, 247.58, 45, 2887, 16051, 31154
2026/09/25 17:37:21.465, 1, 230.93, 48, 2850, 16051, 30710
2026/09/25 17:37:21.715, 0, 255.09, 44, 2865, 16051, 31154
2026/09/25 17:37:21.715, 1, 244.35, 47, 2835, 16051, 30710
2026/09/25 17:37:21.965, 0, 255.09, 44, 2865, 16051, 31154
2026/09/25 17:37:21.965, 1, 244.35, 47, 2835, 16051, 30710
2026/09/25 17:37:22.215, 0, 278.12, 45, 2865, 16051, 31154
2026/09/25 17:37:22.215, 1, 260.83, 44, 2827, 16051, 30710
2026/09/25 17:37:22.465, 0, 278.12, 45, 2865, 16051, 31154
2026/09/25 17:37:22.466, 1, 260.83, 44, 2827, 16051, 30710
2026/09/25 17:37:22.716, 0, 284.15, 44, 2857, 16051, 31154
2026/09/25 17:37:22.716, 1, 263.56, 46, 2827, 16051, 30710
2026/09/25 17:37:22.966, 0, 284.15, 44, 2857, 16051, 31154
2026/09/25 17:37:22.966, 1, 263.56, 46, 2827, 16051, 30710
2026/09/25 17:37:23.216, 0, 279.11, 46, 2865, 16051, 31154
2026/09/25 17:37:23.216, 1, 257.12, 45, 2835, 16051, 30710
2026/09/25 17:37:23.466, 0, 279.11, 46, 2865, 16051, 31154
2026/09/25 17:37:23.466, 1, 257.12, 45, 2835, 16051, 30710
2026/09/25 17:37:23.716, 0, 272.12, 41, 2865, 16051, 31154
2026/09/25 17:37:23.716, 1, 250.38, 48, 2835, 16051, 30710
2026/09/25 17:37:23.966, 0, 272.12, 41, 2865, 16051, 31154
2026/09/25 17:37:23.967, 1, 250.38, 48, 2835, 16051, 30710
2026/09/25 17:37:24.217, 0, 278.70, 40, 2865, 16051, 31154
2026/09/25 17:37:24.217, 1, 255.26, 47, 2827, 16051, 30710
2026/09/25 17:37:24.467, 0, 278.70, 40, 2865, 16051, 31154
2026/09/25 17:37:24.467, 1, 255.26, 47, 2827, 16051, 30710
2026/09/25 17:37:24.717, 0, 281.27, 43, 2857, 16051, 31154
2026/09/25 17:37:24.717, 1, 260.57, 46, 2835, 16051, 30710
2026/09/25 17:37:24.967, 0, 281.27, 43, 2857, 16051, 31154
2026/09/25 17:37:24.967, 1, 260.57, 46, 2835, 16051, 30710
2026/09/25 17:37:25.217, 0, 283.54, 47, 2857, 16051, 31154
2026/09/25 17:37:25.217, 1, 262.84, 43, 2827, 16051, 30710
2026/09/25 17:37:25.468, 0, 283.54, 47, 2857, 16051, 31154
2026/09/25 17:37:25.468, 1, 262.84, 43, 2827, 16051, 30710
2026/09/25 17:37:25.718, 0, 286.01, 46, 2857, 16051, 31154
2026/09/25 17:37:25.718, 1, 266.26, 43, 2827, 16051, 30710
2026/09/25 17:37:25.968, 0, 286.01, 46, 2857, 16051, 31154
2026/09/25 17:37:25.968, 1, 266.26, 43, 2827, 16051, 30710
2026/09/25 17:37:26.218, 0, 285.44, 46, 2857, 16051, 31154
2026/09/25 17:37:26.218, 1, 265.64, 47, 2827, 16051, 30710
2026/09/25 17:37:26.468, 0, 285.44, 46, 2857, 16051, 31154
2026/09/25 17:37:26.468, 1, 265.64, 47, 2827, 16051, 30710
2026/09/25 17:37:26.719, 0, 283.38, 38, 2857, 16051, 31154
2026/09/25 17:37:26.719, 1, 262.06, 40, 2827, 16051, 30710
2026/09/25 17:37:26.969, 0, 283.38, 38, 2857, 16051, 31154
2026/09/25 17:37:26.969, 1, 262.06, 40, 2827, 16051, 30710
2026/09/25 17:37:27.219, 0, 282.75, 46, 2857, 16051, 31154
2026/09/25 17:37:27.219, 1, 260.08, 41, 2827, 16051, 30710
2026/09/25 17:37:27.469, 0, 282.75, 46, 2857, 16051, 31154
2026/09/25 17:37:27.469, 1, 260.08, 41, 2827, 16051, 30710
2026/09/25 17:37:27.719, 0, 286.31, 46, 2857, 16051, 31154
2026/09/25 17:37:27.719, 1, 263.31, 44, 2827, 16051, 30710
2026/09/25 17:37:27.970, 0, 286.31, 46, 2857, 16051, 31154
2026/09/25 17:37:27.970, 1, 263.31, 44, 2827, 16051, 30710
2026/09/25 17:37:28.220, 0, 288.27, 42, 2857, 16051, 31154
2026/09/25 17:37:28.220, 1, 263.97, 46, 2827, 16051, 30710
2026/09/25 17:37:28.470, 0, 288.27, 42, 2857, 16051, 31154
2026/09/25 17:37:28.470, 1, 263.97, 46, 2827, 16051, 30710
2026/09/25 17:37:28.720, 0, 289.92, 41, 2857, 16051, 31154
2026/09/25 17:37:28.720, 1, 265.85, 48, 2827, 16051, 30710
2026/09/25 17:37:28.970, 0, 289.92, 41, 2857, 16051, 31154
2026/09/25 17:37:28.970, 1, 265.85, 48, 2827, 16051, 30710
2026/09/25 17:37:29.221, 0, 280.85, 38, 2872, 16051, 31154
2026/09/25 17:37:29.221, 1, 251.15, 47, 2835, 16051, 30710
2026/09/25 17:37:29.471, 0, 280.85, 38, 2872, 16051, 31154
2026/09/25 17:37:29.471, 1, 251.15, 47, 2835, 16051, 30710
2026/09/25 17:37:29.721, 0, 255.18, 39, 2895, 16051, 31154
2026/09/25 17:37:29.721, 1, 229.18, 48, 2857, 16051, 30710
2026/09/25 17:37:29.971, 0, 255.18, 39, 2895, 16051, 31154
2026/09/25 17:37:29.971, 1, 229.18, 48, 2857, 16051, 30710
2026/09/25 17:37:30.221, 0, 244.38, 44, 2872, 16051, 31154
2026/09/25 17:37:30.221, 1, 228.52, 48, 2835, 16051, 30710
2026/09/25 17:37:30.472, 0, 244.38, 44, 2872, 16051, 31154
2026/09/25 17:37:30.472, 1, 228.52, 48, 2835, 16051, 30710
2026/09/25 17:37:30.722, 0, 270.41, 43, 2865, 16051, 31154
2026/09/25 17:37:30.722, 1, 257.56, 48, 2827, 16051, 30710
2026/09/25 17:37:30.972, 0, 270.41, 43, 2865, 16051, 31154
2026/09/25 17:37:30.972, 1, 257.56, 48, 2827, 16051, 30710
2026/09/25 17:37:31.222, 0, 282.96, 45, 2857, 16051, 31154
2026/09/25 17:37:31.222, 1, 263.01, 45, 2827, 16051, 30710
2026/09/25 17:37:31.472, 0, 282.96, 45, 2857, 16051, 31154
2026/09/25 17:37:31.472, 1, 263.01, 45, 2827, 16051, 30710
2026/09/25 17:37:31.722, 0, 285.86, 44, 2857, 16051, 31154
2026/09/25 17:37:31.723, 1, 264.68, 47, 2827, 16051, 30710
2026/09/25 17:37:31.973, 0, 285.86, 44, 2857, 16051, 31154
2026/09/25 17:37:31.973, 1, 264.68, 47, 2827, 16051, 30710
2026/09/25 17:37:32.223, 0, 286.18, 43, 2865, 16051, 31154
2026/09/25 17:37:32.223, 1, 261.55, 46, 2835, 16051, 30710
2026/09/25 17:37:32.473, 0, 286.18, 43, 2865, 16051, 31154
2026/09/25 17:37:32.473, 1, 261.55, 46, 2835, 16051, 30710
2026/09/25 17:37:32.723, 0, 286.73, 43, 2857, 16051, 31154
2026/09/25 17:37:32.723, 1, 260.86, 48, 2827, 16051, 30710
2026/09/25 17:37:32.973, 0, 286.73, 43, 2857, 16051, 31154
2026/09/25 17:37:32.973, 1, 260.86, 48, 2827, 16051, 30710
2026/09/25 17:37:33.223, 0, 288.09, 45, 2857, 16051, 31154
2026/09/25 17:37:33.224, 1, 264.91, 44, 2827, 16051, 30710
2026/09/25 17:37:33.474, 0, 288.09, 45, 2857, 16051, 31154
2026/09/25 17:37:33.474, 1, 264.91, 44, 2827, 16051, 30710
2026/09/25 17:37:33.724, 0, 289.42, 49, 2857, 16051, 31154
2026/09/25 17:37:33.724, 1, 270.01, 45, 2827, 16051, 30710
2026/09/25 17:37:33.974, 0, 289.42, 49, 2857, 16051, 31154
2026/09/25 17:37:33.974, 1, 270.01, 45, 2827, 16051, 30710
2026/09/25 17:37:34.224, 0, 291.27, 48, 2857, 16051, 31154
2026/09/25 17:37:34.224, 1, 270.83, 44, 2827, 16051, 30710
2026/09/25 17:37:34.474, 0, 291.27, 48, 2857, 16051, 31154
2026/09/25 17:37:34.474, 1, 270.83, 44, 2827, 16051, 30710
2026/09/25 17:37:34.725, 0, 291.16, 48, 2857, 16051, 31154
2026/09/25 17:37:34.725, 1, 271.62, 45, 2827, 16051, 30710
2026/09/25 17:37:34.975, 0, 291.16, 48, 2857, 16051, 31154
2026/09/25 17:37:34.975, 1, 271.62, 45, 2827, 16051, 30710
2026/09/25 17:37:35.225, 0, 291.34, 48, 2857, 16051, 31154
2026/09/25 17:37:35.225, 1, 270.65, 45, 2827, 16051, 30710
2026/09/25 17:37:35.475, 0, 291.34, 48, 2857, 16051, 31154
2026/09/25 17:37:35.475, 1, 270.65, 45, 2827, 16051, 30710
2026/09/25 17:37:35.725, 0, 292.47, 48, 2857, 16051, 31154
2026/09/25 17:37:35.725, 1, 269.50, 46, 2827, 16051, 30710
2026/09/25 17:37:35.975, 0, 292.47, 48, 2857, 16051, 31154
2026/09/25 17:37:35.976, 1, 269.50, 46, 2827, 16051, 30710
2026/09/25 17:37:36.226, 0, 294.14, 46, 2857, 16051, 31154
2026/09/25 17:37:36.226, 1, 268.86, 49, 2827, 16051, 30710
2026/09/25 17:37:36.476, 0, 294.14, 46, 2857, 16051, 31154
2026/09/25 17:37:36.476, 1, 268.86, 49, 2827, 16051, 30710
2026/09/25 17:37:36.726, 0, 294.28, 42, 2857, 16051, 31154
2026/09/25 17:37:36.726, 1, 269.10, 48, 2827, 16051, 30710
2026/09/25 17:37:36.976, 0, 294.28, 42, 2857, 16051, 31154
2026/09/25 17:37:36.976, 1, 269.10, 48, 2827, 16051, 30710
2026/09/25 17:37:37.226, 0, 293.62, 48, 2857, 16051, 31154
2026/09/25 17:37:37.226, 1, 271.46, 46, 2827, 16051, 30710
2026/09/25 17:37:37.477, 0, 293.62, 48, 2857, 16051, 31154
2026/09/25 17:37:37.477, 1, 271.46, 46, 2827, 16051, 30710
2026/09/25 17:37:37.727, 0, 287.18, 41, 2865, 16051, 31154
2026/09/25 17:37:37.727, 1, 259.07, 46, 2835, 16051, 30710
2026/09/25 17:37:37.977, 0, 287.18, 41, 2865, 16051, 31154
2026/09/25 17:37:37.977, 1, 259.07, 46, 2835, 16051, 30710
2026/09/25 17:37:38.227, 0, 251.93, 44, 2895, 16051, 31154
2026/09/25 17:37:38.227, 1, 229.05, 41, 2857, 16051, 30710
2026/09/25 17:37:38.477, 0, 251.93, 44, 2895, 16051, 31154
2026/09/25 17:37:38.477, 1, 229.05, 41, 2857, 16051, 30710
2026/09/25 17:37:38.727, 0, 228.37, 52, 2895, 16051, 31154
2026/09/25 17:37:38.728, 1, 196.31, 34, 2857, 16051, 30710
2026/09/25 17:37:38.978, 0, 228.37, 52, 2895, 16051, 31154
2026/09/25 17:37:38.978, 1, 196.31, 34, 2857, 16051, 30710
2026/09/25 17:37:39.228, 0, 240.23, 43, 2872, 16051, 31154
2026/09/25 17:37:39.228, 1, 224.06, 46, 2827, 16051, 30710
2026/09/25 17:37:39.478, 0, 240.23, 43, 2872, 16051, 31154
2026/09/25 17:37:39.478, 1, 224.06, 46, 2827, 16051, 30710
2026/09/25 17:37:39.728, 0, 264.59, 42, 2857, 16051, 31154
2026/09/25 17:37:39.728, 1, 265.44, 46, 2827, 16051, 30710
2026/09/25 17:37:39.978, 0, 264.59, 42, 2857, 16051, 31154
2026/09/25 17:37:39.979, 1, 265.44, 46, 2827, 16051, 30710
2026/09/25 17:37:40.229, 0, 285.36, 45, 2850, 16051, 31154
2026/09/25 17:37:40.229, 1, 272.12, 50, 2820, 16051, 30710
2026/09/25 17:37:40.479, 0, 285.36, 45, 2850, 16051, 31154
2026/09/25 17:37:40.479, 1, 272.12, 50, 2820, 16051, 30710
2026/09/25 17:37:40.729, 0, 286.46, 47, 2850, 16051, 31154
2026/09/25 17:37:40.729, 1, 273.66, 45, 2820, 16051, 30710
2026/09/25 17:37:40.979, 0, 286.46, 47, 2850, 16051, 31154
2026/09/25 17:37:40.979, 1, 273.66, 45, 2820, 16051, 30710
2026/09/25 17:37:41.229, 0, 286.43, 47, 2850, 16051, 31154
2026/09/25 17:37:41.229, 1, 273.40, 44, 2827, 16051, 30710
2026/09/25 17:37:41.479, 0, 286.43, 47, 2850, 16051, 31154
2026/09/25 17:37:41.480, 1, 273.40, 44, 2827, 16051, 30710
2026/09/25 17:37:41.730, 0, 287.92, 48, 2850, 16051, 31154
2026/09/25 17:37:41.730, 1, 271.02, 46, 2820, 16051, 30710
2026/09/25 17:37:41.980, 0, 287.92, 48, 2850, 16051, 31154
2026/09/25 17:37:41.980, 1, 271.02, 46, 2820, 16051, 30710
2026/09/25 17:37:42.230, 0, 286.99, 44, 2857, 16051, 31154
2026/09/25 17:37:42.230, 1, 270.29, 43, 2827, 16051, 30710
2026/09/25 17:37:42.480, 0, 286.99, 44, 2857, 16051, 31154
2026/09/25 17:37:42.480, 1, 270.29, 43, 2827, 16051, 30710
2026/09/25 17:37:42.730, 0, 284.01, 44, 2857, 16051, 31154
2026/09/25 17:37:42.730, 1, 267.03, 47, 2827, 16051, 30710
2026/09/25 17:37:42.980, 0, 284.01, 44, 2857, 16051, 31154
2026/09/25 17:37:42.981, 1, 267.03, 47, 2827, 16051, 30710
2026/09/25 17:37:43.231, 0, 281.96, 44, 2850, 16051, 31154
2026/09/25 17:37:43.231, 1, 265.68, 46, 2827, 16051, 30710
2026/09/25 17:37:43.481, 0, 281.96, 44, 2850, 16051, 31154
2026/09/25 17:37:43.481, 1, 265.68, 46, 2827, 16051, 30710
2026/09/25 17:37:43.731, 0, 283.91, 44, 2850, 16051, 31154
2026/09/25 17:37:43.731, 1, 266.39, 43, 2820, 16051, 30710
2026/09/25 17:37:43.981, 0, 283.91, 44, 2850, 16051, 31154
2026/09/25 17:37:43.981, 1, 266.39, 43, 2820, 16051, 30710
2026/09/25 17:37:44.231, 0, 285.13, 44, 2850, 16051, 31154
2026/09/25 17:37:44.232, 1, 268.70, 47, 2820, 16051, 30710
2026/09/25 17:37:44.482, 0, 285.13, 44, 2850, 16051, 31154
2026/09/25 17:37:44.482, 1, 268.70, 47, 2820, 16051, 30710
2026/09/25 17:37:44.732, 0, 287.46, 45, 2850, 16051, 31154
2026/09/25 17:37:44.732, 1, 270.80, 45, 2820, 16051, 30710
2026/09/25 17:37:44.982, 0, 287.46, 45, 2850, 16051, 31154
2026/09/25 17:37:44.982, 1, 270.80, 45, 2820, 16051, 30710
2026/09/25 17:37:45.232, 0, 284.81, 44, 2865, 16051, 31154
2026/09/25 17:37:45.232, 1, 270.65, 46, 2820, 16051, 30710
2026/09/25 17:37:45.482, 0, 284.81, 44, 2865, 16051, 31154
2026/09/25 17:37:45.482, 1, 270.65, 46, 2820, 16051, 30710
2026/09/25 17:37:45.733, 0, 284.89, 45, 2850, 16051, 31154
2026/09/25 17:37:45.733, 1, 268.10, 45, 2820, 16051, 30710
2026/09/25 17:37:45.983, 0, 284.89, 45, 2850, 16051, 31154
2026/09/25 17:37:45.983, 1, 268.10, 45, 2820, 16051, 30710
2026/09/25 17:37:46.233, 0, 285.62, 43, 2850, 16051, 31154
2026/09/25 17:37:46.233, 1, 264.97, 44, 2827, 16051, 30710
2026/09/25 17:37:46.483, 0, 285.62, 43, 2850, 16051, 31154
2026/09/25 17:37:46.483, 1, 264.97, 44, 2827, 16051, 30710
2026/09/25 17:37:46.733, 0, 283.74, 45, 2857, 16051, 31154
2026/09/25 17:37:46.733, 1, 266.36, 46, 2820, 16051, 30710
2026/09/25 17:37:46.984, 0, 283.74, 45, 2857, 16051, 31154
2026/09/25 17:37:46.984, 1, 266.36, 46, 2820, 16051, 30710
2026/09/25 17:37:47.234, 0, 283.45, 43, 2857, 16051, 31154
2026/09/25 17:37:47.234, 1, 269.42, 46, 2820, 16051, 30710
2026/09/25 17:37:47.484, 0, 283.45, 43, 2857, 16051, 31154
2026/09/25 17:37:47.484, 1, 269.42, 46, 2820, 16051, 30710
2026/09/25 17:37:47.734, 0, 281.48, 41, 2857, 16051, 31154
2026/09/25 17:37:47.734, 1, 264.27, 45, 2827, 16051, 30710
2026/09/25 17:37:47.984, 0, 281.48, 41, 2857, 16051, 31154
2026/09/25 17:37:47.985, 1, 264.27, 45, 2827, 16051, 30710
2026/09/25 17:37:48.235, 0, 256.53, 51, 2895, 16051, 31154
2026/09/25 17:37:48.235, 1, 227.30, 34, 2857, 16051, 30710
2026/09/25 17:37:48.485, 0, 256.53, 51, 2895, 16051, 31154
2026/09/25 17:37:48.485, 1, 227.30, 34, 2857, 16051, 30710
2026/09/25 17:37:48.735, 0, 238.18, 43, 2872, 16051, 31154
2026/09/25 17:37:48.735, 1, 226.56, 45, 2835, 16051, 30710
2026/09/25 17:37:48.985, 0, 238.18, 43, 2872, 16051, 31154
2026/09/25 17:37:48.985, 1, 226.56, 45, 2835, 16051, 30710
2026/09/25 17:37:49.235, 0, 261.38, 42, 2857, 16051, 31154
2026/09/25 17:37:49.236, 1, 258.70, 46, 2827, 16051, 30710
2026/09/25 17:37:49.486, 0, 261.38, 42, 2857, 16051, 31154
2026/09/25 17:37:49.486, 1, 258.70, 46, 2827, 16051, 30710
2026/09/25 17:37:49.736, 0, 283.67, 42, 2857, 16051, 31154
2026/09/25 17:37:49.736, 1, 272.13, 48, 2827, 16051, 30710
2026/09/25 17:37:49.986, 0, 283.67, 42, 2857, 16051, 31154
2026/09/25 17:37:49.986, 1, 272.13, 48, 2827, 16051, 30710
2026/09/25 17:37:50.236, 0, 284.68, 39, 2857, 16051, 31154
2026/09/25 17:37:50.236, 1, 268.65, 43, 2827, 16051, 30710
2026/09/25 17:37:50.486, 0, 284.68, 39, 2857, 16051, 31154
2026/09/25 17:37:50.487, 1, 268.65, 43, 2827, 16051, 30710
2026/09/25 17:37:50.737, 0, 283.04, 46, 2857, 16051, 31154
2026/09/25 17:37:50.737, 1, 264.54, 48, 2827, 16051, 30710
2026/09/25 17:37:50.987, 0, 283.04, 46, 2857, 16051, 31154
2026/09/25 17:37:50.987, 1, 264.54, 48, 2827, 16051, 30710
2026/09/25 17:37:51.237, 0, 278.88, 41, 2865, 16051, 31154
2026/09/25 17:37:51.237, 1, 265.33, 39, 2827, 16051, 30710
2026/09/25 17:37:51.487, 0, 278.88, 41, 2865, 16051, 31154
2026/09/25 17:37:51.487, 1, 265.33, 39, 2827, 16051, 30710
2026/09/25 17:37:51.737, 0, 280.36, 40, 2857, 16051, 31154
2026/09/25 17:37:51.738, 1, 265.54, 41, 2827, 16051, 30710
2026/09/25 17:37:51.988, 0, 280.36, 40, 2857, 16051, 31154
2026/09/25 17:37:51.988, 1, 265.54, 41, 2827, 16051, 30710
2026/09/25 17:37:52.238, 0, 284.99, 43, 2865, 16051, 31154
2026/09/25 17:37:52.238, 1, 266.65, 50, 2827, 16051, 30710
2026/09/25 17:37:52.488, 0, 284.99, 43, 2865, 16051, 31154
2026/09/25 17:37:52.488, 1, 266.65, 50, 2827, 16051, 30710
2026/09/25 17:37:52.738, 0, 284.05, 43, 2857, 16051, 31154
2026/09/25 17:37:52.738, 1, 268.12, 46, 2820, 16051, 30710
2026/09/25 17:37:52.988, 0, 284.05, 43, 2857, 16051, 31154
2026/09/25 17:37:52.988, 1, 268.12, 46, 2820, 16051, 30710
2026/09/25 17:37:53.238, 0, 284.49, 43, 2850, 16051, 31154
2026/09/25 17:37:53.239, 1, 269.41, 45, 2827, 16051, 30710
2026/09/25 17:37:53.489, 0, 284.49, 43, 2850, 16051, 31154
2026/09/25 17:37:53.489, 1, 269.41, 45, 2827, 16051, 30710
2026/09/25 17:37:53.739, 0, 286.47, 45, 2842, 16051, 31154
2026/09/25 17:37:53.739, 1, 269.94, 46, 2820, 16051, 30710
2026/09/25 17:37:53.989, 0, 286.47, 45, 2842, 16051, 31154
2026/09/25 17:37:53.989, 1, 269.94, 46, 2820, 16051, 30710
2026/09/25 17:37:54.239, 0, 285.21, 41, 2857, 16051, 31154
2026/09/25 17:37:54.239, 1, 269.68, 46, 2820, 16051, 30710
2026/09/25 17:37:54.490, 0, 285.21, 41, 2857, 16051, 31154
2026/09/25 17:37:54.490, 1, 269.68, 46, 2820, 16051, 30710
2026/09/25 17:37:54.740, 0, 283.14, 44, 2850, 16051, 31154
2026/09/25 17:37:54.740, 1, 265.45, 45, 2827, 16051, 30710
2026/09/25 17:37:54.990, 0, 283.14, 44, 2850, 16051, 31154
2026/09/25 17:37:54.990, 1, 265.45, 45, 2827, 16051, 30710
2026/09/25 17:37:55.240, 0, 282.69, 45, 2865, 16051, 31154
2026/09/25 17:37:55.240, 1, 267.10, 44, 2820, 16051, 30710
2026/09/25 17:37:55.490, 0, 282.69, 45, 2865, 16051, 31154
2026/09/25 17:37:55.490, 1, 267.10, 44, 2820, 16051, 30710
2026/09/25 17:37:55.740, 0, 285.43, 42, 2857, 16051, 31154
2026/09/25 17:37:55.741, 1, 271.30, 46, 2827, 16051, 30710
2026/09/25 17:37:55.991, 0, 285.43, 42, 2857, 16051, 31154
2026/09/25 17:37:55.991, 1, 271.30, 46, 2827, 16051, 30710
2026/09/25 17:37:56.241, 0, 288.20, 43, 2850, 16051, 31154
2026/09/25 17:37:56.241, 1, 270.49, 47, 2820, 16051, 30710
2026/09/25 17:37:56.491, 0, 288.20, 43, 2850, 16051, 31154
2026/09/25 17:37:56.491, 1, 270.49, 47, 2820, 16051, 30710
2026/09/25 17:37:56.741, 0, 285.72, 43, 2857, 16051, 31154
2026/09/25 17:37:56.741, 1, 272.36, 46, 2820, 16051, 30710
2026/09/25 17:37:56.992, 0, 285.72, 43, 2857, 16051, 31154
2026/09/25 17:37:56.992, 1, 272.36, 46, 2820, 16051, 30710
2026/09/25 17:37:57.242, 0, 280.50, 50, 2872, 16051, 31154
2026/09/25 17:37:57.242, 1, 257.13, 24, 2835, 16051, 30710
2026/09/25 17:37:57.492, 0, 280.50, 50, 2872, 16051, 31154
2026/09/25 17:37:57.492, 1, 257.13, 24, 2835, 16051, 30710
2026/09/25 17:37:57.742, 0, 254.62, 47, 2895, 16051, 31154
2026/09/25 17:37:57.742, 1, 227.62, 41, 2857, 16051, 30710
2026/09/25 17:37:57.992, 0, 254.62, 47, 2895, 16051, 31154
2026/09/25 17:37:57.992, 1, 227.62, 41, 2857, 16051, 30710
2026/09/25 17:37:58.242, 0, 246.85, 47, 2857, 16051, 31154
2026/09/25 17:37:58.243, 1, 242.23, 45, 2820, 16051, 30710
2026/09/25 17:37:58.493, 0, 246.85, 47, 2857, 16051, 31154
2026/09/25 17:37:58.493, 1, 242.23, 45, 2820, 16051, 30710
2026/09/25 17:37:58.743, 0, 279.91, 46, 2850, 16051, 31154
2026/09/25 17:37:58.743, 1, 267.37, 48, 2820, 16051, 30710
2026/09/25 17:37:58.993, 0, 279.91, 46, 2850, 16051, 31154
2026/09/25 17:37:58.993, 1, 267.37, 48, 2820, 16051, 30710
2026/09/25 17:37:59.243, 0, 286.85, 46, 2857, 16051, 31154
2026/09/25 17:37:59.243, 1, 272.88, 45, 2827, 16051, 30710
2026/09/25 17:37:59.493, 0, 286.85, 46, 2857, 16051, 31154
2026/09/25 17:37:59.494, 1, 272.88, 45, 2827, 16051, 30710
2026/09/25 17:37:59.744, 0, 290.05, 43, 2857, 16051, 31154
2026/09/25 17:37:59.744, 1, 275.01, 50, 2820, 16051, 30710
2026/09/25 17:37:59.994, 0, 290.05, 43, 2857, 16051, 31154
2026/09/25 17:37:59.994, 1, 275.01, 50, 2820, 16051, 30710
2026/09/25 17:38:00.244, 0, 291.67, 43, 2857, 16051, 31154
2026/09/25 17:38:00.244, 1, 274.68, 47, 2827, 16051, 30710
2026/09/25 17:38:00.494, 0, 291.67, 43, 2857, 16051, 31154
2026/09/25 17:38:00.494, 1, 274.68, 47, 2827, 16051, 30710
2026/09/25 17:38:00.744, 0, 288.54, 43, 2857, 16051, 31154
2026/09/25 17:38:00.744, 1, 270.22, 47, 2827, 16051, 30710
2026/09/25 17:38:00.995, 0, 288.54, 43, 2857, 16051, 31154
2026/09/25 17:38:00.995, 1, 270.22, 47, 2827, 16051, 30710
2026/09/25 17:38:01.245, 0, 286.65, 41, 2850, 16051, 31154
2026/09/25 17:38:01.245, 1, 270.13, 44, 2820, 16051, 30710
2026/09/25 17:38:01.495, 0, 286.65, 41, 2850, 16051, 31154
2026/09/25 17:38:01.495, 1, 270.13, 44, 2820, 16051, 30710
2026/09/25 17:38:01.745, 0, 285.37, 40, 2842, 16051, 31154
2026/09/25 17:38:01.745, 1, 268.36, 46, 2827, 16051, 30710
2026/09/25 17:38:01.995, 0, 285.37, 40, 2842, 16051, 31154
2026/09/25 17:38:01.996, 1, 268.36, 46, 2827, 16051, 30710
2026/09/25 17:38:02.246, 0, 282.59, 43, 2857, 16051, 31154
2026/09/25 17:38:02.246, 1, 265.69, 39, 2827, 16051, 30710
2026/09/25 17:38:02.496, 0, 282.59, 43, 2857, 16051, 31154
2026/09/25 17:38:02.496, 1, 265.69, 39, 2827, 16051, 30710
2026/09/25 17:38:02.746, 0, 285.25, 44, 2857, 16051, 31154
2026/09/25 17:38:02.746, 1, 268.12, 46, 2827, 16051, 30710
2026/09/25 17:38:02.996, 0, 285.25, 44, 2857, 16051, 31154
2026/09/25 17:38:02.996, 1, 268.12, 46, 2827, 16051, 30710
2026/09/25 17:38:03.246, 0, 287.00, 35, 2857, 16051, 31154
2026/09/25 17:38:03.247, 1, 269.87, 44, 2820, 16051, 30710
2026/09/25 17:38:03.497, 0, 287.00, 35, 2857, 16051, 31154
2026/09/25 17:38:03.497, 1, 269.87, 44, 2820, 16051, 30710
2026/09/25 17:38:03.747, 0, 286.92, 44, 2850, 16051, 31154
2026/09/25 17:38:03.747, 1, 268.95, 43, 2820, 16051, 30710
2026/09/25 17:38:03.997, 0, 286.92, 44, 2850, 16051, 31154
2026/09/25 17:38:03.997, 1, 268.95, 43, 2820, 16051, 30710
2026/09/25 17:38:04.247, 0, 286.05, 42, 2865, 16051, 31154
2026/09/25 17:38:04.247, 1, 272.33, 47, 2820, 16051, 30710
2026/09/25 17:38:04.497, 0, 286.05, 42, 2865, 16051, 31154
2026/09/25 17:38:04.498, 1, 272.33, 47, 2820, 16051, 30710
2026/09/25 17:38:04.748, 0, 286.15, 45, 2850, 16051, 31154
2026/09/25 17:38:04.748, 1, 272.17, 46, 2827, 16051, 30710
2026/09/25 17:38:04.998, 0, 286.15, 45, 2850, 16051, 31154
2026/09/25 17:38:04.998, 1, 272.17, 46, 2827, 16051, 30710
2026/09/25 17:38:05.248, 0, 287.71, 41, 2857, 16051, 31154
2026/09/25 17:38:05.248, 1, 270.11, 45, 2827, 16051, 30710
2026/09/25 17:38:05.498, 0, 287.71, 41, 2857, 16051, 31154
2026/09/25 17:38:05.498, 1, 270.11, 45, 2827, 16051, 30710
2026/09/25 17:38:05.748, 0, 288.29, 45, 2850, 16051, 31154
2026/09/25 17:38:05.748, 1, 268.14, 46, 2820, 16051, 30710
2026/09/25 17:38:05.998, 0, 288.29, 45, 2850, 16051, 31154
2026/09/25 17:38:05.999, 1, 268.14, 46, 2820, 16051, 30710
2026/09/25 17:38:06.249, 0, 284.33, 40, 2865, 16051, 31154
2026/09/25 17:38:06.249, 1, 265.46, 46, 2827, 16051, 30710
2026/09/25 17:38:06.499, 0, 284.33, 40, 2865, 16051, 31154
2026/09/25 17:38:06.499, 1, 265.46, 46, 2827, 16051, 30710
2026/09/25 17:38:06.749, 0, 279.21, 43, 2857, 16051, 31154
2026/09/25 17:38:06.749, 1, 260.69, 46, 2835, 16051, 30710
2026/09/25 17:38:06.999, 0, 279.21, 43, 2857, 16051, 31154
2026/09/25 17:38:07.000, 1, 260.69, 46, 2835, 16051, 30710
2026/09/25 17:38:07.250, 0, 260.57, 45, 2887, 16051, 31154
2026/09/25 17:38:07.250, 1, 233.31, 38, 2857, 16051, 30710
2026/09/25 17:38:07.500, 0, 260.57, 45, 2887, 16051, 31154
2026/09/25 17:38:07.500, 1, 233.31, 38, 2857, 16051, 30710
2026/09/25 17:38:07.750, 0, 240.00, 39, 2872, 16051, 31154
2026/09/25 17:38:07.750, 1, 226.22, 48, 2835, 16051, 30710
2026/09/25 17:38:08.000, 0, 240.00, 39, 2872, 16051, 31154
2026/09/25 17:38:08.000, 1, 226.22, 48, 2835, 16051, 30710
2026/09/25 17:38:08.251, 0, 265.64, 41, 2857, 16051, 31154
2026/09/25 17:38:08.251, 1, 259.71, 46, 2827, 16051, 30710
2026/09/25 17:38:08.501, 0, 265.64, 41, 2857, 16051, 31154
2026/09/25 17:38:08.501, 1, 259.71, 46, 2827, 16051, 30710
2026/09/25 17:38:08.751, 0, 285.78, 46, 2850, 16051, 31154
2026/09/25 17:38:08.751, 1, 275.25, 49, 2820, 16051, 30710
2026/09/25 17:38:09.001, 0, 285.78, 46, 2850, 16051, 31154
2026/09/25 17:38:09.001, 1, 275.25, 49, 2820, 16051, 30710
2026/09/25 17:38:09.251, 0, 288.49, 48, 2857, 16051, 31154
2026/09/25 17:38:09.252, 1, 274.93, 47, 2820, 16051, 30710
2026/09/25 17:38:09.502, 0, 288.49, 48, 2857, 16051, 31154
2026/09/25 17:38:09.502, 1, 274.93, 47, 2820, 16051, 30710
2026/09/25 17:38:09.752, 0, 288.36, 42, 2857, 16051, 31154
2026/09/25 17:38:09.752, 1, 272.65, 48, 2820, 16051, 30710
2026/09/25 17:38:10.002, 0, 288.36, 42, 2857, 16051, 31154
2026/09/25 17:38:10.002, 1, 272.65, 48, 2820, 16051, 30710
2026/09/25 17:38:10.252, 0, 287.41, 48, 2850, 16051, 31154
2026/09/25 17:38:10.252, 1, 271.19, 45, 2820, 16051, 30710
2026/09/25 17:38:10.502, 0, 287.41, 48, 2850, 16051, 31154
2026/09/25 17:38:10.503, 1, 271.19, 45, 2820, 16051, 30710
2026/09/25 17:38:10.753, 0, 287.54, 44, 2857, 16051, 31154
2026/09/25 17:38:10.753, 1, 270.85, 45, 2827, 16051, 30710
2026/09/25 17:38:11.003, 0, 287.54, 44, 2857, 16051, 31154
2026/09/25 17:38:11.003, 1, 270.85, 45, 2827, 16051, 30710
2026/09/25 17:38:11.253, 0, 288.37, 48, 2850, 16051, 31154
2026/09/25 17:38:11.253, 1, 270.90, 45, 2827, 16051, 30710
2026/09/25 17:38:11.503, 0, 288.37, 48, 2850, 16051, 31154
2026/09/25 17:38:11.503, 1, 270.90, 45, 2827, 16051, 30710
2026/09/25 17:38:11.753, 0, 289.71, 46, 2850, 16051, 31154
2026/09/25 17:38:11.753, 1, 274.35, 45, 2820, 16051, 30710
2026/09/25 17:38:12.003, 0, 289.71, 46, 2850, 16051, 31154
2026/09/25 17:38:12.004, 1, 274.35, 45, 2820, 16051, 30710
2026/09/25 17:38:12.254, 0, 291.92, 44, 2857, 16051, 31154
2026/09/25 17:38:12.254, 1, 274.85, 48, 2820, 16051, 30710
2026/09/25 17:38:12.504, 0, 291.92, 44, 2857, 16051, 31154
2026/09/25 17:38:12.504, 1, 274.85, 48, 2820, 16051, 30710
2026/09/25 17:38:12.754, 0, 292.42, 44, 2842, 16051, 31154
2026/09/25 17:38:12.754, 1, 275.31, 46, 2820, 16051, 30710
2026/09/25 17:38:13.004, 0, 292.42, 44, 2842, 16051, 31154
2026/09/25 17:38:13.004, 1, 275.31, 46, 2820, 16051, 30710
2026/09/25 17:38:13.254, 0, 291.96, 45, 2857, 16051, 31154
2026/09/25 17:38:13.254, 1, 275.36, 48, 2820, 16051, 30710
2026/09/25 17:38:13.504, 0, 291.96, 45, 2857, 16051, 31154
2026/09/25 17:38:13.505, 1, 275.36, 48, 2820, 16051, 30710
2026/09/25 17:38:13.755, 0, 289.77, 43, 2850, 16051, 31154
2026/09/25 17:38:13.755, 1, 274.93, 47, 2820, 16051, 30710
2026/09/25 17:38:14.005, 0, 289.77, 43, 2850, 16051, 31154
2026/09/25 17:38:14.005, 1, 274.93, 47, 2820, 16051, 30710
2026/09/25 17:38:14.255, 0, 288.74, 43, 2850, 16051, 31154
2026/09/25 17:38:14.255, 1, 273.42, 47, 2820, 16051, 30710
2026/09/25 17:38:14.505, 0, 288.74, 43, 2850, 16051, 31154
2026/09/25 17:38:14.505, 1, 273.42, 47, 2820, 16051, 30710
2026/09/25 17:38:14.755, 0, 286.61, 46, 2850, 16051, 31154
2026/09/25 17:38:14.756, 1, 271.42, 45, 2827, 16051, 30710
2026/09/25 17:38:15.006, 0, 286.61, 46, 2850, 16051, 31154
2026/09/25 17:38:15.006, 1, 271.42, 45, 2827, 16051, 30710
2026/09/25 17:38:15.256, 0, 288.81, 46, 2850, 16051, 31154
2026/09/25 17:38:15.256, 1, 273.22, 46, 2827, 16051, 30710
2026/09/25 17:38:15.506, 0, 288.81, 46, 2850, 16051, 31154
2026/09/25 17:38:15.506, 1, 273.22, 46, 2827, 16051, 30710
2026/09/25 17:38:15.756, 0, 292.45, 43, 2865, 16051, 31154
2026/09/25 17:38:15.756, 1, 274.31, 51, 2820, 16051, 30710
2026/09/25 17:38:16.006, 0, 292.45, 43, 2865, 16051, 31154
2026/09/25 17:38:16.007, 1, 274.31, 51, 2820, 16051, 30710
2026/09/25 17:38:16.257, 0, 274.57, 38, 2872, 16051, 31154
2026/09/25 17:38:16.257, 1, 254.59, 35, 2835, 16051, 30710
2026/09/25 17:38:16.507, 0, 274.57, 38, 2872, 16051, 31154
2026/09/25 17:38:16.507, 1, 254.59, 35, 2835, 16051, 30710
2026/09/25 17:38:16.757, 0, 243.63, 44, 2895, 16051, 31154
2026/09/25 17:38:16.757, 1, 223.72, 41, 2850, 16051, 30710
2026/09/25 17:38:17.007, 0, 243.63, 44, 2895, 16051, 31154
2026/09/25 17:38:17.007, 1, 223.72, 41, 2850, 16051, 30710
2026/09/25 17:38:17.258, 0, 228.26, 48, 2895, 16051, 31154
2026/09/25 17:38:17.258, 1, 198.09, 38, 2857, 16051, 30710
2026/09/25 17:38:17.508, 0, 228.26, 48, 2895, 16051, 31154
2026/09/25 17:38:17.508, 1, 198.09, 38, 2857, 16051, 30710
2026/09/25 17:38:17.758, 0, 230.88, 42, 2895, 16051, 31154
2026/09/25 17:38:17.758, 1, 214.82, 50, 2857, 16051, 30710
2026/09/25 17:38:18.008, 0, 230.88, 42, 2895, 16051, 31154
2026/09/25 17:38:18.008, 1, 214.82, 50, 2857, 16051, 30710
2026/09/25 17:38:18.258, 0, 261.75, 42, 2850, 16051, 31154
2026/09/25 17:38:18.258, 1, 255.15, 46, 2820, 16051, 30710
2026/09/25 17:38:18.509, 0, 261.75, 42, 2850, 16051, 31154
2026/09/25 17:38:18.509, 1, 255.15, 46, 2820, 16051, 30710
2026/09/25 17:38:18.759, 0, 291.43, 45, 2850, 16051, 31154
2026/09/25 17:38:18.759, 1, 276.12, 47, 2820, 16051, 30710
2026/09/25 17:38:19.009, 0, 291.43, 45, 2850, 16051, 31154
2026/09/25 17:38:19.009, 1, 276.12, 47, 2820, 16051, 30710
2026/09/25 17:38:19.259, 0, 293.29, 44, 2850, 16051, 31154
2026/09/25 17:38:19.259, 1, 275.02, 47, 2820, 16051, 30710
2026/09/25 17:38:19.509, 0, 293.29, 44, 2850, 16051, 31154
2026/09/25 17:38:19.509, 1, 275.02, 47, 2820, 16051, 30710
2026/09/25 17:38:19.760, 0, 292.51, 38, 2850, 16051, 31154
2026/09/25 17:38:19.760, 1, 275.89, 42, 2820, 16051, 30710
2026/09/25 17:38:20.010, 0, 292.51, 38, 2850, 16051, 31154
2026/09/25 17:38:20.010, 1, 275.89, 42, 2820, 16051, 30710
2026/09/25 17:38:20.260, 0, 288.25, 45, 2865, 16051, 31154
2026/09/25 17:38:20.260, 1, 272.28, 40, 2827, 16051, 30710
2026/09/25 17:38:20.510, 0, 288.25, 45, 2865, 16051, 31154
2026/09/25 17:38:20.510, 1, 272.28, 40, 2827, 16051, 30710
2026/09/25 17:38:20.760, 0, 287.69, 44, 2865, 16051, 31154
2026/09/25 17:38:20.761, 1, 269.54, 46, 2827, 16051, 30710
2026/09/25 17:38:21.011, 0, 287.69, 44, 2865, 16051, 31154
2026/09/25 17:38:21.011, 1, 269.54, 46, 2827, 16051, 30710
2026/09/25 17:38:21.261, 0, 288.16, 46, 2850, 16051, 31154
2026/09/25 17:38:21.261, 1, 270.83, 48, 2827, 16051, 30710
2026/09/25 17:38:21.511, 0, 288.16, 46, 2850, 16051, 31154
2026/09/25 17:38:21.511, 1, 270.83, 48, 2827, 16051, 30710
2026/09/25 17:38:21.761, 0, 286.48, 43, 2857, 16051, 31154
2026/09/25 17:38:21.761, 1, 268.48, 39, 2827, 16051, 30710
2026/09/25 17:38:22.011, 0, 286.48, 43, 2857, 16051, 31154
2026/09/25 17:38:22.011, 1, 268.48, 39, 2827, 16051, 30710
2026/09/25 17:38:22.261, 0, 286.06, 38, 2857, 16051, 31154
2026/09/25 17:38:22.261, 1, 268.08, 43, 2820, 16051, 30710
2026/09/25 17:38:22.512, 0, 286.06, 38, 2857, 16051, 31154
2026/09/25 17:38:22.512, 1, 268.08, 43, 2820, 16051, 30710
2026/09/25 17:38:22.762, 0, 287.81, 46, 2850, 16051, 31154
2026/09/25 17:38:22.762, 1, 272.45, 44, 2820, 16051, 30710
2026/09/25 17:38:23.012, 0, 287.81, 46, 2850, 16051, 31154
2026/09/25 17:38:23.012, 1, 272.45, 44, 2820, 16051, 30710
2026/09/25 17:38:23.262, 0, 290.84, 42, 2850, 16051, 31154
2026/09/25 17:38:23.262, 1, 272.01, 49, 2820, 16051, 30710
2026/09/25 17:38:23.512, 0, 290.84, 42, 2850, 16051, 31154
2026/09/25 17:38:23.512, 1, 272.01, 49, 2820, 16051, 30710
2026/09/25 17:38:23.762, 0, 292.37, 47, 2857, 16051, 31154
2026/09/25 17:38:23.762, 1, 274.00, 42, 2820, 16051, 30710
2026/09/25 17:38:24.012, 0, 292.37, 47, 2857, 16051, 31154
2026/09/25 17:38:24.013, 1, 274.00, 42, 2820, 16051, 30710
2026/09/25 17:38:24.263, 0, 293.20, 45, 2857, 16051, 31154
2026/09/25 17:38:24.263, 1, 273.58, 42, 2820, 16051, 30710
2026/09/25 17:38:24.513, 0, 293.20, 45, 2857, 16051, 31154
2026/09/25 17:38:24.513, 1, 273.58, 42, 2820, 16051, 30710
2026/09/25 17:38:24.763, 0, 294.37, 41, 2857, 16051, 31154
2026/09/25 17:38:24.763, 1, 274.37, 47, 2820, 16051, 30710
2026/09/25 17:38:25.013, 0, 294.37, 41, 2857, 16051, 31154
2026/09/25 17:38:25.013, 1, 274.37, 47, 2820, 16051, 30710
2026/09/25 17:38:25.263, 0, 291.47, 40, 2857, 16051, 31154
2026/09/25 17:38:25.263, 1, 274.57, 44, 2820, 16051, 30710
2026/09/25 17:38:25.514, 0, 291.47, 40, 2857, 16051, 31154
2026/09/25 17:38:25.514, 1, 274.57, 44, 2820, 16051, 30710
2026/09/25 17:38:25.764, 0, 290.17, 44, 2850, 16051, 31154
2026/09/25 17:38:25.764, 1, 275.23, 47, 2820, 16051, 30710
2026/09/25 17:38:26.014, 0, 290.17, 44, 2850, 16051, 31154
2026/09/25 17:38:26.014, 1, 275.23, 47, 2820, 16051, 30710
2026/09/25 17:38:26.264, 0, 291.55, 45, 2857, 16051, 31154
2026/09/25 17:38:26.264, 1, 271.93, 42, 2820, 16051, 30710
2026/09/25 17:38:26.514, 0, 291.55, 45, 2857, 16051, 31154
2026/09/25 17:38:26.515, 1, 271.93, 42, 2820, 16051, 30710
2026/09/25 17:38:26.765, 0, 290.38, 40, 2850, 16051, 31154
2026/09/25 17:38:26.765, 1, 273.39, 46, 2820, 16051, 30710
2026/09/25 17:38:27.015, 0, 290.38, 40, 2850, 16051, 31154
2026/09/25 17:38:27.015, 1, 273.39, 46, 2820, 16051, 30710
2026/09/25 17:38:27.265, 0, 277.40, 57, 2872, 16051, 31154
2026/09/25 17:38:27.265, 1, 252.38, 17, 2835, 16051, 30710
2026/09/25 17:38:27.515, 0, 277.40, 57, 2872, 16051, 31154
2026/09/25 17:38:27.515, 1, 252.38, 17, 2835, 16051, 30710
2026/09/25 17:38:27.766, 0, 245.95, 39, 2895, 16051, 31154
2026/09/25 17:38:27.766, 1, 223.71, 48, 2857, 16051, 30710
2026/09/25 17:38:28.016, 0, 245.95, 39, 2895, 16051, 31154
2026/09/25 17:38:28.016, 1, 223.71, 48, 2857, 16051, 30710
2026/09/25 17:38:28.266, 0, 245.90, 43, 2857, 16051, 31154
2026/09/25 17:38:28.266, 1, 240.01, 47, 2820, 16051, 30710
2026/09/25 17:38:28.516, 0, 245.90, 43, 2857, 16051, 31154
2026/09/25 17:38:28.516, 1, 240.01, 47, 2820, 16051, 30710
2026/09/25 17:38:28.766, 0, 285.55, 43, 2857, 16051, 31154
2026/09/25 17:38:28.767, 1, 270.67, 48, 2820, 16051, 30710
2026/09/25 17:38:29.017, 0, 285.55, 43, 2857, 16051, 31154
2026/09/25 17:38:29.017, 1, 270.67, 48, 2820, 16051, 30710
2026/09/25 17:38:29.267, 0, 293.47, 46, 2850, 16051, 31154
2026/09/25 17:38:29.267, 1, 278.74, 46, 2820, 16051, 30710
2026/09/25 17:38:29.517, 0, 293.47, 46, 2850, 16051, 31154
2026/09/25 17:38:29.517, 1, 278.74, 46, 2820, 16051, 30710
2026/09/25 17:38:29.767, 0, 294.42, 45, 2857, 16051, 31154
2026/09/25 17:38:29.767, 1, 280.36, 47, 2820, 16051, 30710
2026/09/25 17:38:30.017, 0, 294.42, 45, 2857, 16051, 31154
2026/09/25 17:38:30.017, 1, 280.36, 47, 2820, 16051, 30710
2026/09/25 17:38:30.267, 0, 295.52, 45, 2850, 16051, 31154
2026/09/25 17:38:30.268, 1, 276.19, 46, 2827, 16051, 30710
2026/09/25 17:38:30.518, 0, 295.52, 45, 2850, 16051, 31154
2026/09/25 17:38:30.518, 1, 276.19, 46, 2827, 16051, 30710
2026/09/25 17:38:30.768, 0, 294.57, 43, 2857, 16051, 31154
2026/09/25 17:38:30.768, 1, 275.16, 46, 2820, 16051, 30710
2026/09/25 17:38:31.018, 0, 294.57, 43, 2857, 16051, 31154
2026/09/25 17:38:31.018, 1, 275.16, 46, 2820, 16051, 30710
2026/09/25 17:38:31.268, 0, 292.20, 45, 2850, 16051, 31154
2026/09/25 17:38:31.268, 1, 274.39, 47, 2827, 16051, 30710
2026/09/25 17:38:31.518, 0, 292.20, 45, 2850, 16051, 31154
2026/09/25 17:38:31.519, 1, 274.39, 47, 2827, 16051, 30710
2026/09/25 17:38:31.769, 0, 291.97, 44, 2850, 16051, 31154
2026/09/25 17:38:31.769, 1, 274.80, 40, 2820, 16051, 30710
2026/09/25 17:38:32.019, 0, 291.97, 44, 2850, 16051, 31154
2026/09/25 17:38:32.019, 1, 274.80, 40, 2820, 16051, 30710
2026/09/25 17:38:32.269, 0, 289.41, 42, 2850, 16051, 31154
2026/09/25 17:38:32.269, 1, 273.16, 40, 2820, 16051, 30710
2026/09/25 17:38:32.519, 0, 289.41, 42, 2850, 16051, 31154
2026/09/25 17:38:32.519, 1, 273.16, 40, 2820, 16051, 30710
2026/09/25 17:38:32.769, 0, 289.41, 44, 2850, 16051, 31154
2026/09/25 17:38:32.770, 1, 272.63, 40, 2820, 16051, 30710
2026/09/25 17:38:33.020, 0, 289.41, 44, 2850, 16051, 31154
2026/09/25 17:38:33.020, 1, 272.63, 40, 2820, 16051, 30710
2026/09/25 17:38:33.270, 0, 290.25, 45, 2850, 16051, 31154
2026/09/25 17:38:33.270, 1, 274.08, 48, 2820, 16051, 30710
2026/09/25 17:38:33.520, 0, 290.25, 45, 2850, 16051, 31154
2026/09/25 17:38:33.520, 1, 274.08, 48, 2820, 16051, 30710
2026/09/25 17:38:33.770, 0, 291.76, 47, 2850, 16051, 31154
2026/09/25 17:38:33.770, 1, 272.72, 44, 2820, 16051, 30710
2026/09/25 17:38:34.020, 0, 291.76, 47, 2850, 16051, 31154
2026/09/25 17:38:34.020, 1, 272.72, 44, 2820, 16051, 30710
2026/09/25 17:38:34.271, 0, 290.51, 45, 2865, 16051, 31154
2026/09/25 17:38:34.271, 1, 273.78, 40, 2820, 16051, 30710
2026/09/25 17:38:34.521, 0, 290.51, 45, 2865, 16051, 31154
2026/09/25 17:38:34.521, 1, 273.78, 40, 2820, 16051, 30710
2026/09/25 17:38:34.771, 0, 290.42, 46, 2850, 16051, 31154
2026/09/25 17:38:34.771, 1, 273.86, 43, 2820, 16051, 30710
2026/09/25 17:38:35.021, 0, 290.42, 46, 2850, 16051, 31154
2026/09/25 17:38:35.021, 1, 273.86, 43, 2820, 16051, 30710
2026/09/25 17:38:35.271, 0, 290.28, 40, 2857, 16051, 31154
2026/09/25 17:38:35.271, 1, 270.24, 44, 2827, 16051, 30710
2026/09/25 17:38:35.521, 0, 290.28, 40, 2857, 16051, 31154
2026/09/25 17:38:35.521, 1, 270.24, 44, 2827, 16051, 30710
2026/09/25 17:38:35.772, 0, 291.09, 41, 2857, 16051, 31154
2026/09/25 17:38:35.772, 1, 270.06, 50, 2820, 16051, 30710
2026/09/25 17:38:36.022, 0, 291.09, 41, 2857, 16051, 31154
2026/09/25 17:38:36.022, 1, 270.06, 50, 2820, 16051, 30710
2026/09/25 17:38:36.272, 0, 295.33, 42, 2857, 16051, 31154
2026/09/25 17:38:36.272, 1, 274.88, 47, 2820, 16051, 30710
2026/09/25 17:38:36.522, 0, 295.33, 42, 2857, 16051, 31154
2026/09/25 17:38:36.522, 1, 274.88, 47, 2820, 16051, 30710
2026/09/25 17:38:36.772, 0, 292.37, 46, 2850, 16051, 31154
2026/09/25 17:38:36.772, 1, 276.48, 47, 2820, 16051, 30710
2026/09/25 17:38:37.023, 0, 292.37, 46, 2850, 16051, 31154
2026/09/25 17:38:37.023, 1, 276.48, 47, 2820, 16051, 30710
2026/09/25 17:38:37.273, 0, 276.79, 38, 2865, 16051, 31154
2026/09/25 17:38:37.273, 1, 260.05, 34, 2827, 16051, 30710
2026/09/25 17:38:37.523, 0, 276.79, 38, 2865, 16051, 31154
2026/09/25 17:38:37.523, 1, 260.05, 34, 2827, 16051, 30710
2026/09/25 17:38:37.773, 0, 251.20, 53, 2895, 16051, 31154
2026/09/25 17:38:37.773, 1, 227.18, 32, 2857, 16051, 30710
2026/09/25 17:38:38.023, 0, 251.20, 53, 2895, 16051, 31154
2026/09/25 17:38:38.024, 1, 227.18, 32, 2857, 16051, 30710
2026/09/25 17:38:38.274, 0, 247.50, 44, 2872, 16051, 31154
2026/09/25 17:38:38.274, 1, 227.44, 48, 2827, 16051, 30710
2026/09/25 17:38:38.524, 0, 247.50, 44, 2872, 16051, 31154
2026/09/25 17:38:38.524, 1, 227.44, 48, 2827, 16051, 30710
2026/09/25 17:38:38.774, 0, 272.25, 44, 2857, 16051, 31154
2026/09/25 17:38:38.774, 1, 270.76, 47, 2820, 16051, 30710
2026/09/25 17:38:39.024, 0, 272.25, 44, 2857, 16051, 31154
2026/09/25 17:38:39.024, 1, 270.76, 47, 2820, 16051, 30710
2026/09/25 17:38:39.274, 0, 292.51, 44, 2850, 16051, 31154
2026/09/25 17:38:39.275, 1, 275.12, 45, 2820, 16051, 30710
2026/09/25 17:38:39.525, 0, 292.51, 44, 2850, 16051, 31154
2026/09/25 17:38:39.525, 1, 275.12, 45, 2820, 16051, 30710
2026/09/25 17:38:39.775, 0, 293.68, 45, 2850, 16051, 31154
2026/09/25 17:38:39.775, 1, 276.40, 47, 2820, 16051, 30710
2026/09/25 17:38:40.025, 0, 293.68, 45, 2850, 16051, 31154
2026/09/25 17:38:40.025, 1, 276.40, 47, 2820, 16051, 30710
2026/09/25 17:38:40.275, 0, 292.92, 45, 2850, 16051, 31154
2026/09/25 17:38:40.275, 1, 277.64, 47, 2820, 16051, 30710
2026/09/25 17:38:40.525, 0, 292.92, 45, 2850, 16051, 31154
2026/09/25 17:38:40.525, 1, 277.64, 47, 2820, 16051, 30710
2026/09/25 17:38:40.776, 0, 294.49, 44, 2865, 16051, 31154
2026/09/25 17:38:40.776, 1, 276.84, 48, 2820, 16051, 30710
2026/09/25 17:38:41.026, 0, 294.49, 44, 2865, 16051, 31154
2026/09/25 17:38:41.026, 1, 276.84, 48, 2820, 16051, 30710
2026/09/25 17:38:41.276, 0, 293.12, 45, 2850, 16051, 31154
2026/09/25 17:38:41.276, 1, 274.81, 47, 2820, 16051, 30710
2026/09/25 17:38:41.526, 0, 293.12, 45, 2850, 16051, 31154
2026/09/25 17:38:41.526, 1, 274.81, 47, 2820, 16051, 30710
2026/09/25 17:38:41.776, 0, 293.49, 48, 2850, 16051, 31154
2026/09/25 17:38:41.776, 1, 275.75, 46, 2820, 16051, 30710
2026/09/25 17:38:42.027, 0, 293.49, 48, 2850, 16051, 31154
2026/09/25 17:38:42.027, 1, 275.75, 46, 2820, 16051, 30710
2026/09/25 17:38:42.277, 0, 292.77, 45, 2857, 16051, 31154
2026/09/25 17:38:42.277, 1, 279.03, 49, 2820, 16051, 30710
2026/09/25 17:38:42.527, 0, 292.77, 45, 2857, 16051, 31154
2026/09/25 17:38:42.527, 1, 279.03, 49, 2820, 16051, 30710
2026/09/25 17:38:42.777, 0, 294.95, 43, 2857, 16051, 31154
2026/09/25 17:38:42.777, 1, 277.97, 49, 2820, 16051, 30710
2026/09/25 17:38:43.027, 0, 294.95, 43, 2857, 16051, 31154
2026/09/25 17:38:43.027, 1, 277.97, 49, 2820, 16051, 30710
2026/09/25 17:38:43.277, 0, 292.77, 44, 2857, 16051, 31154
2026/09/25 17:38:43.278, 1, 275.21, 48, 2820, 16051, 30710
2026/09/25 17:38:43.528, 0, 292.77, 44, 2857, 16051, 31154
2026/09/25 17:38:43.528, 1, 275.21, 48, 2820, 16051, 30710
2026/09/25 17:38:43.778, 0, 291.95, 47, 2850, 16051, 31154
2026/09/25 17:38:43.778, 1, 275.36, 44, 2820, 16051, 30710
2026/09/25 17:38:44.028, 0, 291.95, 47, 2850, 16051, 31154
2026/09/25 17:38:44.028, 1, 275.36, 44, 2820, 16051, 30710
2026/09/25 17:38:44.278, 0, 296.23, 43, 2857, 16051, 31154
2026/09/25 17:38:44.278, 1, 276.48, 49, 2820, 16051, 30710
2026/09/25 17:38:44.528, 0, 296.23, 43, 2857, 16051, 31154
2026/09/25 17:38:44.528, 1, 276.48, 49, 2820, 16051, 30710
2026/09/25 17:38:44.778, 0, 299.72, 43, 2857, 16051, 31154
2026/09/25 17:38:44.778, 1, 278.10, 49, 2820, 16051, 30710
2026/09/25 17:38:45.028, 0, 299.72, 43, 2857, 16051, 31154
2026/09/25 17:38:45.028, 1, 278.10, 49, 2820, 16051, 30710
2026/09/25 17:38:45.279, 0, 298.71, 43, 2857, 16051, 31154
2026/09/25 17:38:45.279, 1, 279.32, 49, 2820, 16051, 30710
2026/09/25 17:38:45.529, 0, 298.71, 43, 2857, 16051, 31154
2026/09/25 17:38:45.529, 1, 279.32, 49, 2820, 16051, 30710
2026/09/25 17:38:45.779, 0, 297.29, 48, 2857, 16051, 31154
2026/09/25 17:38:45.779, 1, 281.00, 43, 2820, 16051, 30710
2026/09/25 17:38:46.029, 0, 297.29, 48, 2857, 16051, 31154
2026/09/25 17:38:46.029, 1, 281.00, 43, 2820, 16051, 30710
2026/09/25 17:38:46.279, 0, 298.83, 44, 2850, 16051, 31154
2026/09/25 17:38:46.279, 1, 280.29, 45, 2820, 16051, 30710
2026/09/25 17:38:46.529, 0, 298.83, 44, 2850, 16051, 31154
2026/09/25 17:38:46.529, 1, 280.29, 45, 2820, 16051, 30710
2026/09/25 17:38:46.779, 0, 300.21, 46, 2857, 16051, 31154
2026/09/25 17:38:46.779, 1, 281.23, 47, 2820, 16051, 30710
2026/09/25 17:38:47.029, 0, 300.21, 46, 2857, 16051, 31154
2026/09/25 17:38:47.030, 1, 281.23, 47, 2820, 16051, 30710
2026/09/25 17:38:47.280, 0, 278.99, 52, 2880, 16051, 31154
2026/09/25 17:38:47.280, 1, 260.47, 46, 2842, 16051, 30710
2026/09/25 17:38:47.530, 0, 278.99, 52, 2880, 16051, 31154
2026/09/25 17:38:47.530, 1, 260.47, 46, 2842, 16051, 30710
2026/09/25 17:38:47.780, 0, 244.27, 53, 2887, 16051, 31154
2026/09/25 17:38:47.780, 1, 224.63, 32, 2857, 16051, 30710
2026/09/25 17:38:48.030, 0, 244.27, 53, 2887, 16051, 31154
2026/09/25 17:38:48.030, 1, 224.63, 32, 2857, 16051, 30710
2026/09/25 17:38:48.280, 0, 256.20, 42, 2857, 16051, 31154
2026/09/25 17:38:48.280, 1, 236.55, 47, 2820, 16051, 30710
2026/09/25 17:38:48.530, 0, 256.20, 42, 2857, 16051, 31154
2026/09/25 17:38:48.531, 1, 236.55, 47, 2820, 16051, 30710
2026/09/25 17:38:48.781, 0, 276.12, 43, 2857, 16051, 31154
2026/09/25 17:38:48.781, 1, 276.60, 46, 2827, 16051, 30710
2026/09/25 17:38:49.031, 0, 276.12, 43, 2857, 16051, 31154
2026/09/25 17:38:49.031, 1, 276.60, 46, 2827, 16051, 30710
2026/09/25 17:38:49.281, 0, 289.24, 45, 2850, 16051, 31154
2026/09/25 17:38:49.281, 1, 276.31, 47, 2827, 16051, 30710
2026/09/25 17:38:49.531, 0, 289.24, 45, 2850, 16051, 31154
2026/09/25 17:38:49.531, 1, 276.31, 47, 2827, 16051, 30710
2026/09/25 17:38:49.782, 0, 293.65, 46, 2850, 16051, 31154
2026/09/25 17:38:49.782, 1, 275.64, 46, 2820, 16051, 30710
2026/09/25 17:38:50.032, 0, 293.65, 46, 2850, 16051, 31154
2026/09/25 17:38:50.032, 1, 275.64, 46, 2820, 16051, 30710
2026/09/25 17:38:50.282, 0, 294.13, 44, 2857, 16051, 31154
2026/09/25 17:38:50.282, 1, 276.72, 49, 2820, 16051, 30710
2026/09/25 17:38:50.532, 0, 294.13, 44, 2857, 16051, 31154
2026/09/25 17:38:50.532, 1, 276.72, 49, 2820, 16051, 30710
2026/09/25 17:38:50.782, 0, 294.67, 47, 2850, 16051, 31154
2026/09/25 17:38:50.782, 1, 275.76, 47, 2820, 16051, 30710
2026/09/25 17:38:51.033, 0, 294.67, 47, 2850, 16051, 31154
2026/09/25 17:38:51.033, 1, 275.76, 47, 2820, 16051, 30710
2026/09/25 17:38:51.283, 0, 294.16, 44, 2857, 16051, 31154
2026/09/25 17:38:51.283, 1, 273.36, 45, 2820, 16051, 30710
2026/09/25 17:38:51.533, 0, 294.16, 44, 2857, 16051, 31154
2026/09/25 17:38:51.533, 1, 273.36, 45, 2820, 16051, 30710
2026/09/25 17:38:51.783, 0, 287.73, 38, 2850, 16051, 31154
2026/09/25 17:38:51.783, 1, 270.41, 46, 2820, 16051, 30710
2026/09/25 17:38:52.033, 0, 287.73, 38, 2850, 16051, 31154
2026/09/25 17:38:52.033, 1, 270.41, 46, 2820, 16051, 30710
2026/09/25 17:38:52.283, 0, 285.65, 44, 2850, 16051, 31154
2026/09/25 17:38:52.283, 1, 270.28, 43, 2820, 16051, 30710
2026/09/25 17:38:52.534, 0, 285.65, 44, 2850, 16051, 31154
2026/09/25 17:38:52.534, 1, 270.28, 43, 2820, 16051, 30710
2026/09/25 17:38:52.784, 0, 286.15, 47, 2857, 16051, 31154
2026/09/25 17:38:52.784, 1, 271.80, 47, 2820, 16051, 30710
2026/09/25 17:38:53.034, 0, 286.15, 47, 2857, 16051, 31154
2026/09/25 17:38:53.034, 1, 271.80, 47, 2820, 16051, 30710
2026/09/25 17:38:53.284, 0, 288.32, 46, 2850, 16051, 31154
2026/09/25 17:38:53.284, 1, 271.28, 43, 2827, 16051, 30710
2026/09/25 17:38:53.534, 0, 288.32, 46, 2850, 16051, 31154
2026/09/25 17:38:53.534, 1, 271.28, 43, 2827, 16051, 30710
2026/09/25 17:38:53.784, 0, 289.67, 43, 2857, 16051, 31154
2026/09/25 17:38:53.785, 1, 270.38, 40, 2820, 16051, 30710
2026/09/25 17:38:54.035, 0, 289.67, 43, 2857, 16051, 31154
2026/09/25 17:38:54.035, 1, 270.38, 40, 2820, 16051, 30710
2026/09/25 17:38:54.285, 0, 290.09, 44, 2850, 16051, 31154
2026/09/25 17:38:54.285, 1, 272.35, 50, 2820, 16051, 30710
2026/09/25 17:38:54.535, 0, 290.09, 44, 2850, 16051, 31154
2026/09/25 17:38:54.535, 1, 272.35, 50, 2820, 16051, 30710
2026/09/25 17:38:54.785, 0, 289.14, 47, 2850, 16051, 31154
2026/09/25 17:38:54.785, 1, 272.49, 43, 2820, 16051, 30710
2026/09/25 17:38:55.035, 0, 289.14, 47, 2850, 16051, 31154
2026/09/25 17:38:55.035, 1, 272.49, 43, 2820, 16051, 30710
2026/09/25 17:38:55.285, 0, 291.45, 40, 2857, 16051, 31154
2026/09/25 17:38:55.285, 1, 274.31, 45, 2820, 16051, 30710
2026/09/25 17:38:55.535, 0, 291.45, 40, 2857, 16051, 31154
2026/09/25 17:38:55.536, 1, 274.31, 45, 2820, 16051, 30710
2026/09/25 17:38:55.786, 0, 290.57, 44, 2857, 16051, 31154
2026/09/25 17:38:55.786, 1, 272.29, 45, 2820, 16051, 30710
2026/09/25 17:38:56.036, 0, 290.57, 44, 2857, 16051, 31154
2026/09/25 17:38:56.036, 1, 272.29, 45, 2820, 16051, 30710
2026/09/25 17:38:56.286, 0, 293.23, 41, 2857, 16051, 31154
2026/09/25 17:38:56.286, 1, 274.07, 49, 2827, 16051, 30710
2026/09/25 17:38:56.536, 0, 293.23, 41, 2857, 16051, 31154
2026/09/25 17:38:56.537, 1, 274.07, 49, 2827, 16051, 30710
2026/09/25 17:38:56.787, 0, 291.63, 42, 2850, 16051, 31154
2026/09/25 17:38:56.787, 1, 274.82, 46, 2820, 16051, 30710
2026/09/25 17:38:57.037, 0, 291.63, 42, 2850, 16051, 31154
2026/09/25 17:38:57.037, 1, 274.82, 46, 2820, 16051, 30710
2026/09/25 17:38:57.287, 0, 282.83, 42, 2865, 16051, 31154
2026/09/25 17:38:57.287, 1, 257.13, 35, 2835, 16051, 30710
2026/09/25 17:38:57.537, 0, 282.83, 42, 2865, 16051, 31154
2026/09/25 17:38:57.537, 1, 257.13, 35, 2835, 16051, 30710
2026/09/25 17:38:57.787, 0, 250.10, 43, 2895, 16051, 31154
2026/09/25 17:38:57.788, 1, 219.91, 41, 2857, 16051, 30710
2026/09/25 17:38:58.038, 0, 250.10, 43, 2895, 16051, 31154
2026/09/25 17:38:58.038, 1, 219.91, 41, 2857, 16051, 30710
2026/09/25 17:38:58.288, 0, 223.13, 39, 2895, 16051, 31154
2026/09/25 17:38:58.288, 1, 204.79, 47, 2857, 16051, 30710
2026/09/25 17:38:58.538, 0, 223.13, 39, 2895, 16051, 31154
2026/09/25 17:38:58.538, 1, 204.79, 47, 2857, 16051, 30710
2026/09/25 17:38:58.788, 0, 224.29, 41, 2887, 16051, 31154
2026/09/25 17:38:58.789, 1, 205.92, 49, 2857, 16051, 30710
2026/09/25 17:38:59.039, 0, 224.29, 41, 2887, 16051, 31154
2026/09/25 17:38:59.039, 1, 205.92, 49, 2857, 16051, 30710
2026/09/25 17:38:59.289, 0, 254.01, 44, 2857, 16051, 31154
2026/09/25 17:38:59.289, 1, 233.97, 45, 2820, 16051, 30710
2026/09/25 17:38:59.539, 0, 254.01, 44, 2857, 16051, 31154
2026/09/25 17:38:59.539, 1, 233.97, 45, 2820, 16051, 30710
2026/09/25 17:38:59.789, 0, 280.85, 44, 2857, 16051, 31154
2026/09/25 17:38:59.789, 1, 272.45, 45, 2827, 16051, 30710
2026/09/25 17:39:00.039, 0, 280.85, 44, 2857, 16051, 31154
2026/09/25 17:39:00.039, 1, 272.45, 45, 2827, 16051, 30710
2026/09/25 17:39:00.290, 0, 293.33, 46, 2850, 16051, 31154
2026/09/25 17:39:00.290, 1, 278.17, 45, 2820, 16051, 30710
2026/09/25 17:39:00.540, 0, 293.33, 46, 2850, 16051, 31154
2026/09/25 17:39:00.540, 1, 278.17, 45, 2820, 16051, 30710
2026/09/25 17:39:00.790, 0, 296.02, 42, 2850, 16051, 31154
2026/09/25 17:39:00.790, 1, 277.51, 50, 2820, 16051, 30710
2026/09/25 17:39:01.040, 0, 296.02, 42, 2850, 16051, 31154
2026/09/25 17:39:01.040, 1, 277.51, 50, 2820, 16051, 30710
2026/09/25 17:39:01.290, 0, 294.17, 46, 2850, 16051, 31154
2026/09/25 17:39:01.290, 1, 275.53, 45, 2827, 16051, 30710
2026/09/25 17:39:01.540, 0, 294.17, 46, 2850, 16051, 31154
2026/09/25 17:39:01.541, 1, 275.53, 45, 2827, 16051, 30710
2026/09/25 17:39:01.791, 0, 293.43, 46, 2857, 16051, 31154
2026/09/25 17:39:01.791, 1, 273.28, 50, 2820, 16051, 30710
2026/09/25 17:39:02.041, 0, 293.43, 46, 2857, 16051, 31154
2026/09/25 17:39:02.041, 1, 273.28, 50, 2820, 16051, 30710
2026/09/25 17:39:02.291, 0, 294.68, 42, 2857, 16051, 31154
2026/09/25 17:39:02.291, 1, 276.62, 42, 2820, 16051, 30710
2026/09/25 17:39:02.541, 0, 294.68, 42, 2857, 16051, 31154
2026/09/25 17:39:02.541, 1, 276.62, 42, 2820, 16051, 30710
2026/09/25 17:39:02.791, 0, 293.23, 46, 2857, 16051, 31154
2026/09/25 17:39:02.791, 1, 274.26, 47, 2820, 16051, 30710
2026/09/25 17:39:03.041, 0, 293.23, 46, 2857, 16051, 31154
2026/09/25 17:39:03.042, 1, 274.26, 47, 2820, 16051, 30710
2026/09/25 17:39:03.292, 0, 295.60, 46, 2850, 16051, 31154
2026/09/25 17:39:03.292, 1, 275.96, 44, 2820, 16051, 30710
2026/09/25 17:39:03.542, 0, 295.60, 46, 2850, 16051, 31154
2026/09/25 17:39:03.542, 1, 275.96, 44, 2820, 16051, 30710
2026/09/25 17:39:03.792, 0, 298.57, 43, 2857, 16051, 31154
2026/09/25 17:39:03.792, 1, 276.97, 48, 2820, 16051, 30710
2026/09/25 17:39:04.042, 0, 298.57, 43, 2857, 16051, 31154
2026/09/25 17:39:04.042, 1, 276.97, 48, 2820, 16051, 30710
2026/09/25 17:39:04.292, 0, 296.51, 45, 2850, 16051, 31154
2026/09/25 17:39:04.293, 1, 277.97, 44, 2820, 16051, 30710
2026/09/25 17:39:04.543, 0, 296.51, 45, 2850, 16051, 31154
2026/09/25 17:39:04.543, 1, 277.97, 44, 2820, 16051, 30710
2026/09/25 17:39:04.793, 0, 297.25, 44, 2857, 16051, 31154
2026/09/25 17:39:04.793, 1, 274.52, 48, 2820, 16051, 30710
2026/09/25 17:39:05.043, 0, 297.25, 44, 2857, 16051, 31154
2026/09/25 17:39:05.043, 1, 274.52, 48, 2820, 16051, 30710
2026/09/25 17:39:05.293, 0, 297.24, 49, 2850, 16051, 31154
2026/09/25 17:39:05.293, 1, 277.51, 52, 2820, 16051, 30710
2026/09/25 17:39:05.543, 0, 297.24, 49, 2850, 16051, 31154
2026/09/25 17:39:05.544, 1, 277.51, 52, 2820, 16051, 30710
2026/09/25 17:39:05.794, 0, 297.79, 45, 2850, 16051, 31154
2026/09/25 17:39:05.794, 1, 280.43, 43, 2820, 16051, 30710
2026/09/25 17:39:06.044, 0, 297.79, 45, 2850, 16051, 31154
2026/09/25 17:39:06.044, 1, 280.43, 43, 2820, 16051, 30710
2026/09/25 17:39:06.294, 0, 298.51, 45, 2850, 16051, 31154
2026/09/25 17:39:06.294, 1, 277.02, 48, 2820, 16051, 30710
2026/09/25 17:39:06.544, 0, 298.51, 45, 2850, 16051, 31154
2026/09/25 17:39:06.544, 1, 277.02, 48, 2820, 16051, 30710
2026/09/25 17:39:06.794, 0, 298.64, 43, 2850, 16051, 31154
2026/09/25 17:39:06.794, 1, 277.07, 45, 2820, 16051, 30710
2026/09/25 17:39:07.045, 0, 298.64, 43, 2850, 16051, 31154
2026/09/25 17:39:07.045, 1, 277.07, 45, 2820, 16051, 30710
2026/09/25 17:39:07.295, 0, 296.88, 41, 2857, 16051, 31154
2026/09/25 17:39:07.295, 1, 277.22, 42, 2820, 16051, 30710
2026/09/25 17:39:07.545, 0, 296.88, 41, 2857, 16051, 31154
2026/09/25 17:39:07.545, 1, 277.22, 42, 2820, 16051, 30710
2026/09/25 17:39:07.795, 0, 300.85, 48, 2850, 16051, 31154
2026/09/25 17:39:07.795, 1, 277.86, 51, 2820, 16051, 30710
2026/09/25 17:39:08.045, 0, 300.85, 48, 2850, 16051, 31154
2026/09/25 17:39:08.045, 1, 277.86, 51, 2820, 16051, 30710
2026/09/25 17:39:08.295, 0, 302.28, 44, 2850, 16051, 31154
2026/09/25 17:39:08.296, 1, 279.89, 48, 2820, 16051, 30710
2026/09/25 17:39:08.546, 0, 302.28, 44, 2850, 16051, 31154
2026/09/25 17:39:08.546, 1, 279.89, 48, 2820, 16051, 30710
2026/09/25 17:39:08.796, 0, 282.24, 48, 2872, 16051, 31154
2026/09/25 17:39:08.796, 1, 258.41, 40, 2835, 16051, 30710
2026/09/25 17:39:09.046, 0, 282.24, 48, 2872, 16051, 31154
2026/09/25 17:39:09.046, 1, 258.41, 40, 2835, 16051, 30710
2026/09/25 17:39:09.296, 0, 245.81, 49, 2895, 16051, 31154
2026/09/25 17:39:09.296, 1, 227.13, 39, 2857, 16051, 30710
2026/09/25 17:39:09.546, 0, 245.81, 49, 2895, 16051, 31154
2026/09/25 17:39:09.547, 1, 227.13, 39, 2857, 16051, 30710
2026/09/25 17:39:09.797, 0, 242.29, 44, 2865, 16051, 31154
2026/09/25 17:39:09.797, 1, 225.95, 45, 2835, 16051, 30710
2026/09/25 17:39:10.047, 0, 242.29, 44, 2865, 16051, 31154
2026/09/25 17:39:10.047, 1, 225.95, 45, 2835, 16051, 30710
2026/09/25 17:39:10.297, 0, 274.26, 45, 2857, 16051, 31154
2026/09/25 17:39:10.297, 1, 262.29, 45, 2827, 16051, 30710
2026/09/25 17:39:10.547, 0, 274.26, 45, 2857, 16051, 31154
2026/09/25 17:39:10.547, 1, 262.29, 45, 2827, 16051, 30710
2026/09/25 17:39:10.798, 0, 292.60, 47, 2850, 16051, 31154
2026/09/25 17:39:10.798, 1, 278.66, 46, 2820, 16051, 30710
2026/09/25 17:39:11.048, 0, 292.60, 47, 2850, 16051, 31154
2026/09/25 17:39:11.048, 1, 278.66, 46, 2820, 16051, 30710
2026/09/25 17:39:11.298, 0, 295.17, 39, 2857, 16051, 31154
2026/09/25 17:39:11.298, 1, 275.65, 47, 2827, 16051, 30710
2026/09/25 17:39:11.548, 0, 295.17, 39, 2857, 16051, 31154
2026/09/25 17:39:11.548, 1, 275.65, 47, 2827, 16051, 30710
2026/09/25 17:39:11.798, 0, 297.52, 43, 2850, 16051, 31154
2026/09/25 17:39:11.798, 1, 275.89, 48, 2820, 16051, 30710
2026/09/25 17:39:12.048, 0, 297.52, 43, 2850, 16051, 31154
2026/09/25 17:39:12.049, 1, 275.89, 48, 2820, 16051, 30710
2026/09/25 17:39:12.299, 0, 296.92, 42, 2850, 16051, 31154
2026/09/25 17:39:12.299, 1, 277.64, 49, 2820, 16051, 30710
2026/09/25 17:39:12.549, 0, 296.92, 42, 2850, 16051, 31154
2026/09/25 17:39:12.549, 1, 277.64, 49, 2820, 16051, 30710
2026/09/25 17:39:12.799, 0, 298.53, 41, 2857, 16051, 31154
2026/09/25 17:39:12.799, 1, 276.42, 48, 2820, 16051, 30710
2026/09/25 17:39:13.049, 0, 298.53, 41, 2857, 16051, 31154
2026/09/25 17:39:13.049, 1, 276.42, 48, 2820, 16051, 30710
2026/09/25 17:39:13.299, 0, 298.81, 40, 2850, 16051, 31154
2026/09/25 17:39:13.299, 1, 279.13, 45, 2820, 16051, 30710
2026/09/25 17:39:13.549, 0, 298.81, 40, 2850, 16051, 31154
2026/09/25 17:39:13.549, 1, 279.13, 45, 2820, 16051, 30710
2026/09/25 17:39:13.800, 0, 297.40, 44, 2850, 16051, 31154
2026/09/25 17:39:13.800, 1, 279.01, 43, 2820, 16051, 30710
2026/09/25 17:39:14.050, 0, 297.40, 44, 2850, 16051, 31154
2026/09/25 17:39:14.050, 1, 279.01, 43, 2820, 16051, 30710
2026/09/25 17:39:14.300, 0, 297.73, 44, 2850, 16051, 31154
2026/09/25 17:39:14.300, 1, 277.67, 48, 2820, 16051, 30710
2026/09/25 17:39:14.550, 0, 297.73, 44, 2850, 16051, 31154
2026/09/25 17:39:14.550, 1, 277.67, 48, 2820, 16051, 30710
2026/09/25 17:39:14.800, 0, 295.72, 47, 2850, 16051, 31154
2026/09/25 17:39:14.800, 1, 278.89, 45, 2820, 16051, 30710
2026/09/25 17:39:15.050, 0, 295.72, 47, 2850, 16051, 31154
2026/09/25 17:39:15.051, 1, 278.89, 45, 2820, 16051, 30710
2026/09/25 17:39:15.301, 0, 300.45, 46, 2850, 16051, 31154
2026/09/25 17:39:15.301, 1, 279.05, 50, 2820, 16051, 30710
2026/09/25 17:39:15.551, 0, 300.45, 46, 2850, 16051, 31154
2026/09/25 17:39:15.551, 1, 279.05, 50, 2820, 16051, 30710
2026/09/25 17:39:15.801, 0, 301.05, 47, 2850, 16051, 31154
2026/09/25 17:39:15.801, 1, 281.90, 47, 2820, 16051, 30710
2026/09/25 17:39:16.051, 0, 301.05, 47, 2850, 16051, 31154
2026/09/25 17:39:16.051, 1, 281.90, 47, 2820, 16051, 30710
2026/09/25 17:39:16.302, 0, 297.51, 46, 2850, 16051, 31154
2026/09/25 17:39:16.302, 1, 279.16, 44, 2820, 16051, 30710
2026/09/25 17:39:16.552, 0, 297.51, 46, 2850, 16051, 31154
2026/09/25 17:39:16.552, 1, 279.16, 44, 2820, 16051, 30710
2026/09/25 17:39:16.802, 0, 297.91, 41, 2857, 16051, 31154
2026/09/25 17:39:16.802, 1, 278.88, 43, 2820, 16051, 30710
2026/09/25 17:39:17.052, 0, 297.91, 41, 2857, 16051, 31154
2026/09/25 17:39:17.052, 1, 278.88, 43, 2820, 16051, 30710
2026/09/25 17:39:17.302, 0, 301.82, 44, 2850, 16051, 31154
2026/09/25 17:39:17.302, 1, 278.47, 47, 2820, 16051, 30710
2026/09/25 17:39:17.552, 0, 301.82, 44, 2850, 16051, 31154
2026/09/25 17:39:17.553, 1, 278.47, 47, 2820, 16051, 30710
2026/09/25 17:39:17.803, 0, 300.54, 43, 2850, 16051, 31154
2026/09/25 17:39:17.803, 1, 279.88, 48, 2820, 16051, 30710
2026/09/25 17:39:18.053, 0, 300.54, 43, 2850, 16051, 31154
2026/09/25 17:39:18.053, 1, 279.88, 48, 2820, 16051, 30710
2026/09/25 17:39:18.303, 0, 300.94, 49, 2850, 16051, 31154
2026/09/25 17:39:18.303, 1, 280.84, 47, 2820, 16051, 30710
2026/09/25 17:39:18.553, 0, 300.94, 49, 2850, 16051, 31154
2026/09/25 17:39:18.553, 1, 280.84, 47, 2820, 16051, 30710
2026/09/25 17:39:18.804, 0, 302.22, 42, 2850, 16051, 31154
2026/09/25 17:39:18.804, 1, 281.46, 44, 2820, 16051, 30710
2026/09/25 17:39:19.054, 0, 302.22, 42, 2850, 16051, 31154
2026/09/25 17:39:19.054, 1, 281.46, 44, 2820, 16051, 30710
2026/09/25 17:39:19.304, 0, 295.84, 45, 2857, 16051, 31154
2026/09/25 17:39:19.304, 1, 278.07, 47, 2827, 16051, 30710
2026/09/25 17:39:19.554, 0, 295.84, 45, 2857, 16051, 31154
2026/09/25 17:39:19.554, 1, 278.07, 47, 2827, 16051, 30710
2026/09/25 17:39:19.804, 0, 259.82, 52, 2895, 16051, 31154
2026/09/25 17:39:19.804, 1, 240.60, 46, 2857, 16051, 30710
2026/09/25 17:39:20.054, 0, 259.82, 52, 2895, 16051, 31154
2026/09/25 17:39:20.055, 1, 240.60, 46, 2857, 16051, 30710
2026/09/25 17:39:20.305, 0, 232.79, 48, 2887, 16051, 31154
2026/09/25 17:39:20.305, 1, 216.79, 48, 2857, 16051, 30710
2026/09/25 17:39:20.555, 0, 232.79, 48, 2887, 16051, 31154
2026/09/25 17:39:20.555, 1, 216.79, 48, 2857, 16051, 30710
2026/09/25 17:39:20.805, 0, 260.94, 46, 2857, 16051, 31154
2026/09/25 17:39:20.805, 1, 250.34, 48, 2820, 16051, 30710
2026/09/25 17:39:21.055, 0, 260.94, 46, 2857, 16051, 31154
2026/09/25 17:39:21.055, 1, 250.34, 48, 2820, 16051, 30710
2026/09/25 17:39:21.305, 0, 293.05, 43, 2865, 16051, 31154
2026/09/25 17:39:21.306, 1, 279.32, 49, 2820, 16051, 30710
2026/09/25 17:39:21.556, 0, 293.05, 43, 2865, 16051, 31154
2026/09/25 17:39:21.556, 1, 279.32, 49, 2820, 16051, 30710
2026/09/25 17:39:21.806, 0, 295.78, 44, 2857, 16051, 31154
2026/09/25 17:39:21.806, 1, 278.84, 45, 2827, 16051, 30710
2026/09/25 17:39:22.056, 0, 295.78, 44, 2857, 16051, 31154
2026/09/25 17:39:22.056, 1, 278.84, 45, 2827, 16051, 30710
2026/09/25 17:39:22.306, 0, 294.23, 40, 2857, 16051, 31154
2026/09/25 17:39:22.306, 1, 277.89, 43, 2820, 16051, 30710
2026/09/25 17:39:22.556, 0, 294.23, 40, 2857, 16051, 31154
2026/09/25 17:39:22.556, 1, 277.89, 43, 2820, 16051, 30710
2026/09/25 17:39:22.806, 0, 296.24, 45, 2850, 16051, 31154
2026/09/25 17:39:22.807, 1, 278.27, 50, 2820, 16051, 30710
2026/09/25 17:39:23.057, 0, 296.24, 45, 2850, 16051, 31154
2026/09/25 17:39:23.057, 1, 278.27, 50, 2820, 16051, 30710
2026/09/25 17:39:23.307, 0, 299.12, 48, 2850, 16051, 31154
2026/09/25 17:39:23.307, 1, 278.85, 49, 2820, 16051, 30710
2026/09/25 17:39:23.557, 0, 299.12, 48, 2850, 16051, 31154
2026/09/25 17:39:23.557, 1, 278.85, 49, 2820, 16051, 30710
2026/09/25 17:39:23.807, 0, 295.63, 41, 2857, 16051, 31154
2026/09/25 17:39:23.807, 1, 276.43, 46, 2820, 16051, 30710
2026/09/25 17:39:24.057, 0, 295.63, 41, 2857, 16051, 31154
2026/09/25 17:39:24.057, 1, 276.43, 46, 2820, 16051, 30710
2026/09/25 17:39:24.308, 0, 292.38, 40, 2857, 16051, 31154
2026/09/25 17:39:24.308, 1, 275.64, 44, 2820, 16051, 30710
2026/09/25 17:39:24.558, 0, 292.38, 40, 2857, 16051, 31154
2026/09/25 17:39:24.558, 1, 275.64, 44, 2820, 16051, 30710
2026/09/25 17:39:24.808, 0, 294.25, 49, 2850, 16051, 31154
2026/09/25 17:39:24.808, 1, 276.55, 51, 2820, 16051, 30710
2026/09/25 17:39:25.058, 0, 294.25, 49, 2850, 16051, 31154
2026/09/25 17:39:25.058, 1, 276.55, 51, 2820, 16051, 30710
2026/09/25 17:39:25.308, 0, 296.95, 45, 2850, 16051, 31154
2026/09/25 17:39:25.308, 1, 279.32, 43, 2820, 16051, 30710
2026/09/25 17:39:25.558, 0, 296.95, 45, 2850, 16051, 31154
2026/09/25 17:39:25.559, 1, 279.32, 43, 2820, 16051, 30710
2026/09/25 17:39:25.809, 0, 299.28, 46, 2850, 16051, 31154
2026/09/25 17:39:25.809, 1, 276.93, 50, 2820, 16051, 30710
2026/09/25 17:39:26.059, 0, 299.28, 46, 2850, 16051, 31154
2026/09/25 17:39:26.059, 1, 276.93, 50, 2820, 16051, 30710
2026/09/25 17:39:26.309, 0, 297.44, 43, 2850, 16051, 31154
2026/09/25 17:39:26.309, 1, 277.14, 46, 2820, 16051, 30710
2026/09/25 17:39:26.559, 0, 297.44, 43, 2850, 16051, 31154
2026/09/25 17:39:26.559, 1, 277.14, 46, 2820, 16051, 30710
2026/09/25 17:39:26.809, 0, 295.26, 46, 2857, 16051, 31154
2026/09/25 17:39:26.810, 1, 279.03, 44, 2820, 16051, 30710
2026/09/25 17:39:27.060, 0, 295.26, 46, 2857, 16051, 31154
2026/09/25 17:39:27.060, 1, 279.03, 44, 2820, 16051, 30710
2026/09/25 17:39:27.310, 0, 297.57, 43, 2857, 16051, 31154
2026/09/25 17:39:27.310, 1, 278.73, 48, 2820, 16051, 30710
2026/09/25 17:39:27.560, 0, 297.57, 43, 2857, 16051, 31154
2026/09/25 17:39:27.560, 1, 278.73, 48, 2820, 16051, 30710
2026/09/25 17:39:27.810, 0, 299.42, 47, 2850, 16051, 31154
2026/09/25 17:39:27.810, 1, 278.24, 50, 2820, 16051, 30710
2026/09/25 17:39:28.061, 0, 299.42, 47, 2850, 16051, 31154
2026/09/25 17:39:28.061, 1, 278.24, 50, 2820, 16051, 30710
2026/09/25 17:39:28.311, 0, 298.49, 45, 2850, 16051, 31154
2026/09/25 17:39:28.311, 1, 279.90, 47, 2812, 16051, 30710
2026/09/25 17:39:28.561, 0, 298.49, 45, 2850, 16051, 31154
2026/09/25 17:39:28.561, 1, 279.90, 47, 2812, 16051, 30710
2026/09/25 17:39:28.811, 0, 300.79, 48, 2850, 16051, 31154
2026/09/25 17:39:28.811, 1, 280.44, 51, 2820, 16051, 30710
2026/09/25 17:39:29.061, 0, 300.79, 48, 2850, 16051, 31154
2026/09/25 17:39:29.061, 1, 280.44, 51, 2820, 16051, 30710
2026/09/25 17:39:29.312, 0, 300.32, 45, 2850, 16051, 31154
2026/09/25 17:39:29.312, 1, 280.74, 45, 2820, 16051, 30710
2026/09/25 17:39:29.562, 0, 300.32, 45, 2850, 16051, 31154
2026/09/25 17:39:29.562, 1, 280.74, 45, 2820, 16051, 30710
2026/09/25 17:39:29.812, 0, 298.60, 45, 2857, 16051, 31154
2026/09/25 17:39:29.812, 1, 277.86, 49, 2820, 16051, 30710
2026/09/25 17:39:30.062, 0, 298.60, 45, 2857, 16051, 31154
2026/09/25 17:39:30.062, 1, 277.86, 49, 2820, 16051, 30710
2026/09/25 17:39:30.312, 0, 265.43, 38, 2887, 16051, 31154
2026/09/25 17:39:30.312, 1, 247.18, 47, 2857, 16051, 30710
2026/09/25 17:39:30.563, 0, 265.43, 38, 2887, 16051, 31154
2026/09/25 17:39:30.563, 1, 247.18, 47, 2857, 16051, 30710
2026/09/25 17:39:30.813, 0, 234.04, 43, 2895, 16051, 31154
2026/09/25 17:39:30.813, 1, 218.75, 49, 2857, 16051, 30710
2026/09/25 17:39:31.063, 0, 234.04, 43, 2895, 16051, 31154
2026/09/25 17:39:31.063, 1, 218.75, 49, 2857, 16051, 30710
2026/09/25 17:39:31.313, 0, 256.08, 43, 2865, 16051, 31154
2026/09/25 17:39:31.313, 1, 235.77, 48, 2820, 16051, 30710
2026/09/25 17:39:31.563, 0, 256.08, 43, 2865, 16051, 31154
2026/09/25 17:39:31.563, 1, 235.77, 48, 2820, 16051, 30710
2026/09/25 17:39:31.813, 0, 281.12, 46, 2850, 16051, 31154
2026/09/25 17:39:31.814, 1, 272.83, 46, 2820, 16051, 30710
2026/09/25 17:39:32.064, 0, 281.12, 46, 2850, 16051, 31154
2026/09/25 17:39:32.064, 1, 272.83, 46, 2820, 16051, 30710
2026/09/25 17:39:32.314, 0, 295.47, 44, 2850, 16051, 31154
2026/09/25 17:39:32.314, 1, 280.50, 48, 2820, 16051, 30710
2026/09/25 17:39:32.564, 0, 295.47, 44, 2850, 16051, 31154
2026/09/25 17:39:32.564, 1, 280.50, 48, 2820, 16051, 30710
2026/09/25 17:39:32.814, 0, 298.72, 41, 2850, 16051, 31154
2026/09/25 17:39:32.814, 1, 278.96, 49, 2820, 16051, 30710
2026/09/25 17:39:33.064, 0, 298.72, 41, 2850, 16051, 31154
2026/09/25 17:39:33.065, 1, 278.96, 49, 2820, 16051, 30710
2026/09/25 17:39:33.315, 0, 297.85, 41, 2850, 16051, 31154
2026/09/25 17:39:33.315, 1, 278.06, 50, 2820, 16051, 30710
2026/09/25 17:39:33.565, 0, 297.85, 41, 2850, 16051, 31154
2026/09/25 17:39:33.565, 1, 278.06, 50, 2820, 16051, 30710
2026/09/25 17:39:33.815, 0, 297.09, 45, 2857, 16051, 31154
2026/09/25 17:39:33.815, 1, 278.61, 45, 2820, 16051, 30710
2026/09/25 17:39:34.065, 0, 297.09, 45, 2857, 16051, 31154
2026/09/25 17:39:34.065, 1, 278.61, 45, 2820, 16051, 30710
2026/09/25 17:39:34.315, 0, 297.56, 45, 2850, 16051, 31154
2026/09/25 17:39:34.315, 1, 279.52, 44, 2820, 16051, 30710
2026/09/25 17:39:34.566, 0, 297.56, 45, 2850, 16051, 31154
2026/09/25 17:39:34.566, 1, 279.52, 44, 2820, 16051, 30710
2026/09/25 17:39:34.816, 0, 297.46, 42, 2857, 16051, 31154
2026/09/25 17:39:34.816, 1, 276.98, 47, 2820, 16051, 30710
2026/09/25 17:39:35.066, 0, 297.46, 42, 2857, 16051, 31154
2026/09/25 17:39:35.066, 1, 276.98, 47, 2820, 16051, 30710
2026/09/25 17:39:35.316, 0, 296.24, 48, 2850, 16051, 31154
2026/09/25 17:39:35.316, 1, 279.23, 43, 2820, 16051, 30710
2026/09/25 17:39:35.566, 0, 296.24, 48, 2850, 16051, 31154
2026/09/25 17:39:35.566, 1, 279.23, 43, 2820, 16051, 30710
2026/09/25 17:39:35.816, 0, 299.25, 44, 2850, 16051, 31154
2026/09/25 17:39:35.817, 1, 277.85, 51, 2820, 16051, 30710
2026/09/25 17:39:36.067, 0, 299.25, 44, 2850, 16051, 31154
2026/09/25 17:39:36.067, 1, 277.85, 51, 2820, 16051, 30710
2026/09/25 17:39:36.317, 0, 296.31, 48, 2850, 16051, 31154
2026/09/25 17:39:36.317, 1, 278.60, 42, 2820, 16051, 30710
2026/09/25 17:39:36.567, 0, 296.31, 48, 2850, 16051, 31154
2026/09/25 17:39:36.567, 1, 278.60, 42, 2820, 16051, 30710
2026/09/25 17:39:36.817, 0, 296.95, 41, 2850, 16051, 31154
2026/09/25 17:39:36.817, 1, 278.22, 49, 2820, 16051, 30710
2026/09/25 17:39:37.067, 0, 296.95, 41, 2850, 16051, 31154
2026/09/25 17:39:37.068, 1, 278.22, 49, 2820, 16051, 30710
2026/09/25 17:39:37.318, 0, 298.19, 44, 2857, 16051, 31154
2026/09/25 17:39:37.318, 1, 277.30, 51, 2820, 16051, 30710
2026/09/25 17:39:37.568, 0, 298.19, 44, 2857, 16051, 31154
2026/09/25 17:39:37.568, 1, 277.30, 51, 2820, 16051, 30710
2026/09/25 17:39:37.818, 0, 296.52, 49, 2857, 16051, 31154
2026/09/25 17:39:37.818, 1, 277.73, 44, 2820, 16051, 30710
2026/09/25 17:39:38.068, 0, 296.52, 49, 2857, 16051, 31154
2026/09/25 17:39:38.068, 1, 277.73, 44, 2820, 16051, 30710
2026/09/25 17:39:38.318, 0, 299.63, 44, 2850, 16051, 31154
2026/09/25 17:39:38.319, 1, 278.82, 51, 2820, 16051, 30710
2026/09/25 17:39:38.569, 0, 299.63, 44, 2850, 16051, 31154
2026/09/25 17:39:38.569, 1, 278.82, 51, 2820, 16051, 30710
2026/09/25 17:39:38.819, 0, 299.93, 46, 2850, 16051, 31154
2026/09/25 17:39:38.819, 1, 279.88, 49, 2820, 16051, 30710
2026/09/25 17:39:39.069, 0, 299.93, 46, 2850, 16051, 31154
2026/09/25 17:39:39.069, 1, 279.88, 49, 2820, 16051, 30710
2026/09/25 17:39:39.319, 0, 300.06, 41, 2850, 16051, 31154
2026/09/25 17:39:39.319, 1, 282.76, 49, 2820, 16051, 30710
2026/09/25 17:39:39.570, 0, 300.06, 41, 2850, 16051, 31154
2026/09/25 17:39:39.570, 1, 282.76, 49, 2820, 16051, 30710
2026/09/25 17:39:39.820, 0, 300.63, 48, 2857, 16051, 31154
2026/09/25 17:39:39.820, 1, 281.46, 43, 2820, 16051, 30710
2026/09/25 17:39:40.070, 0, 300.63, 48, 2857, 16051, 31154
2026/09/25 17:39:40.070, 1, 281.46, 43, 2820, 16051, 30710
2026/09/25 17:39:40.320, 0, 299.76, 47, 2857, 16051, 31154
2026/09/25 17:39:40.320, 1, 281.22, 43, 2812, 16051, 30710
2026/09/25 17:39:40.571, 0, 299.76, 47, 2857, 16051, 31154
2026/09/25 17:39:40.571, 1, 281.22, 43, 2812, 16051, 30710
2026/09/25 17:39:40.821, 0, 273.33, 41, 2880, 16051, 31154
2026/09/25 17:39:40.821, 1, 260.66, 50, 2850, 16051, 30710
2026/09/25 17:39:41.071, 0, 273.33, 41, 2880, 16051, 31154
2026/09/25 17:39:41.071, 1, 260.66, 50, 2850, 16051, 30710
2026/09/25 17:39:41.321, 0, 246.17, 42, 2880, 16051, 31154
2026/09/25 17:39:41.321, 1, 242.62, 50, 2842, 16051, 30710
2026/09/25 17:39:41.571, 0, 246.17, 42, 2880, 16051, 31154
2026/09/25 17:39:41.572, 1, 242.62, 50, 2842, 16051, 30710
2026/09/25 17:39:41.822, 0, 231.10, 9, 2880, 16051, 31154
2026/09/25 17:39:41.822, 1, 234.85, 10, 2842, 16051, 30710
2026/09/25 17:39:42.072, 0, 231.10, 9, 2880, 16051, 31154
2026/09/25 17:39:42.072, 1, 234.85, 10, 2842, 16051, 30710
2026/09/25 17:39:42.322, 0, 159.53, 0, 2902, 16051, 31154
2026/09/25 17:39:42.322, 1, 162.70, 0, 2865, 16051, 30710
2026/09/25 17:39:42.572, 0, 159.53, 0, 2902, 16051, 31154
2026/09/25 17:39:42.572, 1, 162.70, 0, 2865, 16051, 30710
2026/09/25 17:39:42.822, 0, 100.44, 0, 2902, 16051, 31154
2026/09/25 17:39:42.823, 1, 84.56, 0, 2865, 16051, 30710
2026/09/25 17:39:43.073, 0, 100.44, 0, 2902, 16051, 31154
2026/09/25 17:39:43.073, 1, 84.56, 0, 2865, 16051, 30710
2026/09/25 17:39:43.323, 0, 96.44, 0, 2902, 16051, 31154
2026/09/25 17:39:43.323, 1, 83.65, 0, 2865, 16051, 30710
2026/09/25 17:39:43.573, 0, 96.44, 0, 2902, 16051, 31154
2026/09/25 17:39:43.573, 1, 83.65, 0, 2865, 16051, 30710
2026/09/25 17:39:43.823, 0, 88.78, 0, 2430, 16051, 31154
2026/09/25 17:39:43.823, 1, 76.74, 0, 2400, 16051, 30710
2026/09/25 17:39:44.073, 0, 88.78, 0, 2430, 16051, 31154
2026/09/25 17:39:44.073, 1, 76.74, 0, 2400, 16051, 30710
2026/09/25 17:39:44.323, 0, 77.07, 0, 2430, 16051, 31154
2026/09/25 17:39:44.323, 1, 66.30, 0, 2400, 16051, 30710
2026/09/25 17:39:44.573, 0, 77.07, 0, 2430, 16051, 31154
2026/09/25 17:39:44.574, 1, 66.30, 0, 2400, 16051, 30710
2026/09/25 17:39:44.824, 0, 74.45, 0, 2430, 16051, 31154
2026/09/25 17:39:44.824, 1, 64.07, 0, 2400, 16051, 30710
2026/09/25 17:39:45.074, 0, 74.45, 0, 2430, 16051, 31154
2026/09/25 17:39:45.074, 1, 64.07, 0, 2400, 16051, 30710
2026/09/25 17:39:45.324, 0, 74.17, 0, 2430, 16051, 31154
2026/09/25 17:39:45.324, 1, 63.97, 0, 2400, 16051, 30710
2026/09/25 17:39:45.574, 0, 74.17, 0, 2430, 16051, 31154
2026/09/25 17:39:45.574, 1, 63.97, 0, 2400, 16051, 30710
2026/09/25 17:39:45.824, 0, 74.28, 0, 2430, 16051, 31154
2026/09/25 17:39:45.824, 1, 63.86, 0, 2400, 16051, 30710
2026/09/25 17:39:46.074, 0, 74.28, 0, 2430, 16051, 31154
2026/09/25 17:39:46.074, 1, 63.86, 0, 2400, 16051, 30710
2026/09/25 17:39:46.324, 0, 74.47, 0, 2430, 16051, 31154
2026/09/25 17:39:46.324, 1, 63.86, 0, 2400, 16051, 30710
2026/09/25 17:39:46.574, 0, 74.47, 0, 2430, 16051, 31154
2026/09/25 17:39:46.574, 1, 63.86, 0, 2400, 16051, 30710
2026/09/25 17:39:46.825, 0, 74.42, 0, 2430, 16051, 31154
2026/09/25 17:39:46.825, 1, 63.98, 0, 2400, 16051, 30710
2026/09/25 17:39:47.075, 0, 74.42, 0, 2430, 16051, 31154
2026/09/25 17:39:47.075, 1, 63.98, 0, 2400, 16051, 30710
2026/09/25 17:39:47.325, 0, 74.36, 0, 2430, 16051, 31154
2026/09/25 17:39:47.325, 1, 64.03, 0, 2400, 16051, 30710
2026/09/25 17:39:47.575, 0, 74.36, 0, 2430, 16051, 31154
2026/09/25 17:39:47.575, 1, 64.03, 0, 2400, 16051, 30710
2026/09/25 17:39:47.825, 0, 74.30, 0, 2430, 16051, 31154
2026/09/25 17:39:47.825, 1, 63.98, 0, 2400, 16051, 30710
2026/09/25 17:39:48.075, 0, 74.30, 0, 2430, 16051, 31154
2026/09/25 17:39:48.075, 1, 63.98, 0, 2400, 16051, 30710
2026/09/25 17:39:48.325, 0, 73.82, 0, 2430, 16051, 31154
2026/09/25 17:39:48.325, 1, 63.91, 0, 2400, 16051, 30710
2026/09/25 17:39:48.575, 0, 73.82, 0, 2430, 16051, 31154
2026/09/25 17:39:48.575, 1, 63.91, 0, 2400, 16051, 30710
2026/09/25 17:39:48.826, 0, 73.38, 0, 2430, 16051, 31154
2026/09/25 17:39:48.826, 1, 63.84, 0, 2400, 16051, 30710
2026/09/25 17:39:49.076, 0, 73.38, 0, 2430, 16051, 31154
2026/09/25 17:39:49.076, 1, 63.84, 0, 2400, 16051, 30710
2026/09/25 17:39:49.326, 0, 73.35, 0, 2430, 16051, 31154
2026/09/25 17:39:49.326, 1, 63.72, 0, 2400, 16051, 30710
2026/09/25 17:39:49.576, 0, 73.35, 0, 2430, 16051, 31154
2026/09/25 17:39:49.576, 1, 63.72, 0, 2400, 16051, 30710
2026/09/25 17:39:49.826, 0, 73.62, 0, 2430, 16051, 31154
2026/09/25 17:39:49.826, 1, 63.57, 0, 2400, 16051, 30710
2026/09/25 17:39:50.076, 0, 73.62, 0, 2430, 16051, 31154
2026/09/25 17:39:50.077, 1, 63.57, 0, 2400, 16051, 30710
2026/09/25 17:39:50.327, 0, 73.96, 0, 2430, 16051, 31154
2026/09/25 17:39:50.327, 1, 63.52, 0, 2400, 16051, 30710
2026/09/25 17:39:50.577, 0, 73.96, 0, 2430, 16051, 31154
2026/09/25 17:39:50.577, 1, 63.52, 0, 2400, 16051, 30710
2026/09/25 17:39:50.827, 0, 74.08, 0, 2430, 16051, 31154
2026/09/25 17:39:50.827, 1, 63.49, 0, 2400, 16051, 30710
2026/09/25 17:39:51.077, 0, 74.08, 0, 2430, 16051, 31154
2026/09/25 17:39:51.077, 1, 63.49, 0, 2400, 16051, 30710
2026/09/25 17:39:51.327, 0, 73.85, 0, 2430, 16051, 31154
2026/09/25 17:39:51.327, 1, 63.49, 0, 2400, 16051, 30710
2026/09/25 17:39:51.577, 0, 73.85, 0, 2430, 16051, 31154
2026/09/25 17:39:51.577, 1, 63.49, 0, 2400, 16051, 30710
2026/09/25 17:39:51.828, 0, 73.48, 0, 2430, 16051, 31154
2026/09/25 17:39:51.828, 1, 63.51, 0, 2400, 16051, 30710
2026/09/25 17:39:52.078, 0, 73.48, 0, 2430, 16051, 31154
2026/09/25 17:39:52.078, 1, 63.51, 0, 2400, 16051, 30710
2026/09/25 17:39:52.328, 0, 73.35, 0, 2430, 16051, 31154
2026/09/25 17:39:52.328, 1, 63.53, 0, 2400, 16051, 30710
2026/09/25 17:39:52.578, 0, 73.35, 0, 2430, 16051, 31154
2026/09/25 17:39:52.578, 1, 63.53, 0, 2400, 16051, 30710
2026/09/25 17:39:52.828, 0, 73.24, 0, 2430, 16051, 31154
2026/09/25 17:39:52.828, 1, 63.58, 0, 2400, 16051, 30710
2026/09/25 17:39:53.078, 0, 73.24, 0, 2430, 16051, 31154
2026/09/25 17:39:53.078, 1, 63.58, 0, 2400, 16051, 30710
2026/09/25 17:39:53.328, 0, 73.48, 0, 2430, 16051, 31154
2026/09/25 17:39:53.328, 1, 63.56, 0, 2400, 16051, 30710
2026/09/25 17:39:53.578, 0, 73.48, 0, 2430, 16051, 31154
2026/09/25 17:39:53.578, 1, 63.56, 0, 2400, 16051, 30710
2026/09/25 17:39:53.828, 0, 73.56, 0, 2430, 16051, 31154
2026/09/25 17:39:53.828, 1, 63.51, 0, 2400, 16051, 30710
2026/09/25 17:39:54.079, 0, 73.56, 0, 2430, 16051, 31154
2026/09/25 17:39:54.079, 1, 63.51, 0, 2400, 16051, 30710
2026/09/25 17:39:54.329, 0, 73.52, 0, 2430, 16051, 31154
2026/09/25 17:39:54.329, 1, 63.45, 0, 2400, 16051, 30710
2026/09/25 17:39:54.579, 0, 73.52, 0, 2430, 16051, 31154
2026/09/25 17:39:54.579, 1, 63.45, 0, 2400, 16051, 30710
2026/09/25 17:39:54.829, 0, 73.77, 0, 2430, 16051, 31154
2026/09/25 17:39:54.829, 1, 63.41, 0, 2400, 16051, 30710
2026/09/25 17:39:55.079, 0, 73.77, 0, 2430, 16051, 31154
2026/09/25 17:39:55.079, 1, 63.41, 0, 2400, 16051, 30710
2026/09/25 17:39:55.329, 0, 74.06, 0, 2430, 16051, 31154
2026/09/25 17:39:55.329, 1, 63.34, 0, 2400, 16051, 30710
2026/09/25 17:39:55.579, 0, 74.06, 0, 2430, 16051, 31154
2026/09/25 17:39:55.579, 1, 63.34, 0, 2400, 16051, 30710
2026/09/25 17:39:55.829, 0, 74.02, 0, 2430, 16051, 31154
2026/09/25 17:39:55.830, 1, 63.30, 0, 2400, 16051, 30710
2026/09/25 17:39:56.080, 0, 74.02, 0, 2430, 16051, 31154
2026/09/25 17:39:56.080, 1, 63.30, 0, 2400, 16051, 30710
2026/09/25 17:39:56.330, 0, 73.90, 0, 2430, 16051, 31154
2026/09/25 17:39:56.330, 1, 63.30, 0, 2400, 16051, 30710
2026/09/25 17:39:56.580, 0, 73.90, 0, 2430, 16051, 31154
2026/09/25 17:39:56.580, 1, 63.30, 0, 2400, 16051, 30710
2026/09/25 17:39:56.830, 0, 74.06, 0, 2430, 16051, 31154
2026/09/25 17:39:56.830, 1, 63.35, 0, 2400, 16051, 30710
2026/09/25 17:39:57.080, 0, 74.06, 0, 2430, 16051, 31154
2026/09/25 17:39:57.080, 1, 63.35, 0, 2400, 16051, 30710
2026/09/25 17:39:57.331, 0, 74.30, 0, 2430, 16051, 31154
2026/09/25 17:39:57.331, 1, 63.36, 0, 2400, 16051, 30710
2026/09/25 17:39:57.581, 0, 74.30, 0, 2430, 16051, 31154
2026/09/25 17:39:57.581, 1, 63.36, 0, 2400, 16051, 30710
2026/09/25 17:39:57.831, 0, 74.40, 0, 2430, 16051, 31154
2026/09/25 17:39:57.831, 1, 63.34, 0, 2400, 16051, 30710
2026/09/25 17:39:58.081, 0, 74.40, 0, 2430, 16051, 31154
2026/09/25 17:39:58.081, 1, 63.34, 0, 2400, 16051, 30710
2026/09/25 17:39:58.331, 0, 74.52, 0, 2430, 16051, 31154
2026/09/25 17:39:58.331, 1, 63.31, 0, 2400, 16051, 30710
2026/09/25 17:39:58.581, 0, 74.52, 0, 2430, 16051, 31154
2026/09/25 17:39:58.581, 1, 63.31, 0, 2400, 16051, 30710
2026/09/25 17:39:58.831, 0, 72.27, 0, 2430, 7001, 31154
2026/09/25 17:39:58.831, 1, 61.58, 0, 2400, 7001, 30710
2026/09/25 17:39:59.082, 0, 72.27, 0, 442, 7001, 31154
2026/09/25 17:39:59.082, 1, 61.58, 0, 2400, 7001, 30710
2026/09/25 17:39:59.332, 0, 56.66, 0, 442, 7001, 31154
2026/09/25 17:39:59.332, 1, 47.38, 0, 442, 7001, 30710
2026/09/25 17:39:59.582, 0, 56.66, 0, 360, 810, 31154
2026/09/25 17:39:59.582, 1, 47.38, 0, 442, 7001, 30710
2026/09/25 17:39:59.832, 0, 37.84, 0, 360, 810, 31154
2026/09/25 17:39:59.832, 1, 33.13, 0, 352, 810, 30710
2026/09/25 17:40:00.082, 0, 37.84, 0, 360, 810, 31154
2026/09/25 17:40:00.082, 1, 33.13, 0, 352, 810, 30710
2026/09/25 17:40:00.332, 0, 37.84, 0, 360, 810, 31154
2026/09/25 17:40:00.332, 1, 33.13, 0, 352, 810, 30710
2026/09/25 17:40:00.582, 0, 37.84, 0, 210, 810, 31154
2026/09/25 17:40:00.582, 1, 33.13, 0, 352, 810, 30710
2026/09/25 17:40:00.833, 0, 26.10, 0, 210, 810, 31154
2026/09/25 17:40:00.833, 1, 20.00, 0, 202, 810, 30710
2026/09/25 17:40:01.083, 0, 26.10, 0, 210, 810, 31154
2026/09/25 17:40:01.083, 1, 20.00, 0, 202, 810, 30710
2026/09/25 17:40:01.333, 0, 26.10, 0, 210, 810, 31154
2026/09/25 17:40:01.333, 1, 20.00, 0, 202, 810, 30710
2026/09/25 17:40:01.583, 0, 17.74, 0, 210, 405, 31154
2026/09/25 17:40:01.583, 1, 20.00, 0, 202, 810, 30710
2026/09/25 17:40:01.833, 0, 17.74, 0, 210, 405, 31154
2026/09/25 17:40:01.833, 1, 15.44, 0, 180, 405, 30710
2026/09/25 17:40:02.083, 0, 17.74, 0, 210, 405, 31154
2026/09/25 17:40:02.083, 1, 15.44, 0, 180, 405, 30710
2026/09/25 17:40:02.333, 0, 17.74, 0, 210, 405, 31154
2026/09/25 17:40:02.334, 1, 15.44, 0, 180, 405, 30710
2026/09/25 17:40:02.584, 0, 16.61, 0, 210, 405, 31154
2026/09/25 17:40:02.584, 1, 15.44, 0, 180, 405, 30710
2026/09/25 17:40:02.834, 0, 16.61, 0, 210, 405, 31154
2026/09/25 17:40:02.834, 1, 11.01, 0, 180, 405, 30710
2026/09/25 17:40:03.084, 0, 16.61, 0, 210, 405, 31154
2026/09/25 17:40:03.084, 1, 11.01, 0, 180, 405, 30710
2026/09/25 17:40:03.334, 0, 16.61, 0, 210, 405, 31154
2026/09/25 17:40:03.334, 1, 11.01, 0, 180, 405, 30710
2026/09/25 17:40:03.584, 0, 16.56, 0, 210, 405, 31154
2026/09/25 17:40:03.584, 1, 11.01, 0, 180, 405, 30710
2026/09/25 17:40:03.834, 0, 16.56, 0, 210, 405, 31154
2026/09/25 17:40:03.834, 1, 9.58, 0, 180, 405, 30710
2026/09/25 17:40:04.084, 0, 16.56, 0, 210, 405, 31154
2026/09/25 17:40:04.085, 1, 9.58, 0, 180, 405, 30710
2026/09/25 17:40:04.335, 0, 16.56, 0, 210, 405, 31154
2026/09/25 17:40:04.335, 1, 9.58, 0, 180, 405, 30710
2026/09/25 17:40:04.585, 0, 16.57, 0, 210, 405, 31154
2026/09/25 17:40:04.585, 1, 9.58, 0, 180, 405, 30710
2026/09/25 17:40:04.835, 0, 16.57, 0, 210, 405, 31154
2026/09/25 17:40:04.835, 1, 10.39, 0, 180, 405, 30710
2026/09/25 17:40:05.085, 0, 16.57, 0, 210, 405, 31154
2026/09/25 17:40:05.085, 1, 10.39, 0, 180, 405, 30710
2026/09/25 17:40:05.335, 0, 16.57, 0, 210, 405, 31154
2026/09/25 17:40:05.335, 1, 10.39, 0, 180, 405, 30710
2026/09/25 17:40:05.585, 0, 16.51, 0, 210, 405, 31154
2026/09/25 17:40:05.586, 1, 10.39, 0, 180, 405, 30710
2026/09/25 17:40:05.836, 0, 16.51, 0, 210, 405, 31154
2026/09/25 17:40:05.836, 1, 10.40, 0, 180, 405, 30710
2026/09/25 17:40:06.086, 0, 16.51, 0, 210, 405, 31154
2026/09/25 17:40:06.086, 1, 10.40, 0, 180, 405, 30710
2026/09/25 17:40:06.336, 0, 16.51, 0, 210, 405, 31154
2026/09/25 17:40:06.336, 1, 10.40, 0, 180, 405, 30710
2026/09/25 17:40:06.586, 0, 16.61, 0, 210, 405, 31154
2026/09/25 17:40:06.586, 1, 10.40, 0, 180, 405, 30710
2026/09/25 17:40:06.836, 0, 16.61, 0, 210, 405, 31154
2026/09/25 17:40:06.836, 1, 10.78, 0, 180, 405, 30710
2026/09/25 17:40:07.086, 0, 16.61, 0, 210, 405, 31154
2026/09/25 17:40:07.087, 1, 10.78, 0, 180, 405, 30710
2026/09/25 17:40:07.337, 0, 16.61, 0, 210, 405, 31154
2026/09/25 17:40:07.337, 1, 10.78, 0, 180, 405, 30710
2026/09/25 17:40:07.587, 0, 16.56, 0, 210, 405, 31154
2026/09/25 17:40:07.587, 1, 10.78, 0, 180, 405, 30710
2026/09/25 17:40:07.837, 0, 16.56, 0, 210, 405, 31154
2026/09/25 17:40:07.837, 1, 10.40, 0, 180, 405, 30710
2026/09/25 17:40:08.087, 0, 16.56, 0, 210, 405, 31154
2026/09/25 17:40:08.087, 1, 10.40, 0, 180, 405, 30710
2026/09/25 17:40:08.337, 0, 16.56, 0, 210, 405, 31154
2026/09/25 17:40:08.337, 1, 10.40, 0, 180, 405, 30710
2026/09/25 17:40:08.587, 0, 16.64, 0, 210, 405, 31154
2026/09/25 17:40:08.587, 1, 10.40, 0, 180, 405, 30710
2026/09/25 17:40:08.837, 0, 16.64, 0, 210, 405, 31154
2026/09/25 17:40:08.837, 1, 8.98, 0, 180, 405, 30710
2026/09/25 17:40:09.088, 0, 16.64, 0, 210, 405, 31154
2026/09/25 17:40:09.088, 1, 8.98, 0, 180, 405, 30710
2026/09/25 17:40:09.338, 0, 16.64, 0, 210, 405, 31154
2026/09/25 17:40:09.338, 1, 8.98, 0, 180, 405, 30710
2026/09/25 17:40:09.588, 0, 16.52, 0, 210, 405, 31154
2026/09/25 17:40:09.588, 1, 8.98, 0, 180, 405, 30710
2026/09/25 17:40:09.838, 0, 16.52, 0, 210, 405, 31154
2026/09/25 17:40:09.838, 1, 8.62, 0, 180, 405, 30710
2026/09/25 17:40:10.088, 0, 16.52, 0, 210, 405, 31154
2026/09/25 17:40:10.088, 1, 8.62, 0, 180, 405, 30710
2026/09/25 17:40:10.338, 0, 16.52, 0, 210, 405, 31154
2026/09/25 17:40:10.339, 1, 8.62, 0, 180, 405, 30710
2026/09/25 17:40:10.589, 0, 16.36, 0, 210, 405, 31154
2026/09/25 17:40:10.589, 1, 8.62, 0, 180, 405, 30710
2026/09/25 17:40:10.839, 0, 16.36, 0, 210, 405, 31154
2026/09/25 17:40:10.839, 1, 9.10, 0, 180, 405, 30710
2026/09/25 17:40:11.089, 0, 16.36, 0, 210, 405, 31154
2026/09/25 17:40:11.089, 1, 9.10, 0, 180, 405, 30710
2026/09/25 17:40:11.339, 0, 16.36, 0, 210, 405, 31154
2026/09/25 17:40:11.339, 1, 9.10, 0, 180, 405, 30710
2026/09/25 17:40:11.589, 0, 16.56, 0, 210, 405, 31154
2026/09/25 17:40:11.589, 1, 9.10, 0, 180, 405, 30710
2026/09/25 17:40:11.840, 0, 16.56, 0, 210, 405, 31154
2026/09/25 17:40:11.840, 1, 9.31, 0, 180, 405, 30710
2026/09/25 17:40:12.090, 0, 16.56, 0, 210, 405, 31154
2026/09/25 17:40:12.090, 1, 9.31, 0, 180, 405, 30710
2026/09/25 17:40:12.340, 0, 16.56, 0, 210, 405, 31154
2026/09/25 17:40:12.340, 1, 9.31, 0, 180, 405, 30710
2026/09/25 17:40:12.590, 0, 16.48, 0, 210, 405, 31154
2026/09/25 17:40:12.590, 1, 9.31, 0, 180, 405, 30710
2026/09/25 17:40:12.840, 0, 16.48, 0, 210, 405, 31154
2026/09/25 17:40:12.840, 1, 9.06, 0, 180, 405, 30710
2026/09/25 17:40:13.090, 0, 16.48, 0, 210, 405, 31154
2026/09/25 17:40:13.090, 1, 9.06, 0, 180, 405, 30710
2026/09/25 17:40:13.340, 0, 16.48, 0, 210, 405, 31154
2026/09/25 17:40:13.341, 1, 9.06, 0, 180, 405, 30710
2026/09/25 17:40:13.591, 0, 16.56, 0, 210, 405, 31154
2026/09/25 17:40:13.591, 1, 9.06, 0, 180, 405, 30710
2026/09/25 17:40:13.841, 0, 16.56, 0, 210, 405, 31154
2026/09/25 17:40:13.841, 1, 7.95, 0, 180, 405, 30710
2026/09/25 17:40:14.091, 0, 16.56, 0, 210, 405, 31154
2026/09/25 17:40:14.091, 1, 7.95, 0, 180, 405, 30710
2026/09/25 17:40:14.341, 0, 16.56, 0, 210, 405, 31154
2026/09/25 17:40:14.341, 1, 7.95, 0, 180, 405, 30710
2026/09/25 17:40:14.591, 0, 16.16, 0, 210, 405, 31154
2026/09/25 17:40:14.591, 1, 7.95, 0, 180, 405, 30710
2026/09/25 17:40:14.841, 0, 16.16, 0, 210, 405, 31154
2026/09/25 17:40:14.841, 1, 8.13, 0, 180, 405, 30710
2026/09/25 17:40:15.091, 0, 16.16, 0, 210, 405, 31154
2026/09/25 17:40:15.092, 1, 8.13, 0, 180, 405, 30710
2026/09/25 17:40:15.342, 0, 16.16, 0, 210, 405, 31154
2026/09/25 17:40:15.342, 1, 8.13, 0, 180, 405, 30710
2026/09/25 17:40:15.592, 0, 16.29, 0, 210, 405, 31154
2026/09/25 17:40:15.592, 1, 8.13, 0, 180, 405, 30710
2026/09/25 17:40:15.842, 0, 16.29, 0, 210, 405, 31154
2026/09/25 17:40:15.842, 1, 8.65, 0, 180, 405, 30710
2026/09/25 17:40:16.092, 0, 16.29, 0, 210, 405, 31154
2026/09/25 17:40:16.092, 1, 8.65, 0, 180, 405, 30710
2026/09/25 17:40:16.342, 0, 16.29, 0, 210, 405, 31154
2026/09/25 17:40:16.342, 1, 8.65, 0, 180, 405, 30710
2026/09/25 17:40:16.593, 0, 16.29, 0, 210, 405, 31154
2026/09/25 17:40:16.593, 1, 8.65, 0, 180, 405, 30710
2026/09/25 17:40:16.843, 0, 16.29, 0, 210, 405, 31154
2026/09/25 17:40:16.843, 1, 8.81, 0, 180, 405, 30710
2026/09/25 17:40:17.093, 0, 16.29, 0, 210, 405, 31154
2026/09/25 17:40:17.093, 1, 8.81, 0, 180, 405, 30710
2026/09/25 17:40:17.343, 0, 16.29, 0, 210, 405, 31154
2026/09/25 17:40:17.343, 1, 8.81, 0, 180, 405, 30710
2026/09/25 17:40:17.593, 0, 16.30, 0, 210, 405, 31154
2026/09/25 17:40:17.593, 1, 8.81, 0, 180, 405, 30710
2026/09/25 17:40:17.843, 0, 16.30, 0, 210, 405, 31154
2026/09/25 17:40:17.843, 1, 8.66, 0, 180, 405, 30710
2026/09/25 17:40:18.094, 0, 16.30, 0, 210, 405, 31154
2026/09/25 17:40:18.094, 1, 8.66, 0, 180, 405, 30710
2026/09/25 17:40:18.344, 0, 16.30, 0, 210, 405, 31154
2026/09/25 17:40:18.344, 1, 8.66, 0, 180, 405, 30710
2026/09/25 17:40:18.594, 0, 16.22, 0, 210, 405, 31154
2026/09/25 17:40:18.594, 1, 8.66, 0, 180, 405, 30710
2026/09/25 17:40:18.844, 0, 16.22, 0, 210, 405, 31154
2026/09/25 17:40:18.844, 1, 8.77, 0, 180, 405, 30710
2026/09/25 17:40:19.094, 0, 16.22, 0, 210, 405, 31154
2026/09/25 17:40:19.094, 1, 8.77, 0, 180, 405, 30710
2026/09/25 17:40:19.344, 0, 16.22, 0, 210, 405, 31154
2026/09/25 17:40:19.344, 1, 8.77, 0, 180, 405, 30710
2026/09/25 17:40:19.594, 0, 16.23, 0, 210, 405, 31154
2026/09/25 17:40:19.595, 1, 8.77, 0, 180, 405, 30710
2026/09/25 17:40:19.845, 0, 16.23, 0, 210, 405, 31154
2026/09/25 17:40:19.845, 1, 9.06, 0, 180, 405, 30710
2026/09/25 17:40:20.095, 0, 16.23, 0, 210, 405, 31154
2026/09/25 17:40:20.095, 1, 9.06, 0, 180, 405, 30710
2026/09/25 17:40:20.345, 0, 16.23, 0, 210, 405, 31154
2026/09/25 17:40:20.345, 1, 9.06, 0, 180, 405, 30710
2026/09/25 17:40:20.595, 0, 16.55, 0, 210, 405, 31154
2026/09/25 17:40:20.595, 1, 9.06, 0, 180, 405, 30710
2026/09/25 17:40:20.845, 0, 16.55, 0, 210, 405, 31154
2026/09/25 17:40:20.845, 1, 8.90, 0, 180, 405, 30710
2026/09/25 17:40:21.096, 0, 16.55, 0, 210, 405, 31154
2026/09/25 17:40:21.096, 1, 8.90, 0, 180, 405, 30710
2026/09/25 17:40:21.346, 0, 16.55, 0, 210, 405, 31154
2026/09/25 17:40:21.346, 1, 8.90, 0, 180, 405, 30710
2026/09/25 17:40:21.596, 0, 16.43, 0, 210, 405, 31154
2026/09/25 17:40:21.596, 1, 8.90, 0, 180, 405, 30710
2026/09/25 17:40:21.846, 0, 16.43, 0, 210, 405, 31154
2026/09/25 17:40:21.846, 1, 8.55, 0, 180, 405, 30710
2026/09/25 17:40:22.096, 0, 16.43, 0, 210, 405, 31154
2026/09/25 17:40:22.096, 1, 8.55, 0, 180, 405, 30710
2026/09/25 17:40:22.346, 0, 16.43, 0, 210, 405, 31154
2026/09/25 17:40:22.347, 1, 8.55, 0, 180, 405, 30710
2026/09/25 17:40:22.597, 0, 16.34, 0, 210, 405, 31154
2026/09/25 17:40:22.597, 1, 8.55, 0, 180, 405, 30710
2026/09/25 17:40:22.847, 0, 16.34, 0, 210, 405, 31154
2026/09/25 17:40:22.847, 1, 8.57, 0, 180, 405, 30710
2026/09/25 17:40:23.097, 0, 16.34, 0, 210, 405, 31154
2026/09/25 17:40:23.097, 1, 8.57, 0, 180, 405, 30710
2026/09/25 17:40:23.347, 0, 16.34, 0, 210, 405, 31154
2026/09/25 17:40:23.347, 1, 8.57, 0, 180, 405, 30710
2026/09/25 17:40:23.597, 0, 16.29, 0, 210, 405, 31154
2026/09/25 17:40:23.597, 1, 8.57, 0, 180, 405, 30710
2026/09/25 17:40:23.847, 0, 16.29, 0, 210, 405, 31154
2026/09/25 17:40:23.847, 1, 8.37, 0, 180, 405, 30710
2026/09/25 17:40:24.097, 0, 16.29, 0, 210, 405, 31154
2026/09/25 17:40:24.097, 1, 8.37, 0, 180, 405, 30710
2026/09/25 17:40:24.347, 0, 16.29, 0, 210, 405, 31154
2026/09/25 17:40:24.347, 1, 8.37, 0, 180, 405, 30710
2026/09/25 17:40:24.597, 0, 16.20, 0, 210, 405, 31154
2026/09/25 17:40:24.598, 1, 8.37, 0, 180, 405, 30710
2026/09/25 17:40:24.848, 0, 16.20, 0, 210, 405, 31154
2026/09/25 17:40:24.848, 1, 8.70, 0, 180, 405, 30710
2026/09/25 17:40:25.098, 0, 16.20, 0, 210, 405, 31154
2026/09/25 17:40:25.098, 1, 8.70, 0, 180, 405, 30710
2026/09/25 17:40:25.348, 0, 16.20, 0, 210, 405, 31154
2026/09/25 17:40:25.348, 1, 8.70, 0, 180, 405, 30710
2026/09/25 17:40:25.598, 0, 16.22, 0, 210, 405, 31154
2026/09/25 17:40:25.598, 1, 8.70, 0, 180, 405, 30710
2026/09/25 17:40:25.848, 0, 16.22, 0, 210, 405, 31154
2026/09/25 17:40:25.848, 1, 8.61, 0, 180, 405, 30710
2026/09/25 17:40:26.098, 0, 16.22, 0, 210, 405, 31154
2026/09/25 17:40:26.098, 1, 8.61, 0, 180, 405, 30710
2026/09/25 17:40:26.348, 0, 16.22, 0, 210, 405, 31154
2026/09/25 17:40:26.348, 1, 8.61, 0, 180, 405, 30710
2026/09/25 17:40:26.599, 0, 16.15, 0, 210, 405, 31154
2026/09/25 17:40:26.599, 1, 8.61, 0, 180, 405, 30710
2026/09/25 17:40:26.849, 0, 16.15, 0, 210, 405, 31154
2026/09/25 17:40:26.849, 1, 8.81, 0, 180, 405, 30710
2026/09/25 17:40:27.099, 0, 16.15, 0, 210, 405, 31154
2026/09/25 17:40:27.099, 1, 8.81, 0, 180, 405, 30710
2026/09/25 17:40:27.349, 0, 16.15, 0, 210, 405, 31154
2026/09/25 17:40:27.349, 1, 8.81, 0, 180, 405, 30710
2026/09/25 17:40:27.599, 0, 15.81, 0, 210, 405, 31154
2026/09/25 17:40:27.599, 1, 8.81, 0, 180, 405, 30710
2026/09/25 17:40:27.849, 0, 15.81, 0, 210, 405, 31154
2026/09/25 17:40:27.849, 1, 8.77, 0, 180, 405, 30710
2026/09/25 17:40:28.099, 0, 15.81, 0, 210, 405, 31154
2026/09/25 17:40:28.099, 1, 8.77, 0, 180, 405, 30710
2026/09/25 17:40:28.350, 0, 15.81, 0, 210, 405, 31154
2026/09/25 17:40:28.350, 1, 8.77, 0, 180, 405, 30710
2026/09/25 17:40:28.600, 0, 15.36, 0, 210, 405, 31154
2026/09/25 17:40:28.600, 1, 8.54, 0, 180, 405, 30710
2026/09/25 17:40:28.850, 0, 15.36, 0, 210, 405, 31154
2026/09/25 17:40:28.850, 1, 8.54, 0, 180, 405, 30710
2026/09/25 17:40:29.100, 0, 15.36, 0, 210, 405, 31154
2026/09/25 17:40:29.100, 1, 8.54, 0, 180, 405, 30710
2026/09/25 17:40:29.350, 0, 15.36, 0, 210, 405, 31154
2026/09/25 17:40:29.350, 1, 8.54, 0, 180, 405, 30710
2026/09/25 17:40:29.600, 0, 15.36, 0, 210, 405, 31154
2026/09/25 17:40:29.600, 1, 8.78, 0, 180, 405, 30710
2026/09/25 17:40:29.850, 0, 15.36, 0, 210, 405, 31154
2026/09/25 17:40:29.850, 1, 8.78, 0, 180, 405, 30710
2026/09/25 17:40:30.100, 0, 15.36, 0, 210, 405, 31154
2026/09/25 17:40:30.100, 1, 8.78, 0, 180, 405, 30710
2026/09/25 17:40:30.351, 0, 15.36, 0, 210, 405, 31154
2026/09/25 17:40:30.351, 1, 8.78, 0, 180, 405, 30710
2026/09/25 17:40:30.601, 0, 15.75, 0, 210, 405, 31154
2026/09/25 17:40:30.601, 1, 8.66, 0, 180, 405, 30710
2026/09/25 17:40:30.851, 0, 15.75, 0, 210, 405, 31154
2026/09/25 17:40:30.851, 1, 8.66, 0, 180, 405, 30710
2026/09/25 17:40:31.101, 0, 15.75, 0, 210, 405, 31154
2026/09/25 17:40:31.101, 1, 8.66, 0, 180, 405, 30710
2026/09/25 17:40:31.351, 0, 15.75, 0, 210, 405, 31154
2026/09/25 17:40:31.351, 1, 8.66, 0, 180, 405, 30710
2026/09/25 17:40:31.601, 0, 15.72, 0, 210, 405, 31154
2026/09/25 17:40:31.601, 1, 8.46, 0, 180, 405, 30710
2026/09/25 17:40:31.851, 0, 15.72, 0, 210, 405, 31154
2026/09/25 17:40:31.852, 1, 8.46, 0, 180, 405, 30710
2026/09/25 17:40:32.102, 0, 15.72, 0, 210, 405, 31154
2026/09/25 17:40:32.102, 1, 8.46, 0, 180, 405, 30710
2026/09/25 17:40:32.352, 0, 15.72, 0, 210, 405, 31154
2026/09/25 17:40:32.352, 1, 8.46, 0, 180, 405, 30710
2026/09/25 17:40:32.602, 0, 15.92, 0, 210, 405, 31154
2026/09/25 17:40:32.602, 1, 8.50, 0, 180, 405, 30710
2026/09/25 17:40:32.852, 0, 15.92, 0, 210, 405, 31154
2026/09/25 17:40:32.852, 1, 8.50, 0, 180, 405, 30710
2026/09/25 17:40:33.102, 0, 15.92, 0, 210, 405, 31154
2026/09/25 17:40:33.102, 1, 8.50, 0, 180, 405, 30710
2026/09/25 17:40:33.352, 0, 15.92, 0, 210, 405, 31154
2026/09/25 17:40:33.352, 1, 8.50, 0, 180, 405, 30710
2026/09/25 17:40:33.603, 0, 15.94, 0, 210, 405, 31154
2026/09/25 17:40:33.603, 1, 8.99, 0, 180, 405, 30710
2026/09/25 17:40:33.853, 0, 15.94, 0, 210, 405, 31154
2026/09/25 17:40:33.853, 1, 8.99, 0, 180, 405, 30710
2026/09/25 17:40:34.103, 0, 15.94, 0, 210, 405, 31154
2026/09/25 17:40:34.103, 1, 8.99, 0, 180, 405, 30710
2026/09/25 17:40:34.353, 0, 15.94, 0, 210, 405, 31154
2026/09/25 17:40:34.353, 1, 8.99, 0, 180, 405, 30710
2026/09/25 17:40:34.603, 0, 16.15, 0, 210, 405, 31154
2026/09/25 17:40:34.603, 1, 8.69, 0, 180, 405, 30710
2026/09/25 17:40:34.854, 0, 16.15, 0, 210, 405, 31154
2026/09/25 17:40:34.854, 1, 8.69, 0, 180, 405, 30710
2026/09/25 17:40:35.104, 0, 16.15, 0, 210, 405, 31154
2026/09/25 17:40:35.104, 1, 8.69, 0, 180, 405, 30710
2026/09/25 17:40:35.354, 0, 16.15, 0, 210, 405, 31154
2026/09/25 17:40:35.354, 1, 8.69, 0, 180, 405, 30710
2026/09/25 17:40:35.604, 0, 15.87, 0, 210, 405, 31154
2026/09/25 17:40:35.604, 1, 8.85, 0, 180, 405, 30710
2026/09/25 17:40:35.854, 0, 15.87, 0, 210, 405, 31154
2026/09/25 17:40:35.854, 1, 8.85, 0, 180, 405, 30710
2026/09/25 17:40:36.104, 0, 15.87, 0, 210, 405, 31154
2026/09/25 17:40:36.104, 1, 8.85, 0, 180, 405, 30710
2026/09/25 17:40:36.354, 0, 15.87, 0, 210, 405, 31154
2026/09/25 17:40:36.354, 1, 8.85, 0, 180, 405, 30710
2026/09/25 17:40:36.604, 0, 16.03, 0, 210, 405, 31154
2026/09/25 17:40:36.605, 1, 8.63, 0, 180, 405, 30710
2026/09/25 17:40:36.855, 0, 16.03, 0, 210, 405, 31154
2026/09/25 17:40:36.855, 1, 8.63, 0, 180, 405, 30710
2026/09/25 17:40:37.105, 0, 16.03, 0, 210, 405, 31154
2026/09/25 17:40:37.105, 1, 8.63, 0, 180, 405, 30710
2026/09/25 17:40:37.355, 0, 16.03, 0, 210, 405, 31154
2026/09/25 17:40:37.355, 1, 8.63, 0, 180, 405, 30710
2026/09/25 17:40:37.605, 0, 16.23, 0, 210, 405, 31154
2026/09/25 17:40:37.605, 1, 8.01, 0, 180, 405, 30710
2026/09/25 17:40:37.855, 0, 16.23, 0, 210, 405, 31154
2026/09/25 17:40:37.855, 1, 8.01, 0, 180, 405, 30710
2026/09/25 17:40:38.105, 0, 16.23, 0, 210, 405, 31154
2026/09/25 17:40:38.105, 1, 8.01, 0, 180, 405, 30710
2026/09/25 17:40:38.355, 0, 16.23, 0, 210, 405, 31154
2026/09/25 17:40:38.355, 1, 8.01, 0, 180, 405, 30710
2026/09/25 17:40:38.605, 0, 16.12, 0, 210, 405, 31154
2026/09/25 17:40:38.606, 1, 7.67, 0, 180, 405, 30710
2026/09/25 17:40:38.856, 0, 16.12, 0, 210, 405, 31154
2026/09/25 17:40:38.856, 1, 7.67, 0, 180, 405, 30710
2026/09/25 17:40:39.106, 0, 16.12, 0, 210, 405, 31154
2026/09/25 17:40:39.106, 1, 7.67, 0, 180, 405, 30710
2026/09/25 17:40:39.356, 0, 16.12, 0, 210, 405, 31154
2026/09/25 17:40:39.356, 1, 7.67, 0, 180, 405, 30710
2026/09/25 17:40:39.606, 0, 15.97, 0, 210, 405, 31154
2026/09/25 17:40:39.606, 1, 7.95, 0, 180, 405, 30710
2026/09/25 17:40:39.856, 0, 15.97, 0, 210, 405, 31154
2026/09/25 17:40:39.856, 1, 7.95, 0, 180, 405, 30710
2026/09/25 17:40:40.106, 0, 15.97, 0, 210, 405, 31154
2026/09/25 17:40:40.106, 1, 7.95, 0, 180, 405, 30710
2026/09/25 17:40:40.356, 0, 15.97, 0, 210, 405, 31154
2026/09/25 17:40:40.356, 1, 7.95, 0, 180, 405, 30710
2026/09/25 17:40:40.606, 0, 16.00, 0, 210, 405, 31154
2026/09/25 17:40:40.607, 1, 8.42, 0, 180, 405, 30710
2026/09/25 17:40:40.857, 0, 16.00, 0, 210, 405, 31154
2026/09/25 17:40:40.857, 1, 8.42, 0, 180, 405, 30710
2026/09/25 17:40:41.107, 0, 16.00, 0, 210, 405, 31154
2026/09/25 17:40:41.107, 1, 8.42, 0, 180, 405, 30710
2026/09/25 17:40:41.357, 0, 16.00, 0, 210, 405, 31154
2026/09/25 17:40:41.357, 1, 8.42, 0, 180, 405, 30710
2026/09/25 17:40:41.607, 0, 16.08, 0, 210, 405, 31154
2026/09/25 17:40:41.607, 1, 8.15, 0, 180, 405, 30710
2026/09/25 17:40:41.857, 0, 16.08, 0, 210, 405, 31154
2026/09/25 17:40:41.857, 1, 8.15, 0, 180, 405, 30710
2026/09/25 17:40:42.107, 0, 16.08, 0, 210, 405, 31154
2026/09/25 17:40:42.107, 1, 8.15, 0, 180, 405, 30710
2026/09/25 17:40:42.357, 0, 16.08, 0, 210, 405, 31154
2026/09/25 17:40:42.357, 1, 8.15, 0, 180, 405, 30710
2026/09/25 17:40:42.607, 0, 16.02, 0, 210, 405, 31154
2026/09/25 17:40:42.608, 1, 8.27, 0, 180, 405, 30710
2026/09/25 17:40:42.858, 0, 16.02, 0, 210, 405, 31154
2026/09/25 17:40:42.858, 1, 8.27, 0, 180, 405, 30710
2026/09/25 17:40:43.108, 0, 16.02, 0, 210, 405, 31154
2026/09/25 17:40:43.108, 1, 8.27, 0, 180, 405, 30710
2026/09/25 17:40:43.358, 0, 16.02, 0, 210, 405, 31154
2026/09/25 17:40:43.358, 1, 8.27, 0, 180, 405, 30710
2026/09/25 17:40:43.608, 0, 15.73, 0, 210, 405, 31154
2026/09/25 17:40:43.608, 1, 8.03, 0, 180, 405, 30710
2026/09/25 17:40:43.858, 0, 15.73, 0, 210, 405, 31154
2026/09/25 17:40:43.858, 1, 8.03, 0, 180, 405, 30710
2026/09/25 17:40:44.108, 0, 15.73, 0, 210, 405, 31154
2026/09/25 17:40:44.109, 1, 8.03, 0, 180, 405, 30710
2026/09/25 17:40:44.359, 0, 15.73, 0, 210, 405, 31154
2026/09/25 17:40:44.359, 1, 8.03, 0, 180, 405, 30710
2026/09/25 17:40:44.609, 0, 15.84, 0, 210, 405, 31154
2026/09/25 17:40:44.609, 1, 7.91, 0, 180, 405, 30710
2026/09/25 17:40:44.859, 0, 15.84, 0, 210, 405, 31154
2026/09/25 17:40:44.859, 1, 7.91, 0, 180, 405, 30710
2026/09/25 17:40:45.109, 0, 15.84, 0, 210, 405, 31154
2026/09/25 17:40:45.109, 1, 7.91, 0, 180, 405, 30710
2026/09/25 17:40:45.359, 0, 15.84, 0, 210, 405, 31154
2026/09/25 17:40:45.359, 1, 7.91, 0, 180, 405, 30710
2026/09/25 17:40:45.609, 0, 15.74, 0, 210, 405, 31154
2026/09/25 17:40:45.609, 1, 7.76, 0, 180, 405, 30710
2026/09/25 17:40:45.859, 0, 15.74, 0, 210, 405, 31154
2026/09/25 17:40:45.859, 1, 7.76, 0, 180, 405, 30710
2026/09/25 17:40:46.109, 0, 15.74, 0, 210, 405, 31154
2026/09/25 17:40:46.109, 1, 7.76, 0, 180, 405, 30710
2026/09/25 17:40:46.359, 0, 15.74, 0, 210, 405, 31154
2026/09/25 17:40:46.360, 1, 7.76, 0, 180, 405, 30710
2026/09/25 17:40:46.610, 0, 15.75, 0, 210, 405, 31154
2026/09/25 17:40:46.610, 1, 7.30, 0, 180, 405, 30710
2026/09/25 17:40:46.860, 0, 15.75, 0, 210, 405, 31154
2026/09/25 17:40:46.860, 1, 7.30, 0, 180, 405, 30710
2026/09/25 17:40:47.110, 0, 15.75, 0, 210, 405, 31154
2026/09/25 17:40:47.110, 1, 7.30, 0, 180, 405, 30710
2026/09/25 17:40:47.360, 0, 15.75, 0, 210, 405, 31154
2026/09/25 17:40:47.360, 1, 7.30, 0, 180, 405, 30710
2026/09/25 17:40:47.610, 0, 15.75, 0, 210, 405, 31154
2026/09/25 17:40:47.610, 1, 7.18, 0, 180, 405, 30710
2026/09/25 17:40:47.860, 0, 15.75, 0, 210, 405, 31154
2026/09/25 17:40:47.860, 1, 7.18, 0, 180, 405, 30710
2026/09/25 17:40:48.110, 0, 15.75, 0, 210, 405, 31154
2026/09/25 17:40:48.110, 1, 7.18, 0, 180, 405, 30710
2026/09/25 17:40:48.360, 0, 15.75, 0, 210, 405, 31154
2026/09/25 17:40:48.360, 1, 7.18, 0, 180, 405, 30710
2026/09/25 17:40:48.610, 0, 15.81, 0, 210, 405, 31154
2026/09/25 17:40:48.610, 1, 7.20, 0, 180, 405, 30710
2026/09/25 17:40:48.861, 0, 15.81, 0, 210, 405, 31154
2026/09/25 17:40:48.861, 1, 7.20, 0, 180, 405, 30710
2026/09/25 17:40:49.111, 0, 15.81, 0, 210, 405, 31154
2026/09/25 17:40:49.111, 1, 7.20, 0, 180, 405, 30710
2026/09/25 17:40:49.361, 0, 15.81, 0, 210, 405, 31154
2026/09/25 17:40:49.361, 1, 7.20, 0, 180, 405, 30710
2026/09/25 17:40:49.611, 0, 15.72, 0, 210, 405, 31154
2026/09/25 17:40:49.611, 1, 7.44, 0, 180, 405, 30710
2026/09/25 17:40:49.861, 0, 15.72, 0, 210, 405, 31154
2026/09/25 17:40:49.861, 1, 7.44, 0, 180, 405, 30710
2026/09/25 17:40:50.111, 0, 15.72, 0, 210, 405, 31154
2026/09/25 17:40:50.111, 1, 7.44, 0, 180, 405, 30710
2026/09/25 17:40:50.361, 0, 15.72, 0, 210, 405, 31154
2026/09/25 17:40:50.361, 1, 7.44, 0, 180, 405, 30710
2026/09/25 17:40:50.611, 0, 15.82, 0, 210, 405, 31154
2026/09/25 17:40:50.612, 1, 7.25, 0, 180, 405, 30710
2026/09/25 17:40:50.862, 0, 15.82, 0, 210, 405, 31154
2026/09/25 17:40:50.862, 1, 7.25, 0, 180, 405, 30710
2026/09/25 17:40:51.112, 0, 15.82, 0, 210, 405, 31154
2026/09/25 17:40:51.112, 1, 7.25, 0, 180, 405, 30710
2026/09/25 17:40:51.362, 0, 15.82, 0, 210, 405, 31154
2026/09/25 17:40:51.362, 1, 7.25, 0, 180, 405, 30710
2026/09/25 17:40:51.612, 0, 15.65, 0, 210, 405, 31154
2026/09/25 17:40:51.612, 1, 7.08, 0, 180, 405, 30710
2026/09/25 17:40:51.862, 0, 15.65, 0, 210, 405, 31154
2026/09/25 17:40:51.862, 1, 7.08, 0, 180, 405, 30710
2026/09/25 17:40:52.112, 0, 15.65, 0, 210, 405, 31154
2026/09/25 17:40:52.112, 1, 7.08, 0, 180, 405, 30710
2026/09/25 17:40:52.362, 0, 15.65, 0, 210, 405, 31154
2026/09/25 17:40:52.362, 1, 7.08, 0, 180, 405, 30710
2026/09/25 17:40:52.612, 0, 15.69, 0, 210, 405, 31154
2026/09/25 17:40:52.613, 1, 7.88, 0, 180, 405, 30710
2026/09/25 17:40:52.863, 0, 15.69, 0, 210, 405, 31154
2026/09/25 17:40:52.863, 1, 7.88, 0, 180, 405, 30710
2026/09/25 17:40:53.113, 0, 15.69, 0, 210, 405, 31154
2026/09/25 17:40:53.113, 1, 7.88, 0, 180, 405, 30710
2026/09/25 17:40:53.363, 0, 15.69, 0, 210, 405, 31154
2026/09/25 17:40:53.363, 1, 7.88, 0, 180, 405, 30710
2026/09/25 17:40:53.613, 0, 15.78, 0, 210, 405, 31154
2026/09/25 17:40:53.613, 1, 7.72, 0, 180, 405, 30710
2026/09/25 17:40:53.863, 0, 15.78, 0, 210, 405, 31154
2026/09/25 17:40:53.863, 1, 7.72, 0, 180, 405, 30710
2026/09/25 17:40:54.113, 0, 15.78, 0, 210, 405, 31154
2026/09/25 17:40:54.113, 1, 7.72, 0, 180, 405, 30710
2026/09/25 17:40:54.363, 0, 15.78, 0, 210, 405, 31154
2026/09/25 17:40:54.364, 1, 7.72, 0, 180, 405, 30710
2026/09/25 17:40:54.614, 0, 15.79, 0, 210, 405, 31154
2026/09/25 17:40:54.614, 1, 7.39, 0, 180, 405, 30710
2026/09/25 17:40:54.864, 0, 15.79, 0, 210, 405, 31154
2026/09/25 17:40:54.864, 1, 7.39, 0, 180, 405, 30710
2026/09/25 17:40:55.114, 0, 15.79, 0, 210, 405, 31154
2026/09/25 17:40:55.114, 1, 7.39, 0, 180, 405, 30710
2026/09/25 17:40:55.364, 0, 15.79, 0, 210, 405, 31154
2026/09/25 17:40:55.364, 1, 7.39, 0, 180, 405, 30710
2026/09/25 17:40:55.614, 0, 15.86, 0, 210, 405, 31154
2026/09/25 17:40:55.614, 1, 7.30, 0, 180, 405, 30710
2026/09/25 17:40:55.864, 0, 15.86, 0, 210, 405, 31154
2026/09/25 17:40:55.864, 1, 7.30, 0, 180, 405, 30710
2026/09/25 17:40:56.115, 0, 15.86, 0, 210, 405, 31154
2026/09/25 17:40:56.115, 1, 7.30, 0, 180, 405, 30710
2026/09/25 17:40:56.365, 0, 15.86, 0, 210, 405, 31154
2026/09/25 17:40:56.365, 1, 7.30, 0, 180, 405, 30710
2026/09/25 17:40:56.615, 0, 15.91, 0, 210, 405, 31154
2026/09/25 17:40:56.615, 1, 6.74, 0, 180, 405, 30710
2026/09/25 17:40:56.865, 0, 15.91, 0, 210, 405, 31154
2026/09/25 17:40:56.865, 1, 6.74, 0, 180, 405, 30710
2026/09/25 17:40:57.115, 0, 15.91, 0, 210, 405, 31154
2026/09/25 17:40:57.115, 1, 6.74, 0, 180, 405, 30710
2026/09/25 17:40:57.365, 0, 15.91, 0, 210, 405, 31154
2026/09/25 17:40:57.365, 1, 6.74, 0, 180, 405, 30710
2026/09/25 17:40:57.615, 0, 16.00, 0, 210, 405, 31154
2026/09/25 17:40:57.615, 1, 6.83, 0, 180, 405, 30710
2026/09/25 17:40:57.866, 0, 16.00, 0, 210, 405, 31154
2026/09/25 17:40:57.866, 1, 6.83, 0, 180, 405, 30710
2026/09/25 17:40:58.116, 0, 16.00, 0, 210, 405, 31154
2026/09/25 17:40:58.116, 1, 6.83, 0, 180, 405, 30710
2026/09/25 17:40:58.366, 0, 16.00, 0, 210, 405, 31154
2026/09/25 17:40:58.366, 1, 6.83, 0, 180, 405, 30710
2026/09/25 17:40:58.616, 0, 15.88, 0, 210, 405, 31154
2026/09/25 17:40:58.616, 1, 7.14, 0, 180, 405, 30710
2026/09/25 17:40:58.866, 0, 15.88, 0, 210, 405, 31154
2026/09/25 17:40:58.866, 1, 7.14, 0, 180, 405, 30710
2026/09/25 17:40:59.116, 0, 15.88, 0, 210, 405, 31154
2026/09/25 17:40:59.116, 1, 7.14, 0, 180, 405, 30710
2026/09/25 17:40:59.366, 0, 15.88, 0, 210, 405, 31154
2026/09/25 17:40:59.366, 1, 7.14, 0, 180, 405, 30710
2026/09/25 17:40:59.616, 0, 15.90, 0, 210, 405, 31154
2026/09/25 17:40:59.616, 1, 7.21, 0, 180, 405, 30710
2026/09/25 17:40:59.867, 0, 15.90, 0, 210, 405, 31154
2026/09/25 17:40:59.867, 1, 7.21, 0, 180, 405, 30710
2026/09/25 17:41:00.117, 0, 15.90, 0, 210, 405, 31154
2026/09/25 17:41:00.117, 1, 7.21, 0, 180, 405, 30710
2026/09/25 17:41:00.367, 0, 15.90, 0, 210, 405, 31154
2026/09/25 17:41:00.367, 1, 7.21, 0, 180, 405, 30710
2026/09/25 17:41:00.617, 0, 15.99, 0, 210, 405, 31154
2026/09/25 17:41:00.617, 1, 7.21, 0, 180, 405, 30710
2026/09/25 17:41:00.867, 0, 15.99, 0, 210, 405, 31154
2026/09/25 17:41:00.867, 1, 7.21, 0, 180, 405, 30710
2026/09/25 17:41:01.117, 0, 15.99, 0, 210, 405, 31154
2026/09/25 17:41:01.117, 1, 7.21, 0, 180, 405, 30710
2026/09/25 17:41:01.367, 0, 15.99, 0, 210, 405, 31154
2026/09/25 17:41:01.367, 1, 7.21, 0, 180, 405, 30710
2026/09/25 17:41:01.617, 0, 16.38, 0, 210, 405, 31154
2026/09/25 17:41:01.618, 1, 6.96, 0, 180, 405, 30710
2026/09/25 17:41:01.868, 0, 16.38, 0, 210, 405, 31154
2026/09/25 17:41:01.868, 1, 6.96, 0, 180, 405, 30710
2026/09/25 17:41:02.118, 0, 16.38, 0, 210, 405, 31154
2026/09/25 17:41:02.118, 1, 6.96, 0, 180, 405, 30710
2026/09/25 17:41:02.368, 0, 16.38, 0, 210, 405, 31154
2026/09/25 17:41:02.368, 1, 6.96, 0, 180, 405, 30710
2026/09/25 17:41:02.618, 0, 16.23, 0, 210, 405, 31154
2026/09/25 17:41:02.618, 1, 6.79, 0, 180, 405, 30710
2026/09/25 17:41:02.868, 0, 16.23, 0, 210, 405, 31154
2026/09/25 17:41:02.868, 1, 6.79, 0, 180, 405, 30710
2026/09/25 17:41:03.118, 0, 16.23, 0, 210, 405, 31154
2026/09/25 17:41:03.118, 1, 6.79, 0, 180, 405, 30710
2026/09/25 17:41:03.368, 0, 16.23, 0, 210, 405, 31154
2026/09/25 17:41:03.368, 1, 6.79, 0, 180, 405, 30710
2026/09/25 17:41:03.618, 0, 15.86, 0, 210, 405, 31154
2026/09/25 17:41:03.618, 1, 6.80, 0, 180, 405, 30710
2026/09/25 17:41:03.869, 0, 15.86, 0, 210, 405, 31154
2026/09/25 17:41:03.869, 1, 6.80, 0, 180, 405, 30710
2026/09/25 17:41:04.119, 0, 15.86, 0, 210, 405, 31154
2026/09/25 17:41:04.119, 1, 6.80, 0, 180, 405, 30710
2026/09/25 17:41:04.369, 0, 15.86, 0, 210, 405, 31154
2026/09/25 17:41:04.369, 1, 6.80, 0, 180, 405, 30710
2026/09/25 17:41:04.619, 0, 15.80, 0, 210, 405, 31154
2026/09/25 17:41:04.619, 1, 6.81, 0, 180, 405, 30710
2026/09/25 17:41:04.869, 0, 15.80, 0, 210, 405, 31154
2026/09/25 17:41:04.869, 1, 6.81, 0, 180, 405, 30710
2026/09/25 17:41:05.120, 0, 15.80, 0, 210, 405, 31154
2026/09/25 17:41:05.120, 1, 6.81, 0, 180, 405, 30710
2026/09/25 17:41:05.370, 0, 15.80, 0, 210, 405, 31154
2026/09/25 17:41:05.370, 1, 6.81, 0, 180, 405, 30710
2026/09/25 17:41:05.620, 0, 15.81, 0, 210, 405, 31154
2026/09/25 17:41:05.620, 1, 7.16, 0, 180, 405, 30710
2026/09/25 17:41:05.870, 0, 15.81, 0, 210, 405, 31154
2026/09/25 17:41:05.870, 1, 7.16, 0, 180, 405, 30710
2026/09/25 17:41:06.120, 0, 15.81, 0, 210, 405, 31154
2026/09/25 17:41:06.120, 1, 7.16, 0, 180, 405, 30710
2026/09/25 17:41:06.370, 0, 15.81, 0, 210, 405, 31154
2026/09/25 17:41:06.370, 1, 7.16, 0, 180, 405, 30710
2026/09/25 17:41:06.620, 0, 15.53, 0, 210, 405, 31154
2026/09/25 17:41:06.621, 1, 7.39, 0, 180, 405, 30710
2026/09/25 17:41:06.871, 0, 15.53, 0, 210, 405, 31154
2026/09/25 17:41:06.871, 1, 7.39, 0, 180, 405, 30710
2026/09/25 17:41:07.121, 0, 15.53, 0, 210, 405, 31154
2026/09/25 17:41:07.121, 1, 7.39, 0, 180, 405, 30710
2026/09/25 17:41:07.371, 0, 15.53, 0, 210, 405, 31154
2026/09/25 17:41:07.371, 1, 7.39, 0, 180, 405, 30710
2026/09/25 17:41:07.621, 0, 15.51, 0, 210, 405, 31154
2026/09/25 17:41:07.621, 1, 7.47, 0, 180, 405, 30710
2026/09/25 17:41:07.871, 0, 15.51, 0, 210, 405, 31154
2026/09/25 17:41:07.871, 1, 7.47, 0, 180, 405, 30710
2026/09/25 17:41:08.121, 0, 15.51, 0, 210, 405, 31154
2026/09/25 17:41:08.121, 1, 7.47, 0, 180, 405, 30710
2026/09/25 17:41:08.372, 0, 15.51, 0, 210, 405, 31154
2026/09/25 17:41:08.372, 1, 7.47, 0, 180, 405, 30710
2026/09/25 17:41:08.622, 0, 15.78, 0, 210, 405, 31154
2026/09/25 17:41:08.622, 1, 6.86, 0, 180, 405, 30710
2026/09/25 17:41:08.872, 0, 15.78, 0, 210, 405, 31154
2026/09/25 17:41:08.872, 1, 6.86, 0, 180, 405, 30710
2026/09/25 17:41:09.122, 0, 15.78, 0, 210, 405, 31154
2026/09/25 17:41:09.122, 1, 6.86, 0, 180, 405, 30710
2026/09/25 17:41:09.372, 0, 15.78, 0, 210, 405, 31154
2026/09/25 17:41:09.372, 1, 6.86, 0, 180, 405, 30710
2026/09/25 17:41:09.622, 0, 15.70, 0, 210, 405, 31154
2026/09/25 17:41:09.622, 1, 6.67, 0, 180, 405, 30710
2026/09/25 17:41:09.872, 0, 15.70, 0, 210, 405, 31154
2026/09/25 17:41:09.873, 1, 6.67, 0, 180, 405, 30710
2026/09/25 17:41:10.123, 0, 15.70, 0, 210, 405, 31154
2026/09/25 17:41:10.123, 1, 6.67, 0, 180, 405, 30710
2026/09/25 17:41:10.373, 0, 15.70, 0, 210, 405, 31154
2026/09/25 17:41:10.373, 1, 6.67, 0, 180, 405, 30710
2026/09/25 17:41:10.623, 0, 15.53, 0, 210, 405, 31154
2026/09/25 17:41:10.623, 1, 6.55, 0, 180, 405, 30710
2026/09/25 17:41:10.873, 0, 15.53, 0, 210, 405, 31154
2026/09/25 17:41:10.873, 1, 6.55, 0, 180, 405, 30710
2026/09/25 17:41:11.123, 0, 15.53, 0, 210, 405, 31154
2026/09/25 17:41:11.123, 1, 6.55, 0, 180, 405, 30710
2026/09/25 17:41:11.373, 0, 15.53, 0, 210, 405, 31154
2026/09/25 17:41:11.373, 1, 6.55, 0, 180, 405, 30710
2026/09/25 17:41:11.623, 0, 15.47, 0, 210, 405, 31154
2026/09/25 17:41:11.624, 1, 6.80, 0, 180, 405, 30710
2026/09/25 17:41:11.874, 0, 15.47, 0, 210, 405, 31154
2026/09/25 17:41:11.874, 1, 6.80, 0, 180, 405, 30710
2026/09/25 17:41:12.124, 0, 15.47, 0, 210, 405, 31154
2026/09/25 17:41:12.124, 1, 6.80, 0, 180, 405, 30710
2026/09/25 17:41:12.374, 0, 15.47, 0, 210, 405, 31154
2026/09/25 17:41:12.374, 1, 6.80, 0, 180, 405, 30710
2026/09/25 17:41:12.624, 0, 15.51, 0, 210, 405, 31154
2026/09/25 17:41:12.624, 1, 6.62, 0, 180, 405, 30710
2026/09/25 17:41:12.874, 0, 15.51, 0, 210, 405, 31154
2026/09/25 17:41:12.874, 1, 6.62, 0, 180, 405, 30710
2026/09/25 17:41:13.124, 0, 15.51, 0, 210, 405, 31154
2026/09/25 17:41:13.125, 1, 6.62, 0, 180, 405, 30710
2026/09/25 17:41:13.375, 0, 15.51, 0, 210, 405, 31154
2026/09/25 17:41:13.375, 1, 6.62, 0, 180, 405, 30710
2026/09/25 17:41:13.625, 0, 15.59, 0, 202, 405, 31154
2026/09/25 17:41:13.625, 1, 6.63, 0, 172, 405, 30710
2026/09/25 17:41:13.875, 0, 15.59, 0, 202, 405, 31154
2026/09/25 17:41:13.875, 1, 6.63, 0, 172, 405, 30710
2026/09/25 17:41:14.125, 0, 15.59, 0, 202, 405, 31154
2026/09/25 17:41:14.125, 1, 6.63, 0, 172, 405, 30710
2026/09/25 17:41:14.375, 0, 15.59, 0, 202, 405, 31154
2026/09/25 17:41:14.375, 1, 6.63, 0, 172, 405, 30710
2026/09/25 17:41:14.625, 0, 15.97, 0, 210, 405, 31154
2026/09/25 17:41:14.626, 1, 6.40, 0, 180, 405, 30710
2026/09/25 17:41:14.876, 0, 15.97, 0, 210, 405, 31154
2026/09/25 17:41:14.876, 1, 6.40, 0, 180, 405, 30710
2026/09/25 17:41:15.126, 0, 15.97, 0, 210, 405, 31154
2026/09/25 17:41:15.126, 1, 6.40, 0, 180, 405, 30710
2026/09/25 17:41:15.376, 0, 15.97, 0, 210, 405, 31154
2026/09/25 17:41:15.376, 1, 6.40, 0, 180, 405, 30710
2026/09/25 17:41:15.626, 0, 15.99, 0, 210, 405, 31154
2026/09/25 17:41:15.626, 1, 6.50, 0, 180, 405, 30710
2026/09/25 17:41:15.876, 0, 15.99, 0, 210, 405, 31154
2026/09/25 17:41:15.876, 1, 6.50, 0, 180, 405, 30710
2026/09/25 17:41:16.126, 0, 15.99, 0, 210, 405, 31154
2026/09/25 17:41:16.126, 1, 6.50, 0, 180, 405, 30710
2026/09/25 17:41:16.377, 0, 15.99, 0, 210, 405, 31154
2026/09/25 17:41:16.377, 1, 6.50, 0, 180, 405, 30710
2026/09/25 17:41:16.627, 0, 16.00, 0, 210, 405, 31154
2026/09/25 17:41:16.627, 1, 6.43, 0, 180, 405, 30710
2026/09/25 17:41:16.877, 0, 16.00, 0, 210, 405, 31154
2026/09/25 17:41:16.877, 1, 6.43, 0, 180, 405, 30710
2026/09/25 17:41:17.127, 0, 16.00, 0, 210, 405, 31154
2026/09/25 17:41:17.127, 1, 6.43, 0, 180, 405, 30710
2026/09/25 17:41:17.377, 0, 16.00, 0, 210, 405, 31154
2026/09/25 17:41:17.377, 1, 6.43, 0, 180, 405, 30710
2026/09/25 17:41:17.627, 0, 16.20, 0, 210, 405, 31154
2026/09/25 17:41:17.627, 1, 6.42, 0, 180, 405, 30710
2026/09/25 17:41:17.878, 0, 16.20, 0, 210, 405, 31154
2026/09/25 17:41:17.878, 1, 6.42, 0, 180, 405, 30710
2026/09/25 17:41:18.128, 0, 16.20, 0, 210, 405, 31154
2026/09/25 17:41:18.128, 1, 6.42, 0, 180, 405, 30710
2026/09/25 17:41:18.378, 0, 16.20, 0, 210, 405, 31154
2026/09/25 17:41:18.378, 1, 6.42, 0, 180, 405, 30710
2026/09/25 17:41:18.628, 0, 15.94, 0, 210, 405, 31154
2026/09/25 17:41:18.628, 1, 6.56, 0, 180, 405, 30710
2026/09/25 17:41:18.878, 0, 15.94, 0, 210, 405, 31154
2026/09/25 17:41:18.878, 1, 6.56, 0, 180, 405, 30710
2026/09/25 17:41:19.128, 0, 15.94, 0, 210, 405, 31154
2026/09/25 17:41:19.128, 1, 6.56, 0, 180, 405, 30710
2026/09/25 17:41:19.378, 0, 15.94, 0, 210, 405, 31154
2026/09/25 17:41:19.378, 1, 6.56, 0, 180, 405, 30710
2026/09/25 17:41:19.628, 0, 15.99, 0, 202, 405, 31154
2026/09/25 17:41:19.628, 1, 7.00, 0, 180, 405, 30710
2026/09/25 17:41:19.879, 0, 15.99, 0, 202, 405, 31154
2026/09/25 17:41:19.879, 1, 7.00, 0, 180, 405, 30710
2026/09/25 17:41:20.129, 0, 15.99, 0, 202, 405, 31154
2026/09/25 17:41:20.129, 1, 7.00, 0, 180, 405, 30710
2026/09/25 17:41:20.379, 0, 15.99, 0, 202, 405, 31154
2026/09/25 17:41:20.379, 1, 7.00, 0, 180, 405, 30710
2026/09/25 17:41:20.629, 0, 15.76, 0, 210, 405, 31154
2026/09/25 17:41:20.629, 1, 7.05, 0, 180, 405, 30710
2026/09/25 17:41:20.879, 0, 15.76, 0, 210, 405, 31154
2026/09/25 17:41:20.879, 1, 7.05, 0, 180, 405, 30710
2026/09/25 17:41:21.129, 0, 15.76, 0, 210, 405, 31154
2026/09/25 17:41:21.129, 1, 7.05, 0, 180, 405, 30710
2026/09/25 17:41:21.379, 0, 15.76, 0, 210, 405, 31154
2026/09/25 17:41:21.380, 1, 7.05, 0, 180, 405, 30710
2026/09/25 17:41:21.630, 0, 15.52, 0, 210, 405, 31154
2026/09/25 17:41:21.630, 1, 6.87, 0, 180, 405, 30710
2026/09/25 17:41:21.880, 0, 15.52, 0, 210, 405, 31154
2026/09/25 17:41:21.880, 1, 6.87, 0, 180, 405, 30710
2026/09/25 17:41:22.130, 0, 15.52, 0, 210, 405, 31154
2026/09/25 17:41:22.130, 1, 6.87, 0, 180, 405, 30710
2026/09/25 17:41:22.380, 0, 15.52, 0, 210, 405, 31154
2026/09/25 17:41:22.380, 1, 6.87, 0, 180, 405, 30710
2026/09/25 17:41:22.630, 0, 15.81, 0, 210, 405, 31154
2026/09/25 17:41:22.630, 1, 6.75, 0, 180, 405, 30710
2026/09/25 17:41:22.880, 0, 15.81, 0, 210, 405, 31154
2026/09/25 17:41:22.880, 1, 6.75, 0, 180, 405, 30710
2026/09/25 17:41:23.130, 0, 15.81, 0, 210, 405, 31154
2026/09/25 17:41:23.130, 1, 6.75, 0, 180, 405, 30710
2026/09/25 17:41:23.380, 0, 15.81, 0, 210, 405, 31154
2026/09/25 17:41:23.381, 1, 6.75, 0, 180, 405, 30710
2026/09/25 17:41:23.631, 0, 15.90, 0, 210, 405, 31154
2026/09/25 17:41:23.631, 1, 7.10, 0, 180, 405, 30710
2026/09/25 17:41:23.881, 0, 15.90, 0, 210, 405, 31154
2026/09/25 17:41:23.881, 1, 7.10, 0, 180, 405, 30710
2026/09/25 17:41:24.131, 0, 15.90, 0, 210, 405, 31154
2026/09/25 17:41:24.131, 1, 7.10, 0, 180, 405, 30710
2026/09/25 17:41:24.381, 0, 15.90, 0, 210, 405, 31154
2026/09/25 17:41:24.381, 1, 7.10, 0, 180, 405, 30710
2026/09/25 17:41:24.631, 0, 15.99, 0, 210, 405, 31154
2026/09/25 17:41:24.631, 1, 6.84, 0, 180, 405, 30710
2026/09/25 17:41:24.881, 0, 15.99, 0, 210, 405, 31154
2026/09/25 17:41:24.881, 1, 6.84, 0, 180, 405, 30710
2026/09/25 17:41:25.132, 0, 15.99, 0, 210, 405, 31154
2026/09/25 17:41:25.132, 1, 6.84, 0, 180, 405, 30710
2026/09/25 17:41:25.382, 0, 15.99, 0, 210, 405, 31154
2026/09/25 17:41:25.382, 1, 6.84, 0, 180, 405, 30710
2026/09/25 17:41:25.632, 0, 15.69, 0, 202, 405, 31154
2026/09/25 17:41:25.632, 1, 6.70, 0, 180, 405, 30710
2026/09/25 17:41:25.882, 0, 15.69, 0, 202, 405, 31154
2026/09/25 17:41:25.882, 1, 6.70, 0, 180, 405, 30710
2026/09/25 17:41:26.132, 0, 15.69, 0, 202, 405, 31154
2026/09/25 17:41:26.132, 1, 6.70, 0, 180, 405, 30710
2026/09/25 17:41:26.382, 0, 15.69, 0, 202, 405, 31154
2026/09/25 17:41:26.382, 1, 6.70, 0, 180, 405, 30710
2026/09/25 17:41:26.632, 0, 15.89, 0, 210, 405, 31154
2026/09/25 17:41:26.633, 1, 6.99, 0, 180, 405, 30710
2026/09/25 17:41:26.883, 0, 15.89, 0, 210, 405, 31154
2026/09/25 17:41:26.883, 1, 6.99, 0, 180, 405, 30710
2026/09/25 17:41:27.133, 0, 15.89, 0, 210, 405, 31154
2026/09/25 17:41:27.133, 1, 6.99, 0, 180, 405, 30710
2026/09/25 17:41:27.383, 0, 15.89, 0, 210, 405, 31154
2026/09/25 17:41:27.383, 1, 6.99, 0, 180, 405, 30710
2026/09/25 17:41:27.633, 0, 15.99, 0, 210, 405, 31154
2026/09/25 17:41:27.633, 1, 7.09, 0, 172, 405, 30710
2026/09/25 17:41:27.883, 0, 15.99, 0, 210, 405, 31154
2026/09/25 17:41:27.883, 1, 7.09, 0, 172, 405, 30710
2026/09/25 17:41:28.133, 0, 15.99, 0, 210, 405, 31154
2026/09/25 17:41:28.134, 1, 7.09, 0, 172, 405, 30710
2026/09/25 17:41:28.384, 0, 15.99, 0, 210, 405, 31154
2026/09/25 17:41:28.384, 1, 7.09, 0, 172, 405, 30710
2026/09/25 17:41:28.634, 0, 15.92, 0, 210, 405, 31154
2026/09/25 17:41:28.634, 1, 7.20, 0, 180, 405, 30710
2026/09/25 17:41:28.884, 0, 15.92, 0, 210, 405, 31154
2026/09/25 17:41:28.884, 1, 7.20, 0, 180, 405, 30710
2026/09/25 17:41:29.134, 0, 15.92, 0, 210, 405, 31154
2026/09/25 17:41:29.134, 1, 7.20, 0, 180, 405, 30710
2026/09/25 17:41:29.384, 0, 15.92, 0, 210, 405, 31154
2026/09/25 17:41:29.385, 1, 7.20, 0, 180, 405, 30710
2026/09/25 17:41:29.635, 0, 15.74, 0, 210, 405, 31154
2026/09/25 17:41:29.635, 1, 7.49, 0, 180, 405, 30710
2026/09/25 17:41:29.885, 0, 15.74, 0, 210, 405, 31154
2026/09/25 17:41:29.885, 1, 7.49, 0, 180, 405, 30710
2026/09/25 17:41:30.135, 0, 15.74, 0, 210, 405, 31154
2026/09/25 17:41:30.135, 1, 7.49, 0, 180, 405, 30710
2026/09/25 17:41:30.385, 0, 15.74, 0, 210, 405, 31154
2026/09/25 17:41:30.385, 1, 7.49, 0, 180, 405, 30710
2026/09/25 17:41:30.635, 0, 15.43, 0, 210, 405, 31154
2026/09/25 17:41:30.635, 1, 6.70, 0, 180, 405, 30710
2026/09/25 17:41:30.885, 0, 15.43, 0, 210, 405, 31154
2026/09/25 17:41:30.886, 1, 6.70, 0, 180, 405, 30710
2026/09/25 17:41:31.136, 0, 15.43, 0, 210, 405, 31154
2026/09/25 17:41:31.136, 1, 6.70, 0, 180, 405, 30710
2026/09/25 17:41:31.386, 0, 15.43, 0, 210, 405, 31154
2026/09/25 17:41:31.386, 1, 6.70, 0, 180, 405, 30710
2026/09/25 17:41:31.636, 0, 15.45, 0, 202, 405, 31154
2026/09/25 17:41:31.636, 1, 6.62, 0, 180, 405, 30710
2026/09/25 17:41:31.886, 0, 15.45, 0, 202, 405, 31154
2026/09/25 17:41:31.886, 1, 6.62, 0, 180, 405, 30710
2026/09/25 17:41:32.136, 0, 15.45, 0, 202, 405, 31154
2026/09/25 17:41:32.136, 1, 6.62, 0, 180, 405, 30710
2026/09/25 17:41:32.387, 0, 15.45, 0, 202, 405, 31154
2026/09/25 17:41:32.387, 1, 6.62, 0, 180, 405, 30710
2026/09/25 17:41:32.637, 0, 15.65, 0, 210, 405, 31154
2026/09/25 17:41:32.637, 1, 6.30, 0, 180, 405, 30710
2026/09/25 17:41:32.887, 0, 15.65, 0, 210, 405, 31154
2026/09/25 17:41:32.887, 1, 6.30, 0, 180, 405, 30710
2026/09/25 17:41:33.137, 0, 15.65, 0, 210, 405, 31154
2026/09/25 17:41:33.137, 1, 6.30, 0, 180, 405, 30710
2026/09/25 17:41:33.387, 0, 15.65, 0, 210, 405, 31154
2026/09/25 17:41:33.387, 1, 6.30, 0, 180, 405, 30710
2026/09/25 17:41:33.637, 0, 15.93, 0, 210, 405, 31154
2026/09/25 17:41:33.637, 1, 6.33, 0, 180, 405, 30710
2026/09/25 17:41:33.888, 0, 15.93, 0, 210, 405, 31154
2026/09/25 17:41:33.888, 1, 6.33, 0, 180, 405, 30710
2026/09/25 17:41:34.138, 0, 15.93, 0, 210, 405, 31154
2026/09/25 17:41:34.138, 1, 6.33, 0, 180, 405, 30710
2026/09/25 17:41:34.388, 0, 15.93, 0, 210, 405, 31154
2026/09/25 17:41:34.388, 1, 6.33, 0, 180, 405, 30710
2026/09/25 17:41:34.638, 0, 15.77, 0, 210, 405, 31154
2026/09/25 17:41:34.638, 1, 6.56, 0, 180, 405, 30710
2026/09/25 17:41:34.888, 0, 15.77, 0, 210, 405, 31154
2026/09/25 17:41:34.888, 1, 6.56, 0, 180, 405, 30710
2026/09/25 17:41:35.138, 0, 15.77, 0, 210, 405, 31154
2026/09/25 17:41:35.138, 1, 6.56, 0, 180, 405, 30710
2026/09/25 17:41:35.389, 0, 15.77, 0, 210, 405, 31154
2026/09/25 17:41:35.389, 1, 6.56, 0, 180, 405, 30710
2026/09/25 17:41:35.639, 0, 15.73, 0, 210, 405, 31154
2026/09/25 17:41:35.639, 1, 6.54, 0, 180, 405, 30710
2026/09/25 17:41:35.889, 0, 15.73, 0, 210, 405, 31154
2026/09/25 17:41:35.889, 1, 6.54, 0, 180, 405, 30710
2026/09/25 17:41:36.139, 0, 15.73, 0, 210, 405, 31154
2026/09/25 17:41:36.139, 1, 6.54, 0, 180, 405, 30710
2026/09/25 17:41:36.389, 0, 15.73, 0, 210, 405, 31154
2026/09/25 17:41:36.389, 1, 6.54, 0, 180, 405, 30710
2026/09/25 17:41:36.639, 0, 15.72, 0, 210, 405, 31154
2026/09/25 17:41:36.639, 1, 6.68, 0, 180, 405, 30710
2026/09/25 17:41:36.890, 0, 15.72, 0, 210, 405, 31154
2026/09/25 17:41:36.890, 1, 6.68, 0, 180, 405, 30710
2026/09/25 17:41:37.140, 0, 15.72, 0, 210, 405, 31154
2026/09/25 17:41:37.140, 1, 6.68, 0, 180, 405, 30710
2026/09/25 17:41:37.390, 0, 15.72, 0, 210, 405, 31154
2026/09/25 17:41:37.390, 1, 6.68, 0, 180, 405, 30710
2026/09/25 17:41:37.640, 0, 15.72, 0, 210, 405, 31154
2026/09/25 17:41:37.640, 1, 6.77, 0, 180, 405, 30710
2026/09/25 17:41:37.890, 0, 15.72, 0, 210, 405, 31154
2026/09/25 17:41:37.890, 1, 6.77, 0, 180, 405, 30710
2026/09/25 17:41:38.140, 0, 15.72, 0, 210, 405, 31154
2026/09/25 17:41:38.140, 1, 6.77, 0, 180, 405, 30710
2026/09/25 17:41:38.391, 0, 15.72, 0, 210, 405, 31154
2026/09/25 17:41:38.391, 1, 6.77, 0, 180, 405, 30710
2026/09/25 17:41:38.641, 0, 15.67, 0, 210, 405, 31154
2026/09/25 17:41:38.641, 1, 6.62, 0, 180, 405, 30710
2026/09/25 17:41:38.891, 0, 15.67, 0, 210, 405, 31154
2026/09/25 17:41:38.891, 1, 6.62, 0, 180, 405, 30710
2026/09/25 17:41:39.141, 0, 15.67, 0, 210, 405, 31154
2026/09/25 17:41:39.141, 1, 6.62, 0, 180, 405, 30710
2026/09/25 17:41:39.391, 0, 15.67, 0, 210, 405, 31154
2026/09/25 17:41:39.391, 1, 6.62, 0, 180, 405, 30710
2026/09/25 17:41:39.641, 0, 15.70, 0, 210, 405, 31154
2026/09/25 17:41:39.641, 1, 6.33, 0, 180, 405, 30710
2026/09/25 17:41:39.892, 0, 15.70, 0, 210, 405, 31154
2026/09/25 17:41:39.892, 1, 6.33, 0, 180, 405, 30710
2026/09/25 17:41:40.142, 0, 15.70, 0, 210, 405, 31154
2026/09/25 17:41:40.142, 1, 6.33, 0, 180, 405, 30710
2026/09/25 17:41:40.392, 0, 15.70, 0, 210, 405, 31154
2026/09/25 17:41:40.392, 1, 6.33, 0, 180, 405, 30710
2026/09/25 17:41:40.642, 0, 15.71, 0, 210, 405, 31154
2026/09/25 17:41:40.642, 1, 6.53, 0, 180, 405, 30710
2026/09/25 17:41:40.892, 0, 15.71, 0, 210, 405, 31154
2026/09/25 17:41:40.892, 1, 6.53, 0, 180, 405, 30710
2026/09/25 17:41:41.142, 0, 15.71, 0, 210, 405, 31154
2026/09/25 17:41:41.142, 1, 6.53, 0, 180, 405, 30710
2026/09/25 17:41:41.392, 0, 15.71, 0, 210, 405, 31154
2026/09/25 17:41:41.392, 1, 6.53, 0, 180, 405, 30710
2026/09/25 17:41:41.643, 0, 15.81, 0, 210, 405, 31154
2026/09/25 17:41:41.643, 1, 6.89, 0, 180, 405, 30710
2026/09/25 17:41:41.893, 0, 15.81, 0, 210, 405, 31154
2026/09/25 17:41:41.893, 1, 6.89, 0, 180, 405, 30710
2026/09/25 17:41:42.143, 0, 15.81, 0, 210, 405, 31154
2026/09/25 17:41:42.143, 1, 6.89, 0, 180, 405, 30710
2026/09/25 17:41:42.393, 0, 15.81, 0, 210, 405, 31154
2026/09/25 17:41:42.393, 1, 6.89, 0, 180, 405, 30710
2026/09/25 17:41:42.643, 0, 15.90, 0, 210, 405, 31154
2026/09/25 17:41:42.643, 1, 7.36, 0, 180, 405, 30710
2026/09/25 17:41:42.893, 0, 15.90, 0, 210, 405, 31154
2026/09/25 17:41:42.894, 1, 7.36, 0, 180, 405, 30710
2026/09/25 17:41:43.144, 0, 15.90, 0, 210, 405, 31154
2026/09/25 17:41:43.144, 1, 7.36, 0, 180, 405, 30710
2026/09/25 17:41:43.394, 0, 15.90, 0, 210, 405, 31154
2026/09/25 17:41:43.394, 1, 7.36, 0, 180, 405, 30710
2026/09/25 17:41:43.644, 0, 16.05, 0, 210, 405, 31154
2026/09/25 17:41:43.644, 1, 7.31, 0, 180, 405, 30710
2026/09/25 17:41:43.894, 0, 16.05, 0, 210, 405, 31154
2026/09/25 17:41:43.894, 1, 7.31, 0, 180, 405, 30710
2026/09/25 17:41:44.144, 0, 16.05, 0, 210, 405, 31154
2026/09/25 17:41:44.144, 1, 7.31, 0, 180, 405, 30710
2026/09/25 17:41:44.395, 0, 16.05, 0, 210, 405, 31154
2026/09/25 17:41:44.395, 1, 7.31, 0, 180, 405, 30710
2026/09/25 17:41:44.645, 0, 16.02, 0, 210, 405, 31154
2026/09/25 17:41:44.645, 1, 6.95, 0, 180, 405, 30710
2026/09/25 17:41:44.895, 0, 16.02, 0, 210, 405, 31154
2026/09/25 17:41:44.895, 1, 6.95, 0, 180, 405, 30710
2026/09/25 17:41:45.145, 0, 16.02, 0, 210, 405, 31154
2026/09/25 17:41:45.145, 1, 6.95, 0, 180, 405, 30710
2026/09/25 17:41:45.395, 0, 16.02, 0, 210, 405, 31154
2026/09/25 17:41:45.395, 1, 6.95, 0, 180, 405, 30710
2026/09/25 17:41:45.645, 0, 15.73, 0, 210, 405, 31154
2026/09/25 17:41:45.645, 1, 6.65, 0, 180, 405, 30710
2026/09/25 17:41:45.896, 0, 15.73, 0, 210, 405, 31154
2026/09/25 17:41:45.896, 1, 6.65, 0, 180, 405, 30710
2026/09/25 17:41:46.146, 0, 15.73, 0, 210, 405, 31154
2026/09/25 17:41:46.146, 1, 6.65, 0, 180, 405, 30710
2026/09/25 17:41:46.396, 0, 15.73, 0, 210, 405, 31154
2026/09/25 17:41:46.396, 1, 6.65, 0, 180, 405, 30710
2026/09/25 17:41:46.646, 0, 15.69, 0, 210, 405, 31154
2026/09/25 17:41:46.646, 1, 6.52, 0, 180, 405, 30710
2026/09/25 17:41:46.896, 0, 15.69, 0, 210, 405, 31154
2026/09/25 17:41:46.896, 1, 6.52, 0, 180, 405, 30710
2026/09/25 17:41:47.146, 0, 15.69, 0, 210, 405, 31154
2026/09/25 17:41:47.146, 1, 6.52, 0, 180, 405, 30710
2026/09/25 17:41:47.396, 0, 15.69, 0, 210, 405, 31154
2026/09/25 17:41:47.397, 1, 6.52, 0, 180, 405, 30710
2026/09/25 17:41:47.647, 0, 15.91, 0, 210, 405, 31154
2026/09/25 17:41:47.647, 1, 6.19, 0, 180, 405, 30710
2026/09/25 17:41:47.897, 0, 15.91, 0, 210, 405, 31154
2026/09/25 17:41:47.897, 1, 6.19, 0, 180, 405, 30710
2026/09/25 17:41:48.147, 0, 15.91, 0, 210, 405, 31154
2026/09/25 17:41:48.147, 1, 6.19, 0, 180, 405, 30710
2026/09/25 17:41:48.397, 0, 15.91, 0, 210, 405, 31154
2026/09/25 17:41:48.397, 1, 6.19, 0, 180, 405, 30710
2026/09/25 17:41:48.647, 0, 15.71, 0, 210, 405, 31154
2026/09/25 17:41:48.647, 1, 5.91, 0, 180, 405, 30710
2026/09/25 17:41:48.898, 0, 15.71, 0, 210, 405, 31154
2026/09/25 17:41:48.898, 1, 5.91, 0, 180, 405, 30710
2026/09/25 17:41:49.148, 0, 15.71, 0, 210, 405, 31154
2026/09/25 17:41:49.148, 1, 5.91, 0, 180, 405, 30710
2026/09/25 17:41:49.398, 0, 15.71, 0, 210, 405, 31154
2026/09/25 17:41:49.398, 1, 5.91, 0, 180, 405, 30710
2026/09/25 17:41:49.648, 0, 15.88, 0, 210, 405, 31154
2026/09/25 17:41:49.648, 1, 5.72, 0, 180, 405, 30710
2026/09/25 17:41:49.898, 0, 15.88, 0, 210, 405, 31154
2026/09/25 17:41:49.898, 1, 5.72, 0, 180, 405, 30710
2026/09/25 17:41:50.148, 0, 15.88, 0, 210, 405, 31154
2026/09/25 17:41:50.148, 1, 5.72, 0, 180, 405, 30710
2026/09/25 17:41:50.398, 0, 15.88, 0, 210, 405, 31154
2026/09/25 17:41:50.399, 1, 5.72, 0, 180, 405, 30710
2026/09/25 17:41:50.649, 0, 15.83, 0, 210, 405, 31154
2026/09/25 17:41:50.649, 1, 5.86, 0, 180, 405, 30710
2026/09/25 17:41:50.899, 0, 15.83, 0, 210, 405, 31154
2026/09/25 17:41:50.899, 1, 5.86, 0, 180, 405, 30710
2026/09/25 17:41:51.149, 0, 15.83, 0, 210, 405, 31154
2026/09/25 17:41:51.149, 1, 5.86, 0, 180, 405, 30710
2026/09/25 17:41:51.399, 0, 15.83, 0, 210, 405, 31154
2026/09/25 17:41:51.399, 1, 5.86, 0, 180, 405, 30710
2026/09/25 17:41:51.649, 0, 16.04, 0, 210, 405, 31154
2026/09/25 17:41:51.649, 1, 5.94, 0, 180, 405, 30710
2026/09/25 17:41:51.900, 0, 16.04, 0, 210, 405, 31154
2026/09/25 17:41:51.900, 1, 5.94, 0, 180, 405, 30710
2026/09/25 17:41:52.150, 0, 16.04, 0, 210, 405, 31154
2026/09/25 17:41:52.150, 1, 5.94, 0, 180, 405, 30710
2026/09/25 17:41:52.400, 0, 16.04, 0, 210, 405, 31154
2026/09/25 17:41:52.400, 1, 5.94, 0, 180, 405, 30710
2026/09/25 17:41:52.650, 0, 16.05, 0, 210, 405, 31154
2026/09/25 17:41:52.650, 1, 6.01, 0, 180, 405, 30710
2026/09/25 17:41:52.900, 0, 16.05, 0, 210, 405, 31154
2026/09/25 17:41:52.900, 1, 6.01, 0, 180, 405, 30710
2026/09/25 17:41:53.151, 0, 49.84, 26, 1800, 16051, 31154
2026/09/25 17:41:53.151, 1, 37.33, 65, 1597, 16051, 30710
2026/09/25 17:41:53.401, 0, 49.84, 26, 1800, 16051, 31154
2026/09/25 17:41:53.401, 1, 37.33, 65, 1597, 16051, 30710
2026/09/25 17:41:53.651, 0, 164.50, 42, 2880, 16051, 31154
2026/09/25 17:41:53.651, 1, 153.56, 47, 2857, 16051, 30710
2026/09/25 17:41:53.901, 0, 164.50, 42, 2880, 16051, 31154
2026/09/25 17:41:53.901, 1, 153.56, 47, 2857, 16051, 30710
2026/09/25 17:41:54.151, 0, 234.05, 41, 2880, 16051, 31154
2026/09/25 17:41:54.151, 1, 231.84, 50, 2857, 16051, 30710
2026/09/25 17:41:54.401, 0, 234.05, 41, 2880, 16051, 31154
2026/09/25 17:41:54.401, 1, 231.84, 50, 2857, 16051, 30710
2026/09/25 17:41:54.652, 0, 234.68, 42, 2880, 16051, 31154
2026/09/25 17:41:54.652, 1, 232.39, 46, 2857, 16051, 30710
2026/09/25 17:41:54.902, 0, 234.68, 42, 2880, 16051, 31154
2026/09/25 17:41:54.902, 1, 232.39, 46, 2857, 16051, 30710
2026/09/25 17:41:55.152, 0, 234.80, 42, 2880, 16051, 31154
2026/09/25 17:41:55.152, 1, 232.73, 47, 2857, 16051, 30710
2026/09/25 17:41:55.402, 0, 234.80, 42, 2880, 16051, 31154
2026/09/25 17:41:55.402, 1, 232.73, 47, 2857, 16051, 30710
2026/09/25 17:41:55.652, 0, 235.76, 44, 2880, 16051, 31154
2026/09/25 17:41:55.652, 1, 234.69, 49, 2857, 16051, 30710
2026/09/25 17:41:55.902, 0, 235.76, 44, 2880, 16051, 31154
2026/09/25 17:41:55.902, 1, 234.69, 49, 2857, 16051, 30710
2026/09/25 17:41:56.153, 0, 237.68, 42, 2880, 16051, 31154
2026/09/25 17:41:56.153, 1, 235.23, 51, 2857, 16051, 30710
2026/09/25 17:41:56.403, 0, 237.68, 42, 2880, 16051, 31154
2026/09/25 17:41:56.403, 1, 235.23, 51, 2857, 16051, 30710
2026/09/25 17:41:56.653, 0, 235.76, 41, 2880, 16051, 31154
2026/09/25 17:41:56.653, 1, 234.12, 49, 2857, 16051, 30710
2026/09/25 17:41:56.903, 0, 235.76, 41, 2880, 16051, 31154
2026/09/25 17:41:56.903, 1, 234.12, 49, 2857, 16051, 30710
2026/09/25 17:41:57.153, 0, 234.54, 43, 2880, 16051, 31154
2026/09/25 17:41:57.153, 1, 233.81, 51, 2857, 16051, 30710
2026/09/25 17:41:57.403, 0, 234.54, 43, 2880, 16051, 31154
2026/09/25 17:41:57.403, 1, 233.81, 51, 2857, 16051, 30710
2026/09/25 17:41:57.654, 0, 230.91, 64, 2895, 16051, 31822
2026/09/25 17:41:57.654, 1, 199.10, 0, 2872, 16051, 31170
2026/09/25 17:41:57.904, 0, 230.91, 64, 2895, 16051, 31842
2026/09/25 17:41:57.904, 1, 199.10, 0, 2872, 16051, 31290
2026/09/25 17:41:58.154, 0, 362.07, 87, 2820, 16051, 31842
2026/09/25 17:41:58.154, 1, 274.62, 73, 2797, 16051, 31290
2026/09/25 17:41:58.404, 0, 362.07, 87, 2820, 16051, 31842
2026/09/25 17:41:58.404, 1, 274.62, 73, 2797, 16051, 31290
2026/09/25 17:41:58.655, 0, 436.52, 51, 2872, 16051, 31842
2026/09/25 17:41:58.655, 1, 339.36, 51, 2820, 16051, 31290
2026/09/25 17:41:58.905, 0, 436.52, 51, 2872, 16051, 31842
2026/09/25 17:41:58.905, 1, 339.36, 51, 2820, 16051, 31290
2026/09/25 17:41:59.155, 0, 254.70, 0, 2880, 16051, 31842
2026/09/25 17:41:59.155, 1, 300.45, 0, 2850, 16051, 31290
2026/09/25 17:41:59.405, 0, 254.70, 0, 2880, 16051, 31842
2026/09/25 17:41:59.405, 1, 300.45, 0, 2850, 16051, 31290
2026/09/25 17:41:59.655, 0, 163.08, 0, 2910, 16051, 31842
2026/09/25 17:41:59.656, 1, 183.69, 0, 2880, 16051, 31290
2026/09/25 17:41:59.906, 0, 163.08, 0, 2910, 16051, 31842
2026/09/25 17:41:59.906, 1, 183.69, 0, 2880, 16051, 31290
2026/09/25 17:42:00.156, 0, 109.98, 0, 2910, 16051, 31844
2026/09/25 17:42:00.156, 1, 95.24, 0, 2880, 16051, 31290
2026/09/25 17:42:00.406, 0, 109.98, 0, 2910, 16051, 31844
2026/09/25 17:42:00.406, 1, 95.24, 0, 2880, 16051, 31290
2026/09/25 17:42:00.656, 0, 141.51, 0, 2880, 16051, 31844
2026/09/25 17:42:00.656, 1, 134.19, 0, 2857, 16051, 31290
2026/09/25 17:42:00.907, 0, 141.51, 0, 2880, 16051, 31844
2026/09/25 17:42:00.907, 1, 134.19, 0, 2857, 16051, 31290
2026/09/25 17:42:01.157, 0, 160.49, 40, 2910, 16051, 31844
2026/09/25 17:42:01.157, 1, 154.04, 48, 2880, 16051, 31290
2026/09/25 17:42:01.407, 0, 160.49, 40, 2910, 16051, 31844
2026/09/25 17:42:01.407, 1, 154.04, 48, 2880, 16051, 31290
2026/09/25 17:42:01.657, 0, 176.05, 41, 2880, 16051, 31844
2026/09/25 17:42:01.657, 1, 170.02, 47, 2857, 16051, 31290
2026/09/25 17:42:01.907, 0, 176.05, 41, 2880, 16051, 31844
2026/09/25 17:42:01.908, 1, 170.02, 47, 2857, 16051, 31290
2026/09/25 17:42:02.158, 0, 235.27, 41, 2880, 16051, 31844
2026/09/25 17:42:02.158, 1, 233.45, 47, 2857, 16051, 31290
2026/09/25 17:42:02.408, 0, 235.27, 41, 2880, 16051, 31844
2026/09/25 17:42:02.408, 1, 233.45, 47, 2857, 16051, 31290
2026/09/25 17:42:02.658, 0, 236.00, 40, 2880, 16051, 31844
2026/09/25 17:42:02.658, 1, 235.07, 47, 2857, 16051, 31290
2026/09/25 17:42:02.908, 0, 236.00, 40, 2880, 16051, 31844
2026/09/25 17:42:02.908, 1, 235.07, 47, 2857, 16051, 31290
2026/09/25 17:42:03.158, 0, 232.82, 41, 2880, 16051, 31844
2026/09/25 17:42:03.159, 1, 233.60, 46, 2857, 16051, 31290
2026/09/25 17:42:03.409, 0, 232.82, 41, 2880, 16051, 31844
2026/09/25 17:42:03.409, 1, 233.60, 46, 2857, 16051, 31290
2026/09/25 17:42:03.659, 0, 231.64, 39, 2880, 16051, 31844
2026/09/25 17:42:03.659, 1, 231.91, 48, 2857, 16051, 31290
2026/09/25 17:42:03.909, 0, 231.64, 39, 2880, 16051, 31844
2026/09/25 17:42:03.909, 1, 231.91, 48, 2857, 16051, 31290
2026/09/25 17:42:04.159, 0, 230.42, 40, 2880, 16051, 31844
2026/09/25 17:42:04.159, 1, 231.39, 48, 2857, 16051, 31290
2026/09/25 17:42:04.409, 0, 230.42, 40, 2880, 16051, 31844
2026/09/25 17:42:04.410, 1, 231.39, 48, 2857, 16051, 31290
2026/09/25 17:42:04.660, 0, 223.24, 42, 2880, 16051, 31844
2026/09/25 17:42:04.660, 1, 220.26, 37, 2857, 16051, 31290
2026/09/25 17:42:04.910, 0, 223.24, 42, 2880, 16051, 31844
2026/09/25 17:42:04.910, 1, 220.26, 37, 2857, 16051, 31290
2026/09/25 17:42:05.160, 0, 331.92, 93, 2812, 16051, 31844
2026/09/25 17:42:05.160, 1, 250.21, 100, 2827, 16051, 31330
2026/09/25 17:42:05.410, 0, 331.92, 93, 2812, 16051, 31844
2026/09/25 17:42:05.411, 1, 250.21, 100, 2827, 16051, 31330
2026/09/25 17:42:05.661, 0, 468.10, 90, 2820, 16051, 31844
2026/09/25 17:42:05.661, 1, 379.83, 83, 2790, 16051, 31330
2026/09/25 17:42:05.911, 0, 468.10, 90, 2820, 16051, 31844
2026/09/25 17:42:05.911, 1, 379.83, 83, 2790, 16051, 31330
2026/09/25 17:42:06.161, 0, 523.15, 91, 2812, 16051, 31844
2026/09/25 17:42:06.161, 1, 468.57, 80, 2790, 16051, 31330
2026/09/25 17:42:06.411, 0, 523.15, 91, 2812, 16051, 31844
2026/09/25 17:42:06.412, 1, 468.57, 80, 2790, 16051, 31330
2026/09/25 17:42:06.662, 0, 443.59, 68, 2872, 16051, 31844
2026/09/25 17:42:06.662, 1, 410.77, 34, 2812, 16051, 31330
2026/09/25 17:42:06.912, 0, 443.59, 68, 2872, 16051, 31844
2026/09/25 17:42:06.912, 1, 410.77, 34, 2812, 16051, 31330
2026/09/25 17:42:07.162, 0, 295.26, 4, 2872, 16051, 31844
2026/09/25 17:42:07.162, 1, 312.49, 0, 2842, 16051, 31330
2026/09/25 17:42:07.412, 0, 295.26, 4, 2872, 16051, 31844
2026/09/25 17:42:07.412, 1, 312.49, 0, 2842, 16051, 31330
2026/09/25 17:42:07.662, 0, 207.24, 39, 2887, 16051, 31844
2026/09/25 17:42:07.663, 1, 227.94, 44, 2865, 16051, 31330
2026/09/25 17:42:07.913, 0, 207.24, 39, 2887, 16051, 31844
2026/09/25 17:42:07.913, 1, 227.94, 44, 2865, 16051, 31330
2026/09/25 17:42:08.163, 0, 208.23, 37, 2880, 16051, 31844
2026/09/25 17:42:08.163, 1, 196.79, 41, 2857, 16051, 31330
2026/09/25 17:42:08.413, 0, 208.23, 37, 2880, 16051, 31844
2026/09/25 17:42:08.413, 1, 196.79, 41, 2857, 16051, 31330
2026/09/25 17:42:08.663, 0, 230.78, 41, 2880, 16051, 31844
2026/09/25 17:42:08.663, 1, 230.08, 46, 2850, 16051, 31330
2026/09/25 17:42:08.913, 0, 230.78, 41, 2880, 16051, 31844
2026/09/25 17:42:08.913, 1, 230.08, 46, 2850, 16051, 31330
2026/09/25 17:42:09.163, 0, 229.68, 42, 2880, 16051, 31844
2026/09/25 17:42:09.164, 1, 228.49, 46, 2842, 16051, 31330
2026/09/25 17:42:09.414, 0, 229.68, 42, 2880, 16051, 31844
2026/09/25 17:42:09.414, 1, 228.49, 46, 2842, 16051, 31330
2026/09/25 17:42:09.664, 0, 230.31, 36, 2880, 16051, 31844
2026/09/25 17:42:09.664, 1, 227.50, 42, 2850, 16051, 31330
2026/09/25 17:42:09.914, 0, 230.31, 36, 2880, 16051, 31844
2026/09/25 17:42:09.914, 1, 227.50, 42, 2850, 16051, 31330
2026/09/25 17:42:10.164, 0, 230.16, 36, 2880, 16051, 31844
2026/09/25 17:42:10.164, 1, 226.45, 42, 2857, 16051, 31330
2026/09/25 17:42:10.414, 0, 230.16, 36, 2880, 16051, 31844
2026/09/25 17:42:10.414, 1, 226.45, 42, 2857, 16051, 31330
2026/09/25 17:42:10.665, 0, 223.70, 37, 2880, 16051, 31844
2026/09/25 17:42:10.665, 1, 221.46, 45, 2857, 16051, 31330
2026/09/25 17:42:10.915, 0, 223.70, 37, 2880, 16051, 31844
2026/09/25 17:42:10.915, 1, 221.46, 45, 2857, 16051, 31332
2026/09/25 17:42:11.165, 0, 280.63, 100, 2850, 16051, 31844
2026/09/25 17:42:11.165, 1, 204.39, 95, 2880, 16051, 31352
2026/09/25 17:42:11.415, 0, 280.63, 100, 2850, 16051, 31844
2026/09/25 17:42:11.415, 1, 204.39, 95, 2880, 16051, 31352
2026/09/25 17:42:11.665, 0, 433.09, 91, 2820, 16051, 31844
2026/09/25 17:42:11.666, 1, 324.79, 85, 2790, 16051, 31352
2026/09/25 17:42:11.916, 0, 433.09, 91, 2820, 16051, 31844
2026/09/25 17:42:11.916, 1, 324.79, 85, 2790, 16051, 31352
2026/09/25 17:42:12.166, 0, 527.83, 91, 2812, 16051, 31844
2026/09/25 17:42:12.166, 1, 467.76, 81, 2790, 16051, 31352
2026/09/25 17:42:12.416, 0, 527.83, 91, 2812, 16051, 31844
2026/09/25 17:42:12.416, 1, 467.76, 81, 2790, 16051, 31352
2026/09/25 17:42:12.666, 0, 524.04, 91, 2812, 16051, 31844
2026/09/25 17:42:12.667, 1, 472.00, 81, 2790, 16051, 31352
2026/09/25 17:42:12.917, 0, 524.04, 91, 2812, 16051, 31844
2026/09/25 17:42:12.917, 1, 472.00, 81, 2790, 16051, 31352
2026/09/25 17:42:13.167, 0, 527.93, 96, 2820, 16051, 31844
2026/09/25 17:42:13.167, 1, 476.70, 81, 2790, 16051, 31352
2026/09/25 17:42:13.417, 0, 527.93, 96, 2820, 16051, 31844
2026/09/25 17:42:13.417, 1, 476.70, 81, 2790, 16051, 31352
2026/09/25 17:42:13.667, 0, 527.74, 100, 2812, 16051, 31844
2026/09/25 17:42:13.668, 1, 479.63, 100, 2790, 16051, 31352
2026/09/25 17:42:13.918, 0, 527.74, 100, 2812, 16051, 31844
2026/09/25 17:42:13.918, 1, 479.63, 100, 2790, 16051, 31352
2026/09/25 17:42:14.168, 0, 457.18, 100, 2842, 16051, 31844
2026/09/25 17:42:14.168, 1, 420.58, 100, 2835, 16051, 31352
2026/09/25 17:42:14.418, 0, 457.18, 100, 2842, 16051, 31844
2026/09/25 17:42:14.418, 1, 420.58, 100, 2835, 16051, 31352
2026/09/25 17:42:14.668, 0, 416.79, 0, 2812, 16051, 31844
2026/09/25 17:42:14.668, 1, 412.06, 100, 2782, 16051, 31352
2026/09/25 17:42:14.919, 0, 416.79, 0, 2812, 16051, 31844
2026/09/25 17:42:14.919, 1, 412.06, 100, 2782, 16051, 31352
2026/09/25 17:42:15.169, 0, 361.24, 54, 2865, 16051, 31844
2026/09/25 17:42:15.169, 1, 384.67, 26, 2827, 16051, 31352
2026/09/25 17:42:15.419, 0, 361.24, 54, 2865, 16051, 31844
2026/09/25 17:42:15.419, 1, 384.67, 26, 2827, 16051, 31352
2026/09/25 17:42:15.669, 0, 236.02, 40, 2880, 16051, 31844
2026/09/25 17:42:15.669, 1, 290.29, 48, 2850, 16051, 31352
2026/09/25 17:42:15.919, 0, 236.02, 40, 2880, 16051, 31844
2026/09/25 17:42:15.919, 1, 290.29, 48, 2850, 16051, 31352
2026/09/25 17:42:16.169, 0, 226.10, 42, 2880, 16051, 31844
2026/09/25 17:42:16.170, 1, 235.52, 47, 2850, 16051, 31352
2026/09/25 17:42:16.420, 0, 226.10, 42, 2880, 16051, 31844
2026/09/25 17:42:16.420, 1, 235.52, 47, 2850, 16051, 31352
2026/09/25 17:42:16.670, 0, 227.68, 37, 2880, 16051, 31844
2026/09/25 17:42:16.670, 1, 229.57, 44, 2850, 16051, 31352
2026/09/25 17:42:16.920, 0, 227.68, 37, 2880, 16051, 31844
2026/09/25 17:42:16.920, 1, 229.57, 44, 2850, 16051, 31352
2026/09/25 17:42:17.170, 0, 229.70, 41, 2880, 16051, 31844
2026/09/25 17:42:17.170, 1, 231.25, 47, 2850, 16051, 31352
2026/09/25 17:42:17.420, 0, 229.70, 41, 2880, 16051, 31844
2026/09/25 17:42:17.421, 1, 231.25, 47, 2850, 16051, 31352
2026/09/25 17:42:17.671, 0, 230.85, 36, 2880, 16051, 31844
2026/09/25 17:42:17.671, 1, 230.87, 42, 2850, 16051, 31352
2026/09/25 17:42:17.921, 0, 230.85, 36, 2880, 16051, 31844
2026/09/25 17:42:17.921, 1, 230.87, 42, 2850, 16051, 31352
2026/09/25 17:42:18.171, 0, 229.95, 39, 2880, 16051, 31844
2026/09/25 17:42:18.171, 1, 228.86, 44, 2850, 16051, 31352
2026/09/25 17:42:18.421, 0, 229.95, 39, 2880, 16051, 31844
2026/09/25 17:42:18.421, 1, 228.86, 44, 2850, 16051, 31352
2026/09/25 17:42:18.671, 0, 224.52, 29, 2872, 16051, 31844
2026/09/25 17:42:18.671, 1, 219.28, 10, 2850, 16051, 31352
2026/09/25 17:42:18.921, 0, 224.52, 29, 2872, 16051, 31844
2026/09/25 17:42:18.922, 1, 219.28, 10, 2850, 16051, 31352
2026/09/25 17:42:19.172, 0, 270.09, 100, 2857, 16051, 31844
2026/09/25 17:42:19.172, 1, 200.84, 93, 2880, 16051, 31352
2026/09/25 17:42:19.422, 0, 270.09, 100, 2857, 16051, 31844
2026/09/25 17:42:19.422, 1, 200.84, 93, 2880, 16051, 31352
2026/09/25 17:42:19.672, 0, 427.58, 91, 2812, 16051, 31844
2026/09/25 17:42:19.673, 1, 305.83, 83, 2790, 16051, 31352
2026/09/25 17:42:19.923, 0, 427.58, 91, 2812, 16051, 31844
2026/09/25 17:42:19.923, 1, 305.83, 83, 2790, 16051, 31352
2026/09/25 17:42:20.173, 0, 528.64, 91, 2812, 16051, 31844
2026/09/25 17:42:20.173, 1, 470.56, 82, 2782, 16051, 31352
2026/09/25 17:42:20.423, 0, 528.64, 91, 2812, 16051, 31844
2026/09/25 17:42:20.423, 1, 470.56, 82, 2782, 16051, 31352
2026/09/25 17:42:20.673, 0, 526.84, 91, 2812, 16051, 31844
2026/09/25 17:42:20.674, 1, 475.30, 81, 2782, 16051, 31352
2026/09/25 17:42:20.924, 0, 526.84, 91, 2812, 16051, 31844
2026/09/25 17:42:20.924, 1, 475.30, 81, 2782, 16051, 31352
2026/09/25 17:42:21.174, 0, 531.12, 96, 2812, 16051, 31844
2026/09/25 17:42:21.174, 1, 477.47, 81, 2790, 16051, 31352
2026/09/25 17:42:21.424, 0, 531.12, 96, 2812, 16051, 31844
2026/09/25 17:42:21.424, 1, 477.47, 81, 2790, 16051, 31352
2026/09/25 17:42:21.674, 0, 529.14, 100, 2812, 16051, 31844
2026/09/25 17:42:21.674, 1, 484.21, 100, 2790, 16051, 31352
2026/09/25 17:42:21.925, 0, 529.14, 100, 2812, 16051, 31844
2026/09/25 17:42:21.925, 1, 484.21, 100, 2790, 16051, 31352
2026/09/25 17:42:22.175, 0, 467.71, 100, 2842, 16051, 31844
2026/09/25 17:42:22.175, 1, 425.51, 100, 2842, 16051, 31352
2026/09/25 17:42:22.425, 0, 467.71, 100, 2842, 16051, 31844
2026/09/25 17:42:22.425, 1, 425.51, 100, 2842, 16051, 31352
2026/09/25 17:42:22.675, 0, 467.79, 97, 2812, 16051, 31844
2026/09/25 17:42:22.675, 1, 417.26, 100, 2782, 16051, 31352
2026/09/25 17:42:22.925, 0, 467.79, 97, 2812, 16051, 31844
2026/09/25 17:42:22.926, 1, 417.26, 100, 2782, 16051, 31352
2026/09/25 17:42:23.176, 0, 527.07, 92, 2812, 16051, 31844
2026/09/25 17:42:23.176, 1, 482.66, 80, 2782, 16051, 31352
2026/09/25 17:42:23.426, 0, 527.07, 92, 2812, 16051, 31844
2026/09/25 17:42:23.426, 1, 482.66, 80, 2782, 16051, 31352
2026/09/25 17:42:23.676, 0, 527.08, 92, 2812, 16051, 31844
2026/09/25 17:42:23.676, 1, 478.07, 82, 2782, 16051, 31352
2026/09/25 17:42:23.926, 0, 527.08, 92, 2812, 16051, 31844
2026/09/25 17:42:23.926, 1, 478.07, 82, 2782, 16051, 31352
2026/09/25 17:42:24.177, 0, 530.42, 96, 2812, 16051, 31844
2026/09/25 17:42:24.177, 1, 479.85, 80, 2790, 16051, 31352
2026/09/25 17:42:24.427, 0, 530.42, 96, 2812, 16051, 31844
2026/09/25 17:42:24.427, 1, 479.85, 80, 2790, 16051, 31352
2026/09/25 17:42:24.677, 0, 529.58, 100, 2812, 16051, 31844
2026/09/25 17:42:24.677, 1, 483.67, 100, 2790, 16051, 31352
2026/09/25 17:42:24.927, 0, 529.58, 100, 2812, 16051, 31844
2026/09/25 17:42:24.927, 1, 483.67, 100, 2790, 16051, 31352
2026/09/25 17:42:25.177, 0, 457.73, 100, 2850, 16051, 31844
2026/09/25 17:42:25.178, 1, 423.31, 100, 2835, 16051, 31352
2026/09/25 17:42:25.428, 0, 457.73, 100, 2850, 16051, 31844
2026/09/25 17:42:25.428, 1, 423.31, 100, 2835, 16051, 31352
2026/09/25 17:42:25.678, 0, 456.40, 92, 2812, 16051, 31844
2026/09/25 17:42:25.678, 1, 413.36, 93, 2782, 16051, 31352
2026/09/25 17:42:25.928, 0, 456.40, 92, 2812, 16051, 31844
2026/09/25 17:42:25.928, 1, 413.36, 93, 2782, 16051, 31352
2026/09/25 17:42:26.178, 0, 529.85, 96, 2812, 16051, 31844
2026/09/25 17:42:26.178, 1, 481.02, 81, 2782, 16051, 31352
2026/09/25 17:42:26.428, 0, 529.85, 96, 2812, 16051, 31844
2026/09/25 17:42:26.429, 1, 481.02, 81, 2782, 16051, 31352
2026/09/25 17:42:26.679, 0, 458.88, 15, 2835, 16051, 31844
2026/09/25 17:42:26.679, 1, 478.19, 73, 2790, 16051, 31352
2026/09/25 17:42:26.929, 0, 458.88, 15, 2835, 16051, 31844
2026/09/25 17:42:26.929, 1, 478.19, 73, 2790, 16051, 31352
2026/09/25 17:42:27.179, 0, 331.13, 0, 2887, 16051, 31844
2026/09/25 17:42:27.179, 1, 362.72, 0, 2812, 16051, 31352
2026/09/25 17:42:27.429, 0, 331.13, 0, 2887, 16051, 31844
2026/09/25 17:42:27.429, 1, 362.72, 0, 2812, 16051, 31352
2026/09/25 17:42:27.679, 0, 233.21, 42, 2887, 16051, 31844
2026/09/25 17:42:27.679, 1, 224.78, 48, 2842, 16051, 31352
2026/09/25 17:42:27.930, 0, 233.21, 42, 2887, 16051, 31844
2026/09/25 17:42:27.930, 1, 224.78, 48, 2842, 16051, 31352
2026/09/25 17:42:28.180, 0, 223.84, 41, 2880, 16051, 31844
2026/09/25 17:42:28.180, 1, 226.87, 47, 2850, 16051, 31352
2026/09/25 17:42:28.430, 0, 223.84, 41, 2880, 16051, 31844
2026/09/25 17:42:28.430, 1, 226.87, 47, 2850, 16051, 31352
2026/09/25 17:42:28.680, 0, 231.15, 40, 2880, 16051, 31844
2026/09/25 17:42:28.680, 1, 237.99, 47, 2842, 16051, 31352
2026/09/25 17:42:28.930, 0, 231.15, 40, 2880, 16051, 31844
2026/09/25 17:42:28.930, 1, 237.99, 47, 2842, 16051, 31352
2026/09/25 17:42:29.180, 0, 235.61, 41, 2880, 16051, 31844
2026/09/25 17:42:29.181, 1, 240.82, 49, 2850, 16051, 31352
2026/09/25 17:42:29.431, 0, 235.61, 41, 2880, 16051, 31844
2026/09/25 17:42:29.431, 1, 240.82, 49, 2850, 16051, 31352
2026/09/25 17:42:29.681, 0, 234.81, 41, 2880, 16051, 31844
2026/09/25 17:42:29.681, 1, 240.24, 47, 2850, 16051, 31352
2026/09/25 17:42:29.931, 0, 234.81, 41, 2880, 16051, 31844
2026/09/25 17:42:29.931, 1, 240.24, 47, 2850, 16051, 31352
2026/09/25 17:42:30.181, 0, 232.31, 41, 2880, 16051, 31844
2026/09/25 17:42:30.181, 1, 238.16, 48, 2850, 16051, 31352
2026/09/25 17:42:30.431, 0, 232.31, 41, 2880, 16051, 31844
2026/09/25 17:42:30.431, 1, 238.16, 48, 2850, 16051, 31352
2026/09/25 17:42:30.681, 0, 233.21, 40, 2880, 16051, 31844
2026/09/25 17:42:30.682, 1, 238.06, 47, 2842, 16051, 31352
2026/09/25 17:42:30.932, 0, 233.21, 40, 2880, 16051, 31844
2026/09/25 17:42:30.932, 1, 238.06, 47, 2842, 16051, 31352
2026/09/25 17:42:31.182, 0, 234.01, 40, 2880, 16051, 31844
2026/09/25 17:42:31.182, 1, 238.98, 48, 2850, 16051, 31352
2026/09/25 17:42:31.432, 0, 234.01, 40, 2880, 16051, 31844
2026/09/25 17:42:31.432, 1, 238.98, 48, 2850, 16051, 31352
2026/09/25 17:42:31.682, 0, 197.52, 0, 2895, 16051, 31844
2026/09/25 17:42:31.682, 1, 197.60, 0, 2857, 16051, 31352
2026/09/25 17:42:31.932, 0, 197.52, 0, 2895, 16051, 31844
2026/09/25 17:42:31.933, 1, 197.60, 0, 2857, 16051, 31352
2026/09/25 17:42:32.183, 0, 285.95, 96, 2812, 16051, 31844
2026/09/25 17:42:32.183, 1, 199.86, 68, 2850, 16051, 31352
2026/09/25 17:42:32.433, 0, 285.95, 96, 2812, 16051, 31844
2026/09/25 17:42:32.433, 1, 199.86, 68, 2850, 16051, 31352
2026/09/25 17:42:32.683, 0, 473.25, 91, 2812, 16051, 31844
2026/09/25 17:42:32.683, 1, 337.32, 82, 2782, 16051, 31352
2026/09/25 17:42:32.933, 0, 473.25, 91, 2812, 16051, 31844
2026/09/25 17:42:32.934, 1, 337.32, 82, 2782, 16051, 31352
2026/09/25 17:42:33.184, 0, 528.45, 91, 2812, 16051, 31844
2026/09/25 17:42:33.184, 1, 471.78, 82, 2790, 16051, 31352
2026/09/25 17:42:33.434, 0, 528.45, 91, 2812, 16051, 31844
2026/09/25 17:42:33.434, 1, 471.78, 82, 2790, 16051, 31352
2026/09/25 17:42:33.684, 0, 528.93, 100, 2812, 16051, 31844
2026/09/25 17:42:33.684, 1, 489.85, 92, 2790, 16051, 31352
2026/09/25 17:42:33.934, 0, 528.93, 100, 2812, 16051, 31844
2026/09/25 17:42:33.934, 1, 489.85, 92, 2790, 16051, 31352
2026/09/25 17:42:34.184, 0, 533.52, 100, 2812, 16051, 31844
2026/09/25 17:42:34.185, 1, 487.30, 100, 2782, 16051, 31352
2026/09/25 17:42:34.435, 0, 533.52, 100, 2812, 16051, 31844
2026/09/25 17:42:34.435, 1, 487.30, 100, 2782, 16051, 31352
2026/09/25 17:42:34.685, 0, 492.66, 0, 2812, 16051, 31844
2026/09/25 17:42:34.685, 1, 493.15, 100, 2782, 16051, 31352
2026/09/25 17:42:34.935, 0, 492.66, 0, 2812, 16051, 31844
2026/09/25 17:42:34.935, 1, 493.15, 100, 2782, 16051, 31352
2026/09/25 17:42:35.185, 0, 464.48, 100, 2812, 16051, 31844
2026/09/25 17:42:35.185, 1, 425.14, 100, 2820, 16051, 31352
2026/09/25 17:42:35.436, 0, 464.48, 100, 2812, 16051, 31844
2026/09/25 17:42:35.436, 1, 425.14, 100, 2820, 16051, 31352
2026/09/25 17:42:35.686, 0, 475.13, 92, 2812, 16051, 31844
2026/09/25 17:42:35.686, 1, 420.95, 92, 2775, 16051, 31352
2026/09/25 17:42:35.936, 0, 475.13, 92, 2812, 16051, 31844
2026/09/25 17:42:35.936, 1, 420.95, 92, 2775, 16051, 31352
2026/09/25 17:42:36.186, 0, 536.74, 96, 2812, 16051, 31844
2026/09/25 17:42:36.186, 1, 485.22, 85, 2782, 16051, 31352
2026/09/25 17:42:36.437, 0, 536.74, 96, 2812, 16051, 31844
2026/09/25 17:42:36.437, 1, 485.22, 85, 2782, 16051, 31352
2026/09/25 17:42:36.687, 0, 536.94, 96, 2812, 16051, 31844
2026/09/25 17:42:36.687, 1, 482.84, 81, 2782, 16051, 31352
2026/09/25 17:42:36.937, 0, 536.94, 96, 2812, 16051, 31844
2026/09/25 17:42:36.937, 1, 482.84, 81, 2782, 16051, 31352
2026/09/25 17:42:37.187, 0, 535.72, 96, 2812, 16051, 31844
2026/09/25 17:42:37.187, 1, 484.29, 81, 2782, 16051, 31352
2026/09/25 17:42:37.438, 0, 535.72, 96, 2812, 16051, 31844
2026/09/25 17:42:37.438, 1, 484.29, 81, 2782, 16051, 31352
2026/09/25 17:42:37.688, 0, 477.22, 0, 2827, 16051, 31844
2026/09/25 17:42:37.688, 1, 493.84, 100, 2790, 16051, 31352
2026/09/25 17:42:37.938, 0, 477.22, 0, 2827, 16051, 31844
2026/09/25 17:42:37.938, 1, 493.84, 100, 2790, 16051, 31352
2026/09/25 17:42:38.188, 0, 462.53, 100, 2812, 16051, 31844
2026/09/25 17:42:38.188, 1, 425.79, 100, 2812, 16051, 31352
2026/09/25 17:42:38.439, 0, 462.53, 100, 2812, 16051, 31844
2026/09/25 17:42:38.439, 1, 425.79, 100, 2812, 16051, 31352
2026/09/25 17:42:38.689, 0, 526.46, 96, 2812, 16051, 31844
2026/09/25 17:42:38.689, 1, 431.36, 100, 2782, 16051, 31352
2026/09/25 17:42:38.939, 0, 526.46, 96, 2812, 16051, 31844
2026/09/25 17:42:38.939, 1, 431.36, 100, 2782, 16051, 31352
2026/09/25 17:42:39.189, 0, 536.00, 96, 2812, 16051, 31844
2026/09/25 17:42:39.190, 1, 488.81, 80, 2782, 16051, 31352
2026/09/25 17:42:39.440, 0, 536.00, 96, 2812, 16051, 31844
2026/09/25 17:42:39.440, 1, 488.81, 80, 2782, 16051, 31352
2026/09/25 17:42:39.690, 0, 536.63, 96, 2812, 16051, 31844
2026/09/25 17:42:39.690, 1, 484.23, 85, 2782, 16051, 31352
2026/09/25 17:42:39.940, 0, 536.63, 96, 2812, 16051, 31844
2026/09/25 17:42:39.940, 1, 484.23, 85, 2782, 16051, 31352
2026/09/25 17:42:40.190, 0, 537.51, 96, 2812, 16051, 31844
2026/09/25 17:42:40.191, 1, 488.03, 81, 2782, 16051, 31352
2026/09/25 17:42:40.441, 0, 537.51, 96, 2812, 16051, 31844
2026/09/25 17:42:40.441, 1, 488.03, 81, 2782, 16051, 31352
2026/09/25 17:42:40.691, 0, 478.75, 0, 2820, 16051, 31844
2026/09/25 17:42:40.691, 1, 491.82, 100, 2782, 16051, 31352
2026/09/25 17:42:40.941, 0, 478.75, 0, 2820, 16051, 31844
2026/09/25 17:42:40.941, 1, 491.82, 100, 2782, 16051, 31352
2026/09/25 17:42:41.191, 0, 462.18, 100, 2812, 16051, 31844
2026/09/25 17:42:41.191, 1, 429.08, 100, 2812, 16051, 31352
2026/09/25 17:42:41.442, 0, 462.18, 100, 2812, 16051, 31844
2026/09/25 17:42:41.442, 1, 429.08, 100, 2812, 16051, 31352
2026/09/25 17:42:41.692, 0, 486.91, 96, 2812, 16051, 31844
2026/09/25 17:42:41.692, 1, 429.63, 96, 2782, 16051, 31352
2026/09/25 17:42:41.942, 0, 486.91, 96, 2812, 16051, 31844
2026/09/25 17:42:41.942, 1, 429.63, 96, 2782, 16051, 31352
2026/09/25 17:42:42.192, 0, 536.32, 96, 2812, 16051, 31844
2026/09/25 17:42:42.192, 1, 485.56, 83, 2782, 16051, 31352
2026/09/25 17:42:42.442, 0, 536.32, 96, 2812, 16051, 31844
2026/09/25 17:42:42.443, 1, 485.56, 83, 2782, 16051, 31352
2026/09/25 17:42:42.693, 0, 535.31, 94, 2812, 16051, 31844
2026/09/25 17:42:42.693, 1, 485.86, 84, 2782, 16051, 31352
2026/09/25 17:42:42.943, 0, 535.31, 94, 2812, 16051, 31844
2026/09/25 17:42:42.943, 1, 485.86, 84, 2782, 16051, 31352
2026/09/25 17:42:43.193, 0, 538.14, 100, 2812, 16051, 31844
2026/09/25 17:42:43.193, 1, 490.04, 99, 2782, 16051, 31352
2026/09/25 17:42:43.443, 0, 538.14, 100, 2812, 16051, 31844
2026/09/25 17:42:43.444, 1, 490.04, 99, 2782, 16051, 31352
2026/09/25 17:42:43.694, 0, 487.74, 0, 2812, 16051, 31844
2026/09/25 17:42:43.694, 1, 489.27, 100, 2782, 16051, 31352
2026/09/25 17:42:43.944, 0, 487.74, 0, 2812, 16051, 31844
2026/09/25 17:42:43.944, 1, 489.27, 100, 2782, 16051, 31352
2026/09/25 17:42:44.194, 0, 467.07, 96, 2812, 16051, 31844
2026/09/25 17:42:44.194, 1, 415.85, 94, 2820, 16051, 31352
2026/09/25 17:42:44.444, 0, 467.07, 96, 2812, 16051, 31844
2026/09/25 17:42:44.444, 1, 415.85, 94, 2820, 16051, 31352
2026/09/25 17:42:44.695, 0, 509.28, 96, 2812, 16051, 31844
2026/09/25 17:42:44.695, 1, 414.76, 84, 2782, 16051, 31352
2026/09/25 17:42:44.945, 0, 509.28, 96, 2812, 16051, 31844
2026/09/25 17:42:44.945, 1, 414.76, 84, 2782, 16051, 31352
2026/09/25 17:42:45.195, 0, 535.47, 96, 2812, 16051, 31844
2026/09/25 17:42:45.195, 1, 484.49, 83, 2782, 16051, 31352
2026/09/25 17:42:45.445, 0, 535.47, 96, 2812, 16051, 31844
2026/09/25 17:42:45.445, 1, 484.49, 83, 2782, 16051, 31352
2026/09/25 17:42:45.695, 0, 536.62, 100, 2812, 16051, 31844
2026/09/25 17:42:45.696, 1, 492.30, 100, 2790, 16051, 31352
2026/09/25 17:42:45.946, 0, 536.62, 100, 2812, 16051, 31844
2026/09/25 17:42:45.946, 1, 492.30, 100, 2790, 16051, 31352
2026/09/25 17:42:46.196, 0, 536.00, 100, 2812, 16051, 31844
2026/09/25 17:42:46.196, 1, 488.52, 100, 2782, 16051, 31352
2026/09/25 17:42:46.446, 0, 536.00, 100, 2812, 16051, 31844
2026/09/25 17:42:46.446, 1, 488.52, 100, 2782, 16051, 31352
2026/09/25 17:42:46.696, 0, 513.30, 39, 2812, 16051, 31844
2026/09/25 17:42:46.696, 1, 487.86, 84, 2782, 16051, 31352
2026/09/25 17:42:46.947, 0, 513.30, 39, 2812, 16051, 31844
2026/09/25 17:42:46.947, 1, 487.86, 84, 2782, 16051, 31352
2026/09/25 17:42:47.197, 0, 464.61, 96, 2812, 16051, 31844
2026/09/25 17:42:47.197, 1, 413.69, 79, 2842, 16051, 31352
2026/09/25 17:42:47.447, 0, 464.61, 96, 2812, 16051, 31844
2026/09/25 17:42:47.447, 1, 413.69, 79, 2842, 16051, 31352
2026/09/25 17:42:47.697, 0, 393.87, 100, 2880, 16051, 31844
2026/09/25 17:42:47.697, 1, 359.19, 0, 2790, 16051, 31352
2026/09/25 17:42:47.947, 0, 393.87, 100, 2880, 16051, 31844
2026/09/25 17:42:47.948, 1, 359.19, 0, 2790, 16051, 31354
2026/09/25 17:42:48.198, 0, 290.04, 36, 2895, 16051, 31844
2026/09/25 17:42:48.198, 1, 340.19, 42, 2835, 16051, 31354
2026/09/25 17:42:48.448, 0, 290.04, 36, 2895, 16051, 31844
2026/09/25 17:42:48.448, 1, 340.19, 42, 2835, 16051, 31354
2026/09/25 17:42:48.698, 0, 246.55, 42, 2880, 16051, 31844
2026/09/25 17:42:48.698, 1, 275.27, 48, 2842, 16051, 31354
2026/09/25 17:42:48.948, 0, 246.55, 42, 2880, 16051, 31844
2026/09/25 17:42:48.948, 1, 275.27, 48, 2842, 16051, 31354
2026/09/25 17:42:49.198, 0, 228.84, 37, 2880, 16051, 31844
2026/09/25 17:42:49.198, 1, 241.14, 44, 2850, 16051, 31354
2026/09/25 17:42:49.448, 0, 228.84, 37, 2880, 16051, 31844
2026/09/25 17:42:49.449, 1, 241.14, 44, 2850, 16051, 31354
2026/09/25 17:42:49.699, 0, 234.12, 41, 2880, 16051, 31844
2026/09/25 17:42:49.699, 1, 241.03, 48, 2842, 16051, 31354
2026/09/25 17:42:49.949, 0, 234.12, 41, 2880, 16051, 31844
2026/09/25 17:42:49.949, 1, 241.03, 48, 2842, 16051, 31354
2026/09/25 17:42:50.199, 0, 234.30, 41, 2880, 16051, 31844
2026/09/25 17:42:50.199, 1, 240.85, 48, 2850, 16051, 31354
2026/09/25 17:42:50.449, 0, 234.30, 41, 2880, 16051, 31844
2026/09/25 17:42:50.449, 1, 240.85, 48, 2850, 16051, 31354
2026/09/25 17:42:50.699, 0, 232.91, 41, 2880, 16051, 31844
2026/09/25 17:42:50.700, 1, 240.34, 48, 2850, 16051, 31354
2026/09/25 17:42:50.950, 0, 232.91, 41, 2880, 16051, 31844
2026/09/25 17:42:50.950, 1, 240.34, 48, 2850, 16051, 31354
2026/09/25 17:42:51.200, 0, 231.16, 38, 2880, 16051, 31844
2026/09/25 17:42:51.200, 1, 235.01, 42, 2850, 16051, 31354
2026/09/25 17:42:51.450, 0, 231.16, 38, 2880, 16051, 31844
2026/09/25 17:42:51.450, 1, 235.01, 42, 2850, 16051, 31354
2026/09/25 17:42:51.700, 0, 228.84, 37, 2872, 16051, 31844
2026/09/25 17:42:51.700, 1, 229.69, 43, 2850, 16051, 31354
2026/09/25 17:42:51.950, 0, 228.84, 37, 2872, 16051, 31844
2026/09/25 17:42:51.950, 1, 229.69, 43, 2850, 16051, 31354
2026/09/25 17:42:52.201, 0, 203.00, 0, 2880, 16051, 31844
2026/09/25 17:42:52.201, 1, 202.29, 0, 2857, 16051, 31354
2026/09/25 17:42:52.451, 0, 203.00, 0, 2880, 16051, 31844
2026/09/25 17:42:52.451, 1, 202.29, 0, 2857, 16051, 31354
2026/09/25 17:42:52.701, 0, 148.24, 0, 2880, 16051, 31844
2026/09/25 17:42:52.701, 1, 140.65, 0, 2865, 16051, 31354
2026/09/25 17:42:52.951, 0, 148.24, 0, 2880, 16051, 31844
2026/09/25 17:42:52.951, 1, 140.65, 0, 2865, 16051, 31354
2026/09/25 17:42:53.201, 0, 144.38, 31, 2880, 16051, 31844
2026/09/25 17:42:53.202, 1, 133.07, 60, 2865, 16051, 31354
2026/09/25 17:42:53.452, 0, 144.38, 31, 2880, 16051, 31844
2026/09/25 17:42:53.452, 1, 133.07, 60, 2865, 16051, 31354
2026/09/25 17:42:53.702, 0, 200.04, 41, 2880, 16051, 31844
2026/09/25 17:42:53.702, 1, 186.78, 48, 2842, 16051, 31354
2026/09/25 17:42:53.952, 0, 200.04, 41, 2880, 16051, 31844
2026/09/25 17:42:53.952, 1, 186.78, 48, 2842, 16051, 31354
2026/09/25 17:42:54.202, 0, 236.01, 42, 2880, 16051, 31844
2026/09/25 17:42:54.202, 1, 241.04, 50, 2842, 16051, 31354
2026/09/25 17:42:54.452, 0, 236.01, 42, 2880, 16051, 31844
2026/09/25 17:42:54.452, 1, 241.04, 50, 2842, 16051, 31354
2026/09/25 17:42:54.703, 0, 237.81, 42, 2880, 16051, 31844
2026/09/25 17:42:54.703, 1, 242.42, 46, 2842, 16051, 31354
2026/09/25 17:42:54.953, 0, 237.81, 42, 2880, 16051, 31844
2026/09/25 17:42:54.953, 1, 242.42, 46, 2842, 16051, 31354
2026/09/25 17:42:55.203, 0, 236.35, 42, 2880, 16051, 31844
2026/09/25 17:42:55.203, 1, 242.74, 49, 2842, 16051, 31354
2026/09/25 17:42:55.453, 0, 236.35, 42, 2880, 16051, 31844
2026/09/25 17:42:55.453, 1, 242.74, 49, 2842, 16051, 31354
2026/09/25 17:42:55.703, 0, 236.14, 43, 2880, 16051, 31844
2026/09/25 17:42:55.703, 1, 241.98, 46, 2842, 16051, 31354
2026/09/25 17:42:55.953, 0, 236.14, 43, 2880, 16051, 31844
2026/09/25 17:42:55.954, 1, 241.98, 46, 2842, 16051, 31354
2026/09/25 17:42:56.204, 0, 237.24, 41, 2880, 16051, 31844
2026/09/25 17:42:56.204, 1, 240.97, 48, 2842, 16051, 31354
2026/09/25 17:42:56.454, 0, 237.24, 41, 2880, 16051, 31844
2026/09/25 17:42:56.454, 1, 240.97, 48, 2842, 16051, 31354
2026/09/25 17:42:56.704, 0, 239.26, 41, 2880, 16051, 31844
2026/09/25 17:42:56.704, 1, 242.04, 48, 2850, 16051, 31354
2026/09/25 17:42:56.954, 0, 239.26, 41, 2880, 16051, 31844
2026/09/25 17:42:56.954, 1, 242.04, 48, 2850, 16051, 31354
2026/09/25 17:42:57.204, 0, 239.51, 41, 2880, 16051, 31844
2026/09/25 17:42:57.204, 1, 242.80, 46, 2842, 16051, 31354
2026/09/25 17:42:57.455, 0, 239.51, 41, 2880, 16051, 31844
2026/09/25 17:42:57.455, 1, 242.80, 46, 2842, 16051, 31354
2026/09/25 17:42:57.705, 0, 249.22, 1, 2842, 16051, 31844
2026/09/25 17:42:57.705, 1, 238.09, 93, 2865, 16051, 31354
2026/09/25 17:42:57.955, 0, 249.22, 1, 2842, 16051, 31844
2026/09/25 17:42:57.955, 1, 238.09, 93, 2865, 16051, 31354
2026/09/25 17:42:58.205, 0, 305.39, 100, 2872, 16051, 31844
2026/09/25 17:42:58.205, 1, 229.11, 0, 2820, 16051, 31354
2026/09/25 17:42:58.455, 0, 305.39, 100, 2872, 16051, 31844
2026/09/25 17:42:58.455, 1, 229.11, 0, 2820, 16051, 31354
2026/09/25 17:42:58.706, 0, 279.81, 36, 2887, 16051, 31844
2026/09/25 17:42:58.706, 1, 285.38, 41, 2842, 16051, 31354
2026/09/25 17:42:58.956, 0, 279.81, 36, 2887, 16051, 31844
2026/09/25 17:42:58.956, 1, 285.38, 41, 2842, 16051, 31354
2026/09/25 17:42:59.206, 0, 215.37, 40, 2880, 16051, 31844
2026/09/25 17:42:59.206, 1, 270.48, 49, 2842, 16051, 31354
2026/09/25 17:42:59.456, 0, 215.37, 40, 2880, 16051, 31844
2026/09/25 17:42:59.456, 1, 270.48, 49, 2842, 16051, 31354
2026/09/25 17:42:59.706, 0, 233.41, 43, 2880, 16051, 31844
2026/09/25 17:42:59.706, 1, 241.12, 49, 2850, 16051, 31354
2026/09/25 17:42:59.956, 0, 233.41, 43, 2880, 16051, 31844
2026/09/25 17:42:59.957, 1, 241.12, 49, 2850, 16051, 31354
2026/09/25 17:43:00.207, 0, 235.36, 42, 2880, 16051, 31844
2026/09/25 17:43:00.207, 1, 239.15, 50, 2850, 16051, 31354
2026/09/25 17:43:00.457, 0, 235.36, 42, 2880, 16051, 31844
2026/09/25 17:43:00.457, 1, 239.15, 50, 2850, 16051, 31354
2026/09/25 17:43:00.707, 0, 236.66, 43, 2880, 16051, 31844
2026/09/25 17:43:00.707, 1, 239.95, 46, 2842, 16051, 31354
2026/09/25 17:43:00.957, 0, 236.66, 43, 2880, 16051, 31844
2026/09/25 17:43:00.957, 1, 239.95, 46, 2842, 16051, 31354
2026/09/25 17:43:01.207, 0, 236.58, 42, 2880, 16051, 31844
2026/09/25 17:43:01.208, 1, 239.70, 46, 2850, 16051, 31354
2026/09/25 17:43:01.458, 0, 236.58, 42, 2880, 16051, 31844
2026/09/25 17:43:01.458, 1, 239.70, 46, 2850, 16051, 31354
2026/09/25 17:43:01.708, 0, 235.34, 42, 2880, 16051, 31844
2026/09/25 17:43:01.708, 1, 238.42, 46, 2850, 16051, 31354
2026/09/25 17:43:01.958, 0, 235.34, 42, 2880, 16051, 31844
2026/09/25 17:43:01.958, 1, 238.42, 46, 2850, 16051, 31354
2026/09/25 17:43:02.208, 0, 235.27, 41, 2880, 16051, 31844
2026/09/25 17:43:02.208, 1, 239.00, 49, 2850, 16051, 31354
2026/09/25 17:43:02.458, 0, 235.27, 41, 2880, 16051, 31844
2026/09/25 17:43:02.458, 1, 239.00, 49, 2850, 16051, 31354
2026/09/25 17:43:02.709, 0, 236.24, 40, 2880, 16051, 31844
2026/09/25 17:43:02.709, 1, 238.71, 48, 2850, 16051, 31354
2026/09/25 17:43:02.959, 0, 236.24, 40, 2880, 16051, 31844
2026/09/25 17:43:02.959, 1, 238.71, 48, 2850, 16051, 31354
2026/09/25 17:43:03.209, 0, 264.51, 100, 2887, 16051, 31844
2026/09/25 17:43:03.209, 1, 197.84, 7, 2857, 16051, 31354
2026/09/25 17:43:03.459, 0, 264.51, 100, 2887, 16051, 31844
2026/09/25 17:43:03.459, 1, 197.84, 7, 2857, 16051, 31354
2026/09/25 17:43:03.710, 0, 394.38, 100, 2820, 16051, 31844
2026/09/25 17:43:03.710, 1, 309.91, 82, 2797, 16051, 31354
2026/09/25 17:43:03.960, 0, 394.38, 100, 2820, 16051, 31844
2026/09/25 17:43:03.960, 1, 309.91, 82, 2797, 16051, 31354
2026/09/25 17:43:04.210, 0, 391.44, 1, 2842, 16051, 31844
2026/09/25 17:43:04.210, 1, 380.51, 99, 2842, 16051, 31354
2026/09/25 17:43:04.460, 0, 391.44, 1, 2842, 16051, 31844
2026/09/25 17:43:04.460, 1, 380.51, 99, 2842, 16051, 31354
2026/09/25 17:43:04.711, 0, 267.00, 40, 2887, 16051, 31844
2026/09/25 17:43:04.711, 1, 324.24, 48, 2820, 16051, 31354
2026/09/25 17:43:04.961, 0, 267.00, 40, 2887, 16051, 31844
2026/09/25 17:43:04.961, 1, 324.24, 48, 2820, 16051, 31354
2026/09/25 17:43:05.211, 0, 250.17, 36, 2887, 16051, 31844
2026/09/25 17:43:05.211, 1, 245.39, 43, 2850, 16051, 31354
2026/09/25 17:43:05.461, 0, 250.17, 36, 2887, 16051, 31844
2026/09/25 17:43:05.461, 1, 245.39, 43, 2850, 16051, 31354
2026/09/25 17:43:05.711, 0, 227.27, 39, 2887, 16051, 31844
2026/09/25 17:43:05.711, 1, 229.72, 45, 2850, 16051, 31354
2026/09/25 17:43:05.961, 0, 227.27, 39, 2887, 16051, 31844
2026/09/25 17:43:05.962, 1, 229.72, 45, 2850, 16051, 31354
2026/09/25 17:43:06.212, 0, 227.29, 40, 2887, 16051, 31844
2026/09/25 17:43:06.212, 1, 231.58, 48, 2850, 16051, 31354
2026/09/25 17:43:06.462, 0, 227.29, 40, 2887, 16051, 31844
2026/09/25 17:43:06.462, 1, 231.58, 48, 2850, 16051, 31354
2026/09/25 17:43:06.712, 0, 231.27, 39, 2887, 16051, 31844
2026/09/25 17:43:06.712, 1, 232.71, 47, 2850, 16051, 31354
2026/09/25 17:43:06.962, 0, 231.27, 39, 2887, 16051, 31844
2026/09/25 17:43:06.962, 1, 232.71, 47, 2850, 16051, 31354
2026/09/25 17:43:07.212, 0, 229.74, 35, 2887, 16051, 31844
2026/09/25 17:43:07.213, 1, 233.40, 42, 2850, 16051, 31354
2026/09/25 17:43:07.463, 0, 229.74, 35, 2887, 16051, 31844
2026/09/25 17:43:07.463, 1, 233.40, 42, 2850, 16051, 31354
2026/09/25 17:43:07.713, 0, 222.99, 22, 2887, 16051, 31844
2026/09/25 17:43:07.713, 1, 227.04, 26, 2850, 16051, 31354
2026/09/25 17:43:07.963, 0, 222.99, 22, 2887, 16051, 31844
2026/09/25 17:43:07.963, 1, 227.04, 26, 2850, 16051, 31354
2026/09/25 17:43:08.213, 0, 299.98, 100, 2835, 16051, 31844
2026/09/25 17:43:08.213, 1, 224.74, 72, 2865, 16051, 31354
2026/09/25 17:43:08.463, 0, 299.98, 100, 2835, 16051, 31844
2026/09/25 17:43:08.464, 1, 224.74, 72, 2865, 16051, 31354
2026/09/25 17:43:08.714, 0, 430.64, 100, 2812, 16051, 31844
2026/09/25 17:43:08.714, 1, 334.74, 100, 2797, 16051, 31354
2026/09/25 17:43:08.964, 0, 430.64, 100, 2812, 16051, 31844
2026/09/25 17:43:08.964, 1, 334.74, 100, 2797, 16051, 31354
2026/09/25 17:43:09.214, 0, 517.78, 100, 2812, 16051, 31844
2026/09/25 17:43:09.214, 1, 468.68, 100, 2782, 16051, 31354
2026/09/25 17:43:09.464, 0, 517.78, 100, 2812, 16051, 31844
2026/09/25 17:43:09.464, 1, 468.68, 100, 2782, 16051, 31354
2026/09/25 17:43:09.715, 0, 490.83, 0, 2812, 16051, 31844
2026/09/25 17:43:09.715, 1, 470.53, 100, 2782, 16051, 31354
2026/09/25 17:43:09.965, 0, 490.83, 0, 2812, 16051, 31844
2026/09/25 17:43:09.965, 1, 470.53, 100, 2782, 16051, 31354
2026/09/25 17:43:10.215, 0, 399.71, 92, 2857, 16051, 31844
2026/09/25 17:43:10.215, 1, 377.20, 0, 2820, 16051, 31354
2026/09/25 17:43:10.465, 0, 399.71, 92, 2857, 16051, 31844
2026/09/25 17:43:10.465, 1, 377.20, 0, 2820, 16051, 31354
2026/09/25 17:43:10.716, 0, 257.44, 40, 2895, 16051, 31844
2026/09/25 17:43:10.716, 1, 279.83, 49, 2842, 16051, 31354
2026/09/25 17:43:10.966, 0, 257.44, 40, 2895, 16051, 31844
2026/09/25 17:43:10.966, 1, 279.83, 49, 2842, 16051, 31354
2026/09/25 17:43:11.216, 0, 249.71, 41, 2880, 16051, 31844
2026/09/25 17:43:11.216, 1, 243.46, 49, 2850, 16051, 31354
2026/09/25 17:43:11.466, 0, 249.71, 41, 2880, 16051, 31844
2026/09/25 17:43:11.466, 1, 243.46, 49, 2850, 16051, 31354
2026/09/25 17:43:11.716, 0, 235.33, 40, 2880, 16051, 31844
2026/09/25 17:43:11.716, 1, 238.10, 46, 2850, 16051, 31354
2026/09/25 17:43:11.967, 0, 235.33, 40, 2880, 16051, 31844
2026/09/25 17:43:11.967, 1, 238.10, 46, 2850, 16051, 31354
2026/09/25 17:43:12.217, 0, 234.84, 43, 2880, 16051, 31844
2026/09/25 17:43:12.217, 1, 237.24, 45, 2850, 16051, 31354
2026/09/25 17:43:12.467, 0, 234.84, 43, 2880, 16051, 31844
2026/09/25 17:43:12.467, 1, 237.24, 45, 2850, 16051, 31354
2026/09/25 17:43:12.717, 0, 235.42, 40, 2880, 16051, 31844
2026/09/25 17:43:12.717, 1, 236.58, 49, 2850, 16051, 31354
2026/09/25 17:43:12.967, 0, 235.42, 40, 2880, 16051, 31844
2026/09/25 17:43:12.967, 1, 236.58, 49, 2850, 16051, 31354
2026/09/25 17:43:13.217, 0, 237.71, 41, 2880, 16051, 31844
2026/09/25 17:43:13.218, 1, 237.23, 45, 2850, 16051, 31354
2026/09/25 17:43:13.468, 0, 237.71, 41, 2880, 16051, 31844
2026/09/25 17:43:13.468, 1, 237.23, 45, 2850, 16051, 31354
2026/09/25 17:43:13.718, 0, 239.16, 40, 2880, 16051, 31844
2026/09/25 17:43:13.718, 1, 239.92, 47, 2842, 16051, 31354
2026/09/25 17:43:13.968, 0, 239.16, 40, 2880, 16051, 31844
2026/09/25 17:43:13.968, 1, 239.92, 47, 2842, 16051, 31354
2026/09/25 17:43:14.218, 0, 238.46, 42, 2880, 16051, 31844
2026/09/25 17:43:14.218, 1, 241.37, 48, 2842, 16051, 31354
2026/09/25 17:43:14.468, 0, 238.46, 42, 2880, 16051, 31844
2026/09/25 17:43:14.468, 1, 241.37, 48, 2842, 16051, 31354
2026/09/25 17:43:14.718, 0, 237.96, 43, 2880, 16051, 31844
2026/09/25 17:43:14.719, 1, 240.44, 49, 2842, 16051, 31354
2026/09/25 17:43:14.969, 0, 237.96, 43, 2880, 16051, 31844
2026/09/25 17:43:14.969, 1, 240.44, 49, 2842, 16051, 31354
2026/09/25 17:43:15.219, 0, 228.66, 45, 2887, 16051, 31846
2026/09/25 17:43:15.219, 1, 228.26, 45, 2850, 16051, 31354
2026/09/25 17:43:15.469, 0, 228.66, 45, 2887, 16051, 31846
2026/09/25 17:43:15.469, 1, 228.26, 45, 2850, 16051, 31354
2026/09/25 17:43:15.719, 0, 319.39, 89, 2805, 16051, 31846
2026/09/25 17:43:15.719, 1, 233.22, 69, 2850, 16051, 31354
2026/09/25 17:43:15.969, 0, 319.39, 89, 2805, 16051, 31846
2026/09/25 17:43:15.970, 1, 233.22, 69, 2850, 16051, 31354
2026/09/25 17:43:16.220, 0, 471.21, 90, 2812, 16051, 31846
2026/09/25 17:43:16.220, 1, 361.23, 79, 2782, 16051, 31354
2026/09/25 17:43:16.470, 0, 471.21, 90, 2812, 16051, 31846
2026/09/25 17:43:16.470, 1, 361.23, 79, 2782, 16051, 31354
2026/09/25 17:43:16.720, 0, 521.72, 90, 2812, 16051, 31846
2026/09/25 17:43:16.720, 1, 464.04, 79, 2782, 16051, 31354
2026/09/25 17:43:16.970, 0, 521.72, 90, 2812, 16051, 31846
2026/09/25 17:43:16.970, 1, 464.04, 79, 2782, 16051, 31354
2026/09/25 17:43:17.221, 0, 527.87, 96, 2812, 16051, 31846
2026/09/25 17:43:17.221, 1, 471.92, 80, 2790, 16051, 31354
2026/09/25 17:43:17.471, 0, 527.87, 96, 2812, 16051, 31846
2026/09/25 17:43:17.471, 1, 471.92, 80, 2790, 16051, 31354
2026/09/25 17:43:17.721, 0, 530.23, 100, 2812, 16051, 31846
2026/09/25 17:43:17.721, 1, 479.64, 95, 2790, 16051, 31354
2026/09/25 17:43:17.971, 0, 530.23, 100, 2812, 16051, 31846
2026/09/25 17:43:17.972, 1, 479.64, 95, 2790, 16051, 31354
2026/09/25 17:43:18.222, 0, 472.81, 0, 2812, 16051, 31846
2026/09/25 17:43:18.222, 1, 480.96, 100, 2782, 16051, 31354
2026/09/25 17:43:18.472, 0, 472.81, 0, 2812, 16051, 31846
2026/09/25 17:43:18.472, 1, 480.96, 100, 2782, 16051, 31354
2026/09/25 17:43:18.722, 0, 459.58, 100, 2812, 16051, 31846
2026/09/25 17:43:18.722, 1, 415.33, 100, 2820, 16051, 31354
2026/09/25 17:43:18.972, 0, 459.58, 100, 2812, 16051, 31846
2026/09/25 17:43:18.972, 1, 415.33, 100, 2820, 16051, 31354
2026/09/25 17:43:19.223, 0, 473.75, 90, 2812, 16051, 31846
2026/09/25 17:43:19.223, 1, 413.96, 100, 2775, 16051, 31354
2026/09/25 17:43:19.473, 0, 473.75, 90, 2812, 16051, 31846
2026/09/25 17:43:19.473, 1, 413.96, 100, 2775, 16051, 31354
2026/09/25 17:43:19.723, 0, 436.17, 23, 2865, 16051, 31846
2026/09/25 17:43:19.723, 1, 412.31, 79, 2820, 16051, 31354
2026/09/25 17:43:19.973, 0, 436.17, 23, 2865, 16051, 31846
2026/09/25 17:43:19.973, 1, 412.31, 79, 2820, 16051, 31354
2026/09/25 17:43:20.223, 0, 276.31, 41, 2887, 16051, 31846
2026/09/25 17:43:20.224, 1, 334.92, 50, 2842, 16051, 31354
2026/09/25 17:43:20.474, 0, 276.31, 41, 2887, 16051, 31846
2026/09/25 17:43:20.474, 1, 334.92, 50, 2842, 16051, 31354
2026/09/25 17:43:20.724, 0, 228.52, 40, 2887, 16051, 31846
2026/09/25 17:43:20.724, 1, 273.26, 49, 2850, 16051, 31354
2026/09/25 17:43:20.974, 0, 228.52, 40, 2887, 16051, 31846
2026/09/25 17:43:20.974, 1, 273.26, 49, 2850, 16051, 31354
2026/09/25 17:43:21.224, 0, 230.53, 42, 2887, 16051, 31846
2026/09/25 17:43:21.224, 1, 234.24, 48, 2850, 16051, 31354
2026/09/25 17:43:21.474, 0, 230.53, 42, 2887, 16051, 31846
2026/09/25 17:43:21.475, 1, 234.24, 48, 2850, 16051, 31354
2026/09/25 17:43:21.725, 0, 229.18, 43, 2887, 16051, 31846
2026/09/25 17:43:21.725, 1, 231.29, 48, 2850, 16051, 31354
2026/09/25 17:43:21.975, 0, 229.18, 43, 2887, 16051, 31846
2026/09/25 17:43:21.975, 1, 231.29, 48, 2850, 16051, 31354
2026/09/25 17:43:22.225, 0, 228.65, 41, 2887, 16051, 31846
2026/09/25 17:43:22.225, 1, 229.86, 46, 2850, 16051, 31354
2026/09/25 17:43:22.475, 0, 228.65, 41, 2887, 16051, 31846
2026/09/25 17:43:22.475, 1, 229.86, 46, 2850, 16051, 31354
2026/09/25 17:43:22.725, 0, 230.37, 37, 2887, 16051, 31846
2026/09/25 17:43:22.725, 1, 232.13, 42, 2850, 16051, 31354
2026/09/25 17:43:22.975, 0, 230.37, 37, 2887, 16051, 31846
2026/09/25 17:43:22.976, 1, 232.13, 42, 2850, 16051, 31354
2026/09/25 17:43:23.226, 0, 223.79, 39, 2887, 16051, 31846
2026/09/25 17:43:23.226, 1, 222.90, 35, 2850, 16051, 31354
2026/09/25 17:43:23.476, 0, 223.79, 39, 2887, 16051, 31846
2026/09/25 17:43:23.476, 1, 222.90, 35, 2850, 16051, 31354
2026/09/25 17:43:23.726, 0, 267.53, 100, 2857, 16051, 31846
2026/09/25 17:43:23.726, 1, 195.30, 100, 2880, 16051, 31354
2026/09/25 17:43:23.976, 0, 267.53, 100, 2857, 16051, 31846
2026/09/25 17:43:23.977, 1, 195.30, 100, 2880, 16051, 31354
2026/09/25 17:43:24.227, 0, 405.62, 92, 2812, 16051, 31846
2026/09/25 17:43:24.227, 1, 320.45, 100, 2782, 16051, 31354
2026/09/25 17:43:24.477, 0, 405.62, 92, 2812, 16051, 31846
2026/09/25 17:43:24.477, 1, 320.45, 100, 2782, 16051, 31354
2026/09/25 17:43:24.727, 0, 526.80, 91, 2812, 16051, 31846
2026/09/25 17:43:24.727, 1, 467.82, 89, 2782, 16051, 31354
2026/09/25 17:43:24.977, 0, 526.80, 91, 2812, 16051, 31846
2026/09/25 17:43:24.978, 1, 467.82, 89, 2782, 16051, 31354
2026/09/25 17:43:25.228, 0, 525.54, 90, 2812, 16051, 31846
2026/09/25 17:43:25.228, 1, 478.11, 80, 2775, 16051, 31354
2026/09/25 17:43:25.478, 0, 525.54, 90, 2812, 16051, 31846
2026/09/25 17:43:25.478, 1, 478.11, 80, 2775, 16051, 31354
2026/09/25 17:43:25.728, 0, 527.59, 91, 2812, 16051, 31846
2026/09/25 17:43:25.728, 1, 472.33, 80, 2782, 16051, 31354
2026/09/25 17:43:25.978, 0, 527.59, 91, 2812, 16051, 31846
2026/09/25 17:43:25.979, 1, 472.33, 80, 2782, 16051, 31354
2026/09/25 17:43:26.229, 0, 521.34, 69, 2812, 16051, 31846
2026/09/25 17:43:26.229, 1, 475.08, 80, 2782, 16051, 31354
2026/09/25 17:43:26.479, 0, 521.34, 69, 2812, 16051, 31846
2026/09/25 17:43:26.479, 1, 475.08, 80, 2782, 16051, 31354
2026/09/25 17:43:26.729, 0, 466.46, 91, 2812, 16051, 31846
2026/09/25 17:43:26.729, 1, 416.65, 81, 2842, 16051, 31354
2026/09/25 17:43:26.979, 0, 466.46, 91, 2812, 16051, 31846
2026/09/25 17:43:26.979, 1, 416.65, 81, 2842, 16051, 31354
2026/09/25 17:43:27.230, 0, 469.84, 96, 2812, 16051, 31846
2026/09/25 17:43:27.230, 1, 419.98, 80, 2790, 16051, 31354
2026/09/25 17:43:27.480, 0, 469.84, 96, 2812, 16051, 31846
2026/09/25 17:43:27.480, 1, 419.98, 80, 2790, 16051, 31354
2026/09/25 17:43:27.730, 0, 527.94, 100, 2812, 16051, 31846
2026/09/25 17:43:27.730, 1, 484.01, 100, 2790, 16051, 31354
2026/09/25 17:43:27.980, 0, 527.94, 100, 2812, 16051, 31846
2026/09/25 17:43:27.980, 1, 484.01, 100, 2790, 16051, 31354
2026/09/25 17:43:28.231, 0, 525.68, 100, 2812, 16051, 31846
2026/09/25 17:43:28.231, 1, 481.15, 100, 2782, 16051, 31354
2026/09/25 17:43:28.481, 0, 525.68, 100, 2812, 16051, 31846
2026/09/25 17:43:28.481, 1, 481.15, 100, 2782, 16051, 31354
2026/09/25 17:43:28.731, 0, 527.17, 91, 2812, 16051, 31846
2026/09/25 17:43:28.731, 1, 479.61, 95, 2782, 16051, 31354
2026/09/25 17:43:28.981, 0, 527.17, 91, 2812, 16051, 31846
2026/09/25 17:43:28.981, 1, 479.61, 95, 2782, 16051, 31354
2026/09/25 17:43:29.231, 0, 510.62, 36, 2812, 16051, 31846
2026/09/25 17:43:29.231, 1, 474.06, 80, 2782, 16051, 31354
2026/09/25 17:43:29.482, 0, 510.62, 36, 2812, 16051, 31846
2026/09/25 17:43:29.482, 1, 474.06, 80, 2782, 16051, 31354
2026/09/25 17:43:29.732, 0, 458.52, 91, 2812, 16051, 31846
2026/09/25 17:43:29.732, 1, 412.66, 81, 2835, 16051, 31354
2026/09/25 17:43:29.982, 0, 458.52, 91, 2812, 16051, 31846
2026/09/25 17:43:29.982, 1, 412.66, 81, 2835, 16051, 31354
2026/09/25 17:43:30.232, 0, 464.86, 91, 2812, 16051, 31846
2026/09/25 17:43:30.232, 1, 414.43, 81, 2782, 16051, 31354
2026/09/25 17:43:30.482, 0, 464.86, 91, 2812, 16051, 31846
2026/09/25 17:43:30.483, 1, 414.43, 81, 2782, 16051, 31354
2026/09/25 17:43:30.733, 0, 528.57, 100, 2812, 16051, 31846
2026/09/25 17:43:30.733, 1, 483.45, 95, 2790, 16051, 31354
2026/09/25 17:43:30.983, 0, 528.57, 100, 2812, 16051, 31846
2026/09/25 17:43:30.983, 1, 483.45, 95, 2790, 16051, 31354
2026/09/25 17:43:31.233, 0, 527.21, 100, 2805, 16051, 31846
2026/09/25 17:43:31.233, 1, 482.41, 100, 2782, 16051, 31354
2026/09/25 17:43:31.483, 0, 527.21, 100, 2805, 16051, 31846
2026/09/25 17:43:31.484, 1, 482.41, 100, 2782, 16051, 31354
2026/09/25 17:43:31.734, 0, 493.47, 13, 2812, 16051, 31846
2026/09/25 17:43:31.734, 1, 477.12, 89, 2782, 16051, 31354
2026/09/25 17:43:31.984, 0, 493.47, 13, 2812, 16051, 31846
2026/09/25 17:43:31.984, 1, 477.12, 89, 2782, 16051, 31354
2026/09/25 17:43:32.234, 0, 384.38, 72, 2850, 16051, 31846
2026/09/25 17:43:32.234, 1, 400.18, 16, 2835, 16051, 31354
2026/09/25 17:43:32.484, 0, 384.38, 72, 2850, 16051, 31846
2026/09/25 17:43:32.484, 1, 400.18, 16, 2835, 16051, 31354
2026/09/25 17:43:32.735, 0, 275.76, 36, 2902, 16051, 31846
2026/09/25 17:43:32.735, 1, 289.66, 41, 2820, 16051, 31354
2026/09/25 17:43:32.985, 0, 275.76, 36, 2902, 16051, 31846
2026/09/25 17:43:32.985, 1, 289.66, 41, 2820, 16051, 31354
2026/09/25 17:43:33.235, 0, 248.92, 40, 2880, 16051, 31846
2026/09/25 17:43:33.235, 1, 255.68, 49, 2850, 16051, 31354
2026/09/25 17:43:33.485, 0, 248.92, 40, 2880, 16051, 31846
2026/09/25 17:43:33.485, 1, 255.68, 49, 2850, 16051, 31354
2026/09/25 17:43:33.735, 0, 228.59, 36, 2880, 16051, 31846
2026/09/25 17:43:33.735, 1, 232.82, 45, 2850, 16051, 31354
2026/09/25 17:43:33.985, 0, 228.59, 36, 2880, 16051, 31846
2026/09/25 17:43:33.985, 1, 232.82, 45, 2850, 16051, 31354
2026/09/25 17:43:34.235, 0, 235.41, 41, 2880, 16051, 31846
2026/09/25 17:43:34.236, 1, 238.27, 48, 2842, 16051, 31354
2026/09/25 17:43:34.486, 0, 235.41, 41, 2880, 16051, 31846
2026/09/25 17:43:34.486, 1, 238.27, 48, 2842, 16051, 31354
2026/09/25 17:43:34.736, 0, 237.14, 42, 2880, 16051, 31846
2026/09/25 17:43:34.736, 1, 242.09, 47, 2850, 16051, 31354
2026/09/25 17:43:34.986, 0, 237.14, 42, 2880, 16051, 31846
2026/09/25 17:43:34.986, 1, 242.09, 47, 2850, 16051, 31354
2026/09/25 17:43:35.236, 0, 237.68, 41, 2880, 16051, 31846
2026/09/25 17:43:35.236, 1, 240.15, 47, 2850, 16051, 31354
2026/09/25 17:43:35.486, 0, 237.68, 41, 2880, 16051, 31846
2026/09/25 17:43:35.486, 1, 240.15, 47, 2850, 16051, 31354
2026/09/25 17:43:35.737, 0, 235.88, 40, 2880, 16051, 31846
2026/09/25 17:43:35.737, 1, 238.97, 46, 2850, 16051, 31354
2026/09/25 17:43:35.987, 0, 235.88, 40, 2880, 16051, 31846
2026/09/25 17:43:35.987, 1, 238.97, 46, 2850, 16051, 31354
2026/09/25 17:43:36.237, 0, 234.08, 41, 2880, 16051, 31846
2026/09/25 17:43:36.237, 1, 237.78, 49, 2850, 16051, 31354
2026/09/25 17:43:36.487, 0, 234.08, 41, 2880, 16051, 31846
2026/09/25 17:43:36.487, 1, 237.78, 49, 2850, 16051, 31354
2026/09/25 17:43:36.737, 0, 236.48, 42, 2880, 16051, 31846
2026/09/25 17:43:36.737, 1, 239.02, 47, 2850, 16051, 31354
2026/09/25 17:43:36.987, 0, 236.48, 42, 2880, 16051, 31846
2026/09/25 17:43:36.988, 1, 239.02, 47, 2850, 16051, 31354
2026/09/25 17:43:37.238, 0, 223.48, 13, 2887, 16051, 31846
2026/09/25 17:43:37.238, 1, 222.99, 31, 2850, 16051, 31354
2026/09/25 17:43:37.488, 0, 223.48, 13, 2887, 16051, 31846
2026/09/25 17:43:37.488, 1, 222.99, 31, 2850, 16051, 31354
2026/09/25 17:43:37.738, 0, 231.81, 100, 2880, 16051, 31846
2026/09/25 17:43:37.738, 1, 156.42, 38, 2880, 16051, 31354
2026/09/25 17:43:37.988, 0, 231.81, 100, 2880, 16051, 31846
2026/09/25 17:43:37.988, 1, 156.42, 38, 2880, 16051, 31354
2026/09/25 17:43:38.239, 0, 392.50, 91, 2812, 16051, 31846
2026/09/25 17:43:38.239, 1, 286.52, 80, 2790, 16051, 31354
2026/09/25 17:43:38.489, 0, 392.50, 91, 2812, 16051, 31846
2026/09/25 17:43:38.489, 1, 286.52, 80, 2790, 16051, 31354
2026/09/25 17:43:38.739, 0, 528.68, 91, 2812, 16051, 31846
2026/09/25 17:43:38.739, 1, 470.84, 82, 2790, 16051, 31354
2026/09/25 17:43:38.989, 0, 528.68, 91, 2812, 16051, 31846
2026/09/25 17:43:38.989, 1, 470.84, 82, 2790, 16051, 31354
2026/09/25 17:43:39.240, 0, 531.79, 97, 2812, 16051, 31846
2026/09/25 17:43:39.240, 1, 476.05, 80, 2782, 16051, 31354
2026/09/25 17:43:39.490, 0, 531.79, 97, 2812, 16051, 31846
2026/09/25 17:43:39.490, 1, 476.05, 80, 2782, 16051, 31354
2026/09/25 17:43:39.740, 0, 532.41, 100, 2812, 16051, 31846
2026/09/25 17:43:39.740, 1, 486.83, 91, 2782, 16051, 31354
2026/09/25 17:43:39.990, 0, 532.41, 100, 2812, 16051, 31846
2026/09/25 17:43:39.990, 1, 486.83, 91, 2782, 16051, 31354
2026/09/25 17:43:40.240, 0, 531.76, 100, 2812, 16051, 31846
2026/09/25 17:43:40.241, 1, 485.80, 100, 2782, 16051, 31354
2026/09/25 17:43:40.491, 0, 531.76, 100, 2812, 16051, 31846
2026/09/25 17:43:40.491, 1, 485.80, 100, 2782, 16051, 31354
2026/09/25 17:43:40.741, 0, 462.42, 100, 2842, 16051, 31846
2026/09/25 17:43:40.741, 1, 428.87, 100, 2835, 16051, 31354
2026/09/25 17:43:40.991, 0, 462.42, 100, 2842, 16051, 31846
2026/09/25 17:43:40.991, 1, 428.87, 100, 2835, 16051, 31354
2026/09/25 17:43:41.241, 0, 472.35, 100, 2812, 16051, 31846
2026/09/25 17:43:41.242, 1, 419.71, 100, 2782, 16051, 31354
2026/09/25 17:43:41.492, 0, 472.35, 100, 2812, 16051, 31846
2026/09/25 17:43:41.492, 1, 419.71, 100, 2782, 16051, 31354
2026/09/25 17:43:41.742, 0, 534.45, 95, 2812, 16051, 31846
2026/09/25 17:43:41.742, 1, 481.12, 96, 2775, 16051, 31354
2026/09/25 17:43:41.992, 0, 534.45, 95, 2812, 16051, 31846
2026/09/25 17:43:41.992, 1, 481.12, 96, 2775, 16051, 31354
2026/09/25 17:43:42.242, 0, 532.76, 91, 2805, 16051, 31846
2026/09/25 17:43:42.242, 1, 480.18, 80, 2782, 16051, 31354
2026/09/25 17:43:42.493, 0, 532.76, 91, 2805, 16051, 31846
2026/09/25 17:43:42.493, 1, 480.18, 80, 2782, 16051, 31354
2026/09/25 17:43:42.743, 0, 531.76, 92, 2812, 16051, 31846
2026/09/25 17:43:42.743, 1, 480.82, 80, 2775, 16051, 31354
2026/09/25 17:43:42.993, 0, 531.76, 92, 2812, 16051, 31846
2026/09/25 17:43:42.993, 1, 480.82, 80, 2775, 16051, 31354
2026/09/25 17:43:43.243, 0, 529.96, 77, 2805, 16051, 31846
2026/09/25 17:43:43.243, 1, 477.42, 85, 2782, 16051, 31354
2026/09/25 17:43:43.493, 0, 529.96, 77, 2805, 16051, 31846
2026/09/25 17:43:43.494, 1, 477.42, 85, 2782, 16051, 31354
2026/09/25 17:43:43.744, 0, 466.41, 96, 2820, 16051, 31846
2026/09/25 17:43:43.744, 1, 419.98, 81, 2842, 16051, 31354
2026/09/25 17:43:43.994, 0, 466.41, 96, 2820, 16051, 31846
2026/09/25 17:43:43.994, 1, 419.98, 81, 2842, 16051, 31354
2026/09/25 17:43:44.244, 0, 468.33, 100, 2812, 16051, 31846
2026/09/25 17:43:44.244, 1, 425.54, 99, 2790, 16051, 31354
2026/09/25 17:43:44.494, 0, 468.33, 100, 2812, 16051, 31846
2026/09/25 17:43:44.495, 1, 425.54, 99, 2790, 16051, 31354
2026/09/25 17:43:44.745, 0, 533.99, 100, 2812, 16051, 31846
2026/09/25 17:43:44.745, 1, 487.13, 100, 2782, 16051, 31354
2026/09/25 17:43:44.995, 0, 533.99, 100, 2812, 16051, 31846
2026/09/25 17:43:44.995, 1, 487.13, 100, 2782, 16051, 31354
2026/09/25 17:43:45.245, 0, 534.41, 91, 2812, 16051, 31846
2026/09/25 17:43:45.245, 1, 478.92, 100, 2775, 16051, 31354
2026/09/25 17:43:45.495, 0, 534.41, 91, 2812, 16051, 31846
2026/09/25 17:43:45.496, 1, 478.92, 100, 2775, 16051, 31354
2026/09/25 17:43:45.746, 0, 532.50, 91, 2812, 16051, 31846
2026/09/25 17:43:45.746, 1, 478.11, 84, 2782, 16051, 31354
2026/09/25 17:43:45.996, 0, 532.50, 91, 2812, 16051, 31846
2026/09/25 17:43:45.996, 1, 478.11, 84, 2782, 16051, 31354
2026/09/25 17:43:46.246, 0, 524.14, 60, 2812, 16051, 31846
2026/09/25 17:43:46.246, 1, 480.94, 84, 2782, 16051, 31354
2026/09/25 17:43:46.496, 0, 524.14, 60, 2812, 16051, 31846
2026/09/25 17:43:46.496, 1, 480.94, 84, 2782, 16051, 31354
2026/09/25 17:43:46.747, 0, 468.72, 91, 2812, 16051, 31846
2026/09/25 17:43:46.747, 1, 420.59, 80, 2842, 16051, 31354
2026/09/25 17:43:46.997, 0, 468.72, 91, 2812, 16051, 31846
2026/09/25 17:43:46.997, 1, 420.59, 80, 2842, 16051, 31354
2026/09/25 17:43:47.247, 0, 474.86, 100, 2812, 16051, 31846
2026/09/25 17:43:47.247, 1, 425.86, 93, 2782, 16051, 31354
2026/09/25 17:43:47.497, 0, 474.86, 100, 2812, 16051, 31846
2026/09/25 17:43:47.497, 1, 425.86, 93, 2782, 16051, 31354
2026/09/25 17:43:47.747, 0, 536.15, 100, 2812, 16051, 31846
2026/09/25 17:43:47.748, 1, 479.57, 100, 2782, 16051, 31354
2026/09/25 17:43:47.998, 0, 536.15, 100, 2812, 16051, 31846
2026/09/25 17:43:47.998, 1, 479.57, 100, 2782, 16051, 31354
2026/09/25 17:43:48.248, 0, 534.66, 91, 2812, 16051, 31846
2026/09/25 17:43:48.248, 1, 481.64, 96, 2782, 16051, 31354
2026/09/25 17:43:48.498, 0, 534.66, 91, 2812, 16051, 31846
2026/09/25 17:43:48.498, 1, 481.64, 96, 2782, 16051, 31354
2026/09/25 17:43:48.748, 0, 533.15, 91, 2812, 16051, 31846
2026/09/25 17:43:48.749, 1, 481.33, 83, 2782, 16051, 31354
2026/09/25 17:43:48.999, 0, 533.15, 91, 2812, 16051, 31846
2026/09/25 17:43:48.999, 1, 481.33, 83, 2782, 16051, 31354
2026/09/25 17:43:49.249, 0, 529.58, 90, 2812, 16051, 31846
2026/09/25 17:43:49.249, 1, 472.31, 78, 2782, 16051, 31354
2026/09/25 17:43:49.499, 0, 529.58, 90, 2812, 16051, 31846
2026/09/25 17:43:49.499, 1, 472.31, 78, 2782, 16051, 31354
2026/09/25 17:43:49.749, 0, 465.72, 100, 2827, 16051, 31846
2026/09/25 17:43:49.750, 1, 418.26, 90, 2842, 16051, 31354
2026/09/25 17:43:50.000, 0, 465.72, 100, 2827, 16051, 31846
2026/09/25 17:43:50.000, 1, 418.26, 90, 2842, 16051, 31354
2026/09/25 17:43:50.250, 0, 469.11, 100, 2812, 16051, 31846
2026/09/25 17:43:50.250, 1, 419.98, 100, 2782, 16051, 31354
2026/09/25 17:43:50.500, 0, 469.11, 100, 2812, 16051, 31846
2026/09/25 17:43:50.500, 1, 419.98, 100, 2782, 16051, 31354
2026/09/25 17:43:50.750, 0, 533.08, 95, 2812, 16051, 31846
2026/09/25 17:43:50.751, 1, 476.99, 87, 2782, 16051, 31354
2026/09/25 17:43:51.001, 0, 533.08, 95, 2812, 16051, 31846
2026/09/25 17:43:51.001, 1, 476.99, 87, 2782, 16051, 31354
2026/09/25 17:43:51.251, 0, 438.85, 47, 2865, 16051, 31846
2026/09/25 17:43:51.251, 1, 413.03, 55, 2812, 16051, 31354
2026/09/25 17:43:51.501, 0, 438.85, 47, 2865, 16051, 31846
2026/09/25 17:43:51.501, 1, 413.03, 55, 2812, 16051, 31354
2026/09/25 17:43:51.751, 0, 296.84, 41, 2887, 16051, 31846
2026/09/25 17:43:51.751, 1, 323.97, 48, 2850, 16051, 31354
2026/09/25 17:43:52.002, 0, 296.84, 41, 2887, 16051, 31846
2026/09/25 17:43:52.002, 1, 323.97, 48, 2850, 16051, 31354
2026/09/25 17:43:52.252, 0, 228.19, 42, 2880, 16051, 31846
2026/09/25 17:43:52.252, 1, 269.83, 47, 2850, 16051, 31354
2026/09/25 17:43:52.502, 0, 228.19, 42, 2880, 16051, 31846
2026/09/25 17:43:52.502, 1, 269.83, 47, 2850, 16051, 31354
2026/09/25 17:43:52.752, 0, 234.66, 41, 2880, 16051, 31846
2026/09/25 17:43:52.752, 1, 239.60, 48, 2850, 16051, 31354
2026/09/25 17:43:53.002, 0, 234.66, 41, 2880, 16051, 31846
2026/09/25 17:43:53.002, 1, 239.60, 48, 2850, 16051, 31354
2026/09/25 17:43:53.252, 0, 238.16, 38, 2880, 16051, 31846
2026/09/25 17:43:53.252, 1, 242.00, 42, 2842, 16051, 31354
2026/09/25 17:43:53.503, 0, 238.16, 38, 2880, 16051, 31846
2026/09/25 17:43:53.503, 1, 242.00, 42, 2842, 16051, 31354
2026/09/25 17:43:53.753, 0, 237.40, 41, 2880, 16051, 31846
2026/09/25 17:43:53.753, 1, 241.33, 48, 2842, 16051, 31354
2026/09/25 17:43:54.003, 0, 237.40, 41, 2880, 16051, 31846
2026/09/25 17:43:54.003, 1, 241.33, 48, 2842, 16051, 31354
2026/09/25 17:43:54.253, 0, 237.23, 40, 2880, 16051, 31846
2026/09/25 17:43:54.253, 1, 241.34, 48, 2842, 16051, 31354
2026/09/25 17:43:54.503, 0, 237.23, 40, 2880, 16051, 31846
2026/09/25 17:43:54.504, 1, 241.34, 48, 2842, 16051, 31354
2026/09/25 17:43:54.754, 0, 238.76, 43, 2880, 16051, 31846
2026/09/25 17:43:54.754, 1, 243.13, 49, 2850, 16051, 31354
2026/09/25 17:43:55.004, 0, 238.76, 43, 2880, 16051, 31846
2026/09/25 17:43:55.004, 1, 243.13, 49, 2850, 16051, 31354
2026/09/25 17:43:55.254, 0, 235.11, 42, 2887, 16051, 31846
2026/09/25 17:43:55.254, 1, 239.19, 47, 2850, 16051, 31354
2026/09/25 17:43:55.504, 0, 235.11, 42, 2887, 16051, 31846
2026/09/25 17:43:55.504, 1, 239.19, 47, 2850, 16051, 31354
2026/09/25 17:43:55.754, 0, 231.71, 40, 2887, 16051, 31846
2026/09/25 17:43:55.755, 1, 235.64, 47, 2850, 16051, 31354
2026/09/25 17:43:56.005, 0, 231.71, 40, 2887, 16051, 31846
2026/09/25 17:43:56.005, 1, 235.64, 47, 2850, 16051, 31354
2026/09/25 17:43:56.255, 0, 188.51, 0, 2902, 16051, 31846
2026/09/25 17:43:56.255, 1, 180.68, 0, 2865, 16051, 31354
2026/09/25 17:43:56.505, 0, 188.51, 0, 2902, 16051, 31846
2026/09/25 17:43:56.505, 1, 180.68, 0, 2865, 16051, 31354
2026/09/25 17:43:56.755, 0, 270.46, 96, 2812, 16051, 31846
2026/09/25 17:43:56.756, 1, 180.79, 69, 2842, 16051, 31354
2026/09/25 17:43:57.006, 0, 270.46, 96, 2812, 16051, 31846
2026/09/25 17:43:57.006, 1, 180.79, 69, 2842, 16051, 31354
2026/09/25 17:43:57.256, 0, 477.48, 96, 2805, 16051, 31846
2026/09/25 17:43:57.256, 1, 362.25, 87, 2782, 16051, 31354
2026/09/25 17:43:57.506, 0, 477.48, 96, 2805, 16051, 31846
2026/09/25 17:43:57.506, 1, 362.25, 87, 2782, 16051, 31354
2026/09/25 17:43:57.756, 0, 542.42, 97, 2812, 16051, 31846
2026/09/25 17:43:57.756, 1, 480.49, 80, 2775, 16051, 31354
2026/09/25 17:43:58.007, 0, 542.42, 97, 2812, 16051, 31846
2026/09/25 17:43:58.007, 1, 480.49, 80, 2775, 16051, 31354
2026/09/25 17:43:58.257, 0, 541.96, 96, 2805, 16051, 31846
2026/09/25 17:43:58.257, 1, 490.94, 85, 2775, 16051, 31354
2026/09/25 17:43:58.507, 0, 541.96, 96, 2805, 16051, 31846
2026/09/25 17:43:58.507, 1, 490.94, 85, 2775, 16051, 31354
2026/09/25 17:43:58.757, 0, 544.07, 96, 2805, 16051, 31846
2026/09/25 17:43:58.757, 1, 492.87, 85, 2782, 16051, 31354
2026/09/25 17:43:59.008, 0, 544.07, 96, 2805, 16051, 31846
2026/09/25 17:43:59.008, 1, 492.87, 85, 2782, 16051, 31354
2026/09/25 17:43:59.258, 0, 472.04, 37, 2835, 16051, 31846
2026/09/25 17:43:59.258, 1, 483.14, 58, 2782, 16051, 31354
2026/09/25 17:43:59.508, 0, 472.04, 37, 2835, 16051, 31846
2026/09/25 17:43:59.508, 1, 483.14, 58, 2782, 16051, 31354
2026/09/25 17:43:59.758, 0, 478.65, 96, 2805, 16051, 31846
2026/09/25 17:43:59.758, 1, 428.17, 85, 2790, 16051, 31354
2026/09/25 17:44:00.008, 0, 478.65, 96, 2805, 16051, 31846
2026/09/25 17:44:00.009, 1, 428.17, 85, 2790, 16051, 31354
2026/09/25 17:44:00.259, 0, 515.79, 96, 2812, 16051, 31846
2026/09/25 17:44:00.259, 1, 430.26, 85, 2782, 16051, 31354
2026/09/25 17:44:00.509, 0, 515.79, 96, 2812, 16051, 31846
2026/09/25 17:44:00.509, 1, 430.26, 85, 2782, 16051, 31354
2026/09/25 17:44:00.759, 0, 544.49, 96, 2812, 16051, 31846
2026/09/25 17:44:00.759, 1, 488.64, 85, 2782, 16051, 31354
2026/09/25 17:44:01.009, 0, 544.49, 96, 2812, 16051, 31846
2026/09/25 17:44:01.009, 1, 488.64, 85, 2782, 16051, 31354
2026/09/25 17:44:01.260, 0, 543.40, 100, 2805, 16051, 31846
2026/09/25 17:44:01.260, 1, 492.83, 92, 2782, 16051, 31354
2026/09/25 17:44:01.510, 0, 543.40, 100, 2805, 16051, 31846
2026/09/25 17:44:01.510, 1, 492.83, 92, 2782, 16051, 31354
2026/09/25 17:44:01.760, 0, 540.24, 100, 2812, 16051, 31846
2026/09/25 17:44:01.760, 1, 492.41, 100, 2782, 16051, 31354
2026/09/25 17:44:02.010, 0, 540.24, 100, 2812, 16051, 31846
2026/09/25 17:44:02.010, 1, 492.41, 100, 2782, 16051, 31354
2026/09/25 17:44:02.260, 0, 463.68, 100, 2872, 16051, 31846
2026/09/25 17:44:02.261, 1, 448.60, 0, 2782, 16051, 31354
2026/09/25 17:44:02.511, 0, 463.68, 100, 2872, 16051, 31846
2026/09/25 17:44:02.511, 1, 448.60, 0, 2782, 16051, 31354
2026/09/25 17:44:02.761, 0, 466.96, 100, 2812, 16051, 31846
2026/09/25 17:44:02.761, 1, 421.82, 100, 2775, 16051, 31354
2026/09/25 17:44:03.011, 0, 466.96, 100, 2812, 16051, 31846
2026/09/25 17:44:03.011, 1, 421.82, 100, 2775, 16051, 31354
2026/09/25 17:44:03.261, 0, 542.95, 96, 2782, 16051, 31846
2026/09/25 17:44:03.262, 1, 469.17, 92, 2775, 16051, 31354
2026/09/25 17:44:03.512, 0, 542.95, 96, 2782, 16051, 31846
2026/09/25 17:44:03.512, 1, 469.17, 92, 2775, 16051, 31354
2026/09/25 17:44:03.762, 0, 541.57, 96, 2812, 16051, 31846
2026/09/25 17:44:03.762, 1, 489.41, 84, 2775, 16051, 31354
2026/09/25 17:44:04.012, 0, 541.57, 96, 2812, 16051, 31846
2026/09/25 17:44:04.012, 1, 489.41, 84, 2775, 16051, 31354
2026/09/25 17:44:04.262, 0, 541.57, 96, 2812, 16051, 31846
2026/09/25 17:44:04.262, 1, 483.83, 83, 2775, 16051, 31354
2026/09/25 17:44:04.513, 0, 541.57, 96, 2812, 16051, 31846
2026/09/25 17:44:04.513, 1, 483.83, 83, 2775, 16051, 31354
2026/09/25 17:44:04.763, 0, 542.25, 96, 2812, 16051, 31846
2026/09/25 17:44:04.763, 1, 484.02, 84, 2782, 16051, 31354
2026/09/25 17:44:05.013, 0, 542.25, 96, 2812, 16051, 31846
2026/09/25 17:44:05.013, 1, 484.02, 84, 2782, 16051, 31354
2026/09/25 17:44:05.263, 0, 467.17, 100, 2872, 16051, 31846
2026/09/25 17:44:05.264, 1, 427.44, 5, 2797, 16051, 31354
2026/09/25 17:44:05.514, 0, 467.17, 100, 2872, 16051, 31846
2026/09/25 17:44:05.514, 1, 427.44, 5, 2797, 16051, 31354
2026/09/25 17:44:05.764, 0, 473.81, 100, 2812, 16051, 31846
2026/09/25 17:44:05.764, 1, 427.70, 100, 2790, 16051, 31354
2026/09/25 17:44:06.014, 0, 473.81, 100, 2812, 16051, 31846
2026/09/25 17:44:06.014, 1, 427.70, 100, 2790, 16051, 31354
2026/09/25 17:44:06.264, 0, 541.71, 100, 2790, 16051, 31846
2026/09/25 17:44:06.264, 1, 487.58, 100, 2782, 16051, 31354
2026/09/25 17:44:06.515, 0, 541.71, 100, 2790, 16051, 31846
2026/09/25 17:44:06.515, 1, 487.58, 100, 2782, 16051, 31354
2026/09/25 17:44:06.765, 0, 539.77, 96, 2812, 16051, 31846
2026/09/25 17:44:06.765, 1, 482.51, 100, 2775, 16051, 31354
2026/09/25 17:44:07.015, 0, 539.77, 96, 2812, 16051, 31846
2026/09/25 17:44:07.015, 1, 482.51, 100, 2775, 16051, 31354
2026/09/25 17:44:07.265, 0, 540.64, 96, 2805, 16051, 31846
2026/09/25 17:44:07.265, 1, 486.79, 82, 2775, 16051, 31354
2026/09/25 17:44:07.516, 0, 540.64, 96, 2805, 16051, 31846
2026/09/25 17:44:07.516, 1, 486.79, 82, 2775, 16051, 31354
2026/09/25 17:44:07.766, 0, 539.39, 96, 2805, 16051, 31846
2026/09/25 17:44:07.766, 1, 482.54, 82, 2775, 16051, 31354
2026/09/25 17:44:08.016, 0, 539.39, 96, 2805, 16051, 31846
2026/09/25 17:44:08.016, 1, 482.54, 82, 2775, 16051, 31354
2026/09/25 17:44:08.266, 0, 463.57, 100, 2872, 16051, 31846
2026/09/25 17:44:08.266, 1, 416.93, 9, 2797, 16051, 31354
2026/09/25 17:44:08.516, 0, 463.57, 100, 2872, 16051, 31846
2026/09/25 17:44:08.517, 1, 416.93, 9, 2797, 16051, 31354
2026/09/25 17:44:08.767, 0, 470.16, 100, 2812, 16051, 31846
2026/09/25 17:44:08.767, 1, 422.10, 100, 2790, 16051, 31354
2026/09/25 17:44:09.017, 0, 470.16, 100, 2812, 16051, 31846
2026/09/25 17:44:09.017, 1, 422.10, 100, 2790, 16051, 31354
2026/09/25 17:44:09.267, 0, 538.83, 100, 2805, 16051, 31846
2026/09/25 17:44:09.267, 1, 449.67, 100, 2782, 16051, 31354
2026/09/25 17:44:09.517, 0, 538.83, 100, 2805, 16051, 31846
2026/09/25 17:44:09.518, 1, 449.67, 100, 2782, 16051, 31354
2026/09/25 17:44:09.768, 0, 535.97, 95, 2797, 16051, 31846
2026/09/25 17:44:09.768, 1, 483.06, 84, 2775, 16051, 31354
2026/09/25 17:44:10.018, 0, 535.97, 95, 2797, 16051, 31846
2026/09/25 17:44:10.018, 1, 483.06, 84, 2775, 16051, 31354
2026/09/25 17:44:10.268, 0, 537.54, 96, 2797, 16051, 31846
2026/09/25 17:44:10.268, 1, 482.73, 81, 2782, 16051, 31354
2026/09/25 17:44:10.518, 0, 537.54, 96, 2797, 16051, 31846
2026/09/25 17:44:10.518, 1, 482.73, 81, 2782, 16051, 31354
2026/09/25 17:44:10.769, 0, 538.59, 96, 2797, 16051, 31846
2026/09/25 17:44:10.769, 1, 475.65, 83, 2790, 16051, 31354
2026/09/25 17:44:11.019, 0, 538.59, 96, 2797, 16051, 31846
2026/09/25 17:44:11.019, 1, 475.65, 83, 2790, 16051, 31354
2026/09/25 17:44:11.269, 0, 469.49, 100, 2872, 16051, 31846
2026/09/25 17:44:11.269, 1, 428.69, 0, 2790, 16051, 31354
2026/09/25 17:44:11.519, 0, 469.49, 100, 2872, 16051, 31846
2026/09/25 17:44:11.519, 1, 428.69, 0, 2790, 16051, 31354
2026/09/25 17:44:11.770, 0, 462.54, 100, 2812, 16051, 31846
2026/09/25 17:44:11.770, 1, 422.59, 100, 2782, 16051, 31354
2026/09/25 17:44:12.020, 0, 462.54, 100, 2812, 16051, 31846
2026/09/25 17:44:12.020, 1, 422.59, 100, 2782, 16051, 31354
2026/09/25 17:44:12.270, 0, 539.11, 96, 2812, 16051, 31846
2026/09/25 17:44:12.270, 1, 435.13, 84, 2782, 16051, 31354
2026/09/25 17:44:12.520, 0, 539.11, 96, 2812, 16051, 31846
2026/09/25 17:44:12.520, 1, 435.13, 84, 2782, 16051, 31354
2026/09/25 17:44:12.770, 0, 445.19, 60, 2865, 16051, 31846
2026/09/25 17:44:12.771, 1, 410.89, 42, 2805, 16051, 31354
2026/09/25 17:44:13.021, 0, 445.19, 60, 2865, 16051, 31846
2026/09/25 17:44:13.021, 1, 410.89, 42, 2805, 16051, 31354
2026/09/25 17:44:13.271, 0, 296.65, 40, 2887, 16051, 31846
2026/09/25 17:44:13.271, 1, 326.08, 47, 2850, 16051, 31354
2026/09/25 17:44:13.521, 0, 296.65, 40, 2887, 16051, 31846
2026/09/25 17:44:13.521, 1, 326.08, 47, 2850, 16051, 31354
2026/09/25 17:44:13.771, 0, 213.59, 41, 2880, 16051, 31846
2026/09/25 17:44:13.771, 1, 269.16, 47, 2850, 16051, 31354
2026/09/25 17:44:14.021, 0, 213.59, 41, 2880, 16051, 31846
2026/09/25 17:44:14.021, 1, 269.16, 47, 2850, 16051, 31354
2026/09/25 17:44:14.271, 0, 236.07, 42, 2880, 16051, 31846
2026/09/25 17:44:14.272, 1, 240.92, 47, 2842, 16051, 31354
2026/09/25 17:44:14.522, 0, 236.07, 42, 2880, 16051, 31846
2026/09/25 17:44:14.522, 1, 240.92, 47, 2842, 16051, 31354
2026/09/25 17:44:14.772, 0, 237.89, 41, 2880, 16051, 31846
2026/09/25 17:44:14.772, 1, 244.08, 46, 2850, 16051, 31354
2026/09/25 17:44:15.022, 0, 237.89, 41, 2880, 16051, 31846
2026/09/25 17:44:15.022, 1, 244.08, 46, 2850, 16051, 31354
2026/09/25 17:44:15.272, 0, 237.80, 43, 2880, 16051, 31846
2026/09/25 17:44:15.272, 1, 243.03, 47, 2842, 16051, 31354
2026/09/25 17:44:15.522, 0, 237.80, 43, 2880, 16051, 31846
2026/09/25 17:44:15.522, 1, 243.03, 47, 2842, 16051, 31354
2026/09/25 17:44:15.772, 0, 239.24, 41, 2880, 16051, 31846
2026/09/25 17:44:15.773, 1, 242.90, 47, 2842, 16051, 31354
2026/09/25 17:44:16.023, 0, 239.24, 41, 2880, 16051, 31846
2026/09/25 17:44:16.023, 1, 242.90, 47, 2842, 16051, 31354
2026/09/25 17:44:16.273, 0, 238.83, 39, 2880, 16051, 31846
2026/09/25 17:44:16.273, 1, 242.15, 46, 2850, 16051, 31354
2026/09/25 17:44:16.523, 0, 238.83, 39, 2880, 16051, 31846
2026/09/25 17:44:16.523, 1, 242.15, 46, 2850, 16051, 31354
2026/09/25 17:44:16.773, 0, 238.11, 41, 2880, 16051, 31846
2026/09/25 17:44:16.773, 1, 240.81, 48, 2850, 16051, 31354
2026/09/25 17:44:17.023, 0, 238.11, 41, 2880, 16051, 31846
2026/09/25 17:44:17.023, 1, 240.81, 48, 2850, 16051, 31354
2026/09/25 17:44:17.274, 0, 236.90, 37, 2880, 16051, 31846
2026/09/25 17:44:17.274, 1, 240.90, 43, 2850, 16051, 31354
2026/09/25 17:44:17.524, 0, 236.90, 37, 2880, 16051, 31846
2026/09/25 17:44:17.524, 1, 240.90, 43, 2850, 16051, 31354
2026/09/25 17:44:17.774, 0, 222.44, 43, 2895, 16051, 31846
2026/09/25 17:44:17.774, 1, 218.62, 41, 2857, 16051, 31354
2026/09/25 17:44:18.024, 0, 222.44, 43, 2895, 16051, 31846
2026/09/25 17:44:18.024, 1, 218.62, 41, 2857, 16051, 31354
2026/09/25 17:44:18.275, 0, 237.88, 100, 2880, 16051, 31846
2026/09/25 17:44:18.275, 1, 163.10, 32, 2865, 16051, 31354
2026/09/25 17:44:18.525, 0, 237.88, 100, 2880, 16051, 31846
2026/09/25 17:44:18.525, 1, 163.10, 32, 2865, 16051, 31354
2026/09/25 17:44:18.775, 0, 337.45, 100, 2865, 16051, 31846
2026/09/25 17:44:18.775, 1, 239.67, 54, 2805, 16051, 31354
2026/09/25 17:44:19.025, 0, 337.45, 100, 2865, 16051, 31846
2026/09/25 17:44:19.025, 1, 239.67, 54, 2805, 16051, 31354
2026/09/25 17:44:19.275, 0, 421.44, 100, 2857, 16051, 31846
2026/09/25 17:44:19.275, 1, 352.40, 78, 2805, 16051, 31354
2026/09/25 17:44:19.525, 0, 421.44, 100, 2857, 16051, 31846
2026/09/25 17:44:19.526, 1, 352.40, 78, 2805, 16051, 31354
2026/09/25 17:44:19.776, 0, 407.44, 100, 2865, 16051, 31846
2026/09/25 17:44:19.776, 1, 347.77, 51, 2820, 16051, 31354
2026/09/25 17:44:20.026, 0, 407.44, 100, 2865, 16051, 31846
2026/09/25 17:44:20.026, 1, 347.77, 51, 2820, 16051, 31354
2026/09/25 17:44:20.276, 0, 390.71, 100, 2865, 16051, 31846
2026/09/25 17:44:20.276, 1, 347.94, 58, 2805, 16051, 31354
2026/09/25 17:44:20.526, 0, 390.71, 100, 2865, 16051, 31846
2026/09/25 17:44:20.526, 1, 347.94, 58, 2805, 16051, 31354
2026/09/25 17:44:20.776, 0, 406.54, 100, 2865, 16051, 31846
2026/09/25 17:44:20.776, 1, 363.07, 64, 2805, 16051, 31354
2026/09/25 17:44:21.026, 0, 406.54, 100, 2865, 16051, 31846
2026/09/25 17:44:21.026, 1, 363.07, 64, 2805, 16051, 31354
2026/09/25 17:44:21.276, 0, 405.03, 100, 2857, 16051, 31846
2026/09/25 17:44:21.277, 1, 369.99, 80, 2805, 16051, 31354
2026/09/25 17:44:21.527, 0, 405.03, 100, 2857, 16051, 31846
2026/09/25 17:44:21.527, 1, 369.99, 80, 2805, 16051, 31354
2026/09/25 17:44:21.777, 0, 406.50, 100, 2857, 16051, 31846
2026/09/25 17:44:21.777, 1, 368.93, 90, 2820, 16051, 31354
2026/09/25 17:44:22.027, 0, 406.50, 100, 2857, 16051, 31846
2026/09/25 17:44:22.027, 1, 368.93, 90, 2820, 16051, 31354
2026/09/25 17:44:22.277, 0, 421.61, 100, 2850, 16051, 31846
2026/09/25 17:44:22.277, 1, 363.97, 94, 2820, 16051, 31354
2026/09/25 17:44:22.527, 0, 421.61, 100, 2850, 16051, 31846
2026/09/25 17:44:22.527, 1, 363.97, 94, 2820, 16051, 31354
2026/09/25 17:44:22.777, 0, 406.78, 100, 2850, 16051, 31846
2026/09/25 17:44:22.777, 1, 371.09, 98, 2820, 16051, 31354
2026/09/25 17:44:23.028, 0, 406.78, 100, 2850, 16051, 31846
2026/09/25 17:44:23.028, 1, 371.09, 98, 2820, 16051, 31354
2026/09/25 17:44:23.278, 0, 420.00, 100, 2850, 16051, 31846
2026/09/25 17:44:23.278, 1, 379.78, 100, 2820, 16051, 31354
2026/09/25 17:44:23.528, 0, 420.00, 100, 2850, 16051, 31846
2026/09/25 17:44:23.528, 1, 379.78, 100, 2820, 16051, 31354
2026/09/25 17:44:23.778, 0, 419.77, 100, 2850, 16051, 31846
2026/09/25 17:44:23.778, 1, 381.12, 100, 2820, 16051, 31354
2026/09/25 17:44:24.028, 0, 419.77, 100, 2850, 16051, 31846
2026/09/25 17:44:24.028, 1, 381.12, 100, 2820, 16051, 31354
2026/09/25 17:44:24.278, 0, 406.03, 100, 2842, 16051, 31846
2026/09/25 17:44:24.278, 1, 370.09, 100, 2820, 16051, 31354
2026/09/25 17:44:24.529, 0, 406.03, 100, 2842, 16051, 31846
2026/09/25 17:44:24.529, 1, 370.09, 100, 2820, 16051, 31354
2026/09/25 17:44:24.779, 0, 419.64, 100, 2842, 16051, 31846
2026/09/25 17:44:24.779, 1, 369.99, 100, 2827, 16051, 31354
2026/09/25 17:44:25.029, 0, 419.64, 100, 2842, 16051, 31846
2026/09/25 17:44:25.029, 1, 369.99, 100, 2827, 16051, 31354
2026/09/25 17:44:25.279, 0, 405.72, 100, 2842, 16051, 31846
2026/09/25 17:44:25.279, 1, 370.24, 100, 2827, 16051, 31354
2026/09/25 17:44:25.529, 0, 405.72, 100, 2842, 16051, 31846
2026/09/25 17:44:25.529, 1, 370.24, 100, 2827, 16051, 31354
2026/09/25 17:44:25.780, 0, 405.45, 100, 2850, 16051, 31846
2026/09/25 17:44:25.780, 1, 384.43, 100, 2827, 16051, 31354
2026/09/25 17:44:26.030, 0, 405.45, 100, 2850, 16051, 31846
2026/09/25 17:44:26.030, 1, 384.43, 100, 2827, 16051, 31354
2026/09/25 17:44:26.280, 0, 419.28, 100, 2850, 16051, 31846
2026/09/25 17:44:26.280, 1, 383.70, 100, 2827, 16051, 31354
2026/09/25 17:44:26.530, 0, 419.28, 100, 2850, 16051, 31846
2026/09/25 17:44:26.530, 1, 383.70, 100, 2827, 16051, 31354
2026/09/25 17:44:26.780, 0, 419.45, 100, 2850, 16051, 31846
2026/09/25 17:44:26.781, 1, 368.92, 100, 2827, 16051, 31354
2026/09/25 17:44:27.031, 0, 419.45, 100, 2850, 16051, 31846
2026/09/25 17:44:27.031, 1, 368.92, 100, 2827, 16051, 31354
2026/09/25 17:44:27.281, 0, 405.04, 100, 2842, 16051, 31846
2026/09/25 17:44:27.281, 1, 369.98, 100, 2827, 16051, 31354
2026/09/25 17:44:27.531, 0, 405.04, 100, 2842, 16051, 31846
2026/09/25 17:44:27.531, 1, 369.98, 100, 2827, 16051, 31354
2026/09/25 17:44:27.781, 0, 405.33, 100, 2842, 16051, 31846
2026/09/25 17:44:27.781, 1, 384.47, 100, 2827, 16051, 31354
2026/09/25 17:44:28.031, 0, 405.33, 100, 2842, 16051, 31846
2026/09/25 17:44:28.031, 1, 384.47, 100, 2827, 16051, 31354
2026/09/25 17:44:28.281, 0, 419.21, 100, 2842, 16051, 31846
2026/09/25 17:44:28.282, 1, 368.36, 100, 2827, 16051, 31354
2026/09/25 17:44:28.532, 0, 419.21, 100, 2842, 16051, 31846
2026/09/25 17:44:28.532, 1, 368.36, 100, 2827, 16051, 31354
2026/09/25 17:44:28.782, 0, 418.61, 100, 2842, 16051, 31846
2026/09/25 17:44:28.782, 1, 368.72, 100, 2827, 16051, 31354
2026/09/25 17:44:29.032, 0, 418.61, 100, 2842, 16051, 31846
2026/09/25 17:44:29.032, 1, 368.72, 100, 2827, 16051, 31354
2026/09/25 17:44:29.282, 0, 418.52, 100, 2842, 16051, 31846
2026/09/25 17:44:29.282, 1, 368.57, 100, 2827, 16051, 31354
2026/09/25 17:44:29.532, 0, 418.52, 100, 2842, 16051, 31846
2026/09/25 17:44:29.532, 1, 368.57, 100, 2827, 16051, 31354
2026/09/25 17:44:29.782, 0, 405.09, 100, 2842, 16051, 31846
2026/09/25 17:44:29.783, 1, 383.54, 100, 2827, 16051, 31354
2026/09/25 17:44:30.033, 0, 405.09, 100, 2842, 16051, 31846
2026/09/25 17:44:30.033, 1, 383.54, 100, 2827, 16051, 31354
2026/09/25 17:44:30.283, 0, 419.62, 100, 2850, 16051, 31846
2026/09/25 17:44:30.283, 1, 383.09, 100, 2827, 16051, 31354
2026/09/25 17:44:30.533, 0, 419.62, 100, 2850, 16051, 31846
2026/09/25 17:44:30.533, 1, 383.09, 100, 2827, 16051, 31354
2026/09/25 17:44:30.783, 0, 419.59, 100, 2842, 16051, 31846
2026/09/25 17:44:30.783, 1, 367.88, 100, 2827, 16051, 31354
2026/09/25 17:44:31.033, 0, 419.59, 100, 2842, 16051, 31846
2026/09/25 17:44:31.033, 1, 367.88, 100, 2827, 16051, 31354
2026/09/25 17:44:31.284, 0, 419.45, 100, 2850, 16051, 31846
2026/09/25 17:44:31.284, 1, 383.54, 100, 2827, 16051, 31354
2026/09/25 17:44:31.534, 0, 419.45, 100, 2850, 16051, 31846
2026/09/25 17:44:31.534, 1, 383.54, 100, 2827, 16051, 31354
2026/09/25 17:44:31.784, 0, 405.11, 100, 2850, 16051, 31846
2026/09/25 17:44:31.784, 1, 368.14, 100, 2827, 16051, 31354
2026/09/25 17:44:32.034, 0, 405.11, 100, 2850, 16051, 31846
2026/09/25 17:44:32.034, 1, 368.14, 100, 2827, 16051, 31354
2026/09/25 17:44:32.284, 0, 402.04, 100, 2850, 16051, 31846
2026/09/25 17:44:32.284, 1, 364.61, 100, 2827, 16051, 31354
2026/09/25 17:44:32.534, 0, 402.04, 100, 2850, 16051, 31846
2026/09/25 17:44:32.534, 1, 364.61, 100, 2827, 16051, 31354
2026/09/25 17:44:32.785, 0, 412.45, 100, 2850, 16051, 31846
2026/09/25 17:44:32.785, 1, 376.66, 95, 2820, 16051, 31354
2026/09/25 17:44:33.035, 0, 412.45, 100, 2850, 16051, 31846
2026/09/25 17:44:33.035, 1, 376.66, 95, 2820, 16051, 31354
2026/09/25 17:44:33.285, 0, 396.79, 100, 2857, 16051, 31846
2026/09/25 17:44:33.285, 1, 360.31, 85, 2820, 16051, 31354
2026/09/25 17:44:33.535, 0, 396.79, 100, 2857, 16051, 31846
2026/09/25 17:44:33.535, 1, 360.31, 85, 2820, 16051, 31354
2026/09/25 17:44:33.785, 0, 414.95, 100, 2857, 16051, 31846
2026/09/25 17:44:33.785, 1, 372.93, 82, 2812, 16051, 31354
2026/09/25 17:44:34.035, 0, 414.95, 100, 2857, 16051, 31846
2026/09/25 17:44:34.036, 1, 372.93, 82, 2812, 16051, 31354
2026/09/25 17:44:34.286, 0, 417.06, 100, 2857, 16051, 31846
2026/09/25 17:44:34.286, 1, 365.52, 77, 2812, 16051, 31354
2026/09/25 17:44:34.536, 0, 417.06, 100, 2857, 16051, 31846
2026/09/25 17:44:34.536, 1, 365.52, 77, 2812, 16051, 31354
2026/09/25 17:44:34.786, 0, 402.77, 100, 2857, 16051, 31846
2026/09/25 17:44:34.786, 1, 365.29, 71, 2812, 16051, 31354
2026/09/25 17:44:35.036, 0, 402.77, 100, 2857, 16051, 31846
2026/09/25 17:44:35.036, 1, 365.29, 71, 2812, 16051, 31354
2026/09/25 17:44:35.286, 0, 402.25, 100, 2865, 16051, 31846
2026/09/25 17:44:35.286, 1, 366.94, 65, 2812, 16051, 31354
2026/09/25 17:44:35.536, 0, 402.25, 100, 2865, 16051, 31846
2026/09/25 17:44:35.537, 1, 366.94, 65, 2812, 16051, 31354
2026/09/25 17:44:35.787, 0, 399.07, 100, 2865, 16051, 31846
2026/09/25 17:44:35.787, 1, 361.67, 54, 2805, 16051, 31354
2026/09/25 17:44:36.037, 0, 399.07, 100, 2865, 16051, 31846
2026/09/25 17:44:36.037, 1, 361.67, 54, 2805, 16051, 31354
2026/09/25 17:44:36.287, 0, 409.79, 100, 2872, 16051, 31846
2026/09/25 17:44:36.287, 1, 357.61, 38, 2805, 16051, 31354
2026/09/25 17:44:36.537, 0, 409.79, 100, 2872, 16051, 31846
2026/09/25 17:44:36.537, 1, 357.61, 38, 2805, 16051, 31354
2026/09/25 17:44:36.787, 0, 409.56, 100, 2872, 16051, 31846
2026/09/25 17:44:36.787, 1, 357.42, 25, 2805, 16051, 31354
2026/09/25 17:44:37.038, 0, 409.56, 100, 2872, 16051, 31846
2026/09/25 17:44:37.038, 1, 357.42, 25, 2805, 16051, 31354
2026/09/25 17:44:37.288, 0, 395.02, 100, 2872, 16051, 31846
2026/09/25 17:44:37.288, 1, 344.83, 10, 2797, 16051, 31354
2026/09/25 17:44:37.538, 0, 395.02, 100, 2872, 16051, 31846
2026/09/25 17:44:37.538, 1, 344.83, 10, 2797, 16051, 31354
2026/09/25 17:44:37.788, 0, 396.79, 100, 2865, 16051, 31846
2026/09/25 17:44:37.788, 1, 362.92, 0, 2790, 16051, 31354
2026/09/25 17:44:38.038, 0, 396.79, 100, 2865, 16051, 31846
2026/09/25 17:44:38.039, 1, 362.92, 0, 2790, 16051, 31354
2026/09/25 17:44:38.289, 0, 351.48, 3, 2842, 16051, 31846
2026/09/25 17:44:38.289, 1, 366.70, 99, 2842, 16051, 31354
2026/09/25 17:44:38.539, 0, 351.48, 3, 2842, 16051, 31846
2026/09/25 17:44:38.539, 1, 366.70, 99, 2842, 16051, 31354
2026/09/25 17:44:38.789, 0, 355.55, 100, 2865, 16051, 31846
2026/09/25 17:44:38.789, 1, 282.19, 11, 2812, 16051, 31354
2026/09/25 17:44:39.039, 0, 355.55, 100, 2865, 16051, 31846
2026/09/25 17:44:39.040, 1, 282.19, 11, 2812, 16051, 31354
2026/09/25 17:44:39.290, 0, 357.82, 55, 2880, 16051, 31846
2026/09/25 17:44:39.290, 1, 331.61, 36, 2797, 16051, 31354
2026/09/25 17:44:39.540, 0, 357.82, 55, 2880, 16051, 31846
2026/09/25 17:44:39.540, 1, 331.61, 36, 2797, 16051, 31354
2026/09/25 17:44:39.790, 0, 302.11, 0, 2842, 16051, 31846
2026/09/25 17:44:39.790, 1, 323.87, 100, 2857, 16051, 31354
2026/09/25 17:44:40.040, 0, 302.11, 0, 2842, 16051, 31852
2026/09/25 17:44:40.040, 1, 323.87, 100, 2857, 16051, 31360
2026/09/25 17:44:40.290, 0, 266.20, 42, 2880, 16051, 31852
2026/09/25 17:44:40.291, 1, 249.20, 44, 2850, 16051, 31360
2026/09/25 17:44:40.541, 0, 266.20, 42, 2880, 16051, 31852
2026/09/25 17:44:40.541, 1, 249.20, 44, 2850, 16051, 31360
2026/09/25 17:44:40.791, 0, 234.46, 44, 2872, 16051, 31852
2026/09/25 17:44:40.791, 1, 280.12, 45, 2835, 16051, 31360
2026/09/25 17:44:41.041, 0, 234.46, 44, 2872, 16051, 31852
2026/09/25 17:44:41.041, 1, 280.12, 45, 2835, 16051, 31360
2026/09/25 17:44:41.291, 0, 274.20, 44, 2857, 16051, 31852
2026/09/25 17:44:41.291, 1, 263.47, 44, 2827, 16051, 31360
2026/09/25 17:44:41.541, 0, 274.20, 44, 2857, 16051, 31852
2026/09/25 17:44:41.542, 1, 263.47, 44, 2827, 16051, 31360
2026/09/25 17:44:41.792, 0, 281.70, 44, 2857, 16051, 31852
2026/09/25 17:44:41.792, 1, 266.97, 44, 2827, 16051, 31360
2026/09/25 17:44:42.042, 0, 281.70, 44, 2857, 16051, 31852
2026/09/25 17:44:42.042, 1, 266.97, 44, 2827, 16051, 31360
2026/09/25 17:44:42.292, 0, 281.16, 46, 2857, 16051, 31852
2026/09/25 17:44:42.292, 1, 266.68, 44, 2827, 16051, 31360
2026/09/25 17:44:42.542, 0, 281.16, 46, 2857, 16051, 31852
2026/09/25 17:44:42.542, 1, 266.68, 44, 2827, 16051, 31360
2026/09/25 17:44:42.792, 0, 286.48, 41, 2857, 16051, 31852
2026/09/25 17:44:42.792, 1, 268.35, 46, 2827, 16051, 31360
2026/09/25 17:44:43.042, 0, 286.48, 41, 2857, 16051, 31852
2026/09/25 17:44:43.042, 1, 268.35, 46, 2827, 16051, 31360
2026/09/25 17:44:43.293, 0, 285.31, 41, 2857, 16051, 31852
2026/09/25 17:44:43.293, 1, 267.93, 47, 2835, 16051, 31360
2026/09/25 17:44:43.543, 0, 285.31, 41, 2857, 16051, 31852
2026/09/25 17:44:43.543, 1, 267.93, 47, 2835, 16051, 31360
2026/09/25 17:44:43.793, 0, 285.86, 41, 2850, 16051, 31852
2026/09/25 17:44:43.793, 1, 269.73, 47, 2827, 16051, 31360
2026/09/25 17:44:44.043, 0, 285.86, 41, 2850, 16051, 31852
2026/09/25 17:44:44.043, 1, 269.73, 47, 2827, 16051, 31360
2026/09/25 17:44:44.293, 0, 287.34, 41, 2857, 16051, 31852
2026/09/25 17:44:44.293, 1, 268.93, 46, 2835, 16051, 31360
2026/09/25 17:44:44.543, 0, 287.34, 41, 2857, 16051, 31852
2026/09/25 17:44:44.544, 1, 268.93, 46, 2835, 16051, 31360
2026/09/25 17:44:44.794, 0, 286.10, 42, 2857, 16051, 31852
2026/09/25 17:44:44.794, 1, 266.57, 47, 2827, 16051, 31360
2026/09/25 17:44:45.044, 0, 286.10, 42, 2857, 16051, 31852
2026/09/25 17:44:45.044, 1, 266.57, 47, 2827, 16051, 31360
2026/09/25 17:44:45.294, 0, 284.86, 42, 2857, 16051, 31852
2026/09/25 17:44:45.294, 1, 269.57, 45, 2827, 16051, 31360
2026/09/25 17:44:45.544, 0, 284.86, 42, 2857, 16051, 31852
2026/09/25 17:44:45.544, 1, 269.57, 45, 2827, 16051, 31360
2026/09/25 17:44:45.794, 0, 283.33, 40, 2857, 16051, 31852
2026/09/25 17:44:45.794, 1, 266.98, 48, 2835, 16051, 31360
2026/09/25 17:44:46.045, 0, 283.33, 40, 2857, 16051, 31852
2026/09/25 17:44:46.045, 1, 266.98, 48, 2835, 16051, 31360
2026/09/25 17:44:46.295, 0, 282.15, 44, 2857, 16051, 31852
2026/09/25 17:44:46.295, 1, 264.70, 44, 2827, 16051, 31360
2026/09/25 17:44:46.545, 0, 282.15, 44, 2857, 16051, 31852
2026/09/25 17:44:46.545, 1, 264.70, 44, 2827, 16051, 31360
2026/09/25 17:44:46.795, 0, 284.34, 45, 2857, 16051, 31856
2026/09/25 17:44:46.795, 1, 265.40, 45, 2835, 16051, 31366
2026/09/25 17:44:47.045, 0, 284.34, 45, 2857, 16051, 31856
2026/09/25 17:44:47.045, 1, 265.40, 45, 2835, 16051, 31366
2026/09/25 17:44:47.296, 0, 274.81, 40, 2857, 16051, 31856
2026/09/25 17:44:47.296, 1, 259.51, 45, 2835, 16051, 31366
2026/09/25 17:44:47.546, 0, 274.81, 40, 2857, 16051, 31856
2026/09/25 17:44:47.546, 1, 259.51, 45, 2835, 16051, 31366
2026/09/25 17:44:47.796, 0, 233.31, 17, 2895, 16051, 31856
2026/09/25 17:44:47.796, 1, 217.24, 50, 2857, 16051, 31366
2026/09/25 17:44:48.046, 0, 233.31, 17, 2895, 16051, 31856
2026/09/25 17:44:48.046, 1, 217.24, 50, 2857, 16051, 31366
2026/09/25 17:44:48.296, 0, 177.34, 68, 2902, 16051, 31896
2026/09/25 17:44:48.297, 1, 132.76, 0, 2865, 16051, 31366
2026/09/25 17:44:48.547, 0, 177.34, 68, 2902, 16051, 31896
2026/09/25 17:44:48.547, 1, 132.76, 0, 2865, 16051, 31366
2026/09/25 17:44:48.797, 0, 335.75, 95, 2805, 16051, 31896
2026/09/25 17:44:48.797, 1, 245.38, 86, 2790, 16051, 31366
2026/09/25 17:44:49.047, 0, 335.75, 95, 2805, 16051, 31896
2026/09/25 17:44:49.047, 1, 245.38, 86, 2790, 16051, 31366
2026/09/25 17:44:49.297, 0, 533.40, 96, 2805, 16051, 31896
2026/09/25 17:44:49.298, 1, 417.33, 86, 2775, 16051, 31366
2026/09/25 17:44:49.548, 0, 533.40, 96, 2805, 16051, 31896
2026/09/25 17:44:49.548, 1, 417.33, 86, 2775, 16051, 31366
2026/09/25 17:44:49.798, 0, 547.49, 96, 2812, 16051, 31896
2026/09/25 17:44:49.798, 1, 491.62, 87, 2775, 16051, 31366
2026/09/25 17:44:50.048, 0, 547.49, 96, 2812, 16051, 31896
2026/09/25 17:44:50.048, 1, 491.62, 87, 2775, 16051, 31366
2026/09/25 17:44:50.298, 0, 548.77, 96, 2805, 16051, 31896
2026/09/25 17:44:50.299, 1, 496.62, 86, 2775, 16051, 31366
2026/09/25 17:44:50.549, 0, 548.77, 96, 2805, 16051, 31896
2026/09/25 17:44:50.549, 1, 496.62, 86, 2775, 16051, 31366
2026/09/25 17:44:50.799, 0, 548.66, 96, 2812, 16051, 31896
2026/09/25 17:44:50.799, 1, 495.57, 86, 2775, 16051, 31366
2026/09/25 17:44:51.049, 0, 548.66, 96, 2812, 16051, 31896
2026/09/25 17:44:51.049, 1, 495.57, 86, 2775, 16051, 31366
2026/09/25 17:44:51.299, 0, 463.52, 76, 2872, 16051, 31896
2026/09/25 17:44:51.299, 1, 431.91, 26, 2805, 16051, 31366
2026/09/25 17:44:51.549, 0, 463.52, 76, 2872, 16051, 31896
2026/09/25 17:44:51.550, 1, 431.91, 26, 2805, 16051, 31366
2026/09/25 17:44:51.800, 0, 315.29, 43, 2865, 16051, 31896
2026/09/25 17:44:51.800, 1, 323.80, 59, 2865, 16051, 31366
2026/09/25 17:44:52.050, 0, 315.29, 43, 2865, 16051, 31896
2026/09/25 17:44:52.050, 1, 323.80, 59, 2865, 16051, 31366
2026/09/25 17:44:52.300, 0, 252.26, 9, 2857, 16051, 31896
2026/09/25 17:44:52.300, 1, 257.95, 93, 2865, 16051, 31366
2026/09/25 17:44:52.550, 0, 252.26, 9, 2857, 16051, 31896
2026/09/25 17:44:52.550, 1, 257.95, 93, 2865, 16051, 31366
2026/09/25 17:44:52.800, 0, 245.49, 100, 2902, 16051, 31896
2026/09/25 17:44:52.801, 1, 214.65, 0, 2865, 16051, 31366
2026/09/25 17:44:53.051, 0, 245.49, 100, 2902, 16051, 31896
2026/09/25 17:44:53.051, 1, 214.65, 0, 2865, 16051, 31366
2026/09/25 17:44:53.301, 0, 236.76, 0, 2842, 16051, 31896
2026/09/25 17:44:53.301, 1, 268.96, 66, 2835, 16051, 31366
2026/09/25 17:44:53.551, 0, 236.76, 0, 2842, 16051, 31896
2026/09/25 17:44:53.551, 1, 268.96, 66, 2835, 16051, 31366
2026/09/25 17:44:53.801, 0, 282.89, 63, 2842, 16051, 31896
2026/09/25 17:44:53.801, 1, 287.53, 38, 2842, 16051, 31366
2026/09/25 17:44:54.051, 0, 282.89, 63, 2842, 16051, 31896
2026/09/25 17:44:54.052, 1, 287.53, 38, 2842, 16051, 31366
2026/09/25 17:44:54.302, 0, 319.07, 8, 2857, 16051, 31896
2026/09/25 17:44:54.302, 1, 265.57, 94, 2820, 16051, 31366
2026/09/25 17:44:54.552, 0, 319.07, 8, 2857, 16051, 31896
2026/09/25 17:44:54.552, 1, 265.57, 94, 2820, 16051, 31366
2026/09/25 17:44:54.802, 0, 299.26, 0, 2842, 16051, 31896
2026/09/25 17:44:54.802, 1, 276.10, 100, 2865, 16051, 31366
2026/09/25 17:44:55.052, 0, 299.26, 0, 2842, 16051, 31896
2026/09/25 17:44:55.052, 1, 276.10, 100, 2865, 16051, 31366
2026/09/25 17:44:55.302, 0, 309.54, 98, 2865, 16051, 31896
2026/09/25 17:44:55.303, 1, 268.58, 5, 2812, 16051, 31366
2026/09/25 17:44:55.553, 0, 309.54, 98, 2865, 16051, 31896
2026/09/25 17:44:55.553, 1, 268.58, 5, 2812, 16051, 31366
2026/09/25 17:44:55.803, 0, 343.33, 63, 2842, 16051, 31896
2026/09/25 17:44:55.803, 1, 295.93, 34, 2827, 16051, 31366
2026/09/25 17:44:56.053, 0, 343.33, 63, 2842, 16051, 31896
2026/09/25 17:44:56.053, 1, 295.93, 34, 2827, 16051, 31366
2026/09/25 17:44:56.303, 0, 321.71, 28, 2857, 16051, 31896
2026/09/25 17:44:56.303, 1, 296.16, 74, 2820, 16051, 31366
2026/09/25 17:44:56.553, 0, 321.71, 28, 2857, 16051, 31896
2026/09/25 17:44:56.554, 1, 296.16, 74, 2820, 16051, 31366
2026/09/25 17:44:56.804, 0, 345.91, 100, 2857, 16051, 31896
2026/09/25 17:44:56.804, 1, 294.45, 0, 2827, 16051, 31366
2026/09/25 17:44:57.054, 0, 345.91, 100, 2857, 16051, 31896
2026/09/25 17:44:57.054, 1, 294.45, 0, 2827, 16051, 31366
2026/09/25 17:44:57.304, 0, 325.86, 0, 2842, 16051, 31896
2026/09/25 17:44:57.304, 1, 314.57, 100, 2835, 16051, 31366
2026/09/25 17:44:57.554, 0, 325.86, 0, 2842, 16051, 31896
2026/09/25 17:44:57.554, 1, 314.57, 100, 2835, 16051, 31366
2026/09/25 17:44:57.805, 0, 362.52, 100, 2865, 16051, 31896
2026/09/25 17:44:57.805, 1, 295.66, 0, 2812, 16051, 31366
2026/09/25 17:44:58.055, 0, 362.52, 100, 2865, 16051, 31896
2026/09/25 17:44:58.055, 1, 295.66, 0, 2812, 16051, 31366
2026/09/25 17:44:58.305, 0, 304.93, 10, 2842, 16051, 31896
2026/09/25 17:44:58.305, 1, 314.38, 90, 2835, 16051, 31366
2026/09/25 17:44:58.555, 0, 304.93, 10, 2842, 16051, 31896
2026/09/25 17:44:58.555, 1, 314.38, 90, 2835, 16051, 31366
2026/09/25 17:44:58.805, 0, 339.21, 83, 2865, 16051, 31896
2026/09/25 17:44:58.805, 1, 282.17, 19, 2812, 16051, 31366
2026/09/25 17:44:59.056, 0, 339.21, 83, 2865, 16051, 31896
2026/09/25 17:44:59.056, 1, 282.17, 19, 2812, 16051, 31366
2026/09/25 17:44:59.306, 0, 322.58, 48, 2842, 16051, 31896
2026/09/25 17:44:59.306, 1, 317.17, 53, 2835, 16051, 31366
2026/09/25 17:44:59.556, 0, 322.58, 48, 2842, 16051, 31896
2026/09/25 17:44:59.556, 1, 317.17, 53, 2835, 16051, 31366
2026/09/25 17:44:59.806, 0, 326.71, 42, 2865, 16051, 31896
2026/09/25 17:44:59.806, 1, 297.69, 60, 2812, 16051, 31366
2026/09/25 17:45:00.056, 0, 326.71, 42, 2865, 16051, 31896
2026/09/25 17:45:00.057, 1, 297.69, 60, 2812, 16051, 31366
2026/09/25 17:45:00.307, 0, 338.77, 86, 2850, 16051, 31896
2026/09/25 17:45:00.307, 1, 296.14, 14, 2835, 16051, 31366
2026/09/25 17:45:00.557, 0, 338.77, 86, 2850, 16051, 31896
2026/09/25 17:45:00.557, 1, 296.14, 14, 2835, 16051, 31366
2026/09/25 17:45:00.807, 0, 325.76, 0, 2850, 16051, 31896
2026/09/25 17:45:00.807, 1, 315.39, 100, 2827, 16051, 31366
2026/09/25 17:45:01.057, 0, 325.76, 0, 2850, 16051, 31896
2026/09/25 17:45:01.057, 1, 315.39, 100, 2827, 16051, 31366
2026/09/25 17:45:01.307, 0, 344.84, 100, 2865, 16051, 31896
2026/09/25 17:45:01.307, 1, 295.91, 0, 2820, 16051, 31366
2026/09/25 17:45:01.557, 0, 344.84, 100, 2865, 16051, 31896
2026/09/25 17:45:01.557, 1, 295.91, 0, 2820, 16051, 31366
2026/09/25 17:45:01.808, 0, 308.88, 0, 2842, 16051, 31896
2026/09/25 17:45:01.808, 1, 312.40, 100, 2835, 16051, 31366
2026/09/25 17:45:02.058, 0, 308.88, 0, 2842, 16051, 31896
2026/09/25 17:45:02.058, 1, 312.40, 100, 2835, 16051, 31366
2026/09/25 17:45:02.308, 0, 364.88, 100, 2865, 16051, 31896
2026/09/25 17:45:02.308, 1, 276.71, 0, 2812, 16051, 31366
2026/09/25 17:45:02.558, 0, 364.88, 100, 2865, 16051, 31896
2026/09/25 17:45:02.558, 1, 276.71, 0, 2812, 16051, 31366
2026/09/25 17:45:02.808, 0, 334.17, 22, 2842, 16051, 31896
2026/09/25 17:45:02.809, 1, 306.07, 78, 2835, 16051, 31366
2026/09/25 17:45:03.059, 0, 334.17, 22, 2842, 16051, 31896
2026/09/25 17:45:03.059, 1, 306.07, 78, 2835, 16051, 31366
2026/09/25 17:45:03.309, 0, 351.33, 66, 2865, 16051, 31896
2026/09/25 17:45:03.309, 1, 289.80, 36, 2812, 16051, 31366
2026/09/25 17:45:03.559, 0, 351.33, 66, 2865, 16051, 31896
2026/09/25 17:45:03.559, 1, 289.80, 36, 2812, 16051, 31366
2026/09/25 17:45:03.809, 0, 344.63, 59, 2842, 16051, 31896
2026/09/25 17:45:03.810, 1, 312.28, 42, 2842, 16051, 31366
2026/09/25 17:45:04.060, 0, 344.63, 59, 2842, 16051, 31896
2026/09/25 17:45:04.060, 1, 312.28, 42, 2842, 16051, 31366
2026/09/25 17:45:04.310, 0, 337.14, 31, 2857, 16051, 31896
2026/09/25 17:45:04.310, 1, 311.58, 71, 2812, 16051, 31366
2026/09/25 17:45:04.560, 0, 337.14, 31, 2857, 16051, 31896
2026/09/25 17:45:04.560, 1, 311.58, 71, 2812, 16051, 31366
2026/09/25 17:45:04.810, 0, 343.93, 99, 2850, 16051, 31896
2026/09/25 17:45:04.811, 1, 295.91, 2, 2827, 16051, 31366
2026/09/25 17:45:05.061, 0, 343.93, 99, 2850, 16051, 31896
2026/09/25 17:45:05.061, 1, 295.91, 2, 2827, 16051, 31366
2026/09/25 17:45:05.311, 0, 328.22, 0, 2850, 16051, 31896
2026/09/25 17:45:05.311, 1, 317.23, 100, 2827, 16051, 31366
2026/09/25 17:45:05.561, 0, 328.22, 0, 2850, 16051, 31896
2026/09/25 17:45:05.561, 1, 317.23, 100, 2827, 16051, 31366
2026/09/25 17:45:05.811, 0, 344.20, 100, 2865, 16051, 31896
2026/09/25 17:45:05.811, 1, 281.63, 0, 2820, 16051, 31366
2026/09/25 17:45:06.062, 0, 344.20, 100, 2865, 16051, 31896
2026/09/25 17:45:06.062, 1, 281.63, 0, 2820, 16051, 31366
2026/09/25 17:45:06.312, 0, 308.73, 0, 2842, 16051, 31896
2026/09/25 17:45:06.312, 1, 311.14, 100, 2835, 16051, 31366
2026/09/25 17:45:06.562, 0, 308.73, 0, 2842, 16051, 31896
2026/09/25 17:45:06.562, 1, 311.14, 100, 2835, 16051, 31366
2026/09/25 17:45:06.812, 0, 363.09, 100, 2865, 16051, 31896
2026/09/25 17:45:06.812, 1, 296.93, 0, 2812, 16051, 31366
2026/09/25 17:45:07.062, 0, 363.09, 100, 2865, 16051, 31896
2026/09/25 17:45:07.062, 1, 296.93, 0, 2812, 16051, 31366
2026/09/25 17:45:07.313, 0, 334.68, 22, 2842, 16051, 31896
2026/09/25 17:45:07.313, 1, 327.01, 78, 2835, 16051, 31366
2026/09/25 17:45:07.563, 0, 334.68, 22, 2842, 16051, 31896
2026/09/25 17:45:07.563, 1, 327.01, 78, 2835, 16051, 31366
2026/09/25 17:45:07.813, 0, 334.83, 74, 2865, 16051, 31896
2026/09/25 17:45:07.813, 1, 286.41, 28, 2812, 16051, 31366
2026/09/25 17:45:08.063, 0, 334.83, 74, 2865, 16051, 31896
2026/09/25 17:45:08.063, 1, 286.41, 28, 2812, 16051, 31366
2026/09/25 17:45:08.313, 0, 343.86, 53, 2835, 16051, 31896
2026/09/25 17:45:08.313, 1, 296.98, 47, 2835, 16051, 31366
2026/09/25 17:45:08.564, 0, 343.86, 53, 2835, 16051, 31896
2026/09/25 17:45:08.564, 1, 296.98, 47, 2835, 16051, 31366
2026/09/25 17:45:08.814, 0, 341.54, 52, 2865, 16051, 31896
2026/09/25 17:45:08.814, 1, 305.66, 50, 2812, 16051, 31366
2026/09/25 17:45:09.064, 0, 341.54, 52, 2865, 16051, 31896
2026/09/25 17:45:09.064, 1, 305.66, 50, 2812, 16051, 31366
2026/09/25 17:45:09.314, 0, 338.54, 72, 2842, 16051, 31896
2026/09/25 17:45:09.314, 1, 300.17, 28, 2835, 16051, 31366
2026/09/25 17:45:09.564, 0, 338.54, 72, 2842, 16051, 31896
2026/09/25 17:45:09.564, 1, 300.17, 28, 2835, 16051, 31366
2026/09/25 17:45:09.815, 0, 330.56, 18, 2857, 16051, 31896
2026/09/25 17:45:09.815, 1, 308.65, 84, 2820, 16051, 31366
2026/09/25 17:45:10.065, 0, 330.56, 18, 2857, 16051, 31896
2026/09/25 17:45:10.065, 1, 308.65, 84, 2820, 16051, 31366
2026/09/25 17:45:10.315, 0, 343.02, 100, 2857, 16051, 31896
2026/09/25 17:45:10.315, 1, 291.98, 0, 2827, 16051, 31366
2026/09/25 17:45:10.565, 0, 343.02, 100, 2857, 16051, 31896
2026/09/25 17:45:10.565, 1, 291.98, 0, 2827, 16051, 31366
2026/09/25 17:45:10.815, 0, 329.65, 0, 2850, 16051, 31896
2026/09/25 17:45:10.815, 1, 309.42, 100, 2827, 16051, 31366
2026/09/25 17:45:11.065, 0, 329.65, 0, 2850, 16051, 31896
2026/09/25 17:45:11.066, 1, 309.42, 100, 2827, 16051, 31366
2026/09/25 17:45:11.316, 0, 361.09, 100, 2865, 16051, 31896
2026/09/25 17:45:11.316, 1, 295.75, 0, 2812, 16051, 31366
2026/09/25 17:45:11.566, 0, 361.09, 100, 2865, 16051, 31896
2026/09/25 17:45:11.566, 1, 295.75, 0, 2812, 16051, 31366
2026/09/25 17:45:11.816, 0, 329.52, 0, 2842, 16051, 31896
2026/09/25 17:45:11.816, 1, 329.58, 100, 2835, 16051, 31366
2026/09/25 17:45:12.066, 0, 329.52, 0, 2842, 16051, 31896
2026/09/25 17:45:12.066, 1, 329.58, 100, 2835, 16051, 31366
2026/09/25 17:45:12.317, 0, 343.53, 100, 2865, 16051, 31896
2026/09/25 17:45:12.317, 1, 277.75, 0, 2812, 16051, 31366
2026/09/25 17:45:12.567, 0, 343.53, 100, 2865, 16051, 31896
2026/09/25 17:45:12.567, 1, 277.75, 0, 2812, 16051, 31366
2026/09/25 17:45:12.817, 0, 308.75, 4, 2842, 16051, 31896
2026/09/25 17:45:12.817, 1, 302.24, 98, 2842, 16051, 31366
2026/09/25 17:45:13.067, 0, 308.75, 4, 2842, 16051, 31896
2026/09/25 17:45:13.067, 1, 302.24, 98, 2842, 16051, 31366
2026/09/25 17:45:13.317, 0, 354.26, 91, 2865, 16051, 31896
2026/09/25 17:45:13.318, 1, 279.38, 11, 2812, 16051, 31366
2026/09/25 17:45:13.568, 0, 354.26, 91, 2865, 16051, 31896
2026/09/25 17:45:13.568, 1, 279.38, 11, 2812, 16051, 31366
2026/09/25 17:45:13.818, 0, 337.20, 27, 2842, 16051, 31896
2026/09/25 17:45:13.818, 1, 318.97, 66, 2835, 16051, 31366
2026/09/25 17:45:14.068, 0, 337.20, 27, 2842, 16051, 31896
2026/09/25 17:45:14.068, 1, 318.97, 66, 2835, 16051, 31366
2026/09/25 17:45:14.318, 0, 330.47, 75, 2865, 16051, 31896
2026/09/25 17:45:14.319, 1, 303.36, 27, 2812, 16051, 31366
2026/09/25 17:45:14.569, 0, 330.47, 75, 2865, 16051, 31896
2026/09/25 17:45:14.569, 1, 303.36, 27, 2812, 16051, 31366
2026/09/25 17:45:14.819, 0, 326.82, 50, 2835, 16051, 31896
2026/09/25 17:45:14.819, 1, 307.27, 51, 2835, 16051, 31366
2026/09/25 17:45:15.069, 0, 326.82, 50, 2835, 16051, 31896
2026/09/25 17:45:15.069, 1, 307.27, 51, 2835, 16051, 31366
2026/09/25 17:45:15.319, 0, 330.29, 57, 2865, 16051, 31896
2026/09/25 17:45:15.319, 1, 303.89, 45, 2812, 16051, 31366
2026/09/25 17:45:15.570, 0, 330.29, 57, 2865, 16051, 31896
2026/09/25 17:45:15.570, 1, 303.89, 45, 2812, 16051, 31366
2026/09/25 17:45:15.820, 0, 337.73, 65, 2842, 16051, 31896
2026/09/25 17:45:15.820, 1, 296.92, 35, 2842, 16051, 31366
2026/09/25 17:45:16.070, 0, 337.73, 65, 2842, 16051, 31896
2026/09/25 17:45:16.070, 1, 296.92, 35, 2842, 16051, 31366
2026/09/25 17:45:16.320, 0, 334.68, 30, 2857, 16051, 31896
2026/09/25 17:45:16.320, 1, 309.14, 72, 2820, 16051, 31366
2026/09/25 17:45:16.570, 0, 334.68, 30, 2857, 16051, 31896
2026/09/25 17:45:16.571, 1, 309.14, 72, 2820, 16051, 31366
2026/09/25 17:45:16.821, 0, 343.54, 88, 2850, 16051, 31896
2026/09/25 17:45:16.821, 1, 297.05, 13, 2827, 16051, 31366
2026/09/25 17:45:17.071, 0, 343.54, 88, 2850, 16051, 31896
2026/09/25 17:45:17.071, 1, 297.05, 13, 2827, 16051, 31366
2026/09/25 17:45:17.321, 0, 331.04, 7, 2850, 16051, 31896
2026/09/25 17:45:17.321, 1, 313.27, 94, 2827, 16051, 31366
2026/09/25 17:45:17.571, 0, 331.04, 7, 2850, 16051, 31896
2026/09/25 17:45:17.571, 1, 313.27, 94, 2827, 16051, 31366
2026/09/25 17:45:17.821, 0, 352.74, 100, 2857, 16051, 31896
2026/09/25 17:45:17.822, 1, 297.12, 0, 2820, 16051, 31366
2026/09/25 17:45:18.072, 0, 352.74, 100, 2857, 16051, 31896
2026/09/25 17:45:18.072, 1, 297.12, 0, 2820, 16051, 31366
2026/09/25 17:45:18.322, 0, 315.09, 0, 2842, 16051, 31896
2026/09/25 17:45:18.322, 1, 322.25, 100, 2827, 16051, 31366
2026/09/25 17:45:18.572, 0, 315.09, 0, 2842, 16051, 31896
2026/09/25 17:45:18.572, 1, 322.25, 100, 2827, 16051, 31366
2026/09/25 17:45:18.822, 0, 341.40, 100, 2865, 16051, 31896
2026/09/25 17:45:18.822, 1, 297.13, 0, 2820, 16051, 31366
2026/09/25 17:45:19.073, 0, 341.40, 100, 2865, 16051, 31896
2026/09/25 17:45:19.073, 1, 297.13, 0, 2820, 16051, 31366
2026/09/25 17:45:19.323, 0, 309.83, 0, 2842, 16051, 31896
2026/09/25 17:45:19.323, 1, 306.74, 100, 2835, 16051, 31366
2026/09/25 17:45:19.573, 0, 309.83, 0, 2842, 16051, 31896
2026/09/25 17:45:19.573, 1, 306.74, 100, 2835, 16051, 31366
2026/09/25 17:45:19.823, 0, 360.33, 100, 2865, 16051, 31896
2026/09/25 17:45:19.823, 1, 278.18, 0, 2812, 16051, 31366
2026/09/25 17:45:20.073, 0, 360.33, 100, 2865, 16051, 31896
2026/09/25 17:45:20.073, 1, 278.18, 0, 2812, 16051, 31366
2026/09/25 17:45:20.324, 0, 330.37, 8, 2842, 16051, 31896
2026/09/25 17:45:20.324, 1, 327.27, 92, 2835, 16051, 31366
2026/09/25 17:45:20.574, 0, 330.37, 8, 2842, 16051, 31896
2026/09/25 17:45:20.574, 1, 327.27, 92, 2835, 16051, 31366
2026/09/25 17:45:20.824, 0, 359.43, 93, 2865, 16051, 31896
2026/09/25 17:45:20.824, 1, 279.14, 9, 2812, 16051, 31366
2026/09/25 17:45:21.074, 0, 359.43, 93, 2865, 16051, 31896
2026/09/25 17:45:21.074, 1, 279.14, 9, 2812, 16051, 31366
2026/09/25 17:45:21.324, 0, 318.71, 29, 2842, 16051, 31896
2026/09/25 17:45:21.324, 1, 297.63, 72, 2835, 16051, 31366
2026/09/25 17:45:21.574, 0, 318.71, 29, 2842, 16051, 31896
2026/09/25 17:45:21.575, 1, 297.63, 72, 2835, 16051, 31366
2026/09/25 17:45:21.825, 0, 350.51, 70, 2865, 16051, 31896
2026/09/25 17:45:21.825, 1, 306.74, 32, 2812, 16051, 31366
2026/09/25 17:45:22.075, 0, 350.51, 70, 2865, 16051, 31896
2026/09/25 17:45:22.075, 1, 306.74, 32, 2812, 16051, 31366
2026/09/25 17:45:22.325, 0, 340.77, 50, 2835, 16051, 31896
2026/09/25 17:45:22.325, 1, 310.54, 51, 2842, 16051, 31366
2026/09/25 17:45:22.575, 0, 340.77, 50, 2835, 16051, 31896
2026/09/25 17:45:22.575, 1, 310.54, 51, 2842, 16051, 31366
2026/09/25 17:45:22.825, 0, 330.33, 48, 2865, 16051, 31896
2026/09/25 17:45:22.826, 1, 297.90, 54, 2812, 16051, 31366
2026/09/25 17:45:23.076, 0, 330.33, 48, 2865, 16051, 31896
2026/09/25 17:45:23.076, 1, 297.90, 54, 2812, 16051, 31366
2026/09/25 17:45:23.326, 0, 335.95, 70, 2842, 16051, 31896
2026/09/25 17:45:23.326, 1, 302.29, 31, 2835, 16051, 31366
2026/09/25 17:45:23.576, 0, 335.95, 70, 2842, 16051, 31896
2026/09/25 17:45:23.576, 1, 302.29, 31, 2835, 16051, 31366
2026/09/25 17:45:23.826, 0, 331.83, 29, 2857, 16051, 31896
2026/09/25 17:45:23.826, 1, 306.09, 73, 2820, 16051, 31366
2026/09/25 17:45:24.076, 0, 331.83, 29, 2857, 16051, 31896
2026/09/25 17:45:24.077, 1, 306.09, 73, 2820, 16051, 31366
2026/09/25 17:45:24.327, 0, 340.72, 93, 2850, 16051, 31896
2026/09/25 17:45:24.327, 1, 294.17, 8, 2827, 16051, 31366
2026/09/25 17:45:24.577, 0, 340.72, 93, 2850, 16051, 31896
2026/09/25 17:45:24.577, 1, 294.17, 8, 2827, 16051, 31366
2026/09/25 17:45:24.827, 0, 324.06, 9, 2850, 16051, 31896
2026/09/25 17:45:24.827, 1, 306.76, 93, 2827, 16051, 31366
2026/09/25 17:45:25.077, 0, 324.06, 9, 2850, 16051, 31896
2026/09/25 17:45:25.077, 1, 306.76, 93, 2827, 16051, 31366
2026/09/25 17:45:25.327, 0, 353.64, 100, 2857, 16051, 31896
2026/09/25 17:45:25.328, 1, 297.21, 0, 2827, 16051, 31366
2026/09/25 17:45:25.578, 0, 353.64, 100, 2857, 16051, 31896
2026/09/25 17:45:25.578, 1, 297.21, 0, 2827, 16051, 31366
2026/09/25 17:45:25.828, 0, 315.87, 0, 2842, 16051, 31896
2026/09/25 17:45:25.828, 1, 320.86, 100, 2835, 16051, 31366
2026/09/25 17:45:26.078, 0, 315.87, 0, 2842, 16051, 31896
2026/09/25 17:45:26.078, 1, 320.86, 100, 2835, 16051, 31366
2026/09/25 17:45:26.328, 0, 340.54, 100, 2865, 16051, 31896
2026/09/25 17:45:26.328, 1, 279.10, 0, 2820, 16051, 31366
2026/09/25 17:45:26.579, 0, 340.54, 100, 2865, 16051, 31896
2026/09/25 17:45:26.579, 1, 279.10, 0, 2820, 16051, 31366
2026/09/25 17:45:26.829, 0, 330.70, 0, 2842, 16051, 31896
2026/09/25 17:45:26.829, 1, 327.52, 100, 2835, 16051, 31366
2026/09/25 17:45:27.079, 0, 330.70, 0, 2842, 16051, 31896
2026/09/25 17:45:27.079, 1, 327.52, 100, 2835, 16051, 31366
2026/09/25 17:45:27.329, 0, 339.88, 100, 2865, 16051, 31896
2026/09/25 17:45:27.329, 1, 278.80, 0, 2812, 16051, 31366
2026/09/25 17:45:27.579, 0, 339.88, 100, 2865, 16051, 31896
2026/09/25 17:45:27.579, 1, 278.80, 0, 2812, 16051, 31366
2026/09/25 17:45:27.830, 0, 332.25, 0, 2842, 16051, 31896
2026/09/25 17:45:27.830, 1, 325.41, 100, 2827, 16051, 31366
2026/09/25 17:45:28.080, 0, 332.25, 0, 2842, 16051, 31896
2026/09/25 17:45:28.080, 1, 325.41, 100, 2827, 16051, 31366
2026/09/25 17:45:28.330, 0, 360.47, 100, 2865, 16051, 31896
2026/09/25 17:45:28.330, 1, 297.13, 0, 2812, 16051, 31366
2026/09/25 17:45:28.580, 0, 360.47, 100, 2865, 16051, 31896
2026/09/25 17:45:28.580, 1, 297.13, 0, 2812, 16051, 31366
2026/09/25 17:45:28.830, 0, 314.06, 16, 2842, 16051, 31896
2026/09/25 17:45:28.830, 1, 302.30, 85, 2842, 16051, 31366
2026/09/25 17:45:29.080, 0, 314.06, 16, 2842, 16051, 31896
2026/09/25 17:45:29.080, 1, 302.30, 85, 2842, 16051, 31366
2026/09/25 17:45:29.331, 0, 355.07, 84, 2865, 16051, 31896
2026/09/25 17:45:29.331, 1, 302.79, 19, 2812, 16051, 31366
2026/09/25 17:45:29.581, 0, 355.07, 84, 2865, 16051, 31896
2026/09/25 17:45:29.581, 1, 302.79, 19, 2812, 16051, 31366
2026/09/25 17:45:29.831, 0, 336.76, 24, 2842, 16051, 31896
2026/09/25 17:45:29.831, 1, 315.66, 77, 2842, 16051, 31366
2026/09/25 17:45:30.081, 0, 336.76, 24, 2842, 16051, 31896
2026/09/25 17:45:30.081, 1, 315.66, 77, 2842, 16051, 31366
2026/09/25 17:45:30.331, 0, 332.49, 75, 2865, 16051, 31896
2026/09/25 17:45:30.332, 1, 301.27, 27, 2812, 16051, 31366
2026/09/25 17:45:30.582, 0, 332.49, 75, 2865, 16051, 31896
2026/09/25 17:45:30.582, 1, 301.27, 27, 2812, 16051, 31366
2026/09/25 17:45:30.832, 0, 341.37, 47, 2835, 16051, 31896
2026/09/25 17:45:30.832, 1, 311.51, 54, 2842, 16051, 31366
2026/09/25 17:45:31.082, 0, 341.37, 47, 2835, 16051, 31896
2026/09/25 17:45:31.082, 1, 311.51, 54, 2842, 16051, 31366
2026/09/25 17:45:31.332, 0, 344.36, 57, 2865, 16051, 31896
2026/09/25 17:45:31.332, 1, 293.14, 45, 2812, 16051, 31366
2026/09/25 17:45:31.582, 0, 344.36, 57, 2865, 16051, 31896
2026/09/25 17:45:31.583, 1, 293.14, 45, 2812, 16051, 31366
2026/09/25 17:45:31.833, 0, 334.11, 64, 2842, 16051, 31896
2026/09/25 17:45:31.833, 1, 297.91, 37, 2835, 16051, 31366
2026/09/25 17:45:32.083, 0, 334.11, 64, 2842, 16051, 31896
2026/09/25 17:45:32.083, 1, 297.91, 37, 2835, 16051, 31366
2026/09/25 17:45:32.333, 0, 332.23, 39, 2857, 16051, 31896
2026/09/25 17:45:32.333, 1, 305.33, 63, 2820, 16051, 31366
2026/09/25 17:45:32.583, 0, 332.23, 39, 2857, 16051, 31896
2026/09/25 17:45:32.583, 1, 305.33, 63, 2820, 16051, 31366
2026/09/25 17:45:32.833, 0, 339.76, 79, 2850, 16051, 31896
2026/09/25 17:45:32.834, 1, 297.16, 22, 2835, 16051, 31366
2026/09/25 17:45:33.084, 0, 339.76, 79, 2850, 16051, 31896
2026/09/25 17:45:33.084, 1, 297.16, 22, 2835, 16051, 31366
2026/09/25 17:45:33.334, 0, 328.79, 21, 2857, 16051, 31896
2026/09/25 17:45:33.334, 1, 306.14, 81, 2820, 16051, 31366
2026/09/25 17:45:33.584, 0, 328.79, 21, 2857, 16051, 31896
2026/09/25 17:45:33.584, 1, 306.14, 81, 2820, 16051, 31366
2026/09/25 17:45:33.834, 0, 342.90, 84, 2850, 16051, 31896
2026/09/25 17:45:33.834, 1, 297.65, 18, 2835, 16051, 31366
2026/09/25 17:45:34.084, 0, 342.90, 84, 2850, 16051, 31896
2026/09/25 17:45:34.085, 1, 297.65, 18, 2835, 16051, 31366
2026/09/25 17:45:34.335, 0, 322.23, 18, 2857, 16051, 31896
2026/09/25 17:45:34.335, 1, 310.06, 84, 2827, 16051, 31366
2026/09/25 17:45:34.585, 0, 322.23, 18, 2857, 16051, 31896
2026/09/25 17:45:34.585, 1, 310.06, 84, 2827, 16051, 31366
2026/09/25 17:45:34.835, 0, 345.74, 93, 2857, 16051, 31896
2026/09/25 17:45:34.835, 1, 288.72, 1, 2827, 16051, 31366
2026/09/25 17:45:35.085, 0, 345.74, 93, 2857, 16051, 31896
2026/09/25 17:45:35.085, 1, 288.72, 1, 2827, 16051, 31366
2026/09/25 17:45:35.336, 0, 332.71, 13, 2850, 16051, 31896
2026/09/25 17:45:35.336, 1, 300.11, 89, 2827, 16051, 31366
2026/09/25 17:45:35.586, 0, 332.71, 13, 2850, 16051, 31896
2026/09/25 17:45:35.586, 1, 300.11, 89, 2827, 16051, 31366
2026/09/25 17:45:35.836, 0, 338.55, 100, 2857, 16051, 31896
2026/09/25 17:45:35.836, 1, 298.73, 0, 2827, 16051, 31366
2026/09/25 17:45:36.086, 0, 338.55, 100, 2857, 16051, 31896
2026/09/25 17:45:36.086, 1, 298.73, 0, 2827, 16051, 31366
2026/09/25 17:45:36.337, 0, 318.88, 9, 2850, 16051, 31896
2026/09/25 17:45:36.337, 1, 313.42, 93, 2827, 16051, 31366
2026/09/25 17:45:36.587, 0, 318.88, 9, 2850, 16051, 31896
2026/09/25 17:45:36.587, 1, 313.42, 93, 2827, 16051, 31366
2026/09/25 17:45:36.837, 0, 352.83, 100, 2857, 16051, 31896
2026/09/25 17:45:36.837, 1, 281.27, 0, 2827, 16051, 31366
2026/09/25 17:45:37.087, 0, 352.83, 100, 2857, 16051, 31896
2026/09/25 17:45:37.087, 1, 281.27, 0, 2827, 16051, 31366
2026/09/25 17:45:37.338, 0, 317.22, 0, 2850, 16051, 31896
2026/09/25 17:45:37.338, 1, 304.95, 100, 2827, 16051, 31366
2026/09/25 17:45:37.588, 0, 317.22, 0, 2850, 16051, 31896
2026/09/25 17:45:37.588, 1, 304.95, 100, 2827, 16051, 31366
2026/09/25 17:45:37.838, 0, 358.78, 100, 2865, 16051, 31896
2026/09/25 17:45:37.838, 1, 279.56, 0, 2820, 16051, 31366
2026/09/25 17:45:38.088, 0, 358.78, 100, 2865, 16051, 31896
2026/09/25 17:45:38.088, 1, 279.56, 0, 2820, 16051, 31366
2026/09/25 17:45:38.338, 0, 333.12, 0, 2842, 16051, 31896
2026/09/25 17:45:38.339, 1, 324.52, 100, 2835, 16051, 31366
2026/09/25 17:45:38.589, 0, 333.12, 0, 2842, 16051, 31896
2026/09/25 17:45:38.589, 1, 324.52, 100, 2835, 16051, 31366
2026/09/25 17:45:38.839, 0, 339.39, 100, 2865, 16051, 31896
2026/09/25 17:45:38.839, 1, 279.41, 0, 2812, 16051, 31366
2026/09/25 17:45:39.089, 0, 339.39, 100, 2865, 16051, 31896
2026/09/25 17:45:39.089, 1, 279.41, 0, 2812, 16051, 31366
2026/09/25 17:45:39.339, 0, 312.23, 0, 2842, 16051, 31896
2026/09/25 17:45:39.339, 1, 303.34, 100, 2842, 16051, 31366
2026/09/25 17:45:39.590, 0, 312.23, 0, 2842, 16051, 31896
2026/09/25 17:45:39.590, 1, 303.34, 100, 2842, 16051, 31366
2026/09/25 17:45:39.840, 0, 358.71, 100, 2865, 16051, 31896
2026/09/25 17:45:39.840, 1, 298.70, 0, 2812, 16051, 31366
2026/09/25 17:45:40.090, 0, 358.71, 100, 2865, 16051, 31896
2026/09/25 17:45:40.090, 1, 298.70, 0, 2812, 16051, 31366
2026/09/25 17:45:40.340, 0, 312.17, 0, 2842, 16051, 31896
2026/09/25 17:45:40.340, 1, 324.61, 100, 2842, 16051, 31366
2026/09/25 17:45:40.591, 0, 312.17, 0, 2842, 16051, 31896
2026/09/25 17:45:40.591, 1, 324.61, 100, 2842, 16051, 31366
2026/09/25 17:45:40.841, 0, 338.45, 100, 2865, 16051, 31896
2026/09/25 17:45:40.841, 1, 279.65, 0, 2812, 16051, 31366
2026/09/25 17:45:41.091, 0, 338.45, 100, 2865, 16051, 31896
2026/09/25 17:45:41.091, 1, 279.65, 0, 2812, 16051, 31366
2026/09/25 17:45:41.341, 0, 332.77, 2, 2842, 16051, 31896
2026/09/25 17:45:41.341, 1, 304.14, 99, 2835, 16051, 31366
2026/09/25 17:45:41.591, 0, 332.77, 2, 2842, 16051, 31896
2026/09/25 17:45:41.592, 1, 304.14, 99, 2835, 16051, 31366
2026/09/25 17:45:41.842, 0, 358.19, 100, 2865, 16051, 31896
2026/09/25 17:45:41.842, 1, 298.15, 0, 2812, 16051, 31366
2026/09/25 17:45:42.092, 0, 358.19, 100, 2865, 16051, 31896
2026/09/25 17:45:42.092, 1, 298.15, 0, 2812, 16051, 31366
2026/09/25 17:45:42.342, 0, 314.07, 12, 2842, 16051, 31896
2026/09/25 17:45:42.342, 1, 321.67, 89, 2842, 16051, 31366
2026/09/25 17:45:42.592, 0, 314.07, 12, 2842, 16051, 31896
2026/09/25 17:45:42.593, 1, 321.67, 89, 2842, 16051, 31366
2026/09/25 17:45:42.843, 0, 357.38, 93, 2865, 16051, 31896
2026/09/25 17:45:42.843, 1, 299.10, 9, 2820, 16051, 31366
2026/09/25 17:45:43.093, 0, 357.38, 93, 2865, 16051, 31896
2026/09/25 17:45:43.093, 1, 299.10, 9, 2820, 16051, 31366
2026/09/25 17:45:43.343, 0, 317.77, 22, 2842, 16051, 31896
2026/09/25 17:45:43.343, 1, 318.47, 80, 2842, 16051, 31366
2026/09/25 17:45:43.593, 0, 317.77, 22, 2842, 16051, 31896
2026/09/25 17:45:43.593, 1, 318.47, 80, 2842, 16051, 31366
2026/09/25 17:45:43.844, 0, 351.95, 82, 2865, 16051, 31896
2026/09/25 17:45:43.844, 1, 284.68, 20, 2812, 16051, 31366
2026/09/25 17:45:44.094, 0, 351.95, 82, 2865, 16051, 31896
2026/09/25 17:45:44.094, 1, 284.68, 20, 2812, 16051, 31366
2026/09/25 17:45:44.344, 0, 338.55, 32, 2842, 16051, 31896
2026/09/25 17:45:44.344, 1, 298.08, 70, 2842, 16051, 31366
2026/09/25 17:45:44.594, 0, 338.55, 32, 2842, 16051, 31896
2026/09/25 17:45:44.594, 1, 298.08, 70, 2842, 16051, 31366
2026/09/25 17:45:44.844, 0, 334.33, 73, 2865, 16051, 31896
2026/09/25 17:45:44.845, 1, 288.08, 29, 2812, 16051, 31366
2026/09/25 17:45:45.095, 0, 334.33, 73, 2865, 16051, 31896
2026/09/25 17:45:45.095, 1, 288.08, 29, 2812, 16051, 31366
2026/09/25 17:45:45.345, 0, 339.19, 44, 2835, 16051, 31896
2026/09/25 17:45:45.345, 1, 310.03, 58, 2842, 16051, 31366
2026/09/25 17:45:45.595, 0, 339.19, 44, 2835, 16051, 31896
2026/09/25 17:45:45.595, 1, 310.03, 58, 2842, 16051, 31366
2026/09/25 17:45:45.845, 0, 334.50, 64, 2865, 16051, 31896
2026/09/25 17:45:45.845, 1, 302.85, 38, 2812, 16051, 31366
2026/09/25 17:45:46.095, 0, 334.50, 64, 2865, 16051, 31896
2026/09/25 17:45:46.096, 1, 302.85, 38, 2812, 16051, 31366
2026/09/25 17:45:46.346, 0, 338.32, 52, 2835, 16051, 31896
2026/09/25 17:45:46.346, 1, 299.08, 49, 2842, 16051, 31366
2026/09/25 17:45:46.596, 0, 338.32, 52, 2835, 16051, 31896
2026/09/25 17:45:46.596, 1, 299.08, 49, 2842, 16051, 31366
2026/09/25 17:45:46.846, 0, 334.58, 55, 2865, 16051, 31896
2026/09/25 17:45:46.846, 1, 295.55, 47, 2812, 16051, 31366
2026/09/25 17:45:47.096, 0, 334.58, 55, 2865, 16051, 31896
2026/09/25 17:45:47.096, 1, 295.55, 47, 2812, 16051, 31366
2026/09/25 17:45:47.346, 0, 334.39, 59, 2842, 16051, 31896
2026/09/25 17:45:47.347, 1, 299.45, 42, 2842, 16051, 31366
2026/09/25 17:45:47.597, 0, 334.39, 59, 2842, 16051, 31896
2026/09/25 17:45:47.597, 1, 299.45, 42, 2842, 16051, 31366
2026/09/25 17:45:47.847, 0, 337.42, 45, 2865, 16051, 31896
2026/09/25 17:45:47.847, 1, 303.47, 57, 2812, 16051, 31366
2026/09/25 17:45:48.097, 0, 337.42, 45, 2865, 16051, 31896
2026/09/25 17:45:48.097, 1, 303.47, 57, 2812, 16051, 31366
2026/09/25 17:45:48.347, 0, 337.38, 67, 2842, 16051, 31896
2026/09/25 17:45:48.347, 1, 299.37, 34, 2835, 16051, 31366
2026/09/25 17:45:48.598, 0, 337.38, 67, 2842, 16051, 31896
2026/09/25 17:45:48.598, 1, 299.37, 34, 2835, 16051, 31366
2026/09/25 17:45:48.848, 0, 334.47, 39, 2857, 16051, 31896
2026/09/25 17:45:48.848, 1, 302.38, 63, 2820, 16051, 31366
2026/09/25 17:45:49.098, 0, 334.47, 39, 2857, 16051, 31896
2026/09/25 17:45:49.098, 1, 302.38, 63, 2820, 16051, 31366
2026/09/25 17:45:49.348, 0, 339.02, 79, 2850, 16051, 31896
2026/09/25 17:45:49.348, 1, 298.04, 23, 2835, 16051, 31366
2026/09/25 17:45:49.598, 0, 339.02, 79, 2850, 16051, 31896
2026/09/25 17:45:49.599, 1, 298.04, 23, 2835, 16051, 31366
2026/09/25 17:45:49.849, 0, 334.20, 30, 2857, 16051, 31896
2026/09/25 17:45:49.849, 1, 305.11, 72, 2820, 16051, 31366
2026/09/25 17:45:50.099, 0, 334.20, 30, 2857, 16051, 31896
2026/09/25 17:45:50.099, 1, 305.11, 72, 2820, 16051, 31366
2026/09/25 17:45:50.349, 0, 337.76, 86, 2850, 16051, 31896
2026/09/25 17:45:50.349, 1, 291.64, 15, 2835, 16051, 31366
2026/09/25 17:45:50.599, 0, 337.76, 86, 2850, 16051, 31896
2026/09/25 17:45:50.599, 1, 291.64, 15, 2835, 16051, 31366
2026/09/25 17:45:50.849, 0, 327.41, 34, 2857, 16051, 31896
2026/09/25 17:45:50.850, 1, 303.34, 68, 2827, 16051, 31366
2026/09/25 17:45:51.100, 0, 327.41, 34, 2857, 16051, 31896
2026/09/25 17:45:51.100, 1, 303.34, 68, 2827, 16051, 31366
2026/09/25 17:45:51.350, 0, 342.98, 81, 2850, 16051, 31896
2026/09/25 17:45:51.350, 1, 287.78, 20, 2835, 16051, 31366
2026/09/25 17:45:51.600, 0, 342.98, 81, 2850, 16051, 31896
2026/09/25 17:45:51.600, 1, 287.78, 20, 2835, 16051, 31366
2026/09/25 17:45:51.850, 0, 327.99, 24, 2857, 16051, 31896
2026/09/25 17:45:51.850, 1, 302.20, 78, 2820, 16051, 31366
2026/09/25 17:45:52.101, 0, 327.99, 24, 2857, 16051, 31896
2026/09/25 17:45:52.101, 1, 302.20, 78, 2820, 16051, 31366
2026/09/25 17:45:52.351, 0, 337.25, 87, 2850, 16051, 31896
2026/09/25 17:45:52.351, 1, 290.02, 15, 2835, 16051, 31366
2026/09/25 17:45:52.601, 0, 337.25, 87, 2850, 16051, 31896
2026/09/25 17:45:52.601, 1, 290.02, 15, 2835, 16051, 31366
2026/09/25 17:45:52.851, 0, 325.24, 18, 2850, 16051, 31896
2026/09/25 17:45:52.851, 1, 301.05, 84, 2820, 16051, 31366
2026/09/25 17:45:53.101, 0, 325.24, 18, 2850, 16051, 31896
2026/09/25 17:45:53.102, 1, 301.05, 84, 2820, 16051, 31366
2026/09/25 17:45:53.352, 0, 349.89, 99, 2857, 16051, 31896
2026/09/25 17:45:53.352, 1, 287.38, 3, 2827, 16051, 31366
2026/09/25 17:45:53.602, 0, 349.89, 99, 2857, 16051, 31896
2026/09/25 17:45:53.602, 1, 287.38, 3, 2827, 16051, 31366
2026/09/25 17:45:53.852, 0, 334.61, 12, 2850, 16051, 31896
2026/09/25 17:45:53.852, 1, 301.12, 90, 2827, 16051, 31366
2026/09/25 17:45:54.102, 0, 334.61, 12, 2850, 16051, 31896
2026/09/25 17:45:54.102, 1, 301.12, 90, 2827, 16051, 31366
2026/09/25 17:45:54.352, 0, 337.84, 100, 2857, 16051, 31896
2026/09/25 17:45:54.353, 1, 298.22, 0, 2827, 16051, 31366
2026/09/25 17:45:54.603, 0, 337.84, 100, 2857, 16051, 31896
2026/09/25 17:45:54.603, 1, 298.22, 0, 2827, 16051, 31366
2026/09/25 17:45:54.853, 0, 334.88, 16, 2857, 16051, 31896
2026/09/25 17:45:54.853, 1, 309.93, 86, 2827, 16051, 31366
2026/09/25 17:45:55.103, 0, 334.88, 16, 2857, 16051, 31896
2026/09/25 17:45:55.103, 1, 309.93, 86, 2827, 16051, 31366
2026/09/25 17:45:55.353, 0, 350.15, 96, 2850, 16051, 31896
2026/09/25 17:45:55.353, 1, 281.52, 6, 2827, 16051, 31366
2026/09/25 17:45:55.604, 0, 350.15, 96, 2850, 16051, 31896
2026/09/25 17:45:55.604, 1, 281.52, 6, 2827, 16051, 31366
2026/09/25 17:45:55.854, 0, 321.22, 9, 2850, 16051, 31896
2026/09/25 17:45:55.854, 1, 301.84, 93, 2827, 16051, 31366
2026/09/25 17:45:56.104, 0, 321.22, 9, 2850, 16051, 31896
2026/09/25 17:45:56.104, 1, 301.84, 93, 2827, 16051, 31366
2026/09/25 17:45:56.354, 0, 332.31, 91, 2857, 16051, 31896
2026/09/25 17:45:56.354, 1, 298.98, 11, 2835, 16051, 31366
2026/09/25 17:45:56.604, 0, 332.31, 91, 2857, 16051, 31896
2026/09/25 17:45:56.605, 1, 298.98, 11, 2835, 16051, 31366
2026/09/25 17:45:56.855, 0, 319.70, 18, 2850, 16051, 31896
2026/09/25 17:45:56.855, 1, 311.03, 84, 2820, 16051, 31366
2026/09/25 17:45:57.105, 0, 319.70, 18, 2850, 16051, 31896
2026/09/25 17:45:57.105, 1, 311.03, 84, 2820, 16051, 31366
2026/09/25 17:45:57.355, 0, 333.31, 91, 2857, 16051, 31896
2026/09/25 17:45:57.355, 1, 286.61, 6, 2827, 16051, 31366
2026/09/25 17:45:57.605, 0, 333.31, 91, 2857, 16051, 31896
2026/09/25 17:45:57.605, 1, 286.61, 6, 2827, 16051, 31366
2026/09/25 17:45:57.855, 0, 322.82, 23, 2850, 16051, 31896
2026/09/25 17:45:57.856, 1, 308.15, 79, 2820, 16051, 31366
2026/09/25 17:45:58.106, 0, 322.82, 23, 2850, 16051, 31896
2026/09/25 17:45:58.106, 1, 308.15, 79, 2820, 16051, 31366
2026/09/25 17:45:58.356, 0, 347.50, 90, 2857, 16051, 31896
2026/09/25 17:45:58.356, 1, 298.99, 11, 2835, 16051, 31366
2026/09/25 17:45:58.606, 0, 347.50, 90, 2857, 16051, 31896
2026/09/25 17:45:58.606, 1, 298.99, 11, 2835, 16051, 31366
2026/09/25 17:45:58.856, 0, 335.30, 21, 2850, 16051, 31896
2026/09/25 17:45:58.856, 1, 299.48, 81, 2820, 16051, 31366
2026/09/25 17:45:59.107, 0, 335.30, 21, 2850, 16051, 31896
2026/09/25 17:45:59.107, 1, 299.48, 81, 2820, 16051, 31366
2026/09/25 17:45:59.357, 0, 334.77, 89, 2857, 16051, 31896
2026/09/25 17:45:59.357, 1, 287.89, 13, 2827, 16051, 31366
2026/09/25 17:45:59.607, 0, 334.77, 89, 2857, 16051, 31896
2026/09/25 17:45:59.607, 1, 287.89, 13, 2827, 16051, 31366
2026/09/25 17:45:59.857, 0, 334.60, 19, 2850, 16051, 31896
2026/09/25 17:45:59.857, 1, 310.72, 83, 2827, 16051, 31366
2026/09/25 17:46:00.107, 0, 334.60, 19, 2850, 16051, 31896
2026/09/25 17:46:00.107, 1, 310.72, 83, 2827, 16051, 31366
2026/09/25 17:46:00.358, 0, 347.42, 90, 2857, 16051, 31896
2026/09/25 17:46:00.358, 1, 287.75, 12, 2827, 16051, 31366
2026/09/25 17:46:00.608, 0, 347.42, 90, 2857, 16051, 31896
2026/09/25 17:46:00.608, 1, 287.75, 12, 2827, 16051, 31366
2026/09/25 17:46:00.858, 0, 323.87, 19, 2850, 16051, 31896
2026/09/25 17:46:00.858, 1, 298.99, 83, 2820, 16051, 31366
2026/09/25 17:46:01.108, 0, 323.87, 19, 2850, 16051, 31896
2026/09/25 17:46:01.108, 1, 298.99, 83, 2820, 16051, 31366
2026/09/25 17:46:01.358, 0, 336.52, 94, 2857, 16051, 31896
2026/09/25 17:46:01.359, 1, 298.34, 7, 2827, 16051, 31366
2026/09/25 17:46:01.609, 0, 336.52, 94, 2857, 16051, 31896
2026/09/25 17:46:01.609, 1, 298.34, 7, 2827, 16051, 31366
2026/09/25 17:46:01.859, 0, 335.82, 19, 2850, 16051, 31896
2026/09/25 17:46:01.859, 1, 299.06, 83, 2827, 16051, 31366
2026/09/25 17:46:02.109, 0, 335.82, 19, 2850, 16051, 31896
2026/09/25 17:46:02.109, 1, 299.06, 83, 2827, 16051, 31366
2026/09/25 17:46:02.359, 0, 349.33, 94, 2857, 16051, 31896
2026/09/25 17:46:02.359, 1, 286.25, 8, 2827, 16051, 31366
2026/09/25 17:46:02.609, 0, 349.33, 94, 2857, 16051, 31896
2026/09/25 17:46:02.609, 1, 286.25, 8, 2827, 16051, 31366
2026/09/25 17:46:02.860, 0, 323.90, 19, 2850, 16051, 31896
2026/09/25 17:46:02.860, 1, 310.20, 83, 2827, 16051, 31366
2026/09/25 17:46:03.110, 0, 323.90, 19, 2850, 16051, 31896
2026/09/25 17:46:03.110, 1, 310.20, 83, 2827, 16051, 31366
2026/09/25 17:46:03.360, 0, 348.60, 91, 2857, 16051, 31896
2026/09/25 17:46:03.360, 1, 299.98, 10, 2827, 16051, 31366
2026/09/25 17:46:03.610, 0, 348.60, 91, 2857, 16051, 31896
2026/09/25 17:46:03.610, 1, 299.98, 10, 2827, 16051, 31366
2026/09/25 17:46:03.860, 0, 335.20, 18, 2850, 16051, 31896
2026/09/25 17:46:03.860, 1, 300.41, 84, 2820, 16051, 31366
2026/09/25 17:46:04.110, 0, 335.20, 18, 2850, 16051, 31896
2026/09/25 17:46:04.111, 1, 300.41, 84, 2820, 16051, 31366
2026/09/25 17:46:04.361, 0, 347.88, 90, 2857, 16051, 31896
2026/09/25 17:46:04.361, 1, 299.82, 12, 2835, 16051, 31366
2026/09/25 17:46:04.611, 0, 347.88, 90, 2857, 16051, 31896
2026/09/25 17:46:04.611, 1, 299.82, 12, 2835, 16051, 31366
2026/09/25 17:46:04.861, 0, 323.43, 21, 2850, 16051, 31896
2026/09/25 17:46:04.861, 1, 298.94, 81, 2820, 16051, 31366
2026/09/25 17:46:05.111, 0, 323.43, 21, 2850, 16051, 31896
2026/09/25 17:46:05.111, 1, 298.94, 81, 2820, 16051, 31366
2026/09/25 17:46:05.361, 0, 335.27, 91, 2857, 16051, 31896
2026/09/25 17:46:05.362, 1, 287.88, 10, 2827, 16051, 31366
2026/09/25 17:46:05.612, 0, 335.27, 91, 2857, 16051, 31896
2026/09/25 17:46:05.612, 1, 287.88, 10, 2827, 16051, 31366
2026/09/25 17:46:05.862, 0, 324.71, 23, 2850, 16051, 31896
2026/09/25 17:46:05.862, 1, 308.94, 79, 2820, 16051, 31366
2026/09/25 17:46:06.112, 0, 324.71, 23, 2850, 16051, 31896
2026/09/25 17:46:06.112, 1, 308.94, 79, 2820, 16051, 31366
2026/09/25 17:46:06.362, 0, 334.84, 88, 2857, 16051, 31896
2026/09/25 17:46:06.362, 1, 299.85, 14, 2835, 16051, 31366
2026/09/25 17:46:06.613, 0, 334.84, 88, 2857, 16051, 31896
2026/09/25 17:46:06.613, 1, 299.85, 14, 2835, 16051, 31366
2026/09/25 17:46:06.863, 0, 336.01, 24, 2857, 16051, 31896
2026/09/25 17:46:06.863, 1, 298.70, 78, 2820, 16051, 31366
2026/09/25 17:46:07.113, 0, 336.01, 24, 2857, 16051, 31896
2026/09/25 17:46:07.113, 1, 298.70, 78, 2820, 16051, 31366
2026/09/25 17:46:07.363, 0, 334.68, 85, 2850, 16051, 31896
2026/09/25 17:46:07.363, 1, 299.98, 17, 2835, 16051, 31366
2026/09/25 17:46:07.613, 0, 334.68, 85, 2850, 16051, 31896
2026/09/25 17:46:07.614, 1, 299.98, 17, 2835, 16051, 31366
2026/09/25 17:46:07.864, 0, 325.72, 25, 2857, 16051, 31896
2026/09/25 17:46:07.864, 1, 299.36, 77, 2820, 16051, 31366
2026/09/25 17:46:08.114, 0, 325.72, 25, 2857, 16051, 31896
2026/09/25 17:46:08.114, 1, 299.36, 77, 2820, 16051, 31366
2026/09/25 17:46:08.364, 0, 345.13, 82, 2850, 16051, 31896
2026/09/25 17:46:08.364, 1, 289.60, 20, 2835, 16051, 31366
2026/09/25 17:46:08.614, 0, 345.13, 82, 2850, 16051, 31896
2026/09/25 17:46:08.614, 1, 289.60, 20, 2835, 16051, 31366
2026/09/25 17:46:08.865, 0, 336.24, 29, 2857, 16051, 31896
2026/09/25 17:46:08.865, 1, 307.16, 73, 2820, 16051, 31366
2026/09/25 17:46:09.115, 0, 336.24, 29, 2857, 16051, 31896
2026/09/25 17:46:09.115, 1, 307.16, 73, 2820, 16051, 31366
2026/09/25 17:46:09.365, 0, 344.74, 83, 2850, 16051, 31896
2026/09/25 17:46:09.365, 1, 299.65, 18, 2835, 16051, 31366
2026/09/25 17:46:09.615, 0, 344.74, 83, 2850, 16051, 31896
2026/09/25 17:46:09.615, 1, 299.65, 18, 2835, 16051, 31366
2026/09/25 17:46:09.865, 0, 336.37, 33, 2857, 16051, 31896
2026/09/25 17:46:09.865, 1, 305.75, 69, 2820, 16051, 31366
2026/09/25 17:46:10.116, 0, 336.37, 33, 2857, 16051, 31896
2026/09/25 17:46:10.116, 1, 305.75, 69, 2820, 16051, 31366
2026/09/25 17:46:10.366, 0, 334.44, 78, 2850, 16051, 31896
2026/09/25 17:46:10.366, 1, 291.49, 24, 2835, 16051, 31366
2026/09/25 17:46:10.616, 0, 334.44, 78, 2850, 16051, 31896
2026/09/25 17:46:10.616, 1, 291.49, 24, 2835, 16051, 31366
2026/09/25 17:46:10.866, 0, 330.20, 35, 2857, 16051, 31896
2026/09/25 17:46:10.866, 1, 304.45, 67, 2820, 16051, 31366
2026/09/25 17:46:11.116, 0, 330.20, 35, 2857, 16051, 31896
2026/09/25 17:46:11.117, 1, 304.45, 67, 2820, 16051, 31366
2026/09/25 17:46:11.367, 0, 341.90, 74, 2842, 16051, 31896
2026/09/25 17:46:11.367, 1, 299.79, 28, 2835, 16051, 31366
2026/09/25 17:46:11.617, 0, 341.90, 74, 2842, 16051, 31896
2026/09/25 17:46:11.617, 1, 299.79, 28, 2835, 16051, 31366
2026/09/25 17:46:11.867, 0, 335.22, 36, 2857, 16051, 31896
2026/09/25 17:46:11.867, 1, 303.99, 67, 2820, 16051, 31366
2026/09/25 17:46:12.117, 0, 335.22, 36, 2857, 16051, 31896
2026/09/25 17:46:12.118, 1, 303.99, 67, 2820, 16051, 31366
2026/09/25 17:46:12.368, 0, 331.08, 63, 2850, 16051, 31896
2026/09/25 17:46:12.368, 1, 294.27, 39, 2842, 16051, 31366
2026/09/25 17:46:12.618, 0, 331.08, 63, 2850, 16051, 31896
2026/09/25 17:46:12.618, 1, 294.27, 39, 2842, 16051, 31366
2026/09/25 17:46:12.868, 0, 331.81, 48, 2865, 16051, 31896
2026/09/25 17:46:12.868, 1, 299.33, 54, 2812, 16051, 31366
2026/09/25 17:46:13.118, 0, 331.81, 48, 2865, 16051, 31896
2026/09/25 17:46:13.119, 1, 299.33, 54, 2812, 16051, 31366
2026/09/25 17:46:13.369, 0, 336.32, 63, 2842, 16051, 31896
2026/09/25 17:46:13.369, 1, 299.18, 39, 2842, 16051, 31366
2026/09/25 17:46:13.619, 0, 336.32, 63, 2842, 16051, 31896
2026/09/25 17:46:13.619, 1, 299.18, 39, 2842, 16051, 31366
2026/09/25 17:46:13.869, 0, 336.54, 53, 2865, 16051, 31896
2026/09/25 17:46:13.869, 1, 296.47, 49, 2812, 16051, 31366
2026/09/25 17:46:14.119, 0, 336.54, 53, 2865, 16051, 31896
2026/09/25 17:46:14.119, 1, 296.47, 49, 2812, 16051, 31366
2026/09/25 17:46:14.370, 0, 335.07, 57, 2842, 16051, 31896
2026/09/25 17:46:14.370, 1, 298.43, 45, 2842, 16051, 31366
2026/09/25 17:46:14.620, 0, 335.07, 57, 2842, 16051, 31896
2026/09/25 17:46:14.620, 1, 298.43, 45, 2842, 16051, 31366
2026/09/25 17:46:14.870, 0, 338.27, 57, 2865, 16051, 31896
2026/09/25 17:46:14.870, 1, 297.69, 45, 2812, 16051, 31366
2026/09/25 17:46:15.120, 0, 338.27, 57, 2865, 16051, 31896
2026/09/25 17:46:15.120, 1, 297.69, 45, 2812, 16051, 31366
2026/09/25 17:46:15.370, 0, 333.36, 51, 2842, 16051, 31896
2026/09/25 17:46:15.371, 1, 299.86, 51, 2842, 16051, 31366
2026/09/25 17:46:15.621, 0, 333.36, 51, 2842, 16051, 31896
2026/09/25 17:46:15.621, 1, 299.86, 51, 2842, 16051, 31366
2026/09/25 17:46:15.871, 0, 339.19, 59, 2865, 16051, 31896
2026/09/25 17:46:15.871, 1, 294.70, 43, 2812, 16051, 31366
2026/09/25 17:46:16.121, 0, 339.19, 59, 2865, 16051, 31896
2026/09/25 17:46:16.121, 1, 294.70, 43, 2812, 16051, 31366
2026/09/25 17:46:16.371, 0, 326.04, 28, 2842, 16051, 31896
2026/09/25 17:46:16.371, 1, 300.30, 74, 2850, 16051, 31366
2026/09/25 17:46:16.621, 0, 326.04, 28, 2842, 16051, 31896
2026/09/25 17:46:16.621, 1, 300.30, 74, 2850, 16051, 31366
2026/09/25 17:46:16.871, 0, 336.63, 85, 2865, 16051, 31896
2026/09/25 17:46:16.872, 1, 289.58, 17, 2812, 16051, 31366
2026/09/25 17:46:17.122, 0, 336.63, 85, 2865, 16051, 31896
2026/09/25 17:46:17.122, 1, 289.58, 17, 2812, 16051, 31366
2026/09/25 17:46:17.372, 0, 315.63, 14, 2842, 16051, 31896
2026/09/25 17:46:17.372, 1, 299.54, 78, 2842, 16051, 31366
2026/09/25 17:46:17.622, 0, 315.63, 14, 2842, 16051, 31896
2026/09/25 17:46:17.622, 1, 299.54, 78, 2842, 16051, 31366
2026/09/25 17:46:17.872, 0, 298.29, 57, 2842, 16051, 31896
2026/09/25 17:46:17.872, 1, 310.45, 45, 2842, 16051, 31366
2026/09/25 17:46:18.122, 0, 298.29, 57, 2842, 16051, 31896
2026/09/25 17:46:18.122, 1, 310.45, 45, 2842, 16051, 31366
2026/09/25 17:46:18.372, 0, 353.67, 56, 2865, 16051, 31896
2026/09/25 17:46:18.373, 1, 279.38, 46, 2812, 16051, 31366
2026/09/25 17:46:18.623, 0, 353.67, 56, 2865, 16051, 31896
2026/09/25 17:46:18.623, 1, 279.38, 46, 2812, 16051, 31366
2026/09/25 17:46:18.873, 0, 324.01, 0, 2842, 16051, 31896
2026/09/25 17:46:18.873, 1, 283.12, 100, 2865, 16051, 31366
2026/09/25 17:46:19.123, 0, 324.01, 0, 2842, 16051, 31896
2026/09/25 17:46:19.123, 1, 283.12, 100, 2865, 16051, 31366
2026/09/25 17:46:19.373, 0, 321.30, 100, 2865, 16051, 31896
2026/09/25 17:46:19.373, 1, 288.68, 0, 2820, 16051, 31366
2026/09/25 17:46:19.623, 0, 321.30, 100, 2865, 16051, 31896
2026/09/25 17:46:19.624, 1, 288.68, 0, 2820, 16051, 31366
2026/09/25 17:46:19.874, 0, 316.78, 16, 2850, 16051, 31896
2026/09/25 17:46:19.874, 1, 312.15, 86, 2827, 16051, 31366
2026/09/25 17:46:20.124, 0, 316.78, 16, 2850, 16051, 31896
2026/09/25 17:46:20.124, 1, 312.15, 86, 2827, 16051, 31366
2026/09/25 17:46:20.374, 0, 327.86, 92, 2857, 16051, 31896
2026/09/25 17:46:20.374, 1, 301.44, 10, 2827, 16051, 31366
2026/09/25 17:46:20.624, 0, 327.86, 92, 2857, 16051, 31896
2026/09/25 17:46:20.624, 1, 301.44, 10, 2827, 16051, 31366
2026/09/25 17:46:20.874, 0, 338.19, 40, 2857, 16051, 31896
2026/09/25 17:46:20.875, 1, 304.04, 62, 2820, 16051, 31366
2026/09/25 17:46:21.125, 0, 338.19, 40, 2857, 16051, 31896
2026/09/25 17:46:21.125, 1, 304.04, 62, 2820, 16051, 31366
2026/09/25 17:46:21.375, 0, 326.64, 67, 2842, 16051, 31896
2026/09/25 17:46:21.375, 1, 288.88, 35, 2835, 16051, 31366
2026/09/25 17:46:21.625, 0, 326.64, 67, 2842, 16051, 31896
2026/09/25 17:46:21.625, 1, 288.88, 35, 2835, 16051, 31366
2026/09/25 17:46:21.875, 0, 338.11, 65, 2865, 16051, 31896
2026/09/25 17:46:21.875, 1, 294.27, 37, 2812, 16051, 31366
2026/09/25 17:46:22.125, 0, 338.11, 65, 2865, 16051, 31896
2026/09/25 17:46:22.126, 1, 294.27, 37, 2812, 16051, 31366
2026/09/25 17:46:22.376, 0, 327.36, 42, 2835, 16051, 31896
2026/09/25 17:46:22.376, 1, 301.55, 60, 2842, 16051, 31366
2026/09/25 17:46:22.626, 0, 327.36, 42, 2835, 16051, 31896
2026/09/25 17:46:22.626, 1, 301.55, 60, 2842, 16051, 31366
2026/09/25 17:46:22.876, 0, 338.54, 89, 2872, 16051, 31896
2026/09/25 17:46:22.876, 1, 291.20, 13, 2812, 16051, 31366
2026/09/25 17:46:23.126, 0, 338.54, 89, 2872, 16051, 31896
2026/09/25 17:46:23.126, 1, 291.20, 13, 2812, 16051, 31366
2026/09/25 17:46:23.376, 0, 320.58, 17, 2842, 16051, 31896
2026/09/25 17:46:23.377, 1, 309.20, 85, 2842, 16051, 31366
2026/09/25 17:46:23.627, 0, 320.58, 17, 2842, 16051, 31896
2026/09/25 17:46:23.627, 1, 309.20, 85, 2842, 16051, 31366
2026/09/25 17:46:23.877, 0, 343.87, 100, 2872, 16051, 31896
2026/09/25 17:46:23.877, 1, 282.83, 0, 2812, 16051, 31366
2026/09/25 17:46:24.127, 0, 343.87, 100, 2872, 16051, 31896
2026/09/25 17:46:24.127, 1, 282.83, 0, 2812, 16051, 31366
2026/09/25 17:46:24.377, 0, 334.24, 0, 2835, 16051, 31896
2026/09/25 17:46:24.377, 1, 290.84, 100, 2842, 16051, 31366
2026/09/25 17:46:24.628, 0, 334.24, 0, 2835, 16051, 31896
2026/09/25 17:46:24.628, 1, 290.84, 100, 2842, 16051, 31366
2026/09/25 17:46:24.878, 0, 343.05, 100, 2872, 16051, 31896
2026/09/25 17:46:24.878, 1, 301.88, 0, 2812, 16051, 31366
2026/09/25 17:46:25.128, 0, 343.05, 100, 2872, 16051, 31896
2026/09/25 17:46:25.128, 1, 301.88, 0, 2812, 16051, 31366
2026/09/25 17:46:25.378, 0, 316.47, 0, 2850, 16051, 31896
2026/09/25 17:46:25.378, 1, 307.80, 100, 2835, 16051, 31366
2026/09/25 17:46:25.628, 0, 316.47, 0, 2850, 16051, 31896
2026/09/25 17:46:25.628, 1, 307.80, 100, 2835, 16051, 31366
2026/09/25 17:46:25.879, 0, 326.98, 95, 2865, 16051, 31896
2026/09/25 17:46:25.879, 1, 301.47, 1, 2820, 16051, 31366
2026/09/25 17:46:26.129, 0, 326.98, 95, 2865, 16051, 31896
2026/09/25 17:46:26.129, 1, 301.47, 1, 2820, 16051, 31366
2026/09/25 17:46:26.379, 0, 317.19, 21, 2850, 16051, 31896
2026/09/25 17:46:26.379, 1, 290.52, 81, 2820, 16051, 31366
2026/09/25 17:46:26.629, 0, 317.19, 21, 2850, 16051, 31896
2026/09/25 17:46:26.629, 1, 290.52, 81, 2820, 16051, 31366
2026/09/25 17:46:26.879, 0, 323.50, 64, 2857, 16051, 31896
2026/09/25 17:46:26.880, 1, 283.97, 21, 2835, 16051, 31366
2026/09/25 17:46:27.130, 0, 323.50, 64, 2857, 16051, 31896
2026/09/25 17:46:27.130, 1, 283.97, 21, 2835, 16051, 31366
2026/09/25 17:46:27.380, 0, 339.15, 56, 2865, 16051, 31896
2026/09/25 17:46:27.380, 1, 297.30, 46, 2812, 16051, 31366
2026/09/25 17:46:27.630, 0, 339.15, 56, 2865, 16051, 31896
2026/09/25 17:46:27.630, 1, 297.30, 46, 2812, 16051, 31366
2026/09/25 17:46:27.880, 0, 325.15, 29, 2842, 16051, 31896
2026/09/25 17:46:27.880, 1, 292.73, 57, 2842, 16051, 31366
2026/09/25 17:46:28.130, 0, 325.15, 29, 2842, 16051, 31896
2026/09/25 17:46:28.131, 1, 292.73, 57, 2842, 16051, 31366
2026/09/25 17:46:28.381, 0, 342.05, 92, 2865, 16051, 31896
2026/09/25 17:46:28.381, 1, 286.56, 10, 2812, 16051, 31366
2026/09/25 17:46:28.631, 0, 342.05, 92, 2865, 16051, 31896
2026/09/25 17:46:28.631, 1, 286.56, 10, 2812, 16051, 31366
2026/09/25 17:46:28.881, 0, 330.03, 0, 2842, 16051, 31896
2026/09/25 17:46:28.881, 1, 300.22, 89, 2842, 16051, 31366
2026/09/25 17:46:29.131, 0, 330.03, 0, 2842, 16051, 31896
2026/09/25 17:46:29.132, 1, 300.22, 89, 2842, 16051, 31366
2026/09/25 17:46:29.382, 0, 343.35, 100, 2872, 16051, 31896
2026/09/25 17:46:29.382, 1, 300.46, 0, 2812, 16051, 31366
2026/09/25 17:46:29.632, 0, 343.35, 100, 2872, 16051, 31896
2026/09/25 17:46:29.632, 1, 300.46, 0, 2812, 16051, 31366
2026/09/25 17:46:29.882, 0, 317.36, 0, 2842, 16051, 31896
2026/09/25 17:46:29.882, 1, 288.41, 100, 2842, 16051, 31366
2026/09/25 17:46:30.132, 0, 317.36, 0, 2842, 16051, 31896
2026/09/25 17:46:30.132, 1, 288.41, 100, 2842, 16051, 31366
2026/09/25 17:46:30.383, 0, 322.77, 100, 2865, 16051, 31896
2026/09/25 17:46:30.383, 1, 302.11, 0, 2820, 16051, 31366
2026/09/25 17:46:30.633, 0, 322.77, 100, 2865, 16051, 31896
2026/09/25 17:46:30.633, 1, 302.11, 0, 2820, 16051, 31366
2026/09/25 17:46:30.883, 0, 339.42, 1, 2842, 16051, 31896
2026/09/25 17:46:30.883, 1, 307.78, 100, 2827, 16051, 31366
2026/09/25 17:46:31.133, 0, 339.42, 1, 2842, 16051, 31896
2026/09/25 17:46:31.133, 1, 307.78, 100, 2827, 16051, 31366
2026/09/25 17:46:31.383, 0, 323.27, 78, 2850, 16051, 31896
2026/09/25 17:46:31.383, 1, 282.85, 24, 2835, 16051, 31366
2026/09/25 17:46:31.633, 0, 323.27, 78, 2850, 16051, 31896
2026/09/25 17:46:31.633, 1, 282.85, 24, 2835, 16051, 31366
2026/09/25 17:46:31.883, 0, 339.43, 38, 2857, 16051, 31896
2026/09/25 17:46:31.884, 1, 286.02, 64, 2820, 16051, 31366
2026/09/25 17:46:32.134, 0, 339.43, 38, 2857, 16051, 31896
2026/09/25 17:46:32.134, 1, 286.02, 64, 2820, 16051, 31366
2026/09/25 17:46:32.384, 0, 330.45, 40, 2835, 16051, 31896
2026/09/25 17:46:32.384, 1, 302.15, 62, 2842, 16051, 31366
2026/09/25 17:46:32.634, 0, 330.45, 40, 2835, 16051, 31896
2026/09/25 17:46:32.634, 1, 302.15, 62, 2842, 16051, 31366
2026/09/25 17:46:32.884, 0, 335.05, 76, 2865, 16051, 31896
2026/09/25 17:46:32.885, 1, 290.20, 26, 2812, 16051, 31366
2026/09/25 17:46:33.135, 0, 335.05, 76, 2865, 16051, 31896
2026/09/25 17:46:33.135, 1, 290.20, 26, 2812, 16051, 31366
2026/09/25 17:46:33.385, 0, 317.16, 0, 2842, 16051, 31896
2026/09/25 17:46:33.385, 1, 305.73, 100, 2850, 16051, 31366
2026/09/25 17:46:33.635, 0, 317.16, 0, 2842, 16051, 31896
2026/09/25 17:46:33.635, 1, 305.73, 100, 2850, 16051, 31366
2026/09/25 17:46:33.885, 0, 329.59, 100, 2865, 16051, 31896
2026/09/25 17:46:33.885, 1, 293.85, 0, 2812, 16051, 31366
2026/09/25 17:46:34.135, 0, 329.59, 100, 2865, 16051, 31896
2026/09/25 17:46:34.136, 1, 293.85, 0, 2812, 16051, 31366
2026/09/25 17:46:34.386, 0, 339.92, 0, 2842, 16051, 31896
2026/09/25 17:46:34.386, 1, 288.12, 100, 2842, 16051, 31366
2026/09/25 17:46:34.636, 0, 339.92, 0, 2842, 16051, 31896
2026/09/25 17:46:34.636, 1, 288.12, 100, 2842, 16051, 31366
2026/09/25 17:46:34.886, 0, 324.27, 100, 2865, 16051, 31896
2026/09/25 17:46:34.886, 1, 282.97, 0, 2820, 16051, 31366
2026/09/25 17:46:35.136, 0, 324.27, 100, 2865, 16051, 31896
2026/09/25 17:46:35.136, 1, 282.97, 0, 2820, 16051, 31366
2026/09/25 17:46:35.387, 0, 339.62, 9, 2850, 16051, 31896
2026/09/25 17:46:35.387, 1, 287.75, 93, 2835, 16051, 31366
2026/09/25 17:46:35.637, 0, 339.62, 9, 2850, 16051, 31896
2026/09/25 17:46:35.637, 1, 287.75, 93, 2835, 16051, 31366
2026/09/25 17:46:35.887, 0, 344.18, 93, 2857, 16051, 31896
2026/09/25 17:46:35.887, 1, 283.55, 9, 2827, 16051, 31366
2026/09/25 17:46:36.137, 0, 344.18, 93, 2857, 16051, 31896
2026/09/25 17:46:36.137, 1, 283.55, 9, 2827, 16051, 31366
2026/09/25 17:46:36.388, 0, 324.09, 46, 2857, 16051, 31896
2026/09/25 17:46:36.388, 1, 286.60, 56, 2820, 16051, 31366
2026/09/25 17:46:36.638, 0, 324.09, 46, 2857, 16051, 31896
2026/09/25 17:46:36.638, 1, 286.60, 56, 2820, 16051, 31366
2026/09/25 17:46:36.888, 0, 323.64, 56, 2842, 16051, 31896
2026/09/25 17:46:36.888, 1, 302.98, 46, 2842, 16051, 31366
2026/09/25 17:46:37.138, 0, 323.64, 56, 2842, 16051, 31896
2026/09/25 17:46:37.138, 1, 302.98, 46, 2842, 16051, 31366
2026/09/25 17:46:37.388, 0, 309.03, 76, 2887, 16051, 31896
2026/09/25 17:46:37.388, 1, 297.45, 17, 2812, 16051, 31366
2026/09/25 17:46:37.639, 0, 309.03, 76, 2887, 16051, 31896
2026/09/25 17:46:37.639, 1, 297.45, 17, 2812, 16051, 31366
2026/09/25 17:46:37.889, 0, 337.84, 46, 2857, 16051, 31896
2026/09/25 17:46:37.889, 1, 268.95, 56, 2820, 16051, 31366
2026/09/25 17:46:38.139, 0, 337.84, 46, 2857, 16051, 31896
2026/09/25 17:46:38.139, 1, 268.95, 56, 2820, 16051, 31366
2026/09/25 17:46:38.389, 0, 316.65, 100, 2887, 16051, 31896
2026/09/25 17:46:38.389, 1, 253.29, 0, 2857, 16051, 31366
2026/09/25 17:46:38.639, 0, 316.65, 100, 2887, 16051, 31896
2026/09/25 17:46:38.640, 1, 253.29, 0, 2857, 16051, 31366
2026/09/25 17:46:38.890, 0, 268.63, 26, 2880, 16051, 31896
2026/09/25 17:46:38.890, 1, 279.15, 56, 2827, 16051, 31366
2026/09/25 17:46:39.140, 0, 268.63, 26, 2880, 16051, 31896
2026/09/25 17:46:39.140, 1, 279.15, 56, 2827, 16051, 31366
2026/09/25 17:46:39.390, 0, 287.03, 40, 2865, 16051, 31896
2026/09/25 17:46:39.390, 1, 263.37, 48, 2835, 16051, 31366
2026/09/25 17:46:39.640, 0, 287.03, 40, 2865, 16051, 31896
2026/09/25 17:46:39.640, 1, 263.37, 48, 2835, 16051, 31366
2026/09/25 17:46:39.890, 0, 262.18, 42, 2857, 16051, 31896
2026/09/25 17:46:39.891, 1, 266.39, 47, 2835, 16051, 31366
2026/09/25 17:46:40.141, 0, 262.18, 42, 2857, 16051, 31896
2026/09/25 17:46:40.141, 1, 266.39, 47, 2835, 16051, 31366
2026/09/25 17:46:40.391, 0, 277.64, 43, 2857, 16051, 31896
2026/09/25 17:46:40.391, 1, 264.98, 46, 2827, 16051, 31366
2026/09/25 17:46:40.641, 0, 277.64, 43, 2857, 16051, 31896
2026/09/25 17:46:40.641, 1, 264.98, 46, 2827, 16051, 31366
2026/09/25 17:46:40.891, 0, 285.72, 43, 2857, 16051, 31896
2026/09/25 17:46:40.891, 1, 269.33, 46, 2827, 16051, 31366
2026/09/25 17:46:41.141, 0, 285.72, 43, 2857, 16051, 31896
2026/09/25 17:46:41.142, 1, 269.33, 46, 2827, 16051, 31366
2026/09/25 17:46:41.392, 0, 284.34, 45, 2857, 16051, 31896
2026/09/25 17:46:41.392, 1, 268.82, 46, 2835, 16051, 31366
2026/09/25 17:46:41.642, 0, 284.34, 45, 2857, 16051, 31896
2026/09/25 17:46:41.642, 1, 268.82, 46, 2835, 16051, 31366
2026/09/25 17:46:41.892, 0, 283.45, 42, 2857, 16051, 31896
2026/09/25 17:46:41.892, 1, 265.64, 46, 2835, 16051, 31366
2026/09/25 17:46:42.142, 0, 283.45, 42, 2857, 16051, 31896
2026/09/25 17:46:42.142, 1, 265.64, 46, 2835, 16051, 31366
2026/09/25 17:46:42.392, 0, 283.37, 43, 2857, 16051, 31896
2026/09/25 17:46:42.393, 1, 264.67, 46, 2835, 16051, 31366
2026/09/25 17:46:42.643, 0, 283.37, 43, 2857, 16051, 31896
2026/09/25 17:46:42.643, 1, 264.67, 46, 2835, 16051, 31366
2026/09/25 17:46:42.893, 0, 282.26, 42, 2857, 16051, 31896
2026/09/25 17:46:42.893, 1, 265.26, 47, 2827, 16051, 31366
2026/09/25 17:46:43.143, 0, 282.26, 42, 2857, 16051, 31896
2026/09/25 17:46:43.143, 1, 265.26, 47, 2827, 16051, 31366
2026/09/25 17:46:43.393, 0, 283.48, 42, 2857, 16051, 31896
2026/09/25 17:46:43.393, 1, 268.92, 45, 2827, 16051, 31366
2026/09/25 17:46:43.643, 0, 283.48, 42, 2857, 16051, 31896
2026/09/25 17:46:43.643, 1, 268.92, 45, 2827, 16051, 31366
2026/09/25 17:46:43.894, 0, 284.01, 45, 2857, 16051, 31896
2026/09/25 17:46:43.894, 1, 268.62, 45, 2835, 16051, 31366
2026/09/25 17:46:44.144, 0, 284.01, 45, 2857, 16051, 31896
2026/09/25 17:46:44.144, 1, 268.62, 45, 2835, 16051, 31366
2026/09/25 17:46:44.394, 0, 285.89, 42, 2857, 16051, 31896
2026/09/25 17:46:44.394, 1, 264.45, 46, 2835, 16051, 31366
2026/09/25 17:46:44.644, 0, 285.89, 42, 2857, 16051, 31896
2026/09/25 17:46:44.644, 1, 264.45, 46, 2835, 16051, 31366
2026/09/25 17:46:44.894, 0, 284.40, 43, 2857, 16051, 31896
2026/09/25 17:46:44.894, 1, 263.26, 45, 2835, 16051, 31366
2026/09/25 17:46:45.144, 0, 284.40, 43, 2857, 16051, 31896
2026/09/25 17:46:45.144, 1, 263.26, 45, 2835, 16051, 31366
2026/09/25 17:46:45.394, 0, 283.37, 43, 2857, 16051, 31896
2026/09/25 17:46:45.395, 1, 265.44, 46, 2835, 16051, 31366
2026/09/25 17:46:45.645, 0, 283.37, 43, 2857, 16051, 31896
2026/09/25 17:46:45.645, 1, 265.44, 46, 2835, 16051, 31366
2026/09/25 17:46:45.895, 0, 286.91, 43, 2857, 16051, 31896
2026/09/25 17:46:45.895, 1, 266.83, 46, 2827, 16051, 31366
2026/09/25 17:46:46.145, 0, 286.91, 43, 2857, 16051, 31896
2026/09/25 17:46:46.145, 1, 266.83, 46, 2827, 16051, 31366
2026/09/25 17:46:46.395, 0, 276.82, 41, 2857, 16051, 31896
2026/09/25 17:46:46.396, 1, 263.22, 47, 2835, 16051, 31366
2026/09/25 17:46:46.647, 0, 276.82, 41, 2857, 16051, 31896
2026/09/25 17:46:46.647, 1, 263.22, 47, 2835, 16051, 31366
2026/09/25 17:46:46.897, 0, 201.73, 0, 2902, 16051, 31896
2026/09/25 17:46:46.897, 1, 184.75, 0, 2865, 16051, 31366
2026/09/25 17:46:47.148, 0, 201.73, 0, 2902, 16051, 31896
2026/09/25 17:46:47.155, 1, 184.75, 0, 2865, 16051, 31366
2026/09/25 17:46:47.405, 0, 120.77, 0, 2902, 16051, 31896
2026/09/25 17:46:47.405, 1, 109.93, 0, 2880, 16051, 31366
2026/09/25 17:46:47.655, 0, 96.68, 0, 2902, 16051, 31896
2026/09/25 17:46:47.655, 1, 109.93, 0, 2880, 16051, 31366
2026/09/25 17:46:47.905, 0, 96.68, 0, 2902, 16051, 31896
2026/09/25 17:46:47.905, 1, 83.05, 0, 2880, 16051, 31366
2026/09/25 17:46:48.156, 0, 90.82, 0, 2580, 16051, 31896
2026/09/25 17:46:48.156, 1, 83.05, 0, 2880, 16051, 31366
2026/09/25 17:46:48.406, 0, 90.82, 0, 2580, 16051, 31896
2026/09/25 17:46:48.406, 1, 81.31, 0, 2880, 16051, 31366
2026/09/25 17:46:48.656, 0, 79.27, 0, 2430, 16051, 31896
2026/09/25 17:46:48.656, 1, 81.31, 0, 2880, 16051, 31366
2026/09/25 17:46:48.906, 0, 79.27, 0, 2430, 16051, 31896
2026/09/25 17:46:48.906, 1, 71.54, 0, 2400, 16051, 31366
2026/09/25 17:46:49.156, 0, 74.70, 0, 2430, 16051, 31896
2026/09/25 17:46:49.156, 1, 71.54, 0, 2400, 16051, 31366
2026/09/25 17:46:49.406, 0, 74.70, 0, 2430, 16051, 31896
2026/09/25 17:46:49.406, 1, 63.75, 0, 2400, 16051, 31366
2026/09/25 17:46:49.656, 0, 74.65, 0, 2430, 16051, 31896
2026/09/25 17:46:49.656, 1, 63.75, 0, 2400, 16051, 31366
2026/09/25 17:46:49.906, 0, 74.65, 0, 2430, 16051, 31896
2026/09/25 17:46:49.906, 1, 63.69, 0, 2400, 16051, 31366
2026/09/25 17:46:50.156, 0, 74.49, 0, 2430, 16051, 31896
2026/09/25 17:46:50.156, 1, 63.69, 0, 2400, 16051, 31366
2026/09/25 17:46:50.406, 0, 74.49, 0, 2430, 16051, 31896
2026/09/25 17:46:50.406, 1, 63.66, 0, 2400, 16051, 31366
2026/09/25 17:46:50.657, 0, 74.37, 0, 2430, 16051, 31896
2026/09/25 17:46:50.657, 1, 63.66, 0, 2400, 16051, 31366
2026/09/25 17:46:50.907, 0, 74.37, 0, 2430, 16051, 31896
2026/09/25 17:46:50.907, 1, 63.52, 0, 2400, 16051, 31366
2026/09/25 17:46:51.157, 0, 74.38, 0, 2430, 16051, 31896
2026/09/25 17:46:51.157, 1, 63.52, 0, 2400, 16051, 31366
2026/09/25 17:46:51.407, 0, 74.38, 0, 2430, 16051, 31896
2026/09/25 17:46:51.407, 1, 63.35, 0, 2400, 16051, 31366
2026/09/25 17:46:51.657, 0, 74.58, 0, 2430, 16051, 31896
2026/09/25 17:46:51.657, 1, 63.35, 0, 2400, 16051, 31366
2026/09/25 17:46:51.907, 0, 74.58, 0, 2430, 16051, 31896
2026/09/25 17:46:51.907, 1, 63.26, 0, 2400, 16051, 31366
2026/09/25 17:46:52.157, 0, 74.54, 0, 2430, 16051, 31896
2026/09/25 17:46:52.157, 1, 63.26, 0, 2400, 16051, 31366
2026/09/25 17:46:52.407, 0, 74.54, 0, 2430, 16051, 31896
2026/09/25 17:46:52.407, 1, 63.19, 0, 2400, 16051, 31366
2026/09/25 17:46:52.657, 0, 74.31, 0, 2430, 16051, 31896
2026/09/25 17:46:52.657, 1, 63.19, 0, 2400, 16051, 31366
2026/09/25 17:46:52.908, 0, 74.31, 0, 2430, 16051, 31896
2026/09/25 17:46:52.908, 1, 63.11, 0, 2400, 16051, 31366
2026/09/25 17:46:53.158, 0, 74.33, 0, 2430, 16051, 31896
2026/09/25 17:46:53.158, 1, 63.11, 0, 2400, 16051, 31366
2026/09/25 17:46:53.408, 0, 74.33, 0, 2430, 16051, 31896
2026/09/25 17:46:53.408, 1, 62.98, 0, 2400, 16051, 31366
2026/09/25 17:46:53.658, 0, 74.57, 0, 2430, 16051, 31896
2026/09/25 17:46:53.658, 1, 62.98, 0, 2400, 16051, 31366
2026/09/25 17:46:53.908, 0, 74.57, 0, 2430, 16051, 31896
2026/09/25 17:46:53.908, 1, 62.88, 0, 2400, 16051, 31366
2026/09/25 17:46:54.158, 0, 74.77, 0, 2430, 16051, 31896
2026/09/25 17:46:54.158, 1, 62.88, 0, 2400, 16051, 31366
2026/09/25 17:46:54.408, 0, 74.77, 0, 2430, 16051, 31896
2026/09/25 17:46:54.408, 1, 62.87, 0, 2400, 16051, 31366
2026/09/25 17:46:54.658, 0, 74.82, 0, 2430, 16051, 31896
2026/09/25 17:46:54.658, 1, 62.87, 0, 2400, 16051, 31366
2026/09/25 17:46:54.908, 0, 74.82, 0, 2430, 16051, 31896
2026/09/25 17:46:54.908, 1, 62.85, 0, 2400, 16051, 31366
2026/09/25 17:46:55.159, 0, 74.86, 0, 2430, 16051, 31896
2026/09/25 17:46:55.159, 1, 62.85, 0, 2400, 16051, 31366
2026/09/25 17:46:55.409, 0, 74.86, 0, 2430, 16051, 31896
2026/09/25 17:46:55.409, 1, 62.83, 0, 2400, 16051, 31366
2026/09/25 17:46:55.659, 0, 74.81, 0, 2430, 16051, 31896
2026/09/25 17:46:55.659, 1, 62.83, 0, 2400, 16051, 31366
2026/09/25 17:46:55.909, 0, 74.81, 0, 2430, 16051, 31896
2026/09/25 17:46:55.909, 1, 62.83, 0, 2400, 16051, 31366
2026/09/25 17:46:56.159, 0, 74.69, 0, 2430, 16051, 31896
2026/09/25 17:46:56.159, 1, 62.83, 0, 2400, 16051, 31366
2026/09/25 17:46:56.409, 0, 74.69, 0, 2430, 16051, 31896
2026/09/25 17:46:56.409, 1, 62.81, 0, 2400, 16051, 31366
2026/09/25 17:46:56.659, 0, 74.80, 0, 2430, 16051, 31896
2026/09/25 17:46:56.659, 1, 62.81, 0, 2400, 16051, 31366
2026/09/25 17:46:56.909, 0, 74.80, 0, 2430, 16051, 31896
2026/09/25 17:46:56.909, 1, 62.76, 0, 2400, 16051, 31366
2026/09/25 17:46:57.159, 0, 75.19, 0, 2430, 16051, 31896
2026/09/25 17:46:57.159, 1, 62.76, 0, 2400, 16051, 31366
2026/09/25 17:46:57.409, 0, 75.19, 0, 2430, 16051, 31896
2026/09/25 17:46:57.409, 1, 62.65, 0, 2400, 16051, 31366
2026/09/25 17:46:57.660, 0, 75.38, 0, 2430, 16051, 31896
2026/09/25 17:46:57.660, 1, 62.65, 0, 2400, 16051, 31366
2026/09/25 17:46:57.910, 0, 75.38, 0, 2430, 16051, 31896
2026/09/25 17:46:57.910, 1, 62.57, 0, 2400, 16051, 31366
2026/09/25 17:46:58.160, 0, 75.29, 0, 2430, 16051, 31896
2026/09/25 17:46:58.160, 1, 62.57, 0, 2400, 16051, 31366
2026/09/25 17:46:58.410, 0, 75.29, 0, 2430, 16051, 31896
2026/09/25 17:46:58.410, 1, 62.54, 0, 2400, 16051, 31366
2026/09/25 17:46:58.660, 0, 75.27, 0, 2430, 16051, 31896
2026/09/25 17:46:58.660, 1, 62.54, 0, 2400, 16051, 31366
2026/09/25 17:46:58.910, 0, 75.27, 0, 2430, 16051, 31896
2026/09/25 17:46:58.911, 1, 62.59, 0, 2400, 16051, 31366
2026/09/25 17:46:59.161, 0, 75.10, 0, 2430, 16051, 31896
2026/09/25 17:46:59.161, 1, 62.59, 0, 2400, 16051, 31366
2026/09/25 17:46:59.411, 0, 75.10, 0, 2430, 16051, 31896
2026/09/25 17:46:59.411, 1, 62.65, 0, 2400, 16051, 31366
2026/09/25 17:46:59.661, 0, 74.86, 0, 2430, 16051, 31896
2026/09/25 17:46:59.661, 1, 62.65, 0, 2400, 16051, 31366
2026/09/25 17:46:59.911, 0, 74.86, 0, 2430, 16051, 31896
2026/09/25 17:46:59.911, 1, 62.62, 0, 2400, 16051, 31366
2026/09/25 17:47:00.161, 0, 74.93, 0, 2430, 16051, 31896
2026/09/25 17:47:00.161, 1, 62.62, 0, 2400, 16051, 31366
2026/09/25 17:47:00.411, 0, 74.93, 0, 2430, 16051, 31896
2026/09/25 17:47:00.411, 1, 62.58, 0, 2400, 16051, 31366
2026/09/25 17:47:00.661, 0, 74.90, 0, 2430, 16051, 31896
2026/09/25 17:47:00.661, 1, 62.58, 0, 2400, 16051, 31366
2026/09/25 17:47:00.912, 0, 74.90, 0, 2430, 16051, 31896
2026/09/25 17:47:00.912, 1, 62.58, 0, 2400, 16051, 31366
2026/09/25 17:47:01.162, 0, 74.83, 0, 2430, 16051, 31896
2026/09/25 17:47:01.162, 1, 62.57, 0, 2400, 16051, 31366
2026/09/25 17:47:01.412, 0, 74.83, 0, 2430, 16051, 31896
2026/09/25 17:47:01.412, 1, 62.57, 0, 2400, 16051, 31366
2026/09/25 17:47:01.662, 0, 74.59, 0, 2430, 16051, 31896
2026/09/25 17:47:01.662, 1, 62.54, 0, 2400, 16051, 31366
2026/09/25 17:47:01.912, 0, 74.59, 0, 2430, 16051, 31896
2026/09/25 17:47:01.912, 1, 62.54, 0, 2400, 16051, 31366
2026/09/25 17:47:02.162, 0, 74.69, 0, 2430, 16051, 31896
2026/09/25 17:47:02.162, 1, 62.51, 0, 2400, 16051, 31366
2026/09/25 17:47:02.412, 0, 74.69, 0, 2430, 16051, 31896
2026/09/25 17:47:02.412, 1, 62.51, 0, 2400, 16051, 31366
2026/09/25 17:47:02.663, 0, 73.37, 0, 2430, 7001, 31896
2026/09/25 17:47:02.663, 1, 61.66, 0, 2400, 7001, 31366
2026/09/25 17:47:02.913, 0, 73.37, 0, 2430, 7001, 31896
2026/09/25 17:47:02.913, 1, 61.66, 0, 2400, 7001, 31366
2026/09/25 17:47:03.163, 0, 57.87, 0, 442, 7001, 31896
2026/09/25 17:47:03.163, 1, 48.24, 0, 450, 7001, 31366
2026/09/25 17:47:03.413, 0, 57.87, 0, 442, 7001, 31896
2026/09/25 17:47:03.413, 1, 48.24, 0, 450, 7001, 31366
2026/09/25 17:47:03.663, 0, 41.72, 0, 345, 810, 31896
2026/09/25 17:47:03.663, 1, 33.97, 0, 352, 810, 31366
2026/09/25 17:47:03.913, 0, 41.72, 0, 345, 810, 31896
2026/09/25 17:47:03.913, 1, 33.97, 0, 352, 810, 31366
2026/09/25 17:47:04.163, 0, 41.72, 0, 345, 810, 31896
2026/09/25 17:47:04.163, 1, 33.97, 0, 352, 810, 31366
2026/09/25 17:47:04.413, 0, 41.72, 0, 345, 810, 31896
2026/09/25 17:47:04.413, 1, 33.97, 0, 352, 810, 31366
2026/09/25 17:47:04.664, 0, 27.61, 0, 210, 810, 31896
2026/09/25 17:47:04.664, 1, 16.54, 0, 210, 810, 31366
2026/09/25 17:47:04.914, 0, 27.61, 0, 210, 810, 31896
2026/09/25 17:47:04.914, 1, 16.54, 0, 210, 810, 31366
2026/09/25 17:47:05.164, 0, 27.61, 0, 210, 810, 31896
2026/09/25 17:47:05.164, 1, 16.54, 0, 210, 810, 31366
2026/09/25 17:47:05.414, 0, 27.61, 0, 210, 810, 31896
2026/09/25 17:47:05.414, 1, 16.54, 0, 210, 810, 31366
2026/09/25 17:47:05.664, 0, 22.82, 0, 210, 405, 31896
2026/09/25 17:47:05.664, 1, 12.16, 0, 180, 405, 31366
2026/09/25 17:47:05.914, 0, 22.82, 0, 210, 405, 31896
2026/09/25 17:47:05.914, 1, 12.16, 0, 180, 405, 31366
2026/09/25 17:47:06.164, 0, 22.82, 0, 210, 405, 31896
2026/09/25 17:47:06.164, 1, 12.16, 0, 180, 405, 31366
2026/09/25 17:47:06.414, 0, 22.82, 0, 210, 405, 31896
2026/09/25 17:47:06.414, 1, 12.16, 0, 180, 405, 31366
2026/09/25 17:47:06.665, 0, 16.74, 0, 210, 405, 31896
2026/09/25 17:47:06.665, 1, 8.10, 0, 180, 405, 31366
2026/09/25 17:47:06.915, 0, 16.74, 0, 210, 405, 31896
2026/09/25 17:47:06.915, 1, 8.10, 0, 180, 405, 31366
2026/09/25 17:47:07.165, 0, 16.74, 0, 210, 405, 31896
2026/09/25 17:47:07.165, 1, 8.10, 0, 180, 405, 31366
2026/09/25 17:47:07.415, 0, 16.74, 0, 210, 405, 31896
2026/09/25 17:47:07.415, 1, 8.10, 0, 180, 405, 31366
2026/09/25 17:47:07.665, 0, 16.61, 0, 210, 405, 31896
2026/09/25 17:47:07.665, 1, 6.90, 0, 180, 405, 31366
2026/09/25 17:47:07.915, 0, 16.61, 0, 210, 405, 31896
2026/09/25 17:47:07.915, 1, 6.90, 0, 180, 405, 31366
2026/09/25 17:47:08.165, 0, 16.61, 0, 210, 405, 31896
2026/09/25 17:47:08.165, 1, 6.90, 0, 180, 405, 31366
2026/09/25 17:47:08.416, 0, 16.61, 0, 210, 405, 31896
2026/09/25 17:47:08.416, 1, 6.90, 0, 180, 405, 31366
2026/09/25 17:47:08.666, 0, 16.15, 0, 210, 405, 31896
2026/09/25 17:47:08.666, 1, 6.91, 0, 180, 405, 31366
2026/09/25 17:47:08.916, 0, 16.15, 0, 210, 405, 31896
2026/09/25 17:47:08.916, 1, 6.91, 0, 180, 405, 31366
2026/09/25 17:47:09.166, 0, 16.15, 0, 210, 405, 31896
2026/09/25 17:47:09.166, 1, 6.91, 0, 180, 405, 31366
2026/09/25 17:47:09.416, 0, 16.15, 0, 210, 405, 31896
2026/09/25 17:47:09.416, 1, 6.91, 0, 180, 405, 31366
2026/09/25 17:47:09.666, 0, 16.27, 0, 210, 405, 31896
2026/09/25 17:47:09.666, 1, 7.03, 0, 180, 405, 31366
2026/09/25 17:47:09.916, 0, 16.27, 0, 210, 405, 31896
2026/09/25 17:47:09.916, 1, 7.03, 0, 180, 405, 31366
2026/09/25 17:47:10.167, 0, 16.27, 0, 210, 405, 31896
2026/09/25 17:47:10.167, 1, 7.03, 0, 180, 405, 31366
2026/09/25 17:47:10.417, 0, 16.27, 0, 210, 405, 31896
2026/09/25 17:47:10.417, 1, 7.03, 0, 180, 405, 31366
2026/09/25 17:47:10.667, 0, 16.28, 0, 210, 405, 31896
2026/09/25 17:47:10.667, 1, 7.53, 0, 180, 405, 31366
2026/09/25 17:47:10.917, 0, 16.28, 0, 210, 405, 31896
2026/09/25 17:47:10.917, 1, 7.53, 0, 180, 405, 31366
2026/09/25 17:47:11.167, 0, 16.28, 0, 210, 405, 31896
2026/09/25 17:47:11.167, 1, 7.53, 0, 180, 405, 31366
2026/09/25 17:47:11.417, 0, 16.28, 0, 210, 405, 31896
2026/09/25 17:47:11.417, 1, 7.53, 0, 180, 405, 31366
2026/09/25 17:47:11.667, 0, 16.32, 0, 210, 405, 31896
2026/09/25 17:47:11.668, 1, 7.37, 0, 180, 405, 31366
2026/09/25 17:47:11.918, 0, 16.32, 0, 210, 405, 31896
2026/09/25 17:47:11.918, 1, 7.37, 0, 180, 405, 31366
2026/09/25 17:47:12.168, 0, 16.32, 0, 210, 405, 31896
2026/09/25 17:47:12.168, 1, 7.37, 0, 180, 405, 31366
2026/09/25 17:47:12.418, 0, 16.32, 0, 210, 405, 31896
2026/09/25 17:47:12.418, 1, 7.37, 0, 180, 405, 31366
2026/09/25 17:47:12.668, 0, 16.37, 0, 210, 405, 31896
2026/09/25 17:47:12.668, 1, 7.19, 0, 180, 405, 31366
2026/09/25 17:47:12.918, 0, 16.37, 0, 210, 405, 31896
2026/09/25 17:47:12.918, 1, 7.19, 0, 180, 405, 31366
2026/09/25 17:47:13.169, 0, 16.37, 0, 210, 405, 31896
2026/09/25 17:47:13.169, 1, 7.19, 0, 180, 405, 31366
2026/09/25 17:47:13.419, 0, 16.37, 0, 210, 405, 31896
2026/09/25 17:47:13.419, 1, 7.19, 0, 180, 405, 31366
2026/09/25 17:47:13.669, 0, 16.36, 0, 210, 405, 31896
2026/09/25 17:47:13.669, 1, 7.26, 0, 180, 405, 31366
2026/09/25 17:47:13.919, 0, 16.36, 0, 210, 405, 31896
2026/09/25 17:47:13.919, 1, 7.26, 0, 180, 405, 31366
2026/09/25 17:47:14.169, 0, 16.36, 0, 210, 405, 31896
2026/09/25 17:47:14.169, 1, 7.26, 0, 180, 405, 31366
2026/09/25 17:47:14.419, 0, 16.36, 0, 210, 405, 31896
2026/09/25 17:47:14.419, 1, 7.26, 0, 180, 405, 31366
2026/09/25 17:47:14.670, 0, 16.27, 0, 210, 405, 31896
2026/09/25 17:47:14.670, 1, 7.60, 0, 180, 405, 31366
2026/09/25 17:47:14.920, 0, 16.27, 0, 210, 405, 31896
2026/09/25 17:47:14.920, 1, 7.60, 0, 180, 405, 31366
2026/09/25 17:47:15.170, 0, 16.27, 0, 210, 405, 31896
2026/09/25 17:47:15.170, 1, 7.60, 0, 180, 405, 31366
2026/09/25 17:47:15.420, 0, 16.27, 0, 210, 405, 31896
2026/09/25 17:47:15.420, 1, 7.60, 0, 180, 405, 31366
2026/09/25 17:47:15.670, 0, 15.82, 0, 210, 405, 31896
2026/09/25 17:47:15.670, 1, 7.45, 0, 180, 405, 31366
2026/09/25 17:47:15.920, 0, 15.82, 0, 210, 405, 31896
2026/09/25 17:47:15.920, 1, 7.45, 0, 180, 405, 31366
2026/09/25 17:47:16.171, 0, 15.82, 0, 210, 405, 31896
2026/09/25 17:47:16.171, 1, 7.45, 0, 180, 405, 31366
2026/09/25 17:47:16.421, 0, 15.82, 0, 210, 405, 31896
2026/09/25 17:47:16.421, 1, 7.45, 0, 180, 405, 31366
2026/09/25 17:47:16.671, 0, 15.69, 0, 210, 405, 31896
2026/09/25 17:47:16.671, 1, 7.39, 0, 180, 405, 31366
2026/09/25 17:47:16.921, 0, 15.69, 0, 210, 405, 31896
2026/09/25 17:47:16.921, 1, 7.39, 0, 180, 405, 31366
